GeografischerName_GEN,mean.day_1,mean.day_2,mean.day_3,mean.day_4,mean.day_5,mean.day_6,mean.day_7,mean.day_8,mean.day_9,mean.day_10,mean.day_11,mean.day_12,mean.day_13,mean.day_14,mean.day_15,mean.day_16,mean.day_17,mean.day_18,mean.day_19,mean.day_20,mean.day_21,mean.day_22,mean.day_23,mean.day_24,mean.day_25,mean.day_26,mean.day_27,mean.day_28,mean.day_29,mean.day_30,mean.day_31,mean.day_32,mean.day_33,mean.day_34,mean.day_35,mean.day_36,mean.day_37,mean.day_38,mean.day_39,mean.day_40,mean.day_41,mean.day_42,mean.day_43,mean.day_44,mean.day_45,mean.day_46,mean.day_47,mean.day_48,mean.day_49,mean.day_50,mean.day_51,mean.day_52,mean.day_53,mean.day_54,mean.day_55,mean.day_56,mean.day_57,mean.day_58,mean.day_59,mean.day_60,mean.day_61,mean.day_62,mean.day_63,mean.day_64,mean.day_65,mean.day_66,mean.day_67,mean.day_68,mean.day_69,mean.day_70,mean.day_71,mean.day_72,mean.day_73,mean.day_74,mean.day_75,mean.day_76,mean.day_77,mean.day_78,mean.day_79,mean.day_80,mean.day_81,mean.day_82,mean.day_83,mean.day_84,mean.day_85,mean.day_86,mean.day_87,mean.day_88,mean.day_89,mean.day_90,mean.day_91,mean.day_92,mean.day_93,mean.day_94,mean.day_95,mean.day_96,mean.day_97,mean.day_98,mean.day_99,mean.day_100,mean.day_101,mean.day_102,mean.day_103,mean.day_104,mean.day_105,mean.day_106,mean.day_107,mean.day_108,mean.day_109,mean.day_110,mean.day_111,mean.day_112,mean.day_113,mean.day_114,mean.day_115,mean.day_116,mean.day_117,mean.day_118,mean.day_119,mean.day_120,mean.day_121,mean.day_122,mean.day_123,mean.day_124,mean.day_125,mean.day_126,mean.day_127,mean.day_128,mean.day_129,mean.day_130,mean.day_131,mean.day_132,mean.day_133,mean.day_134,mean.day_135,mean.day_136,mean.day_137,mean.day_138,mean.day_139,mean.day_140,mean.day_141,mean.day_142,mean.day_143,mean.day_144,mean.day_145,mean.day_146,mean.day_147,mean.day_148,mean.day_149,mean.day_150,mean.day_151,mean.day_152,mean.day_153,mean.day_154,mean.day_155,mean.day_156,mean.day_157,mean.day_158,mean.day_159,mean.day_160,mean.day_161,mean.day_162,mean.day_163,mean.day_164,mean.day_165,mean.day_166,mean.day_167,mean.day_168,mean.day_169,mean.day_170,mean.day_171,mean.day_172,mean.day_173,mean.day_174,mean.day_175,mean.day_176,mean.day_177,mean.day_178,mean.day_179,mean.day_180,mean.day_181,mean.day_182,mean.day_183,mean.day_184,mean.day_185,mean.day_186,mean.day_187,mean.day_188,mean.day_189,mean.day_190,mean.day_191,mean.day_192,mean.day_193,mean.day_194,mean.day_195,mean.day_196,mean.day_197,mean.day_198,mean.day_199,mean.day_200,mean.day_201,mean.day_202,mean.day_203,mean.day_204,mean.day_205,mean.day_206,mean.day_207,mean.day_208,mean.day_209,mean.day_210,mean.day_211,mean.day_212,mean.day_213,mean.day_214,mean.day_215,mean.day_216,mean.day_217,mean.day_218,mean.day_219,mean.day_220,mean.day_221,mean.day_222,mean.day_223,mean.day_224,mean.day_225,mean.day_226,mean.day_227,mean.day_228,mean.day_229,mean.day_230,mean.day_231,mean.day_232,mean.day_233,mean.day_234,mean.day_235,mean.day_236,mean.day_237,mean.day_238,mean.day_239,mean.day_240,mean.day_241,mean.day_242,mean.day_243,mean.day_244,mean.day_245,mean.day_246,mean.day_247,mean.day_248,mean.day_249,mean.day_250,mean.day_251,mean.day_252,mean.day_253,mean.day_254,mean.day_255,mean.day_256,mean.day_257,mean.day_258,mean.day_259,mean.day_260,mean.day_261,mean.day_262,mean.day_263,mean.day_264,mean.day_265,mean.day_266,mean.day_267,mean.day_268,mean.day_269,mean.day_270,mean.day_271,mean.day_272,mean.day_273,mean.day_274,mean.day_275,mean.day_276,mean.day_277,mean.day_278,mean.day_279,mean.day_280,mean.day_281,mean.day_282,mean.day_283,mean.day_284,mean.day_285,mean.day_286,mean.day_287,mean.day_288,mean.day_289,mean.day_290,mean.day_291,mean.day_292,mean.day_293,mean.day_294,mean.day_295,mean.day_296,mean.day_297,mean.day_298,mean.day_299,mean.day_300,mean.day_301,mean.day_302,mean.day_303,mean.day_304,mean.day_305,mean.day_306,mean.day_307,mean.day_308,mean.day_309,mean.day_310,mean.day_311,mean.day_312,mean.day_313,mean.day_314,mean.day_315,mean.day_316,mean.day_317,mean.day_318,mean.day_319,mean.day_320,mean.day_321,mean.day_322,mean.day_323,mean.day_324,mean.day_325,mean.day_326,mean.day_327,mean.day_328,mean.day_329,mean.day_330,mean.day_331,mean.day_332,mean.day_333,mean.day_334,mean.day_335,mean.day_336,mean.day_337,mean.day_338,mean.day_339,mean.day_340,mean.day_341,mean.day_342,mean.day_343,mean.day_344,mean.day_345,mean.day_346,mean.day_347,mean.day_348,mean.day_349,mean.day_350,mean.day_351,mean.day_352,mean.day_353,mean.day_354,mean.day_355,mean.day_356,mean.day_357,mean.day_358,mean.day_359,mean.day_360,mean.day_361,mean.day_362,mean.day_363,mean.day_364,mean.day_365,ID
Flensburg,0,0,0,0,0,0,0,0,0,0,0,0,0,0,0,0,0,0,0,0,0,0,0,0,0,0,0,0,0,0,0,0,0,0,0,0,0,0,0,0,0,0,0,0,0,0,0,0,0,0,0,0,0,0,0,0,0,0,0,0,0,0,0,0,0,0,0,0,0,0,0,0,0,0,0,0,0,0,0,0,0,0,0,0,0,0,0,0,0,0,0,0,0,0,0,0,0,0,0,0,0,0,0,0,0,0,0,0,0,0,0,0,0,0,0,0,0,0,0,0,0,0,0,0,0,0,0,0,0,0,0,0,0,0,0,0,0,0,0,0,0,0,0,0,0,0,0,0,0,0,0,0,0,0,0,0,0,0,0,0,0,0,0,0,0,0,0,0,0,0,0,0,0,0,0,0,0,0,0,0,0,0,0,0,0,0,0,0,0,0,0,0,0,0,0,0,0,0,0,0,0,0,0,0,0,0,0,0,0,0,0,0,0,0,0,0,0,0,0,0,0,0,0,0,0,0,0,0,0,0,0,0,0,0,0,0,0,0,0,0,0,0,0,0,0,0,0,0,0,0,0,0,0,0,0,0,0,0,0,0,0,0,0,0,0,0,0,0,0,0,0,0,0,0,0,0,0,0,0,0,0,0,0,0,0,0,0,0,0,0,0,0,0,0,0,0,0,0,0,0,0,0,0,0,0,0,0,0,0,0,0,0,0,0,0,0,0,0,0,0,0,0,0,0,0,0,0,0,0,0,0,0,0,0,0,0,0,0,0,0,0,0,0,0,0,0,0,0,0,0,0,0,0,0,0,0,0,0,0,0,0,0,0,0,0,1
Kiel,0,0,0,0,0,0,0,0,0,0,0,0,0,0,0,0,0,0,0,0,0,0,0,0,0,0,0,0,0,0,0,0,0,0,0,0,0,0,0,0,0,0,0,0,0,0,0,0,0,0,0,0,0,0,0,0,0,0,0,0,0,0,0,0,0,0,0,0,0,0,0,0,0,0,0,0,0,0,0,0,0,0,0,0,0,0,0,0,0,0,0,0,0,0,0,0,0,0,0,0,0,0,0,0,0,0,0,0,0,0,0,0,0,0,0,0,0,0,0,0,0,0,0,0,0,0,0,0,0,0,0,0,0,0,0,0,0,0,0,0,0,0,0,0,0,0,0,0,0,0,0,0,0,0,0,0,0,0,0,0,0,0,0,0.00067703309468925,0.00069286540383473,0,0,0,0,0,0,0,0,0,0,0,0,0,0,0,0,0,0,0,0,0.0105256950482726,0,0,0.0293615460395813,0.0309239123016596,0.0359584912657738,0.0290582273155451,0.0379825197160244,0.0420858263969421,0.0483117066323757,0.0527354963123798,0.0600464902818203,0.0390348546206951,0,0.0697411149740219,0.046395368874073,0.0739909932017326,0.135499373078346,0.126446977257729,0.130537509918213,0.106784909963608,0,0,0.0563668049871922,0.0632382929325104,0.0764651373028755,0.107353925704956,0.109388522803783,0.140985533595085,0.141909390687943,0.128918960690498,0.121783025562763,0.110000364482403,0.0985623598098755,0.130500599741936,0.115022830665112,0.157687738537788,0.143091946840286,0.142384648323059,0.133438870310783,0.123221285641193,0.142960831522942,0.18803870677948,0.190429523587227,0.200944989919662,0.205839797854424,0.205732405185699,0.187058329582214,0.145475476980209,0.0982913747429848,0.117643274366856,0.122077941894531,0.0835658684372902,0.098053514957428,0.193531334400177,0.216481685638428,0.202217265963554,0.184223040938377,0.176325663924217,0.115964971482754,0.157138615846634,0.122115530073643,0.107862897217274,0.0883782282471657,0.0892551019787788,0.101883940398693,0.176994279026985,0.180504754185677,0.148629635572433,0.11853438615799,0.123312063515186,0.103640988469124,0.132889702916145,0.196216374635696,0.196102157235146,0.141183391213417,0.160360977053642,0.0735039263963699,0.0770551860332489,0.0914859473705292,0.11613042652607,0,0.0947142690420151,0.113329291343689,0.140899926424026,0.0808984339237213,0,0,0.0900656208395958,0,0.107406936585903,0.131953924894333,0.124590396881104,0.127556055784225,0.0785364881157875,0.074883833527565,0,0,0,0.0905910432338715,0.145883440971375,0.162068873643875,0.144475162029266,0.15956999361515,0.143816933035851,0.033726628869772,0.0814276784658432,0.0988243520259857,0.100734643638134,0,0,0,0,0,0,0,0,0.0994693338871002,0.121887274086475,0.123173803091049,0,0,0,0,0,0.111118771135807,0,0,0,0,0,0,0,0,0,0,0,0,0,0,0,0,0.0542744211852551,0,0,0,0,0,0,0,0,0,0,0,0,0,0,0,0,0,0,0,0,0,0,0,0,0,0,0,0,0,0,0,0,0,0,0,0,0,2
Lübeck,0,0,0,0,0,0,0,0,0,0,0,0,0,0,0,0,0,0,0,0,0,0,0,0,0,0,0,0,0,0,0,0,0,0,0,0,0,0,0,0,0,0,0,0,0,0,0,0,0,0,0,0,0,0,0,0,0,0,0,0,0,0,0,0,0,0,0,0,0,0,0,0,0,0,0,0,0,0,0,0,0,0,0,0,0,0,0,0,0,0,0,0,0,0,0,0,0,0,0,0,0,0,0,0,0,0,0,0,0,0,0,0,0,0,0,0,0,0,0,0,0,0,0,0,0,0,0,0,0,0,0,0,0,0,0,0,0,0,0,0,0,0,0,0,0,0,0,0,0,0,0,0,0,0,0,0,0,0,0,0,0,0,0,8.68815841386095e-05,9.42230253713205e-05,0,0,0,0,0,0,0,0,0,0,0,0,0,0,0,0,0,0,0,0,0,0,0.00175241997931153,0.0038917176425457,0.00367050338536501,0.00410043867304921,0.00351376691833138,0.00453620869666338,0.00457743648439646,0.00494757201522589,0.00580068863928318,0.00704521965235472,0.00490986509248614,0.00315607152879238,0.00837452989071608,0.00535171944648027,0.00882846582680941,0.0148146618157625,0.0149262314662337,0.0154558112844825,0.0137427896261215,0.00756732001900673,0.00431855348870158,0.00733665376901627,0.00888923462480307,0.00886468216776848,0.0110504785552621,0.0129486527293921,0.016718776896596,0.0162403676658869,0.013948991894722,0.0124534862115979,0.0134013006463647,0.0111932288855314,0.01556047052145,0.0137778790667653,0.0175033789128065,0.0168810095638037,0.0173391401767731,0.0139251034706831,0.0148594547063112,0.0169882085174322,0.0204698909074068,0.0204064007848501,0.0214415360242128,0.021465377882123,0.0231129825115204,0.0216743033379316,0.018141508102417,0.0110381981357932,0.0148958992213011,0.0155373942106962,0.0129993576556444,0.0123946890234947,0.0227710120379925,0.0227623675018549,0.023465184494853,0.022333525121212,0.0205868687480688,0.0160202756524086,0.0184623338282108,0.0140164280310273,0.0126759726554155,0.0111476890742779,0.0122247142717242,0.0144048063084483,0.0201054755598307,0.0205289255827665,0.0166714359074831,0.0144267557188869,0.0149828484281898,0.00964835379272699,0.015713308006525,0.0221494697034359,0.0241613388061523,0.0174185484647751,0.0178321003913879,0.00849617179483175,0.0077873095870018,0.010500374250114,0.0144910896196961,0.0101763643324375,0.0124467937275767,0.0123633341863751,0.0157135892659426,0.00731174042448401,0,0,0.00802197773009539,0,0.0111845526844263,0.0129619091749191,0.0143747832626104,0.0142755126580596,0.00826187245547771,0.0108637325465679,0,0.0075152381323278,0.00681244116276503,0.0107096908614039,0.0144488401710987,0.0170771721750498,0.0161357037723064,0.0174979325383902,0.01582813821733,0,0,0.0104230977594852,0.01089758425951,0,0,0,0,0,0,0,0,0.011343359015882,0.0133165055885911,0.0127163613215089,0,0,0,0,0,0.0123639451339841,0,0,0,0,0,0,0,0,0,0,0,0,0,0,0,0,0.00570878013968468,0,0,0,0,0,0,0,0,0,0,0,0,0,0,0,0,0,0,0,0,0,0,0,0,0,0,0,0,0,0,0,0,0,0,0,0,0,3
Neumünster,0,0,0,0,0,0,0,0,0,0,0,0,0,0,0,0,0,0,0,0,0,0,0,0,0,0,0,0,0,0,0,0,0,0,0,0,0,0,0,0,0,0,0,0,0,0,0,0,0,0,0,0,0,0,0,0,0,0,0,0,0,0,0,0,0,0,0,0,0,0,0,0,0,0,0,0,0,0,0,0,0,0,0,0,0,0,0,0,0,0,0,0,0,0,0,0,0,0,0,0,0,0,0,0,0,0,0,0,0,0,0,0,0,0,0,0,0,0,0,0,0,0,0,0,0,0,0,0,0,0,0,0,0,0,0,0,0,0,0,0,0,0,0,0,0,0,0,0,0,0,0,0,0,0,0,0,0,0,0,0,0,0,0,0.00213378202170134,0.00209815939888358,0,0,0,0,0,0,0,0,0,0,0,0,0,0,0,0,0,0,0,0,0.0358803197741508,0.0336413122713566,0.0443933308124542,0.0873872265219688,0.103031054139137,0.118467405438423,0.0924396887421608,0.119996391236782,0.135808438062668,0.145161539316177,0.152608707547188,0.174751505255699,0.120373569428921,0,0.208618253469467,0.135881990194321,0.230768576264381,0.41446840763092,0.39237904548645,0.386699557304382,0.31092831492424,0,0,0.174622476100922,0.193951621651649,0.211030200123787,0.322394877672195,0.342497438192368,0.442087709903717,0.408129662275314,0.347143083810806,0.35901540517807,0.322556287050247,0.270193815231323,0.382691353559494,0.32269561290741,0.457449972629547,0.415051132440567,0.420478731393814,0.369635075330734,0.360268086194992,0.430232286453247,0.554913818836212,0.573578298091888,0.579644501209259,0.585771977901459,0.569967269897461,0.526839435100555,0.430470079183578,0.265717744827271,0.317068547010422,0.373137354850769,0.249759167432785,0.273154377937317,0.565074980258942,0.626774668693542,0.575783252716064,0.533027291297913,0.505589246749878,0.347282201051712,0.457722753286362,0.356043696403503,0.311033993959427,0.232100248336792,0.268302828073502,0.262151658535004,0.481976866722107,0.498915255069733,0.408147871494293,0.367035150527954,0.356924831867218,0.277699887752533,0.40028303861618,0.571561217308044,0.570962846279144,0.411570489406586,0.463934391736984,0.203221932053566,0.0228251293301582,0.281969487667084,0.36504402756691,0.22748489677906,0.274363487958908,0.294629812240601,0.393086433410645,0.207853823900223,0,0,0.222467452287674,0,0.300361722707748,0.361957103013992,0.340675592422485,0.355245888233185,0.023326164111495,0.0213268250226974,0.120303817093372,0,0,0.251471400260925,0.403613299131393,0.484892576932907,0.414009630680084,0.463496446609497,0.412618041038513,0,0.0237708352506161,0.285380661487579,0.279700756072998,0,0,0,0,0,0,0,0,0.304461717605591,0.367706328630447,0.369293242692947,0,0,0,0,0,0.332787841558456,0,0,0,0,0,0,0,0,0,0,0,0,0,0,0,0,0.164909452199936,0,0,0,0,0,0,0,0,0,0,0,0,0,0,0,0,0,0,0,0,0,0,0,0,0,0,0,0,0,0,0,0,0,0,0,0,0,4
Dithmarschen,0,0,0,0,0,0,0,0,0,0,0,0,0,0,0,0,0,0,0,0,0,0,0,0,0,0,0,0,0,0,0,0,0,0,0,0,0,0,0,0,0,0,0,0,0,0,0,0,0,0,0,0,0,0,0,0,0,0,0,0,0,0,0,0,0,0,0,0,0,0,0,0,0,0,0,0,0,0,0,0,0,0,0,0,0,0,0,0,0,0,0,0,0,0,0,0,0,0,0,0,0,0,0,0,0,0,0,0,0,0,0,0,0,0,0,0,0,0,0,0,0,0,0,0,0,0,0,0,0,0,0,0,0,0,0,0,0,0,0,0,0,0,0,0,0,0,0,0,0,0,0,0,0,0,0,0,0,0,0,0,0,0,0,0.00181088282261044,0.00159795593935996,0,0,0,0,0,0,0,0,0,0,0,0,0,0,0,0,0,0,0,0,0.0230194181203842,0.025768768042326,0.0204457268118858,0.0389987267553806,0.0487415976822376,0.0561392828822136,0.0449569150805473,0.0515441671013832,0.0586163960397243,0.0687035545706749,0.0742789283394814,0.0827915370464325,0.053577933460474,0.0148375453427434,0.0928173810243607,0.0451256297528744,0.114373631775379,0.202159851789474,0.18487149477005,0.16285365819931,0.124909944832325,0,0,0.0329343862831593,0.0174698438495398,0.100363053381443,0.165332451462746,0.138843238353729,0.198174118995667,0.19709974527359,0.167267516255379,0.178523615002632,0.149643048644066,0.1244932487607,0.173776715993881,0.151407703757286,0.200146064162254,0.177051782608032,0.199725538492203,0.17723423242569,0.164099916815758,0.201031818985939,0.261759787797928,0.263013809919357,0.277624577283859,0.268496453762054,0.245712533593178,0.229363903403282,0.195043489336967,0.130973473191261,0.142907738685608,0.173483297228813,0.139125794172287,0.139606833457947,0.255454510450363,0.297402888536453,0.274822980165482,0.244197174906731,0.229495957493782,0.161381766200066,0.217346429824829,0.157268583774567,0.1511000841856,0.127389341592789,0.115645125508308,0.133565306663513,0.206176713109016,0.215605795383453,0.191565930843353,0.158129751682281,0.155695661902428,0.138810634613037,0.194131597876549,0.254571110010147,0.24083411693573,0.183372899889946,0.214826196432114,0.0939209833741188,0.101432882249355,0.143808007240295,0.15455886721611,0.0889532640576363,0.153486534953117,0.124988496303558,0.17938120663166,0.145917534828186,0,0,0.101373001933098,0.111297577619553,0.139715597033501,0.181637793779373,0.12869493663311,0.148700892925262,0.112468145787716,0.09744843095541,0.112842507660389,0,0,0.133588761091232,0.211250618100166,0.232421711087227,0.219378009438515,0.205895721912384,0.181781902909279,0.0977238416671753,0.119683764874935,0.13329790532589,0.133726850152016,0,0,0,0,0,0,0.0322276540100574,0.066197507083416,0.138033702969551,0.156201258301735,0.15165488421917,0,0,0,0,0,0.113497979938984,0,0,0,0,0,0,0,0,0,0,0,0,0,0,0,0,0.0617216825485229,0,0,0,0,0,0,0,0,0,0,0,0,0,0,0,0,0,0,0,0,0,0,0,0,0,0,0,0,0,0,0,0,0,0,0,0,0,5
Herzogtum Lauenburg,0,0,0,0,0,0,0,0,0,0,0,0,0,0,0,0,0,0,0,0,0,0,0,0,0,0,0,0,0,0,0,0,0,0,0,0,0,0,0,0,0,0,0,0,0,0,0,0,0,0,0,0,0,0,0,0,0,0,0,0,0,0,0,0,0,0,0,0,0,0,0,0,0,0,0,0,0,0,0,0,0,0,0,0,0,0,0,0,0,0,0,0,0,0,0,0,0,0,0,0,0,0,0,0,0,0,0,0,0,0,0,0,0,0,0,0,0,0,0,0,0,0,0,0,0,0,0,0,0,0,0,0,0,0,0,0,0,0,0,0,0,0,0,0,0,0,0,0,0,0,0,0,0,0,0,0,0,0,0,0,0,0,0,0.0026214849203825,0.00273798662237823,0,0,0,0,0,0,0,0,0,0,0,0,0,0,0,0,0,0,0,0,0.0145906433463097,0.0403597243130207,0.0561656728386879,0.0875290557742119,0.0993630886077881,0.107043519616127,0.0845345705747604,0.104515016078949,0.118517056107521,0.131210803985596,0.153039336204529,0.168122217059135,0.115800641477108,0.0508967936038971,0.195120021700859,0.149553686380386,0.230387642979622,0.35583832859993,0.365460723638535,0.36357581615448,0.311057150363922,0.171891540288925,0.0675304755568504,0.167978793382645,0.204541429877281,0.209432944655418,0.27300438284874,0.335573226213455,0.413717001676559,0.371199041604996,0.278158605098724,0.244657963514328,0.300614088773727,0.265487611293793,0.362841844558716,0.299799859523773,0.394270658493042,0.374129951000214,0.372714251279831,0.298955768346786,0.325678169727325,0.404541701078415,0.474191457033157,0.495819598436356,0.477104783058167,0.484956800937653,0.489175468683243,0.469449162483215,0.403249263763428,0.23873171210289,0.2931107878685,0.338333576917648,0.270438551902771,0.252802073955536,0.507452487945557,0.546480119228363,0.513506829738617,0.486847758293152,0.441186904907227,0.371668934822083,0.411195039749146,0.313852339982986,0.295794486999512,0.179078012704849,0.284120470285416,0.300805509090424,0.426455974578857,0.417304277420044,0.359271198511124,0.303065061569214,0.298719644546509,0.124152906239033,0.353285551071167,0.50308483839035,0.536278009414673,0.407417625188828,0.434357285499573,0.173882186412811,0,0.234590262174606,0.295952349901199,0.217462703585625,0.283128768205643,0.245144069194794,0.333710223436356,0.0130889276042581,0,0,6.64651743136346e-05,0,0.228180289268494,0.274075984954834,0.286372780799866,0.343406856060028,0,0.113339714705944,0,0,0,0.229105561971664,0.32230618596077,0.411824941635132,0.395681142807007,0.390156447887421,0.33383047580719,0,0.204458579421043,0.243125662207603,0.226120442152023,0,0,0,0,0,0,0,0,0.264141798019409,0.323516815900803,0.304090619087219,0,0,0,0,0,0.282509326934814,0,0,0,0,0,0,0,0,0,0,0,0,0,0,0,0,0.132013082504272,0,0,0,0,0,0,0,0,0,0,0,0,0,0,0,0,0,0,0,0,0,0,0,0,0,0,0,0,0,0,0,0,0,0,0,0,0,6
Nordfriesland,0,0,0,0,0,0,0,0,0,0,0,0,0,0,0,0,0,0,0,0,0,0,0,0,0,0,0,0,0,0,0,0,0,0,0,0,0,0,0,0,0,0,0,0,0,0,0,0,0,0,0,0,0,0,0,0,0,0,0,0,0,0,0,0,0,0,0,0,0,0,0,0,0,0,0,0,0,0,0,0,0,0,0,0,0,0,0,0,0,0,0,0,0,0,0,0,0,0,0,0,0,0,0,0,0,0,0,0,0,0,0,0,0,0,0,0,0,0,0,0,0,0,0,0,0,0,0,0,0,0,0,0,0,0,0,0,0,0,0,0,0,0,0,0,0,0,0,0,0,0,0,0,0,0,0,0,0,0,0,0,0,0,0,0.00222738669253886,0.00133555138017982,0,0,0,0,0,0,0,0,0,0,0,0,0,0,0,0,0,0,0,0,0.0110652120783925,0.02545708976686,0.00495245028287172,0.0539069660007954,0.0621272772550583,0.0736933350563049,0.0638485625386238,0.0656379908323288,0.0665336921811104,0.0865042805671692,0.103501468896866,0.116082318127155,0.0702563226222992,0.0142971090972424,0.119669869542122,0.009993108920753,0.149031922221184,0.295442432165146,0.264797449111938,0.22448505461216,0.158713862299919,0,0,0.00175496004521847,0.00188488815911114,0.123372077941895,0.230059996247292,0.178477376699448,0.276116400957108,0.294461965560913,0.251827031373978,0.266664117574692,0.215671226382256,0.189521744847298,0.247969254851341,0.220080509781837,0.294315367937088,0.268695533275604,0.293781936168671,0.272257655858994,0.234651446342468,0.294064939022064,0.401594966650009,0.398632735013962,0.437808692455292,0.416312664747238,0.393289387226105,0.349048435688019,0.285920649766922,0.204144179821014,0.234300181269646,0.23022934794426,0.217101082205772,0.234528034925461,0.397555828094482,0.463266581296921,0.427680760622025,0.368927419185638,0.353437125682831,0.224777728319168,0.344592899084091,0.239981651306152,0.247644513845444,0.196088939905167,0.187211364507675,0.176229611039162,0.315315932035446,0.356093466281891,0.300419688224792,0.243788972496986,0.256103336811066,0.233194470405579,0.294901877641678,0.378360062837601,0.363182485103607,0.30714163184166,0.337187081575394,0.0298916660249233,0.208506241440773,0.199213489890099,0.231238260865211,0.04774284735322,0.230556279420853,0.227710247039795,0.267710089683533,0.201110541820526,0.0375739075243473,0.0348144024610519,0.163219004869461,0.191068425774574,0.223691016435623,0.284291982650757,0.189574927091599,0.229397162795067,0.202420562505722,0.169097900390625,0.158015862107277,0,0,0.179399415850639,0.349847733974457,0.346397876739502,0.343189626932144,0.334351092576981,0.285721808671951,0.170403301715851,0.190795809030533,0.220370441675186,0.215985506772995,0,0,0,0,0,0,0.134435907006264,0.109241113066673,0.197351023554802,0.213986560702324,0.226310223340988,0,0,0,0,0,0.135767459869385,0,0,0,0,0,0,0,0,0,0,0,0,0,0,0,0,0.0217850636690855,0,0,0,0,0,0,0,0,0,0,0,0,0,0,0,0,0,0,0,0,0,0,0,0,0,0,0,0,0,0,0,0,0,0,0,0,0,7
Ostholstein,0,0,0,0,0,0,0,0,0,0,0,0,0,0,0,0,0,0,0,0,0,0,0,0,0,0,0,0,0,0,0,0,0,0,0,0,0,0,0,0,0,0,0,0,0,0,0,0,0,0,0,0,0,0,0,0,0,0,0,0,0,0,0,0,0,0,0,0,0,0,0,0,0,0,0,0,0,0,0,0,0,0,0,0,0,0,0,0,0,0,0,0,0,0,0,0,0,0,0,0,0,0,0,0,0,0,0,0,0,0,0,0,0,0,0,0,0,0,0,0,0,0,0,0,0,0,0,0,0,0,0,0,0,0,0,0,0,0,0,0,0,0,0,0,0,0,0,0,0,0,0,0,0,0,0,0,0,0,0,0,0,0,0,0.000564755639061332,0.000584447290748358,0,0,0,0,0,0,0,0,0,0,0,0,0,0,0,0,0,0,0,0,0,0,0.00162528525106609,0.0273573156446218,0.0247202794998884,0.0280384887009859,0.023457420989871,0.0315160304307938,0.0334883332252502,0.0380080826580524,0.0453252345323563,0.0547087825834751,0.0369695276021957,0,0.0650508552789688,0.0406975410878658,0.0669701620936394,0.115522511303425,0.111562594771385,0.121149137616158,0.105692192912102,0.0213251356035471,0,0.0528799407184124,0.0632301792502403,0.0665276199579239,0.0909999832510948,0.0954487845301628,0.12652713060379,0.131432205438614,0.122161455452442,0.111111700534821,0.106224656105042,0.0920836627483368,0.123108074069023,0.108671426773071,0.144562318921089,0.136523693799973,0.135569840669632,0.121751673519611,0.117135010659695,0.131574630737305,0.16655544936657,0.167035236954689,0.175330489873886,0.182721629738808,0.192420288920403,0.175820976495743,0.141131371259689,0.0937833413481712,0.118838921189308,0.116227254271507,0.0937733203172684,0.0978315845131874,0.178584635257721,0.183397859334946,0.186874121427536,0.172453746199608,0.162452399730682,0.107660830020905,0.143988072872162,0.116947308182716,0.102667927742004,0.0902151539921761,0.0885010808706284,0.108604542911053,0.160673812031746,0.167091429233551,0.132186278700829,0.108013160526752,0.116203993558884,0.0880797654390335,0.12727963924408,0.17711566388607,0.188036784529686,0.136662602424622,0.144030272960663,0.0695729330182076,0.070700116455555,0.079417809844017,0.108369044959545,0.059465616941452,0.0838361084461212,0.105721041560173,0.122366681694984,0.0520453825592995,0,0,0.0731756463646889,0,0.0943746939301491,0.112288035452366,0.115709945559502,0.111311860382557,0.073562316596508,0.08929742872715,0.0542438104748726,0.0696028172969818,0.0533754713833332,0.0752699822187424,0.122911840677261,0.137822598218918,0.12277115881443,0.137995943427086,0.126976877450943,0.0510296896100044,0.0711536705493927,0.0823971107602119,0.0877328366041183,0,0,0,0,0,0,0,0,0.084187239408493,0.0978480726480484,0.102198094129562,0,0,0,0,0,0.0964434444904327,0,0,0,0,0,0,0,0,0,0,0,0,0,0,0,0,0.0432387180626392,0,0,0,0,0,0,0,0,0,0,0,0,0,0,0,0,0,0,0,0,0,0,0,0,0,0,0,0,0,0,0,0,0,0,0,0,0,8
Pinneberg,0,0,0,0,0,0,0,0,0,0,0,0,0,0,0,0,0,0,0,0,0,0,0,0,0,0,0,0,0,0,0,0,0,0,0,0,0,0,0,0,0,0,0,0,0,0,0,0,0,0,0,0,0,0,0,0,0,0,0,0,0,0,0,0,0,0,0,0,0,0,0,0,0,0,0,0,0,0,0,0,0,0,0,0,0,0,0,0,0,0,0,0,0,0,0,0,0,0,0,0,0,0,0,0,0,0,0,0,0,0,0,0,0,0,0,0,0,0,0,0,0,0,0,0,0,0,0,0,0,0,0,0,0,0,0,0,0,0,0,0,0,0,0,0,0,0,0,0,0,0,0,0,0,0,0,0,0,0,0,0,0,0,0,0.00328842061571777,0.00317866425029933,0,0,0,0,0,0,0,0,0,0,0,0,0,0,0,0,0,0,0,0,0.0501791574060917,0.0603098757565022,0.0793813541531563,0.10608871281147,0.139216870069504,0.15070915222168,0.111533246934414,0.131912857294083,0.172251001000404,0.182386875152588,0.18945200741291,0.210659503936768,0.148136287927628,0.000109909859020263,0.258609116077423,0.164212465286255,0.309884518384933,0.504281640052795,0.487342804670334,0.47335484623909,0.385897219181061,0,0,0.228849843144417,0.251694053411484,0.262539654970169,0.408632725477219,0.444957405328751,0.568376481533051,0.487516462802887,0.39935827255249,0.386989921331406,0.397589325904846,0.320213168859482,0.481684297323227,0.397198647260666,0.563334584236145,0.511606812477112,0.526254177093506,0.439595937728882,0.436145186424255,0.537137866020203,0.672190189361572,0.706902384757996,0.683275699615479,0.689038991928101,0.639391303062439,0.612534463405609,0.536177396774292,0.33010259270668,0.363779664039612,0.466020584106445,0.362317442893982,0.277617007493973,0.68645042181015,0.781520128250122,0.707660973072052,0.66653835773468,0.634523570537567,0.508375942707062,0.579082787036896,0.438744187355042,0.383252948522568,0.277565062046051,0.36543408036232,0.334312826395035,0.556075930595398,0.570550382137299,0.493282467126846,0.45801368355751,0.449073731899261,0.339648872613907,0.484152883291245,0.692335069179535,0.708357214927673,0.540350198745728,0.603216588497162,0.257897108793259,0.00024302133533638,0.34722363948822,0.42850387096405,0.3391173183918,0.381031572818756,0.373381227254868,0.486537218093872,0.0920464023947716,0,0,0.0539731867611408,0.181759774684906,0.348529100418091,0.435503035783768,0.373906880617142,0.42841774225235,0.000220338595681824,0.000236003776080906,0.227111861109734,0,0,0.319133996963501,0.498830944299698,0.60316413640976,0.541567146778107,0.572723269462585,0.489960342645645,0,0.0510353073477745,0.370213389396667,0.336765974760056,0,0,0,0,0,0,0,0.000207286109798588,0.405694186687469,0.485499858856201,0.474959641695023,0,0,0,0,0,0.423225939273834,0,0,0,0,0,0,0,0,0,0,0,0,0,0,0,0,0.222217619419098,0,0,0,0,0,0,0,0,0,0,0,0,0,0,0,0,0,0,0,0,0,0,0,0,0,0,0,0,0,0,0,0,0,0,0,0,0,9
Plön,0,0,0,0,0,0,0,0,0,0,0,0,0,0,0,0,0,0,0,0,0,0,0,0,0,0,0,0,0,0,0,0,0,0,0,0,0,0,0,0,0,0,0,0,0,0,0,0,0,0,0,0,0,0,0,0,0,0,0,0,0,0,0,0,0,0,0,0,0,0,0,0,0,0,0,0,0,0,0,0,0,0,0,0,0,0,0,0,0,0,0,0,0,0,0,0,0,0,0,0,0,0,0,0,0,0,0,0,0,0,0,0,0,0,0,0,0,0,0,0,0,0,0,0,0,0,0,0,0,0,0,0,0,0,0,0,0,0,0,0,0,0,0,0,0,0,0,0,0,0,0,0,0,0,0,0,0,0,0,0,0,0,0,0.00150226487312466,0.00156636931933463,0,0,0,0,0,0,0,0,0,0,0,0,0,0,0,0,0,0,0,0,0.0135914515703917,0.00264092069119215,0.0041558500379324,0.0683428272604942,0.0698934346437454,0.0809117034077644,0.0644557625055313,0.0861530974507332,0.0944369584321976,0.108594655990601,0.120916463434696,0.139004483819008,0.0916515812277794,0,0.162093833088875,0.110025152564049,0.172067910432816,0.30734446644783,0.289422333240509,0.304626792669296,0.252810746431351,0.000553665857296437,0,0.134733632206917,0.151869937777519,0.175081878900528,0.243347391486168,0.253449290990829,0.328043788671494,0.329481869935989,0.300279408693314,0.280264437198639,0.257435530424118,0.230364799499512,0.306339621543884,0.269980758428574,0.368828654289246,0.337395161390305,0.334000617265701,0.313410729169846,0.291056156158447,0.335147112607956,0.435263425111771,0.44039648771286,0.463988810777664,0.476087212562561,0.483788698911667,0.440464228391647,0.345786154270172,0.231224223971367,0.284491002559662,0.291605204343796,0.210012704133987,0.23661233484745,0.455885142087936,0.497893005609512,0.475474864244461,0.436351239681244,0.415123254060745,0.275668859481812,0.368584811687469,0.290044665336609,0.257219970226288,0.212466195225716,0.213582634925842,0.253410458564758,0.41834482550621,0.427926033735275,0.348931580781937,0.283781915903091,0.29750519990921,0.240554645657539,0.313910514116287,0.464417785406113,0.469931274652481,0.341070920228958,0.377437263727188,0.178856432437897,0.171432584524155,0.215835422277451,0.277393996715546,0.0354691259562969,0.221931084990501,0.272327691316605,0.331135898828506,0.171593561768532,0,0,0.211976259946823,0,0.25405690073967,0.30908465385437,0.29583466053009,0.303759753704071,0.17591281235218,0.18485064804554,0.0149634145200253,0.0576959401369095,0.0148495119065046,0.215540260076523,0.336757332086563,0.378166913986206,0.338520020246506,0.376391589641571,0.342853546142578,0.124888531863689,0.182146728038788,0.233307629823685,0.237943857908249,0,0,0,0,0,0,0,0,0.235702991485596,0.288652211427689,0.29073092341423,0,0,0,0,0,0.266049414873123,0,0,0,0,0,0,0,0,0,0,0,0,0,0,0,0,0.130292564630508,0,0,0,0,0,0,0,0,0,0,0,0,0,0,0,0,0,0,0,0,0,0,0,0,0,0,0,0,0,0,0,0,0,0,0,0,0,10
Rendsburg-Eckernförde,0,0,0,0,0,0,0,0,0,0,0,0,0,0,0,0,0,0,0,0,0,0,0,0,0,0,0,0,0,0,0,0,0,0,0,0,0,0,0,0,0,0,0,0,0,0,0,0,0,0,0,0,0,0,0,0,0,0,0,0,0,0,0,0,0,0,0,0,0,0,0,0,0,0,0,0,0,0,0,0,0,0,0,0,0,0,0,0,0,0,0,0,0,0,0,0,0,0,0,0,0,0,0,0,0,0,0,0,0,0,0,0,0,0,0,0,0,0,0,0,0,0,0,0,0,0,0,0,0,0,0,0,0,0,0,0,0,0,0,0,0,0,0,0,0,0,0,0,0,0,0,0,0,0,0,0,0,0,0,0,0,0,0,0.00138040690217167,0.00134110427461565,0,0,0,0,0,0,0,0,0,0,0,0,0,0,0,0,0,0,0,0,0.0262137576937675,0.0238419007509947,0.0171702578663826,0.0546261928975582,0.0621117800474167,0.0723708048462868,0.0602706745266914,0.0742118433117867,0.0833590775728226,0.0923844948410988,0.0981060639023781,0.111207716166973,0.0727677494287491,0.0138268088921905,0.128549546003342,0.0766135305166245,0.141784876585007,0.266342461109161,0.24509409070015,0.234460607171059,0.185956552624702,0,0,0.0881220772862434,0.104592099785805,0.142693564295769,0.212277308106422,0.199789389967918,0.260416597127914,0.264987975358963,0.230788663029671,0.23349192738533,0.20609550178051,0.174136728048325,0.234446361660957,0.203228712081909,0.278497010469437,0.248917385935783,0.260545372962952,0.228939905762672,0.219368979334831,0.261109232902527,0.3475621342659,0.35133108496666,0.371636509895325,0.374476343393326,0.354744583368301,0.326007217168808,0.258109509944916,0.174378901720047,0.190237313508987,0.222388029098511,0.147785171866417,0.169898331165314,0.339812994003296,0.398133486509323,0.363740652799606,0.326200813055038,0.312535762786865,0.213579744100571,0.289039343595505,0.215887889266014,0.189429625868797,0.158777326345444,0.156472578644753,0.162608310580254,0.299651712179184,0.308951139450073,0.259397327899933,0.209787413477898,0.207928672432899,0.18017141520977,0.244785517454147,0.340250998735428,0.335295438766479,0.236207753419876,0.284235209226608,0.104187168180943,0.108432434499264,0.170301660895348,0.206044971942902,0.0545300021767616,0.178177043795586,0.182000756263733,0.242257937788963,0.157212138175964,0,0,0.142603188753128,0.0904805585741997,0.187431454658508,0.234966307878494,0.20076809823513,0.210007727146149,0.117630079388618,0.0650677755475044,0.0777303352952003,0,0,0.147095903754234,0.26240399479866,0.296306192874908,0.267741680145264,0.279984831809998,0.244845151901245,0.0577527582645416,0.127470672130585,0.173128709197044,0.176575183868408,0,0,0,0,0,0,0,0.00598226534202695,0.179190307855606,0.206392094492912,0.211511358618736,0,0,0,0,0,0.184694737195969,0,0,0,0,0,0,0,0,0,0,0,0,0,0,0,0,0.0938542261719704,0,0,0,0,0,0,0,0,0,0,0,0,0,0,0,0,0,0,0,0,0,0,0,0,0,0,0,0,0,0,0,0,0,0,0,0,0,11
Schleswig-Flensburg,0,0,0,0,0,0,0,0,0,0,0,0,0,0,0,0,0,0,0,0,0,0,0,0,0,0,0,0,0,0,0,0,0,0,0,0,0,0,0,0,0,0,0,0,0,0,0,0,0,0,0,0,0,0,0,0,0,0,0,0,0,0,0,0,0,0,0,0,0,0,0,0,0,0,0,0,0,0,0,0,0,0,0,0,0,0,0,0,0,0,0,0,0,0,0,0,0,0,0,0,0,0,0,0,0,0,0,0,0,0,0,0,0,0,0,0,0,0,0,0,0,0,0,0,0,0,0,0,0,0,0,0,0,0,0,0,0,0,0,0,0,0,0,0,0,0,0,0,0,0,0,0,0,0,0,0,0,0,0,0,0,0,0,0.00107160827610642,0.00099754030816257,0,0,0,0,0,0,0,0,0,0,0,0,0,0,0,0,0,0,0,0,0.0147316791117191,0.0168390702456236,0.000541989866178483,0.0309787299484015,0.0343510434031487,0.0404251292347908,0.0359799638390541,0.0413929261267185,0.0447347983717918,0.0528806261718273,0.0595444440841675,0.0659346729516983,0.0410780757665634,0.0242899768054485,0.0711984932422638,0.0329277329146862,0.0815088227391243,0.161397784948349,0.146231338381767,0.131408914923668,0.0978364199399948,0,0,0.0117896012961864,0.0186036694794893,0.0805316716432571,0.12931752204895,0.107691876590252,0.148989289999008,0.161486238241196,0.13931080698967,0.142744541168213,0.123101852834225,0.106788583099842,0.137448534369469,0.121485307812691,0.158758863806725,0.142127051949501,0.156207770109177,0.138422027230263,0.128271818161011,0.155658006668091,0.210183650255203,0.209650084376335,0.230640068650246,0.229188948869705,0.214458853006363,0.191588133573532,0.151247218251228,0.107657976448536,0.113121658563614,0.123456530272961,0.100869745016098,0.111172646284103,0.201364308595657,0.243606835603714,0.224282205104828,0.195144534111023,0.186376333236694,0.119648933410645,0.180548638105392,0.125012546777725,0.117981769144535,0.102566532790661,0.0961178168654442,0.100605674088001,0.17279089987278,0.186603039503098,0.155569389462471,0.121478497982025,0.121052861213684,0.10744658857584,0.152329042553902,0.201251924037933,0.192920967936516,0.141340240836143,0.170830994844437,0.00276074605062604,0.0953859835863113,0.0992058366537094,0.115963779389858,0.00109883886761963,0.114928841590881,0.109127625823021,0.141288429498672,0.113151684403419,0,0,0.0775540396571159,0.086108461022377,0.110962755978107,0.146863058209419,0.106604695320129,0.122155241668224,0.0958001613616943,0.0671936199069023,0.0498325452208519,0,0,0.0889371931552887,0.168375179171562,0.179473146796227,0.173913478851318,0.169896423816681,0.145101428031921,0.0807359218597412,0.0951868966221809,0.105229340493679,0.108775861561298,0,0,0,0,0,0,0.014114118181169,0.0109075158834457,0.106410600244999,0.111956194043159,0.120372638106346,0,0,0,0,0,0.0919819548726082,0,0,0,0,0,0,0,0,0,0,0,0,0,0,0,0,0.031178081408143,0,0,0,0,0,0,0,0,0,0,0,0,0,0,0,0,0,0,0,0,0,0,0,0,0,0,0,0,0,0,0,0,0,0,0,0,0,12
Segeberg,0,0,0,0,0,0,0,0,0,0,0,0,0,0,0,0,0,0,0,0,0,0,0,0,0,0,0,0,0,0,0,0,0,0,0,0,0,0,0,0,0,0,0,0,0,0,0,0,0,0,0,0,0,0,0,0,0,0,0,0,0,0,0,0,0,0,0,0,0,0,0,0,0,0,0,0,0,0,0,0,0,0,0,0,0,0,0,0,0,0,0,0,0,0,0,0,0,0,0,0,0,0,0,0,0,0,0,0,0,0,0,0,0,0,0,0,0,0,0,0,0,0,0,0,0,0,0,0,0,0,0,0,0,0,0,0,0,0,0,0,0,0,0,0,0,0,0,0,0,0,0,0,0,0,0,0,0,0,0,0,0,0,0,0.00200269161723554,0.00200705672614276,0,0,0,0,0,0,0,0,0,0,0,0,0,0,0,0,0,0,0,0,0.0212646890431643,0.0294097773730755,0.0416972823441029,0.0748810544610023,0.0890018567442894,0.0997241884469986,0.0760734230279922,0.0999847203493118,0.114430449903011,0.123526550829411,0.131956845521927,0.149347737431526,0.103199042379856,0.0100561054423451,0.178193166851997,0.122311756014824,0.199361234903336,0.34340226650238,0.332808345556259,0.33111572265625,0.268817722797394,0.00472310138866305,0,0.155144229531288,0.173049718141556,0.176696240901947,0.265797525644302,0.295545756816864,0.374553769826889,0.336852759122849,0.277887940406799,0.280283629894257,0.268477201461792,0.225660070776939,0.32202011346817,0.267690569162369,0.37930029630661,0.345243632793427,0.347269982099533,0.301958441734314,0.295615464448929,0.35500031709671,0.447551548480988,0.466661900281906,0.465267151594162,0.470048427581787,0.46172884106636,0.428909301757813,0.356371194124222,0.212581172585487,0.262169390916824,0.306412667036057,0.21904531121254,0.227028355002403,0.457855582237244,0.503145754337311,0.466181367635727,0.436419904232025,0.409828335046768,0.304568588733673,0.372176051139832,0.280078440904617,0.245914846658707,0.180487051606178,0.222188636660576,0.217704460024834,0.380576372146606,0.390650123357773,0.314046412706375,0.291047722101212,0.289764434099197,0.208150133490562,0.315976589918137,0.45574277639389,0.460697203874588,0.33241930603981,0.367269933223724,0.158558771014214,0,0.215373918414116,0.283647835254669,0.198853641748428,0.220665484666824,0.228900462388992,0.304746448993683,0.06379284709692,0,0,0.152224749326706,0.00317072542384267,0.222100779414177,0.271999806165695,0.25901260972023,0.285616785287857,0,0.0453621484339237,0.0237415973097086,0,0,0.196590378880501,0.300606429576874,0.366169005632401,0.319689750671387,0.352963626384735,0.31125819683075,0,0.027197603136301,0.214116588234901,0.205457702279091,0,0,0,0,0,0,0,0,0.233537286520004,0.285513579845428,0.280379623174667,0,0,0,0,0,0.253565579652786,0,0,0,0,0,0,0,0,0,0,0,0,0,0,0,0,0.124849587678909,0,0,0,0,0,0,0,0,0,0,0,0,0,0,0,0,0,0,0,0,0,0,0,0,0,0,0,0,0,0,0,0,0,0,0,0,0,13
Steinburg,0,0,0,0,0,0,0,0,0,0,0,0,0,0,0,0,0,0,0,0,0,0,0,0,0,0,0,0,0,0,0,0,0,0,0,0,0,0,0,0,0,0,0,0,0,0,0,0,0,0,0,0,0,0,0,0,0,0,0,0,0,0,0,0,0,0,0,0,0,0,0,0,0,0,0,0,0,0,0,0,0,0,0,0,0,0,0,0,0,0,0,0,0,0,0,0,0,0,0,0,0,0,0,0,0,0,0,0,0,0,0,0,0,0,0,0,0,0,0,0,0,0,0,0,0,0,0,0,0,0,0,0,0,0,0,0,0,0,0,0,0,0,0,0,0,0,0,0,0,0,0,0,0,0,0,0,0,0,0,0,0,0,0,0.00210563838481903,0.00202430388890207,0,0,0,0,0,0,0,0,0,0,0,0,0,0,0,0,0,0,0,0,0.0363520346581936,0.0393528267741203,0.0442143343389034,0.0635246708989143,0.0803283080458641,0.0917969793081284,0.0687252059578896,0.0850404351949692,0.100571930408478,0.108697548508644,0.111108675599098,0.124760501086712,0.0861672461032867,0.0391911454498768,0.146418571472168,0.0904217883944511,0.172232672572136,0.293484538793564,0.273267865180969,0.257064402103424,0.207104757428169,0,0,0.119325697422028,0.122479222714901,0.152965247631073,0.236123070120811,0.23022086918354,0.302735596895218,0.279631853103638,0.235865131020546,0.2493497133255,0.221728563308716,0.178095743060112,0.260441392660141,0.221740618348122,0.303037941455841,0.269963204860687,0.286627739667892,0.249574363231659,0.242834061384201,0.29337152838707,0.372770518064499,0.379541873931885,0.383512854576111,0.37900498509407,0.353323638439178,0.337180316448212,0.28693675994873,0.18838557600975,0.203393116593361,0.263887584209442,0.193394154310226,0.182206064462662,0.372168570756912,0.415418088436127,0.38278740644455,0.351883679628372,0.334042102098465,0.241471335291862,0.304772347211838,0.238998800516129,0.215374499559402,0.171351477503777,0.18051640689373,0.193036705255508,0.309034317731857,0.312432825565338,0.279416769742966,0.249189913272858,0.237542718648911,0.202336609363556,0.266742497682571,0.369928687810898,0.361943125724792,0.271795064210892,0.311920046806335,0.158872500061989,0.0669306442141533,0.209528341889381,0.240366339683533,0.186438679695129,0.204883247613907,0.19856122136116,0.265863597393036,0.180002570152283,0,0,0.161041811108589,0.15225413441658,0.208312898874283,0.252092897891998,0.212016969919205,0.220630630850792,0.0888991132378578,0.0886651948094368,0.163311496376991,0,0,0.185022786259651,0.272428214550018,0.322879731655121,0.291573375463486,0.29785630106926,0.263532489538193,0.0187616739422083,0.120011627674103,0.196913495659828,0.191490605473518,0,0,0,0,0,0,0,0.0769104212522507,0.20571431517601,0.237139612436295,0.232207953929901,0,0,0,0,0,0.203034564852715,0,0,0,0,0,0,0,0,0,0,0,0,0,0,0,0,0.108649611473083,0,0,0,0,0,0,0,0,0,0,0,0,0,0,0,0,0,0,0,0,0,0,0,0,0,0,0,0,0,0,0,0,0,0,0,0,0,14
Stormarn,0,0,0,0,0,0,0,0,0,0,0,0,0,0,0,0,0,0,0,0,0,0,0,0,0,0,0,0,0,0,0,0,0,0,0,0,0,0,0,0,0,0,0,0,0,0,0,0,0,0,0,0,0,0,0,0,0,0,0,0,0,0,0,0,0,0,0,0,0,0,0,0,0,0,0,0,0,0,0,0,0,0,0,0,0,0,0,0,0,0,0,0,0,0,0,0,0,0,0,0,0,0,0,0,0,0,0,0,0,0,0,0,0,0,0,0,0,0,0,0,0,0,0,0,0,0,0,0,0,0,0,0,0,0,0,0,0,0,0,0,0,0,0,0,0,0,0,0,0,0,0,0,0,0,0,0,0,0,0,0,0,0,0,0.00243938388302922,0.00248741218820214,0,0,0,0,0,0,0,0,0,0,0,0,0,0,0,0,0,0,0,0,0.0209976695477962,0.0390563793480396,0.0513522513210773,0.0831779390573502,0.0994188562035561,0.107888475060463,0.0821988433599472,0.104862250387669,0.123651348054409,0.135592490434647,0.14993217587471,0.165592595934868,0.114337988197803,0.0274697635322809,0.196987688541412,0.143083527684212,0.228397622704506,0.369727075099945,0.370207816362381,0.36697781085968,0.304218947887421,0.0558414906263351,0.000531991012394428,0.172380775213242,0.201355621218681,0.202196151018143,0.290399312973022,0.339271426200867,0.419964849948883,0.371359080076218,0.288979887962341,0.275716334581375,0.298762261867523,0.258659303188324,0.364625811576843,0.298295527696609,0.412546306848526,0.383408039808273,0.383859395980835,0.31883305311203,0.326083868741989,0.40012863278389,0.48613053560257,0.512925624847412,0.49928230047226,0.506344020366669,0.499159306287766,0.471627354621887,0.402762740850449,0.236501082777977,0.291299432516098,0.340807169675827,0.262760996818542,0.252850770950317,0.511952817440033,0.561268627643585,0.520877301692963,0.490314334630966,0.455942630767822,0.367437213659286,0.42014867067337,0.312282919883728,0.282049030065536,0.183305934071541,0.268707245588303,0.264638781547546,0.415544778108597,0.42192417383194,0.349424958229065,0.316655933856964,0.315734833478928,0.209828272461891,0.358569800853729,0.515138149261475,0.530542016029358,0.392890512943268,0.425951451063156,0.177466794848442,0,0.236927509307861,0.306222766637802,0.225896060466766,0.270080804824829,0.250606685876846,0.340101629495621,0.0518054291605949,0,0,0.0485352091491222,0,0.232378914952278,0.289561033248901,0.287982195615768,0.335288554430008,0,0.0539245121181011,0.00178911362309009,0,0,0.232843488454819,0.340065211057663,0.420439630746841,0.3813336789608,0.394470930099487,0.340282618999481,0,0.132962614297867,0.241732746362686,0.223643854260445,0,0,0,0,0,0,0,0,0.266949743032455,0.329464584589005,0.316063195466995,0,0,0,0,0,0.287047624588013,0,0,0,0,0,0,0,0,0,0,0,0,0,0,0,0,0.138697579503059,0,0,0,0,0,0,0,0,0,0,0,0,0,0,0,0,0,0,0,0,0,0,0,0,0,0,0,0,0,0,0,0,0,0,0,0,0,15
Hamburg,0,0,0,0,0,0,0,0,0,0,0,0,0,0,0,0,0,0,0,0,0,0,0,0,0,0,0,0,0,0,0,0,0,0,0,0,0,0,0,0,0,0,0,0,0,0,0,0,0,0,0,0,0,0,0,0,0,0,0,0,0,0,0,0,0,0,0,0,0,0,0,0,0,0,0,0,0,0,0,0,0,0,0,0,0,0,0,0,0,0,0,0,0,0,0,0,0,0,0,0,0,0,0,0,0,0,0,0,0,0,0,0,0,0,0,0,0,0,0,0,0,0,0,0,0,0,0,0,0,0,0,0,0,0,0,0,0,0,0,0,0,0,0,0,0,0,0,0,0,0,0,0,0,0,0,0,0,0,0,0,0,0,0,0.00562234036624432,0.00564434519037604,0,0,0,0,0,0,0,0,0,0,0,0,0,0,0,0,0,0,0,0,0.0740043446421623,0.0941943451762199,0.117568366229534,0.155837461352348,0.20024037361145,0.207116454839706,0.152736604213715,0.165848314762115,0.237304478883743,0.263495445251465,0.285688638687134,0.302731037139893,0.20937180519104,0.0914344191551208,0.363631337881088,0.255845755338669,0.446587860584259,0.680569648742676,0.677825033664703,0.658521175384521,0.548041582107544,0.0901093259453773,0,0.293516218662262,0.367904931306839,0.392177760601044,0.562491774559021,0.639789819717407,0.777032852172852,0.671174108982086,0.513947367668152,0.456335246562958,0.538842737674713,0.482892721891403,0.679737865924835,0.549196064472198,0.751534223556519,0.712308883666992,0.71620112657547,0.573814570903778,0.587872564792633,0.731851518154144,0.881253242492676,0.943647861480713,0.900942981243134,0.908051192760468,0.853292286396027,0.825916528701782,0.741688191890717,0.460140973329544,0.514152705669403,0.622081339359283,0.514253973960876,0.383732348680496,0.931315064430237,1.06117832660675,0.964857697486877,0.901789367198944,0.854541480541229,0.708737134933472,0.78563129901886,0.594344079494476,0.540705263614655,0.3188456594944,0.514946281909943,0.504396259784698,0.709549069404602,0.745298683643341,0.681348204612732,0.603725552558899,0.589562356472015,0.457058101892471,0.669390201568604,0.958731293678284,0.979144632816315,0.764227986335754,0.833660542964935,0.358074009418488,0,0.468311101198196,0.541048467159271,0.441621869802475,0.56028950214386,0.497941762208939,0.663875043392181,0.332825779914856,0,0,0,0.00619322387501597,0.428544223308563,0.564631283283234,0.539833724498749,0.605301737785339,0,0,0.216525718569756,0,0,0.499055534601212,0.704285144805908,0.82677161693573,0.761885762214661,0.74317193031311,0.632817566394806,0,0.40241327881813,0.477109462022781,0.434891670942307,0,0,0,0,0,0,0,0,0.52154129743576,0.635114252567291,0.609245479106903,0,0,0,0,0,0.544187605381012,0,0,0,0,0,0,0,0,0,0,0,0,0,0,0,0,0.272870033979416,0,0,0,0,0,0,0,0,0,0,0,0,0,0,0,0,0,0,0,0,0,0,0,0,0,0,0,0,0,0,0,0,0,0,0,0,0,16
Braunschweig,0,0,0,0,0,0,0,0,0,0,0,0,0,0,0,0,0,0,0,0,0,0,0,0,0,0,0,0,0,0,0,0,0,0,0,0,0,0,0,0,0,0,0,0,0,0,0,0,0,0,0,0,0,0,0,0,0,0,0,0,0,0,0,0,0,0,0,0,0,0,0,0,0,0,0,0,0,0,0,0,0,0,0,0,0,0,0,0,0,0,0,0,0,0,0,0,0,0,0,0,0,0,0,0,0,0,0,0,0,0,0,0,0,0,0,0,0,0,0,0,0,0,0,0,0,0,0,0,0,0,0,0,0,0,0,0,0,0,0,0,0,0,0,0,0,0,0,0,0,0,0,0,0,0,0,0,0,0,0,0,0,0,0,0.0145144462585449,0.0154481427744031,0,0,0,0,0,0,0,0,0,0,0,0,0,0.0182616710662842,0,0,0,0,0,0,0.00342098576948047,0.105160742998123,0.143872886896133,0.166550397872925,0.193480089306831,0.172504484653473,0.131286785006523,0.117819122970104,0.178439661860466,0.226500540971756,0.246023491024971,0.267518699169159,0.211981683969498,0.00666364142671227,0.276697158813477,0.2652268409729,0.358756393194199,0.501767218112946,0.522897899150848,0.506805121898651,0.479812502861023,0.394294708967209,0.173227623105049,0.241766065359116,0.313077360391617,0.323576360940933,0.413824737071991,0.503208875656128,0.590780317783356,0.491159617900848,0.328785330057144,0,0.295176804065704,0.42244765162468,0.507644951343536,0.453000009059906,0.554086685180664,0.535163640975952,0.51301908493042,0.313984662294388,0.449770390987396,0.539070606231689,0.603547215461731,0.663157045841217,0.52745646238327,0.561885356903076,0.553817093372345,0.624289572238922,0.581175446510315,0.362688362598419,0.394077211618423,0.505788266658783,0.533458769321442,0.420275628566742,0.670856416225433,0.738001525402069,0.743291556835175,0.681089758872986,0.598252177238464,0.535394966602325,0.630153059959412,0.543007254600525,0.43958568572998,0.38766348361969,0.437087535858154,0.517833471298218,0.480573296546936,0.537310004234314,0.640985071659088,0.546322643756866,0.513368368148804,0.506920039653778,0.510105133056641,0.764865756034851,0.839545965194702,0.7016322016716,0.707929074764252,0.381000101566315,0,0.436940044164658,0.524183750152588,0.578760087490082,0.677684962749481,0.526746034622192,0.498289704322815,0,0.202899470925331,0.247014760971069,0,0,0.289492815732956,0.393662214279175,0.42293319106102,0.412110596895218,0.2532599568367,0.338961601257324,0,0,0,0.480455577373505,0.558560848236084,0.700934767723083,0.702638506889343,0.607234954833984,0.507609486579895,0,0.477412790060043,0.621450066566467,0.347178399562836,0,0,0,0,0,0,0,0.259703785181046,0.413665741682053,0.499532014131546,0.502131938934326,0,0,0,0,0.0800566151738167,0.526813268661499,0,0,0,0,0,0,0,0,0,0,0,0,0,0,0,0,0.250028431415558,0,0,0,0,0,0,0,0,0,0,0,0,0,0,0,0,0,0,0,0,0,0,0,0,0,0,0,0,0,0,0,0,0,0,0,0,0,17
Salzgitter,0,0,0,0,0,0,0,0,0,0,0,0,0,0,0,0,0,0,0,0,0,0,0,0,0,0,0,0,0,0,0,0,0,0,0,0,0,0,0,0,0,0,0,0,0,0,0,0,0,0,0,0,0,0,0,0,0,0,0,0,0,0,0,0,0,0,0,0,0,0,0,0,0,0,0,0,0,0,0,0,0,0,0,0,0,0,0,0,0,0,0,0,0,0,0,0,0,0,0,0,0,0,0,0,0,0,0,0,0,0,0,0,0,0,0,0,0,0,0,0,0,0,0,0,0,0,0,0,0,0,0,0,0,0,0,0,0,0,0,0,0,0,0,0,0,0,0,0,0,0,0,0,0,0,0,0,0,0,0,0,0,0,0,0.0122634042054415,0.0125278625637293,0,0,0,0,0,0,0,0,0,0,0,0,0,0.0117051042616367,0,0,0,0,0,0,0,0.0827952101826668,0.118236109614372,0.130331769585609,0.152770355343819,0.137023717164993,0.0994522422552109,0.0888213813304901,0.139610007405281,0.182451874017715,0.197675630450249,0.215050727128983,0.171586513519287,0.00935943145304918,0.226041853427887,0.208407491445541,0.291011959314346,0.409754186868668,0.424217820167542,0.414446800947189,0.395223885774612,0.317057907581329,0.106151208281517,0.186608925461769,0.251287251710892,0.254746437072754,0.333932936191559,0.406403601169586,0.469790995121002,0.401727974414825,0.269990891218185,0,0.207829862833023,0.339768946170807,0.39237642288208,0.357044279575348,0.446071654558182,0.425993144512177,0.400520950555801,0.250578105449677,0.353359043598175,0.411204755306244,0.473332703113556,0.521200716495514,0.414100468158722,0.447892785072327,0.428478002548218,0.487718135118484,0.460100710391998,0.296909332275391,0.289660602807999,0.38823726773262,0.429394572973251,0.344329357147217,0.518621146678925,0.572090208530426,0.584435164928436,0.529493629932404,0.465002655982971,0.422054469585419,0.497575253248215,0.418520569801331,0.334410339593887,0.303247034549713,0.316991686820984,0.392227709293365,0.355791062116623,0.400373786687851,0.494516164064407,0.409977406263351,0.395593822002411,0.392596781253815,0.392765730619431,0.594802141189575,0.646602094173431,0.536460041999817,0.54145210981369,0.292632669210434,0,0.315664678812027,0.394342422485352,0.43278780579567,0.521157562732697,0.391308963298798,0.357479989528656,0,0.0696243569254875,0.0977403298020363,0,0,0.115688852965832,0.2715764939785,0.31985467672348,0.290468215942383,0.208899140357971,0.274104088544846,0,0,0.0989185720682144,0.364204674959183,0.416457891464233,0.535006523132324,0.543260335922241,0.454093515872955,0.373332023620605,0,0.356835961341858,0.466049343347549,0.244905769824982,0,0,0,0,0,0,0.0822578221559525,0.187759190797806,0.297157913446426,0.371469020843506,0.370962262153625,0,0,0,0,0.144439503550529,0.39661306142807,0,0,0,0,0,0,0,0,0,0,0,0,0,0,0,0,0.172748267650604,0,0,0,0,0,0,0,0,0,0,0.029050137847662,0,0,0,0,0,0,0,0,0,0,0,0,0,0,0,0,0,0,0,0,0,0,0,0,0,0,18
Wolfsburg,0,0,0,0,0,0,0,0,0,0,0,0,0,0,0,0,0,0,0,0,0,0,0,0,0,0,0,0,0,0,0,0,0,0,0,0,0,0,0,0,0,0,0,0,0,0,0,0,0,0,0,0,0,0,0,0,0,0,0,0,0,0,0,0,0,0,0,0,0,0,0,0,0,0,0,0,0,0,0,0,0,0,0,0,0,0,0,0,0,0,0,0,0,0,0,0,0,0,0,0,0,0,0,0,0,0,0,0,0,0,0,0,0,0,0,0,0,0,0,0,0,0,0,0,0,0,0,0,0,0,0,0,0,0,0,0,0,0,0,0,0,0,0,0,0,0,0,0,0,0,0,0,0,0,0,0,0,0,0,0,0,0,0,0.0103815579786897,0.0113197956234217,0,0,0,0,0,0,0,0,0,0,0,0,0,0,0,0,0,0,0,0,0,0.0841349065303802,0.11380060762167,0.139573067426682,0.160598173737526,0.14095339179039,0.111344411969185,0.104629620909691,0.156062558293343,0.187311261892319,0.201798781752586,0.219533860683441,0.172179162502289,0,0.221109122037888,0.217989951372147,0.294163435697556,0.412840068340302,0.431023627519608,0.418327242136002,0.394948333501816,0.330143690109253,0.151362046599388,0.203654274344444,0.250416874885559,0.267313897609711,0.327385663986206,0.40748342871666,0.491156190633774,0.395210772752762,0.261018216609955,0,0.252245634794235,0.335901468992233,0.426349431276321,0.371636182069778,0.451379030942917,0.431194692850113,0.412663817405701,0.22907942533493,0.367328971624374,0.452062219381332,0.488346487283707,0.538277089595795,0.427245318889618,0.445969820022583,0.455252677202225,0.512156546115875,0.468977898359299,0.285522103309631,0.326452493667603,0.411985367536545,0.415524333715439,0.323310911655426,0.555387198925018,0.599545776844025,0.591501891613007,0.546882390975952,0.482792884111404,0.42342945933342,0.493892312049866,0.43089896440506,0.352364510297775,0.297853201627731,0.345082700252533,0.413760662078857,0.397598177194595,0.422256410121918,0.501683175563812,0.435726135969162,0.391428053379059,0.393703609704971,0.387370318174362,0.585623443126678,0.656886100769043,0.539735376834869,0.540232002735138,0.294677555561066,0,0.339399605989456,0.398784965276718,0.443430662155151,0.510866940021515,0.40997052192688,0.391622453927994,0.152182266116142,0,0.197973400354385,0,0,0.230732023715973,0.297715246677399,0.294417589902878,0.307094693183899,0.000390637927921489,0.225563287734985,0,0,0,0.339234590530396,0.41920679807663,0.510366678237915,0.518118917942047,0.455772072076797,0.377081781625748,0,0.348818093538284,0.457290053367615,0.262048602104187,0,0,0,0,0,0,0,0.17392398416996,0.305776089429855,0.367744714021683,0.369837194681168,0,0,0,0,0,0.361807554960251,0,0,0,0,0,0,0,0,0,0,0,0,0,0,0,0,0.18004846572876,0,0,0,0,0,0,0,0,0,0,0,0,0,0,0,0,0,0,0,0,0,0,0,0,0,0,0,0,0,0,0,0,0,0,0,0,0,19
Gifhorn,0,0,0,0,0,0,0,0,0,0,0,0,0,0,0,0,0,0,0,0,0,0,0,0,0,0,0,0,0,0,0,0,0,0,0,0,0,0,0,0,0,0,0,0,0,0,0,0,0,0,0,0,0,0,0,0,0,0,0,0,0,0,0,0,0,0,0,0,0,0,0,0,0,0,0,0,0,0,0,0,0,0,0,0,0,0,0,0,0,0,0,0,0,0,0,0,0,0,0,0,0,0,0,0,0,0,0,0,0,0,0,0,0,0,0,0,0,0,0,0,0,0,0,0,0,0,0,0,0,0,0,0,0,0,0,0,0,0,0,0,0,0,0,0,0,0,0,0,0,0,0,0,0,0,0,0,0,0,0,0,0,0,0,0.00901067443192005,0.00969460047781467,0,0,0,0,0,0,0,0,0,0,0,0,0,6.48375362288789e-06,0,0,0,0,0,0,0.0169340372085571,0.0834731012582779,0.107294403016567,0.13466240465641,0.160284608602524,0.13871531188488,0.112182080745697,0.103384383022785,0.160302057862282,0.188195556402206,0.210581064224243,0.22703805565834,0.178017199039459,0.0386777929961681,0.228518769145012,0.222222790122032,0.301135390996933,0.428448140621185,0.44602108001709,0.434865832328796,0.407671064138412,0.323437452316284,0.145471692085266,0.202839270234108,0.254227042198181,0.266044467687607,0.335797756910324,0.421314597129822,0.504881501197815,0.417206227779388,0.272836893796921,0.092277429997921,0.27940759062767,0.346407651901245,0.432400017976761,0.380722284317017,0.465266227722168,0.440835803747177,0.428238928318024,0.264371275901794,0.380162090063095,0.47917652130127,0.506705224514008,0.563004314899445,0.452708274126053,0.482229769229889,0.492853760719299,0.539116501808167,0.48557984828949,0.297649562358856,0.347367525100708,0.426781117916107,0.4090396463871,0.276960283517838,0.562473058700562,0.624018609523773,0.601947247982025,0.556498348712921,0.488893687725067,0.425695449113846,0.494715243577957,0.428252518177032,0.359485328197479,0.282832622528076,0.340372413396835,0.418395161628723,0.414995014667511,0.439759254455566,0.501128077507019,0.433475971221924,0.370809704065323,0.381615221500397,0.393655925989151,0.593122661113739,0.659421920776367,0.538428902626038,0.547902464866638,0.267562538385391,0,0.341479867696762,0.396724790334702,0.419875264167786,0.495246708393097,0.390409797430038,0.40304559469223,0.006547877099365,3.85666935471818e-05,0.0771062448620796,0,0,0.245969593524933,0.332319974899292,0.330206334590912,0.328215420246124,0.0407988056540489,0.170006215572357,0,0,0,0.330522269010544,0.413164764642715,0.513868033885956,0.524554550647736,0.45956763625145,0.386334955692291,0,0.337982386350632,0.440853893756866,0.259772449731827,0,0,0,0,0,0,0,0.134219914674759,0.315671980381012,0.369929403066635,0.377180755138397,0,0,0,0,2.84238722088048e-05,0.378044873476028,0,0,0,0,0,0,0,0,0,0,0,0,0,0,0,0,0.168902412056923,0,0,0,0,0,0,0,0,0,0,0,0,0,0,0,0,0,0,0,0,0,0,0,0,0,0,0,0,0,0,0,0,0,0,0,0,0,20
Goslar,0,0,0,0,0,0,0,0,0,0,0,0,0,0,0,0,0,0,0,0,0,0,0,0,0,0,0,0,0,0,0,0,0,0,0,0,0,0,0,0,0,0,0,0,0,0,0,0,0,0,0,0,0,0,0,0,0,0,0,0,0,0,0,0,0,0,0,0,0,0,0,0,0,0,0,0,0,0,0,0,0,0,0,0,0,0,0,0,0,0,0,0,0,0,0,0,0,0,0,0,0,0,0,0,0,0,0,0,0,0,0,0,0,0,0,0,0,0,0,0,0,0,0,0,0,0,0,0,0,0,0,0,0,0,0,0,0,0,0,0,0,0,0,0,0,0,0,0,0,0,0,0,0,0,0,0,0,0,0,0,0,0,0,0.00376814999617636,0.00368559011258185,0,0,0,0,0,0,0,0,0,0,0,0,0,0.00047434915904887,0,0,0,0,0,0,0,0.0250667687505484,0.0491162501275539,0.054719302803278,0.063677154481411,0.0571938529610634,0.0347161330282688,0.0233762171119452,0.0635564774274826,0.0851121693849564,0.0963530316948891,0.111444808542728,0.0830608680844307,0,0.118268251419067,0.114706344902515,0.169494494795799,0.23853212594986,0.252025544643402,0.250993698835373,0.238514989614487,0.184424638748169,0.0102041587233543,0.0566382557153702,0.124186158180237,0.11068033427,0.177726611495018,0.238972887396812,0.286340087652206,0.234656602144241,0.140238955616951,0,0.0255318582057953,0.18595977127552,0.212962672114372,0.185934945940971,0.25018897652626,0.23596964776516,0.214502558112144,0.0452971011400223,0.190017208456993,0.218001276254654,0.275061875581741,0.30571922659874,0.205113217234612,0.247389614582062,0.248535349965096,0.287417054176331,0.272807359695435,0.131508857011795,0.0507675632834435,0.192544341087341,0.245089396834373,0.201883286237717,0.308377087116241,0.326069414615631,0.332968413829803,0.289562404155731,0.243239432573318,0.209789603948593,0.270728677511215,0.2043716609478,0.136451452970505,0.0840166583657265,0.0516954623162746,0.156823128461838,0.140989303588867,0.145490705966949,0.23626621067524,0.151296839118004,0.154148429632187,0.124989323318005,0.172956094145775,0.32138004899025,0.36408144235611,0.290157735347748,0.281643241643906,0.0526837520301342,0,0.0523305386304855,0.149235814809799,0.176267400383949,0.257709175348282,0.172829613089561,0.0844195112586021,0,0.0026760371401906,0,0,0,0,0.0414438620209694,0.0545069836080074,0.0360058173537254,0.0271393656730652,0.12717293202877,0,0,0.0655708163976669,0.171549290418625,0.20213757455349,0.271443337202072,0.283098697662354,0.215152457356453,0.137921929359436,0.00228268373757601,0.175703004002571,0.230359449982643,0.0386828519403934,0,0,0,0,0,0,0.0228397436439991,0.0233859587460756,0.0787690281867981,0.178832605481148,0.169979080557823,0,0,0,0,0.0210755914449692,0.179025575518608,0,0,0,0,0,0,0,0,0,0,0,0,0,0,0,0,0.021642005071044,0,0,0,0,0,0,0,0,0,0,0.00634337170049548,0,0,0,0,0,0,0,0,0,0,0,0,0,0,0,0,0,0,0,0,0,0,0,0,0,0,21
Helmstedt,0,0,0,0,0,0,0,0,0,0,0,0,0,0,0,0,0,0,0,0,0,0,0,0,0,0,0,0,0,0,0,0,0,0,0,0,0,0,0,0,0,0,0,0,0,0,0,0,0,0,0,0,0,0,0,0,0,0,0,0,0,0,0,0,0,0,0,0,0,0,0,0,0,0,0,0,0,0,0,0,0,0,0,0,0,0,0,0,0,0,0,0,0,0,0,0,0,0,0,0,0,0,0,0,0,0,0,0,0,0,0,0,0,0,0,0,0,0,0,0,0,0,0,0,0,0,0,0,0,0,0,0,0,0,0,0,0,0,0,0,0,0,0,0,0,0,0,0,0,0,0,0,0,0,0,0,0,0,0,0,0,0,0,0.00911934208124876,0.00978287868201733,0,0,0,0,0,0,0,0,0,0,0,0,0,0.00498226191848516,0,0,0,0,0,0,0,0.0744212418794632,0.104015961289406,0.128492906689644,0.146668151021004,0.127871140837669,0.100214637815952,0.0979291945695877,0.141601711511612,0.170578196644783,0.185905486345291,0.204406291246414,0.161793395876884,0,0.206585437059402,0.208253562450409,0.276749134063721,0.383027791976929,0.403379768133163,0.395943015813828,0.375490993261337,0.320690780878067,0.139870151877403,0.186811566352844,0.238143414258957,0.249390065670013,0.311025679111481,0.383579194545746,0.467156022787094,0.371642976999283,0.248626500368118,0,0.216519758105278,0.320801854133606,0.405987054109573,0.352106809616089,0.428191810846329,0.411205887794495,0.380505442619324,0.192128211259842,0.342871338129044,0.415702491998672,0.464001417160034,0.506957948207855,0.397638529539108,0.418148636817932,0.421186983585358,0.481494456529617,0.447996079921722,0.264528721570969,0.296813756227493,0.384339421987534,0.402455389499664,0.338897228240967,0.534085750579834,0.571877300739288,0.567910373210907,0.527174830436707,0.466896623373032,0.411219567060471,0.482173919677734,0.418413370847702,0.336113631725311,0.294015824794769,0.324815064668655,0.387825787067413,0.355176776647568,0.379888325929642,0.469671308994293,0.404550224542618,0.382359206676483,0.370587646961212,0.37583115696907,0.560532629489899,0.640872657299042,0.528974533081055,0.530113816261292,0.318900972604752,0,0.315140545368195,0.382838279008865,0.42872941493988,0.493625581264496,0.397897988557816,0.353641092777252,0.0655358508229256,0.0412642806768417,0.0933348163962364,0,0,0.1032430306077,0.232779145240784,0.255651324987411,0.281763046979904,0.131418392062187,0.241083219647408,0,0,0.0853732079267502,0.338931918144226,0.396771758794785,0.488590121269226,0.510799467563629,0.442662417888641,0.35345271229744,0.0315366499125957,0.335896581411362,0.439899623394012,0.247045174241066,0,0,0,0,0,0,0.0251851230859756,0.168272092938423,0.292799025774002,0.353240549564362,0.353207796812057,0,0,0,0,0.0208567455410957,0.337002098560333,0,0,0,0,0,0,0,0,0,0,0,0,0,0,0,0,0.170995101332664,0,0,0,0,0,0,0,0,0,0,0,0,0,0,0,0,0,0,0,0,0,0,0,0,0,0,0,0,0,0,0,0,0,0,0,0,0,22
Northeim,0,0,0,0,0,0,0,0,0,0,0,0,0,0,0,0,0,0,0,0,0,0,0,0,0,0,0,0,0,0,0,0,0,0,0,0,0,0,0,0,0,0,0,0,0,0,0,0,0,0,0,0,0,0,0,0,0,0,0,0,0,0,0,0,0,0,0,0,0,0,0,0,0,0,0,0,0,0,0,0,0,0,0,0,0,0,0,0,0,0,0,0,0,0,0,0,0,0,0,0,0,0,0,0,0,0,0,0,0,0,0,0,0,0,0,0,0,0,0,0,0,0,0,0,0,0,0,0,0,0,0,0,0,0,0,0,0,0,0,0,0,0,0,0,0,0,0,0,0,0,0,0,0,0,0,0,0,0,0,0,0,0,0,0.00580247305333614,0.00542263360694051,0,0,0,0,0,0,0,0,0,0,0,0,0,0,0,0,0,0,0,0,0,0.0369967743754387,0.0833049789071083,0.088739849627018,0.10136129707098,0.0960431471467018,0.0667062252759933,0.0780944302678108,0.11170120537281,0.144032120704651,0.150849759578705,0.172782316803932,0.140647053718567,0,0.178397297859192,0.190744906663895,0.271682739257813,0.356274157762527,0.368705242872238,0.375525504350662,0.358127951622009,0.276777267456055,0.0145480092614889,0.172094091773033,0.215704411268234,0.230129674077034,0.26142692565918,0.36321359872818,0.407392889261246,0.365574181079865,0.255216777324677,0,0,0.268435001373291,0.319508761167526,0.278228998184204,0.368694573640823,0.355702638626099,0.321772336959839,0.200160369277,0.291180044412613,0.290127992630005,0.412960767745972,0.433950036764145,0.286090523004532,0.369092971086502,0.345429956912994,0.416689574718475,0.412720769643784,0.283467382192612,0.197788089513779,0.310126394033432,0.372848212718964,0.35228431224823,0.443501204252243,0.469148337841034,0.483872652053833,0.417046368122101,0.355492889881134,0.331036299467087,0.411632299423218,0.317711472511292,0.266108751296997,0.223907053470612,0.132627099752426,0.265908420085907,0.273374378681183,0.26042166352272,0.36652871966362,0.257507055997849,0.267598479986191,0.268425524234772,0.291878312826157,0.465271413326263,0.522234261035919,0.435850352048874,0.414962887763977,0.117305487394333,0,0.198554053902626,0.28312674164772,0.301286965608597,0.363481312990189,0.295353949069977,0.224827259778976,0,0,0,0,0,0,0.193066641688347,0.228332862257957,0.0265377461910248,0,0.193287715315819,0,0,0.168009340763092,0.27005136013031,0.306802272796631,0.399772226810455,0.408640086650848,0.328214168548584,0.241935297846794,0,0.261849790811539,0.348560392856598,0.0930975824594498,0,0,0,0,0,0,0,0.0214825179427862,0.109349988400936,0.257422804832458,0.252342045307159,0,0,0,0,0,0.280757337808609,0,0,0,0,0,0,0,0,0,0,0,0,0,0,0,0,0,0,0,0,0,0,0,0,0,0,0,0,0,0,0,0,0,0,0,0,0,0,0,0,0,0,0,0,0,0,0,0,0,0,0,0,0,0,23
Peine,0,0,0,0,0,0,0,0,0,0,0,0,0,0,0,0,0,0,0,0,0,0,0,0,0,0,0,0,0,0,0,0,0,0,0,0,0,0,0,0,0,0,0,0,0,0,0,0,0,0,0,0,0,0,0,0,0,0,0,0,0,0,0,0,0,0,0,0,0,0,0,0,0,0,0,0,0,0,0,0,0,0,0,0,0,0,0,0,0,0,0,0,0,0,0,0,0,0,0,0,0,0,0,0,0,0,0,0,0,0,0,0,0,0,0,0,0,0,0,0,0,0,0,0,0,0,0,0,0,0,0,0,0,0,0,0,0,0,0,0,0,0,0,0,0,0,0,0,0,0,0,0,0,0,0,0,0,0,0,0,0,0,0,0.0130024813115597,0.0135365994647145,0,0,0,0,0,0,0,0,0,0,0,0,0,0.00593992788344622,0,0,0,0,0,0,0.020013278350234,0.0970553755760193,0.129925712943077,0.14634957909584,0.172074660658836,0.154548436403275,0.117056451737881,0.101247072219849,0.1624955534935,0.204058423638344,0.221782967448235,0.239754289388657,0.190901637077332,0.0708897188305855,0.249054744839668,0.233154088258743,0.318162202835083,0.44784027338028,0.462315112352371,0.449528604745865,0.424044400453568,0.331158757209778,0.148727834224701,0.209431916475296,0.275283604860306,0.285343825817108,0.365358769893646,0.445096909999847,0.511656999588013,0.438065022230148,0.290591806173325,0,0.260537415742874,0.365091949701309,0.431359648704529,0.389059811830521,0.482190668582916,0.460338950157166,0.442239105701447,0.296828538179398,0.389284729957581,0.469541162252426,0.519460797309875,0.573095142841339,0.464087009429932,0.499676704406738,0.479846477508545,0.536522746086121,0.498196095228195,0.319517612457275,0.337988793849945,0.437827557325363,0.452194660902023,0.341692000627518,0.560592889785767,0.62854665517807,0.631424129009247,0.573345899581909,0.503946900367737,0.456413775682449,0.534203052520752,0.450713604688644,0.371908932924271,0.322920471429825,0.365458965301514,0.436339795589447,0.403061091899872,0.453937828540802,0.534072875976563,0.452014923095703,0.418392807245255,0.423460394144058,0.421795725822449,0.635549783706665,0.690934300422668,0.573672711849213,0.583929359912872,0.299780309200287,0,0.359981536865234,0.42662587761879,0.466671943664551,0.552353501319885,0.435409009456635,0.422214388847351,0,0.0353319086134434,0.209367915987968,0,0,0.24591851234436,0.345662653446198,0.377962857484818,0.337309926748276,0.215178236365318,0.263575524091721,0,0,0,0.392819821834564,0.454376637935638,0.571980059146881,0.579723179340363,0.491492033004761,0.415104389190674,0,0.378006339073181,0.494759887456894,0.27712669968605,0,0,0,0,0,0,0,0.210203632712364,0.340079694986343,0.396322458982468,0.403571784496307,0,0,0,0,0.0662519559264183,0.424016445875168,0,0,0,0,0,0,0,0,0,0,0,0,0,0,0,0,0.186692640185356,0,0,0,0,0,0,0,0,0,0,0,0,0,0,0,0,0,0,0,0,0,0,0,0,0,0,0,0,0,0,0,0,0,0,0,0,0,24
Wolfenbüttel,0,0,0,0,0,0,0,0,0,0,0,0,0,0,0,0,0,0,0,0,0,0,0,0,0,0,0,0,0,0,0,0,0,0,0,0,0,0,0,0,0,0,0,0,0,0,0,0,0,0,0,0,0,0,0,0,0,0,0,0,0,0,0,0,0,0,0,0,0,0,0,0,0,0,0,0,0,0,0,0,0,0,0,0,0,0,0,0,0,0,0,0,0,0,0,0,0,0,0,0,0,0,0,0,0,0,0,0,0,0,0,0,0,0,0,0,0,0,0,0,0,0,0,0,0,0,0,0,0,0,0,0,0,0,0,0,0,0,0,0,0,0,0,0,0,0,0,0,0,0,0,0,0,0,0,0,0,0,0,0,0,0,0,0.0109483972191811,0.0113791674375534,0,0,0,0,0,0,0,0,0,0,0,0,0,0.0123617313802242,0,0,0,0,0,0,0,0.0788618251681328,0.113500528037548,0.130537211894989,0.151384636759758,0.132787704467773,0.0986880511045456,0.0921074897050858,0.14038360118866,0.178017646074295,0.193299174308777,0.212060734629631,0.168919965624809,0.00127336755394936,0.220138818025589,0.20990315079689,0.287929117679596,0.40068793296814,0.418621182441711,0.410143285989761,0.390100240707397,0.322332412004471,0.116116583347321,0.186607778072357,0.247863754630089,0.252914130687714,0.325701743364334,0.399346560239792,0.473341912031174,0.391727238893509,0.264957696199417,0,0.209795713424683,0.33675217628479,0.399588853120804,0.358122080564499,0.441874116659164,0.424344062805176,0.394484609365463,0.223115280270576,0.350213497877121,0.413230508565903,0.473961979150772,0.518607318401337,0.407703906297684,0.436339318752289,0.425931662321091,0.486618936061859,0.459666758775711,0.285418033599854,0.29208517074585,0.388026714324951,0.425738543272018,0.347699612379074,0.531176626682281,0.573143899440765,0.585057556629181,0.534968197345734,0.473429650068283,0.424448698759079,0.500162065029144,0.425826072692871,0.342600703239441,0.307449221611023,0.32002717256546,0.392744511365891,0.358737528324127,0.393389135599136,0.490669041872025,0.41206893324852,0.401312291622162,0.387998163700104,0.39626669883728,0.589478254318237,0.65548700094223,0.54429703950882,0.548908293247223,0.311540514230728,0,0.319675743579865,0.398454397916794,0.440976053476334,0.516421496868134,0.396717727184296,0.353528589010239,0,0.121494576334953,0.080616720020771,0,0,0.087136797606945,0.245070070028305,0.292618155479431,0.290859460830688,0.205658972263336,0.269993990659714,0,0,0.107435993850231,0.361825734376907,0.414795577526093,0.526934862136841,0.541870832443237,0.459004491567612,0.372689455747604,0.0591932088136673,0.355448782444,0.46274396777153,0.248266115784645,0,0,0,0,0,0,0.0934192910790443,0.186645954847336,0.300127625465393,0.372535556554794,0.37001433968544,0,0,0,0,0.0887525975704193,0.380560427904129,0,0,0,0,0,0,0,0,0,0,0,0,0,0,0,0,0.179681614041328,0,0,0,0,0,0,0,0,0,0,0.00747432187199593,0,0,0,0,0,0,0,0,0,0,0,0,0,0,0,0,0,0,0,0,0,0,0,0,0,0,25
Göttingen,0,0,0,0,0,0,0,0,0,0,0,0,0,0,0,0,0,0,0,0,0,0,0,0,0,0,0,0,0,0,0,0,0,0,0,0,0,0,0,0,0,0,0,0,0,0,0,0,0,0,0,0,0,0,0,0,0,0,0,0,0,0,0,0,0,0,0,0,0,0,0,0,0,0,0,0,0,0,0,0,0,0,0,0,0,0,0,0,0,0,0,0,0,0,0,0,0,0,0,0,0,0,0,0,0,0,0,0,0,0,0,0,0,0,0,0,0,0,0,0,0,0,0,0,0,0,0,0,0,0,0,0,0,0,0,0,0,0,0,0,0,0,0,0,0,0,0,0,0,0,0,0,0,0,0,0,0,0,0,0,0,0,0,0.00526709947735071,0.00482413126155734,0,0,0,0,0,0,0,0,0,0,0,0,0,0,0,0,0,0,0,0,0,0.0315014012157917,0.0799436643719673,0.0907848253846169,0.0977574661374092,0.0929394215345383,0.0609242916107178,0.0719167441129684,0.105155490338802,0.138877481222153,0.151105776429176,0.176525086164474,0.142697229981422,0,0.180738463997841,0.205312445759773,0.283123761415482,0.366510838270187,0.386496037244797,0.394421249628067,0.375231087207794,0.291769713163376,0.0676811188459396,0.197746187448502,0.218191653490067,0.220252618193626,0.275966584682465,0.379220604896545,0.441487193107605,0.374981045722961,0.255235254764557,0,0,0.2891566157341,0.330830186605453,0.296377748250961,0.379646122455597,0.370489448308945,0.340268850326538,0.165981352329254,0.310471087694168,0.297292530536652,0.43013671040535,0.453547894954681,0.261344820261002,0.359849959611893,0.361322671175003,0.440124064683914,0.426470071077347,0.292123258113861,0.171287089586258,0.294053554534912,0.381513565778732,0.371574968099594,0.474821716547012,0.493125528097153,0.501385509967804,0.427723705768585,0.368963092565536,0.331995189189911,0.406860649585724,0.325479537248611,0.226915091276169,0.207316532731056,0.0259188544005156,0.232603803277016,0.268670260906219,0.255848050117493,0.351076394319534,0.224869012832642,0.215462148189545,0.21208880841732,0.307014048099518,0.472341656684875,0.542658150196075,0.464244544506073,0.434115469455719,0.0832127332687378,0,0.144085332751274,0.266722321510315,0.280897736549377,0.367847710847855,0.283510744571686,0.165330022573471,0,0,0,0,0,0,0.0981815308332443,0.148014083504677,0,0.018504973500967,0.216806262731552,0,0,0.195565938949585,0.282730966806412,0.314447999000549,0.400237530469894,0.421240508556366,0.328252822160721,0.211506351828575,0,0.283206820487976,0.350918889045715,0.0220718923956156,0,0,0,0,0,0,0,0.00210243929177523,0.0659954249858856,0.260252445936203,0.253365248441696,0,0,0,0,0,0.269476711750031,0,0,0,0,0,0,0,0,0,0,0,0,0,0,0,0,0,0,0,0,0,0,0,0,0,0,0,0,0,0,0,0,0,0,0,0,0,0,0,0,0,0,0,0,0,0,0,0,0,0,0,0,0,0,26
Region Hannover,0,0,0,0,0,0,0,0,0,0,0,0,0,0,0,0,0,0,0,0,0,0,0,0,0,0,0,0,0,0,0,0,0,0,0,0,0,0,0,0,0,0,0,0,0,0,0,0,0,0,0,0,0,0,0,0,0,0,0,0,0,0,0,0,0,0,0,0,0,0,0,0,0,0,0,0,0,0,0,0,0,0,0,0,0,0,0,0,0,0,0,0,0,0,0,0,0,0,0,0,0,0,0,0,0,0,0,0,0,0,0,0,0,0,0,0,0,0,0,0,0,0,0,0,0,0,0,0,0,0,0,0,0,0,0,0,0,0,0,0,0,0,0,0,0,0,0,0,0,0,0,0,0,0,0,0,0,0,0,0,0,0,0,0.0112208658829331,0.0108624361455441,0,0,0,0,0,0,0,0,0,0,0,0,0,0,0,0,0,0,0,0,0.0615593791007996,0.0974387675523758,0.127325892448425,0.132143184542656,0.158673331141472,0.146208077669144,0.106705166399479,0.0882613733410835,0.162768840789795,0.202092364430428,0.218448281288147,0.242022156715393,0.192059680819511,0.103346556425095,0.260265320539474,0.231093764305115,0.317167699337006,0.461762487888336,0.456797629594803,0.457793146371841,0.416024267673492,0.268253207206726,0.117620348930359,0.193157315254211,0.259564131498337,0.289057910442352,0.390651285648346,0.45743328332901,0.514454245567322,0.441788583993912,0.301905751228333,0.0350006856024265,0.24200014770031,0.377532780170441,0.431959599256516,0.389808058738708,0.479348450899124,0.461834996938705,0.458835035562515,0.333539247512817,0.392998814582825,0.475960493087769,0.531841933727264,0.578323304653168,0.479977637529373,0.535044968128204,0.491777211427689,0.542260110378265,0.508068323135376,0.334266483783722,0.358016580343246,0.466283768415451,0.451378911733627,0.31668558716774,0.564807832241058,0.625131249427795,0.643948554992676,0.578232705593109,0.515153765678406,0.45621332526207,0.542395293712616,0.434499382972717,0.402903705835342,0.316936582326889,0.370790660381317,0.430062055587769,0.389898002147675,0.439623028039932,0.517151236534119,0.431247591972351,0.403202533721924,0.418508857488632,0.435081988573074,0.646553337574005,0.683765411376953,0.578235864639282,0.603648602962494,0.26527214050293,0.00841724686324596,0.368835389614105,0.401725202798843,0.455086767673492,0.532370805740356,0.472108215093613,0.443586528301239,0.0930150076746941,0.100206419825554,0.18322591483593,0,0,0.165549129247665,0.366085350513458,0.407178968191147,0.336236625909805,0.25720676779747,0.181273475289345,0.00904252007603645,0,0.0198319647461176,0.377646684646606,0.484263271093369,0.586035847663879,0.609874248504639,0.495432496070862,0.439101248979568,0,0.369667440652847,0.479185193777084,0.25961834192276,0,0,0,0,0,0,0,0.222794890403748,0.352246403694153,0.397571623325348,0.399214774370193,0,0,0,0,0,0.402963131666183,0,0,0,0,0,0,0,0,0,0,0,0,0,0,0,0,0.16066712141037,0,0,0,0,0,0,0,0,0,0,0,0,0,0,0,0,0,0,0,0,0,0,0,0,0,0,0,0,0,0,0,0,0,0,0,0,0,27
Diepholz,0,0,0,0,0,0,0,0,0,0,0,0,0,0,0,0,0,0,0,0,0,0,0,0,0,0,0,0,0,0,0,0,0,0,0,0,0,0,0,0,0,0,0,0,0,0,0,0,0,0,0,0,0,0,0,0,0,0,0,0,0,0,0,0,0,0,0,0,0,0,0,0,0,0,0,0,0,0,0,0,0,0,0,0,0,0,0,0,0,0,0,0,0,0,0,0,0,0,0,0,0,0,0,0,0,0,0,0,0,0,0,0,0,0,0,0,0,0,0,0,0,0,0,0,0,0,0,0,0,0,0,0,0,0,0,0,0,0,0,0,0,0,0,0,0,0,0,0,0,0,0,0,0,0,0,0,0,0,0,0,0,0,0,0.00866474118083715,0.00798936374485493,0,0,0,0,0,0,0,0,0,0,0,0,0,0,0,0,0,0,0,0,0.0468407534062862,0.0747967138886452,0.0925148352980614,0.0970018655061722,0.117460921406746,0.107249982655048,0.063261516392231,0.0711111500859261,0.123291820287704,0.170015498995781,0.178129196166992,0.192670792341232,0.146471664309502,0.095753401517868,0.219994783401489,0.169545397162437,0.26558330655098,0.386410027742386,0.367326289415359,0.360516458749771,0.319515615701675,0.0259873550385237,0.0226249638944864,0.115035653114319,0.175365999341011,0.244195073843002,0.325675159692764,0.383377522230148,0.420750051736832,0.349969565868378,0.228924125432968,0.167236149311066,0.226411402225494,0.317406415939331,0.33834570646286,0.307941406965256,0.39073383808136,0.347800701856613,0.387921661138535,0.320378541946411,0.311516463756561,0.392417877912521,0.43886524438858,0.469389736652374,0.410267293453217,0.420322239398956,0.387212127447128,0.435803294181824,0.413648903369904,0.261320769786835,0.300992131233215,0.385416954755783,0.35238653421402,0.217738673090935,0.463957369327545,0.528362393379211,0.518594682216644,0.453412681818008,0.424323707818985,0.364494919776917,0.41162383556366,0.295882403850555,0.255958765745163,0.165509045124054,0.278579026460648,0.308231711387634,0.36482447385788,0.344026267528534,0.385767072439194,0.326484709978104,0.308279991149902,0.283951491117477,0.34885635972023,0.481103271245956,0.492918372154236,0.427546203136444,0.487713545560837,0.217121616005898,0.0785063505172729,0.305388927459717,0.299177020788193,0.352760195732117,0.429290473461151,0.40791729092598,0.36076283454895,0.205399423837662,0.024923799559474,0.214443624019623,1.79280523298075e-05,0.134392082691193,0.237642183899879,0.335051327943802,0.302277326583862,0.243184641003609,0.0957983881235123,0.0318089127540588,0.187945112586021,0,0,0.313035100698471,0.396972745656967,0.467906028032303,0.46895769238472,0.383684307336807,0.345590740442276,0.0271817371249199,0.275349229574203,0.353021532297134,0.204106420278549,0,0,0,0,0,0,0,0.187678426504135,0.306384891271591,0.313066691160202,0.296972304582596,0,0,0,0,0,0.258292198181152,0,0,0,0,0,0,0,0,0,0,0,0,0,0,0,0,0.142086237668991,0,0,0,0,0,0,0,0,0,0,0,0,0,0,0,0,0,0,0,0,0,0,0,0,0,0,0,0,0,0,0,0,0,0,0,0,0,28
Hameln-Pyrmont,0,0,0,0,0,0,0,0,0,0,0,0,0,0,0,0,0,0,0,0,0,0,0,0,0,0,0,0,0,0,0,0,0,0,0,0,0,0,0,0,0,0,0,0,0,0,0,0,0,0,0,0,0,0,0,0,0,0,0,0,0,0,0,0,0,0,0,0,0,0,0,0,0,0,0,0,0,0,0,0,0,0,0,0,0,0,0,0,0,0,0,0,0,0,0,0,0,0,0,0,0,0,0,0,0,0,0,0,0,0,0,0,0,0,0,0,0,0,0,0,0,0,0,0,0,0,0,0,0,0,0,0,0,0,0,0,0,0,0,0,0,0,0,0,0,0,0,0,0,0,0,0,0,0,0,0,0,0,0,0,0,0,0,0.00881452299654484,0.00797592382878065,0,0,0,0,0,0,0,0,0,0,0,0,0,0,0,0,0,0,0,0,0.0136718424037099,0.0556903481483459,0.0971461981534958,0.0933668464422226,0.113350480794907,0.10806018859148,0.0705448985099792,0.0792749598622322,0.11704421043396,0.160305380821228,0.16571681201458,0.189595282077789,0.156043857336044,0.0268636904656887,0.202048867940903,0.190270334482193,0.278366446495056,0.376385390758514,0.370285153388977,0.377215683460236,0.349856406450272,0.243577256798744,0,0.149277046322823,0.2060736566782,0.244277164340019,0.312462210655212,0.37674880027771,0.416132241487503,0.371121108531952,0.264924108982086,0,0.094368152320385,0.312165826559067,0.341390818357468,0.308138757944107,0.379273772239685,0.362031131982803,0.363429129123688,0.253052204847336,0.318850100040436,0.350951343774796,0.432301253080368,0.435885727405548,0.349559336900711,0.42066502571106,0.3637455701828,0.434381037950516,0.425033360719681,0.265350610017776,0.257840305566788,0.359632015228271,0.393417954444885,0.330767214298248,0.462745934724808,0.484481424093246,0.493323117494583,0.425778269767761,0.389916718006134,0.350727915763855,0.443645238876343,0.332295447587967,0.308673769235611,0.251764357089996,0.269372999668121,0.318738549947739,0.29639145731926,0.295763701200485,0.402956306934357,0.298811972141266,0.314373791217804,0.323427528142929,0.348839670419693,0.507688403129578,0.54519510269165,0.467214822769165,0.470752090215683,0.152525633573532,0,0.253158539533615,0.306091725826263,0.369291633367538,0.421942085027695,0.377433955669403,0.303643077611923,0,0.0473799966275692,0.00911943521350622,0,0,0,0.262331634759903,0.300560593605042,0.185122892260551,0.0810586661100388,0.215899243950844,0,0,0.169921681284904,0.294019877910614,0.372029215097427,0.453131586313248,0.458381205797195,0.374544769525528,0.31033456325531,0,0.296522676944733,0.379201799631119,0.145901873707771,0,0,0,0,0,0,0,0.132155224680901,0.237203568220139,0.298744916915894,0.288249015808105,0,0,0,0,0,0.302274107933044,0,0,0,0,0,0,0,0,0,0,0,0,0,0,0,0,0.0435826294124126,0,0,0,0,0,0,0,0,0,0,0,0,0,0,0,0,0,0,0,0,0,0,0,0,0,0,0,0,0,0,0,0,0,0,0,0,0,29
Hildesheim,0,0,0,0,0,0,0,0,0,0,0,0,0,0,0,0,0,0,0,0,0,0,0,0,0,0,0,0,0,0,0,0,0,0,0,0,0,0,0,0,0,0,0,0,0,0,0,0,0,0,0,0,0,0,0,0,0,0,0,0,0,0,0,0,0,0,0,0,0,0,0,0,0,0,0,0,0,0,0,0,0,0,0,0,0,0,0,0,0,0,0,0,0,0,0,0,0,0,0,0,0,0,0,0,0,0,0,0,0,0,0,0,0,0,0,0,0,0,0,0,0,0,0,0,0,0,0,0,0,0,0,0,0,0,0,0,0,0,0,0,0,0,0,0,0,0,0,0,0,0,0,0,0,0,0,0,0,0,0,0,0,0,0,0.00770789571106434,0.00754012260586023,0,0,0,0,0,0,0,0,0,0,0,0,0,0,0,0,0,0,0,0,0.00743329524993896,0.0590808764100075,0.0964425355195999,0.101484403014183,0.120723977684975,0.11066297441721,0.0798229575157166,0.0783226788043976,0.122979074716568,0.156759440898895,0.164957523345947,0.183457523584366,0.15073174238205,0.0242465529590845,0.191250696778297,0.180714890360832,0.262545317411423,0.360268026590347,0.370594024658203,0.367087721824646,0.348127603530884,0.267525345087051,0.0380865447223186,0.160351023077965,0.217247381806374,0.230935454368591,0.285847246646881,0.358307391405106,0.402699023485184,0.362313717603683,0.24986869096756,0,0.0977660939097404,0.281192749738693,0.322095423936844,0.29592901468277,0.384344220161438,0.363319486379623,0.33803516626358,0.230686664581299,0.302817314863205,0.339882105588913,0.412595838308334,0.445642501115799,0.347806304693222,0.397373497486115,0.363434821367264,0.420877546072006,0.405448377132416,0.272002995014191,0.239926666021347,0.337507516145706,0.373942703008652,0.313490569591522,0.444768756628036,0.481896430253983,0.497851371765137,0.438104808330536,0.387525230646133,0.361252695322037,0.434547901153564,0.344445556402206,0.293651729822159,0.255090236663818,0.256244748830795,0.313606083393097,0.292268574237823,0.315794438123703,0.408122509717941,0.318820208311081,0.317680984735489,0.326426416635513,0.317851334810257,0.493031978607178,0.539357960224152,0.449553579092026,0.44536754488945,0.213054329156876,0,0.246695056557655,0.314749389886856,0.351450979709625,0.410295814275742,0.335207372903824,0.292658656835556,0,0,0.0240070577710867,0,0,0.0535432957112789,0.239410862326622,0.285522699356079,0.206190884113312,0.0691094920039177,0.197330325841904,0,0,0.0968200489878654,0.288332253694534,0.336451262235641,0.435590386390686,0.452924996614456,0.368100523948669,0.298193037509918,0,0.275205582380295,0.374897599220276,0.180831536650658,0,0,0,0,0,0,0.00446790968999267,0.145737767219543,0.227916806936264,0.294015675783157,0.292944341897964,0,0,0,0,0.00856138579547405,0.312509447336197,0,0,0,0,0,0,0,0,0,0,0,0,0,0,0,0,0.089700922369957,0,0,0,0,0,0,0,0,0,0,0,0,0,0,0,0,0,0,0,0,0,0,0,0,0,0,0,0,0,0,0,0,0,0,0,0,0,30
Holzminden,0,0,0,0,0,0,0,0,0,0,0,0,0,0,0,0,0,0,0,0,0,0,0,0,0,0,0,0,0,0,0,0,0,0,0,0,0,0,0,0,0,0,0,0,0,0,0,0,0,0,0,0,0,0,0,0,0,0,0,0,0,0,0,0,0,0,0,0,0,0,0,0,0,0,0,0,0,0,0,0,0,0,0,0,0,0,0,0,0,0,0,0,0,0,0,0,0,0,0,0,0,0,0,0,0,0,0,0,0,0,0,0,0,0,0,0,0,0,0,0,0,0,0,0,0,0,0,0,0,0,0,0,0,0,0,0,0,0,0,0,0,0,0,0,0,0,0,0,0,0,0,0,0,0,0,0,0,0,0,0,0,0,0,0.00576575798913836,0.00518311001360416,0,0,0,0,0,0,0,0,0,0,0,0,0,0,0,0,0,0,0,0,0,0.0307702403515577,0.0702064484357834,0.0694297030568123,0.081762008368969,0.0784833133220673,0.0522446893155575,0.0644666701555252,0.0913452804088593,0.121305711567402,0.123367317020893,0.143701761960983,0.116543248295784,0,0.151545152068138,0.15563602745533,0.227954193949699,0.298169553279877,0.299006730318069,0.305729776620865,0.289275944232941,0.215042158961296,0,0.119684636592865,0.166959568858147,0.192881867289543,0.225072622299194,0.302749216556549,0.33476135134697,0.301164776086807,0.2054273635149,0,0.00203906348906457,0.229804754257202,0.262005567550659,0.227036133408546,0.296359807252884,0.283938854932785,0.268314778804779,0.175269350409508,0.240312591195107,0.245451226830482,0.339878648519516,0.33704748749733,0.238700583577156,0.310040593147278,0.27478039264679,0.337478876113892,0.339233189821243,0.210907936096191,0.160933867096901,0.257568299770355,0.310100704431534,0.283936053514481,0.362330794334412,0.373813539743423,0.377128690481186,0.317343562841415,0.284148812294006,0.263719618320465,0.337486237287521,0.250704824924469,0.221126392483711,0.174575373530388,0.148353412747383,0.21577824652195,0.218857571482658,0.194016352295876,0.292336881160736,0.201741248369217,0.218920886516571,0.224758848547935,0.244938462972641,0.379481226205826,0.421116203069687,0.351136565208435,0.341428935527802,0.028924971818924,0,0.15834367275238,0.220644623041153,0.255862385034561,0.299665808677673,0.262109279632568,0.193390607833862,0,0,0,0,0,0,0.170386448502541,0.202371254563332,0.0296645481139421,0,0.157501235604286,0,0,0.135053217411041,0.216855272650719,0.259113013744354,0.327000200748444,0.324117451906204,0.264927297830582,0.201127678155899,0,0.213360950350761,0.279084384441376,0.0341740623116493,0,0,0,0,0,0,0,0.0302339643239975,0.117350429296494,0.203370869159698,0.197064101696014,0,0,0,0,0,0.226923480629921,0,0,0,0,0,0,0,0,0,0,0,0,0,0,0,0,0,0,0,0,0,0,0,0,0,0,0,0,0,0,0,0,0,0,0,0,0,0,0,0,0,0,0,0,0,0,0,0,0,0,0,0,0,0,31
Nienburg (Weser),0,0,0,0,0,0,0,0,0,0,0,0,0,0,0,0,0,0,0,0,0,0,0,0,0,0,0,0,0,0,0,0,0,0,0,0,0,0,0,0,0,0,0,0,0,0,0,0,0,0,0,0,0,0,0,0,0,0,0,0,0,0,0,0,0,0,0,0,0,0,0,0,0,0,0,0,0,0,0,0,0,0,0,0,0,0,0,0,0,0,0,0,0,0,0,0,0,0,0,0,0,0,0,0,0,0,0,0,0,0,0,0,0,0,0,0,0,0,0,0,0,0,0,0,0,0,0,0,0,0,0,0,0,0,0,0,0,0,0,0,0,0,0,0,0,0,0,0,0,0,0,0,0,0,0,0,0,0,0,0,0,0,0,0.0118283070623875,0.0109856901690364,0,0,0,0,0,0,0,0,0,0,0,0,0,0,0,0,0,0,0,0,0.0584384016692638,0.090322457253933,0.118445806205273,0.118268556892872,0.139722794294357,0.130830824375153,0.089464507997036,0.0808302238583565,0.141184031963348,0.18533556163311,0.197291925549507,0.217676550149918,0.17165607213974,0.105091616511345,0.240573391318321,0.19837486743927,0.284521222114563,0.422121167182922,0.400605142116547,0.405736654996872,0.363974511623383,0.172149747610092,0.104799941182137,0.162635952234268,0.214245721697807,0.266773879528046,0.357881754636765,0.407170325517654,0.45519608259201,0.388878703117371,0.273698270320892,0.114528015255928,0.227741226553917,0.343613892793655,0.379148542881012,0.349433749914169,0.428178310394287,0.403419375419617,0.41511932015419,0.324713557958603,0.348505437374115,0.420305520296097,0.473109424114227,0.504767715930939,0.433379024267197,0.475897520780563,0.434625923633575,0.481051117181778,0.453073590993881,0.304154723882675,0.33606231212616,0.430582374334335,0.398026317358017,0.269453018903732,0.503285706043243,0.560987651348114,0.573146343231201,0.520341455936432,0.469600170850754,0.415775895118713,0.478922098875046,0.370646178722382,0.342943787574768,0.271140098571777,0.329014450311661,0.370814323425293,0.367158800363541,0.39331117272377,0.442118316888809,0.393839597702026,0.376669734716415,0.372257739305496,0.402526080608368,0.564200043678284,0.58411055803299,0.505691409111023,0.543118536472321,0.254327237606049,0.146808072924614,0.343447118997574,0.349386006593704,0.408932089805603,0.480684876441956,0.45059460401535,0.399881452322006,0.138508379459381,0.185409590601921,0.265912890434265,0,0.0112596917897463,0.221529737114906,0.370196938514709,0.359143823385239,0.29221972823143,0.237888112664223,0.145790085196495,0.142135620117188,0,0.0535894371569157,0.340181231498718,0.44270920753479,0.526428878307343,0.541725754737854,0.441397488117218,0.402306497097015,0.00210949266329408,0.33092874288559,0.419316977262497,0.241932779550552,0,0,0,0,0,0,0,0.214227065443993,0.330213993787766,0.356619894504547,0.351792305707932,0,0,0,0,0,0.335318356752396,0,0,0,0,0,0,0,0,0,0,0,0,0,0,0,0,0.165927708148956,0,0,0,0,0,0,0,0,0,0,0,0,0,0,0,0,0,0,0,0,0,0,0,0,0,0,0,0,0,0,0,0,0,0,0,0,0,32
Schaumburg,0,0,0,0,0,0,0,0,0,0,0,0,0,0,0,0,0,0,0,0,0,0,0,0,0,0,0,0,0,0,0,0,0,0,0,0,0,0,0,0,0,0,0,0,0,0,0,0,0,0,0,0,0,0,0,0,0,0,0,0,0,0,0,0,0,0,0,0,0,0,0,0,0,0,0,0,0,0,0,0,0,0,0,0,0,0,0,0,0,0,0,0,0,0,0,0,0,0,0,0,0,0,0,0,0,0,0,0,0,0,0,0,0,0,0,0,0,0,0,0,0,0,0,0,0,0,0,0,0,0,0,0,0,0,0,0,0,0,0,0,0,0,0,0,0,0,0,0,0,0,0,0,0,0,0,0,0,0,0,0,0,0,0,0.0140720335766673,0.0129022980108857,0,0,0,0,0,0,0,0,0,0,0,0,0,0,0,0,0,0,0,0,0.0575672797858715,0.0945749804377556,0.135570332407951,0.132540389895439,0.157383114099503,0.151441693305969,0.0971338152885437,0.0978790745139122,0.154579073190689,0.211409091949463,0.224882915616035,0.251945227384567,0.206002682447433,0.11037439852953,0.274184137582779,0.241009294986725,0.338070780038834,0.488732516765594,0.468220889568329,0.478913575410843,0.434823900461197,0.256554633378983,0.0593790821731091,0.196045368909836,0.256350696086884,0.316792964935303,0.41897588968277,0.479707092046738,0.528141498565674,0.464737892150879,0.339231163263321,0,0.227025732398033,0.413908869028091,0.451686143875122,0.404794484376907,0.493507593870163,0.473682343959808,0.48123362660408,0.356178969144821,0.414162367582321,0.470829337835312,0.555221855640411,0.574567437171936,0.481437981128693,0.554360270500183,0.488122552633286,0.560404658317566,0.538129568099976,0.348679900169373,0.374455720186234,0.488946199417114,0.494049161672592,0.38218230009079,0.593274652957916,0.636206567287445,0.662448346614838,0.592235386371613,0.537003993988037,0.46953022480011,0.573458313941956,0.436884999275208,0.420081794261932,0.339476406574249,0.378036141395569,0.43327385187149,0.407519489526749,0.445329248905182,0.532299160957336,0.443900465965271,0.439311623573303,0.44265478849411,0.476176589727402,0.684788882732391,0.711723029613495,0.616286098957062,0.638346552848816,0.261566072702408,0.00310349930077791,0.378000438213348,0.415758043527603,0.501184642314911,0.575861036777496,0.52538388967514,0.443118900060654,0,0.237059757113457,0.214810147881508,0,0,0.05009476095438,0.392639964818954,0.414761304855347,0.326104551553726,0.299137800931931,0.281798422336578,0,0,0.169038116931915,0.401617109775543,0.528636395931244,0.629333138465881,0.637376725673676,0.518383681774139,0.455766290426254,0,0.400465965270996,0.518465757369995,0.254424333572388,0,0,0,0,0,0,0,0.232134789228439,0.358390092849731,0.429554641246796,0.409059226512909,0,0,0,0,0,0.402902811765671,0,0,0,0,0,0,0,0,0,0,0,0,0,0,0,0,0.177053138613701,0,0,0,0,0,0,0,0,0,0,0,0,0,0,0,0,0,0,0,0,0,0,0,0,0,0,0,0,0,0,0,0,0,0,0,0,0,33
Celle,0,0,0,0,0,0,0,0,0,0,0,0,0,0,0,0,0,0,0,0,0,0,0,0,0,0,0,0,0,0,0,0,0,0,0,0,0,0,0,0,0,0,0,0,0,0,0,0,0,0,0,0,0,0,0,0,0,0,0,0,0,0,0,0,0,0,0,0,0,0,0,0,0,0,0,0,0,0,0,0,0,0,0,0,0,0,0,0,0,0,0,0,0,0,0,0,0,0,0,0,0,0,0,0,0,0,0,0,0,0,0,0,0,0,0,0,0,0,0,0,0,0,0,0,0,0,0,0,0,0,0,0,0,0,0,0,0,0,0,0,0,0,0,0,0,0,0,0,0,0,0,0,0,0,0,0,0,0,0,0,0,0,0,0.00613612681627274,0.00625550607219338,0,0,0,0,0,0,0,0,0,0,0,0,0,0,0,0,0,0,0,0,0.0441767163574696,0.0724104791879654,0.086846724152565,0.106876470148563,0.131642460823059,0.114746041595936,0.0889511778950691,0.0661492645740509,0.14040769636631,0.16288635134697,0.184092789888382,0.198598772287369,0.151094555854797,0.0476071648299694,0.20684452354908,0.194043815135956,0.264135599136353,0.382223665714264,0.390239775180817,0.383905738592148,0.350767284631729,0.228499874472618,0.0543751418590546,0.155094981193542,0.215196296572685,0.219083964824677,0.301199108362198,0.376178234815598,0.439379215240479,0.367549896240234,0.233738377690315,0.126983866095543,0.242834404110909,0.300566643476486,0.368974566459656,0.321919083595276,0.403421223163605,0.379243612289429,0.371628195047379,0.270999699831009,0.323046267032623,0.417254954576492,0.444338113069534,0.498620510101318,0.413962244987488,0.450866997241974,0.43455895781517,0.46094623208046,0.418784767389297,0.250119566917419,0.299360245466232,0.374752283096313,0.327077805995941,0.0936924144625664,0.466926515102386,0.538962364196777,0.515516221523285,0.471005529165268,0.410966455936432,0.35906657576561,0.410064667463303,0.337809920310974,0.304399847984314,0.203980341553688,0.264026254415512,0.366217374801636,0.324194997549057,0.356931209564209,0.376154512166977,0.320677250623703,0.275248676538467,0.29210963845253,0.319031655788422,0.492409378290176,0.539969503879547,0.436726927757263,0.460534334182739,0.165478736162186,0,0.275908201932907,0.312794864177704,0.321492999792099,0.384713858366013,0.321015506982803,0.342833369970322,0.015584952197969,0,0.0683215856552124,0,0,0.196912169456482,0.28622642159462,0.31031808257103,0.269043028354645,0.0167797300964594,0.00626398390159011,0,0,0,0.286001741886139,0.340513408184052,0.42583966255188,0.451385676860809,0.379898846149445,0.334124177694321,0,0.264504343271255,0.340691775083542,0.1959128677845,0,0,0,0,0,0,0,0.0638480186462402,0.279813677072525,0.309609323740005,0.312706410884857,0,0,0,0,0,0.311742871999741,0,0,0,0,0,0,0,0,0,0,0,0,0,0,0,0,0.113911665976048,0,0,0,0,0,0,0,0,0,0,0,0,0,0,0,0,0,0,0,0,0,0,0,0,0,0,0,0,0,0,0,0,0,0,0,0,0,34
Cuxhaven,0,0,0,0,0,0,0,0,0,0,0,0,0,0,0,0,0,0,0,0,0,0,0,0,0,0,0,0,0,0,0,0,0,0,0,0,0,0,0,0,0,0,0,0,0,0,0,0,0,0,0,0,0,0,0,0,0,0,0,0,0,0,0,0,0,0,0,0,0,0,0,0,0,0,0,0,0,0,0,0,0,0,0,0,0,0,0,0,0,0,0,0,0,0,0,0,0,0,0,0,0,0,0,0,0,0,0,0,0,0,0,0,0,0,0,0,0,0,0,0,0,0,0,0,0,0,0,0,0,0,0,0,0,0,0,0,0,0,0,0,0,0,0,0,0,0,0,0,0,0,0,0,0,0,0,0,0,0,0,0,0,0,0,0.00191861495841295,0.0017854196485132,0,0,0,0,0,0,0,0,0,0,0,0,0,0,0,0,0,0,0,0,0.0185478217899799,0.0365937538444996,0.0414617359638214,0.0483170971274376,0.0651927590370178,0.0628322958946228,0.0396392121911049,0.0379203893244267,0.0706419572234154,0.0876021236181259,0.0982425883412361,0.104906857013702,0.0690193474292755,0.00839832331985235,0.125361397862434,0.0537042170763016,0.1644506752491,0.251838594675064,0.223112434148788,0.206771120429039,0.171107977628708,0,0,0.00888791028410196,0.0162329841405153,0.142143860459328,0.210103452205658,0.199549034237862,0.278968214988708,0.239696115255356,0.168105468153954,0.1982282102108,0.180059909820557,0.158145681023598,0.223682910203934,0.195306584239006,0.263544112443924,0.227664068341255,0.254533052444458,0.216615110635757,0.204219073057175,0.26986289024353,0.328293085098267,0.336771786212921,0.319181054830551,0.296583503484726,0.27006584405899,0.279270827770233,0.259337604045868,0.179261922836304,0.201958060264587,0.220338493585587,0.19418902695179,0.19437800347805,0.323425859212875,0.368522137403488,0.358327120542526,0.315138071775436,0.279242813587189,0.218499213457108,0.259197592735291,0.19666488468647,0.181154489517212,0.142025902867317,0.160866916179657,0.191506400704384,0.249990016222,0.238813102245331,0.256865888834,0.217231124639511,0.193752929568291,0.163375571370125,0.246398001909256,0.326787680387497,0.31592270731926,0.25005891919136,0.288429081439972,0.146372631192207,0.134423434734344,0.18682649731636,0.197373107075691,0.167792797088623,0.215233832597733,0.177437052130699,0.24241641163826,0.175704047083855,0.0377989560365677,0.133271723985672,0.12061657756567,0.147593155503273,0.179429933428764,0.227330103516579,0.155733644962311,0.151921153068542,0,0.016772223636508,0.16312874853611,0,0,0.194402262568474,0.266200125217438,0.294965744018555,0.273364394903183,0.257940858602524,0.216412842273712,0.0333798639476299,0.128433242440224,0.20468644797802,0.153150081634521,0,0.0156727358698845,0,0,0,0,0,0.115106537938118,0.183182656764984,0.215779572725296,0.200101479887962,0,0,0,0,0,0.148802027106285,0,0,0,0,0,0,0,0,0,0,0,0,0,0,0,0,0.08024712651968,0,0,0,0,0,0,0,0,0,0,0,0,0,0,0,0,0,0,0,0,0,0,0,0,0,0,0,0,0,0,0,0,0,0,0,0,0,35
Harburg,0,0,0,0,0,0,0,0,0,0,0,0,0,0,0,0,0,0,0,0,0,0,0,0,0,0,0,0,0,0,0,0,0,0,0,0,0,0,0,0,0,0,0,0,0,0,0,0,0,0,0,0,0,0,0,0,0,0,0,0,0,0,0,0,0,0,0,0,0,0,0,0,0,0,0,0,0,0,0,0,0,0,0,0,0,0,0,0,0,0,0,0,0,0,0,0,0,0,0,0,0,0,0,0,0,0,0,0,0,0,0,0,0,0,0,0,0,0,0,0,0,0,0,0,0,0,0,0,0,0,0,0,0,0,0,0,0,0,0,0,0,0,0,0,0,0,0,0,0,0,0,0,0,0,0,0,0,0,0,0,0,0,0,0.00440957443788648,0.00445337640121579,0,0,0,0,0,0,0,0,0,0,0,0,0,0,0,0,0,0,0,0,0.0451565757393837,0.0622672699391842,0.0748015344142914,0.0968259796500206,0.124649442732334,0.121767960488796,0.089943453669548,0.0860738307237625,0.142076745629311,0.163845077157021,0.182384893298149,0.191108345985413,0.131351634860039,0.0511998496949673,0.220136359333992,0.168129786849022,0.276411533355713,0.408942013978958,0.411496490240097,0.398675113916397,0.338522344827652,0.107324466109276,0.00371692352928221,0.150394454598427,0.217290475964546,0.235795438289642,0.330785185098648,0.388501942157745,0.466306090354919,0.398433685302734,0.285478174686432,0.233532667160034,0.308163046836853,0.301275104284286,0.402033925056458,0.328440755605698,0.436719715595245,0.413302719593048,0.414674758911133,0.328177362680435,0.343773633241653,0.435253888368607,0.506161570549011,0.552314937114716,0.509185433387756,0.520029902458191,0.49144658446312,0.484030842781067,0.442485213279724,0.266618311405182,0.304149925708771,0.366207212209702,0.304973393678665,0.168952122330666,0.532875001430511,0.611470580101013,0.55873966217041,0.520943462848663,0.480833917856216,0.398433029651642,0.448187112808228,0.343842297792435,0.31530624628067,0.0627128332853317,0.284135401248932,0.322760403156281,0.385918468236923,0.407309591770172,0.388703316450119,0.329217523336411,0.311368137598038,0.249936327338219,0.369289666414261,0.543230712413788,0.563520789146423,0.44461977481842,0.493325650691986,0.166720107197762,0,0.272078990936279,0.301393806934357,0.260437965393066,0.338175475597382,0.282433956861496,0.373955756425858,0.075054295361042,0,0,0,0,0.227540001273155,0.319054871797562,0.314748048782349,0.328530162572861,0,0,0.0376704782247543,0,0,0.293754726648331,0.391047835350037,0.459931224584579,0.453149437904358,0.415460199117661,0.354707837104797,0,0.254761248826981,0.281814455986023,0.234508275985718,0,0,0,0,0,0,0,0,0.291090846061707,0.348123788833618,0.336848318576813,0,0,0,0,0,0.305258929729462,0,0,0,0,0,0,0,0,0,0,0,0,0,0,0,0,0.139578521251678,0,0,0,0,0,0,0,0,0,0,0,0,0,0,0,0,0,0,0,0,0,0,0,0,0,0,0,0,0,0,0,0,0,0,0,0,0,36
Lüchow-Dannenberg,0,0,0,0,0,0,0,0,0,0,0,0,0,0,0,0,0,0,0,0,0,0,0,0,0,0,0,0,0,0,0,0,0,0,0,0,0,0,0,0,0,0,0,0,0,0,0,0,0,0,0,0,0,0,0,0,0,0,0,0,0,0,0,0,0,0,0,0,0,0,0,0,0,0,0,0,0,0,0,0,0,0,0,0,0,0,0,0,0,0,0,0,0,0,0,0,0,0,0,0,0,0,0,0,0,0,0,0,0,0,0,0,0,0,0,0,0,0,0,0,0,0,0,0,0,0,0,0,0,0,0,0,0,0,0,0,0,0,0,0,0,0,0,0,0,0,0,0,0,0,0,0,0,0,0,0,0,0,0,0,0,0,0,0.00847783125936985,0.00929157435894012,0.000697401585057378,0,0,0,0,0,0,0,0,0,0,0,0,0.00845726393163204,0,0,0,0,0,0,0.0062747779302299,0.0813941061496735,0.105659514665604,0.15288482606411,0.173852011561394,0.164007917046547,0.150094211101532,0.162258416414261,0.188057631254196,0.210651680827141,0.24320025742054,0.269395023584366,0.202998250722885,0.0348638780415058,0.269840776920319,0.248958081007004,0.345163732767105,0.495797485113144,0.522650480270386,0.528127670288086,0.489078491926193,0.388954937458038,0.205032408237457,0.240858927369118,0.308976173400879,0.317040681838989,0.391875356435776,0.473289787769318,0.592022299766541,0.504096031188965,0.353585213422775,0.239917412400246,0.418536603450775,0.408457607030869,0.52667099237442,0.450373291969299,0.56182998418808,0.527319371700287,0.502463102340698,0.322624117136002,0.474525690078735,0.624267578125,0.640522301197052,0.696468710899353,0.602677524089813,0.624639928340912,0.66188633441925,0.691621005535126,0.601610898971558,0.372482150793076,0.441996097564697,0.503118097782135,0.441075533628464,0.310568302869797,0.720454335212708,0.810105383396149,0.764730155467987,0.717982769012451,0.637807250022888,0.543352842330933,0.611489474773407,0.528340637683868,0.487960666418076,0.351578384637833,0.449688583612442,0.542359828948975,0.597646713256836,0.566384017467499,0.624389171600342,0.537159264087677,0.455631405115128,0.39213553071022,0.486121952533722,0.743843197822571,0.838886797428131,0.66338711977005,0.70008647441864,0.341643333435059,0,0.414095103740692,0.490800112485886,0.398056864738464,0.531663775444031,0.458447068929672,0.514804422855377,0.0472368411719799,0,0,0,0.11705370247364,0.355585038661957,0.433985114097595,0.392676889896393,0.446238279342651,0,0.0152372680604458,0,0,0,0.332481473684311,0.477389186620712,0.61474883556366,0.668060839176178,0.59664648771286,0.505968749523163,0,0.327649295330048,0.466842949390411,0.377821385860443,0,0,0,0,0,0,0,0,0.401578903198242,0.472365379333496,0.467925816774368,0,0,0,0,0,0.44249016046524,0,0,0,0,0,0,0,0,0,0,0,0,0,0,0,0,0.21045871078968,0,0,0,0,0,0,0,0,0,0,0,0,0,0,0,0,0,0,0,0,0,0,0,0,0,0,0,0,0,0,0,0,0,0,0,0,0,37
Lüneburg,0,0,0,0,0,0,0,0,0,0,0,0,0,0,0,0,0,0,0,0,0,0,0,0,0,0,0,0,0,0,0,0,0,0,0,0,0,0,0,0,0,0,0,0,0,0,0,0,0,0,0,0,0,0,0,0,0,0,0,0,0,0,0,0,0,0,0,0,0,0,0,0,0,0,0,0,0,0,0,0,0,0,0,0,0,0,0,0,0,0,0,0,0,0,0,0,0,0,0,0,0,0,0,0,0,0,0,0,0,0,0,0,0,0,0,0,0,0,0,0,0,0,0,0,0,0,0,0,0,0,0,0,0,0,0,0,0,0,0,0,0,0,0,0,0,0,0,0,0,0,0,0,0,0,0,0,0,0,0,0,0,0,0,0.00524675799533725,0.0055303405970335,0,0,0,0,0,0,0,0,0,0,0,0,0,0,0,0,0,0,0,0,0.037782721221447,0.0628794878721237,0.0779759213328362,0.110693275928497,0.134250447154045,0.128726586699486,0.105905577540398,0.111710421741009,0.146831348538399,0.16862978041172,0.196477979421616,0.209786668419838,0.147200137376785,0.0590134151279926,0.229394659399986,0.192108154296875,0.278351157903671,0.412713170051575,0.429499864578247,0.425494849681854,0.375383794307709,0.242292478680611,0.103888556361198,0.180348142981529,0.236694306135178,0.245846822857857,0.327643424272537,0.398714542388916,0.484259933233261,0.41945481300354,0.293550223112106,0.214419990777969,0.33790522813797,0.330897718667984,0.421522200107574,0.355934143066406,0.448937833309174,0.425522863864899,0.411946475505829,0.310082912445068,0.373518943786621,0.481264472007751,0.523501932621002,0.569081604480743,0.507190585136414,0.529661476612091,0.531550943851471,0.533737540245056,0.472105234861374,0.291711658239365,0.332769274711609,0.397013634443283,0.330507725477219,0.215274333953857,0.566704273223877,0.639765083789825,0.586573004722595,0.557559311389923,0.488949298858643,0.421525776386261,0.475979864597321,0.387116193771362,0.369551330804825,0.181336596608162,0.331567108631134,0.395167469978333,0.455073058605194,0.444782972335815,0.441379636526108,0.368569791316986,0.33800595998764,0.26507779955864,0.389850795269012,0.585109829902649,0.62712037563324,0.496002912521362,0.538498222827911,0.180474162101746,0,0.303578108549118,0.343582838773727,0.281977087259293,0.380506545305252,0.310999542474747,0.388812869787216,0.0765785649418831,0,0,0,0.00648657418787479,0.257661193609238,0.331624686717987,0.341666400432587,0.379883527755737,0,0.0371539629995823,0,0,0,0.297747284173965,0.39464795589447,0.492974430322647,0.503300309181213,0.452274441719055,0.386914879083633,0,0.28319263458252,0.317649573087692,0.259605646133423,0,0,0,0,0,0,0,0,0.30907541513443,0.372972548007965,0.358006417751312,0,0,0,0,0,0.334143757820129,0,0,0,0,0,0,0,0,0,0,0,0,0,0,0,0,0.141815334558487,0,0,0,0,0,0,0,0,0,0,0,0,0,0,0,0,0,0,0,0,0,0,0,0,0,0,0,0,0,0,0,0,0,0,0,0,0,38
Osterholz,0,0,0,0,0,0,0,0,0,0,0,0,0,0,0,0,0,0,0,0,0,0,0,0,0,0,0,0,0,0,0,0,0,0,0,0,0,0,0,0,0,0,0,0,0,0,0,0,0,0,0,0,0,0,0,0,0,0,0,0,0,0,0,0,0,0,0,0,0,0,0,0,0,0,0,0,0,0,0,0,0,0,0,0,0,0,0,0,0,0,0,0,0,0,0,0,0,0,0,0,0,0,0,0,0,0,0,0,0,0,0,0,0,0,0,0,0,0,0,0,0,0,0,0,0,0,0,0,0,0,0,0,0,0,0,0,0,0,0,0,0,0,0,0,0,0,0,0,0,0,0,0,0,0,0,0,0,0,0,0,0,0,0,0.00488024111837149,0.00464791292324662,0,0,0,0,0,0,0,0,0,0,0,0,0,0,0,0,0,0,0,0,0.0429594144225121,0.0619686990976334,0.0715240463614464,0.0795381814241409,0.103944294154644,0.0927136987447739,0.0617626868188381,0.0538223087787628,0.113700017333031,0.143769592046738,0.160847023129463,0.165444552898407,0.117584846913815,0.062626376748085,0.197897538542747,0.129123702645302,0.251223564147949,0.372460812330246,0.343707084655762,0.323458313941956,0.275532901287079,0,0,0,0.109893016517162,0.225953042507172,0.305664092302322,0.337702691555023,0.414057463407516,0.335091292858124,0.222352102398872,0.248395368456841,0.261249661445618,0.27404248714447,0.321812987327576,0.295857697725296,0.38593927025795,0.341925829648972,0.382908165454865,0.314824610948563,0.298500746488571,0.394774675369263,0.45745775103569,0.484280616044998,0.445510774850845,0.423654764890671,0.394999086856842,0.410052806138992,0.385310620069504,0.253203064203262,0.292949974536896,0.332329243421555,0.291868180036545,0.226955235004425,0.458965510129929,0.532455086708069,0.505048751831055,0.45103931427002,0.40626522898674,0.330552101135254,0.386556833982468,0.28956463932991,0.246552050113678,0.130754917860031,0.24964714050293,0.283694058656693,0.371648639440536,0.343257278203964,0.379805505275726,0.307100921869278,0.271579414606094,0.201067909598351,0.331918835639954,0.468314468860626,0.464792460203171,0.384893596172333,0.463639378547668,0.19090111553669,0.170643642544746,0.266889631748199,0.283651322126389,0.280139118432999,0.354722112417221,0.297513723373413,0.354960143566132,0.238298356533051,0.0336799286305904,0.133736878633499,0.0539982207119465,0.194378331303596,0.255714476108551,0.315251886844635,0.230249956250191,0.161283522844315,0,0,0.201498731970787,0,0,0.282698899507523,0.373958706855774,0.428678274154663,0.406430184841156,0.381998986005783,0.312567800283432,0.0304297413676977,0.234749034047127,0.317375063896179,0.215095669031143,0,0,0,0,0,0,0,0.158992230892181,0.282958000898361,0.308649808168411,0.291092693805695,0,0,0,0,0,0.237623527646065,0,0,0,0,0,0,0,0,0,0,0,0,0,0,0,0,0.12229336053133,0,0,0,0,0,0,0,0,0,0,0,0,0,0,0,0,0,0,0,0,0,0,0,0,0,0,0,0,0,0,0,0,0,0,0,0,0,39
Rotenburg (Wümme),0,0,0,0,0,0,0,0,0,0,0,0,0,0,0,0,0,0,0,0,0,0,0,0,0,0,0,0,0,0,0,0,0,0,0,0,0,0,0,0,0,0,0,0,0,0,0,0,0,0,0,0,0,0,0,0,0,0,0,0,0,0,0,0,0,0,0,0,0,0,0,0,0,0,0,0,0,0,0,0,0,0,0,0,0,0,0,0,0,0,0,0,0,0,0,0,0,0,0,0,0,0,0,0,0,0,0,0,0,0,0,0,0,0,0,0,0,0,0,0,0,0,0,0,0,0,0,0,0,0,0,0,0,0,0,0,0,0,0,0,0,0,0,0,0,0,0,0,0,0,0,0,0,0,0,0,0,0,0,0,0,0,0,0.00503876293078065,0.00491817342117429,0,0,0,0,0,0,0,0,0,0,0,0,0,0,0,0,0,0,0,0,0.0393956042826176,0.0549847409129143,0.0662049204111099,0.073821172118187,0.099164716899395,0.0915491953492165,0.0647202879190445,0.0507826246321201,0.1119539514184,0.133675396442413,0.150202199816704,0.156614750623703,0.109132163226604,0.019815331324935,0.183093890547752,0.128977447748184,0.230904340744019,0.344151496887207,0.329368531703949,0.314999610185623,0.26924991607666,0.0282652098685503,0,0.0654394030570984,0.144352570176125,0.196468308568001,0.274375170469284,0.313765794038773,0.386558055877686,0.315383583307266,0.218887865543365,0.202042177319527,0.235366567969322,0.245842769742012,0.301473945379257,0.269714742898941,0.357612609863281,0.32229682803154,0.343966454267502,0.276434451341629,0.274300962686539,0.364658534526825,0.416855335235596,0.449576824903488,0.405658900737762,0.406551629304886,0.377290517091751,0.379817694425583,0.355416387319565,0.21702179312706,0.255400419235229,0.301993280649185,0.254642367362976,0.142499044537544,0.422985941171646,0.482649117708206,0.453913390636444,0.415640532970428,0.37912729382515,0.30582931637764,0.351471304893494,0.268709808588028,0.233542501926422,0.084876760840416,0.222457110881805,0.25825908780098,0.319149941205978,0.307019770145416,0.327473431825638,0.266995668411255,0.237980633974075,0.176629811525345,0.287173300981522,0.423684358596802,0.434819579124451,0.349614083766937,0.409118413925171,0.157793626189232,0.022192869335413,0.22888146340847,0.24809904396534,0.238331213593483,0.300102263689041,0.251803755760193,0.307329684495926,0.167880550026894,0,0.00435928534716368,0.000142723802127875,0.082933284342289,0.197422906756401,0.266689717769623,0.208993941545486,0.14455908536911,0,0,0.118564188480377,0,0,0.23784464597702,0.317076683044434,0.369492560625076,0.360127180814743,0.3344666659832,0.276609659194946,0.000171808467712253,0.208944290876389,0.266502976417542,0.17833836376667,0,0,0,0,0,0,0,0.0522264689207077,0.242510944604874,0.269620776176453,0.261247277259827,0,0,0,0,0,0.231728360056877,0,0,0,0,0,0,0,0,0,0,0,0,0,0,0,0,0.106249116361141,0,0,0,0,0,0,0,0,0,0,0,0,0,0,0,0,0,0,0,0,0,0,0,0,0,0,0,0,0,0,0,0,0,0,0,0,0,40
Heidekreis,0,0,0,0,0,0,0,0,0,0,0,0,0,0,0,0,0,0,0,0,0,0,0,0,0,0,0,0,0,0,0,0,0,0,0,0,0,0,0,0,0,0,0,0,0,0,0,0,0,0,0,0,0,0,0,0,0,0,0,0,0,0,0,0,0,0,0,0,0,0,0,0,0,0,0,0,0,0,0,0,0,0,0,0,0,0,0,0,0,0,0,0,0,0,0,0,0,0,0,0,0,0,0,0,0,0,0,0,0,0,0,0,0,0,0,0,0,0,0,0,0,0,0,0,0,0,0,0,0,0,0,0,0,0,0,0,0,0,0,0,0,0,0,0,0,0,0,0,0,0,0,0,0,0,0,0,0,0,0,0,0,0,0,0.00663973717018962,0.00655040191486478,0,0,0,0,0,0,0,0,0,0,0,0,0,0,0,0,0,0,0,0,0.0447305962443352,0.0674356445670128,0.0816466435790062,0.0963056907057762,0.120486401021481,0.108804985880852,0.0797202661633492,0.0551882348954678,0.130059435963631,0.15526020526886,0.174635767936707,0.188702270388603,0.137992307543755,0.0419699735939503,0.20439712703228,0.177188619971275,0.256168305873871,0.376444071531296,0.376209169626236,0.370883703231812,0.329191565513611,0.171852514147758,0.0212424751371145,0.126495480537415,0.197923004627228,0.209235951304436,0.30057293176651,0.360983699560165,0.425741314888,0.349812746047974,0.228705227375031,0.146529361605644,0.234862193465233,0.288548707962036,0.354929745197296,0.306109726428986,0.390948951244354,0.365040332078934,0.369882255792618,0.286130994558334,0.308776199817657,0.399155139923096,0.435366004705429,0.489420235157013,0.41615030169487,0.448245406150818,0.4234279692173,0.441202938556671,0.406352818012238,0.243935525417328,0.291459113359451,0.363084018230438,0.304497271776199,0.0707897022366524,0.459081023931503,0.526207327842712,0.508685648441315,0.461653649806976,0.410156309604645,0.350360065698624,0.398357927799225,0.312649637460709,0.289847165346146,0.120823167264462,0.250174939632416,0.350568890571594,0.302198648452759,0.334216594696045,0.344397574663162,0.291985511779785,0.257108837366104,0.257217675447464,0.312280416488647,0.478351056575775,0.51323789358139,0.415997087955475,0.45267578959465,0.107709161937237,0.00841638725250959,0.266376882791519,0.288207858800888,0.294947475194931,0.359989047050476,0.309415012598038,0.334477633237839,0.0475217886269093,0.0109181739389896,0.0638930723071098,0,0,0.187686741352081,0.282774567604065,0.296529769897461,0.260403156280518,0.042928222566843,0.00155671988613904,0.0101501233875751,0,0,0.276363670825958,0.343632519245148,0.418729156255722,0.441423803567886,0.368522852659225,0.329546064138412,0,0.26091480255127,0.318490594625473,0.191150918602943,0,0,0,0,0,0,0,0.0624257959425449,0.26972684264183,0.304390668869019,0.299112349748611,0,0,0,0,0,0.290306895971298,0,0,0,0,0,0,0,0,0,0,0,0,0,0,0,0,0.103065490722656,0,0,0,0,0,0,0,0,0,0,0,0,0,0,0,0,0,0,0,0,0,0,0,0,0,0,0,0,0,0,0,0,0,0,0,0,0,41
Stade,0,0,0,0,0,0,0,0,0,0,0,0,0,0,0,0,0,0,0,0,0,0,0,0,0,0,0,0,0,0,0,0,0,0,0,0,0,0,0,0,0,0,0,0,0,0,0,0,0,0,0,0,0,0,0,0,0,0,0,0,0,0,0,0,0,0,0,0,0,0,0,0,0,0,0,0,0,0,0,0,0,0,0,0,0,0,0,0,0,0,0,0,0,0,0,0,0,0,0,0,0,0,0,0,0,0,0,0,0,0,0,0,0,0,0,0,0,0,0,0,0,0,0,0,0,0,0,0,0,0,0,0,0,0,0,0,0,0,0,0,0,0,0,0,0,0,0,0,0,0,0,0,0,0,0,0,0,0,0,0,0,0,0,0.00136158417444676,0.00130457570776343,0,0,0,0,0,0,0,0,0,0,0,0,0,0,0,0,0,0,0,0,0.0155908456072211,0.0220598168671131,0.0265366788953543,0.0306551549583673,0.0430132485926151,0.0427320785820484,0.0302727818489075,0.0294037088751793,0.0501936338841915,0.05786107853055,0.0636494606733322,0.0668198242783546,0.0449016615748405,0,0.0799974650144577,0.0514877066016197,0.101032249629498,0.153422847390175,0.146722882986069,0.138657063245773,0.115894645452499,0,0,0.0458627305924892,0.0643269866704941,0.0868341326713562,0.12531353533268,0.135164529085159,0.171659499406815,0.14619342982769,0.108462415635586,0.106064356863499,0.111933849751949,0.102086097002029,0.138725072145462,0.119268871843815,0.161558836698532,0.146081045269966,0.154684126377106,0.126337200403214,0.124669164419174,0.160341650247574,0.193811193108559,0.204848498106003,0.190867453813553,0.18919275701046,0.174280032515526,0.171430736780167,0.15786637365818,0.0961405411362648,0.108371898531914,0.130253985524178,0.10943204164505,0.0818617045879364,0.194680795073509,0.220652610063553,0.205345273017883,0.188513845205307,0.173987120389938,0.13758684694767,0.15912714600563,0.121878154575825,0.106913089752197,0.0129937948659062,0.100611709058285,0.105789631605148,0.149494960904121,0.146018803119659,0.147320345044136,0.123196080327034,0.11399732530117,0.0844338834285736,0.134230419993401,0.192805379629135,0.195192694664001,0.15325665473938,0.176312416791916,0.0751319080591202,0.00610531959682703,0.0957162752747536,0.110491432249546,0.0947652161121368,0.118242301046848,0.102643400430679,0.136790603399277,0.0767125561833382,0,0.00594451138749719,0.00627466151490808,0.0422290302813053,0.091413713991642,0.1197365000844,0.0937927663326263,0.0877931267023087,0,0,0.0760007873177528,0,0,0.101114861667156,0.139593541622162,0.163540944457054,0.153391152620316,0.151282876729965,0.124238051474094,0,0.077199399471283,0.107751227915287,0.0839041471481323,0,0,0,0,0,0,0,0.00526491925120354,0.107714451849461,0.123784616589546,0.119335822761059,0,0,0,0,0,0.103001356124878,0,0,0,0,0,0,0,0,0,0,0,0,0,0,0,0,0.0507717840373516,0,0,0,0,0,0,0,0,0,0,0,0,0,0,0,0,0,0,0,0,0,0,0,0,0,0,0,0,0,0,0,0,0,0,0,0,0,42
Uelzen,0,0,0,0,0,0,0,0,0,0,0,0,0,0,0,0,0,0,0,0,0,0,0,0,0,0,0,0,0,0,0,0,0,0,0,0,0,0,0,0,0,0,0,0,0,0,0,0,0,0,0,0,0,0,0,0,0,0,0,0,0,0,0,0,0,0,0,0,0,0,0,0,0,0,0,0,0,0,0,0,0,0,0,0,0,0,0,0,0,0,0,0,0,0,0,0,0,0,0,0,0,0,0,0,0,0,0,0,0,0,0,0,0,0,0,0,0,0,0,0,0,0,0,0,0,0,0,0,0,0,0,0,0,0,0,0,0,0,0,0,0,0,0,0,0,0,0,0,0,0,0,0,0,0,0,0,0,0,0,0,0,0,0,0.00486912997439504,0.00514502264559269,0,0,0,0,0,0,0,0,0,0,0,0,0,0,0,0,0,0,0,0,0.0267937798053026,0.0597341060638428,0.0732524693012238,0.103129349648952,0.128458753228188,0.112208604812622,0.0945310816168785,0.0926022976636887,0.138363406062126,0.156460270285606,0.185116037726402,0.196679309010506,0.146427065134048,0.0281631983816624,0.202991560101509,0.187634274363518,0.259464025497437,0.381033718585968,0.398470342159271,0.393937170505524,0.359034597873688,0.252859145402908,0.102090492844582,0.163756862282753,0.215222984552383,0.216559171676636,0.296472489833832,0.369434773921967,0.448467522859573,0.380701065063477,0.25019097328186,0.15831683576107,0.285868704319,0.310524672269821,0.387592613697052,0.334255218505859,0.414670258760452,0.392519742250443,0.372020483016968,0.257563501596451,0.340469479560852,0.441827148199081,0.467401891946793,0.518770337104797,0.435584843158722,0.469826996326447,0.476267486810684,0.492242932319641,0.43565046787262,0.258453071117401,0.312965601682663,0.371917277574539,0.315009504556656,0.165153086185455,0.50850510597229,0.581587970256805,0.529255986213684,0.503969669342041,0.433281779289246,0.373265415430069,0.433191120624542,0.357651263475418,0.330845445394516,0.198579698801041,0.286151319742203,0.366284251213074,0.385547906160355,0.387309014797211,0.408047884702682,0.344639658927917,0.298191785812378,0.273436069488525,0.341170340776443,0.518168270587921,0.573071539402008,0.459941834211349,0.490458726882935,0.166476622223854,0,0.280685156583786,0.327010750770569,0.296319305896759,0.370211988687515,0.294694423675537,0.344380140304565,0,0,0,0,0,0.214377328753471,0.301390618085861,0.305243194103241,0.319582670927048,0,0,0,0,0,0.268865793943405,0.341989487409592,0.43232324719429,0.463044434785843,0.40438649058342,0.346747249364853,0,0.25751781463623,0.316938579082489,0.213818684220314,0,0,0,0,0,0,0,0,0.282178670167923,0.330014377832413,0.328272819519043,0,0,0,0,0,0.316564172506332,0,0,0,0,0,0,0,0,0,0,0,0,0,0,0,0,0.122286580502987,0,0,0,0,0,0,0,0,0,0,0,0,0,0,0,0,0,0,0,0,0,0,0,0,0,0,0,0,0,0,0,0,0,0,0,0,0,43
Verden,0,0,0,0,0,0,0,0,0,0,0,0,0,0,0,0,0,0,0,0,0,0,0,0,0,0,0,0,0,0,0,0,0,0,0,0,0,0,0,0,0,0,0,0,0,0,0,0,0,0,0,0,0,0,0,0,0,0,0,0,0,0,0,0,0,0,0,0,0,0,0,0,0,0,0,0,0,0,0,0,0,0,0,0,0,0,0,0,0,0,0,0,0,0,0,0,0,0,0,0,0,0,0,0,0,0,0,0,0,0,0,0,0,0,0,0,0,0,0,0,0,0,0,0,0,0,0,0,0,0,0,0,0,0,0,0,0,0,0,0,0,0,0,0,0,0,0,0,0,0,0,0,0,0,0,0,0,0,0,0,0,0,0,0.00823190342634916,0.00796074513345957,0,0,0,0,0,0,0,0,0,0,0,0,0,0,0,0,0,0,0,0,0.0525493398308754,0.0726120695471764,0.0876751020550728,0.0940810441970825,0.117327079176903,0.104692906141281,0.0742716193199158,0.0578223764896393,0.1274154484272,0.158128693699837,0.173809915781021,0.184766754508018,0.135457292199135,0.0794174894690514,0.211255937814713,0.162039816379547,0.256578594446182,0.379547297954559,0.364279270172119,0.357716470956802,0.311206340789795,0.069617472589016,0.00989691354334354,0.106341138482094,0.178865984082222,0.224681839346886,0.310703545808792,0.363465547561646,0.423519730567932,0.336071282625198,0.227758377790451,0.186339065432549,0.234928354620934,0.296556264162064,0.333816051483154,0.307756721973419,0.389138758182526,0.357375979423523,0.38435697555542,0.304636806249619,0.303414642810822,0.400495409965515,0.440473407506943,0.482710719108582,0.424621731042862,0.435331016778946,0.408319473266602,0.425844103097916,0.399451524019241,0.256058901548386,0.299938082695007,0.368781358003616,0.320696353912354,0.186989307403564,0.461971521377563,0.523858070373535,0.508045315742493,0.467341154813766,0.422711074352264,0.357960939407349,0.408219158649445,0.307341903448105,0.271732419729233,0.191179156303406,0.274382680654526,0.3148233294487,0.346636116504669,0.339932650327682,0.37554594874382,0.319592416286469,0.289604723453522,0.24837352335453,0.332436323165894,0.482171028852463,0.498849779367447,0.417407304048538,0.479764997959137,0.196527794003487,0.103184655308723,0.285709112882614,0.289422690868378,0.317466229200363,0.388418912887573,0.345915973186493,0.359708845615387,0.207485809922218,0.0176407657563686,0.150509148836136,0,0.109272092580795,0.220487162470818,0.319226622581482,0.279348313808441,0.217977046966553,0.0218816008418798,0,0.172304376959801,0,0,0.289495229721069,0.380958914756775,0.443945348262787,0.448222398757935,0.383219331502914,0.330834895372391,0.0637666955590248,0.28276538848877,0.33371976017952,0.210810795426369,0,0,0,0,0,0,0,0.159923210740089,0.286785691976547,0.304937809705734,0.300295501947403,0,0,0,0,0,0.276484429836273,0,0,0,0,0,0,0,0,0,0,0,0,0,0,0,0,0.127826064825058,0,0,0,0,0,0,0,0,0,0,0,0,0,0,0,0,0,0,0,0,0,0,0,0,0,0,0,0,0,0,0,0,0,0,0,0,0,44
Delmenhorst,0,0,0,0,0,0,0,0,0,0,0,0,0,0,0,0,0,0,0,0,0,0,0,0,0,0,0,0,0,0,0,0,0,0,0,0,0,0,0,0,0,0,0,0,0,0,0,0,0,0,0,0,0,0,0,0,0,0,0,0,0,0,0,0,0,0,0,0,0,0,0,0,0,0,0,0,0,0,0,0,0,0,0,0,0,0,0,0,0,0,0,0,0,0,0,0,0,0,0,0,0,0,0,0,0,0,0,0,0,0,0,0,0,0,0,0,0,0,0,0,0,0,0,0,0,0,0,0,0,0,0,0,0,0,0,0,0,0,0,0,0,0,0,0,0,0,0,0,0,0,0,0,0,0,0,0,0,0,0,0,0,0,0,0.00862589478492737,0.00815628282725811,0,0,0,0,0,0,0,0,0,0,0,0,0,0,0,0,0,0,0,0,0.0613494738936424,0.0874086618423462,0.0979768857359886,0.111527658998966,0.137695357203484,0.120294101536274,0.0761755630373955,0.0766795799136162,0.150489747524261,0.198253482580185,0.216548040509224,0.225074157118797,0.161610245704651,0.108336232602596,0.267276108264923,0.187025487422943,0.328737318515778,0.478889137506485,0.450450897216797,0.426045745611191,0.367105036973953,0,0,0,0.185658514499664,0.292771309614182,0.405601173639297,0.463720977306366,0.530551910400391,0.414798349142075,0.262708425521851,0.297738432884216,0.322532266378403,0.385666191577911,0.419160574674606,0.385340631008148,0.489808589220047,0.434615820646286,0.50400584936142,0.415360450744629,0.378608733415604,0.507196724414825,0.573375105857849,0.616722762584686,0.558096170425415,0.529066562652588,0.503462195396423,0.535231590270996,0.504086136817932,0.322652220726013,0.382184356451035,0.453121840953827,0.414208203554153,0.265585243701935,0.589000344276428,0.682845056056976,0.654162168502808,0.575523376464844,0.524337232112885,0.426789581775665,0.505447149276733,0.358358711004257,0.299892336130142,0,0.340510249137878,0.375833183526993,0.478934735059738,0.438570708036423,0.490893214941025,0.393733531236649,0.351047992706299,0.25960785150528,0.427410751581192,0.597565352916718,0.592360138893127,0.512207806110382,0.612874150276184,0.233399465680122,0.147090539336205,0.361543506383896,0.361730337142944,0.398839861154556,0.494792997837067,0.448457330465317,0.468759745359421,0.320491939783096,0,0.22863906621933,0.147056832909584,0.247647449374199,0.334843307733536,0.415459871292114,0.335926294326782,0.267040729522705,0,0,0.265070736408234,0,0,0.3778977394104,0.488922655582428,0.568446755409241,0.548138737678528,0.486114710569382,0.406453996896744,0.0500836707651615,0.330013602972031,0.423657715320587,0.269280731678009,0,0,0,0,0,0,0,0.223201736807823,0.375422596931458,0.394472271203995,0.366015493869781,0,0,0,0,0,0.301428854465485,0,0,0,0,0,0,0,0,0,0,0,0,0,0,0,0,0.158285677433014,0,0,0,0,0,0,0,0,0,0,0,0,0,0,0,0,0,0,0,0,0,0,0,0,0,0,0,0,0,0,0,0,0,0,0,0,0,45
Emden,0,0,0,0,0,0,0,0,0,0,0,0,0,0,0,0,0,0,0,0,0,0,0,0,0,0,0,0,0,0,0,0,0,0,0,0,0,0,0,0,0,0,0,0,0,0,0,0,0,0,0,0,0,0,0,0,0,0,0,0,0,0,0,0,0,0,0,0,0,0,0,0,0,0,0,0,0,0,0,0,0,0,0,0,0,0,0,0,0,0,0,0,0,0,0,0,0,0,0,0,0,0,0,0,0,0,0,0,0,0,0,0,0,0,0,0,0,0,0,0,0,0,0,0,0,0,0,0,0,0,0,0,0,0,0,0,0,0,0,0,0,0,0,0,0,0,0,0,0,0,0,0,0,0,0,0,0,0,0,0,0,0,0,0.000497166649438441,0.000382647151127458,0,0,0,0,0,0,0,0,0,0,0,0,0,0,0,0,0,0,0,0,0,0.00861668307334185,0.00906909164041281,0.014028093777597,0.0124368350952864,0.009273418225348,0,0,0,0.0194836892187595,0.0223544593900442,0.024624502286315,0.0165567621588707,0.0135356122627854,0.0275762192904949,0.0142214596271515,0.0346958488225937,0.052685521543026,0.0365924760699272,0.0390998013317585,0.0311755444854498,0,0,0,0,0.0284091681241989,0.0435547567903996,0.0386488698422909,0.0506452322006226,0.0403021909296513,0,0.0411630943417549,0.039481982588768,0.0394515506923199,0.049901194870472,0.0427504926919937,0.0526336990296841,0.045621071010828,0.0480416752398014,0.0407264083623886,0.0424484126269817,0.0538515746593475,0.0639538466930389,0.0610209368169308,0.062875010073185,0.0542673245072365,0.0507209636271,0.0580836609005928,0.0556983165442944,0.0411303974688053,0.0434922687709332,0.049667626619339,0.046365961432457,0.0478411950170994,0.0641454607248306,0.071633368730545,0.0739099755883217,0.0673647075891495,0.0559409148991108,0.0467795133590698,0.050804141908884,0.0439735874533653,0.0408214665949345,0.0359085686504841,0.0376330092549324,0.0429241470992565,0.0521981120109558,0.0537641644477844,0.0590940229594707,0.0522568225860596,0.0417345240712166,0.0420909076929092,0.0568519607186317,0.0660629495978355,0.0629139021039009,0.0573775246739388,0.0637977346777916,0.0393183268606663,0.0396020859479904,0.0453245379030704,0.044227160513401,0.0480053387582302,0.0555352754890919,0.0474217459559441,0.0565664507448673,0.0492635406553745,0.0331910476088524,0.0444841422140598,0.0429545864462852,0.0444385781884193,0.0475967787206173,0.0551660247147083,0.0416285470128059,0.0424143448472023,0,0,0.0368276797235012,0,0,0.0552917160093784,0.0614547096192837,0.0666835531592369,0.0661074593663216,0.0563761852681637,0.0494892671704292,0.0238018240779638,0.0319252125918865,0.0532304532825947,0.0382236540317535,0.0208028797060251,0,0,0,0,0.0304594896733761,0,0.0362327471375465,0.0457660108804703,0.0484911538660526,0.036086730659008,0,0,0,0,0,0,0,0,0,0,0,0,0,0,0,0,0,0,0,0,0,0,0.0166438724845648,0,0,0,0,0,0,0,0,0,0,0,0,0,0,0,0,0,0,0,0,0,0,0,0,0,0,0,0,0,0,0,0,0,0,0,0,0,46
Oldenburg (Oldb),0,0,0,0,0,0,0,0,0,0,0,0,0,0,0,0,0,0,0,0,0,0,0,0,0,0,0,0,0,0,0,0,0,0,0,0,0,0,0,0,0,0,0,0,0,0,0,0,0,0,0,0,0,0,0,0,0,0,0,0,0,0,0,0,0,0,0,0,0,0,0,0,0,0,0,0,0,0,0,0,0,0,0,0,0,0,0,0,0,0,0,0,0,0,0,0,0,0,0,0,0,0,0,0,0,0,0,0,0,0,0,0,0,0,0,0,0,0,0,0,0,0,0,0,0,0,0,0,0,0,0,0,0,0,0,0,0,0,0,0,0,0,0,0,0,0,0,0,0,0,0,0,0,0,0,0,0,0,0,0,0,0,0,0.00697565358132124,0.00616821460425854,0,0,0,0,0,0,0,0,0,0,0,0,0,0,0,0,0,0,0,0,0.071042001247406,0.111321523785591,0.120728328824043,0.146612972021103,0.162511423230171,0.148136615753174,0.0690344944596291,0.0897461548447609,0.159572795033455,0.237951278686523,0.260710269212723,0.278305888175964,0.195744141936302,0.152325913310051,0.33184140920639,0.21244104206562,0.40466845035553,0.588162779808044,0.506414949893951,0.492136359214783,0.417290776968002,0,0,0,0,0.359017223119736,0.492145419120789,0.522076606750488,0.625123560428619,0.517306685447693,0.285659551620483,0.403429538011551,0.401292502880096,0.463321298360825,0.516466081142426,0.457458168268204,0.59101790189743,0.518144726753235,0.575045704841614,0.495215237140656,0.445772469043732,0.589288532733917,0.683689534664154,0.707229137420654,0.67719441652298,0.596888482570648,0.571440041065216,0.636082351207733,0.603253602981567,0.39335834980011,0.46140044927597,0.515633404254913,0.4787557721138,0.377445548772812,0.691132783889771,0.805711448192596,0.794430255889893,0.677093505859375,0.602056086063385,0.492094099521637,0.566030621528625,0.440834045410156,0.374827265739441,0.26143416762352,0.39400726556778,0.471402049064636,0.562739610671997,0.523177921772003,0.592980027198792,0.493038862943649,0.443294286727905,0.336489886045456,0.529915928840637,0.709208130836487,0.665381669998169,0.575823485851288,0.699245274066925,0.308923542499542,0.283177614212036,0.445898979902267,0.425246119499207,0.467229306697845,0.578780055046082,0.536862313747406,0.574508607387543,0.442181944847107,0.19985730946064,0.362977027893066,0.318188816308975,0.350720077753067,0.428455233573914,0.530825853347778,0.440387547016144,0.392719924449921,0,0,0.330237209796906,0,0,0.473093718290329,0.577648401260376,0.677375733852386,0.663670063018799,0.578603267669678,0.494046926498413,0.17409610748291,0.363354980945587,0.522585332393646,0.330618321895599,0,0,0,0,0,0,0,0.30525141954422,0.450970977544785,0.480652719736099,0.40889436006546,0,0,0,0,0,0.274476736783981,0,0,0,0,0,0,0,0,0,0,0,0,0,0,0,0,0.193581268191338,0,0,0,0,0,0,0,0,0,0,0,0,0,0,0,0,0,0,0,0,0,0,0,0,0,0,0,0,0,0,0,0,0,0,0,0,0,47
Osnabrück,0,0,0,0,0,0,0,0,0,0,0,0,0,0,0,0,0,0,0,0,0,0,0,0,0,0,0,0,0,0,0,0,0,0,0,0,0,0,0,0,0,0,0,0,0,0,0,0,0,0,0,0,0,0,0,0,0,0,0,0,0,0,0,0,0,0,0,0,0,0,0,0,0,0,0,0,0,0,0,0,0,0,0,0,0,0,0,0,0,0,0,0,0,0,0,0,0,0,0,0,0,0,0,0,0,0,0,0,0,0,0,0,0,0,0,0,0,0,0,0,0,0,0,0,0,0,0,0,0,0,0,0,0,0,0,0,0,0,0,0,0,0,0,0,0,0,0,0,0,0,0,0,0,0,0,0,0,0,0,0,0,0,0,0.0099042234942317,0.00828999001532793,0,0,0,0,0,0,0,0,0,0,0,0,0,0,0,0,0,0,0,0,0.0103418482467532,0.0648394823074341,0.0918107256293297,0.0932071208953857,0.109351746737957,0.103007949888706,0.0438328236341476,0.0726111009716988,0.110076278448105,0.163618832826614,0.169842824339867,0.185685500502586,0.142021432518959,0.0883475765585899,0.210541024804115,0.181893318891525,0.272689074277878,0.37169086933136,0.35383552312851,0.346735507249832,0.310957729816437,0,0,0.134383529424667,0.172767370939255,0.234364181756973,0.319319516420364,0.377848923206329,0.397562742233276,0.363251447677612,0.210883781313896,0,0.192617163062096,0.322582870721817,0.316267997026443,0.258406788110733,0.364463061094284,0.330068498849869,0.325813233852386,0.314585834741592,0.305868655443192,0.344303697347641,0.402285128831863,0.409816712141037,0.35950630903244,0.375218242406845,0.321328550577164,0.410752296447754,0.408567517995834,0.231472253799438,0.265602290630341,0.345541954040527,0.351757198572159,0.263181358575821,0.413242101669312,0.470062911510468,0.475013077259064,0.384165853261948,0.376467645168304,0.333263665437698,0.372151285409927,0.258817613124847,0.231981754302979,0.17202091217041,0.176644891500473,0.299163401126862,0.354560494422913,0.325416833162308,0.353249907493591,0.280616849660873,0.293147087097168,0.289059728384018,0.329207688570023,0.445854693651199,0.442241877317429,0.384918600320816,0.442838788032532,0.194076761603355,0,0.266116410493851,0.268733233213425,0.329986721277237,0.39139449596405,0.39419960975647,0.317582368850708,0.1951684653759,0.184878885746002,0.16803252696991,0,0.0503700710833073,0.197797283530235,0.299014866352081,0.270057380199432,0.157800570130348,0.106311097741127,0.226102516055107,0.149553373456001,0,0.176302835345268,0.318124979734421,0.384387165307999,0.452349007129669,0.440539091825485,0.347950458526611,0.313311159610748,0,0.273873895406723,0.331644892692566,0.147756740450859,0,0,0,0,0,0,0,0.162740305066109,0.265280097723007,0.285151213407516,0.24882310628891,0,0,0,0,0,0.198908612132072,0,0,0,0,0,0,0,0,0,0,0,0,0,0,0,0,0.132566690444946,0,0,0,0,0,0,0,0,0,0,0,0,0,0,0,0,0,0,0,0,0,0,0,0,0,0,0,0,0,0,0,0,0,0,0,0,0,48
Wilhelmshaven,0,0,0,0,0,0,0,0,0,0,0,0,0,0,0,0,0,0,0,0,0,0,0,0,0,0,0,0,0,0,0,0,0,0,0,0,0,0,0,0,0,0,0,0,0,0,0,0,0,0,0,0,0,0,0,0,0,0,0,0,0,0,0,0,0,0,0,0,0,0,0,0,0,0,0,0,0,0,0,0,0,0,0,0,0,0,0,0,0,0,0,0,0,0,0,0,0,0,0,0,0,0,0,0,0,0,0,0,0,0,0,0,0,0,0,0,0,0,0,0,0,0,0,0,0,0,0,0,0,0,0,0,0,0,0,0,0,0,0,0,0,0,0,0,0,0,0,0,0,0,0,0,0,0,0,0,0,0,0,0,0,0,0,0,0,0,0,0,0,0,0,0,0,0,0,0,0,0,0,0,0,0,0,0,0,0,0,0,0,0,0,0,0,0,0,0,0,0,0,0,0,0,0,0,0,0,0,0,0,0,0,0,0,0,0,0,0,0,0,0,0,0,0,0,0,0,0,0,0,0,0,0,0,0,0,0,0,0,0,0,0,0,0,0,0,0,0,0,0,0,0,0,0,0,0,0,0,0,0,0,0,0,0,0,0,0,0,0,0,0,0,0,0,0,0,0,0,0,0,0,0,0,0,0,0,0,0,0,0,0,0,0,0,0,0,0,0,0,0,0,0,0,0,0,0,0,0,0,0,0,0,0,0,0,0,0,0,0,0,0,0,0,0,0,0,0,0,0,0,0,0,0,0,0,0,0,0,0,0,0,0,0,0,0,0,0,0,0,0,0,0,0,0,0,0,0,0,0,0,0,0,0,0,0,0,49
Ammerland,0,0,0,0,0,0,0,0,0,0,0,0,0,0,0,0,0,0,0,0,0,0,0,0,0,0,0,0,0,0,0,0,0,0,0,0,0,0,0,0,0,0,0,0,0,0,0,0,0,0,0,0,0,0,0,0,0,0,0,0,0,0,0,0,0,0,0,0,0,0,0,0,0,0,0,0,0,0,0,0,0,0,0,0,0,0,0,0,0,0,0,0,0,0,0,0,0,0,0,0,0,0,0,0,0,0,0,0,0,0,0,0,0,0,0,0,0,0,0,0,0,0,0,0,0,0,0,0,0,0,0,0,0,0,0,0,0,0,0,0,0,0,0,0,0,0,0,0,0,0,0,0,0,0,0,0,0,0,0,0,0,0,0,0.00425467267632484,0.00362209905870259,0,0,0,0,0,0,0,0,0,0,0,0,0,0,0,0,0,0,0,0,0.0403062626719475,0.0701098442077637,0.0772992894053459,0.0969578176736832,0.105341747403145,0.0928221866488457,0.0134082157164812,0.0472215376794338,0.0946144089102745,0.152161777019501,0.169562950730324,0.183460026979446,0.127674147486687,0.0970918461680412,0.217493087053299,0.136231973767281,0.267449945211411,0.390777468681335,0.321642428636551,0.31932544708252,0.270185858011246,0,0,0,0,0.229472756385803,0.324774950742722,0.333221763372421,0.410957217216492,0.343009263277054,0.173614606261253,0.279848992824554,0.270580768585205,0.304921329021454,0.348071247339249,0.305243581533432,0.392502158880234,0.342450231313705,0.372683376073837,0.322962284088135,0.290910482406616,0.393827557563782,0.459661066532135,0.466161549091339,0.454135060310364,0.394556254148483,0.374558210372925,0.423495352268219,0.399571239948273,0.26384237408638,0.306759685277939,0.336806625127792,0.318978786468506,0.276168465614319,0.462243914604187,0.536628663539886,0.533962786197662,0.455920100212097,0.399565190076828,0.323877543210983,0.372021943330765,0.294396728277206,0.248440578579903,0.144661352038383,0.253682345151901,0.308273047208786,0.377073228359222,0.359778076410294,0.398287564516068,0.336571604013443,0.30443474650383,0.22409451007843,0.36235710978508,0.47598597407341,0.443053424358368,0.387922674417496,0.465642243623734,0.222383484244347,0.198129713535309,0.301738977432251,0.284732908010483,0.319968044757843,0.393449902534485,0.363276541233063,0.391216278076172,0.304236263036728,0.0883997529745102,0.255834549665451,0.225296020507813,0.247712075710297,0.295446276664734,0.360621839761734,0.296498090028763,0.274599552154541,0,0,0.230776622891426,0,0,0.332361996173859,0.404500871896744,0.464563429355621,0.456467777490616,0.391521036624908,0.332158833742142,0.0813813358545303,0.24573028087616,0.360210925340652,0.224512085318565,0,0,0,0,0,0.00990113709121943,0,0.21463480591774,0.308885425329208,0.332184970378876,0.273148775100708,0,0,0,0,0,0.151628434658051,0,0,0,0,0,0,0,0,0,0,0,0,0,0,0,0,0.136613517999649,0,0,0,0,0,0,0,0,0,0,0,0,0,0,0,0,0,0,0,0,0,0,0,0,0,0,0,0,0,0,0,0,0,0,0,0,0,50
Aurich,0,0,0,0,0,0,0,0,0,0,0,0,0,0,0,0,0,0,0,0,0,0,0,0,0,0,0,0,0,0,0,0,0,0,0,0,0,0,0,0,0,0,0,0,0,0,0,0,0,0,0,0,0,0,0,0,0,0,0,0,0,0,0,0,0,0,0,0,0,0,0,0,0,0,0,0,0,0,0,0,0,0,0,0,0,0,0,0,0,0,0,0,0,0,0,0,0,0,0,0,0,0,0,0,0,0,0,0,0,0,0,0,0,0,0,0,0,0,0,0,0,0,0,0,0,0,0,0,0,0,0,0,0,0,0,0,0,0,0,0,0,0,0,0,0,0,0,0,0,0,0,0,0,0,0,0,0,0,0,0,0,0,0,0.00251892791129649,0.00202878937125206,0,0,0,0,0,0,0,0,0,0,0,0,0,0,0,0,0,0,0,0,0.0035905777476728,0.0431020148098469,0.0459543205797672,0.0667450428009033,0.0646567344665527,0.0510183274745941,0,0.00566330086439848,0.0226696189492941,0.0956930965185165,0.110759556293488,0.122950159013271,0.0831823199987411,0.0621775314211845,0.137809753417969,0.0749807879328728,0.173786535859108,0.264457941055298,0.19074659049511,0.200944200158119,0.163728192448616,0,0,0,0,0.140409246087074,0.219726338982582,0.196693763136864,0.26481369137764,0.213062569499016,0.0828025192022324,0.211221784353256,0.205852746963501,0.205779328942299,0.253158241510391,0.22098995745182,0.267509162425995,0.2326430529356,0.244436353445053,0.208595484495163,0.205451160669327,0.273340851068497,0.329961717128754,0.315701484680176,0.320711106061935,0.276193529367447,0.257698833942413,0.295437455177307,0.278583973646164,0.199364587664604,0.214515253901482,0.243302151560783,0.230298936367035,0.234669834375381,0.329557180404663,0.370046049356461,0.378811925649643,0.338833272457123,0.283529132604599,0.231399193406105,0.255595356225967,0.217809498310089,0.197144657373428,0.167252391576767,0.178367510437965,0.20957313477993,0.260097950696945,0.27101668715477,0.305527180433273,0.266037553548813,0.224932417273521,0.194084689021111,0.278137385845184,0.336301386356354,0.317883491516113,0.284464061260223,0.325665175914764,0.187038794159889,0.184913173317909,0.222458243370056,0.216177046298981,0.241849422454834,0.28229221701622,0.243770450353622,0.287717938423157,0.240234345197678,0.127640590071678,0.213461697101593,0.209750905632973,0.216403529047966,0.238555625081062,0.27820748090744,0.205508321523666,0.212339818477631,0,0,0.176152914762497,0,0,0.271314352750778,0.312957346439362,0.344184219837189,0.342428267002106,0.288462936878204,0.249655678868294,0.0705309361219406,0.155379340052605,0.274977892637253,0.187932938337326,0.0248002968728542,0,0,0,0,0.107167154550552,0,0.171559780836105,0.23831832408905,0.254233449697495,0.189205646514893,0,0,0,0,0,0,0,0,0,0,0,0,0,0,0,0,0,0,0,0,0,0,0.093788668513298,0,0,0,0,0,0,0,0,0,0,0,0,0,0,0,0,0,0,0,0,0,0,0,0,0,0,0,0,0,0,0,0,0,0,0,0,0,51
Cloppenburg,0,0,0,0,0,0,0,0,0,0,0,0,0,0,0,0,0,0,0,0,0,0,0,0,0,0,0,0,0,0,0,0,0,0,0,0,0,0,0,0,0,0,0,0,0,0,0,0,0,0,0,0,0,0,0,0,0,0,0,0,0,0,0,0,0,0,0,0,0,0,0,0,0,0,0,0,0,0,0,0,0,0,0,0,0,0,0,0,0,0,0,0,0,0,0,0,0,0,0,0,0,0,0,0,0,0,0,0,0,0,0,0,0,0,0,0,0,0,0,0,0,0,0,0,0,0,0,0,0,0,0,0,0,0,0,0,0,0,0,0,0,0,0,0,0,0,0,0,0,0,0,0,0,0,0,0,0,0,0,0,0,0,0,0.006784085649997,0.00586644746363163,0,0,0,0,0,0,0,0,0,0,0,0,0,0,0,0,0,0,0,0,0.0458852015435696,0.0739826485514641,0.084725946187973,0.097179539501667,0.111922360956669,0.0964072421193123,0.0186395514756441,0.0721767842769623,0.109509207308292,0.161507979035378,0.174247816205025,0.185865163803101,0.13611863553524,0.104166120290756,0.219465643167496,0.158363595604897,0.264210522174835,0.37620022892952,0.336294203996658,0.322861671447754,0.277347058057785,0,0,0.000194872918655165,0.0529766939580441,0.224588915705681,0.314985722303391,0.351768434047699,0.394591629505157,0.327775597572327,0.166421145200729,0.223374396562576,0.234815582633018,0.309627115726471,0.317982167005539,0.278207570314407,0.361287504434586,0.316728204488754,0.347684890031815,0.312913537025452,0.273642092943192,0.364148795604706,0.410897225141525,0.423208981752396,0.407642871141434,0.359359592199326,0.34162038564682,0.398786872625351,0.381683319807053,0.237111464142799,0.278774797916412,0.323012351989746,0.304715484380722,0.20294776558876,0.41531229019165,0.484994024038315,0.47188338637352,0.397955328226089,0.362141758203506,0.297177761793137,0.33884397149086,0.262898951768875,0.190435081720352,0.00329926353879273,0.225414916872978,0.292326033115387,0.338042378425598,0.314994961023331,0.355968147516251,0.281830191612244,0.264588862657547,0.202539667487144,0.312353909015656,0.4185850918293,0.394854158163071,0.351398497819901,0.435380965471268,0.18968753516674,0.0587738454341888,0.271711140871048,0.25288000702858,0.299070358276367,0.368459016084671,0.362035602331161,0.347114086151123,0.243838250637054,0.000256930507021025,0.212747842073441,0.15622390806675,0.197381317615509,0.250786811113358,0.316433906555176,0.274616420269012,0.221232548356056,0,0.000301934720482677,0.191625759005547,0,0,0.290997087955475,0.347166329622269,0.412301331758499,0.414953798055649,0.342494666576385,0.296468496322632,0.0250668097287416,0.223888620734215,0.316492438316345,0.177809372544289,0,0,0,0,0,0,0,0.192697986960411,0.278088063001633,0.281794518232346,0.230003237724304,0,0,0,0,0,0.156722232699394,0,0,0,0,0,0,0,0,0,0,0,0,0,0,0,0,0.123031325638294,0,0,0,0,0,0,0,0,0,0,0,0,0,0,0,0,0,0,0,0,0,0,0,0,0,0,0,0,0,0,0,0,0,0,0,0,0,52
Emsland,0,0,0,0,0,0,0,0,0,0,0,0,0,0,0,0,0,0,0,0,0,0,0,0,0,0,0,0,0,0,0,0,0,0,0,0,0,0,0,0,0,0,0,0,0,0,0,0,0,0,0,0,0,0,0,0,0,0,0,0,0,0,0,0,0,0,0,0,0,0,0,0,0,0,0,0,0,0,0,0,0,0,0,0,0,0,0,0,0,0,0,0,0,0,0,0,0,0,0,0,0,0,0,0,0,0,0,0,0,0,0,0,0,0,0,0,0,0,0,0,0,0,0,0,0,0,0,0,0,0,0,0,0,0,0,0,0,0,0,0,0,0,0,0,0,0,0,0,0,0,0,0,0,0,0,0,0,0,0,0,0,0,0,0.00596334878355265,0.00494787003844976,0,0,0,0,0,0,0,0,0,0,0,0,0,0,0,0,0,0,0,0,0.0324064120650291,0.0547908097505569,0.0664334148168564,0.0726914927363396,0.0845543295145035,0.0679210498929024,0.0109029309824109,0.0588171519339085,0.0798486620187759,0.119146592915058,0.127267375588417,0.137418642640114,0.103279553353786,0.0802906081080437,0.158708617091179,0.126288920640945,0.196207329630852,0.271244019269943,0.249232172966003,0.230465620756149,0.203102812170982,0.000971450819633901,0,0.0266165435314178,0.075156643986702,0.155196040868759,0.230095699429512,0.262073516845703,0.28289195895195,0.239410772919655,0.113375544548035,0.116590537130833,0.16530530154705,0.234435006976128,0.228203549981117,0.191598057746887,0.254306375980377,0.226981684565544,0.238221272826195,0.23022523522377,0.203263580799103,0.265496850013733,0.29436519742012,0.289798378944397,0.289004802703857,0.255456954240799,0.235172480344772,0.288936793804169,0.279764354228973,0.184269860386848,0.199693068861961,0.229883402585983,0.231373339891434,0.153183326125145,0.293426752090454,0.336482226848602,0.324095517396927,0.278058379888535,0.253101021051407,0.211286842823029,0.23552992939949,0.193870484828949,0.125569060444832,0.0254833213984966,0.141572564840317,0.228308334946632,0.250715166330338,0.236424654722214,0.254487305879593,0.199502751231194,0.192681401968002,0.168102964758873,0.223693996667862,0.294149905443192,0.274635463953018,0.243727564811707,0.305502951145172,0.146547466516495,0.0815082490444183,0.199895262718201,0.185579717159271,0.214038625359535,0.265744358301163,0.270592421293259,0.254678398370743,0.178527131676674,0.0368209779262543,0.169750913977623,0.119474023580551,0.153273746371269,0.182228088378906,0.236138895153999,0.205143958330154,0.138149082660675,0,0.0450641997158527,0.149887979030609,0.016084399074316,0.0370975024998188,0.224564984440804,0.267447382211685,0.305216670036316,0.298554927110672,0.237883895635605,0.206084936857224,0.0647372305393219,0.17663548886776,0.228397339582443,0.119999080896378,0.00146953272633255,0.00141015998087823,0,0,0,0,0,0.144991934299469,0.191709026694298,0.199350714683533,0.15389309823513,0,0,0,0,0,0.0846442729234695,0,0,0,0,0,0,0,0,0,0,0,0,0,0,0,0,0.0891176238656044,0,0,0,0,0,0,0,0,0,0,0,0,0,0,0,0,0,0,0,0,0,0,0,0,0,0,0,0,0,0,0,0,0,0,0,0,0,53
Friesland,0,0,0,0,0,0,0,0,0,0,0,0,0,0,0,0,0,0,0,0,0,0,0,0,0,0,0,0,0,0,0,0,0,0,0,0,0,0,0,0,0,0,0,0,0,0,0,0,0,0,0,0,0,0,0,0,0,0,0,0,0,0,0,0,0,0,0,0,0,0,0,0,0,0,0,0,0,0,0,0,0,0,0,0,0,0,0,0,0,0,0,0,0,0,0,0,0,0,0,0,0,0,0,0,0,0,0,0,0,0,0,0,0,0,0,0,0,0,0,0,0,0,0,0,0,0,0,0,0,0,0,0,0,0,0,0,0,0,0,0,0,0,0,0,0,0,0,0,0,0,0,0,0,0,0,0,0,0,0,0,0,0,0,0.00119037658441812,0.00100447272416204,0,0,0,0,0,0,0,0,0,0,0,0,0,0,0,0,0,0,0,0,0.00978751759976149,0.0196219142526388,0.0216004140675068,0.0281498972326517,0.0296937134116888,0.0265570785850286,0,0.0070442077703774,0.0245226919651031,0.0432081148028374,0.0489045009016991,0.053634412586689,0.0364287309348583,0.0271198656409979,0.0630898326635361,0.0371524654328823,0.0789504870772362,0.116917297244072,0.0920230522751808,0.093215748667717,0.0787827670574188,0,0,0,0,0.0673792660236359,0.0963848307728767,0.0951468050479889,0.122580833733082,0.103509411215782,0.0534089580178261,0.087295763194561,0.08350969851017,0.0889460444450378,0.107307620346546,0.0929970890283585,0.119230203330517,0.103691935539246,0.112138465046883,0.0958830714225769,0.088019996881485,0.119906008243561,0.141650721430779,0.141771957278252,0.13823002576828,0.120451830327511,0.113437943160534,0.127330228686333,0.119779221713543,0.0820237472653389,0.0927794426679611,0.100917860865593,0.0960430502891541,0.0904941782355309,0.142301648855209,0.162953823804855,0.164006561040878,0.14097273349762,0.121561616659164,0.0982270017266273,0.111915789544582,0.0899347141385078,0.0791492313146591,0.0618384331464767,0.0758214294910431,0.0943860039114952,0.115557491779327,0.1105832234025,0.121857039630413,0.105610281229019,0.0940847620368004,0.0733289197087288,0.11211434006691,0.146013259887695,0.136142835021019,0.117697685956955,0.13798151910305,0.0710270181298256,0.0671218708157539,0.0918040946125984,0.0874821022152901,0.0954963713884354,0.118213646113873,0.106072619557381,0.11920490860939,0.097604975104332,0.0577945299446583,0.0821951106190681,0.0764435604214668,0.0798312872648239,0.0920858681201935,0.111383929848671,0.0901637449860573,0.085631787776947,0,0,0.0733123198151588,0,0,0.104261733591557,0.127161771059036,0.142939031124115,0.138232499361038,0.118817254900932,0.101267218589783,0.0486378334462643,0.0745624303817749,0.110302217304707,0.0715462118387222,0,0,0,0,0,0.00124325777869672,0,0.0639877915382385,0.0933474525809288,0.102489233016968,0.0843461081385612,0,0,0,0,0,0.0406097173690796,0,0,0,0,0,0,0,0,0,0,0,0,0,0,0,0,0.0402579419314861,0,0,0,0,0,0,0,0,0,0,0,0,0,0,0,0,0,0,0,0,0,0,0,0,0,0,0,0,0,0,0,0,0,0,0,0,0,54
Grafschaft Bentheim,0,0,0,0,0,0,0,0,0,0,0,0,0,0,0,0,0,0,0,0,0,0,0,0,0,0,0,0,0,0,0,0,0,0,0,0,0,0,0,0,0,0,0,0,0,0,0,0,0,0,0,0,0,0,0,0,0,0,0,0,0,0,0,0,0,0,0,0,0,0,0,0,0,0,0,0,0,0,0,0,0,0,0,0,0,0,0,0,0,0,0,0,0,0,0,0,0,0,0,0,0,0,0,0,0,0,0,0,0,0,0,0,0,0,0,0,0,0,0,0,0,0,0,0,0,0,0,0,0,0,0,0,0,0,0,0,0,0,0,0,0,0,0,0,0,0,0,0,0,0,0,0,0,0,0,0,0,0,0,0,0,0,0,0.00174334750045091,0.00138105486985296,0,0,0,0,0,0,0,0,0,0,0,0,0,0,0,0,0,0,0,0,0.0072624166496098,0.0108940256759524,0.0147309405729175,0.0158762950450182,0.0171741787344217,0.0138610331341624,0.00881764385849237,0.0124482940882444,0.0168452188372612,0.0240527112036943,0.025596147403121,0.0274016596376896,0.021380752325058,0.013861671090126,0.0316019430756569,0.0282760076224804,0.0399282202124596,0.05138074234128,0.0502219349145889,0.0469850152730942,0.0441889092326164,0.0122952684760094,0,0.0188382193446159,0.0289652217179537,0.0328913815319538,0.0458768680691719,0.0514818914234638,0.0526056438684464,0.0480877757072449,0.0243958458304405,0,0.0318864658474922,0.0466089881956577,0.0416764281690121,0.0329501926898956,0.0489790849387646,0.0455963611602783,0.0432511530816555,0.0458959527313709,0.0453968048095703,0.049705695360899,0.0570944808423519,0.0539148338139057,0.0507453307509422,0.0478698685765266,0.0430826134979725,0.0569269321858883,0.0564215369522572,0.0352922715246677,0.0320725329220295,0.0436132289469242,0.0502514876425266,0.0408305488526821,0.0555043406784534,0.0634490624070168,0.0610047541558743,0.0525714159011841,0.0519042424857616,0.0447691455483437,0.0496875308454037,0.037705909460783,0.0292179211974144,0.0217390414327383,0.0205879751592875,0.0449406802654266,0.0525124780833721,0.0509029999375343,0.0502794794738293,0.0404845103621483,0.0415408462285995,0.0412646532058716,0.0448681823909283,0.0587136633694172,0.0554733723402023,0.0491965375840664,0.0604209527373314,0.0287494100630283,0,0.0401029177010059,0.0394212864339352,0.0450466983020306,0.0537574179470539,0.054392971098423,0.0482775643467903,0.0290977917611599,0.0261516273021698,0.027102405205369,0,0.0289611183106899,0.0311863739043474,0.0462102927267551,0.0397175811231136,0,0,0.0381038077175617,0.0234720464795828,0.0287243910133839,0.0312563367187977,0.0466071031987667,0.055776085704565,0.062162272632122,0.0584673993289471,0.0476407296955585,0.0401231050491333,0,0.0425135791301727,0.0468768216669559,0.0179329514503479,0.0214259922504425,0.0189928729087114,0,0,0,0,0,0.0284870117902756,0.0301232095807791,0.0366022698581219,0.0312382951378822,0,0,0,0,0,0.0205251853913069,0,0,0,0,0,0,0,0,0,0,0,0,0,0,0,0,0.0191781241446733,0,0,0,0,0,0,0,0,0,0,0,0,0,0,0,0,0,0,0,0,0,0,0,0,0,0,0,0,0,0,0,0,0,0,0,0,0,55
Leer,0,0,0,0,0,0,0,0,0,0,0,0,0,0,0,0,0,0,0,0,0,0,0,0,0,0,0,0,0,0,0,0,0,0,0,0,0,0,0,0,0,0,0,0,0,0,0,0,0,0,0,0,0,0,0,0,0,0,0,0,0,0,0,0,0,0,0,0,0,0,0,0,0,0,0,0,0,0,0,0,0,0,0,0,0,0,0,0,0,0,0,0,0,0,0,0,0,0,0,0,0,0,0,0,0,0,0,0,0,0,0,0,0,0,0,0,0,0,0,0,0,0,0,0,0,0,0,0,0,0,0,0,0,0,0,0,0,0,0,0,0,0,0,0,0,0,0,0,0,0,0,0,0,0,0,0,0,0,0,0,0,0,0,0.00244335224851966,0.00202286918647587,0,0,0,0,0,0,0,0,0,0,0,0,0,0,0,0,0,0,0,0,0.0203682947903872,0.0376056805253029,0.0416330583393574,0.0519539825618267,0.0571366846561432,0.0457626655697823,0,0.0327616930007935,0.0482780821621418,0.0800177007913589,0.0895014554262161,0.0975645929574966,0.0684031695127487,0.0530069619417191,0.112161554396152,0.0739715695381165,0.138693809509277,0.202139958739281,0.165053397417068,0.161539494991302,0.135803431272507,0,0,0,0,0.108725607395172,0.167598679661751,0.169746711850166,0.206969246268272,0.166482925415039,0.0769637748599052,0.14345508813858,0.139355406165123,0.16023188829422,0.17858923971653,0.156438395380974,0.193826869130135,0.169159054756165,0.179633811116219,0.160548850893974,0.145859390497208,0.197889775037766,0.230996176600456,0.227164134383202,0.228774681687355,0.196070194244385,0.183110281825066,0.213264271616936,0.201034739613533,0.137697532773018,0.152277708053589,0.169280797243118,0.163173466920853,0.140260756015778,0.228074088692665,0.261870831251144,0.259406745433807,0.225943133234978,0.195105388760567,0.158993005752563,0.17818284034729,0.149716183543205,0.117497332394123,0.0846437737345695,0.118168815970421,0.153040081262589,0.182406052947044,0.183205515146255,0.203712925314903,0.168576598167419,0.151362210512161,0.114458419382572,0.178496703505516,0.228296563029289,0.211378455162048,0.189210459589958,0.230395302176476,0.115359403192997,0.0990399047732353,0.149519845843315,0.13965106010437,0.162614241242409,0.196574226021767,0.18482494354248,0.195100978016853,0.148773655295372,0.0290160067379475,0.134703680872917,0.118969015777111,0.13120499253273,0.151783049106598,0.181134045124054,0.143275365233421,0.132256150245667,0,0,0.114234305918217,0,0,0.171149268746376,0.203732416033745,0.230127781629562,0.228315606713295,0.190084889531136,0.160583138465881,0.0538853257894516,0.115449242293835,0.180181920528412,0.109358839690685,0,0,0,0,0,0,0,0.11201936006546,0.155905917286873,0.163543030619621,0.123935498297215,0,0,0,0,0,0.00522800628095865,0,0,0,0,0,0,0,0,0,0,0,0,0,0,0,0,0.0680586025118828,0,0,0,0,0,0,0,0,0,0,0,0,0,0,0,0,0,0,0,0,0,0,0,0,0,0,0,0,0,0,0,0,0,0,0,0,0,56
Oldenburg,0,0,0,0,0,0,0,0,0,0,0,0,0,0,0,0,0,0,0,0,0,0,0,0,0,0,0,0,0,0,0,0,0,0,0,0,0,0,0,0,0,0,0,0,0,0,0,0,0,0,0,0,0,0,0,0,0,0,0,0,0,0,0,0,0,0,0,0,0,0,0,0,0,0,0,0,0,0,0,0,0,0,0,0,0,0,0,0,0,0,0,0,0,0,0,0,0,0,0,0,0,0,0,0,0,0,0,0,0,0,0,0,0,0,0,0,0,0,0,0,0,0,0,0,0,0,0,0,0,0,0,0,0,0,0,0,0,0,0,0,0,0,0,0,0,0,0,0,0,0,0,0,0,0,0,0,0,0,0,0,0,0,0,0.00718660140410066,0.00658651534467936,0,0,0,0,0,0,0,0,0,0,0,0,0,0,0,0,0,0,0,0,0.0544449687004089,0.0819761231541634,0.0904840379953384,0.105682447552681,0.122455164790154,0.110223814845085,0.0575236156582832,0.0708641856908798,0.127808675169945,0.180307894945145,0.195180013775826,0.205522164702415,0.147811576724052,0.108579501509666,0.24466210603714,0.167403742671013,0.296398162841797,0.428791999816895,0.38999405503273,0.374102711677551,0.319503575563431,0,0,0.00122728012502193,0.101439818739891,0.262831956148148,0.359849721193314,0.402901142835617,0.460697114467621,0.370740622282028,0.217240124940872,0.267504930496216,0.27887225151062,0.345842272043228,0.368791192770004,0.332419216632843,0.426362723112106,0.374999850988388,0.427139669656754,0.362178415060043,0.325477838516235,0.428078413009644,0.489045977592468,0.518755078315735,0.480976223945618,0.438182681798935,0.421661525964737,0.46376097202301,0.440889179706573,0.273486524820328,0.328260123729706,0.385271042585373,0.352786093950272,0.226254299283028,0.500765264034271,0.58329963684082,0.566403687000275,0.483005970716476,0.441617637872696,0.358303517103195,0.419229358434677,0.308591187000275,0.251611977815628,0.069898396730423,0.287353038787842,0.334409773349762,0.400840789079666,0.367377668619156,0.423642009496689,0.338396698236465,0.308992207050323,0.233022391796112,0.368022739887238,0.504574120044708,0.487969130277634,0.427406013011932,0.518065214157104,0.204505458474159,0.0834572464227676,0.315760612487793,0.303121715784073,0.342188566923141,0.423907995223999,0.400375694036484,0.401710480451584,0.280369639396667,0.0251141767948866,0.220687463879585,0.130051821470261,0.218035712838173,0.290074944496155,0.36528405547142,0.307961225509644,0.255810648202896,0,0,0.220309987664223,0,0,0.325520873069763,0.401353687047958,0.481196522712708,0.475347727537155,0.410578340291977,0.352124661207199,0.0631689950823784,0.266196578741074,0.367195338010788,0.222447961568832,0,0,0,0,0,0,0,0.204919457435608,0.323116838932037,0.334877759218216,0.294082254171371,0,0,0,0,0,0.224771499633789,0,0,0,0,0,0,0,0,0,0,0,0,0,0,0,0,0.134613558650017,0,0,0,0,0,0,0,0,0,0,0,0,0,0,0,0,0,0,0,0,0,0,0,0,0,0,0,0,0,0,0,0,0,0,0,0,0,57
Osnabrück,0,0,0,0,0,0,0,0,0,0,0,0,0,0,0,0,0,0,0,0,0,0,0,0,0,0,0,0,0,0,0,0,0,0,0,0,0,0,0,0,0,0,0,0,0,0,0,0,0,0,0,0,0,0,0,0,0,0,0,0,0,0,0,0,0,0,0,0,0,0,0,0,0,0,0,0,0,0,0,0,0,0,0,0,0,0,0,0,0,0,0,0,0,0,0,0,0,0,0,0,0,0,0,0,0,0,0,0,0,0,0,0,0,0,0,0,0,0,0,0,0,0,0,0,0,0,0,0,0,0,0,0,0,0,0,0,0,0,0,0,0,0,0,0,0,0,0,0,0,0,0,0,0,0,0,0,0,0,0,0,0,0,0,0.0106357438489795,0.00908327847719193,0,0,0,0,0,0,0,0,0,0,0,0,0,0,0,0,0,0,0,0,0.0290767606347799,0.0759393498301506,0.103504963219166,0.105104394257069,0.124600410461426,0.116492368280888,0.0534145273268223,0.0827462747693062,0.125117227435112,0.18416054546833,0.190243393182755,0.20793542265892,0.158750787377357,0.10320783406496,0.235931426286697,0.196688801050186,0.295190244913101,0.411965817213058,0.389001220464706,0.38042077422142,0.340916365385056,0.0278489235788584,0,0.144487634301186,0.188332974910736,0.26233097910881,0.352206319570541,0.4151870906353,0.438174784183502,0.399428844451904,0.235539332032204,0.0422802120447159,0.227761536836624,0.353403657674789,0.354696571826935,0.295089989900589,0.408103972673416,0.363675832748413,0.37330237030983,0.350643783807755,0.335534811019897,0.394887000322342,0.450418472290039,0.459967732429504,0.412545680999756,0.421580165624619,0.366966366767883,0.459540784358978,0.453961193561554,0.269124776124954,0.299181967973709,0.389949530363083,0.385573387145996,0.273327320814133,0.462815761566162,0.531831443309784,0.530682563781738,0.437173962593079,0.423532664775848,0.374375402927399,0.411104828119278,0.294985175132751,0.257332742214203,0.199603125452995,0.225338399410248,0.340377658605576,0.39466181397438,0.360392510890961,0.402650773525238,0.326954960823059,0.328531622886658,0.320319205522537,0.367180973291397,0.496224373579025,0.49004003405571,0.422943651676178,0.493816584348679,0.218962922692299,0.00908363610506058,0.310489147901535,0.306145668029785,0.371661573648453,0.443717420101166,0.44651871919632,0.372076243162155,0.212014973163605,0.188457369804382,0.220876559615135,0.0201484616845846,0.141174659132957,0.242797866463661,0.350637495517731,0.318914622068405,0.204583048820496,0.0783411785960197,0.223030462861061,0.128291711211205,0.0124958204105496,0.0712838619947433,0.350850164890289,0.42289862036705,0.500820875167847,0.495114266872406,0.39399665594101,0.357224375009537,0,0.292202860116959,0.371963888406754,0.185124129056931,0,0,0,0,0,0,0,0.199006706476212,0.311692178249359,0.319352865219116,0.282917141914368,0,0,0,0,0,0.230163842439651,0,0,0,0,0,0,0,0,0,0,0,0,0,0,0,0,0.154735341668129,0,0,0,0,0,0,0,0,0,0,0,0,0,0,0,0,0,0,0,0,0,0,0,0,0,0,0,0,0,0,0,0,0,0,0,0,0,58
Vechta,0,0,0,0,0,0,0,0,0,0,0,0,0,0,0,0,0,0,0,0,0,0,0,0,0,0,0,0,0,0,0,0,0,0,0,0,0,0,0,0,0,0,0,0,0,0,0,0,0,0,0,0,0,0,0,0,0,0,0,0,0,0,0,0,0,0,0,0,0,0,0,0,0,0,0,0,0,0,0,0,0,0,0,0,0,0,0,0,0,0,0,0,0,0,0,0,0,0,0,0,0,0,0,0,0,0,0,0,0,0,0,0,0,0,0,0,0,0,0,0,0,0,0,0,0,0,0,0,0,0,0,0,0,0,0,0,0,0,0,0,0,0,0,0,0,0,0,0,0,0,0,0,0,0,0,0,0,0,0,0,0,0,0,0.00904311053454876,0.00814213883131742,0,0,0,0,0,0,0,0,0,0,0,0,0,0,0,0,0,0,0,0,0.0461070165038109,0.0768709927797318,0.0935283005237579,0.0988618433475494,0.118824057281017,0.111097075045109,0.0525914803147316,0.0762004926800728,0.12413863837719,0.177965670824051,0.185947462916374,0.199635550379753,0.150722950696945,0.108104199171066,0.231389477849007,0.17788964509964,0.276851266622543,0.397135466337204,0.37396764755249,0.362303465604782,0.319905042648315,0,0,0.0745347514748573,0.16212360560894,0.255820482969284,0.337890297174454,0.397606879472733,0.42807599902153,0.368031084537506,0.220894336700439,0.165665656328201,0.231586888432503,0.334352403879166,0.344479769468307,0.29915726184845,0.394329041242599,0.345503360033035,0.383200734853745,0.341804653406143,0.314855486154556,0.390904486179352,0.439470946788788,0.465714275836945,0.418106287717819,0.407630860805511,0.375391721725464,0.4421426653862,0.428621292114258,0.262852728366852,0.294601827859879,0.38182407617569,0.354053229093552,0.214143663644791,0.459836572408676,0.531735241413116,0.520164847373962,0.435182392597198,0.416044563055038,0.359040886163712,0.390518575906754,0.282636344432831,0.230150446295738,0.115519650280476,0.260339081287384,0.324669182300568,0.376078903675079,0.334900230169296,0.38885909318924,0.314418077468872,0.297427624464035,0.277047902345657,0.345584720373154,0.476654171943665,0.469905465841293,0.404829412698746,0.48473048210144,0.212866216897964,0.075552798807621,0.305791825056076,0.292430847883224,0.351725071668625,0.428700387477875,0.422238111495972,0.368601590394974,0.246618688106537,0.0503716543316841,0.220333561301231,0.0161631163209677,0.191981449723244,0.256450474262238,0.343242704868317,0.311115294694901,0.240242972970009,0.096038855612278,0.0992272347211838,0.193347871303558,0,0,0.327021151781082,0.392795205116272,0.468934834003448,0.474798232316971,0.383055508136749,0.350414782762527,0,0.256857872009277,0.35196515917778,0.193966254591942,0,0,0,0,0,0,0,0.2000982016325,0.315701454877853,0.30974742770195,0.27796933054924,0,0,0,0,0,0.224990710616112,0,0,0,0,0,0,0,0,0,0,0,0,0,0,0,0,0.139573112130165,0,0,0,0,0,0,0,0,0,0,0,0,0,0,0,0,0,0,0,0,0,0,0,0,0,0,0,0,0,0,0,0,0,0,0,0,0,59
Wesermarsch,0,0,0,0,0,0,0,0,0,0,0,0,0,0,0,0,0,0,0,0,0,0,0,0,0,0,0,0,0,0,0,0,0,0,0,0,0,0,0,0,0,0,0,0,0,0,0,0,0,0,0,0,0,0,0,0,0,0,0,0,0,0,0,0,0,0,0,0,0,0,0,0,0,0,0,0,0,0,0,0,0,0,0,0,0,0,0,0,0,0,0,0,0,0,0,0,0,0,0,0,0,0,0,0,0,0,0,0,0,0,0,0,0,0,0,0,0,0,0,0,0,0,0,0,0,0,0,0,0,0,0,0,0,0,0,0,0,0,0,0,0,0,0,0,0,0,0,0,0,0,0,0,0,0,0,0,0,0,0,0,0,0,0,0.00386912189424038,0.00349260214716196,0,0,0,0,0,0,0,0,0,0,0,0,0,0,0,0,0,0,0,0,0.0349099636077881,0.0568515174090862,0.0621535927057266,0.0748837068676949,0.0856947004795074,0.0793169587850571,0.0317875742912292,0.0343630127608776,0.0842936262488365,0.123643934726715,0.136920422315598,0.146105051040649,0.100795455276966,0.0764516070485115,0.173994928598404,0.104934833943844,0.219299912452698,0.321781694889069,0.275659590959549,0.266729176044464,0.225016668438911,0,0,0,0.0381325073540211,0.197649270296097,0.269379556179047,0.279643476009369,0.349611848592758,0.291196197271347,0.174264833331108,0.228366613388062,0.223665833473206,0.241976708173752,0.289914458990097,0.254112482070923,0.333253800868988,0.292470157146454,0.326173573732376,0.276068508625031,0.255312591791153,0.336807042360306,0.393378615379333,0.406382352113724,0.385828286409378,0.34818309545517,0.327248722314835,0.355840057134628,0.33505842089653,0.231615617871284,0.26296865940094,0.290304213762283,0.267721742391586,0.230955392122269,0.398226112127304,0.459815889596939,0.453802853822708,0.392132878303528,0.347901493310928,0.282796561717987,0.326640129089355,0.254816234111786,0.222807884216309,0.154760912060738,0.225191503763199,0.269695520401001,0.326615512371063,0.300486892461777,0.334155738353729,0.282334744930267,0.248048722743988,0.20582240819931,0.309365510940552,0.412959039211273,0.392293393611908,0.329598724842072,0.388451248407364,0.184745922684669,0.178742855787277,0.253318309783936,0.25080019235611,0.254814028739929,0.320335984230042,0.282955497503281,0.32641988992691,0.25921219587326,0.111654423177242,0.210342690348625,0.187315851449966,0.206020593643188,0.244248390197754,0.304126143455505,0.24455352127552,0.217984139919281,0,0,0.204740822315216,0,0,0.277940332889557,0.346221417188644,0.391487598419189,0.371414035558701,0.332947701215744,0.283260941505432,0.127233222126961,0.212118178606033,0.295246452093124,0.200076401233673,0,0,0,0,0,0.0320611707866192,0,0.169763684272766,0.252249270677567,0.279529809951782,0.247681215405464,0,0,0,0,0,0.171336695551872,0,0,0,0,0,0,0,0,0,0,0,0,0,0,0,0,0.106823392212391,0,0,0,0,0,0,0,0,0,0,0,0,0,0,0,0,0,0,0,0,0,0,0,0,0,0,0,0,0,0,0,0,0,0,0,0,0,60
Wittmund,0,0,0,0,0,0,0,0,0,0,0,0,0,0,0,0,0,0,0,0,0,0,0,0,0,0,0,0,0,0,0,0,0,0,0,0,0,0,0,0,0,0,0,0,0,0,0,0,0,0,0,0,0,0,0,0,0,0,0,0,0,0,0,0,0,0,0,0,0,0,0,0,0,0,0,0,0,0,0,0,0,0,0,0,0,0,0,0,0,0,0,0,0,0,0,0,0,0,0,0,0,0,0,0,0,0,0,0,0,0,0,0,0,0,0,0,0,0,0,0,0,0,0,0,0,0,0,0,0,0,0,0,0,0,0,0,0,0,0,0,0,0,0,0,0,0,0,0,0,0,0,0,0,0,0,0,0,0,0,0,0,0,0,0.00108434946741909,0.000903439300600439,0,0,0,0,0,0,0,0,0,0,0,0,0,0,0,0,0,0,0,0,0.000663067505229264,0.0178115349262953,0.0190524384379387,0.0269667152315378,0.0273186806589365,0.0227333400398493,0,0.00097437686054036,0.0167156215757132,0.0389300733804703,0.0456557832658291,0.0511345639824867,0.0342942588031292,0.0233412198722363,0.0572219230234623,0.030915966257453,0.0723625272512436,0.111090786755085,0.0804975256323814,0.0852746218442917,0.0704722851514816,0,0,0,0,0.0579638779163361,0.0914381667971611,0.0807986110448837,0.113260120153427,0.0928993672132492,0.0526185594499111,0.0904807075858116,0.0891598165035248,0.0867480784654617,0.106677249073982,0.0941908657550812,0.112863644957542,0.0978230834007263,0.102782756090164,0.0872669592499733,0.0818361341953278,0.114403277635574,0.139984205365181,0.133953750133514,0.133902132511139,0.115179695188999,0.107340447604656,0.122416116297245,0.113760255277157,0.0792674422264099,0.0863878950476646,0.0974444672465324,0.0932080149650574,0.0957036167383194,0.137893199920654,0.155085533857346,0.158165276050568,0.139201089739799,0.116673305630684,0.0927462875843048,0.103923417627811,0.0871076509356499,0.0787091553211212,0.0653539374470711,0.0689029097557068,0.0821790769696236,0.105174250900745,0.109910763800144,0.126050159335136,0.109466046094894,0.0961963310837746,0.0725376158952713,0.109296008944511,0.137054771184921,0.128935411572456,0.112297348678112,0.130626574158669,0.071277916431427,0.0710559040307999,0.0869192257523537,0.0845562592148781,0.0963006690144539,0.112593993544579,0.0967421978712082,0.115016147494316,0.094035729765892,0.0176786612719297,0.0813754945993423,0.0822331607341766,0.0839967131614685,0.0939276516437531,0.110074207186699,0.0793535858392715,0.0841718316078186,0,0,0.0662905126810074,0,0,0.103630617260933,0.12356162071228,0.137135818600655,0.135871693491936,0.114102907478809,0.0977535545825958,0.0061925514601171,0.0580943152308464,0.108763828873634,0.0723195299506187,0,0,0,0,0,0.0134299164637923,0,0.0608698725700378,0.0938660800457001,0.100920014083385,0.0758952423930168,0,0,0,0,0,0.00177738512866199,0,0,0,0,0,0,0,0,0,0,0,0,0,0,0,0,0.0378636345267296,0,0,0,0,0,0,0,0,0,0,0,0,0,0,0,0,0,0,0,0,0,0,0,0,0,0,0,0,0,0,0,0,0,0,0,0,0,61
Bremen,0,0,0,0,0,0,0,0,0,0,0,0,0,0,0,0,0,0,0,0,0,0,0,0,0,0,0,0,0,0,0,0,0,0,0,0,0,0,0,0,0,0,0,0,0,0,0,0,0,0,0,0,0,0,0,0,0,0,0,0,0,0,0,0,0,0,0,0,0,0,0,0,0,0,0,0,0,0,0,0,0,0,0,0,0,0,0,0,0,0,0,0,0,0,0,0,0,0,0,0,0,0,0,0,0,0,0,0,0,0,0,0,0,0,0,0,0,0,0,0,0,0,0,0,0,0,0,0,0,0,0,0,0,0,0,0,0,0,0,0,0,0,0,0,0,0,0,0,0,0,0,0,0,0,0,0,0,0,0,0,0,0,0,0.00800760556012392,0.00766102224588394,0,0,0,0,0,0,0,0,0,0,0,0,0,0,0,0,0,0,0,0,0.0567992068827152,0.0790453627705574,0.0896110609173775,0.100020118057728,0.127312555909157,0.110928051173687,0.0741313099861145,0.0689717680215836,0.140092328190804,0.179082870483398,0.197625398635864,0.203669622540474,0.146018236875534,0.0922673866152763,0.24232229590416,0.169986069202423,0.299984037876129,0.439410507678986,0.414105355739594,0.391176402568817,0.336619794368744,0,0,0.00802202336490154,0.174205809831619,0.269666492938995,0.368321061134338,0.421083688735962,0.488921880722046,0.383953869342804,0.249882116913795,0.274491190910339,0.302438229322433,0.347254872322083,0.38352844119072,0.354896515607834,0.453727215528488,0.40378600358963,0.461587131023407,0.379150360822678,0.351518303155899,0.469851523637772,0.531194150447845,0.571542024612427,0.518738329410553,0.495422422885895,0.468827039003372,0.492449939250946,0.462767899036407,0.29823163151741,0.352509051561356,0.413773238658905,0.372266501188278,0.244120001792908,0.544891774654388,0.630991101264954,0.599217891693115,0.534914255142212,0.484338164329529,0.39796644449234,0.467525273561478,0.338834166526794,0.284458726644516,0.111569710075855,0.311513036489487,0.345655500888824,0.445653825998306,0.408116906881332,0.45430389046669,0.365347564220428,0.324437201023102,0.231707289814949,0.392108470201492,0.558203399181366,0.554157316684723,0.472077876329422,0.569768726825714,0.216374218463898,0.182024374604225,0.328992486000061,0.340140819549561,0.36375218629837,0.452721178531647,0.396990597248077,0.434434950351715,0.2956503033638,0.00108283432200551,0.182437375187874,0.0737745016813278,0.230066567659378,0.311426788568497,0.382918328046799,0.29910671710968,0.226262643933296,0,0.000159490591613576,0.24120169878006,0,0,0.346463769674301,0.455323219299316,0.527254939079285,0.506462931632996,0.459781676530838,0.378276467323303,0.0182654373347759,0.308806180953979,0.39262467622757,0.257201492786407,0,0.000149035331560299,0,0,0,0,0,0.202113687992096,0.351544380187988,0.370234221220016,0.348482191562653,0,0,0,0,0,0.293158441781998,0,0,0,0,0,0,0,0,0,0,0,0,0,0,0,0,0.153805941343307,0,0,0,0,0,0,0,0,0,0,0,0,0,0,0,0,0,0,0,0,0,0,0,0,0,0,0,0,0,0,0,0,0,0,0,0,0,62
Bremerhaven,0,0,0,0,0,0,0,0,0,0,0,0,0,0,0,0,0,0,0,0,0,0,0,0,0,0,0,0,0,0,0,0,0,0,0,0,0,0,0,0,0,0,0,0,0,0,0,0,0,0,0,0,0,0,0,0,0,0,0,0,0,0,0,0,0,0,0,0,0,0,0,0,0,0,0,0,0,0,0,0,0,0,0,0,0,0,0,0,0,0,0,0,0,0,0,0,0,0,0,0,0,0,0,0,0,0,0,0,0,0,0,0,0,0,0,0,0,0,0,0,0,0,0,0,0,0,0,0,0,0,0,0,0,0,0,0,0,0,0,0,0,0,0,0,0,0,0,0,0,0,0,0,0,0,0,0,0,0,0,0,0,0,0,0.000465962773887441,0.000418500567320734,0,0,0,0,0,0,0,0,0,0,0,0,0,0,0,0,0,0,0,0,0.00475549977272749,0.00897154584527016,0.00957505404949188,0.0119317770004272,0.0148869808763266,0.0142937460914254,0.00777019513770938,0.00760206580162048,0.0151854129508138,0.0203796792775393,0.0225521326065063,0.0246205180883408,0.0159921180456877,0,0.0292652398347855,0.0121918246150017,0.0390653014183044,0.0598053336143494,0.0505965389311314,0.0472491346299648,0.0382884964346886,0,0,0,0,0.0339324697852135,0.0505906082689762,0.0447472967207432,0.0662422478199005,0.057274516671896,0.0394665896892548,0.0488306656479836,0.0428700745105743,0.0370963588356972,0.054869145154953,0.0463652648031712,0.0630254223942757,0.0539532378315926,0.060807429254055,0.0525307580828667,0.0494818240404129,0.0650359839200974,0.0790148749947548,0.0800737664103508,0.0780665203928947,0.0704987645149231,0.0635346248745918,0.0673963353037834,0.0622391104698181,0.0461249500513077,0.0518793240189552,0.0534313805401325,0.0483004227280617,0.0531454384326935,0.079088993370533,0.0891785249114037,0.0894738286733627,0.0777534320950508,0.0677532702684402,0.0540524609386921,0.0626911371946335,0.0485125407576561,0.0452704206109047,0.0416483171284199,0.0400478281080723,0.0493813678622246,0.061932235956192,0.0583237856626511,0.0607964657247066,0.0549015775322914,0.0481989569962025,0.0441719181835651,0.0636720806360245,0.0816020295023918,0.0774650871753693,0.0612799227237701,0.0688261762261391,0.0393959507346153,0.0387863963842392,0.0490095764398575,0.0503915473818779,0.0415242090821266,0.0543447285890579,0.0433069169521332,0.0619916692376137,0.0502008572220802,0.0327519550919533,0.0416056402027607,0.0380315594375134,0.0402867309749126,0.045964028686285,0.0598364323377609,0.0423576422035694,0.0423726364970207,0,0.0253520477563143,0.0441317148506641,0,0,0.0524428822100163,0.0703441128134727,0.0758237689733505,0.0700073316693306,0.0635407641530037,0.055550541728735,0.028481762856245,0.0349343754351139,0.052625697106123,0.0411374866962433,0,0.0236901175230742,0,0,0,0,0,0.0327961593866348,0.0450613871216774,0.0547182522714138,0.0505127348005772,0,0,0,0,0,0.0335979983210564,0,0,0,0,0,0,0,0,0,0,0,0,0,0,0,0,0.0199415870010853,0,0,0,0,0,0,0,0,0,0,0,0,0,0,0,0,0,0,0,0,0,0,0,0,0,0,0,0,0,0,0,0,0,0,0,0,0,63
Düsseldorf,0,0,0,0,0,0,0,0,0,0,0,0,0,0,0,0,0,0,0,0,0,0,0,0,0,0,0,0,0,0,0,0,0,0,0,0,0,0,0,0,0,0,0,0,0,0,0,0,0,0,0,0,0,0,0,0,0,0,0,0,0,0,0,0,0,0,0,0,0,0,0,0,0,0,0,0,0,0,0,0,0,0,0,0,0,0,0,0,0,0,0,0,0,0,0,0,0,0,0,0,0,0,0,0,0,0,0,0,0,0,0,0,0,0,0,0,0,0,0,0,0,0,0,0,0.000830201257485896,0,0,0,0,0,0,0,0,0,0,0,0,0,0,0,0,0,0,0,0,0,0,0,0,0,0,0,0,0,0,0,0,0,0,0,0,0,0,0.0323058888316154,0.0259326193481684,0,0,0,0,0,0,0,0,0,0,0,0,0,0,0,0,0,0,0,0.0945385098457336,0.151163324713707,0.189804762601852,0.236156225204468,0.240190744400024,0.257159620523453,0.186864450573921,0.135265320539474,0.204834625124931,0.270697981119156,0.346383839845657,0.382490962743759,0.406894326210022,0.343036472797394,0.266754806041718,0.474100142717361,0.48259174823761,0.606853842735291,0.735716164112091,0.746706902980804,0.678943395614624,0.636413514614105,0.358006626367569,0,0.320704251527786,0.476667732000351,0.509040176868439,0.642137825489044,0.706115067005157,0.775699734687805,0.677743494510651,0.330227911472321,0,0.487128764390945,0.694769620895386,0.584910869598389,0.517400443553925,0.693230450153351,0.6652911901474,0.606073439121246,0.654079735279083,0.636850833892822,0.639357030391693,0.777258932590485,0.728586852550507,0.617985308170319,0.683352053165436,0.607023358345032,0.811609745025635,0.843017995357513,0.612204730510712,0.553272366523743,0.682282030582428,0.780629336833954,0.776057422161102,0.731587529182434,0.867149114608765,0.842689394950867,0.751628160476685,0.756654024124146,0.655171692371368,0.798753321170807,0.687628209590912,0.558814704418182,0.339283972978592,0.342948764562607,0.639535486698151,0.805346667766571,0.766536474227905,0.762132227420807,0.614302933216095,0.569859743118286,0.639048397541046,0.786208093166351,0.914571106433868,0.881075263023376,0.811814188957214,0.973179340362549,0.375649571418762,0,0.576058089733124,0.681341409683228,0.694062232971191,0.888590395450592,0.809526681900024,0.703524589538574,0.586661517620087,0.603796899318695,0.390634715557098,0,0.451004147529602,0.396505683660507,0.656354308128357,0.548131585121155,0.0435686409473419,0.502189695835114,0.741517603397369,0.51016104221344,0.722859799861908,0.717176735401154,0.798795819282532,0.873355329036713,0.912728190422058,0.860111713409424,0.732715368270874,0.58438515663147,0.448398739099503,0.734018981456757,0.762827396392822,0.368178069591522,0.454793751239777,0.447255909442902,0,0,0,0,0.296171754598618,0.479551792144775,0.480298489332199,0.637629210948944,0.420092344284058,0,0,0,0,0.239407509565353,0.382356703281403,0,0,0,0,0,0,0,0,0,0,0,0,0,0,0,0,0.265431046485901,0,0,0,0,0,0,0,0,0,0,0,0,0,0,0,0,0,0,0,0,0,0,0,0,0,0,0,0,0,0,0,0,0,0,0,0,0,64
Duisburg,0,0,0,0,0,0,0,0,0,0,0,0,0,0,0,0,0,0,0,0,0,0,0,0,0,0,0,0,0,0,0,0,0,0,0,0,0,0,0,0,0,0,0,0,0,0,0,0,0,0,0,0,0,0,0,0,0,0,0,0,0,0,0,0,0,0,0,0,0,0,0,0,0,0,0,0,0,0,0,0,0,0,0,0,0,0,0,0,0,0,0,0,0,0,0,0,0,0,0,0,0,0,0,0,0,0,0,0,0,0,0,0,0,0,0,0,0,0,0,0,0,0,0,0,0.000724132405593991,0,0,0,0,0,0,0,0,0,0,0,0,0,0,0,0,0,0,0,0,0,0,0,0,0,0,0,0,0,0,0,0,0,0,0,0,0,0,0.0256625115871429,0.0203998759388924,0,0,0,0,0,0,0,0,0,0,0,0,0,0,0,0,0,0,0,0.0833778753876686,0.12716868519783,0.159443959593773,0.198120534420013,0.200316742062569,0.211695104837418,0.15348969399929,0.117481306195259,0.17034874856472,0.22347229719162,0.286859899759293,0.31410139799118,0.334091365337372,0.274630963802338,0.2159463763237,0.394668012857437,0.385439902544022,0.49584224820137,0.605270445346832,0.609365820884705,0.548025786876678,0.519464373588562,0.256844490766525,0,0.246976226568222,0.389198809862137,0.402062207460403,0.538378477096558,0.583738625049591,0.632468938827515,0.560240685939789,0.257986724376678,0,0.394378870725632,0.569657027721405,0.489257663488388,0.413352817296982,0.565849244594574,0.545582950115204,0.519195914268494,0.554466903209686,0.530169904232025,0.538571536540985,0.648387610912323,0.607215821743011,0.54438191652298,0.559509336948395,0.499232470989227,0.676221609115601,0.693861246109009,0.503984749317169,0.453628093004227,0.578441083431244,0.650938928127289,0.623541593551636,0.623896598815918,0.725261211395264,0.705052733421326,0.627232372760773,0.629781186580658,0.547598361968994,0.663256883621216,0.566473007202148,0.448971599340439,0.256101667881012,0.319225549697876,0.566203474998474,0.68594753742218,0.64694082736969,0.633663892745972,0.517948508262634,0.487891644239426,0.514831066131592,0.645882964134216,0.76871782541275,0.730174541473389,0.653412878513336,0.81145167350769,0.314257651567459,0,0.49392831325531,0.565754890441895,0.592366874217987,0.756450474262238,0.689635574817657,0.621930599212646,0.506245732307434,0.506111323833466,0.341835588216782,0,0.393295675516129,0.367949455976486,0.586719572544098,0.496349185705185,0.245289251208305,0.42672935128212,0.63787716627121,0.371358513832092,0.593444049358368,0.593853890895844,0.701627314090729,0.769853055477142,0.805103600025177,0.748625993728638,0.619843661785126,0.5059894323349,0.380015283823013,0.641194760799408,0.655681073665619,0.308355450630188,0.409218907356262,0.385421603918076,0,0,0,0,0.236425906419754,0.407641589641571,0.420519381761551,0.554503679275513,0.377357959747314,0,0,0,0,0.199481606483459,0.300193965435028,0,0,0,0,0,0,0,0,0,0,0,0,0,0,0,0,0.238785237073898,0,0,0,0,0,0,0,0,0,0,0,0,0,0,0,0,0,0,0,0,0,0,0,0,0,0,0,0,0,0,0,0,0,0,0,0,0,65
Essen,0,0,0,0,0,0,0,0,0,0,0,0,0,0,0,0,0,0,0,0,0,0,0,0,0,0,0,0,0,0,0,0,0,0,0,0,0,0,0,0,0,0,0,0,0,0,0,0,0,0,0,0,0,0,0,0,0,0,0,0,0,0,0,0,0,0,0,0,0,0,0,0,0,0,0,0,0,0,0,0,0,0,0,0,0,0,0,0,0,0,0,0,0,0,0,0,0,0,0,0,0,0,0,0,0,0,0,0,0,0,0,0,0,0,0,0,0,0,0,0,0,0,0,0,0.000508625060319901,0,0,0,0,0,0,0,0,0,0,0,0,0,0,0,0,0,0,0,0,0,0,0,0,0,0,0,0,0,0,0,0,0,0,0,0,0,0,0.0224478356540203,0.0176276341080666,0,0,0,0,0,0,0,0,0,0,0,0,0,0,0,0,0,0,0,0.0568631514906883,0.10292087495327,0.131018072366714,0.166504397988319,0.172928005456924,0.184726446866989,0.138396605849266,0.0896575897932053,0.14832004904747,0.20310215651989,0.261719733476639,0.290638476610184,0.30596399307251,0.249743446707726,0.194082051515579,0.365346997976303,0.363607287406921,0.46668940782547,0.574305415153503,0.583854377269745,0.535733819007874,0.497204899787903,0.255320072174072,0,0.237617552280426,0.364216595888138,0.385522246360779,0.512785673141479,0.556908011436462,0.615154504776001,0.546429336071014,0.244554802775383,0,0.36392542719841,0.546490609645844,0.461344659328461,0.389045238494873,0.55333000421524,0.516837418079376,0.482977330684662,0.516717195510864,0.510222494602203,0.511974811553955,0.633685946464539,0.602404296398163,0.51308411359787,0.55241733789444,0.473769456148148,0.652481734752655,0.671560704708099,0.470274925231934,0.413797974586487,0.546755611896515,0.627561926841736,0.60636979341507,0.601469397544861,0.706009745597839,0.685427248477936,0.603794038295746,0.59531557559967,0.517528176307678,0.63164758682251,0.52281391620636,0.413019180297852,0.140699177980423,0.171152144670486,0.519405245780945,0.634123921394348,0.607631742954254,0.611516177654266,0.481766045093536,0.443723231554031,0.486660599708557,0.627929925918579,0.746299624443054,0.721399664878845,0.645193099975586,0.783552646636963,0.176496043801308,0,0.448016971349716,0.522181510925293,0.557759523391724,0.719879508018494,0.661026179790497,0.567566931247711,0.423681944608688,0.462527424097061,0.176197662949562,0,0.322785139083862,0.214694485068321,0.536556661128998,0.439702421426773,0.0113620860502124,0.383417904376984,0.609529376029968,0.313219159841537,0.548775434494019,0.571952879428864,0.650771081447601,0.735903143882751,0.763822019100189,0.705629348754883,0.595547199249268,0.469824582338333,0.316434323787689,0.605684638023376,0.621155679225922,0.267502576112747,0.350216329097748,0.350897312164307,0,0,0,0,0.0146476700901985,0.354124128818512,0.372904688119888,0.532379865646362,0.35975369811058,0,0,0,0,0.0115674184635282,0.27191960811615,0,0,0,0,0,0,0,0,0,0,0,0,0,0,0,0,0.207236811518669,0,0,0,0,0,0,0,0,0,0,0,0,0,0,0,0,0,0,0,0,0,0,0,0,0,0,0,0,0,0,0,0,0,0,0,0,0,66
Krefeld,0,0,0,0,0,0,0,0,0,0,0,0,0,0,0,0,0,0,0,0,0,0,0,0,0,0,0,0,0,0,0,0,0,0,0,0,0,0,0,0,0,0,0,0,0,0,0,0,0,0,0,0,0,0,0,0,0,0,0,0,0,0,0,0,0,0,0,0,0,0,0,0,0,0,0,0,0,0,0,0,0,0,0,0,0,0,0,0,0,0,0,0,0,0,0,0,0,0,0,0,0,0,0,0,0,0,0,0,0,0,0,0,0,0,0,0,0,0,0,0,0,0,0,0,0.00069769483525306,0,0,0,0,0,0,0,0,0,0,0,0,0,0,0,0,0,0,0,0,0,0,0,0,0,0,0,0,0,0,0,0,0,0,0,0,0,0,0.0272247288376093,0.0219591315835714,0,0,0,0,0,0,0,0,0,0,0,0,0,0,0,0,0,0,0,0.0951525345444679,0.141914337873459,0.177310094237328,0.221055433154106,0.223832651972771,0.236312374472618,0.164436921477318,0.133601814508438,0.189454272389412,0.250266849994659,0.318863898515701,0.349425226449966,0.372710943222046,0.308115154504776,0.245525509119034,0.436377972364426,0.425449848175049,0.549117028713226,0.662362575531006,0.670099437236786,0.599356174468994,0.573296248912811,0.288249731063843,0,0.250588119029999,0.427668571472168,0.442060679197311,0.596841156482697,0.641319274902344,0.689673602581024,0.61123913526535,0.267438471317291,0,0.431056797504425,0.627036690711975,0.529894351959229,0.450443059206009,0.614211440086365,0.597608029842377,0.575461864471436,0.608409821987152,0.574787378311157,0.597940504550934,0.701004803180695,0.653840243816376,0.590128540992737,0.598797678947449,0.544111788272858,0.739099025726318,0.761501014232635,0.557786643505096,0.501131296157837,0.636110603809357,0.712986409664154,0.674596607685089,0.667084574699402,0.786856353282928,0.758308470249176,0.672756433486938,0.685281157493591,0.600301563739777,0.728242933750153,0.624929428100586,0.488956809043884,0.291397720575333,0.334057033061981,0.593972325325012,0.751371920108795,0.707470774650574,0.67999142408371,0.558224678039551,0.528143107891083,0.566786587238312,0.700818359851837,0.8288654088974,0.785535633563995,0.714035153388977,0.881095886230469,0.334718823432922,0,0.544866979122162,0.624305963516235,0.64205676317215,0.818859100341797,0.73578280210495,0.663831949234009,0.544861137866974,0.542455017566681,0.384016305208206,0,0.42932865023613,0.389341980218887,0.626763880252838,0.533962965011597,0.339486598968506,0.469390660524368,0.676533818244934,0.403283178806305,0.643804788589478,0.635417282581329,0.755561172962189,0.812647640705109,0.862893462181091,0.803516149520874,0.660436809062958,0.541186511516571,0.423386424779892,0.678013920783997,0.698516547679901,0.331514149904251,0.449837416410446,0.404614925384521,0,0,0,0,0.125603318214417,0.446779578924179,0.456439584493637,0.586403846740723,0.382761359214783,0,0,0,0,0.232068210840225,0.324801534414291,0,0,0,0,0,0,0,0,0,0,0,0,0,0,0,0,0.269255727529526,0,0,0,0,0,0,0,0,0,0,0,0,0,0,0,0,0,0,0,0,0,0,0,0,0,0,0,0,0,0,0,0,0,0,0,0,0,67
Mönchengladbach,0,0,0,0,0,0,0,0,0,0,0,0,0,0,0,0,0,0,0,0,0,0,0,0,0,0,0,0,0,0,0,0,0,0,0,0,0,0,0,0,0,0,0,0,0,0,0,0,0,0,0,0,0,0,0,0,0,0,0,0,0,0,0,0,0,0,0,0,0,0,0,0,0,0,0,0,0,0,0,0,0,0,0,0,0,0,0,0,0,0,0,0,0,0,0,0,0,0,0,0,0,0,0,0,0,0,0,0,0,0,0,0,0,0,0,0,0,0,0,0,0,0,0,0,0.000522867368999869,0,0,0,0,0,0,0,0,0,0,0,0,0,0,0,0,0,0,0,0,0,0,0,0,0,0,0,0,0,0,0,0,0,0,0,0,0,0,0.0248680934309959,0.0199288558214903,0,0,0,0,0,0,0,0,0,0,0,0,0,0,0,0,0,0,0,0.0820246860384941,0.13376496732235,0.166657865047455,0.21277804672718,0.217692300677299,0.228516221046448,0.151599019765854,0.12835705280304,0.181948497891426,0.244673818349838,0.30996173620224,0.345218151807785,0.370606631040573,0.304720908403397,0.238541707396507,0.424433171749115,0.426336973905563,0.544653356075287,0.645701467990875,0.658946573734283,0.593044877052307,0.568367719650269,0.307462930679321,0,0.15284264087677,0.400798380374908,0.443571418523788,0.584274411201477,0.62299782037735,0.671270668506622,0.586041688919067,0.237394958734512,0,0.423341482877731,0.609714150428772,0.508277475833893,0.437224447727203,0.594937443733215,0.587422668933868,0.553582668304443,0.576633870601654,0.544927179813385,0.582525551319122,0.663605809211731,0.614079058170319,0.543936848640442,0.563389420509338,0.510481357574463,0.702550888061523,0.735097527503967,0.548686802387238,0.489931583404541,0.602550208568573,0.688003838062286,0.656237721443176,0.622889220714569,0.748243689537048,0.71645188331604,0.638507425785065,0.653410971164703,0.573818743228912,0.700114786624908,0.600102424621582,0.454766899347305,0.276229172945023,0.188379764556885,0.532134115695953,0.706705689430237,0.667862713336945,0.62994796037674,0.518374502658844,0.504414439201355,0.558940589427948,0.670796394348145,0.792253792285919,0.760025858879089,0.703160583972931,0.84351372718811,0.310591131448746,0,0.51175332069397,0.592330813407898,0.609147548675537,0.770098745822906,0.678421914577484,0.599889755249023,0.491057336330414,0.479433506727219,0.343884289264679,0,0.376437783241272,0.313718914985657,0.551606297492981,0.456752955913544,0.278689920902252,0.425771266222,0.619546890258789,0.404055625200272,0.608055651187897,0.598186910152435,0.689002215862274,0.744398415088654,0.79453444480896,0.745907545089722,0.60707288980484,0.487330377101898,0.394057899713516,0.620065093040466,0.639177918434143,0.31446048617363,0.406744629144669,0.349634081125259,0,0,0,0,0.15850231051445,0.418525487184525,0.413977146148682,0.526338160037994,0.340036749839783,0,0,0,0,0.230804517865181,0.30755615234375,0,0,0,0,0,0,0,0,0,0,0,0,0,0,0,0,0.261703699827194,0,0,0,0,0,0,0,0,0,0,0,0,0,0,0,0,0,0,0,0,0,0,0,0,0,0,0,0,0,0,0,0,0,0,0,0,0,68
Mülheim an der Ruhr,0,0,0,0,0,0,0,0,0,0,0,0,0,0,0,0,0,0,0,0,0,0,0,0,0,0,0,0,0,0,0,0,0,0,0,0,0,0,0,0,0,0,0,0,0,0,0,0,0,0,0,0,0,0,0,0,0,0,0,0,0,0,0,0,0,0,0,0,0,0,0,0,0,0,0,0,0,0,0,0,0,0,0,0,0,0,0,0,0,0,0,0,0,0,0,0,0,0,0,0,0,0,0,0,0,0,0,0,0,0,0,0,0,0,0,0,0,0,0,0,0,0,0,0,0.000741885043680668,0,0,0,0,0,0,0,0,0,0,0,0,0,0,0,0,0,0,0,0,0,0,0,0,0,0,0,0,0,0,0,0,0,0,0,0,0,0,0.0281991101801395,0.0222549494355917,0,0,0,0,0,0,0,0,0,0,0,0,0,0,0,0,0,0,0,0.0849168002605438,0.136029362678528,0.17157906293869,0.214496970176697,0.218963384628296,0.232628181576729,0.171212911605835,0.123966075479984,0.186760142445564,0.247287169098854,0.319154798984528,0.35136353969574,0.372943520545959,0.308423906564713,0.240045264363289,0.442046076059341,0.438743650913239,0.559495270252228,0.685756146907806,0.69321483373642,0.627614855766296,0.589506447315216,0.303011536598206,0,0.288926064968109,0.441717505455017,0.461984544992447,0.605968475341797,0.659510135650635,0.724419295787811,0.637465119361877,0.294228583574295,0,0.44438162446022,0.648873686790466,0.552796542644501,0.471303343772888,0.648965716362,0.619423687458038,0.57881897687912,0.622807800769806,0.601454079151154,0.604275763034821,0.739201903343201,0.694678246974945,0.6067835688591,0.64325875043869,0.566213846206665,0.766873955726624,0.790132224559784,0.566961646080017,0.508175432682037,0.64816027879715,0.737500905990601,0.715987205505371,0.706684291362762,0.822258353233337,0.801194071769714,0.712030589580536,0.710070013999939,0.615008890628815,0.748857021331787,0.636686027050018,0.507193624973297,0.271714091300964,0.331151038408279,0.629380762577057,0.765094697475433,0.722909867763519,0.720690488815308,0.577877998352051,0.537272274494171,0.582127153873444,0.735106647014618,0.870260238647461,0.834395051002502,0.749635577201843,0.918224453926086,0.328492045402527,0,0.543246805667877,0.632847368717194,0.661261022090912,0.848233580589294,0.774666547775269,0.683478355407715,0.551924884319305,0.566080212593079,0.347325384616852,0,0.420079290866852,0.377823114395142,0.642833054065704,0.538586974143982,0.104971565306187,0.473056584596634,0.717003047466278,0.420501679182053,0.666680455207825,0.673863649368286,0.774614989757538,0.855621218681335,0.890177190303802,0.828754007816315,0.69363921880722,0.557389616966248,0.414116352796555,0.712555110454559,0.731024146080017,0.334939301013947,0.436245203018188,0.425294935703278,0,0,0,0,0.242253378033638,0.439496457576752,0.455530285835266,0.618162453174591,0.416027575731277,0,0,0,0,0.189127266407013,0.334286242723465,0,0,0,0,0,0,0,0,0,0,0,0,0,0,0,0,0.251152783632278,0,0,0,0,0,0,0,0,0,0,0,0,0,0,0,0,0,0,0,0,0,0,0,0,0,0,0,0,0,0,0,0,0,0,0,0,0,69
Oberhausen,0,0,0,0,0,0,0,0,0,0,0,0,0,0,0,0,0,0,0,0,0,0,0,0,0,0,0,0,0,0,0,0,0,0,0,0,0,0,0,0,0,0,0,0,0,0,0,0,0,0,0,0,0,0,0,0,0,0,0,0,0,0,0,0,0,0,0,0,0,0,0,0,0,0,0,0,0,0,0,0,0,0,0,0,0,0,0,0,0,0,0,0,0,0,0,0,0,0,0,0,0,0,0,0,0,0,0,0,0,0,0,0,0,0,0,0,0,0,0,0,0,0,0,0,0.000737193506211042,0,0,0,0,0,0,0,0,0,0,0,0,0,0,0,0,0,0,0,0,0,0,0,0,0,0,0,0,0,0,0,0,0,0,0,0,0,0,0.0263513028621674,0.0208540968596935,0,0,0,0,0,0,0,0,0,0,0,0,0,0,0,0,0,0,0,0.0850431025028229,0.130406901240349,0.163179203867912,0.20306459069252,0.205738455057144,0.217152640223503,0.160505950450897,0.12059261649847,0.175178617238998,0.230293467640877,0.295802593231201,0.324072986841202,0.343995898962021,0.27900493144989,0.219284147024155,0.408124685287476,0.395569831132889,0.511074066162109,0.628655076026917,0.631190121173859,0.570291578769684,0.538985788822174,0.256763905286789,0,0.259102612733841,0.401790410280228,0.417044669389725,0.562259316444397,0.608787894248962,0.658789038658142,0.587451100349426,0.275418043136597,0,0.413611054420471,0.592305243015289,0.515731751918793,0.429871439933777,0.595563650131226,0.569737553596497,0.544568121433258,0.582826852798462,0.558750689029694,0.568244457244873,0.687141418457031,0.645771384239197,0.583368360996246,0.592535138130188,0.524460434913635,0.713528454303741,0.72658771276474,0.525861203670502,0.471620708703995,0.611662149429321,0.685958027839661,0.653191328048706,0.666990876197815,0.771342217922211,0.751777410507202,0.669107437133789,0.665740787982941,0.580224514007568,0.698209881782532,0.590552866458893,0.467116892337799,0.262577444314957,0.34427747130394,0.614805519580841,0.725820183753967,0.687384128570557,0.67534989118576,0.555687844753265,0.524348795413971,0.54111510515213,0.681807994842529,0.821723997592926,0.781017303466797,0.687378287315369,0.860710263252258,0.335808098316193,0,0.524256408214569,0.594539999961853,0.634144186973572,0.808249831199646,0.742261052131653,0.673254251480103,0.537433385848999,0.534221470355988,0.359959602355957,0,0.420663744211197,0.40391206741333,0.636179387569427,0.535276114940643,0.315987437963486,0.447181612253189,0.6861652135849,0.377712517976761,0.621163666248322,0.629277467727661,0.752212345600128,0.839108407497406,0.872513234615326,0.808646202087402,0.669770658016205,0.547349691390991,0.389946192502975,0.693918287754059,0.705815136432648,0.331988573074341,0.435740560293198,0.416237562894821,0,0,0,0,0.25145822763443,0.433300077915192,0.450286239385605,0.601039528846741,0.422812521457672,0,0,0,0,0.201761722564697,0.317641139030457,0,0,0,0,0,0,0,0,0,0,0,0,0,0,0,0,0.257335692644119,0,0,0,0,0,0,0,0,0,0,0,0,0,0,0,0,0,0,0,0,0,0,0,0,0,0,0,0,0,0,0,0,0,0,0,0,0,70
Remscheid,0,0,0,0,0,0,0,0,0,0,0,0,0,0,0,0,0,0,0,0,0,0,0,0,0,0,0,0,0,0,0,0,0,0,0,0,0,0,0,0,0,0,0,0,0,0,0,0,0,0,0,0,0,0,0,0,0,0,0,0,0,0,0,0,0,0,0,0,0,0,0,0,0,0,0,0,0,0,0,0,0,0,0,0,0,0,0,0,0,0,0,0,0,0,0,0,0,0,0,0,0,0,0,0,0,0,0,0,0,0,0,0,0,0,0,0,0,0,0,0,0,0,0,0,0.000128020794363692,0,0,0,0,0,0,0,0,0,0,0,0,0,0,0,0,0,0,0,0,0,0,0,0,0,0,0,0,0,0,0,0,0,0,0,0,0,0,0.0137490397319198,0.0106271207332611,0,0,0,0,0,0,0,0,0,0,0,0,0,0,0,0,0,0,0,0,0.0534068867564201,0.0766864344477654,0.10361947119236,0.110331453382969,0.120535597205162,0.0863598883152008,0,0.0958224534988403,0.139930114150047,0.179020419716835,0.208521991968155,0.224836766719818,0.185608878731728,0.119877323508263,0.266312450170517,0.289957791566849,0.376855075359344,0.445915937423706,0.463906794786453,0.43727234005928,0.39384463429451,0.236971408128738,0,0.181087538599968,0.252070695161819,0.288237929344177,0.372821152210236,0.447340786457062,0.507645666599274,0.427444815635681,0.16785079240799,0,0.230401948094368,0.424820721149445,0.32991036772728,0.300378650426865,0.418956339359283,0.396685630083084,0.325722098350525,0.34823215007782,0.381138175725937,0.341292560100555,0.475281268358231,0.46426060795784,0.303040713071823,0.420755654573441,0.332757979631424,0.486170172691345,0.52564525604248,0.330988317728043,0.290996879339218,0.379293173551559,0.48185408115387,0.499671310186386,0.444689482450485,0.519871830940247,0.510989725589752,0.431764602661133,0.431706488132477,0.362521231174469,0.473692536354065,0.366657555103302,0.294474333524704,0,0,0.306043773889542,0.417470663785934,0.420911073684692,0.412339061498642,0.248765051364899,0.271992623806,0.357364326715469,0.481752425432205,0.55839329957962,0.551107168197632,0.516818046569824,0.592882990837097,0,0,0.235645025968552,0.354851603507996,0.375181496143341,0.510022282600403,0.462999522686005,0.326927989721298,0,0.291964441537857,0,0,0,0,0.308249473571777,0.184151381254196,0,0.184835523366928,0.427866995334625,0.321212530136108,0.429425656795502,0.436489403247833,0.435693353414536,0.511908233165741,0.533854424953461,0.490505516529083,0.419096052646637,0.280902594327927,0,0.429298430681229,0.439306229352951,0,0,0.166265830397606,0,0,0,0,0,0.208682149648666,0.228095889091492,0.369453638792038,0.193396642804146,0,0,0,0,0,0.185363009572029,0,0,0,0,0,0,0,0,0,0,0,0,0,0,0,0,0,0,0,0,0,0,0,0,0,0,0,0,0,0,0,0,0,0,0,0,0,0,0,0,0,0,0,0,0,0,0,0,0,0,0,0,0,0,71
Solingen,0,0,0,0,0,0,0,0,0,0,0,0,0,0,0,0,0,0,0,0,0,0,0,0,0,0,0,0,0,0,0,0,0,0,0,0,0,0,0,0,0,0,0,0,0,0,0,0,0,0,0,0,0,0,0,0,0,0,0,0,0,0,0,0,0,0,0,0,0,0,0,0,0,0,0,0,0,0,0,0,0,0,0,0,0,0,0,0,0,0,0,0,0,0,0,0,0,0,0,0,0,0,0,0,0,0,0,0,0,0,0,0,0,0,0,0,0,0,0,0,0,0,0,0,0.000355726369889453,0,0,0,0,0,0,0,0,0,0,0,0,0,0,0,0,0,0,0,0,0,0,0,0,0,0,0,0,0,0,0,0,0,0,0,0,0,0,0.0182375684380531,0.0146050872281194,0,0,0,0,0,0,0,0,0,0,0,0,0,0,0,0,0,0,0,0.0370221175253391,0.0808585286140442,0.104864552617073,0.135088175535202,0.139284029603004,0.152997672557831,0.111714854836464,0.0537315607070923,0.124706149101257,0.169568926095963,0.213473290205002,0.241946697235107,0.257738411426544,0.219071745872498,0.160777449607849,0.30220302939415,0.324656367301941,0.408319532871246,0.484274834394455,0.502856075763702,0.468672335147858,0.429053276777267,0.263245016336441,0,0.218659669160843,0.307081460952759,0.333926618099213,0.416223168373108,0.482504606246948,0.536942660808563,0.465787559747696,0.223763853311539,0,0.298977762460709,0.461304008960724,0.378747791051865,0.344689786434174,0.46384596824646,0.438956528902054,0.383136689662933,0.406838715076447,0.420778691768646,0.404580146074295,0.521268427371979,0.504058182239532,0.368958592414856,0.461277931928635,0.391932040452957,0.540525376796722,0.572727918624878,0.393164396286011,0.356755435466766,0.442392289638519,0.526745676994324,0.54662299156189,0.488381564617157,0.583693027496338,0.56710296869278,0.496907114982605,0.49767678976059,0.428066223859787,0.533795952796936,0.443236142396927,0.36660835146904,0.173969715833664,0,0.389115691184998,0.5069500207901,0.498458206653595,0.494597226381302,0.371493250131607,0.351632714271545,0.427407473325729,0.543804466724396,0.622811734676361,0.612053453922272,0.576281309127808,0.664990067481995,0.186404973268509,0,0.34583392739296,0.441977322101593,0.455746859312057,0.591730892658234,0.545514702796936,0.431567132472992,0.282296299934387,0.38710817694664,0,0,0.215752482414246,0.165251970291138,0.396259397268295,0.298912078142166,0,0.307345002889633,0.505975246429443,0.381950348615646,0.504293501377106,0.503157019615173,0.526395201683044,0.5906041264534,0.611282706260681,0.578984618186951,0.50415176153183,0.375675946474075,0.230388224124908,0.502306699752808,0.516292452812195,0.190816208720207,0.218628361821175,0.276425123214722,0,0,0,0,0,0.306660681962967,0.300737380981445,0.438713788986206,0.276854902505875,0,0,0,0,0,0.261159479618073,0,0,0,0,0,0,0,0,0,0,0,0,0,0,0,0,0.123712509870529,0,0,0,0,0,0,0,0,0,0,0,0,0,0,0,0,0,0,0,0,0,0,0,0,0,0,0,0,0,0,0,0,0,0,0,0,0,72
Wuppertal,0,0,0,0,0,0,0,0,0,0,0,0,0,0,0,0,0,0,0,0,0,0,0,0,0,0,0,0,0,0,0,0,0,0,0,0,0,0,0,0,0,0,0,0,0,0,0,0,0,0,0,0,0,0,0,0,0,0,0,0,0,0,0,0,0,0,0,0,0,0,0,0,0,0,0,0,0,0,0,0,0,0,0,0,0,0,0,0,0,0,0,0,0,0,0,0,0,0,0,0,0,0,0,0,0,0,0,0,0,0,0,0,0,0,0,0,0,0,0,0,0,0,0,0,0.00019109615823254,0,0,0,0,0,0,0,0,0,0,0,0,0,0,0,0,0,0,0,0,0,0,0,0,0,0,0,0,0,0,0,0,0,0,0,0,0,0,0.013936429284513,0.0108241746202111,0,0,0,0,0,0,0,0,0,0,0,0,0,0,0,0,0,0,0,0.00850939191877842,0.0550687126815319,0.0768533051013947,0.10202930867672,0.10860987007618,0.117118760943413,0.0857101753354073,0.012682044878602,0.0925259068608284,0.133409529924393,0.171325981616974,0.196791142225266,0.209796577692032,0.173317357897758,0.117625623941422,0.248332321643829,0.263468205928802,0.340700775384903,0.408430099487305,0.423058748245239,0.394910752773285,0.357857167720795,0.2074304074049,0,0.163431867957115,0.239470064640045,0.265736848115921,0.346027344465256,0.399553447961807,0.453854829072952,0.390650153160095,0.162375003099442,0,0.222115099430084,0.384366601705551,0.308341234922409,0.270918250083923,0.383640170097351,0.358271151781082,0.307779133319855,0.329835087060928,0.347950100898743,0.32366555929184,0.433592349290848,0.420511543750763,0.300944864749908,0.380438089370728,0.307859897613525,0.442056804895401,0.470641702413559,0.305808573961258,0.26649221777916,0.347071051597595,0.430463671684265,0.437352746725082,0.401198416948318,0.473617136478424,0.461969643831253,0.396951109170914,0.392184972763062,0.331552982330322,0.427198439836502,0.337722390890121,0.27105325460434,0.022109467536211,0,0.295077711343765,0.390277564525604,0.387467920780182,0.384798586368561,0.257872253656387,0.256116092205048,0.323466390371323,0.43142956495285,0.49808931350708,0.48835152387619,0.454728752374649,0.529704689979553,0.0236898399889469,0,0.241435796022415,0.327910959720612,0.3476442694664,0.459676802158356,0.421807795763016,0.316045939922333,0.0678459107875824,0.273512095212936,0,0,0.049393005669117,0.0210015438497066,0.298407137393951,0.210218176245689,0,0.18725897371769,0.382938891649246,0.243009731173515,0.37307745218277,0.385505735874176,0.396988779306412,0.459463208913803,0.480592578649521,0.443263620138168,0.378765285015106,0.268354713916779,0.106541804969311,0.383183926343918,0.393632709980011,0.0440940856933594,0.111600898206234,0.172341972589493,0,0,0,0,0,0.197787716984749,0.211198717355728,0.334366261959076,0.195784583687782,0,0,0,0,0,0.163110435009003,0,0,0,0,0,0,0,0,0,0,0,0,0,0,0,0,0.0298070404678583,0,0,0,0,0,0,0,0,0,0,0,0,0,0,0,0,0,0,0,0,0,0,0,0,0,0,0,0,0,0,0,0,0,0,0,0,0,73
Kleve,0,0,0,0,0,0,0,0,0,0,0,0,0,0,0,0,0,0,0,0,0,0,0,0,0,0,0,0,0,0,0,0,0,0,0,0,0,0,0,0,0,0,0,0,0,0,0,0,0,0,0,0,0,0,0,0,0,0,0,0,0,0,0,0,0,0,0,0,0,0,0,0,0,0,0,0,0,0,0,0,0,0,0,0,0,0,0,0,0,0,0,0,0,0,0,0,0,0,0,0,0,0,0,0,0,0,0,0,0,0,0,0,0,0,0,0,0,0,0,0,0,0,0,0,0.000368620792869478,0,0,0,0,0,0,0,0,0,0,0,0,0,0,0,0,0,0,0,0,0,0,0,0,0,0,0,0,0,0,0,0,0,0,0,0,0,0,0.0161031316965818,0.0132491923868656,0,0,0,0,0,0,0,0,0,0,0,0,0,0,0,0,0,0,0,0.0586396381258965,0.0873746052384377,0.108100853860378,0.132373332977295,0.131434053182602,0.140971064567566,0.0943329334259033,0.0806921273469925,0.114029861986637,0.150976896286011,0.190469890832901,0.207076102495193,0.218318611383438,0.175863280892372,0.149915933609009,0.260922640562057,0.243097364902496,0.320515096187592,0.385575860738754,0.384641379117966,0.336625099182129,0.33122444152832,0.13989982008934,0,0.121584944427013,0.235141903162003,0.232703745365143,0.345849633216858,0.373159140348434,0.385613769292831,0.354591757059097,0.135912209749222,0,0.239265993237495,0.351157903671265,0.299076348543167,0.241663455963135,0.336596965789795,0.328595757484436,0.336714029312134,0.34758073091507,0.324141651391983,0.341703504323959,0.393287569284439,0.37233430147171,0.351468622684479,0.329685539007187,0.301884174346924,0.420081734657288,0.431601583957672,0.320215165615082,0.279079914093018,0.364121049642563,0.397521793842316,0.361626237630844,0.371701240539551,0.446691513061523,0.421095162630081,0.376657158136368,0.381946355104446,0.329352051019669,0.389607578516006,0.33412691950798,0.251259207725525,0.160771086812019,0.16062892973423,0.326350718736649,0.418943494558334,0.397868573665619,0.364158779382706,0.311102449893951,0.29389688372612,0.29519909620285,0.36818715929985,0.445897281169891,0.418674528598785,0.37108251452446,0.476355671882629,0.188854977488518,0,0.301378160715103,0.326389282941818,0.352465391159058,0.443569511175156,0.403598874807358,0.374251455068588,0.301290899515152,0.292546331882477,0.213482186198235,0.0402937643229961,0.25005891919136,0.22422531247139,0.356072336435318,0.311319351196289,0.211729884147644,0.255380064249039,0.362440854310989,0.200562551617622,0.324514865875244,0.331625670194626,0.4147929251194,0.443080961704254,0.467884063720703,0.429578542709351,0.347891330718994,0.295317769050598,0.201035633683205,0.354742467403412,0.366366416215897,0.181417435407639,0.248974680900574,0.207750469446182,0.0908506140112877,0,0,0,0,0.242521464824677,0.242798864841461,0.299594521522522,0.19911789894104,0,0,0,0,0.034783873707056,0.136378690600395,0,0,0,0,0,0,0,0,0,0,0,0,0,0,0,0,0.143214926123619,0,0,0,0,0,0,0,0,0,0,0,0,0,0,0,0,0,0,0,0,0,0,0,0,0,0,0,0,0,0,0,0,0,0,0,0,0,74
Mettmann,0,0,0,0,0,0,0,0,0,0,0,0,0,0,0,0,0,0,0,0,0,0,0,0,0,0,0,0,0,0,0,0,0,0,0,0,0,0,0,0,0,0,0,0,0,0,0,0,0,0,0,0,0,0,0,0,0,0,0,0,0,0,0,0,0,0,0,0,0,0,0,0,0,0,0,0,0,0,0,0,0,0,0,0,0,0,0,0,0,0,0,0,0,0,0,0,0,0,0,0,0,0,0,0,0,0,0,0,0,0,0,0,0,0,0,0,0,0,0,0,0,0,0,0,0.000539933331310749,0,0,0,0,0,0,0,0,0,0,0,0,0,0,0,0,0,0,0,0,0,0,0,0,0,0,0,0,0,0,0,0,0,0,0,0,0,0,0.0232905577868223,0.0184480436146259,0,0,0,0,0,0,0,0,0,0,0,0,0,0,0,0,0,0,0,0.0581326559185982,0.104852646589279,0.133888736367226,0.169701263308525,0.174627751111984,0.188485935330391,0.138115435838699,0.0855113118886948,0.152066513895988,0.205337420105934,0.262867540121078,0.293888777494431,0.311319321393967,0.261234730482101,0.199950680136681,0.367615103721619,0.379635095596313,0.479694843292236,0.5788494348526,0.593625068664551,0.544737935066223,0.504563093185425,0.285547107458115,0,0.249437138438225,0.371123552322388,0.395066827535629,0.505873262882233,0.56292051076889,0.625207960605621,0.545793890953064,0.251109033823013,0,0.363931745290756,0.550445437431335,0.458344846963882,0.400903731584549,0.550418257713318,0.521639883518219,0.473855286836624,0.505922973155975,0.503861963748932,0.495734602212906,0.622160375118256,0.591294646263123,0.477238714694977,0.545823514461517,0.470835834741592,0.644257783889771,0.673822939395905,0.473877459764481,0.426095575094223,0.537361085414886,0.623659193515778,0.62472003698349,0.585474133491516,0.692343235015869,0.672355353832245,0.593762457370758,0.591318547725677,0.510209500789642,0.630860269069672,0.53063040971756,0.428224623203278,0.164882808923721,0.11513352394104,0.493436217308044,0.623109638690948,0.596352577209473,0.598670125007629,0.46485447883606,0.428844958543777,0.496667951345444,0.633062779903412,0.73424881696701,0.71450936794281,0.659257292747498,0.780598044395447,0.182415336370468,0,0.432993948459625,0.526552319526672,0.545824468135834,0.706204116344452,0.64475816488266,0.540104329586029,0.414521306753159,0.470200657844543,0.127667754888535,0,0.30629688501358,0.184216275811195,0.502707242965698,0.405794590711594,0,0.388223975896835,0.599849104881287,0.38591992855072,0.577541291713715,0.584380984306335,0.635322570800781,0.704591691493988,0.730224668979645,0.683519780635834,0.584113717079163,0.45341944694519,0.33531129360199,0.592269122600555,0.607502579689026,0.261649399995804,0.334205389022827,0.344417691230774,6.72143960400717e-06,0,0,0,0.0977889969944954,0.357668548822403,0.364669322967529,0.516306281089783,0.334552019834518,0,0,0,0,0.0766519233584404,0.287066102027893,0,0,0,0,0,0,0,0,0,0,0,0,0,0,0,0,0.182921916246414,0,0,0,0,0,0,0,0,0,0,0,0,0,0,0,0,0,0,0,0,0,0,0,0,0,0,0,0,0,0,0,0,0,0,0,0,0,75
Rhein-Kreis Neuss,0,0,0,0,0,0,0,0,0,0,0,0,0,0,0,0,0,0,0,0,0,0,0,0,0,0,0,0,0,0,0,0,0,0,0,0,0,0,0,0,0,0,0,0,0,0,0,0,0,0,0,0,0,0,0,0,0,0,0,0,0,0,0,0,0,0,0,0,0,0,0,0,0,0,0,0,0,0,0,0,0,0,0,0,0,0,0,0,0,0,0,0,0,0,0,0,0,0,0,0,0,0,0,0,0,0,0,0,0,0,0,0,0,0,0,0,0,0,0,0,0,0,0,0,0.00063476845389232,0,0,0,0,0,0,0,0,0,0,0,0,0,0,0,0,0,0,0,0,0,0,0,0,0,0,0,0,0,0,0,0,0,0,0,0,0,0,0.0256435349583626,0.0206811316311359,0,0,0,0,0,0,0,0,0,0,0,0,0,0,0,0,0,0,0,0.0777969807386398,0.125136896967888,0.156326502561569,0.196361944079399,0.199227795004845,0.2118269354105,0.147862553596497,0.114776000380516,0.168624997138977,0.224284380674362,0.284849107265472,0.315772384405136,0.337902039289474,0.282227247953415,0.219444289803505,0.387924671173096,0.394302248954773,0.499403089284897,0.598483145236969,0.608249425888062,0.551544427871704,0.522047817707062,0.2951680123806,0,0.226755112409592,0.379111915826797,0.416430830955505,0.530765473842621,0.575900852680206,0.626080334186554,0.546090722084045,0.256463199853897,0,0.400654077529907,0.565873324871063,0.474473208189011,0.419946998357773,0.559981286525726,0.545149266719818,0.499297201633453,0.531087934970856,0.514585614204407,0.530391573905945,0.625167727470398,0.581334054470062,0.50220787525177,0.544614493846893,0.488696247339249,0.658436179161072,0.686751842498779,0.505489706993103,0.45756122469902,0.558772385120392,0.638404250144958,0.626017093658447,0.586430132389069,0.706387162208557,0.68065220117569,0.606503129005432,0.618299067020416,0.53890061378479,0.656458139419556,0.566488027572632,0.450019001960754,0.282623440027237,0.263462662696838,0.508513331413269,0.659942984580994,0.631040871143341,0.610149443149567,0.503983557224274,0.478581756353378,0.531629383563995,0.641488969326019,0.74875795841217,0.719539284706116,0.666948437690735,0.797887921333313,0.312094062566757,0,0.479937434196472,0.563053667545319,0.572305142879486,0.728605389595032,0.654377400875092,0.572794020175934,0.478012412786484,0.476875603199005,0.334309965372086,0,0.369392395019531,0.316403657197952,0.532493948936462,0.44093781709671,0.184317767620087,0.404096305370331,0.594106078147888,0.417495727539063,0.589555501937866,0.579625844955444,0.652958989143372,0.711117208003998,0.752575635910034,0.709087193012238,0.595650196075439,0.474882036447525,0.37243977189064,0.595785737037659,0.6213458776474,0.309653609991074,0.38381826877594,0.356185555458069,0.002197306137532,0,0,0,0.230927035212517,0.405075371265411,0.399783700704575,0.515104293823242,0.336406111717224,0,0,0,0,0.21893547475338,0.317732393741608,0,0,0,0,0,0,0,0,0,0,0,0,0,0,0,0.00318354368209839,0.239001512527466,0,0,0,0,0,0,0,0,0,0,0,0,0,0,0,0,0,0,0,0,0,0,0,0,0,0,0,0,0,0,0,0,0,0,0,0,0,76
Viersen,0,0,0,0,0,0,0,0,0,0,0,0,0,0,0,0,0,0,0,0,0,0,0,0,0,0,0,0,0,0,0,0,0,0,0,0,0,0,0,0,0,0,0,0,0,0,0,0,0,0,0,0,0,0,0,0,0,0,0,0,0,0,0,0,0,0,0,0,0,0,0,0,0,0,0,0,0,0,0,0,0,0,0,0,0,0,0,0,0,0,0,0,0,0,0,0,0,0,0,0,0,0,0,0,0,0,0,0,0,0,0,0,0,0,0,0,0,0,0,0,0,0,0,0,0.000562031462322921,0,0,0,0,0,0,0,0,0,0,0,0,0,0,0,0,0,0,0,0,0,0,0,0,0,0,0,0,0,0,0,0,0,0,0,0,0,0,0.0249650292098522,0.0203011594712734,0,0,0,0,0,0,0,0,0,0,0,0,0,0,0,0,0,0,0,0.0903309509158134,0.135860443115234,0.168931901454926,0.212012410163879,0.215078443288803,0.226876601576805,0.152024880051613,0.128898128867149,0.181464776396751,0.242755562067032,0.307072192430496,0.337680876255035,0.360255897045135,0.295422405004501,0.238800212740898,0.420457422733307,0.408245742321014,0.529552221298218,0.631079196929932,0.640403091907501,0.571138858795166,0.551531553268433,0.27454799413681,0,0.187614187598228,0.401267349720001,0.418402820825577,0.575782477855682,0.614095330238342,0.653123617172241,0.582487165927887,0.235761553049088,0,0.406854212284088,0.595862984657288,0.499435544013977,0.419961452484131,0.578383564949036,0.566470801830292,0.555025696754456,0.577436149120331,0.539941489696503,0.576361894607544,0.659545242786407,0.615907847881317,0.559564054012299,0.555217146873474,0.508894979953766,0.700536847114563,0.724013090133667,0.535988986492157,0.477547287940979,0.607450246810913,0.678904592990875,0.63156133890152,0.623088300228119,0.74368155002594,0.710062265396118,0.630036473274231,0.645355403423309,0.568585813045502,0.687830448150635,0.587575852870941,0.447445780038834,0.271710395812988,0.251801997423172,0.544183254241943,0.710768222808838,0.669161796569824,0.628254234790802,0.519717037677765,0.496208488941193,0.533149778842926,0.655153572559357,0.777539849281311,0.738494277000427,0.674176096916199,0.829716205596924,0.305953234434128,0,0.515156626701355,0.585614264011383,0.605976402759552,0.769688308238983,0.683107018470764,0.617292761802673,0.501199126243591,0.495827496051788,0.357997983694077,0,0.400302231311798,0.351727217435837,0.581101655960083,0.493911027908325,0.327487379312515,0.440853744745255,0.625906646251678,0.368492245674133,0.59574955701828,0.588944911956787,0.706357836723328,0.755262196063995,0.807638049125671,0.752058804035187,0.609922051429749,0.502933263778687,0.39278981089592,0.625982284545898,0.643666863441467,0.309707462787628,0.422739207744598,0.362301409244537,0.0805424526333809,0,0,0,0.0165753681212664,0.421197563409805,0.425095677375793,0.53665030002594,0.346347749233246,0,0,0,0,0.216721892356873,0.291437298059464,0,0,0,0,0,0,0,0,0,0,0,0,0,0,0,0,0.261899530887604,0,0,0,0,0,0,0,0,0,0,0,0,0,0,0,0,0,0,0,0,0,0,0,0,0,0,0,0,0,0,0,0,0,0,0,0,0,77
Wesel,0,0,0,0,0,0,0,0,0,0,0,0,0,0,0,0,0,0,0,0,0,0,0,0,0,0,0,0,0,0,0,0,0,0,0,0,0,0,0,0,0,0,0,0,0,0,0,0,0,0,0,0,0,0,0,0,0,0,0,0,0,0,0,0,0,0,0,0,0,0,0,0,0,0,0,0,0,0,0,0,0,0,0,0,0,0,0,0,0,0,0,0,0,0,0,0,0,0,0,0,0,0,0,0,0,0,0,0,0,0,0,0,0,0,0,0,0,0,0,0,0,0,0,0,0.000579459592700005,0,0,0,0,0,0,0,0,0,0,0,0,0,0,0,0,0,0,0,0,0,0,0,0,0,0,0,0,0,0,0,0,0,0,0,0,0,0,0.0227160565555096,0.0182044673711061,0,0,0,0,0,0,0,0,0,0,0,0,0,0,0,0,0,0,0,0.0765729546546936,0.115887127816677,0.145652681589127,0.180481106042862,0.181404113769531,0.192582860589027,0.137154668569565,0.109059914946556,0.154156759381294,0.20180444419384,0.259276419878006,0.281829297542572,0.299296677112579,0.240521714091301,0.193624526262283,0.354415059089661,0.334636598825455,0.439883291721344,0.53611421585083,0.534771144390106,0.475567609071732,0.459112077951431,0.19554378092289,0,0.197315186262131,0.332836419343948,0.335584074258804,0.477484822273254,0.520137190818787,0.544857382774353,0.492065012454987,0.214172527194023,0,0.341458648443222,0.491767525672913,0.427659064531326,0.349209547042847,0.484646528959274,0.468631744384766,0.464005887508392,0.487912744283676,0.460713595151901,0.478510946035385,0.564308643341064,0.529629349708557,0.495105594396591,0.476070731878281,0.430124580860138,0.590363085269928,0.599346876144409,0.435708671808243,0.383982986211777,0.503937423229218,0.55975216627121,0.515645265579224,0.542719781398773,0.633460462093353,0.607561051845551,0.541118443012238,0.541606426239014,0.468903541564941,0.556043565273285,0.467898011207581,0.359538525342941,0.226227939128876,0.268278449773788,0.490053534507751,0.589933753013611,0.560148060321808,0.531755149364471,0.446040630340576,0.42757049202919,0.429281026124954,0.532798886299133,0.645216405391693,0.60540634393692,0.535176932811737,0.680909812450409,0.279305756092072,0,0.427965700626373,0.464200347661972,0.504506766796112,0.633888423442841,0.583545684814453,0.539165735244751,0.42532879114151,0.413737446069717,0.298379987478256,0.0061716279014945,0.347548574209213,0.329154014587402,0.511018335819244,0.437042236328125,0.280814856290817,0.344090938568115,0.525441944599152,0.298146724700928,0.463722348213196,0.474947541952133,0.591020047664642,0.651249468326569,0.682777523994446,0.629258036613464,0.511730968952179,0.428157538175583,0.283964455127716,0.527149796485901,0.538905739784241,0.258224278688431,0.349581480026245,0.313147246837616,0.00638152658939362,0,0,0,0.0476191490888596,0.344748705625534,0.348674833774567,0.445639044046402,0.315664678812027,0,0,0,0,0.0932796522974968,0.22007454931736,0,0,0,0,0,0,0,0,0,0,0,0,0,0,0,0,0.203678786754608,0,0,0,0,0,0,0,0,0,0,0,0,0,0,0,0,0,0,0,0,0,0,0,0,0,0,0,0,0,0,0,0,0,0,0,0,0,78
Bonn,0,0,0,0,0,0,0,0,0,0,0,0,0,0,0,0,0,0,0,0,0,0,0,0,0,0,0,0,0,0,0,0,0,0,0,0,0,0,0,0,0,0,0,0,0,0,0,0,0,0,0,0,0,0,0,0,0,0,0,0,0,0,0,0,0,0,0,0,0,0,0,0,0,0,0,0,0,0,0,0,0,0,0,0,0,0,0,0,0,0,0,0,0,0,0,0,0,0,0,0,0,0,0,0,0,0,0,0,0,0,0,0,0,0,0,0,0,0,0,0,0,0,0,0,0.000548045092727989,0,0,0,0,0,0,0,0,0,0,0,0,0,0,0,0,0,0,0,0,0,0,0,0,0,0,0,0,0,0,0,0,0,0,0,0,0,0,0.0275256205350161,0.0223120506852865,0,0,0,0,0,0,0,0,0,0,0,0,0,0,0,0,0,0,0,0.0364405624568462,0.114663742482662,0.145795688033104,0.191828489303589,0.187680810689926,0.208187997341156,0.145659804344177,0.0511557906866074,0.184093862771988,0.238476306200027,0.292738139629364,0.333785653114319,0.362361311912537,0.308139383792877,0.230082631111145,0.41564866900444,0.450294226408005,0.567428112030029,0.661639392375946,0.666116058826447,0.646405100822449,0.59134566783905,0.420790582895279,0,0.301008462905884,0.369835764169693,0.481646090745926,0.566229522228241,0.65810090303421,0.744979798793793,0.588970601558685,0.314616948366165,0,0.451598793268204,0.631698787212372,0.487439900636673,0.516607940196991,0.60977840423584,0.627861201763153,0.462303638458252,0.514317333698273,0.592117369174957,0.541847109794617,0.666066348552704,0.62172532081604,0.441365480422974,0.629755079746246,0.545261025428772,0.71306324005127,0.766052007675171,0.548201680183411,0.522816061973572,0.625477313995361,0.721676647663116,0.751334190368652,0.625234544277191,0.756974697113037,0.752476751804352,0.627169966697693,0.681532502174377,0.599011600017548,0.72845447063446,0.598438143730164,0.491603642702103,0.331111967563629,0,0.480749756097794,0.641014754772186,0.668340802192688,0.624094188213348,0.493344634771347,0.561589896678925,0.59832364320755,0.722390651702881,0.849579274654388,0.835696995258331,0.796900570392609,0.878941178321838,0.327922940254211,0,0.458458304405212,0.591366589069366,0.582499384880066,0.781216442584991,0.679666936397552,0.54790997505188,0.413467735052109,0.460366487503052,0.169940426945686,0,0.200427114963531,0.0774698182940483,0.496585875749588,0.260672777891159,0,0.349619716405869,0.632197499275208,0.634229898452759,0.69228994846344,0.661688208580017,0.644457340240479,0.748966693878174,0.789868772029877,0.752991080284119,0.643924057483673,0.448851555585861,0.318837672472,0.628117620944977,0.662603557109833,0.321603655815125,0.227879092097282,0.329205870628357,0,0,0,0,0.135402202606201,0.426819652318954,0.401525139808655,0.51443737745285,0.301998317241669,0,0,0,0,0.127360060811043,0.40429899096489,0,0,0,0,0,0,0,0,0,0,0,0,0,0,0,0,0.202149197459221,0,0,0,0,0,0,0,0,0,0,0,0,0,0,0,0,0,0,0,0,0,0,0,0,0,0,0,0,0,0,0,0,0,0,0,0,0,79
Köln,0,0,0,0,0,0,0,0,0,0,0,0,0,0,0,0,0,0,0,0,0,0,0,0,0,0,0,0,0,0,0,0,0,0,0,0,0,0,0,0,0,0,0,0,0,0,0,0,0,0,0,0,0,0,0,0,0,0,0,0,0,0,0,0,0,0,0,0,0,0,0,0,0,0,0,0,0,0,0,0,0,0,0,0,0,0,0,0,0,0,0,0,0,0,0,0,0,0,0,0,0,0,0,0,0,0,0,0,0,0,0,0,0,0,0,0,0,0,0,0,0,0,0,0,0.000973342335782945,0,0,0,0,0,0,0,0,0,0,0,0,0,0,0,0,0,0,0,0,0,0,0,0,0,0,0,0,0,0,0,0,0,0,0,0,0,0,0.0390865840017796,0.0326252989470959,0,0,0,0,0,0,0,0,0,0,0,0,0,0,0,0,0,0,0,0.0927006453275681,0.160000041127205,0.196696192026138,0.245205596089363,0.242400765419006,0.266406953334808,0.192149445414543,0.12389849871397,0.220921471714973,0.286727696657181,0.350827485322952,0.394111722707748,0.420036107301712,0.360786259174347,0.278807997703552,0.477889448404312,0.511031210422516,0.63328754901886,0.74823534488678,0.757472693920135,0.714558959007263,0.660327732563019,0.442895740270615,0,0.354937523603439,0.472675144672394,0.550669491291046,0.64796781539917,0.738021433353424,0.805027961730957,0.691545069217682,0.39662230014801,0,0.530121445655823,0.700997352600098,0.578956007957458,0.57099461555481,0.712436735630035,0.696931123733521,0.582132816314697,0.62797337770462,0.659224927425385,0.648969769477844,0.782441556453705,0.738176226615906,0.564899802207947,0.71080881357193,0.632019639015198,0.825310170650482,0.868065893650055,0.638087093830109,0.601306021213531,0.711273968219757,0.810094237327576,0.844687819480896,0.721570074558258,0.897446036338806,0.868537127971649,0.767953455448151,0.800591170787811,0.700993537902832,0.837544083595276,0.722587764263153,0.60973459482193,0.433606922626495,0.0896556749939919,0.615027606487274,0.801050305366516,0.806648969650269,0.784040987491608,0.650832056999207,0.635755181312561,0.713927686214447,0.840226054191589,0.968002676963806,0.94416880607605,0.896081328392029,1.02281069755554,0.436836630105972,0,0.589493751525879,0.72587525844574,0.72411036491394,0.925792515277863,0.843163728713989,0.707661747932434,0.591623246669769,0.620921909809113,0.400029748678207,0,0.474361389875412,0.349404752254486,0.638721942901611,0.490439921617508,0,0.500617980957031,0.763010442256927,0.696004569530487,0.798002243041992,0.771077454090118,0.796914458274841,0.90000331401825,0.940445005893707,0.905049800872803,0.80055832862854,0.615354239940643,0.45149427652359,0.759464681148529,0.804468214511871,0.439561128616333,0.441963404417038,0.47106084227562,0.229022637009621,0,0,0,0.341407001018524,0.561422348022461,0.52196192741394,0.662479937076569,0.43665811419487,0,0,0,0,0.285054087638855,0.490209758281708,0,0,0,0,0,0,0,0,0,0,0,0,0,0,0,0,0.29178574681282,0,0,0,0,0,0,0,0,0,0,0,0,0,0,0,0,0,0,0,0,0,0,0,0,0,0,0,0,0,0,0,0,0,0,0,0,0,80
Leverkusen,0,0,0,0,0,0,0,0,0,0,0,0,0,0,0,0,0,0,0,0,0,0,0,0,0,0,0,0,0,0,0,0,0,0,0,0,0,0,0,0,0,0,0,0,0,0,0,0,0,0,0,0,0,0,0,0,0,0,0,0,0,0,0,0,0,0,0,0,0,0,0,0,0,0,0,0,0,0,0,0,0,0,0,0,0,0,0,0,0,0,0,0,0,0,0,0,0,0,0,0,0,0,0,0,0,0,0,0,0,0,0,0,0,0,0,0,0,0,0,0,0,0,0,0,0.00102932786103338,0,0,0,0,0,0,0,0,0,0,0,0,0,0,0,0,0,0,0,0,0,0,0,0,0,0,0,0,0,0,0,0,0,0,0,0,0,0,0.0400857366621494,0.0334313437342644,0,0,0,0,0,0,0,0,0,0,0,0,0,0,0,0,0,0,0,0.0972875952720642,0.161553099751472,0.198412209749222,0.246243625879288,0.244478330016136,0.26887634396553,0.196326926350594,0.12592838704586,0.221488058567047,0.288554787635803,0.352748721837997,0.394933640956879,0.419141441583633,0.361459940671921,0.280507653951645,0.479423850774765,0.512549042701721,0.632557034492493,0.747375726699829,0.760728478431702,0.715263724327087,0.658973038196564,0.436023771762848,0,0.365110367536545,0.482840597629547,0.544009268283844,0.643932580947876,0.739047586917877,0.8028404712677,0.697404801845551,0.396546632051468,0,0.518896162509918,0.695111334323883,0.577333629131317,0.559308052062988,0.708049595355988,0.685462832450867,0.585178732872009,0.628936052322388,0.651181280612946,0.641335129737854,0.780379295349121,0.741823256015778,0.560631990432739,0.70090126991272,0.621982574462891,0.817876398563385,0.858859241008759,0.627109825611115,0.588589131832123,0.702114760875702,0.79951423406601,0.835589468479156,0.71895307302475,0.885718405246735,0.856239020824432,0.759886980056763,0.785135209560394,0.686655282974243,0.822218358516693,0.708634555339813,0.600821673870087,0.419420659542084,0.0180511418730021,0.612715423107147,0.789522886276245,0.787880480289459,0.775332450866699,0.632244288921356,0.604628682136536,0.692600131034851,0.824913859367371,0.945741474628448,0.924102067947388,0.876247763633728,1.00031554698944,0.420553863048553,0,0.573103904724121,0.708706617355347,0.710596859455109,0.905114829540253,0.8317711353302,0.69649749994278,0.580809533596039,0.62243914604187,0.336667567491531,0,0.46380427479744,0.36059781908989,0.625267565250397,0.490914523601532,0,0.507315874099731,0.757414162158966,0.669447958469391,0.779888510704041,0.756087362766266,0.786559820175171,0.88337117433548,0.914964258670807,0.881619215011597,0.783216536045074,0.608541250228882,0.445660471916199,0.747398138046265,0.784735023975372,0.417511284351349,0.428217530250549,0.46752393245697,0.236847251653671,0,0,0,0.295443624258041,0.54016524553299,0.50334906578064,0.653054654598236,0.433726876974106,0,0,0,0,0.232944563031197,0.467931836843491,0,0,0,0,0,0,0,0,0,0,0,0,0,0,0,0,0.26903048157692,0,0,0,0,0,0,0,0,0,0,0,0,0,0,0,0,0,0,0,0,0,0,0,0,0,0,0,0,0,0,0,0,0,0,0,0,0,81
Städteregion Aachen,0,0,0,0,0,0,0,0,0,0,0,0,0,0,0,0,0,0,0,0,0,0,0,0,0,0,0,0,0,0,0,0,0,0,0,0,0,0,0,0,0,0,0,0,0,0,0,0,0,0,0,0,0,0,0,0,0,0,0,0,0,0,0,0,0,0,0,0,0,0,0,0,0,0,0,0,0,0,0,0,0,0,0,0,0,0,0,0,0,0,0,0,0,0,0,0,0,0,0,0,0,0,0,0,0,0,0,0,0,0,0,0,0,0,0,0,0,0,0,0,0,0,0,0,0.000158963579451665,0,0,0,0,0,0,0,0,0,0,0,0,0,0,0,0,0,0,0,0,0,0,0,0,0,0,0,0,0,0,0,0,0,0,0,0,0,0,0.00873793382197618,0.00616916688159108,0,0,0,0,0,0,0,0,0,0,0,0,0,0,0,0,0,0,0,0.00026178130065091,0.0385934710502625,0.0498671978712082,0.0691815167665482,0.0723846778273582,0.0726771950721741,0.0371577516198158,0.019321370869875,0.0592111498117447,0.0852455049753189,0.112373434007168,0.129712015390396,0.142010942101479,0.105945967137814,0.0773077085614204,0.166834622621536,0.167830467224121,0.217622980475426,0.255864500999451,0.259527623653412,0.237418070435524,0.225097894668579,0.124297209084034,0,0,0.114722609519958,0.17931555211544,0.226550072431564,0.24034258723259,0.264995545148849,0.211763694882393,0.000788681907579303,0,0.170263484120369,0.246294304728508,0.193856701254845,0.165451034903526,0.233775541186333,0.233024373650551,0.203265652060509,0.207645684480667,0.197383865714073,0.21297025680542,0.250016182661057,0.220641762018204,0.190425977110863,0.208826661109924,0.165586605668068,0.264619618654251,0.295271992683411,0.227136895060539,0.201822862029076,0.231174007058144,0.272966653108597,0.268782734870911,0.23828037083149,0.287823975086212,0.274421483278275,0.251431822776794,0.255153834819794,0.215011537075043,0.273707717657089,0.210037797689438,0.136496007442474,0.00106798205524683,0,0.171920493245125,0.261418968439102,0.246663004159927,0.227672398090363,0.175522163510323,0.19956947863102,0.230112239718437,0.265410661697388,0.328753590583801,0.321360051631927,0.293108284473419,0.35075968503952,0.00117356900591403,0,0.175298437476158,0.207717835903168,0.240414202213287,0.303060293197632,0.24329636991024,0.21216955780983,0.166825398802757,0.144256666302681,0.00119803776033223,0,0.00136353599373251,0,0.173290655016899,0.11508172005415,0,0.120107129216194,0.241162806749344,0.177263811230659,0.260281264781952,0.259297788143158,0.271341681480408,0.309651166200638,0.325830668210983,0.290211498737335,0.228589743375778,0.161287441849709,0.140003085136414,0.248310446739197,0.243366077542305,0.108170919120312,0.137860476970673,0.123316824436188,0,0,0,0,0.0900330245494843,0.151013925671577,0.162504434585571,0.20564977824688,0.123681657016277,0,0,0,0,0.000966407882515341,0.100027285516262,0,0,0,0,0,0,0,0,0,0,0,0,0,0,0,0.0905852094292641,0.103915132582188,0,0,0,0,0,0,0,0,0,0,0,0,0,0,0,0,0,0,0,0,0,0,0,0,0,0,0,0,0,0,0,0,0,0,0,0,0,82
Düren,0,0,0,0,0,0,0,0,0,0,0,0,0,0,0,0,0,0,0,0,0,0,0,0,0,0,0,0,0,0,0,0,0,0,0,0,0,0,0,0,0,0,0,0,0,0,0,0,0,0,0,0,0,0,0,0,0,0,0,0,0,0,0,0,0,0,0,0,0,0,0,0,0,0,0,0,0,0,0,0,0,0,0,0,0,0,0,0,0,0,0,0,0,0,0,0,0,0,0,0,0,0,0,0,0,0,0,0,0,0,0,0,0,0,0,0,0,0,0,0,0,0,0,0,0.000244054870563559,0,0,0,0,0,0,0,0,0,0,0,0,0,0,0,0,0,0,0,0,0,0,0,0,0,0,0,0,0,0,0,0,0,0,0,0,0,0,0.013405155390501,0.0101326610893011,0,0,0,0,0,0,0,0,0,0,0,0,0,0,0,0,0,0,0,0.0145070236176252,0.0603747554123402,0.0779909938573837,0.104901894927025,0.107598148286343,0.111305981874466,0.0689086839556694,0.0322870798408985,0.0894105806946754,0.126016393303871,0.163585394620895,0.188588351011276,0.206675961613655,0.162570923566818,0.107838168740273,0.23624986410141,0.242668762803078,0.312472760677338,0.369224309921265,0.374713212251663,0.345542520284653,0.324173867702484,0.193316087126732,0,0,0.17169389128685,0.262328147888184,0.324572890996933,0.344257593154907,0.382515281438828,0.31515970826149,0.0685579851269722,0,0.248873889446259,0.34685817360878,0.284418106079102,0.252516210079193,0.341287106275558,0.334556549787521,0.280121475458145,0.296059668064117,0.296110212802887,0.310046225786209,0.366999447345734,0.32936617732048,0.283249765634537,0.319251954555511,0.262423276901245,0.384197503328323,0.420030832290649,0.309735536575317,0.281114161014557,0.324460178613663,0.383838772773743,0.384087473154068,0.337463021278381,0.424064040184021,0.40117883682251,0.358735978603363,0.368700057268143,0.314066886901855,0.389536291360855,0.319216012954712,0.234679639339447,0.0839957445859909,0,0.231894910335541,0.369431436061859,0.364782691001892,0.333238124847412,0.280072420835495,0.29445818066597,0.332622081041336,0.382356196641922,0.457428097724915,0.447536021471024,0.417878001928329,0.486036896705627,0.0910051986575127,0,0.260671854019165,0.311534553766251,0.332212954759598,0.425313025712967,0.359577000141144,0.300694674253464,0.225143045186996,0.204243347048759,0.090018667280674,0,0.0988203883171082,0.022969787940383,0.258585125207901,0.173046261072159,0,0.159983187913895,0.319550842046738,0.258597105741501,0.34766498208046,0.343165725469589,0.363069593906403,0.418119192123413,0.447810888290405,0.406119704246521,0.331274747848511,0.220499157905579,0.174367651343346,0.331928074359894,0.344481319189072,0.160821065306664,0.18192994594574,0.154778763651848,0,0,0,0,0.118026629090309,0.225471302866936,0.222579553723335,0.282717376947403,0.160987183451653,0,0,0,0,0.0993767082691193,0.159543439745903,0,0,0,0,0,0,0,0,0,0,0,0,0,0,0,0.0789916217327118,0.132594391703606,0,0,0,0,0,0,0,0,0,0,0,0,0,0,0,0,0,0,0,0,0,0,0,0,0,0,0,0,0,0,0,0,0,0,0,0,0,83
Rhein-Erft-Kreis,0,0,0,0,0,0,0,0,0,0,0,0,0,0,0,0,0,0,0,0,0,0,0,0,0,0,0,0,0,0,0,0,0,0,0,0,0,0,0,0,0,0,0,0,0,0,0,0,0,0,0,0,0,0,0,0,0,0,0,0,0,0,0,0,0,0,0,0,0,0,0,0,0,0,0,0,0,0,0,0,0,0,0,0,0,0,0,0,0,0,0,0,0,0,0,0,0,0,0,0,0,0,0,0,0,0,0,0,0,0,0,0,0,0,0,0,0,0,0,0,0,0,0,0,0.000485610478790477,0,0,0,0,0,0,0,0,0,0,0,0,0,0,0,0,0,0,0,0,0,0,0,0,0,0,0,0,0,0,0,0,0,0,0,0,0,0,0.0221147686243057,0.0180698726326227,0,0,0,0,0,0,0,0,0,0,0,0,0,0,0,0,0,0,0,0.0377211049199104,0.0983308032155037,0.122559390962124,0.157262802124023,0.157547354698181,0.169752672314644,0.116597965359688,0.0810460448265076,0.139136150479317,0.184332668781281,0.231050223112106,0.262535780668259,0.282771050930023,0.23646154999733,0.176482677459717,0.318524450063705,0.33776593208313,0.425655990839005,0.50330513715744,0.510007441043854,0.474991828203201,0.444400072097778,0.287317782640457,0,0.149635404348373,0.295257896184921,0.369287133216858,0.443968713283539,0.485679119825363,0.533662676811218,0.45397025346756,0.235384792089462,0,0.355250120162964,0.475746512413025,0.396043598651886,0.379037857055664,0.480104506015778,0.470730394124985,0.393725574016571,0.417051434516907,0.437776893377304,0.439917623996735,0.522793769836426,0.483630925416946,0.393097370862961,0.475064903497696,0.417872905731201,0.553267419338226,0.58819580078125,0.4330053627491,0.402810961008072,0.469672590494156,0.544368386268616,0.555748701095581,0.48042294383049,0.609882712364197,0.584199547767639,0.518440365791321,0.537935674190521,0.466748654842377,0.563257277011871,0.485592871904373,0.390966147184372,0.265577346086502,0.0938365831971169,0.398016661405563,0.543421864509583,0.547002255916595,0.514832139015198,0.446410119533539,0.440043270587921,0.488806784152985,0.565517544746399,0.656859219074249,0.639968752861023,0.605259537696838,0.698787987232208,0.279262721538544,0,0.403623104095459,0.485744476318359,0.492810368537903,0.627569913864136,0.557526528835297,0.465637058019638,0.388236880302429,0.380987882614136,0.273713678121567,0,0.296838700771332,0.153419747948647,0.425459682941437,0.315643072128296,0,0.301076114177704,0.491551786661148,0.429241329431534,0.52251273393631,0.512287020683289,0.535940825939178,0.604445576667786,0.645228147506714,0.613704204559326,0.526184856891632,0.392842799425125,0.297672867774963,0.502607524394989,0.537674605846405,0.295273780822754,0.311073511838913,0.294438809156418,0.046251829713583,0,0,0,0.216422066092491,0.36920028924942,0.348289489746094,0.438694626092911,0.282121807336807,0,0,0,0,0.207447364926338,0.312657117843628,0,0,0,0,0,0,0,0,0,0,0,0,0,0,0,0.016223257407546,0.217955380678177,0,0,0,0,0,0,0,0,0,0,0,0,0,0,0,0,0,0,0,0,0,0,0,0,0,0,0,0,0,0,0,0,0,0,0,0,0,84
Euskirchen,0,0,0,0,0,0,0,0,0,0,0,0,0,0,0,0,0,0,0,0,0,0,0,0,0,0,0,0,0,0,0,0,0,0,0,0,0,0,0,0,0,0,0,0,0,0,0,0,0,0,0,0,0,0,0,0,0,0,0,0,0,0,0,0,0,0,0,0,0,0,0,0,0,0,0,0,0,0,0,0,0,0,0,0,0,0,0,0,0,0,0,0,0,0,0,0,0,0,0,0,0,0,0,0,0,0,0,0,0,0,0,0,0,0,0,0,0,0,0,0,0,0,0,0,8.0629215517547e-05,0,0,0,0,0,0,0,0,0,0,0,0,0,0,0,0,0,0,0,0,0,0,0,0,0,0,0,0,0,0,0,0,0,0,0,0,0,0,0.00646035047248006,0.0038965258281678,0,0,0,0,0,0,0,0,0,0,0,0,0,0,0,0,0,0,0,0,0.0198403391987085,0.0302815940231085,0.0458923727273941,0.0481129735708237,0.050188597291708,0.0258067212998867,0.00427076779305935,0.0373944565653801,0.0629020035266876,0.0866790041327477,0.103746250271797,0.118398353457451,0.0901698619127274,0.0388848297297955,0.13746178150177,0.146343246102333,0.193552359938622,0.2293880879879,0.233073070645332,0.222305372357368,0.200627058744431,0.130133464932442,0,0.00808344129472971,0.0612943693995476,0.154943361878395,0.194711789488792,0.221198365092278,0.255006074905396,0.183373034000397,0.0147912930697203,0,0.117327071726322,0.222944036126137,0.174443393945694,0.15558810532093,0.200595512986183,0.204715818166733,0.122273556888103,0.15015110373497,0.186043590307236,0.165468484163284,0.221731454133987,0.191224604845047,0.140841722488403,0.20485220849514,0.134400904178619,0.234953939914703,0.273353010416031,0.181676715612411,0.17325097322464,0.198717832565308,0.245070740580559,0.253716260194778,0.206477090716362,0.257340252399445,0.244865283370018,0.203389585018158,0.218220829963684,0.176889672875404,0.234457328915596,0.149541392922401,0.100200831890106,0.0161754190921783,0,0.0886001139879227,0.206584334373474,0.202043265104294,0.157571703195572,0.118812523782253,0.150220468640327,0.196920916438103,0.243148669600487,0.293082892894745,0.293350666761398,0.27800127863884,0.303558439016342,0.0173057932406664,0,0.108090311288834,0.149076893925667,0.182754635810852,0.259211599826813,0.198853731155396,0.122010722756386,0.0510667823255062,0.0510709993541241,0.0161096286028624,0,0.0170309711247683,0,0.103261902928352,0.0172414146363735,0,0.0164593234658241,0.184084951877594,0.180213883519173,0.220428764820099,0.216716259717941,0.216729655861855,0.250749409198761,0.269666135311127,0.240384697914124,0.187154695391655,0.077117033302784,0.0427975803613663,0.196314707398415,0.206540495157242,0.0187170002609491,0.0186975952237844,0.0176366474479437,0,0,0,0,0.0128944776952267,0.091181293129921,0.0983523279428482,0.157742232084274,0.0575305558741093,0,0,0,0,0.0133341243490577,0.0683263018727303,0,0,0,0,0,0,0,0,0,0,0,0,0,0,0,0,0.0320457853376865,0,0,0,0,0,0,0,0,0,0,0,0,0,0,0,0,0,0,0,0,0,0,0,0,0,0,0,0,0,0,0,0,0,0,0,0,0,85
Heinsberg,0,0,0,0,0,0,0,0,0,0,0,0,0,0,0,0,0,0,0,0,0,0,0,0,0,0,0,0,0,0,0,0,0,0,0,0,0,0,0,0,0,0,0,0,0,0,0,0,0,0,0,0,0,0,0,0,0,0,0,0,0,0,0,0,0,0,0,0,0,0,0,0,0,0,0,0,0,0,0,0,0,0,0,0,0,0,0,0,0,0,0,0,0,0,0,0,0,0,0,0,0,0,0,0,0,0,0,0,0,0,0,0,0,0,0,0,0,0,0,0,0,0,0,0,0.00019809155492112,0,0,0,0,0,0,0,0,0,0,0,0,0,0,0,0,0,0,0,0,0,0,0,0,0,0,0,0,0,0,0,0,0,0,0,0,0,0,0.00961069669574499,0.00764200650155544,0,0,0,0,0,0,0,0,0,0,0,0,0,0,0,0,0,0,0,0.0291659384965897,0.0510915592312813,0.0634259656071663,0.082067608833313,0.0843434184789658,0.0877272337675095,0.0564948879182339,0.0485786721110344,0.0697867497801781,0.0948003455996513,0.120241932570934,0.135408759117126,0.145524755120277,0.117745466530323,0.0917145907878876,0.165845721960068,0.167222887277603,0.212944686412811,0.251458317041397,0.256576478481293,0.23160494863987,0.222128584980965,0.121480546891689,0,0.00604481250047684,0.149469166994095,0.174902990460396,0.227309569716454,0.239755481481552,0.259434849023819,0.225138992071152,0.0826538577675819,0,0.167467206716537,0.235959529876709,0.196830704808235,0.168902188539505,0.231581255793571,0.228860393166542,0.213319852948189,0.220833107829094,0.207894697785378,0.226715251803398,0.25461819767952,0.234382450580597,0.208361834287643,0.215327605605125,0.193280652165413,0.269731760025024,0.284708589315414,0.216546580195427,0.191245406866074,0.231754347681999,0.266053855419159,0.255221664905548,0.238274544477463,0.289010494947433,0.275991588830948,0.247988790273666,0.253113180398941,0.222028180956841,0.270462781190872,0.230626627802849,0.170645177364349,0.103767417371273,0.00744971260428429,0.199601292610168,0.271559774875641,0.257560819387436,0.240591019392014,0.199302315711975,0.197424426674843,0.221262738108635,0.258739292621613,0.308620482683182,0.29778528213501,0.275609076023102,0.329346656799316,0.115298643708229,0,0.197193622589111,0.227836519479752,0.237008586525917,0.297423005104065,0.25955531001091,0.228701576590538,0.186456263065338,0.177622392773628,0.124583803117275,0,0.138864129781723,0.0751643627882004,0.206468269228935,0.166722133755684,0.0643354430794716,0.157991260290146,0.237440571188927,0.158873498439789,0.236119613051414,0.233519300818443,0.264250248670578,0.289750128984451,0.309566527605057,0.289673805236816,0.234155803918839,0.185522973537445,0.150511980056763,0.238294288516045,0.24549189209938,0.12466549128294,0.156064346432686,0.129060730338097,0,0,0,0,0.0435822755098343,0.164235800504684,0.161107689142227,0.20257368683815,0.131223440170288,0,0,0,0,0.0905270725488663,0.119278840720654,0,0,0,0,0,0,0,0,0,0,0,0,0,0,0,0.0320226773619652,0.106654569506645,0,0,0,0,0,0,0,0,0,0,0,0,0,0,0,0,0,0,0,0,0,0,0,0,0,0,0,0,0,0,0,0,0,0,0,0,0,86
Oberbergischer Kreis,0,0,0,0,0,0,0,0,0,0,0,0,0,0,0,0,0,0,0,0,0,0,0,0,0,0,0,0,0,0,0,0,0,0,0,0,0,0,0,0,0,0,0,0,0,0,0,0,0,0,0,0,0,0,0,0,0,0,0,0,0,0,0,0,0,0,0,0,0,0,0,0,0,0,0,0,0,0,0,0,0,0,0,0,0,0,0,0,0,0,0,0,0,0,0,0,0,0,0,0,0,0,0,0,0,0,0,0,0,0,0,0,0,0,0,0,0,0,0,0,0,0,0,0,7.72289931774139e-05,0,0,0,0,0,0,0,0,0,0,0,0,0,0,0,0,0,0,0,0,0,0,0,0,0,0,0,0,0,0,0,0,0,0,0,0,0,0,0.0088241808116436,0.0064667109400034,0,0,0,0,0,0,0,0,0,0,0,0,0,0,0,0,0,0,0,0,0.033711563795805,0.0481234602630138,0.0658753961324692,0.0687216818332672,0.076200433075428,0.0532158575952053,0,0.0580788664519787,0.0898188203573227,0.115572400391102,0.136135265231133,0.147346377372742,0.115485802292824,0.0703081786632538,0.174029856920242,0.191669076681137,0.250127196311951,0.299333810806274,0.304959267377853,0.294285893440247,0.25872802734375,0.156074106693268,0,0.120787903666496,0.146890312433243,0.181019902229309,0.242466494441032,0.309944599866867,0.327248275279999,0.26495435833931,0.0308780614286661,0,0.13187101483345,0.280390322208405,0.205086708068848,0.192093193531036,0.257699757814407,0.257119059562683,0.188303977251053,0.197845086455345,0.251944094896317,0.212006390094757,0.295833051204681,0.29172220826149,0.165999323129654,0.275650233030319,0.20760677754879,0.303743273019791,0.3332359790802,0.201647117733955,0.177768602967262,0.239236578345299,0.306052625179291,0.322852700948715,0.286503881216049,0.316969186067581,0.318747609853745,0.248428612947464,0.259634554386139,0.214618444442749,0.281195104122162,0.202108547091484,0.127088740468025,0.0100039606913924,0,0.170225575566292,0.228409707546234,0.233727142214775,0.227120116353035,0.0385580807924271,0.14750537276268,0.195630624890327,0.275588631629944,0.34068638086319,0.341967970132828,0.311275482177734,0.341772675514221,0.00150521274190396,0,0.0441501811146736,0.183812648057938,0.188476964831352,0.296763360500336,0.244423165917397,0.159710571169853,0.0330828428268433,0.138046503067017,0,0,0.00142966234125197,0,0.157931283116341,0.0109858978539705,0,0.101625800132751,0.24562656879425,0.230396941304207,0.259089261293411,0.252741456031799,0.243047878146172,0.294452220201492,0.306229293346405,0.268424063920975,0.2246123701334,0.132030412554741,0.00150620518252254,0.240962237119675,0.245534881949425,0.00144800543785095,0.00132238492369652,0.0258276108652353,0,0,0,0,0,0.0726348981261253,0.134110793471336,0.191093862056732,0.0264163184911013,0,0,0,0,0,0.108500614762306,0,0,0,0,0,0,0,0,0,0,0,0,0,0,0,0,0.000875586352776736,0,0,0,0,0,0,0,0,0,0,0,0,0,0,0,0,0,0,0,0,0,0,0,0,0,0,0,0,0,0,0,0,0,0,0,0,0,87
Rheinisch-Bergischer Kreis,0,0,0,0,0,0,0,0,0,0,0,0,0,0,0,0,0,0,0,0,0,0,0,0,0,0,0,0,0,0,0,0,0,0,0,0,0,0,0,0,0,0,0,0,0,0,0,0,0,0,0,0,0,0,0,0,0,0,0,0,0,0,0,0,0,0,0,0,0,0,0,0,0,0,0,0,0,0,0,0,0,0,0,0,0,0,0,0,0,0,0,0,0,0,0,0,0,0,0,0,0,0,0,0,0,0,0,0,0,0,0,0,0,0,0,0,0,0,0,0,0,0,0,0,0.000295612262561917,0,0,0,0,0,0,0,0,0,0,0,0,0,0,0,0,0,0,0,0,0,0,0,0,0,0,0,0,0,0,0,0,0,0,0,0,0,0,0.0169322807341814,0.0135269798338413,0,0,0,0,0,0,0,0,0,0,0,0,0,0,0,0,0,0,0,0.00998617056757212,0.0709592625498772,0.0935278013348579,0.121467269957066,0.123990915715694,0.137730345129967,0.0988838598132133,0.0135859623551369,0.114593826234341,0.15581226348877,0.193391755223274,0.221575975418091,0.238287881016731,0.201688334345818,0.14270393550396,0.279046595096588,0.302518934011459,0.385149925947189,0.454434365034103,0.4644396007061,0.442655861377716,0.401929587125778,0.260913014411926,0,0.208142802119255,0.267564445734024,0.313188552856445,0.382556706666946,0.45612034201622,0.50793069601059,0.426146894693375,0.209214270114899,0,0.276311188936234,0.426683843135834,0.335325568914413,0.328489154577255,0.42659530043602,0.413023799657822,0.334122538566589,0.357670098543167,0.394186347723007,0.3670913875103,0.47590246796608,0.459562361240387,0.314568310976028,0.429743438959122,0.360651403665543,0.493663251399994,0.527445793151855,0.35546663403511,0.325189709663391,0.406038343906403,0.490056335926056,0.511821389198303,0.44562041759491,0.525970578193665,0.519927799701691,0.442163050174713,0.458070874214172,0.395521819591522,0.488726764917374,0.399413198232651,0.329539686441422,0.142434850335121,0,0.333797335624695,0.439510613679886,0.447194963693619,0.435307025909424,0.307851165533066,0.330585479736328,0.387258648872375,0.488853842020035,0.570348799228668,0.563532173633575,0.530213534832001,0.600506782531738,0.144823104143143,0,0.288751840591431,0.389278203248978,0.39406144618988,0.530614256858826,0.480448335409164,0.367598444223404,0.209705173969269,0.325022280216217,0.0216614082455635,0,0.147345796227455,0.0370695479214191,0.336922407150269,0.20760902762413,0,0.240673869848251,0.444310158491135,0.386366993188858,0.457470089197159,0.449172496795654,0.448382318019867,0.526181638240814,0.54729551076889,0.511604607105255,0.445399761199951,0.313529700040817,0.150635302066803,0.44211345911026,0.460017800331116,0.141314595937729,0.137790888547897,0.217555612325668,0.0133048882707953,0,0,0,0.0188398938626051,0.274371713399887,0.2654789686203,0.379249662160873,0.220177799463272,0,0,0,0,0.0152701651677489,0.247266590595245,0,0,0,0,0,0,0,0,0,0,0,0,0,0,0,0,0.0885332673788071,0,0,0,0,0,0,0,0,0,0,0,0,0,0,0,0,0,0,0,0,0,0,0,0,0,0,0,0,0,0,0,0,0,0,0,0,0,88
Rhein-Sieg-Kreis,0,0,0,0,0,0,0,0,0,0,0,0,0,0,0,0,0,0,0,0,0,0,0,0,0,0,0,0,0,0,0,0,0,0,0,0,0,0,0,0,0,0,0,0,0,0,0,0,0,0,0,0,0,0,0,0,0,0,0,0,0,0,0,0,0,0,0,0,0,0,0,0,0,0,0,0,0,0,0,0,0,0,0,0,0,0,0,0,0,0,0,0,0,0,0,0,0,0,0,0,0,0,0,0,0,0,0,0,0,0,0,0,0,0,0,0,0,0,0,0,0,0,0,0,0.000360810838174075,0,0,0,0,0,0,0,0,0,0,0,0,0,0,0,0,0,0,0,0,0,0,0,0,0,0,0,0,0,0,0,0,0,0,0,0,0,0,0.0198439974337816,0.0158256255090237,0,0,0,0,0,0,0,0,0,0,0,0,0,0,0,0,0,0,0,0.0198917370289564,0.0839713513851166,0.107347004115582,0.141114130616188,0.139294013381004,0.155885711312294,0.108336910605431,0.0299055017530918,0.136074930429459,0.179772585630417,0.221051558852196,0.252640247344971,0.274234533309937,0.231267005205154,0.170781299471855,0.317027360200882,0.343478411436081,0.436005830764771,0.509652256965637,0.512911319732666,0.499220728874207,0.453323125839233,0.317745923995972,0,0.230841979384422,0.279362082481384,0.362476855516434,0.432573467493057,0.512359261512756,0.57067483663559,0.45315808057785,0.224731490015984,0,0.338245034217834,0.484370708465576,0.370753884315491,0.390596508979797,0.46567702293396,0.477460503578186,0.353011637926102,0.386576682329178,0.453763723373413,0.41276615858078,0.513708174228668,0.48236608505249,0.333779126405716,0.484628081321716,0.41358295083046,0.54483437538147,0.58717280626297,0.413158774375916,0.389460563659668,0.473319530487061,0.551485538482666,0.574826717376709,0.484125167131424,0.576445460319519,0.577915906906128,0.47563847899437,0.514841437339783,0.451041013002396,0.549492955207825,0.449659287929535,0.362920492887497,0.22843225300312,0,0.361585825681686,0.47820571064949,0.49883759021759,0.468125134706497,0.351395696401596,0.418247431516647,0.443814039230347,0.540343523025513,0.644257187843323,0.636623740196228,0.603668630123138,0.662345588207245,0.2028818577528,0,0.330391079187393,0.43649759888649,0.428087830543518,0.588703095912933,0.509328126907349,0.405402630567551,0.297799468040466,0.337950497865677,0.100754007697105,0,0.121452398598194,0.0358400568366051,0.369109988212585,0.189871221780777,0,0.257526963949203,0.476143479347229,0.479797393083572,0.520763576030731,0.497807651758194,0.482670813798904,0.567613959312439,0.596332609653473,0.561886668205261,0.478848159313202,0.32427504658699,0.204827755689621,0.473753899335861,0.497018039226532,0.198450148105621,0.132909029722214,0.228064000606537,0,0,0,0,0.0803595408797264,0.313914358615875,0.297584980726242,0.383208990097046,0.215784654021263,0,0,0,0,0.0763468816876411,0.299702256917953,0,0,0,0,0,0,0,0,0,0,0,0,0,0,0,0,0.112911075353622,0,0,0,0,0,0,0,0,0,0,0,0,0,0,0,0,0,0,0,0,0,0,0,0,0,0,0,0,0,0,0,0,0,0,0,0,0,89
Bottrop,0,0,0,0,0,0,0,0,0,0,0,0,0,0,0,0,0,0,0,0,0,0,0,0,0,0,0,0,0,0,0,0,0,0,0,0,0,0,0,0,0,0,0,0,0,0,0,0,0,0,0,0,0,0,0,0,0,0,0,0,0,0,0,0,0,0,0,0,0,0,0,0,0,0,0,0,0,0,0,0,0,0,0,0,0,0,0,0,0,0,0,0,0,0,0,0,0,0,0,0,0,0,0,0,0,0,0,0,0,0,0,0,0,0,0,0,0,0,0,0,0,0,0,0,0.000592807482462376,0,0,0,0,0,0,0,0,0,0,0,0,0,0,0,0,0,0,0,0,0,0,0,0,0,0,0,0,0,0,0,0,0,0,0,0,0,0,0.0238605532795191,0.0188171081244946,0,0,0,0,0,0,0,0,0,0,0,0,0,0,0,0,0,0,0,0.0714505463838577,0.11554591357708,0.145925730466843,0.183380767703056,0.188087180256844,0.199069753289223,0.148872405290604,0.108419187366962,0.158724069595337,0.210831359028816,0.272910714149475,0.298575878143311,0.31623363494873,0.255166590213776,0.198389783501625,0.374579429626465,0.361868500709534,0.469536155462265,0.580840826034546,0.582896590232849,0.529483020305634,0.498745650053024,0.232322320342064,0,0.236957147717476,0.367026031017303,0.383552551269531,0.518861889839172,0.561817288398743,0.606157243251801,0.542802691459656,0.253179311752319,0,0.378843188285828,0.543333113193512,0.472183167934418,0.39124208688736,0.550665378570557,0.521131992340088,0.496760666370392,0.532661259174347,0.51279628276825,0.526906251907349,0.635113716125488,0.59798800945282,0.539584934711456,0.545935869216919,0.480758637189865,0.655733823776245,0.66402393579483,0.472608149051666,0.417134672403336,0.551397502422333,0.624291837215424,0.587361395359039,0.611294388771057,0.708508014678955,0.688492953777313,0.610109865665436,0.604601919651031,0.526480913162231,0.629747331142426,0.52386885881424,0.411016583442688,0.236256778240204,0.299131512641907,0.550893187522888,0.650721788406372,0.62180757522583,0.613615393638611,0.501931071281433,0.473651438951492,0.487400740385056,0.612217962741852,0.741226971149445,0.705404698848724,0.621542751789093,0.774581253528595,0.300209254026413,0,0.471168965101242,0.526747047901154,0.568388760089874,0.721200525760651,0.667114615440369,0.598679482936859,0.460507988929749,0.4627825319767,0.309091180562973,0,0.368646323680878,0.356174767017365,0.567383348941803,0.476003676652908,0.173009887337685,0.377056270837784,0.605213403701782,0.32418105006218,0.530898094177246,0.549657881259918,0.660929083824158,0.746573805809021,0.779053688049316,0.720626056194305,0.597870051860809,0.486973136663437,0.316614866256714,0.609926879405975,0.625600636005402,0.286462903022766,0.376865267753601,0.361026376485825,0,0,0,0,0.111983232200146,0.377485990524292,0.390516847372055,0.528986871242523,0.377650678157806,0,0,0,0,0.0898516327142715,0.276261895895004,0,0,0,0,0,0,0,0,0,0,0,0,0,0,0,0,0.230450734496117,0,0,0,0,0,0,0,0,0,0,0,0,0,0,0,0,0,0,0,0,0,0,0,0,0,0,0,0,0,0,0,0,0,0,0,0,0,90
Gelsenkirchen,0,0,0,0,0,0,0,0,0,0,0,0,0,0,0,0,0,0,0,0,0,0,0,0,0,0,0,0,0,0,0,0,0,0,0,0,0,0,0,0,0,0,0,0,0,0,0,0,0,0,0,0,0,0,0,0,0,0,0,0,0,0,0,0,0,0,0,0,0,0,0,0,0,0,0,0,0,0,0,0,0,0,0,0,0,0,0,0,0,0,0,0,0,0,0,0,0,0,0,0,0,0,0,0,0,0,0,0,0,0,0,0,0,0,0,0,0,0,0,0,0,0,0,0,0.000485390977701172,0,0,0,0,0,0,0,0,0,0,0,0,0,0,0,0,0,0,0,0,0,0,0,0,0,0,0,0,0,0,0,0,0,0,0,0,0,0,0.022669555619359,0.0178989190608263,0,0,0,0,0,0,0,0,0,0,0,0,0,0,0,0,0,0,0,0.0529525764286518,0.106713019311428,0.136145249009132,0.172947838902473,0.180911183357239,0.191747054457664,0.146435484290123,0.100112423300743,0.151553809642792,0.207292288541794,0.267886102199554,0.294527620077133,0.309924215078354,0.250615537166595,0.192045718431473,0.36778450012207,0.358025282621384,0.462795913219452,0.578573763370514,0.583116412162781,0.536010324954987,0.498763531446457,0.244981408119202,0,0.239651337265968,0.364899396896362,0.388345867395401,0.519046306610107,0.557476699352264,0.610390722751617,0.551107108592987,0.260121047496796,0,0.377477198839188,0.545306384563446,0.468032211065292,0.391209930181503,0.560917377471924,0.519288957118988,0.48726698756218,0.52669358253479,0.516961395740509,0.53107613325119,0.641658544540405,0.609960794448853,0.537911951541901,0.559472739696503,0.483948349952698,0.659419775009155,0.66945081949234,0.469492077827454,0.406835466623306,0.542319297790527,0.625598311424255,0.592674374580383,0.608564436435699,0.714812040328979,0.693920910358429,0.612140953540802,0.603414118289948,0.52699089050293,0.632147252559662,0.520721435546875,0.41191029548645,0.19130277633667,0.231561467051506,0.531351029872894,0.639571309089661,0.620117843151093,0.620545268058777,0.498564332723618,0.46300795674324,0.486840069293976,0.617714643478394,0.743706464767456,0.712966978549957,0.628836929798126,0.775955736637115,0.280327171087265,0,0.464656829833984,0.521494328975677,0.563145518302917,0.71556681394577,0.667683184146881,0.581467270851135,0.426407158374786,0.446501821279526,0.237575635313988,0,0.349809557199478,0.337967604398727,0.554891467094421,0.462853640317917,0,0.356055587530136,0.593907475471497,0.250826567411423,0.514471232891083,0.543168723583221,0.641778171062469,0.73515659570694,0.771152198314667,0.712951302528381,0.60109806060791,0.479865223169327,0.292417913675308,0.596096038818359,0.621909320354462,0.274356096982956,0.356877863407135,0.346914499998093,0,0,0,0,0,0.360595881938934,0.375403165817261,0.528348982334137,0.373525679111481,0,0,0,0,0,0.274788051843643,0,0,0,0,0,0,0,0,0,0,0,0,0,0,0,0,0.229637756943703,0,0,0,0,0,0,0,0,0,0,0,0,0,0,0,0,0,0,0,0,0,0,0,0,0,0,0,0,0,0,0,0,0,0,0,0,0,91
Münster,0,0,0,0,0,0,0,0,0,0,0,0,0,0,0,0,0,0,0,0,0,0,0,0,0,0,0,0,0,0,0,0,0,0,0,0,0,0,0,0,0,0,0,0,0,0,0,0,0,0,0,0,0,0,0,0,0,0,0,0,0,0,0,0,0,0,0,0,0,0,0,0,0,0,0,0,0,0,0,0,0,0,0,0,0,0,0,0,0,0,0,0,0,0,0,0,0,0,0,0,0,0,0,0,0,0,0,0,0,0,0,0,0,0,0,0,0,0,0,0,0,0,0,0,0,0,0,0,0,0,0,0,0,0,0,0,0,0,0,0,0,0,0,0,0,0,0,0,0,0,0,0,0,0,0,0,0,0,0,0,0,0,0,0.0174718908965588,0.0142064699903131,0,0,0,0,0,0,0,0,0,0,0,0,0,0,0,0,0,0,0,0,0.070571057498455,0.106491163372993,0.150618046522141,0.161258652806282,0.17339226603508,0.153889372944832,0.0884847864508629,0.126687601208687,0.173948362469673,0.24587669968605,0.263089269399643,0.279044717550278,0.219908401370049,0.135446846485138,0.317576825618744,0.290517568588257,0.409525066614151,0.535210788249969,0.521895289421082,0.506263971328735,0.46334120631218,0.200448095798492,0,0.22926914691925,0.304307550191879,0.36255818605423,0.487010687589645,0.535878717899323,0.562301516532898,0.53720486164093,0.317894756793976,0,0.335968255996704,0.499237805604935,0.432786643505096,0.370045214891434,0.537221908569336,0.495757281780243,0.451557368040085,0.477588802576065,0.490140527486801,0.52794349193573,0.605319976806641,0.586130857467651,0.518025577068329,0.541021943092346,0.472058445215225,0.609753966331482,0.610628128051758,0.37407460808754,0.37962394952774,0.469788610935211,0.551485538482666,0.476753443479538,0.601115524768829,0.679396450519562,0.672538459300995,0.554448902606964,0.564704179763794,0.503873646259308,0.577760756015778,0.441495805978775,0.371437042951584,0.243292719125748,0.0462772995233536,0.452738046646118,0.570765137672424,0.552081286907196,0.556671261787415,0.456444263458252,0.471133887767792,0.465213894844055,0.522549390792847,0.672399342060089,0.64389967918396,0.565726339817047,0.671006262302399,0.322684913873672,0,0.441692352294922,0.444760531187057,0.52209061384201,0.588539659976959,0.620384812355042,0.510580241680145,0.301907360553741,0.315890222787857,0.257521152496338,0,0.296149909496307,0.336214154958725,0.499114513397217,0.435109227895737,0,0,0.425226718187332,0.118193551898003,0.31747230887413,0.36925345659256,0.513198971748352,0.620542168617249,0.704908430576324,0.663794159889221,0.552639186382294,0.462285459041595,0,0.481963992118835,0.531486093997955,0.214034244418144,0.161831632256508,0.210535570979118,0,0,0,0,0,0.289025157690048,0.346823632717133,0.446106046438217,0.367630422115326,0,0,0,0,0,0.285119771957397,0,0,0,0,0,0,0,0,0,0,0,0,0,0,0,0,0.225504338741302,0,0,0,0,0,0,0,0,0,0,0,0,0,0,0,0,0,0,0,0,0,0,0,0,0,0,0,0,0,0,0,0,0,0,0,0,0,92
Borken,0,0,0,0,0,0,0,0,0,0,0,0,0,0,0,0,0,0,0,0,0,0,0,0,0,0,0,0,0,0,0,0,0,0,0,0,0,0,0,0,0,0,0,0,0,0,0,0,0,0,0,0,0,0,0,0,0,0,0,0,0,0,0,0,0,0,0,0,0,0,0,0,0,0,0,0,0,0,0,0,0,0,0,0,0,0,0,0,0,0,0,0,0,0,0,0,0,0,0,0,0,0,0,0,0,0,0,0,0,0,0,0,0,0,0,0,0,0,0,0,0,0,0,0,2.28873668675078e-05,0,0,0,0,0,0,0,0,0,0,0,0,0,0,0,0,0,0,0,0,0,0,0,0,0,0,0,0,0,0,0,0,0,0,0,0,0,0,0.00778855103999376,0.00601242668926716,0,0,0,0,0,0,0,0,0,0,0,0,0,0,0,0,0,0,0,0.00293104839511216,0.0338260866701603,0.0480177029967308,0.0638085380196571,0.0682280361652374,0.0731630846858025,0.0560386553406715,0.0378675945103168,0.0546800531446934,0.072462223470211,0.100904509425163,0.108549803495407,0.116225391626358,0.090742789208889,0.0624361261725426,0.135183796286583,0.12488454580307,0.172083377838135,0.215345159173012,0.213063269853592,0.19550696015358,0.185880482196808,0.0426347218453884,0,0.0776761025190353,0.125552654266357,0.134478062391281,0.190669625997543,0.213422358036041,0.21801221370697,0.196863755583763,0.0905386731028557,0,0.132022991776466,0.193709537386894,0.173283457756042,0.135396912693977,0.199789226055145,0.189208164811134,0.180701419711113,0.190978229045868,0.185867145657539,0.201224640011787,0.236034005880356,0.21932415664196,0.206209108233452,0.192255958914757,0.173460096120834,0.236287415027618,0.232839792966843,0.149548217654228,0.129462659358978,0.180210530757904,0.211989104747772,0.179412737488747,0.227191716432571,0.257895648479462,0.247754722833633,0.216413795948029,0.212435722351074,0.179936528205872,0.205925583839417,0.156614005565643,0.116080112755299,0.0836369842290878,0.072985365986824,0.188854619860649,0.217006608843803,0.213066756725311,0.206688746809959,0.165712937712669,0.169418558478355,0.165142104029655,0.189677894115448,0.242643415927887,0.228222981095314,0.204293787479401,0.252524614334106,0.116256281733513,0,0.161108076572418,0.161599829792976,0.185633569955826,0.226556107401848,0.220347076654434,0.197298988699913,0.122732602059841,0.115880683064461,0.10318573564291,0,0.115917585790157,0.120872713625431,0.189070492982864,0.159068956971169,0.00969578512012959,0.0126048997044563,0.172247812151909,0.105154111981392,0.132910445332527,0.145268589258194,0.199556976556778,0.235708087682724,0.254267305135727,0.236728966236115,0.19094155728817,0.156963407993317,0.0101350480690598,0.181884065270424,0.193994164466858,0.0365381129086018,0.102508291602135,0.0917529314756393,0,0,0,0,0,0.116606786847115,0.114785559475422,0.14978551864624,0.125968992710114,0,0,0,0,0.000591289484873414,0.0757332742214203,0,0,0,0,0,0,0,0,0,0,0,0,0,0,0,0,0.0751054137945175,0,0,0,0,0,0,0,0,0,0,0,0,0,0,0,0,0,0,0,0,0,0,0,0,0,0,0,0,0,0,0,0,0,0,0,0,0,93
Coesfeld,0,0,0,0,0,0,0,0,0,0,0,0,0,0,0,0,0,0,0,0,0,0,0,0,0,0,0,0,0,0,0,0,0,0,0,0,0,0,0,0,0,0,0,0,0,0,0,0,0,0,0,0,0,0,0,0,0,0,0,0,0,0,0,0,0,0,0,0,0,0,0,0,0,0,0,0,0,0,0,0,0,0,0,0,0,0,0,0,0,0,0,0,0,0,0,0,0,0,0,0,0,0,0,0,0,0,0,0,0,0,0,0,0,0,0,0,0,0,0,0,0,0,0,0,0,0,0,0,0,0,0,0,0,0,0,0,0,0,0,0,0,0,0,0,0,0,0,0,0,0,0,0,0,0,0,0,0,0,0,0,0,0,0,0.0137529307976365,0.0107269119471312,0,0,0,0,0,0,0,0,0,0,0,0,0,0,0,0,0,0,0,0,0.0580612160265446,0.0839919447898865,0.115406066179276,0.126794680953026,0.13430255651474,0.111207887530327,0.0694565922021866,0.0996309593319893,0.136802643537521,0.187173038721085,0.20171445608139,0.213344514369965,0.167826101183891,0.101534128189087,0.244027659296989,0.230316609144211,0.316500872373581,0.403751581907272,0.400548160076141,0.381765186786652,0.352274417877197,0.157018646597862,0,0.168895646929741,0.240252688527107,0.268013089895248,0.367703408002853,0.400208711624146,0.418289095163345,0.397885799407959,0.217449769377708,0,0.251248270273209,0.374569922685623,0.322502791881561,0.266795933246613,0.395274132490158,0.369350790977478,0.331796884536743,0.356235444545746,0.366030842065811,0.391649961471558,0.453590124845505,0.431934356689453,0.382281750440598,0.391716808080673,0.345280647277832,0.454169511795044,0.453967243432999,0.283240377902985,0.261239886283875,0.331620812416077,0.415471583604813,0.367401123046875,0.43371844291687,0.495264500379562,0.484142124652863,0.409398972988129,0.411113917827606,0.361585974693298,0.42034038901329,0.323498576879501,0.258790791034698,0.123140223324299,0.00750507973134518,0.332380920648575,0.41558837890625,0.414197474718094,0.411054402589798,0.331056982278824,0.334549576044083,0.323532074689865,0.380294740200043,0.483096688985825,0.457270592451096,0.403429925441742,0.49141401052475,0.230998650193214,0,0.312946885824203,0.319512397050858,0.369619339704514,0.432743549346924,0.442852199077606,0.367760300636292,0.218277141451836,0.226314947009087,0.18288166821003,0,0.214908421039581,0.233878448605537,0.359964638948441,0.308590680360794,0,0,0.323129326105118,0.0748483762145042,0.251638829708099,0.280334502458572,0.376545488834381,0.448868483304977,0.493339002132416,0.462355524301529,0.385501235723495,0.309407740831375,0.00454143201932311,0.346333473920822,0.380160510540009,0.0586491711437702,0.17556469142437,0.172243192791939,0,0,0,0,0,0.209091439843178,0.215403839945793,0.302108973264694,0.251433551311493,0,0,0,0,0,0.178473219275475,0,0,0,0,0,0,0,0,0,0,0,0,0,0,0,0,0.153497010469437,0,0,0,0,0,0,0,0,0,0,0,0,0,0,0,0,0,0,0,0,0,0,0,0,0,0,0,0,0,0,0,0,0,0,0,0,0,94
Recklinghausen,0,0,0,0,0,0,0,0,0,0,0,0,0,0,0,0,0,0,0,0,0,0,0,0,0,0,0,0,0,0,0,0,0,0,0,0,0,0,0,0,0,0,0,0,0,0,0,0,0,0,0,0,0,0,0,0,0,0,0,0,0,0,0,0,0,0,0,0,0,0,0,0,0,0,0,0,0,0,0,0,0,0,0,0,0,0,0,0,0,0,0,0,0,0,0,0,0,0,0,0,0,0,0,0,0,0,0,0,0,0,0,0,0,0,0,0,0,0,0,0,0,0,0,0,0.000162177049787715,0,0,0,0,0,0,0,0,0,0,0,0,0,0,0,0,0,0,0,0,0,0,0,0,0,0,0,0,0,0,0,0,0,0,0,0,0,0,0.0172160807996988,0.0134344454854727,0,0,0,0,0,0,0,0,0,0,0,0,0,0,0,0,0,0,0,0.0179792400449514,0.0784244909882545,0.105026260018349,0.137448981404305,0.148396894335747,0.156331568956375,0.123432822525501,0.0824341252446175,0.119877457618713,0.164104953408241,0.216290965676308,0.23503640294075,0.248040392994881,0.198684394359589,0.136113673448563,0.288013935089111,0.276762396097183,0.366210997104645,0.463132292032242,0.463998347520828,0.432919144630432,0.4011190533638,0.189261242747307,0,0.191230282187462,0.284252732992172,0.306222856044769,0.416248083114624,0.448060989379883,0.479594439268112,0.444253623485565,0.224673330783844,0,0.294879585504532,0.428038120269775,0.370579391717911,0.30336982011795,0.446014851331711,0.411807954311371,0.379087001085281,0.411716371774673,0.410069644451141,0.432777762413025,0.510142624378204,0.48563888669014,0.430866122245789,0.440950632095337,0.383948445320129,0.517096877098083,0.518332600593567,0.346506148576736,0.297931015491486,0.392128467559814,0.480701625347137,0.440724402666092,0.479835778474808,0.5586017370224,0.541623592376709,0.470566779375076,0.466538220643997,0.408172577619553,0.479877918958664,0.382778316736221,0.300134420394897,0.149083629250526,0.136357381939888,0.396484136581421,0.479943990707397,0.478097379207611,0.473547458648682,0.379241555929184,0.365327179431915,0.364961892366409,0.453042715787888,0.555725276470184,0.527885735034943,0.464931607246399,0.574645757675171,0.242455333471298,0,0.354289203882217,0.37919145822525,0.423385560512543,0.517322182655334,0.503218710422516,0.429704010486603,0.279324650764465,0.294042408466339,0.178924366831779,0,0.257572293281555,0.263557314872742,0.416012853384018,0.350074976682663,0.00466711353510618,0.10632311552763,0.405886262655258,0.0966053530573845,0.330877333879471,0.361772060394287,0.452328741550446,0.531836688518524,0.570862948894501,0.528208792209625,0.443628996610641,0.353425562381744,0.0844398960471153,0.417919486761093,0.450284779071808,0.159867972135544,0.242958247661591,0.23132435977459,0,0,0,0,0.000225057723582722,0.255976319313049,0.256883651018143,0.366406202316284,0.282376170158386,0,0,0,0,0.000180578848812729,0.197527870535851,0,0,0,0,0,0,0,0,0,0,0,0,0,0,0,0,0.174527198076248,0,0,0,0,0,0,0,0,0,0,0,0,0,0,0,0,0,0,0,0,0,0,0,0,0,0,0,0,0,0,0,0,0,0,0,0,0,95
Steinfurt,0,0,0,0,0,0,0,0,0,0,0,0,0,0,0,0,0,0,0,0,0,0,0,0,0,0,0,0,0,0,0,0,0,0,0,0,0,0,0,0,0,0,0,0,0,0,0,0,0,0,0,0,0,0,0,0,0,0,0,0,0,0,0,0,0,0,0,0,0,0,0,0,0,0,0,0,0,0,0,0,0,0,0,0,0,0,0,0,0,0,0,0,0,0,0,0,0,0,0,0,0,0,0,0,0,0,0,0,0,0,0,0,0,0,0,0,0,0,0,0,0,0,0,0,0,0,0,0,0,0,0,0,0,0,0,0,0,0,0,0,0,0,0,0,0,0,0,0,0,0,0,0,0,0,0,0,0,0,0,0,0,0,0,0.0140205677598715,0.0115743540227413,0,0,0,0,0,0,0,0,0,0,0,0,0,0,0,0,0,0,0,0,0.0542519874870777,0.0871749594807625,0.120709337294102,0.127117961645126,0.140457436442375,0.124553233385086,0.0674799084663391,0.100804053246975,0.140167504549026,0.203224450349808,0.214255422353745,0.230006784200668,0.180593594908714,0.116050697863102,0.263133466243744,0.231493651866913,0.33392208814621,0.442910224199295,0.426888406276703,0.410156309604645,0.376152694225311,0.0686722174286842,0,0.169664472341537,0.236071020364761,0.289694726467133,0.392735302448273,0.444949209690094,0.464002966880798,0.428526192903519,0.242210119962692,0,0.267496466636658,0.400180250406265,0.359307795763016,0.298118144273758,0.432904034852982,0.394923031330109,0.380553722381592,0.391853481531143,0.384084403514862,0.426710665225983,0.485922127962112,0.475911170244217,0.433930307626724,0.433637738227844,0.379218339920044,0.491163402795792,0.489232182502747,0.296432971954346,0.303374469280243,0.392058134078979,0.429502427577972,0.34330889582634,0.488387525081635,0.553544461727142,0.543508350849152,0.447940200567245,0.450749456882477,0.399333417415619,0.439475953578949,0.330936461687088,0.274301797151566,0.20729872584343,0.148253813385963,0.377355515956879,0.449856519699097,0.421734929084778,0.428911656141281,0.352004557847977,0.36095666885376,0.362847805023193,0.402705103158951,0.526355683803558,0.506555676460266,0.445244133472443,0.525550484657288,0.252568632364273,0,0.3471400141716,0.343372017145157,0.400927901268005,0.461458802223206,0.482214421033859,0.408894389867783,0.252408981323242,0.234767898917198,0.218976721167564,0.000323997111991048,0.233447536826134,0.271960884332657,0.389241546392441,0.343954563140869,0.0399351678788662,0.000111448112875223,0.307612776756287,0.182209998369217,0.18172624707222,0.251542896032333,0.394797772169113,0.479753792285919,0.553584456443787,0.521961212158203,0.425469994544983,0.372373402118683,0,0.361289292573929,0.405090868473053,0.163343384861946,0.068215899169445,0.0807936787605286,0,0,0,0,0,0.229523301124573,0.297103106975555,0.344023525714874,0.283510714769363,0,0,0,0,0,0.21213772892952,0,0,0,0,0,0,0,0,0,0,0,0,0,0,0,0,0.167487606406212,0,0,0,0,0,0,0,0,0,0,0,0,0,0,0,0,0,0,0,0,0,0,0,0,0,0,0,0,0,0,0,0,0,0,0,0,0,96
Warendorf,0,0,0,0,0,0,0,0,0,0,0,0,0,0,0,0,0,0,0,0,0,0,0,0,0,0,0,0,0,0,0,0,0,0,0,0,0,0,0,0,0,0,0,0,0,0,0,0,0,0,0,0,0,0,0,0,0,0,0,0,0,0,0,0,0,0,0,0,0,0,0,0,0,0,0,0,0,0,0,0,0,0,0,0,0,0,0,0,0,0,0,0,0,0,0,0,0,0,0,0,0,0,0,0,0,0,0,0,0,0,0,0,0,0,0,0,0,0,0,0,0,0,0,0,3.35105032718275e-05,0,0,0,0,0,0,0,0,0,0,0,0,0,0,0,0,0,0,0,0,0,0,0,0,0,0,0,0,0,0,0,0,0,0,0,0,0,0,0.0152655784040689,0.0125057771801949,0,0,0,0,0,0,0,0,0,0,0,0,0,0,0,0,0,0,0,0,0.0536112412810326,0.0867112278938293,0.128893151879311,0.133268758654594,0.147027254104614,0.133969962596893,0.0748511999845505,0.105083964765072,0.142503947019577,0.203476637601852,0.217233225703239,0.232708901166916,0.181846752762794,0.111683636903763,0.262002319097519,0.238921329379082,0.335330009460449,0.443344622850418,0.426649898290634,0.419133633375168,0.382258147001266,0.196118101477623,0,0.191993832588196,0.237690567970276,0.296292275190353,0.392581284046173,0.435399204492569,0.458450794219971,0.442690074443817,0.275106519460678,0,0.266636818647385,0.401198208332062,0.365474462509155,0.313103139400482,0.437649458646774,0.401754587888718,0.367694735527039,0.375410556793213,0.393540769815445,0.41659152507782,0.488309949636459,0.476045966148376,0.410329461097717,0.44219234585762,0.379836559295654,0.485617071390152,0.488583385944366,0.300374627113342,0.310090035200119,0.383256703615189,0.441975206136703,0.392114043235779,0.483944028615952,0.544386744499207,0.548215925693512,0.454902142286301,0.455250978469849,0.400859415531158,0.475665122270584,0.354375839233398,0.314768493175507,0.200623795390129,0.147088885307312,0.355024516582489,0.43889257311821,0.433386862277985,0.460298866033554,0.360211193561554,0.382266253232956,0.36839160323143,0.422104388475418,0.539210200309753,0.528279662132263,0.461946964263916,0.542123258113861,0.239068269729614,0,0.342961072921753,0.344548016786575,0.415817677974701,0.479840248823166,0.490481466054916,0.396675497293472,0.174406945705414,0.252053648233414,0.126902431249619,0,0.193320587277412,0.250840693712234,0.388799905776978,0.337226450443268,0.0110568962991238,0.00762004731222987,0.336869180202484,0.0210911110043526,0.234648555517197,0.291978746652603,0.39213091135025,0.480039238929749,0.548252105712891,0.53055214881897,0.440802574157715,0.360582083463669,0.0268493667244911,0.379168957471848,0.430086076259613,0.176059857010841,0.0449939593672752,0.051710482686758,0,0,0,0,0,0.222031250596046,0.279146134853363,0.35055410861969,0.301629543304443,0,0,0,0,0.0266653783619404,0.258490473031998,0,0,0,0,0,0,0,0,0,0,0,0,0,0,0,0.00694022700190544,0.187214404344559,0,0,0,0,0,0,0,0,0,0,0,0,0,0,0,0,0,0,0,0,0,0,0,0,0,0,0,0,0,0,0,0,0,0,0,0,0,97
Bielefeld,0,0,0,0,0,0,0,0,0,0,0,0,0,0,0,0,0,0,0,0,0,0,0,0,0,0,0,0,0,0,0,0,0,0,0,0,0,0,0,0,0,0,0,0,0,0,0,0,0,0,0,0,0,0,0,0,0,0,0,0,0,0,0,0,0,0,0,0,0,0,0,0,0,0,0,0,0,0,0,0,0,0,0,0,0,0,0,0,0,0,0,0,0,0,0,0,0,0,0,0,0,0,0,0,0,0,0,0,0,0,0,0,0,0,0,0,0,0,0,0,0,0,0,0,0,0,0,0,0,0,0,0,0,0,0,0,0,0,0,0,0,0,0,0,0,0,0,0,0,0,0,0,0,0,0,0,0,0,0,0,0,0,0,0.0140839414671063,0.0120031675323844,0,0,0,0,0,0,0,0,0,0,0,0,0,0,0,0,0,0,0,0,0.0223304927349091,0.0887217298150063,0.140870586037636,0.132305234670639,0.15705968439579,0.152087911963463,0.0817814990878105,0.108017489314079,0.1453026086092,0.224942609667778,0.231837034225464,0.257004231214523,0.202615961432457,0.0964472144842148,0.284755796194077,0.252319574356079,0.375891029834747,0.513656377792358,0.482073485851288,0.493687003850937,0.447156488895416,0.234537750482559,0,0.20617887377739,0.253090679645538,0.33271524310112,0.429851979017258,0.509893953800201,0.535384297370911,0.51612389087677,0.345803707838058,0,0.251448899507523,0.436040639877319,0.471547514200211,0.390760511159897,0.517738342285156,0.471481174230576,0.46327269077301,0.372771024703979,0.432208508253098,0.478999555110931,0.565269947052002,0.563760995864868,0.481615573167801,0.547190427780151,0.455557525157928,0.575611710548401,0.572231650352478,0.302969694137573,0.372029811143875,0.479349702596664,0.517086803913116,0.444358259439468,0.594650864601135,0.648168742656708,0.667529106140137,0.557650327682495,0.53311163187027,0.465643912553787,0.581672251224518,0.40224277973175,0.379508167505264,0.282415986061096,0.243935510516167,0.384504467248917,0.468751490116119,0.453964829444885,0.53687995672226,0.421871423721313,0.45740595459938,0.438274651765823,0.488312184810638,0.64697653055191,0.661987721920013,0.571839511394501,0.629712283611298,0.215525150299072,0,0.369082808494568,0.386845052242279,0.493094742298126,0.570792376995087,0.564802587032318,0.430743217468262,0,0.253406971693039,0.202688381075859,0,0,0.203049585223198,0.417675375938416,0.382624834775925,0.20709253847599,0,0.306259900331497,0,0.044333066791296,0.254320800304413,0.415253907442093,0.520131826400757,0.635639727115631,0.60013210773468,0.505877435207367,0.415172338485718,0,0.407757073640823,0.498748064041138,0.207585722208023,0,0,0,0,0,0,0,0.222578033804893,0.349016338586807,0.415731877088547,0.383622944355011,0,0,0,0,0,0.354524105787277,0,0,0,0,0,0,0,0,0,0,0,0,0,0,0,0,0.207905694842339,0,0,0,0,0,0,0,0,0,0,0,0,0,0,0,0,0,0,0,0,0,0,0,0,0,0,0,0,0,0,0,0,0,0,0,0,0,98
Gütersloh,0,0,0,0,0,0,0,0,0,0,0,0,0,0,0,0,0,0,0,0,0,0,0,0,0,0,0,0,0,0,0,0,0,0,0,0,0,0,0,0,0,0,0,0,0,0,0,0,0,0,0,0,0,0,0,0,0,0,0,0,0,0,0,0,0,0,0,0,0,0,0,0,0,0,0,0,0,0,0,0,0,0,0,0,0,0,0,0,0,0,0,0,0,0,0,0,0,0,0,0,0,0,0,0,0,0,0,0,0,0,0,0,0,0,0,0,0,0,0,0,0,0,0,0,4.64266349808895e-06,0,0,0,0,0,0,0,0,0,0,0,0,0,0,0,0,0,0,0,0,0,0,0,0,0,0,0,0,0,0,0,0,0,0,0,0,0,0,0.0136625431478024,0.0114633189514279,0,0,0,0,0,0,0,0,0,0,0,0,0,0,0,0,0,0,0,0,0.0285991951823235,0.0809081569314003,0.127186015248299,0.121749132871628,0.142750456929207,0.135266959667206,0.0735499560832977,0.0997190698981285,0.134199127554893,0.199351146817207,0.208011239767075,0.227822333574295,0.178970351815224,0.0969414338469505,0.253384441137314,0.226903975009918,0.330186754465103,0.44759738445282,0.420904725790024,0.426538020372391,0.388267159461975,0.207611754536629,0,0.186917886137962,0.226724937558174,0.291780292987823,0.380760997533798,0.441995561122894,0.465307235717773,0.450974524021149,0.295071989297867,0,0.239773482084274,0.388069778680801,0.40171405673027,0.33402344584465,0.448974370956421,0.409327745437622,0.391905695199966,0.343727350234985,0.386231124401093,0.415962278842926,0.492091685533524,0.488073855638504,0.4182208776474,0.467705518007278,0.3932044506073,0.497952103614807,0.499203085899353,0.283179253339767,0.320484459400177,0.407879084348679,0.450731217861176,0.392733305692673,0.509115934371948,0.561817049980164,0.575790226459503,0.483314573764801,0.467978090047836,0.411035001277924,0.506393849849701,0.356678009033203,0.335413783788681,0.241754814982414,0.210493430495262,0.350077331066132,0.41912829875946,0.414175987243652,0.476217478513718,0.372835606336594,0.402236312627792,0.382837563753128,0.428503811359406,0.559699714183807,0.567669451236725,0.490152716636658,0.554136335849762,0.212087422609329,0,0.336337804794312,0.340945810079575,0.429765462875366,0.500103771686554,0.499485224485397,0.390197098255157,0.0191186424344778,0.238797962665558,0.16359668970108,0,0.0511644594371319,0.206869229674339,0.380221128463745,0.339943289756775,0.155616626143456,0.0112182786688209,0.297434002161026,0,0.127412930130959,0.248200908303261,0.373806715011597,0.466564893722534,0.556407153606415,0.538985192775726,0.451133251190186,0.367437601089478,0,0.370307058095932,0.442574828863144,0.187858790159225,0,0,0,0,0,0,0,0.21441538631916,0.303410440683365,0.360238164663315,0.331841826438904,0,0,0,0,0.00796269439160824,0.305835783481598,0,0,0,0,0,0,0,0,0,0,0,0,0,0,0,0.00327184377238154,0.191896095871925,0,0,0,0,0,0,0,0,0,0,0,0,0,0,0,0,0,0,0,0,0,0,0,0,0,0,0,0,0,0,0,0,0,0,0,0,0,99
Herford,0,0,0,0,0,0,0,0,0,0,0,0,0,0,0,0,0,0,0,0,0,0,0,0,0,0,0,0,0,0,0,0,0,0,0,0,0,0,0,0,0,0,0,0,0,0,0,0,0,0,0,0,0,0,0,0,0,0,0,0,0,0,0,0,0,0,0,0,0,0,0,0,0,0,0,0,0,0,0,0,0,0,0,0,0,0,0,0,0,0,0,0,0,0,0,0,0,0,0,0,0,0,0,0,0,0,0,0,0,0,0,0,0,0,0,0,0,0,0,0,0,0,0,0,0,0,0,0,0,0,0,0,0,0,0,0,0,0,0,0,0,0,0,0,0,0,0,0,0,0,0,0,0,0,0,0,0,0,0,0,0,0,0,0.012439887970686,0.0108315357938409,0,0,0,0,0,0,0,0,0,0,0,0,0,0,0,0,0,0,0,0,0.0283680688589811,0.0826826617121696,0.124419085681438,0.117974437773228,0.140150427818298,0.13649420440197,0.0742406100034714,0.0938078612089157,0.131953939795494,0.202900752425194,0.208176076412201,0.231113478541374,0.182391971349716,0.0880915522575378,0.256678342819214,0.21996545791626,0.331210762262344,0.460600256919861,0.432240515947342,0.439940005540848,0.398094266653061,0.185572415590286,0,0.179789647459984,0.221689358353615,0.301586836576462,0.384585410356522,0.455905199050903,0.480999886989594,0.455803006887436,0.307433575391769,0,0.231378510594368,0.385921984910965,0.416361212730408,0.354039311408997,0.464195162057877,0.420787274837494,0.42356675863266,0.343869686126709,0.382488578557968,0.435884147882462,0.507966637611389,0.510896980762482,0.439946442842484,0.494938880205154,0.416148781776428,0.518713891506195,0.506339550018311,0.279021590948105,0.341457575559616,0.442086935043335,0.456097841262817,0.368305534124374,0.536484599113464,0.588004529476166,0.603283226490021,0.506035685539246,0.477826714515686,0.418762683868408,0.508589327335358,0.359050154685974,0.337803214788437,0.261561095714569,0.255610585212708,0.343896746635437,0.420354872941971,0.405286639928818,0.473230987787247,0.383271843194962,0.403203964233398,0.38973805308342,0.428430527448654,0.584456920623779,0.595332086086273,0.516721069812775,0.562291383743286,0.196356445550919,0,0.335863649845123,0.3531593978405,0.443304508924484,0.519205689430237,0.503595292568207,0.390352845191956,0,0.197500765323639,0.216869622468948,0,0,0.200142353773117,0.377588421106339,0.351833552122116,0.223210111260414,0.0274728871881962,0.251245856285095,0,0.012059273198247,0.160286992788315,0.377711147069931,0.470750570297241,0.571384072303772,0.540018439292908,0.450329095125198,0.385473340749741,0,0.354791879653931,0.443876564502716,0.189414575695992,0,0,0,0,0,0,0,0.200875297188759,0.330240279436111,0.377992004156113,0.348251640796661,0,0,0,0,0,0.316630631685257,0,0,0,0,0,0,0,0,0,0,0,0,0,0,0,0,0.185060441493988,0,0,0,0,0,0,0,0,0,0,0,0,0,0,0,0,0,0,0,0,0,0,0,0,0,0,0,0,0,0,0,0,0,0,0,0,0,100
Höxter,0,0,0,0,0,0,0,0,0,0,0,0,0,0,0,0,0,0,0,0,0,0,0,0,0,0,0,0,0,0,0,0,0,0,0,0,0,0,0,0,0,0,0,0,0,0,0,0,0,0,0,0,0,0,0,0,0,0,0,0,0,0,0,0,0,0,0,0,0,0,0,0,0,0,0,0,0,0,0,0,0,0,0,0,0,0,0,0,0,0,0,0,0,0,0,0,0,0,0,0,0,0,0,0,0,0,0,0,0,0,0,0,0,0,0,0,0,0,0,0,0,0,0,0,0,0,0,0,0,0,0,0,0,0,0,0,0,0,0,0,0,0,0,0,0,0,0,0,0,0,0,0,0,0,0,0,0,0,0,0,0,0,0,0.00611186074092984,0.00531142484396696,0,0,0,0,0,0,0,0,0,0,0,0,0,0,0,0,0,0,0,0,0.00167159002739936,0.0344077609479427,0.0699899941682816,0.0647876411676407,0.0781884416937828,0.0787117928266525,0.0464540868997574,0.0627725198864937,0.0835820883512497,0.122308306396008,0.126404121518135,0.14484129846096,0.115201435983181,0,0.155140042304993,0.159264013171196,0.228337571024895,0.297273904085159,0.28828826546669,0.299673318862915,0.279496073722839,0.19318313896656,0,0.109861917793751,0.156734481453896,0.19672417640686,0.231642544269562,0.305142790079117,0.326913863420486,0.300620794296265,0.205625966191292,0,0,0.242340251803398,0.26936075091362,0.225003287196159,0.283175021409988,0.2761050760746,0.265445649623871,0.181873604655266,0.248319581151009,0.250388562679291,0.332460552453995,0.324683010578156,0.235197842121124,0.307724803686142,0.260255634784698,0.32668074965477,0.334856003522873,0.181773349642754,0.0936590582132339,0.226517856121063,0.296365231275558,0.285771757364273,0.348674088716507,0.364860266447067,0.363586097955704,0.304833441972733,0.284850925207138,0.258797377347946,0.329997658729553,0.249489426612854,0.208317831158638,0.16356135904789,0.0765909180045128,0.205618381500244,0.223320424556732,0.206293001770973,0.285504847764969,0.193831264972687,0.198919087648392,0.211645931005478,0.258446514606476,0.370860487222672,0.401137053966522,0.340171158313751,0.337866276502609,0.0260833948850632,0,0.165706723928452,0.20989990234375,0.239875629544258,0.288811773061752,0.273215711116791,0.188759297132492,0,0,0,0,0,0,0.174041464924812,0.180612191557884,0,0,0.165804579854012,0,0,0.144480034708977,0.211178943514824,0.261823832988739,0.321554481983185,0.312226325273514,0.257720649242401,0.193452224135399,0,0.211118638515472,0.27331605553627,0.0387538969516754,0,0,0,0,0,0,0,0.0588781125843525,0.0892099887132645,0.198129892349243,0.181081041693687,0,0,0,0,0,0.212686955928802,0,0,0,0,0,0,0,0,0,0,0,0,0,0,0,0,0,0,0,0,0,0,0,0,0,0,0,0,0,0,0,0,0,0,0,0,0,0,0,0,0,0,0,0,0,0,0,0,0,0,0,0,0,0,101
Lippe,0,0,0,0,0,0,0,0,0,0,0,0,0,0,0,0,0,0,0,0,0,0,0,0,0,0,0,0,0,0,0,0,0,0,0,0,0,0,0,0,0,0,0,0,0,0,0,0,0,0,0,0,0,0,0,0,0,0,0,0,0,0,0,0,0,0,0,0,0,0,0,0,0,0,0,0,0,0,0,0,0,0,0,0,0,0,0,0,0,0,0,0,0,0,0,0,0,0,0,0,0,0,0,0,0,0,0,0,0,0,0,0,0,0,0,0,0,0,0,0,0,0,0,0,0,0,0,0,0,0,0,0,0,0,0,0,0,0,0,0,0,0,0,0,0,0,0,0,0,0,0,0,0,0,0,0,0,0,0,0,0,0,0,0.00905838795006275,0.00790770538151264,0,0,0,0,0,0,0,0,0,0,0,0,0,0,0,0,0,0,0,0,0.024357233196497,0.0527685098350048,0.0880514904856682,0.0832188799977303,0.0966813489794731,0.0948392301797867,0.0522501580417156,0.068529449403286,0.0935196354985237,0.145389780402184,0.150577411055565,0.170549213886261,0.135495275259018,0.00973403546959162,0.187857270240784,0.174452051520348,0.261021554470062,0.346774339675903,0.329165071249008,0.339758306741714,0.312013745307922,0.193696483969688,0,0.122646600008011,0.172794237732887,0.223014742136002,0.278640300035477,0.349982798099518,0.369830191135406,0.344951182603836,0.234695747494698,0,0.0911342576146126,0.287720412015915,0.311959594488144,0.265894830226898,0.336063325405121,0.314568847417831,0.319450944662094,0.229764491319656,0.284831970930099,0.308403968811035,0.382913321256638,0.378873080015182,0.306273013353348,0.366506725549698,0.300142735242844,0.377362787723541,0.372817248106003,0.193015098571777,0.215489089488983,0.305050224065781,0.345488548278809,0.304739207029343,0.407299399375916,0.420213460922241,0.431190490722656,0.361454039812088,0.33748397231102,0.297673463821411,0.385000586509705,0.270895540714264,0.243524119257927,0.185452774167061,0.126388400793076,0.247466504573822,0.283575773239136,0.267410755157471,0.344091355800629,0.244725003838539,0.275732606649399,0.270222127437592,0.310688853263855,0.441697895526886,0.457588016986847,0.387324154376984,0.408177107572556,0.0214154813438654,0,0.207384511828423,0.243805587291718,0.305917382240295,0.369340568780899,0.352451145648956,0.251092970371246,0,0.0233377180993557,0.0157523844391108,0,0,0.00989206880331039,0.232223674654961,0.226529896259308,0.0173346474766731,0.00536325201392174,0.202323198318481,0,0.0581636168062687,0.175800621509552,0.263503015041351,0.344106465578079,0.413138717412949,0.379836410284042,0.315902650356293,0.251120001077652,0,0.275669097900391,0.330232888460159,0.0207090806216002,0,0,0,0,0,0,0,0.0420551933348179,0.195441111922264,0.27082547545433,0.235334560275078,0,0,0,0,0,0.241499438881874,0,0,0,0,0,0,0,0,0,0,0,0,0,0,0,0,0.0795509219169617,0,0,0,0,0,0,0,0,0,0,0,0,0,0,0,0,0,0,0,0,0,0,0,0,0,0,0,0,0,0,0,0,0,0,0,0,0,102
Minden-Lübbecke,0,0,0,0,0,0,0,0,0,0,0,0,0,0,0,0,0,0,0,0,0,0,0,0,0,0,0,0,0,0,0,0,0,0,0,0,0,0,0,0,0,0,0,0,0,0,0,0,0,0,0,0,0,0,0,0,0,0,0,0,0,0,0,0,0,0,0,0,0,0,0,0,0,0,0,0,0,0,0,0,0,0,0,0,0,0,0,0,0,0,0,0,0,0,0,0,0,0,0,0,0,0,0,0,0,0,0,0,0,0,0,0,0,0,0,0,0,0,0,0,0,0,0,0,0,0,0,0,0,0,0,0,0,0,0,0,0,0,0,0,0,0,0,0,0,0,0,0,0,0,0,0,0,0,0,0,0,0,0,0,0,0,0,0.0116487294435501,0.0104178488254547,0,0,0,0,0,0,0,0,0,0,0,0,0,0,0,0,0,0,0,0,0.0425579026341438,0.0821619406342506,0.114531114697456,0.11091984808445,0.131683453917503,0.127370193600655,0.0728905498981476,0.0854650810360909,0.128209695219994,0.187194749712944,0.192723125219345,0.213462561368942,0.169575482606888,0.0985395461320877,0.237051129341125,0.197181597352028,0.293173938989639,0.41907075047493,0.393084615468979,0.397234946489334,0.360393494367599,0.132723942399025,0.0506097972393036,0.162360981106758,0.202353060245514,0.277762830257416,0.351359486579895,0.410753458738327,0.440566182136536,0.404694586992264,0.277832239866257,0.00227102334611118,0.225381910800934,0.347273945808411,0.373138964176178,0.330423384904861,0.423642516136169,0.382990539073944,0.394837498664856,0.323810935020447,0.348932981491089,0.404363363981247,0.463918536901474,0.474124103784561,0.410773634910583,0.45447763800621,0.392157435417175,0.473601311445236,0.454253047704697,0.277338922023773,0.319711089134216,0.413931995630264,0.406275451183319,0.296252310276031,0.491433352231979,0.544037461280823,0.554054081439972,0.476586937904358,0.444891184568405,0.393826603889465,0.45637920498848,0.340174973011017,0.316809207201004,0.258273541927338,0.28306770324707,0.330328583717346,0.380268216133118,0.378466755151749,0.430154412984848,0.368114322423935,0.367817401885986,0.359540611505508,0.388640731573105,0.538515269756317,0.548428595066071,0.477124094963074,0.516790568828583,0.227498471736908,0.0990089029073715,0.326215744018555,0.337037175893784,0.40904575586319,0.483905971050262,0.459293752908707,0.372835546731949,0.0347289219498634,0.181301712989807,0.242966458201408,0,0.0671915784478188,0.200321063399315,0.358250826597214,0.335247665643692,0.254180133342743,0.17256572842598,0.199043616652489,0.063551239669323,0,0.0849458873271942,0.346429020166397,0.43379157781601,0.519128561019897,0.509282290935516,0.41641953587532,0.37412965297699,0,0.313974648714066,0.407122880220413,0.208612859249115,0,0,0,0,0,0,0,0.202133104205132,0.32043445110321,0.347266256809235,0.326184302568436,0,0,0,0,0,0.2963747382164,0,0,0,0,0,0,0,0,0,0,0,0,0,0,0,0,0.17451374232769,0,0,0,0,0,0,0,0,0,0,0,0,0,0,0,0,0,0,0,0,0,0,0,0,0,0,0,0,0,0,0,0,0,0,0,0,0,103
Paderborn,0,0,0,0,0,0,0,0,0,0,0,0,0,0,0,0,0,0,0,0,0,0,0,0,0,0,0,0,0,0,0,0,0,0,0,0,0,0,0,0,0,0,0,0,0,0,0,0,0,0,0,0,0,0,0,0,0,0,0,0,0,0,0,0,0,0,0,0,0,0,0,0,0,0,0,0,0,0,0,0,0,0,0,0,0,0,0,0,0,0,0,0,0,0,0,0,0,0,0,0,0,0,0,0,0,0,0,0,0,0,0,0,0,0,0,0,0,0,0,0,0,0,0,0,0,0,0,0,0,0,0,0,0,0,0,0,0,0,0,0,0,0,0,0,0,0,0,0,0,0,0,0,0,0,0,0,0,0,0,0,0,0,0,0.00820374116301537,0.00693370681256056,0,0,0,0,0,0,0,0,0,0,0,0,0,0,0,0,0,0,0,0,0.0217286087572575,0.046441663056612,0.0801695436239243,0.0744732171297073,0.0877689719200134,0.0857627615332603,0.0373943820595741,0.0652358382940292,0.0863693356513977,0.132964357733727,0.141678020358086,0.159449249505997,0.124549508094788,0.0139692574739456,0.177039206027985,0.171635836362839,0.248213469982147,0.325499415397644,0.307618677616119,0.320995390415192,0.29446342587471,0.190736949443817,0,0.107604406774044,0.163050547242165,0.208800688385963,0.2622911632061,0.33286389708519,0.350595891475677,0.332908928394318,0.216257572174072,0,0.0753503292798996,0.274695962667465,0.291446954011917,0.240681290626526,0.312633126974106,0.294790863990784,0.282931059598923,0.207381933927536,0.284029841423035,0.271477371454239,0.355172604322433,0.350454479455948,0.271036982536316,0.332475543022156,0.267394244670868,0.3448266685009,0.357561111450195,0.177914202213287,0.130776062607765,0.247747451066971,0.319406449794769,0.307137906551361,0.374782651662827,0.390634030103683,0.400399953126907,0.336783677339554,0.320966482162476,0.279050827026367,0.366524934768677,0.259650349617004,0.226519539952278,0.136042103171349,0.0315478593111038,0.223337158560753,0.263184577226639,0.261868745088577,0.318714797496796,0.217714205384254,0.244602277874947,0.245213687419891,0.297456622123718,0.413078933954239,0.423344343900681,0.360477417707443,0.384596884250641,0.0650497153401375,0,0.165306732058525,0.226361528038979,0.270573616027832,0.337172329425812,0.332321465015411,0.189094230532646,0,0.0645075887441635,0.00197904626838863,0,0,0.0153835667297244,0.182018384337425,0.1591667085886,0.00200483319349587,0,0.211921155452728,0,0.116691172122955,0.192938581109047,0.241429388523102,0.319776743650436,0.383477777242661,0.354341238737106,0.291587233543396,0.221476033329964,0,0.267950832843781,0.308303743600845,0.0279640331864357,0,0,0,0,0,0,0,0.0669264942407608,0.132500573992729,0.248517394065857,0.201399281620979,0,0,0,0,0.00875615328550339,0.215840265154839,0,0,0,0,0,0,0,0,0,0,0,0,0,0,0,0,0.0822689458727837,0,0,0,0,0,0,0,0,0,0,0,0,0,0,0,0,0,0,0,0,0,0,0,0,0,0,0,0,0,0,0,0,0,0,0,0,0,104
Bochum,0,0,0,0,0,0,0,0,0,0,0,0,0,0,0,0,0,0,0,0,0,0,0,0,0,0,0,0,0,0,0,0,0,0,0,0,0,0,0,0,0,0,0,0,0,0,0,0,0,0,0,0,0,0,0,0,0,0,0,0,0,0,0,0,0,0,0,0,0,0,0,0,0,0,0,0,0,0,0,0,0,0,0,0,0,0,0,0,0,0,0,0,0,0,0,0,0,0,0,0,0,0,0,0,0,0,0,0,0,0,0,0,0,0,0,0,0,0,0,0,0,0,0,0,0.000265371258137748,0,0,0,0,0,0,0,0,0,0,0,0,0,0,0,0,0,0,0,0,0,0,0,0,0,0,0,0,0,0,0,0,0,0,0,0,0,0,0.018057968467474,0.0142225921154022,0,0,0,0,0,0,0,0,0,0,0,0,0,0,0,0,0,0,0,2.99843468383187e-05,0.0799091309309006,0.108519710600376,0.142156079411507,0.155054077506065,0.162292838096619,0.128937214612961,0.0776021704077721,0.124767817556858,0.176872119307518,0.229262590408325,0.25332373380661,0.265937656164169,0.216825187206268,0.146434918045998,0.311051189899445,0.306166350841522,0.399264633655548,0.506971478462219,0.512871265411377,0.480015993118286,0.438880652189255,0.233744144439697,0,0.210471868515015,0.311498194932938,0.340949058532715,0.450525671243668,0.482367098331451,0.538427650928497,0.496162831783295,0.250438541173935,0,0.318375945091248,0.473988145589828,0.404346644878387,0.338949471712112,0.497710317373276,0.449486017227173,0.405300199985504,0.445007622241974,0.453053534030914,0.465407013893127,0.560321927070618,0.541193842887878,0.458060145378113,0.496335476636887,0.419212698936462,0.569066941738129,0.580083012580872,0.390968650579453,0.330266118049622,0.426527261734009,0.53326016664505,0.510725557804108,0.518915832042694,0.616629838943481,0.599830985069275,0.523033320903778,0.515041291713715,0.448708027601242,0.542871654033661,0.438688069581985,0.353411942720413,0.000107192747236695,0.000129856882267632,0.419584661722183,0.525279402732849,0.527978837490082,0.529721856117249,0.407262802124023,0.382659912109375,0.409899264574051,0.526732861995697,0.624794244766235,0.599608361721039,0.534388959407806,0.65432733297348,0.225578531622887,0,0.382702708244324,0.431705147027969,0.468947976827621,0.582131922245026,0.563116729259491,0.462270349264145,0.277950644493103,0.336682885885239,0.000133375244331546,0,0.259709805250168,0.260040640830994,0.450373560190201,0.373414605855942,0,0.188439950346947,0.459187179803848,0.00793959945440292,0.399073958396912,0.432505995035172,0.503109514713287,0.591914653778076,0.639284431934357,0.592457175254822,0.50802481174469,0.389327228069305,0.169545650482178,0.473452001810074,0.515320062637329,0.15912401676178,0.26768970489502,0.252071112394333,0,0,0,0,0,0.280285477638245,0.288197547197342,0.432915151119232,0.310744643211365,0,0,0,0,0,0.227564007043839,0,0,0,0,0,0,0,0,0,0,0,0,0,0,0,0,0.185369193553925,0,0,0,0,0,0,0,0,0,0,0,0,0,0,0,0,0,0,0,0,0,0,0,0,0,0,0,0,0,0,0,0,0,0,0,0,0,105
Dortmund,0,0,0,0,0,0,0,0,0,0,0,0,0,0,0,0,0,0,0,0,0,0,0,0,0,0,0,0,0,0,0,0,0,0,0,0,0,0,0,0,0,0,0,0,0,0,0,0,0,0,0,0,0,0,0,0,0,0,0,0,0,0,0,0,0,0,0,0,0,0,0,0,0,0,0,0,0,0,0,0,0,0,0,0,0,0,0,0,0,0,0,0,0,0,0,0,0,0,0,0,0,0,0,0,0,0,0,0,0,0,0,0,0,0,0,0,0,0,0,0,0,0,0,0,9.93962603388354e-05,0,0,0,0,0,0,0,0,0,0,0,0,0,0,0,0,0,0,0,0,0,0,0,0,0,0,0,0,0,0,0,0,0,0,0,0,0,0,0.0206902865320444,0.0160577725619078,0,0,0,0,0,0,0,0,0,0,0,0,0,0,0,0,0,0,0,0,0.087728887796402,0.126523241400719,0.174323409795761,0.196441292762756,0.202869862318039,0.16905565559864,0.0972150638699532,0.151422217488289,0.218018382787704,0.285414069890976,0.315583258867264,0.333467602729797,0.269805371761322,0.148162737488747,0.382369488477707,0.372397214174271,0.49717715382576,0.643285691738129,0.644648790359497,0.616855621337891,0.558377325534821,0.316795080900192,0,0.269031077623367,0.370040208101273,0.429863691329956,0.566601991653442,0.613258540630341,0.676404654979706,0.638272225856781,0.353928506374359,0,0.388177484273911,0.593539237976074,0.503506362438202,0.433488637208939,0.63280200958252,0.568242251873016,0.491540402173996,0.540449142456055,0.573333084583282,0.590445876121521,0.706560969352722,0.682268679141998,0.563040733337402,0.624195992946625,0.524633049964905,0.70014101266861,0.715013921260834,0.45859482884407,0.384899467229843,0.48148649930954,0.651747584342957,0.614526867866516,0.649437308311462,0.7623450756073,0.745789110660553,0.639324903488159,0.637495458126068,0.550835013389587,0.669165313243866,0.531615316867828,0.430279940366745,0,0,0.478597491979599,0.615517675876617,0.643326044082642,0.645637512207031,0.478197932243347,0.470260441303253,0.488422572612762,0.623467266559601,0.748597621917725,0.722375094890594,0.640971541404724,0.778748691082001,0.301543116569519,0,0.451609283685684,0.50585001707077,0.561985611915588,0.667284548282623,0.667964279651642,0.51811271905899,0.13267108798027,0.340682804584503,0,0,0.274452924728394,0.301410019397736,0.523825407028198,0.4265296459198,0,0,0.49333918094635,0.00127267430070788,0.406009763479233,0.467008531093597,0.548540890216827,0.666498720645905,0.736335396766663,0.694945454597473,0.594391226768494,0.447310000658035,0,0.523349821567535,0.593907833099365,0,0.262046426534653,0.123079918324947,0,0,0,0,0,0.294797390699387,0.303490370512009,0.479286730289459,0.362997770309448,0,0,0,0,0,0.278837323188782,0,0,0,0,0,0,0,0,0,0,0,0,0,0,0,0,0.218907132744789,0,0,0,0,0,0,0,0,0,0,0,0,0,0,0,0,0,0,0,0,0,0,0,0,0,0,0,0,0,0,0,0,0,0,0,0,0,106
Hagen,0,0,0,0,0,0,0,0,0,0,0,0,0,0,0,0,0,0,0,0,0,0,0,0,0,0,0,0,0,0,0,0,0,0,0,0,0,0,0,0,0,0,0,0,0,0,0,0,0,0,0,0,0,0,0,0,0,0,0,0,0,0,0,0,0,0,0,0,0,0,0,0,0,0,0,0,0,0,0,0,0,0,0,0,0,0,0,0,0,0,0,0,0,0,0,0,0,0,0,0,0,0,0,0,0,0,0,0,0,0,0,0,0,0,0,0,0,0,0,0,0,0,0,0,9.24852283787914e-05,0,0,0,0,0,0,0,0,0,0,0,0,0,0,0,0,0,0,0,0,0,0,0,0,0,0,0,0,0,0,0,0,0,0,0,0,0,0,0.00992261059582233,0.00739219132810831,0,0,0,0,0,0,0,0,0,0,0,0,0,0,0,0,0,0,0,0,0.0340386219322681,0.0553396753966808,0.0783205777406693,0.0874189734458923,0.090211421251297,0.070284515619278,0,0.0617443434894085,0.103312559425831,0.138835236430168,0.162991255521774,0.174786552786827,0.135936394333839,0.0233770273625851,0.205591917037964,0.212439015507698,0.286938458681107,0.36180192232132,0.36681941151619,0.34730276465416,0.308113306760788,0.169359296560287,0,0.113256640732288,0.171142801642418,0.217117711901665,0.298181146383286,0.354234099388123,0.39144641160965,0.342912554740906,0.14141646027565,0,0.163525372743607,0.334081053733826,0.267840206623077,0.225141927599907,0.336572349071503,0.308087289333344,0.244182676076889,0.26939857006073,0.310990482568741,0.282301247119904,0.382346361875534,0.374443739652634,0.259279519319534,0.340813815593719,0.253707349300385,0.379987359046936,0.408150941133499,0.237635672092438,0.186267018318176,0.264789551496506,0.366629421710968,0.366124004125595,0.356329202651978,0.414613276720047,0.403149962425232,0.3363037109375,0.332612067461014,0.264364123344421,0.35990646481514,0.255777031183243,0.199204206466675,0,0,0.22033953666687,0.300381273031235,0.316584885120392,0.31606251001358,0.0508950874209404,0.171914622187614,0.248884081840515,0.357911914587021,0.423805832862854,0.417699038982391,0.374695271253586,0.43987375497818,0,0,0.0499871484935284,0.244504109025002,0.273638010025024,0.364093691110611,0.33319678902626,0.218962132930756,0,0.156467959284782,0,0,0,0,0.231046587228775,0.155727788805962,0,0,0.286887884140015,0.138372227549553,0.273783355951309,0.299056828022003,0.303146064281464,0.374730587005615,0.405008286237717,0.37189769744873,0.30814453959465,0.202677384018898,0,0.301972895860672,0.327598512172699,0,0,0,0,0,0,0,0,0.0363360345363617,0.158588498830795,0.274319171905518,0.151230692863464,0,0,0,0,0,0.11539701372385,0,0,0,0,0,0,0,0,0,0,0,0,0,0,0,0,0,0,0,0,0,0,0,0,0,0,0,0,0,0,0,0,0,0,0,0,0,0,0,0,0,0,0,0,0,0,0,0,0,0,0,0,0,0,107
Hamm,0,0,0,0,0,0,0,0,0,0,0,0,0,0,0,0,0,0,0,0,0,0,0,0,0,0,0,0,0,0,0,0,0,0,0,0,0,0,0,0,0,0,0,0,0,0,0,0,0,0,0,0,0,0,0,0,0,0,0,0,0,0,0,0,0,0,0,0,0,0,0,0,0,0,0,0,0,0,0,0,0,0,0,0,0,0,0,0,0,0,0,0,0,0,0,0,0,0,0,0,0,0,0,0,0,0,0,0,0,0,0,0,0,0,0,0,0,0,0,0,0,0,0,0,0,0,0,0,0,0,0,0,0,0,0,0,0,0,0,0,0,0,0,0,0,0,0,0,0,0,0,0,0,0,0,0,0,0,0,0,0,0,0,0.0138119021430612,0.0109562026336789,0,0,0,0,0,0,0,0,0,0,0,0,0,0,0,0,0,0,0,0,0.0527986623346806,0.0822055786848068,0.120417058467865,0.132143571972847,0.140047460794449,0.124688036739826,0.072063036262989,0.100897736847401,0.137742236256599,0.188693806529045,0.207421958446503,0.220007196068764,0.172201454639435,0.091540552675724,0.246271550655365,0.231559783220291,0.317266196012497,0.415643930435181,0.405578136444092,0.397545009851456,0.362963050603867,0.212646543979645,0,0.187084004282951,0.226609736680984,0.28216353058815,0.36618036031723,0.402729779481888,0.43322628736496,0.422807544469833,0.264901131391525,0,0.256950527429581,0.38375648856163,0.330634206533432,0.298556923866272,0.417064338922501,0.382339060306549,0.333026975393295,0.348966211080551,0.377228379249573,0.39474481344223,0.470394402742386,0.446945160627365,0.376200467348099,0.412879317998886,0.35519939661026,0.456082433462143,0.461670517921448,0.292961061000824,0.275157302618027,0.332358151674271,0.420570611953735,0.38779878616333,0.448641717433929,0.509137749671936,0.511439263820648,0.431037336587906,0.43429696559906,0.378398209810257,0.459042072296143,0.352419942617416,0.305069208145142,0.161187663674355,0.0748782157897949,0.32206329703331,0.415783047676086,0.426905453205109,0.443769425153732,0.344514161348343,0.360307961702347,0.342222064733505,0.404884964227676,0.507681846618652,0.492707252502441,0.435894906520844,0.521386444568634,0.230578526854515,0,0.32479253411293,0.336199522018433,0.397067368030548,0.45288810133934,0.46375498175621,0.362141489982605,0.082459919154644,0.228827714920044,0.0806955397129059,0,0.183837279677391,0.229325801134109,0.373412907123566,0.307840257883072,0,0,0.324949651956558,0,0.231759399175644,0.296937346458435,0.367334216833115,0.447810113430023,0.505604982376099,0.496436178684235,0.419967919588089,0.33096832036972,0.147958591580391,0.355932325124741,0.41193425655365,0.155900180339813,0.150507926940918,0.0689488649368286,0,0,0,0,0,0.210157319903374,0.233297124505043,0.32517471909523,0.278289139270782,0,0,0,0,0.0580501221120358,0.241668671369553,0,0,0,0,0,0,0,0,0,0,0,0,0,0,0,0,0.182779341936111,0,0,0,0,0,0,0,0,0,0,0,0,0,0,0,0,0,0,0,0,0,0,0,0,0,0,0,0,0,0,0,0,0,0,0,0,0,108
Herne,0,0,0,0,0,0,0,0,0,0,0,0,0,0,0,0,0,0,0,0,0,0,0,0,0,0,0,0,0,0,0,0,0,0,0,0,0,0,0,0,0,0,0,0,0,0,0,0,0,0,0,0,0,0,0,0,0,0,0,0,0,0,0,0,0,0,0,0,0,0,0,0,0,0,0,0,0,0,0,0,0,0,0,0,0,0,0,0,0,0,0,0,0,0,0,0,0,0,0,0,0,0,0,0,0,0,0,0,0,0,0,0,0,0,0,0,0,0,0,0,0,0,0,0,0.000283658329863101,0,0,0,0,0,0,0,0,0,0,0,0,0,0,0,0,0,0,0,0,0,0,0,0,0,0,0,0,0,0,0,0,0,0,0,0,0,0,0.0177161805331707,0.0139992060139775,0,0,0,0,0,0,0,0,0,0,0,0,0,0,0,0,0,0,0,0,0.0795197933912277,0.106728911399841,0.138823077082634,0.150470569729805,0.157889917492867,0.124760784208775,0.0784085169434547,0.121812999248505,0.171941474080086,0.222740113735199,0.245862677693367,0.25785955786705,0.210206255316734,0.146124243736267,0.302571535110474,0.297344446182251,0.386523187160492,0.490364044904709,0.496081709861755,0.462750405073166,0.424291968345642,0.223265558481216,0,0.2039745002985,0.304359793663025,0.330954492092133,0.437061309814453,0.467015147209167,0.521316826343536,0.47954648733139,0.240354627370834,0,0.312173545360565,0.460115909576416,0.393738359212875,0.329253703355789,0.483004868030548,0.436637163162231,0.396972298622131,0.435341119766235,0.440232217311859,0.45341420173645,0.545007884502411,0.525891482830048,0.449027836322784,0.482975840568542,0.409088462591171,0.555462002754211,0.56558221578598,0.385056227445602,0.325580358505249,0.422945767641068,0.520901501178741,0.499244928359985,0.506700098514557,0.602734744548798,0.58612072467804,0.512858688831329,0.504292726516724,0.440116554498672,0.531428277492523,0.430968910455704,0.347423106431961,0,0,0.417096853256226,0.51918363571167,0.518613040447235,0.520780801773071,0.404294550418854,0.377852588891983,0.403940916061401,0.518065750598907,0.614891886711121,0.58943498134613,0.524885773658752,0.643931984901428,0.226192116737366,0,0.380135208368301,0.427318394184113,0.462923347949982,0.577374398708344,0.556182444095612,0.46190345287323,0.29653587937355,0.339657127857208,0,0,0.268972098827362,0.267093807458878,0.448544591665268,0.373323321342468,0,0.22746504843235,0.460262924432755,0,0.40030226111412,0.431838929653168,0.503821074962616,0.589957594871521,0.635265707969666,0.588270723819733,0.504341125488281,0.38892936706543,0.204591542482376,0.473248690366745,0.51283848285675,0.199624642729759,0.27227646112442,0.259099692106247,0,0,0,0,0,0.283571094274521,0.291425913572311,0.433497428894043,0.310298770666122,0,0,0,0,0,0.22742660343647,0,0,0,0,0,0,0,0,0,0,0,0,0,0,0,0,0.191420674324036,0,0,0,0,0,0,0,0,0,0,0,0,0,0,0,0,0,0,0,0,0,0,0,0,0,0,0,0,0,0,0,0,0,0,0,0,0,109
Ennepe-Ruhr-Kreis,0,0,0,0,0,0,0,0,0,0,0,0,0,0,0,0,0,0,0,0,0,0,0,0,0,0,0,0,0,0,0,0,0,0,0,0,0,0,0,0,0,0,0,0,0,0,0,0,0,0,0,0,0,0,0,0,0,0,0,0,0,0,0,0,0,0,0,0,0,0,0,0,0,0,0,0,0,0,0,0,0,0,0,0,0,0,0,0,0,0,0,0,0,0,0,0,0,0,0,0,0,0,0,0,0,0,0,0,0,0,0,0,0,0,0,0,0,0,0,0,0,0,0,0,0.000129891050164588,0,0,0,0,0,0,0,0,0,0,0,0,0,0,0,0,0,0,0,0,0,0,0,0,0,0,0,0,0,0,0,0,0,0,0,0,0,0,0.012069090269506,0.00922175589948893,0,0,0,0,0,0,0,0,0,0,0,0,0,0,0,0,0,0,0,0,0.0445759892463684,0.066917896270752,0.09101402759552,0.100502915680408,0.104665853083134,0.0804811492562294,0.0111208250746131,0.0772688388824463,0.118256896734238,0.154960960149765,0.177772283554077,0.188661053776741,0.151570975780487,0.0875801146030426,0.221676260232925,0.227570295333862,0.301182150840759,0.374592751264572,0.382410913705826,0.358899056911469,0.322031825780869,0.177742376923561,0,0.135058060288429,0.204114660620689,0.235218867659569,0.315322637557983,0.35709622502327,0.404720544815063,0.357829511165619,0.151382237672806,0,0.19289667904377,0.344155460596085,0.280114203691483,0.236293986439705,0.349864959716797,0.318904608488083,0.268783152103424,0.29537159204483,0.318619191646576,0.300643533468246,0.393573462963104,0.383096903562546,0.284835427999496,0.346949100494385,0.273472100496292,0.394939422607422,0.415637671947479,0.25892049074173,0.21343819797039,0.286003798246384,0.375909119844437,0.371175736188889,0.35915133357048,0.424030989408493,0.412786394357681,0.351214528083801,0.344391196966171,0.28648453950882,0.372774541378021,0.282444506883621,0.224000126123428,0,0,0.249779298901558,0.331027954816818,0.338594168424606,0.337355226278305,0.201364904642105,0.213013648986816,0.269320130348206,0.367119491100311,0.428619801998138,0.417245000600815,0.379496604204178,0.451343953609467,0.0333115682005882,0,0.19210410118103,0.269584566354752,0.295679926872253,0.382210433483124,0.358576864004135,0.260753929615021,0.0309071857482195,0.198017135262489,0,0,0.0334910973906517,0.0347977615892887,0.258788913488388,0.191444411873817,0,0.0412906557321548,0.300300121307373,0.11857283860445,0.280042111873627,0.303793370723724,0.318932890892029,0.383587628602982,0.41301417350769,0.378109127283096,0.319652527570724,0.223301872611046,0.037538468837738,0.309810519218445,0.330725222826004,0.000761559116654098,0.0735791996121407,0.0683812573552132,0,0,0,0,0,0.137413293123245,0.168714001774788,0.278588742017746,0.168326526880264,0,0,0,0,0,0.119525358080864,0,0,0,0,0,0,0,0,0,0,0,0,0,0,0,0,0.0242296904325485,0,0,0,0,0,0,0,0,0,0,0,0,0,0,0,0,0,0,0,0,0,0,0,0,0,0,0,0,0,0,0,0,0,0,0,0,0,110
Hochsauerlandkreis,0,0,0,0,0,0,0,0,0,0,0,0,0,0,0,0,0,0,0,0,0,0,0,0,0,0,0,0,0,0,0,0,0,0,0,0,0,0,0,0,0,0,0,0,0,0,0,0,0,0,0,0,0,0,0,0,0,0,0,0,0,0,0,0,0,0,0,0,0,0,0,0,0,0,0,0,0,0,0,0,0,0,0,0,0,0,0,0,0,0,0,0,0,0,0,0,0,0,0,0,0,0,0,0,0,0,0,0,0,0,0,0,0,0,0,0,0,0,0,0,0,0,0,0,2.47247317020083e-06,0,0,0,0,0,0,0,0,0,0,0,0,0,0,0,0,0,0,0,0,0,0,0,0,0,0,0,0,0,0,0,0,0,0,0,0,0,0,0.00282818987034261,0.00199518818408251,0,0,0,0,0,0,0,0,0,0,0,0,0,0,0,0,0,0,0,0,0,0.0111203407868743,0.0279755853116512,0.0308259855955839,0.0352985635399818,0.0339766815304756,0.0022087749093771,0.0103617580607533,0.0392487607896328,0.0627128034830093,0.0741701275110245,0.0875092223286629,0.0602877922356129,0,0.0963487178087234,0.102892905473709,0.147470399737358,0.191035553812981,0.193167313933372,0.194870218634605,0.173450842499733,0.0975978374481201,0,0.0126127228140831,0.0383478850126266,0.0949577987194061,0.146972164511681,0.201724782586098,0.218010678887367,0.187704250216484,0.0485248453915119,0,0.00788434501737356,0.171210274100304,0.145071148872375,0.106915414333344,0.158559799194336,0.155523419380188,0.129817843437195,0.0720279812812805,0.157436296343803,0.112815476953983,0.205140486359596,0.194252237677574,0.0865391716361046,0.169428646564484,0.116144396364689,0.18688291311264,0.220238074660301,0.0522643551230431,0.0080141918733716,0.0848303437232971,0.184897944331169,0.191650912165642,0.197101190686226,0.216749086976051,0.215564221143723,0.164060473442078,0.155040889978409,0.0920484066009521,0.182779535651207,0.0593536756932735,0.0384069234132767,0.00142812123522162,0,0.0369041971862316,0.111558936536312,0.0889284014701843,0.118847109377384,0.0227406546473503,0.0249961968511343,0.062376830726862,0.167316749691963,0.226163938641548,0.234971538186073,0.202505573630333,0.210219949483871,0.00320954201743007,0,0.0117926560342312,0.0677169784903526,0.0840653851628304,0.170000165700912,0.143907725811005,0.0116907134652138,0,0,0,0,0,0,0.0215012449771166,0.00878683384507895,0,0,0.109086394309998,0.0203933175653219,0.0925630629062653,0.125750496983528,0.117560908198357,0.154997766017914,0.187041863799095,0.168030261993408,0.130274310708046,0.0531147643923759,0,0.12852244079113,0.149543449282646,0,0,0,0,0,0,0,0,0.00528242997825146,0.0121292173862457,0.104555726051331,0.0232484731823206,0,0,0,0,0,0.0676899030804634,0,0,0,0,0,0,0,0,0,0,0,0,0,0,0,0,0.00599782355129719,0,0,0,0,0,0,0,0,0,0,0,0,0,0,0,0,0,0,0,0,0,0,0,0,0,0,0,0,0,0,0,0,0,0,0,0,0,111
Märkischer Kreis,0,0,0,0,0,0,0,0,0,0,0,0,0,0,0,0,0,0,0,0,0,0,0,0,0,0,0,0,0,0,0,0,0,0,0,0,0,0,0,0,0,0,0,0,0,0,0,0,0,0,0,0,0,0,0,0,0,0,0,0,0,0,0,0,0,0,0,0,0,0,0,0,0,0,0,0,0,0,0,0,0,0,0,0,0,0,0,0,0,0,0,0,0,0,0,0,0,0,0,0,0,0,0,0,0,0,0,0,0,0,0,0,0,0,0,0,0,0,0,0,0,0,0,0,2.85767109744484e-05,0,0,0,0,0,0,0,0,0,0,0,0,0,0,0,0,0,0,0,0,0,0,0,0,0,0,0,0,0,0,0,0,0,0,0,0,0,0,0.00696039013564587,0.0050158416852355,0,0,0,0,0,0,0,0,0,0,0,0,0,0,0,0,0,0,0,0,0.0190447084605694,0.0380997098982334,0.0567414425313473,0.0633221715688705,0.0669840574264526,0.0528231970965862,0.00598660204559565,0.0352841280400753,0.0753122195601463,0.102811262011528,0.123057045042515,0.134120002388954,0.0998340025544167,0.00177918677218258,0.154722690582275,0.16386915743351,0.223800554871559,0.282265096902847,0.28593584895134,0.274619847536087,0.242130190134048,0.131121531128883,0,0.0297448970377445,0.11712458729744,0.159259364008904,0.225549966096878,0.285760790109634,0.303480923175812,0.262243151664734,0.0774633809924126,0,0.0640035346150398,0.259186029434204,0.199702590703964,0.169732883572578,0.252750545740128,0.232821375131607,0.176037162542343,0.18888695538044,0.234446510672569,0.203535243868828,0.291457533836365,0.283401429653168,0.169477537274361,0.259173840284348,0.184188738465309,0.282420665025711,0.311854600906372,0.168421879410744,0.111334227025509,0.187892138957977,0.277521193027496,0.283165991306305,0.275068491697311,0.307724148035049,0.298104286193848,0.240969032049179,0.243939444422722,0.185580655932426,0.259871065616608,0.166620999574661,0.0931003838777542,0,0,0.11900869756937,0.204713955521584,0.210727229714394,0.216830894351006,0.0309302136301994,0.049831211566925,0.163855269551277,0.256230890750885,0.311137706041336,0.313226342201233,0.27344074845314,0.311127543449402,0.0194686390459538,0,0.0297087337821722,0.159239679574966,0.181651473045349,0.257928967475891,0.226537883281708,0.0803836807608604,0,0.0324661396443844,0,0,0.00133725407067686,0.0155003322288394,0.120750322937965,0.03931949660182,0,0,0.196747601032257,0.118364423513412,0.194555550813675,0.20719650387764,0.207634642720222,0.256918907165527,0.278844803571701,0.256632268428802,0.209336832165718,0.112779937684536,0,0.205867141485214,0.228607282042503,0,0.00127308873925358,0,0,0,0,0,0,0.0175920967012644,0.103245265781879,0.178035542368889,0.057649053633213,0,0,0,0,0,0.0703164488077164,0,0,0,0,0,0,0,0,0,0,0,0,0,0,0,0,0.015574038028717,0,0,0,0,0,0,0,0,0,0,0,0,0,0,0,0,0,0,0,0,0,0,0,0,0,0,0,0,0,0,0,0,0,0,0,0,0,112
Olpe,0,0,0,0,0,0,0,0,0,0,0,0,0,0,0,0,0,0,0,0,0,0,0,0,0,0,0,0,0,0,0,0,0,0,0,0,0,0,0,0,0,0,0,0,0,0,0,0,0,0,0,0,0,0,0,0,0,0,0,0,0,0,0,0,0,0,0,0,0,0,0,0,0,0,0,0,0,0,0,0,0,0,0,0,0,0,0,0,0,0,0,0,0,0,0,0,0,0,0,0,0,0,0,0,0,0,0,0,0,0,0,0,0,0,0,0,0,0,0,0,0,0,0,0,1.18876487249509e-05,0,0,0,0,0,0,0,0,0,0,0,0,0,0,0,0,0,0,0,0,0,0,0,0,0,0,0,0,0,0,0,0,0,0,0,0,0,0,0.00408151419833302,0.00276676821522415,0,0,0,0,0,0,0,0,0,0,0,0,0,0,0,0,0,0,0,0,0.00658345175907016,0.021831201389432,0.0339523814618587,0.0381467863917351,0.0422887727618217,0.0333820842206478,0,0.0114978160709143,0.0497548319399357,0.0704334527254105,0.087422750890255,0.0987722873687744,0.0700957104563713,0.00649360800161958,0.110069282352924,0.127870440483093,0.172277837991714,0.213679447770119,0.220284655690193,0.215582549571991,0.187414988875389,0.0996843203902245,0,0.0375683456659317,0.0628568381071091,0.110891349613667,0.163523510098457,0.228642627596855,0.236735597252846,0.194705069065094,2.93223729386227e-05,0,0.011030251160264,0.203113704919815,0.147873044013977,0.119246982038021,0.174962416291237,0.171062916517258,0.125207662582397,0.122761331498623,0.173365473747253,0.128473296761513,0.217133060097694,0.207966685295105,0.0603056363761425,0.19004899263382,0.131392359733582,0.212017819285393,0.243776753544807,0.119582638144493,0.0509313009679317,0.137566655874252,0.212680608034134,0.231662556529045,0.206516101956367,0.228787526488304,0.221379965543747,0.161661803722382,0.166464924812317,0.118809796869755,0.181658327579498,0.0675700083374977,0,0,0,0.0363588407635689,0.131953656673431,0.0927216485142708,0.126549556851387,0,0.0116675850003958,0.0687191188335419,0.192796230316162,0.236561164259911,0.245331257581711,0.217380806803703,0.228882253170013,0,0,0,0.0973102003335953,0.106582440435886,0.191570669412613,0.147707477211952,0.013367242179811,0,0.0113777155056596,0,0,0,0,0.012933386489749,0,0,0.0136843491345644,0.137063950300217,0.141202464699745,0.163764819502831,0.161766186356544,0.148443847894669,0.179226145148277,0.196251466870308,0.170541450381279,0.138043388724327,0.0462437197566032,0,0.145102351903915,0.161806732416153,0,0,0,0,0,0,0,0,0,0.0509087070822716,0.110716596245766,0,0,0,0,0,0,0.0630450770258904,0,0,0,0,0,0,0,0,0,0,0,0,0,0,0,0,0,0,0,0,0,0,0,0,0,0,0,0,0,0,0,0,0,0,0,0,0,0,0,0,0,0,0,0,0,0,0,0,0,0,0,0,0,0,113
Siegen-Wittgenstein,0,0,0,0,0,0,0,0,0,0,0,0,0,0,0,0,0,0,0,0,0,0,0,0,0,0,0,0,0,0,0,0,0,0,0,0,0,0,0,0,0,0,0,0,0,0,0,0,0,0,0,0,0,0,0,0,0,0,0,0,0,0,0,0,0,0,0,0,0,0,0,0,0,0,0,0,0,0,0,0,0,0,0,0,0,0,0,0,0,0,0,0,0,0,0,0,0,0,0,0,0,0,0,0,0,0,0,0,0,0,0,0,0,0,0,0,0,0,0,0,0,0,0,0,4.9167260840477e-06,0,0,0,0,0,0,0,0,0,0,0,0,0,0,0,0,0,0,0,0,0,0,0,0,0,0,0,0,0,0,0,0,0,0,0,0,0,0,0.00301063223741949,0.0017129221232608,0,0,0,0,0,0,0,0,0,0,0,0,0,0,0,0,0,0,0,0,0.00302475411444902,0.0154231833294034,0.0272005181759596,0.0308666229248047,0.0351626537740231,0.03065993078053,4.05336322728544e-05,0.0117721883580089,0.0453869067132473,0.0664204582571983,0.0787529423832893,0.092224970459938,0.0641412362456322,0.0137337306514382,0.0977292060852051,0.121166676282883,0.156701520085335,0.193976297974586,0.203419730067253,0.203588590025902,0.179184332489967,0.100862078368664,0,0.0617973357439041,0.0598147734999657,0.0953587666153908,0.152227491140366,0.215780422091484,0.224131152033806,0.17795629799366,0,0,0.00677266484126449,0.193438738584518,0.137596249580383,0.096432626247406,0.13844145834446,0.15403550863266,0.117520377039909,0.0973573997616768,0.162133276462555,0.0969052910804749,0.19915659725666,0.190320789813995,0.0172149352729321,0.167584612965584,0.125494614243507,0.200363546609879,0.230359688401222,0.110945150256157,0.0644544064998627,0.129667297005653,0.196482941508293,0.220715150237083,0.190812289714813,0.210033595561981,0.209933087229729,0.14545089006424,0.14483118057251,0.104011081159115,0.178637087345123,0.0591146610677242,0.00926302466541529,0,0,0.0182356834411621,0.106945767998695,0.0828597173094749,0.0798715651035309,0,0.00684148073196411,0.0213359072804451,0.177048027515411,0.235631868243217,0.243776336312294,0.220816820859909,0.218830853700638,0,0,0,0.0715005397796631,0.0731509923934937,0.184588089585304,0.128444790840149,0.0072059603407979,0,0,0,0,0,0,0.00624819425866008,0,0,0.00585757149383426,0.13259220123291,0.134304329752922,0.149503603577614,0.157585605978966,0.13986924290657,0.165275394916534,0.187657743692398,0.156255498528481,0.121107056736946,0.0233382098376751,0,0.138015359640121,0.142350271344185,0,0,0,0,0,0,0,0,0,0.0153882773593068,0.0915822610259056,0,0,0,0,0,0,0.0513306185603142,0,0,0,0,0,0,0,0,0,0,0,0,0,0,0,0,0,0,0,0,0,0,0,0,0,0,0,0,0,0,0,0,0,0,0,0,0,0,0,0,0,0,0,0,0,0,0,0,0,0,0,0,0,0,114
Soest,0,0,0,0,0,0,0,0,0,0,0,0,0,0,0,0,0,0,0,0,0,0,0,0,0,0,0,0,0,0,0,0,0,0,0,0,0,0,0,0,0,0,0,0,0,0,0,0,0,0,0,0,0,0,0,0,0,0,0,0,0,0,0,0,0,0,0,0,0,0,0,0,0,0,0,0,0,0,0,0,0,0,0,0,0,0,0,0,0,0,0,0,0,0,0,0,0,0,0,0,0,0,0,0,0,0,0,0,0,0,0,0,0,0,0,0,0,0,0,0,0,0,0,0,0,0,0,0,0,0,0,0,0,0,0,0,0,0,0,0,0,0,0,0,0,0,0,0,0,0,0,0,0,0,0,0,0,0,0,0,0,0,0,0.00917185191065073,0.00727510871365666,0,0,0,0,0,0,0,0,0,0,0,0,0,0,0,0,0,0,0,0,0.0149882668629289,0.0515246912837029,0.086286872625351,0.0892029106616974,0.101198948919773,0.0932413414120674,0.0384026616811752,0.0721563398838043,0.101082235574722,0.141801536083221,0.157329604029655,0.174174979329109,0.136682987213135,0.0296338144689798,0.19373045861721,0.185561686754227,0.265057146549225,0.347610861063004,0.335839241743088,0.337930500507355,0.310130417346954,0.195887118577957,0,0.133763030171394,0.165575236082077,0.222440958023071,0.286274760961533,0.344248592853546,0.374055922031403,0.358173996210098,0.221500590443611,0,0.157165393233299,0.310776978731155,0.288472920656204,0.255756348371506,0.343595504760742,0.310058414936066,0.276051729917526,0.258157312870026,0.306465446949005,0.300417840480804,0.386591404676437,0.36877977848053,0.28621119260788,0.342913389205933,0.279470354318619,0.365924626588821,0.387477070093155,0.218132823705673,0.173045232892036,0.244037553668022,0.341339707374573,0.324804574251175,0.378828644752502,0.413288921117783,0.415970027446747,0.355480849742889,0.350149601697922,0.293853491544724,0.380238622426987,0.273163110017776,0.24327364563942,0.0698064193129539,0.051966518163681,0.233313903212547,0.295094430446625,0.308799713850021,0.345669239759445,0.235511794686317,0.26577615737915,0.26130473613739,0.326452374458313,0.415201008319855,0.420714944601059,0.3641357421875,0.410296410322189,0.0868687853217125,0,0.220287337899208,0.255967527627945,0.300926566123962,0.351729571819305,0.356051325798035,0.230249971151352,0,0.0695808976888657,0,0,0.0235821567475796,0.0683251991868019,0.251851320266724,0.180131480097771,0,0,0.224261745810509,0,0.166946783661842,0.217764839529991,0.252280503511429,0.328749358654022,0.386060208082199,0.381016135215759,0.315270930528641,0.236145690083504,0.0212400648742914,0.27104452252388,0.324645787477493,0.0518262051045895,0.00578301167115569,0,0,0,0,0,0,0.108166016638279,0.157778292894363,0.246644839644432,0.198325350880623,0,0,0,0,0.041360255330801,0.207126542925835,0,0,0,0,0,0,0,0,0,0,0,0,0,0,0,0.00846889894455671,0.122949056327343,0,0,0,0,0,0,0,0,0,0,0,0,0,0,0,0,0,0,0,0,0,0,0,0,0,0,0,0,0,0,0,0,0,0,0,0,0,115
Unna,0,0,0,0,0,0,0,0,0,0,0,0,0,0,0,0,0,0,0,0,0,0,0,0,0,0,0,0,0,0,0,0,0,0,0,0,0,0,0,0,0,0,0,0,0,0,0,0,0,0,0,0,0,0,0,0,0,0,0,0,0,0,0,0,0,0,0,0,0,0,0,0,0,0,0,0,0,0,0,0,0,0,0,0,0,0,0,0,0,0,0,0,0,0,0,0,0,0,0,0,0,0,0,0,0,0,0,0,0,0,0,0,0,0,0,0,0,0,0,0,0,0,0,0,6.38435813016258e-06,0,0,0,0,0,0,0,0,0,0,0,0,0,0,0,0,0,0,0,0,0,0,0,0,0,0,0,0,0,0,0,0,0,0,0,0,0,0,0.0154197756201029,0.0119196055456996,0,0,0,0,0,0,0,0,0,0,0,0,0,0,0,0,0,0,0,0,0.0626043528318405,0.0949622020125389,0.136585012078285,0.154230326414108,0.160577043890953,0.137739390134811,0.0757236033678055,0.116687677800655,0.166999414563179,0.222800523042679,0.246837556362152,0.262656688690186,0.20809668302536,0.0643720999360085,0.297630339860916,0.286266654729843,0.390388518571854,0.508063495159149,0.504229247570038,0.489085465669632,0.443880558013916,0.256251335144043,0,0.215128749608994,0.276974201202393,0.338922291994095,0.445209056138992,0.492190629243851,0.535028755664825,0.512059271335602,0.300601541996002,0,0.30115082859993,0.46971595287323,0.396082401275635,0.35316127538681,0.505482912063599,0.457544922828674,0.390537291765213,0.420873582363129,0.457593381404877,0.471651047468185,0.568562686443329,0.542575001716614,0.442806422710419,0.497492671012878,0.419836610555649,0.552055239677429,0.566399931907654,0.355001181364059,0.30385023355484,0.377247214317322,0.513743340969086,0.479500532150269,0.530087292194366,0.609218716621399,0.601279139518738,0.511004447937012,0.514218807220459,0.442173451185226,0.541867196559906,0.421563118696213,0.347678869962692,0.0641582608222961,0,0.370671540498734,0.485513389110565,0.508723378181458,0.516550183296204,0.376424640417099,0.392684608697891,0.391005545854568,0.486587375402451,0.600891828536987,0.581819593906403,0.512515246868134,0.615507841110229,0.245729744434357,0,0.355934947729111,0.399177312850952,0.455555081367493,0.525774776935577,0.535377621650696,0.402917325496674,0.0851729363203049,0.247960612177849,0.0732051357626915,0,0.13578762114048,0.233277931809425,0.419705957174301,0.334259778261185,0,0,0.381388545036316,0.00621920358389616,0.29371052980423,0.356510251760483,0.428772121667862,0.524278044700623,0.584223508834839,0.564335644245148,0.47746416926384,0.362197250127792,0.0148522248491645,0.412146091461182,0.475382059812546,0.0600503608584404,0.117930874228477,0.0713547095656395,0,0,0,0,0,0.221115037798882,0.237953364849091,0.376021206378937,0.296160012483597,0,0,0,0,0,0.246804371476173,0,0,0,0,0,0,0,0,0,0,0,0,0,0,0,0,0.183456867933273,0,0,0,0,0,0,0,0,0,0,0,0,0,0,0,0,0,0,0,0,0,0,0,0,0,0,0,0,0,0,0,0,0,0,0,0,0,116
Darmstadt,0,0,0,0,0,0,0,0,0,0,0,0,0,0,0,0,0,0,0,0,0,0,0,0,0,0,0,0,0,0,0,0,0,0,0,0,0,0,0,0,0,0,0,0,0,0,0,0,0,0,0,0,0,0,0,0,0,0,0,0,0,0,0,0,0,0,0,0,0,0,0,0,0,0,0,0,0,0,0,0,0,0,0,0,0,0,0,0,0,0,0,0,0,0,0,0,0,0,0,0,0,0,0,0,0,0,0,0,0,0,0,0,0,0,0,0,0,0,0,0,0,0,0,0,0,7.65861386753386e-06,0,0,0,0,0,0,0,0,0,0,0,0,0,0,0,0,0,0,0,0,0,0,0,0,0,0,0,0,0,0,0,0,0,0,0,0,0,0.0233865473419428,0.0148766553029418,0,0,0,0,0,0,0,0,0,0,0,0,0,0,0,0,0,0,0,0,0.0605607442557812,0.115704089403152,0.16446878015995,0.176902577280998,0.198281481862068,0.168542996048927,0.149690017104149,0.161223918199539,0.223859533667564,0.263136446475983,0.283593028783798,0.320938795804977,0.302592247724533,0.226060345768929,0.317651033401489,0.405864804983139,0.479241818189621,0.533485233783722,0.567078769207001,0.592165470123291,0.548953831195831,0.455819517374039,0.279494881629944,0.438820660114288,0.351606547832489,0.409561723470688,0.486681550741196,0.610880017280579,0.658529877662659,0.484700500965118,0.332665503025055,0.203699827194214,0.460671901702881,0.604270577430725,0.539941310882568,0.509720325469971,0.483149856328964,0.574091792106628,0.495827972888947,0.444839060306549,0.5750892162323,0.513336300849915,0.629542052745819,0.50497305393219,0.385037958621979,0.525761187076569,0.606573343276978,0.701541483402252,0.714175045490265,0.653555929660797,0.525644838809967,0.589811623096466,0.643914461135864,0.699264168739319,0.686657547950745,0.703657448291779,0.70697808265686,0.685367166996002,0.616433560848236,0.610960125923157,0.726816892623901,0.635285615921021,0.596924304962158,0.423478066921234,0.336791545152664,0.490308701992035,0.631580412387848,0.616266071796417,0.583395659923553,0.484554976224899,0.572484850883484,0.710249602794647,0.794310033321381,0.864184081554413,0.918369293212891,0.908165574073792,0.869891285896301,0.597950100898743,0,0.550432026386261,0.686433553695679,0.747908413410187,0.81472110748291,0.615222096443176,0.550873696804047,0.321130365133286,0.50274646282196,0.462471634149551,0,0,0,0.516711115837097,0.425531089305878,0.30759197473526,0.521344482898712,0.611080408096313,0.697118878364563,0.749192774295807,0.746384263038635,0.688921451568604,0.716669857501984,0.803074181079865,0.781749188899994,0.648039698600769,0.501507580280304,0.482106536626816,0.668487071990967,0.675037622451782,0.452330976724625,0.247780576348305,0.235336139798164,0,0,0,0,0,0.332839578390121,0.337678104639053,0.463265746831894,0.450974881649017,0,0,0,0,0.318329513072968,0.475476533174515,0,0,0,0,0,0,0,0,0,0,0,0,0,0,0,0,0,0,0,0,0,0,0,0,0,0,0,0,0,0,0,0,0,0,0,0,0,0,0,0,0,0,0,0,0,0,0,0,0,0,0,0,0,0,117
Frankfurt am Main,0,0,0,0,0,0,0,0,0,0,0,0,0,0,0,0,0,0,0,0,0,0,0,0,0,0,0,0,0,0,0,0,0,0,0,0,0,0,0,0,0,0,0,0,0,0,0,0,0,0,0,0,0,0,0,0,0,0,0,0,0,0,0,0,0,0,0,0,0,0,0,0,0,0,0,0,0,0,0,0,0,0,0,0,0,0,0,0,0,0,0,0,0,0,0,0,0,0,0,0,0,0,0,0,0,0,0,0,0,0,0,0,0,0,0,0,0,0,0,0,0,0,0,0,4.92239414597861e-05,4.59510811197106e-05,0,0,0,0,0,0,0,0,0,0,0,0,0,0,0,0,0,0,0,0,0,0,0,0,0,0,0,0,0,0,0,0,0,0,0,0,0,0.0318119637668133,0.0193294603377581,0,0,0,0,0,0,0,0,0,0,0,0,0,0,0,0,0,0,0,0,0.103301733732224,0.157820120453835,0.220325171947479,0.229162141680717,0.254737615585327,0.218540132045746,0.1938686221838,0.210015699267387,0.298666894435883,0.356620281934738,0.386054754257202,0.431852340698242,0.398981362581253,0.30203977227211,0.426906228065491,0.541213691234589,0.639226794242859,0.718344986438751,0.759472370147705,0.787769675254822,0.736396253108978,0.590599656105042,0.346566170454025,0.570588290691376,0.447694003582001,0.547489583492279,0.653504371643066,0.813410818576813,0.886872470378876,0.639542698860168,0.441053360700607,0.214800223708153,0.598305702209473,0.794977128505707,0.70516449213028,0.653574526309967,0.629833281040192,0.753577291965485,0.654954493045807,0.585990786552429,0.755047142505646,0.655325710773468,0.814233064651489,0.678652465343475,0.506884932518005,0.68216735124588,0.788280785083771,0.925623953342438,0.944868445396423,0.834660172462463,0.690575063228607,0.777523159980774,0.83935821056366,0.918928682804108,0.882733225822449,0.91229921579361,0.934841334819794,0.861776769161224,0.787699997425079,0.784909307956696,0.935792088508606,0.812601983547211,0.789710104465485,0.564849555492401,0.396318376064301,0.645951390266418,0.798643589019775,0.780893504619598,0.733259260654449,0.600102186203003,0.70689582824707,0.907591164112091,1.00003778934479,1.10282397270203,1.15474355220795,1.16248548030853,1.10598111152649,0.721258163452148,0,0.688429653644562,0.87165105342865,0.928639888763428,1.0427542924881,0.767617166042328,0.671009421348572,0.443990468978882,0.700538456439972,0.612436473369598,0,0,0.281537115573883,0.669121623039246,0.563917279243469,0.397259384393692,0.660677671432495,0.8194739818573,0.918732821941376,0.947754979133606,0.957208156585693,0.898921728134155,0.93724513053894,1.01174223423004,0.957263290882111,0.790566682815552,0.642391502857208,0.597104489803314,0.845204055309296,0.833828091621399,0.53817743062973,0.268041431903839,0.311863899230957,0,0,0,0,0,0.421172946691513,0.453034847974777,0.563209772109985,0.544723391532898,0,0,0,0,0.378889828920364,0.547019600868225,0,0,0,0,0,0,0,0,0,0,0,0,0,0,0,0,0,0,0,0,0,0,0,0,0,0,0,0,0,0,0,0,0,0,0,0,0,0,0,0,0,0,0,0,0,0,0,0,0,0,0,0,0,0,118
Offenbach am Main,0,0,0,0,0,0,0,0,0,0,0,0,0,0,0,0,0,0,0,0,0,0,0,0,0,0,0,0,0,0,0,0,0,0,0,0,0,0,0,0,0,0,0,0,0,0,0,0,0,0,0,0,0,0,0,0,0,0,0,0,0,0,0,0,0,0,0,0,0,0,0,0,0,0,0,0,0,0,0,0,0,0,0,0,0,0,0,0,0,0,0,0,0,0,0,0,0,0,0,0,0,0,0,0,0,0,0,0,0,0,0,0,0,0,0,0,0,0,0,0,0,0,0,0,0,0,0,0,0,0,0,0,0,0,0,0,0,0,0,0,0,0,0,0,0,0,0,0,0,0,0,0,0,0,0,0,0,0,0,0,0,0,0,0.0396380387246609,0.0263942740857601,0,0,0,0,0,0,0,0,0,0,0,0,0,0,0,0,0,0,0,0,0.115876398980618,0.181120947003365,0.253553777933121,0.272187769412994,0.300626754760742,0.266416668891907,0.239149868488312,0.256029367446899,0.351006209850311,0.411887407302856,0.447805434465408,0.490850836038589,0.461547017097473,0.340846866369247,0.476892292499542,0.612086832523346,0.72024941444397,0.809449374675751,0.856800258159637,0.90100222826004,0.837464511394501,0.684230744838715,0.42861071228981,0.651154935359955,0.520286083221436,0.640949726104736,0.747026562690735,0.913448989391327,1.00252652168274,0.746742725372314,0.524774372577667,0.297852963209152,0.684154272079468,0.886635959148407,0.806614220142365,0.759414911270142,0.749101758003235,0.871430337429047,0.751003921031952,0.662401914596558,0.861466586589813,0.742670834064484,0.88696950674057,0.773646295070648,0.617367208003998,0.780753135681152,0.91069370508194,1.05993783473969,1.06196224689484,0.948319375514984,0.775222957134247,0.865175724029541,0.938918173313141,1.02981376647949,1.00653409957886,1.06034898757935,1.07893705368042,1.0141589641571,0.918699026107788,0.916521191596985,1.07029056549072,0.943752348423004,0.919483959674835,0.674628555774689,0.514699935913086,0.762507438659668,0.92803168296814,0.915077567100525,0.888605773448944,0.748647570610046,0.854396045207977,1.05934429168701,1.13990831375122,1.24078106880188,1.31234633922577,1.32692611217499,1.2594074010849,0.857324481010437,0,0.813738584518433,1.02233040332794,1.08251345157623,1.18172097206116,0.875058710575104,0.780914664268494,0.498182266950607,0.740343332290649,0.699600577354431,0,0,0.391681492328644,0.760077178478241,0.631088137626648,0.443457901477814,0.711798012256622,0.884936392307281,1.00313293933868,1.05076515674591,1.05307245254517,0.990362942218781,1.0104056596756,1.14777386188507,1.12131679058075,0.944158792495728,0.761485517024994,0.670972883701324,0.951387882232666,0.977211952209473,0.660571098327637,0.393818795681,0.3612360060215,0,0,0,0,0,0.524403095245361,0.529763579368591,0.696082174777985,0.664269089698792,0,0,0,0,0.480754047632217,0.666441917419434,0,0,0,0,0,0,0,0,0,0,0,0,0,0,0,0,0,0,0,0,0,0,0,0,0,0,0,0,0,0,0,0,0,0,0,0,0,0,0,0,0,0,0,0,0,0,0,0,0,0,0,0,0,0,119
Wiesbaden,0,0,0,0,0,0,0,0,0,0,0,0,0,0,0,0,0,0,0,0,0,0,0,0,0,0,0,0,0,0,0,0,0,0,0,0,0,0,0,0,0,0,0,0,0,0,0,0,0,0,0,0,0,0,0,0,0,0,0,0,0,0,0,0,0,0,0,0,0,0,0,0,0,0,0,0,0,0,0,0,0,0,0,0,0,0,0,0,0,0,0,0,0,0,0,0,0,0,0,0,0,0,0,0,0,0,0,0,0,0,0,0,0,0,0,0,0,0,0,0,0,0,0,0,0.000191875034943223,0.000480701681226492,0,0,0,0,0,0,0,0,0,0,0,0,0,0,0,0,0,0,0,0,0,0,0,0,0,0,0,0,0,0,0,0,0,0,0,0,0,0.01302320510149,0.00578777631744742,0,0,0,0,0,0,0,0,0,0,0,0,0,0,0,0,0,0,0,0,0.0421774499118328,0.0706424787640572,0.102374948561192,0.109014749526978,0.118711516261101,0.0975595787167549,0.0708737969398499,0.0926566570997238,0.148305878043175,0.188500881195068,0.206731557846069,0.237683147192001,0.211296111345291,0.161073982715607,0.245875805616379,0.30872967839241,0.363325536251068,0.413692891597748,0.439728230237961,0.443256437778473,0.418686330318451,0.321493238210678,0.147822931408882,0.316653937101364,0.238875970244408,0.278663635253906,0.370871752500534,0.478891342878342,0.514458000659943,0.355381637811661,0.19673453271389,0,0.328143984079361,0.4655382335186,0.3858442902565,0.340878963470459,0.33192041516304,0.405642986297607,0.342549592256546,0.350826144218445,0.423695653676987,0.35921585559845,0.475642472505569,0.378328800201416,0.234161511063576,0.387001097202301,0.41441136598587,0.502676546573639,0.546299159526825,0.46940153837204,0.387790948152542,0.437482833862305,0.4757259786129,0.522713899612427,0.477456450462341,0.488217741250992,0.525473833084106,0.450281351804733,0.42080482840538,0.410397887229919,0.510513305664063,0.424655675888062,0.397387534379959,0.246070474386215,0.140888407826424,0.301894277334213,0.427492201328278,0.393434464931488,0.345167905092239,0.175459370017052,0.32214629650116,0.460687190294266,0.543822050094604,0.616848349571228,0.65855473279953,0.643470585346222,0.615089893341064,0.346282482147217,0,0.337203741073608,0.435793042182922,0.456960737705231,0.566079378128052,0.42783859372139,0.351184517145157,0.228370144963264,0.387300401926041,0.272122740745544,0,0,0,0.335872799158096,0.269186675548553,0.161132052540779,0.331770181655884,0.44681715965271,0.487344086170197,0.509438037872314,0.5313880443573,0.487843185663223,0.520224630832672,0.541201114654541,0.47799363732338,0.398284673690796,0.315051198005676,0.299646645784378,0.436083018779755,0.433573573827744,0.216841414570808,0,0.186221927404404,0,0,0,0,0,0.196338668465614,0.227080047130585,0.258582592010498,0.214894846081734,0,0,0,0,0.106848068535328,0.2664994597435,0,0,0,0,0,0,0,0,0,0,0,0,0,0,0,0,0,0,0,0,0,0,0,0,0,0,0,0,0,0,0,0,0,0,0,0,0,0,0,0,0,0,0,0,0,0,0,0,0,0,0,0,0,0,120
Bergstraße,0,0,0,0,0,0,0,0,0,0,0,0,0,0,0,0,0,0,0,0,0,0,0,0,0,0,0,0,0,0,0,0,0,0,0,0,0,0,0,0,0,0,0,0,0,0,0,0,0,0,0,0,0,0,0,0,0,0,0,0,0,0,0,0,0,0,0,0,0,0,0,0,0,0,0,0,0,0,0,0,0,0,0,0,0,0,0,0,0,0,0,0,0,0,0,0,0,0,0,0,0,0,0,0,0,0,0,0,0,0,0,0,0,0,0,0,0,0,0,0,0,0,0,0,8.00662019173615e-06,0.000566018337849528,0,0,0,0,0,0,0,0,0,0,0,0,0,0,0,0,0,0,0,0,0,0,0,0,0,0,0,0,0,0,0,0,0,0,0,0,0,0.0258075650781393,0.0159039217978716,0,0,0,0,0,0,0,0,0,0,0,0,0,0,0,0,0,0,0.0253652352839708,0.03929428383708,0.0620843917131424,0.117464773356915,0.166229262948036,0.183686852455139,0.195234686136246,0.169558629393578,0.14423294365406,0.157175377011299,0.222377970814705,0.267080724239349,0.295976012945175,0.3332739174366,0.326483637094498,0.246401831507683,0.343815326690674,0.435551673173904,0.507590413093567,0.561800241470337,0.597302079200745,0.61810165643692,0.563330948352814,0.488000780344009,0.297365307807922,0.458886325359344,0.374360412359238,0.400389522314072,0.511948823928833,0.648733615875244,0.684812128543854,0.494898825883865,0.282948791980743,0.19693960249424,0.478627413511276,0.633472084999084,0.539256155490875,0.508787751197815,0.490542203187943,0.575606524944305,0.506545782089233,0.460796117782593,0.608929336071014,0.530105412006378,0.655686557292938,0.470421463251114,0.301962077617645,0.528637766838074,0.627872943878174,0.698259294033051,0.748191654682159,0.705573260784149,0.557961404323578,0.609633326530457,0.675992608070374,0.738955736160278,0.7315713763237,0.738955080509186,0.730738639831543,0.71152663230896,0.618817389011383,0.623604893684387,0.76194441318512,0.661175072193146,0.570210456848145,0.355468779802322,0.303917199373245,0.496201246976852,0.649493157863617,0.621522665023804,0.579856872558594,0.4587482213974,0.572736442089081,0.714957356452942,0.832710742950439,0.904269576072693,0.985925674438477,0.94829124212265,0.930428624153137,0.638243615627289,0,0.51022070646286,0.667742550373077,0.75803530216217,0.831023335456848,0.60804009437561,0.579347431659698,0.310684770345688,0.493000239133835,0.335322618484497,0.0416175499558449,0.123466588556767,0.125383377075195,0.404058903455734,0.350747168064117,0.29779464006424,0.55164498090744,0.620441257953644,0.671864688396454,0.754048645496368,0.744834125041962,0.695064008235931,0.711574018001556,0.780420541763306,0.771135807037354,0.653320610523224,0.4818334877491,0.524843335151672,0.681493580341339,0.68503075838089,0.428798407316208,0.175192177295685,0.205529496073723,0.0354749485850334,0,0,0,0,0.257865935564041,0.327975183725357,0.466978907585144,0.448564141988754,0,0,0,0,0.307473599910736,0.45306184887886,0,0,0,0,0,0,0,0,0,0,0,0,0,0,0,0,0,0,0,0,0,0,0,0,0,0,0,0,0,0,0,0,0,0,0,0,0,0,0,0,0,0,0,0,0,0,0,0,0,0,0,0,0,0,121
Darmstadt-Dieburg,0,0,0,0,0,0,0,0,0,0,0,0,0,0,0,0,0,0,0,0,0,0,0,0,0,0,0,0,0,0,0,0,0,0,0,0,0,0,0,0,0,0,0,0,0,0,0,0,0,0,0,0,0,0,0,0,0,0,0,0,0,0,0,0,0,0,0,0,0,0,0,0,0,0,0,0,0,0,0,0,0,0,0,0,0,0,0,0,0,0,0,0,0,0,0,0,0,0,0,0,0,0,0,0,0,0,0,0,0,0,0,0,0,0,0,0,0,0,0,0,0,0,0,0,1.73195573438534e-07,0.0001108101932914,0,0,0,0,0,0,0,0,0,0,0,0,0,0,0,0,0,0,0,0,0,0,0,0,0,0,0,0,0,0,0,0,0,0,0,0,0,0.0196091048419476,0.012750425375998,0,0,0,0,0,0,0,0,0,0,0,0,0,0,0,0,0,0,0.000199714457266964,0.000725648365914822,0.0186982620507479,0.0962048396468163,0.145238652825356,0.161574512720108,0.182808116078377,0.160281553864479,0.136923372745514,0.150871694087982,0.20534972846508,0.243053391575813,0.267405927181244,0.30269318819046,0.290663570165634,0.201877638697624,0.297873020172119,0.392404079437256,0.460640668869019,0.515973150730133,0.549521207809448,0.580155789852142,0.530449271202087,0.449030488729477,0.27566584944725,0.424398332834244,0.339077860116959,0.392902106046677,0.469173401594162,0.592741310596466,0.644872009754181,0.475178718566895,0.306292295455933,0.0637786537408829,0.434423387050629,0.580370664596558,0.51923280954361,0.488239645957947,0.474678635597229,0.554734766483307,0.467213481664658,0.404084742069244,0.553863942623138,0.478710740804672,0.599014043807983,0.475547909736633,0.354577094316483,0.490586310625076,0.579530477523804,0.665569067001343,0.671733260154724,0.619623959064484,0.481964111328125,0.544358909130096,0.602014422416687,0.664443671703339,0.663080930709839,0.679953157901764,0.679279029369354,0.659722745418549,0.585746705532074,0.578721284866333,0.686967670917511,0.593884348869324,0.542983531951904,0.371701747179031,0.268268048763275,0.444169580936432,0.587001025676727,0.57305520772934,0.549705505371094,0.446187078952789,0.538034856319427,0.662205815315247,0.743813753128052,0.809316217899323,0.87088006734848,0.857532620429993,0.816920280456543,0.556735217571259,0,0.485830008983612,0.621146202087402,0.684575319290161,0.749300360679626,0.558136880397797,0.488036960363388,0.0986997112631798,0.404679715633392,0.344102799892426,0,0.00302775762975216,0.00341616244986653,0.398646086454391,0.30495473742485,0.0920650586485863,0.417336761951447,0.524270236492157,0.605296492576599,0.65690815448761,0.662174105644226,0.604245841503143,0.626118242740631,0.726755142211914,0.713109076023102,0.599172592163086,0.454506576061249,0.421784996986389,0.601142823696136,0.615134835243225,0.387793332338333,0.0735998526215553,0.0698228850960732,0,0,0,0,0,0.294921040534973,0.295964658260345,0.438111364841461,0.405457198619843,0,0,0,0,0.27814057469368,0.42937359213829,0,0,0,0,0,0,0,0,0,0,0,0,0,0,0,0,0,0,0,0,0,0,0,0,0,0,0,0,0,0,0,0,0,0,0,0,0,0,0,0,0,0,0,0,0,0,0,0,0,0,0,0,0,0,122
Groß-Gerau,0,0,0,0,0,0,0,0,0,0,0,0,0,0,0,0,0,0,0,0,0,0,0,0,0,0,0,0,0,0,0,0,0,0,0,0,0,0,0,0,0,0,0,0,0,0,0,0,0,0,0,0,0,0,0,0,0,0,0,0,0,0,0,0,0,0,0,0,0,0,0,0,0,0,0,0,0,0,0,0,0,0,0,0,0,0,0,0,0,0,0,0,0,0,0,0,0,0,0,0,0,0,0,0,0,0,0,0,0,0,0,0,0,0,0,0,0,0,0,0,0,0,0,0,6.68718421366066e-05,0.000656545744277537,0,0,0,0,0,0,0,0,0,0,0,0,0,0,0,0,0,0,0,0,0,0,0,0,0,0,0,0,0,0,0,0,0,0,0,0,0,0.0295815784484148,0.017587948590517,0,0,0,0,0,0,0,0,0,0,0,0,0,0,0,0,0,0,0.0131322331726551,0.053560309112072,0.0925211757421494,0.140650734305382,0.191844955086708,0.20337450504303,0.219269052147865,0.184861689805984,0.164705201983452,0.176719605922699,0.253975600004196,0.30366051197052,0.326112627983093,0.365081369876862,0.341762095689774,0.268314599990845,0.366356879472733,0.455723762512207,0.534250617027283,0.597206056118011,0.632028222084045,0.647419512271881,0.606365263462067,0.498783111572266,0.297915935516357,0.483908087015152,0.386618167161942,0.44380259513855,0.543628990650177,0.677152514457703,0.717682957649231,0.528117299079895,0.364394992589951,0.247738003730774,0.519762873649597,0.670273303985596,0.58523690700531,0.551803410053253,0.517740488052368,0.618329107761383,0.544044077396393,0.522105693817139,0.633823335170746,0.572978794574738,0.694292724132538,0.549247086048126,0.417878806591034,0.590872049331665,0.656567990779877,0.75865226984024,0.796168506145477,0.725499927997589,0.595136284828186,0.659870684146881,0.717262864112854,0.768834412097931,0.743838667869568,0.763817548751831,0.783664286136627,0.739802539348602,0.670526504516602,0.664188027381897,0.796626150608063,0.695042431354523,0.657918214797974,0.466918557882309,0.395755052566528,0.543016612529755,0.695312142372131,0.674002587795258,0.620256245136261,0.506295502185822,0.608004808425903,0.761730670928955,0.866049528121948,0.946567475795746,1.00967335700989,0.984917283058167,0.962118446826935,0.648269534111023,0,0.608946025371552,0.746224284172058,0.805820167064667,0.891081690788269,0.685648858547211,0.633534550666809,0.455544352531433,0.616010725498199,0.532114505767822,0,0.225139990448952,0.268023759126663,0.597261250019073,0.519581437110901,0.434562057256699,0.618667602539063,0.706683158874512,0.766325414180756,0.826781153678894,0.833400666713715,0.774229764938354,0.811280012130737,0.8657466173172,0.830858707427979,0.696944713592529,0.544723629951477,0.544870734214783,0.727742195129395,0.734471917152405,0.490294694900513,0.295599848031998,0.317147731781006,0,0,0,0,0.0176055394113064,0.363426208496094,0.378056108951569,0.47570988535881,0.468015372753143,0,0,0,0,0.346073776483536,0.489135771989822,0,0,0,0,0,0,0,0,0,0,0,0,0,0,0,0,0,0,0,0,0,0,0,0,0,0,0,0,0,0,0,0,0,0,0,0,0,0,0,0,0,0,0,0,0,0,0,0,0,0,0,0,0,0,123
Hochtaunuskreis,0,0,0,0,0,0,0,0,0,0,0,0,0,0,0,0,0,0,0,0,0,0,0,0,0,0,0,0,0,0,0,0,0,0,0,0,0,0,0,0,0,0,0,0,0,0,0,0,0,0,0,0,0,0,0,0,0,0,0,0,0,0,0,0,0,0,0,0,0,0,0,0,0,0,0,0,0,0,0,0,0,0,0,0,0,0,0,0,0,0,0,0,0,0,0,0,0,0,0,0,0,0,0,0,0,0,0,0,0,0,0,0,0,0,0,0,0,0,0,0,0,0,0,0,5.86047608521767e-05,8.26227164907323e-07,0,0,0,0,0,0,0,0,0,0,0,0,0,0,0,0,0,0,0,0,0,0,0,0,0,0,0,0,0,0,0,0,0,0,0,0,0,0.00909314304590225,0.00258317636325955,0,0,0,0,0,0,0,0,0,0,0,0,0,0,0,0,0,0,0,0,0.0149642927572131,0.0509761497378349,0.0772975385189056,0.0834107473492622,0.094211034476757,0.0825517624616623,0.0534377507865429,0.0734288394451141,0.122564405202866,0.155398294329643,0.171422213315964,0.198575079441071,0.17352207005024,0.121083177626133,0.206476047635078,0.26702681183815,0.318518280982971,0.366004824638367,0.386905550956726,0.396814048290253,0.373929440975189,0.281226873397827,0.0553278587758541,0.268938302993774,0.201432332396507,0.24403341114521,0.323405385017395,0.432465612888336,0.46740934252739,0.318876177072525,0.162269204854965,0.00121112028136849,0.254836708307266,0.406950116157532,0.337029814720154,0.290519893169403,0.29685515165329,0.363339632749557,0.298135906457901,0.290539979934692,0.38047057390213,0.288560062646866,0.418679773807526,0.35156187415123,0.181843847036362,0.32962566614151,0.372775882482529,0.468130946159363,0.49214032292366,0.400918275117874,0.326785027980804,0.377942711114883,0.411910802125931,0.469736546278,0.436529099941254,0.447190314531326,0.469306260347366,0.395119875669479,0.368025422096252,0.360792338848114,0.458782017230988,0.366544216871262,0.337339729070663,0.201154559850693,0.00247608148492873,0.259618043899536,0.355251520872116,0.34251669049263,0.312390714883804,0.0961660519242287,0.26112300157547,0.393027395009995,0.471691638231277,0.552253425121307,0.589900255203247,0.581663250923157,0.540125072002411,0.277665585279465,0,0.256012827157974,0.376828044652939,0.38585752248764,0.503088116645813,0.354944497346878,0.266956299543381,0.0028726093005389,0.305603921413422,0.104706063866615,0,0,0.0015472590457648,0.257352232933044,0.0955953225493431,0.00257027545012534,0.224581092596054,0.392471045255661,0.434486269950867,0.43680739402771,0.457745999097824,0.422383517026901,0.456852793693542,0.497092425823212,0.431166559457779,0.347065389156342,0.2599838078022,0.210656687617302,0.395392745733261,0.390410155057907,0.0875649675726891,0.00149557157419622,0.00202084262855351,0,0,0,0,0,0.099467433989048,0.155865073204041,0.25518137216568,0.179515585303307,0,0,0,0,0.0489910952746868,0.235036164522171,0,0,0,0,0,0,0,0,0,0,0,0,0,0,0,0,0,0,0,0,0,0,0,0,0,0,0,0,0,0,0,0,0,0,0,0,0,0,0,0,0,0,0,0,0,0,0,0,0,0,0,0,0,0,124
Main-Kinzig-Kreis,0,0,0,0,0,0,0,0,0,0,0,0,0,0,0,0,0,0,0,0,0,0,0,0,0,0,0,0,0,0,0,0,0,0,0,0,0,0,0,0,0,0,0,0,0,0,0,0,0,0,0,0,0,0,0,0,0,0,0,0,0,0,0,0,0,0,0,0,0,0,0,0,0,0,0,0,0,0,0,0,0,0,0,0,0,0,0,0,0,0,0,0,0,0,0,0,0,0,0,0,0,0,0,0,0,0,0,0,0,0,0,0,0,0,0,0,0,0,0,0,0,0,0,0,0,0,0,0,0,0,0,0,0,0,0,0,0,0,0,0,0,0,0,0,0,0,0,0,0,0,0,0,0,0,0,0,0,0,0,0,0,0,0,0.0112287038937211,0.00773246213793755,0,0,0,0,0,0,0,0,0,0,0,0,0,0,0,0,0,0,0,0,0.0217584781348705,0.0597850605845451,0.0880323648452759,0.100925415754318,0.112991042435169,0.10397931188345,0.085507370531559,0.10146839171648,0.135929018259048,0.160743981599808,0.183181777596474,0.21048741042614,0.193274885416031,0.0972924306988716,0.201851814985275,0.282587826251984,0.333773970603943,0.380636692047119,0.4029261469841,0.425534844398499,0.397846102714539,0.32194447517395,0.188357293605804,0.29874312877655,0.227162346243858,0.283497869968414,0.342001646757126,0.442423194646835,0.502098619937897,0.360887676477432,0.217213407158852,0.0260810945183039,0.233154788613319,0.403248876333237,0.364283621311188,0.333434551954269,0.356591790914536,0.408479899168015,0.351192831993103,0.227273017168045,0.389449715614319,0.31509456038475,0.421545118093491,0.375623017549515,0.235633194446564,0.337834596633911,0.421756446361542,0.499077677726746,0.503774464130402,0.432174205780029,0.326067596673965,0.373037964105606,0.430482447147369,0.484882920980453,0.5018510222435,0.497447609901428,0.508243024349213,0.470011413097382,0.407847255468369,0.393501043319702,0.480463474988937,0.400797158479691,0.359942704439163,0.168042287230492,0.107468590140343,0.312260091304779,0.388961374759674,0.366309106349945,0.372624903917313,0.217056140303612,0.255607724189758,0.439430683851242,0.49270287156105,0.560475826263428,0.615205585956573,0.598366856575012,0.555286288261414,0.308011323213577,0,0.229849949479103,0.40204331278801,0.434239357709885,0.507753491401672,0.346304535865784,0.227758973836899,0.0953188091516495,0.190861344337463,0.148447498679161,0,0,0.0306416973471642,0.193369388580322,0.128401145339012,0.0361754521727562,0.179425954818726,0.352682113647461,0.405183970928192,0.413595885038376,0.434559345245361,0.418548941612244,0.42709869146347,0.493246614933014,0.476857662200928,0.398576110601425,0.291319191455841,0.208518177270889,0.410624563694,0.4133161008358,0.187742963433266,0.0356278270483017,0.0276790373027325,0,0,0,0,0,0.136530265212059,0.130229130387306,0.310742020606995,0.277716636657715,0,0,0,0,0.12166091054678,0.261005401611328,0,0,0,0,0,0,0,0,0,0,0,0,0,0,0,0,0,0,0,0,0,0,0,0,0,0,0,0,0,0,0,0,0,0,0,0,0,0,0,0,0,0,0,0,0,0,0,0,0,0,0,0,0,0,125
Main-Taunus-Kreis,0,0,0,0,0,0,0,0,0,0,0,0,0,0,0,0,0,0,0,0,0,0,0,0,0,0,0,0,0,0,0,0,0,0,0,0,0,0,0,0,0,0,0,0,0,0,0,0,0,0,0,0,0,0,0,0,0,0,0,0,0,0,0,0,0,0,0,0,0,0,0,0,0,0,0,0,0,0,0,0,0,0,0,0,0,0,0,0,0,0,0,0,0,0,0,0,0,0,0,0,0,0,0,0,0,0,0,0,0,0,0,0,0,0,0,0,0,0,0,0,0,0,0,0,0.000250088633038104,0.000424914149334654,0,0,0,0,0,0,0,0,0,0,0,0,0,0,0,0,0,0,0,0,0,0,0,0,0,0,0,0,0,0,0,0,0,0,0,0,0,0.017783572897315,0.00910190399736166,0,0,0,0,0,0,0,0,0,0,0,0,0,0,0,0,0,0,0,0,0.0569739602506161,0.0922218188643456,0.130019441246986,0.13464081287384,0.149027734994888,0.124189034104347,0.10284698754549,0.119141705334187,0.177806109189987,0.218948617577553,0.23715016245842,0.271013557910919,0.244230419397354,0.187756985425949,0.274752557277679,0.344383478164673,0.407202064990997,0.46040090918541,0.487186074256897,0.496552497148514,0.467617034912109,0.365983814001083,0.190656647086143,0.360202074050903,0.277643740177155,0.329350173473358,0.414443582296371,0.526489913463593,0.567693054676056,0.397436648607254,0.252730011940002,0.0141645697876811,0.374597132205963,0.515597939491272,0.443136811256409,0.40046626329422,0.383658766746521,0.467997491359711,0.404611647129059,0.382055371999741,0.47940731048584,0.415387630462646,0.533272266387939,0.42774823307991,0.292109459638596,0.434443533420563,0.487483114004135,0.580754637718201,0.607982993125916,0.53062629699707,0.440013200044632,0.498455822467804,0.537855327129364,0.588499963283539,0.554729342460632,0.56549209356308,0.590211033821106,0.528070628643036,0.487757742404938,0.478508114814758,0.587666153907776,0.499181658029556,0.477958202362061,0.318258911371231,0.235387250781059,0.379909813404083,0.495782822370529,0.472473829984665,0.428460329771042,0.313272058963776,0.406402826309204,0.552367687225342,0.629469156265259,0.706114590167999,0.741802334785461,0.735369145870209,0.701558470726013,0.428562730550766,0,0.413107722997665,0.529261231422424,0.56136554479599,0.657669126987457,0.491113811731339,0.414459407329559,0.293818563222885,0.457730710506439,0.35181736946106,0,0,0.0180958583950996,0.413540035486221,0.336208373308182,0.262195289134979,0.416645139455795,0.527675628662109,0.58304888010025,0.603307485580444,0.617641031742096,0.575287461280823,0.613883912563324,0.643821895122528,0.583361566066742,0.477174460887909,0.385270059108734,0.368957281112671,0.527040183544159,0.515266597270966,0.294123560190201,0.0174913518130779,0.215475037693977,0,0,0,0,0,0.234203919768333,0.277959525585175,0.3286372423172,0.302799642086029,0,0,0,0,0.199226602911949,0.325988739728928,0,0,0,0,0,0,0,0,0,0,0,0,0,0,0,0,0,0,0,0,0,0,0,0,0,0,0,0,0,0,0,0,0,0,0,0,0,0,0,0,0,0,0,0,0,0,0,0,0,0,0,0,0,0,126
Odenwaldkreis,0,0,0,0,0,0,0,0,0,0,0,0,0,0,0,0,0,0,0,0,0,0,0,0,0,0,0,0,0,0,0,0,0,0,0,0,0,0,0,0,0,0,0,0,0,0,0,0,0,0,0,0,0,0,0,0,0,0,0,0,0,0,0,0,0,0,0,0,0,0,0,0,0,0,0,0,0,0,0,0,0,0,0,0,0,0,0,0,0,0,0,0,0,0,0,0,0,0,0,0,0,0,0,0,0,0,0,0,0,0,0,0,0,0,0,0,0,0,0,0,0,0,0,0,1.83726024260977e-05,0.000234867038670927,0,0,0,0,0,0,0,0,0,0,0,0,0,0,0,0,0,0,0,0,0,0,0,0,0,0,0,0,0,0,0,0,0,0,0,0,0,0.00912165269255638,0.00527897942811251,0,0,0,0,0,0,0,0,0,0,0,0,0,0,0,0,0,0,0,0,0,0.03943195566535,0.06788320094347,0.0772218778729439,0.0889334976673126,0.0774772986769676,0.0591212660074234,0.0696424767374992,0.0966203808784485,0.123253628611565,0.146048575639725,0.172423303127289,0.167689621448517,0.104190178215504,0.175330609083176,0.238486021757126,0.275887340307236,0.313560754060745,0.336019545793533,0.351700901985168,0.310638189315796,0.268504709005356,0.153794974088669,0.250038594007492,0.189038425683975,0.204588949680328,0.278106600046158,0.366879373788834,0.402022153139114,0.270106196403503,0.0893839448690414,0,0.239246800541878,0.358689963817596,0.296092987060547,0.259698837995529,0.266952931880951,0.314532786607742,0.26511138677597,0.193409204483032,0.330081343650818,0.268898010253906,0.372136950492859,0.24295961856842,0.100757777690887,0.256856739521027,0.337858647108078,0.372058480978012,0.391169100999832,0.370471805334091,0.266601234674454,0.311846911907196,0.356635928153992,0.4100501537323,0.412527918815613,0.406312197446823,0.397257119417191,0.377443641424179,0.316442668437958,0.315225541591644,0.401063352823257,0.331745207309723,0.265302807092667,0.0471562221646309,0.00888666603714228,0.213333532214165,0.31976306438446,0.293932527303696,0.279249966144562,0.193243905901909,0.280979007482529,0.370157182216644,0.434608608484268,0.482167750597,0.521728277206421,0.51172399520874,0.486874580383301,0.303273916244507,0,0.187598749995232,0.29826557636261,0.369534492492676,0.434459120035172,0.278435915708542,0.220280170440674,0,0.179735571146011,0.0109918117523193,0,0,0,0.0131161408498883,0.00922037847340107,0,0.20357258617878,0.279150009155273,0.339805483818054,0.358093589544296,0.373322695493698,0.348095029592514,0.345609575510025,0.386896729469299,0.371449440717697,0.311661034822464,0.236491709947586,0.240912467241287,0.343549430370331,0.320798635482788,0.112383976578712,0,0,0,0,0,0,0,0.0858975648880005,0.173290878534317,0.233000427484512,0.207530707120895,0,0,0,0,0.0783941596746445,0.197906360030174,0,0,0,0,0,0,0,0,0,0,0,0,0,0,0,0,0,0,0,0,0,0,0,0,0,0,0,0,0,0,0,0,0,0,0,0,0,0,0,0,0,0,0,0,0,0,0,0,0,0,0,0,0,0,127
Offenbach,0,0,0,0,0,0,0,0,0,0,0,0,0,0,0,0,0,0,0,0,0,0,0,0,0,0,0,0,0,0,0,0,0,0,0,0,0,0,0,0,0,0,0,0,0,0,0,0,0,0,0,0,0,0,0,0,0,0,0,0,0,0,0,0,0,0,0,0,0,0,0,0,0,0,0,0,0,0,0,0,0,0,0,0,0,0,0,0,0,0,0,0,0,0,0,0,0,0,0,0,0,0,0,0,0,0,0,0,0,0,0,0,0,0,0,0,0,0,0,0,0,0,0,0,0,0,0,0,0,0,0,0,0,0,0,0,0,0,0,0,0,0,0,0,0,0,0,0,0,0,0,0,0,0,0,0,0,0,0,0,0,0,0,0.0337352938950062,0.0221943724900484,0,0,0,0,0,0,0,0,0,0,0,0,0,0,0,0,0,0,0,0,0.0900924056768417,0.160676226019859,0.227088764309883,0.244646027684212,0.272055119276047,0.239600196480751,0.212849110364914,0.230597600340843,0.315520048141479,0.371721714735031,0.404104322195053,0.447409123182297,0.420317471027374,0.308751076459885,0.437298536300659,0.56312495470047,0.663094758987427,0.745460629463196,0.789971351623535,0.829698503017426,0.770418465137482,0.631443023681641,0.394127815961838,0.603035092353821,0.48119705915451,0.58535361289978,0.687655806541443,0.847405791282654,0.92673796415329,0.688293993473053,0.474994838237762,0.238241106271744,0.630882203578949,0.824862122535706,0.747311770915985,0.701665639877319,0.692224383354187,0.805619716644287,0.691509127616882,0.60842752456665,0.79814487695694,0.690413773059845,0.828985333442688,0.711962759494781,0.563277304172516,0.723978281021118,0.841718137264252,0.980540990829468,0.983948588371277,0.881274700164795,0.715613543987274,0.803551733493805,0.874630033969879,0.958157181739807,0.941225171089172,0.982970893383026,0.996808409690857,0.943179786205292,0.852500081062317,0.846643447875977,0.994212090969086,0.871586799621582,0.840565919876099,0.605561077594757,0.464287430047989,0.694132149219513,0.859568297863007,0.845469176769257,0.818672120571136,0.681938409805298,0.787907421588898,0.978079915046692,1.06348669528961,1.16132175922394,1.23020207881927,1.23462080955505,1.17260706424713,0.793418169021606,0,0.747998356819153,0.94148975610733,1.00361549854279,1.09913778305054,0.816451609134674,0.721953153610229,0.414706349372864,0.681285262107849,0.629494845867157,0,0,0.227194055914879,0.696716368198395,0.568114340305328,0.295889556407928,0.658068895339966,0.819136559963226,0.928159892559052,0.979148864746094,0.982859909534454,0.919496297836304,0.948366165161133,1.07337737083435,1.04384744167328,0.87562882900238,0.697836697101593,0.622536063194275,0.887882232666016,0.908454358577728,0.602922916412354,0.311919808387756,0.236480042338371,0,0,0,0,0,0.476341873407364,0.482739925384521,0.647809147834778,0.612720668315887,0,0,0,0,0.439985513687134,0.623836040496826,0,0,0,0,0,0,0,0,0,0,0,0,0,0,0,0,0,0,0,0,0,0,0,0,0,0,0,0,0,0,0,0,0,0,0,0,0,0,0,0,0,0,0,0,0,0,0,0,0,0,0,0,0,0,128
Rheingau-Taunus-Kreis,0,0,0,0,0,0,0,0,0,0,0,0,0,0,0,0,0,0,0,0,0,0,0,0,0,0,0,0,0,0,0,0,0,0,0,0,0,0,0,0,0,0,0,0,0,0,0,0,0,0,0,0,0,0,0,0,0,0,0,0,0,0,0,0,0,0,0,0,0,0,0,0,0,0,0,0,0,0,0,0,0,0,0,0,0,0,0,0,0,0,0,0,0,0,0,0,0,0,0,0,0,0,0,0,0,0,0,0,0,0,0,0,0,0,0,0,0,0,0,0,0,0,0,0,5.43419628229458e-05,0.000221719485125504,0,0,0,0,0,0,0,0,0,0,0,0,0,0,0,0,0,0,0,0,0,0,0,0,0,0,0,0,0,0,0,0,0,0,0,0,0,0.0090349493548274,0.00330199487507343,0,0,0,0,0,0,0,0,0,0,0,0,0,0,0,0,0,0,0,0,0.0137311676517129,0.0478651635348797,0.0745850503444672,0.0820780768990517,0.0895196422934532,0.073485754430294,0.0226121265441179,0.068158932030201,0.118396587669849,0.152961850166321,0.170638769865036,0.197049602866173,0.173093095421791,0.123451575636864,0.208310961723328,0.266519993543625,0.315557271242142,0.3600093126297,0.38350585103035,0.388412952423096,0.36428314447403,0.275241285562515,0.0475605055689812,0.265827357769012,0.193335652351379,0.227058932185173,0.316942930221558,0.422724634408951,0.456103712320328,0.311298578977585,0.0845197737216949,0.00318037206307054,0.261794596910477,0.404833078384399,0.323976248502731,0.278818070888519,0.282287299633026,0.34309184551239,0.273915469646454,0.294980585575104,0.363350629806519,0.289598166942596,0.407173484563828,0.333018064498901,0.150557696819305,0.333536684513092,0.34017226099968,0.428394049406052,0.478443533182144,0.394662886857986,0.325081318616867,0.370781719684601,0.404971539974213,0.454653650522232,0.40302973985672,0.414995521306992,0.451589554548264,0.371586918830872,0.351117670536041,0.348105549812317,0.434955596923828,0.348814874887466,0.306700974702835,0.0869161561131477,0.0107256500050426,0.228975653648376,0.348631232976913,0.31776162981987,0.273069262504578,0.0128022432327271,0.242797642946243,0.372130513191223,0.455757737159729,0.52813720703125,0.568018972873688,0.552588045597076,0.523051202297211,0.255050420761108,0,0.248662725090981,0.342947512865067,0.357435017824173,0.475232034921646,0.353804588317871,0.271731436252594,0.0768487602472305,0.286611050367355,0.0909039825201035,0,0,0,0.249365195631981,0.0901604890823364,0.0121582914143801,0.219680190086365,0.362077325582504,0.398724973201752,0.418695211410522,0.435652077198029,0.398736715316772,0.422735989093781,0.441837400197983,0.3910893201828,0.324750572443008,0.232694491744041,0.21860633790493,0.357535272836685,0.359852433204651,0.0723415166139603,0.00366653152741492,0.0651259198784828,0,0,0,0,0.00332715408876538,0.0947430804371834,0.162394016981125,0.205019220709801,0.101750157773495,0,0,0,0,0.00874962937086821,0.224441081285477,0,0,0,0,0,0,0,0,0,0,0,0,0,0,0,0,0,0,0,0,0,0,0,0,0,0,0,0,0,0,0,0,0,0,0,0,0,0,0,0,0,0,0,0,0,0,0,0,0,0,0,0,0,0,129
Wetteraukreis,0,0,0,0,0,0,0,0,0,0,0,0,0,0,0,0,0,0,0,0,0,0,0,0,0,0,0,0,0,0,0,0,0,0,0,0,0,0,0,0,0,0,0,0,0,0,0,0,0,0,0,0,0,0,0,0,0,0,0,0,0,0,0,0,0,0,0,0,0,0,0,0,0,0,0,0,0,0,0,0,0,0,0,0,0,0,0,0,0,0,0,0,0,0,0,0,0,0,0,0,0,0,0,0,0,0,0,0,0,0,0,0,0,0,0,0,0,0,0,0,0,0,0,0,9.58002692641458e-06,0,0,0,0,0,0,0,0,0,0,0,0,0,0,0,0,0,0,0,0,0,0,0,0,0,0,0,0,0,0,0,0,0,0,0,0,0,0,0.015558497980237,0.00963078904896975,0,0,0,0,0,0,0,0,0,0,0,0,0,0,0,0,0,0,0,0,0.051994550973177,0.0926070436835289,0.125661909580231,0.134978979825974,0.152883931994438,0.141101062297821,0.116020850837231,0.132349848747253,0.185472309589386,0.224897101521492,0.248343229293823,0.279959172010422,0.250727504491806,0.161045581102371,0.274550408124924,0.359916716814041,0.425575643777847,0.493281722068787,0.517460286617279,0.539561808109283,0.507632911205292,0.400083810091019,0.197240427136421,0.369483232498169,0.28993421792984,0.369292378425598,0.44328710436821,0.567859411239624,0.623377799987793,0.45881649851799,0.301870584487915,0.000159277973580174,0.358590334653854,0.52229243516922,0.461354523897171,0.425119072198868,0.439812541007996,0.518363535404205,0.443409025669098,0.352835148572922,0.511547267436981,0.413426637649536,0.5480135679245,0.483869045972824,0.317005097866058,0.461701095104218,0.535221338272095,0.644547522068024,0.648930847644806,0.539745390415192,0.428983360528946,0.496331989765167,0.552667498588562,0.622129142284393,0.617271661758423,0.627006232738495,0.646759152412415,0.57441371679306,0.521766006946564,0.511125326156616,0.6167271733284,0.526044189929962,0.504189789295197,0.335665941238403,0.161960750818253,0.429460227489471,0.51000702381134,0.504298329353333,0.490076094865799,0.329723298549652,0.387363851070404,0.544139921665192,0.623063504695892,0.727136492729187,0.775690257549286,0.760352730751038,0.708358347415924,0.406419277191162,0,0.384853512048721,0.542080581188202,0.557486712932587,0.667794108390808,0.470213502645493,0.374082535505295,0.110939778387547,0.393044263124466,0.310619920492172,0,0,0.0554539524018764,0.384598046541214,0.289884507656097,0.0673660635948181,0.346955180168152,0.518037855625153,0.566981375217438,0.552552044391632,0.589815616607666,0.57184886932373,0.595324158668518,0.660411238670349,0.616083681583405,0.513299465179443,0.390482068061829,0.324967324733734,0.538136303424835,0.545509159564972,0.29799473285675,0.000208026031032205,0.0494090393185616,0,0,0,0,0,0.26587250828743,0.206935569643974,0.39696204662323,0.349357008934021,0,0,0,0,0.1481062322855,0.362495064735413,0,0,0,0,0,0,0,0,0,0,0,0,0,0,0,0,0,0,0,0,0,0,0,0,0,0,0,0,0,0,0,0,0,0,0,0,0,0,0,0,0,0,0,0,0,0,0,0,0,0,0,0,0,0,130
Gießen,0,0,0,0,0,0,0,0,0,0,0,0,0,0,0,0,0,0,0,0,0,0,0,0,0,0,0,0,0,0,0,0,0,0,0,0,0,0,0,0,0,0,0,0,0,0,0,0,0,0,0,0,0,0,0,0,0,0,0,0,0,0,0,0,0,0,0,0,0,0,0,0,0,0,0,0,0,0,0,0,0,0,0,0,0,0,0,0,0,0,0,0,0,0,0,0,0,0,0,0,0,0,0,0,0,0,0,0,0,0,0,0,0,0,0,0,0,0,0,0,0,0,0,0,0,0,0,0,0,0,0,0,0,0,0,0,0,0,0,0,0,0,0,0,0,0,0,0,0,0,0,0,0,0,0,0,0,0,0,0,0,0,0,0.00909163430333138,0.00538819190114737,0,0,0,0,0,0,0,0,0,0,0,0,0,0,0,0,0,0,0,0,0.0337395630776882,0.0594522766768932,0.0832364708185196,0.0922024995088577,0.105491004884243,0.105011649429798,0.0808177664875984,0.0935431346297264,0.135917514562607,0.167019531130791,0.182288214564323,0.209603309631348,0.179785281419754,0.0982229262590408,0.204783782362938,0.26415741443634,0.319140672683716,0.37854877114296,0.398904174566269,0.413870751857758,0.390800595283508,0.302548080682755,0.0533489063382149,0.264005333185196,0.218238294124603,0.277347326278687,0.328695833683014,0.434264212846756,0.476163178682327,0.362667769193649,0.235906288027763,0,0.246412128210068,0.390902757644653,0.33939790725708,0.306942015886307,0.32657265663147,0.386211097240448,0.325061053037643,0.272731959819794,0.380624920129776,0.303137540817261,0.419137299060822,0.389016568660736,0.240367114543915,0.364372730255127,0.398599952459335,0.498321056365967,0.497391879558563,0.380817234516144,0.297682195901871,0.349088430404663,0.411878198385239,0.467236429452896,0.454838961362839,0.462754905223846,0.472250580787659,0.403630435466766,0.390491485595703,0.371926039457321,0.451541364192963,0.3762386739254,0.354947835206985,0.242381811141968,0.0360615327954292,0.323754459619522,0.36893630027771,0.373739093542099,0.346972763538361,0.171547949314117,0.237522706389427,0.317246198654175,0.428326487541199,0.526982665061951,0.569105267524719,0.547297954559326,0.501878798007965,0.257411748170853,0,0.244759425520897,0.371106177568436,0.366023421287537,0.470597207546234,0.334352225065231,0.245903581380844,0,0.251956135034561,0.194999814033508,0,0,0,0.285580366849899,0.190662994980812,0,0.181917786598206,0.352747529745102,0.373622059822083,0.34854593873024,0.401924461126328,0.38713413476944,0.407519668340683,0.46155458688736,0.432798534631729,0.365547597408295,0.268846988677979,0.120525822043419,0.364667803049088,0.384999126195908,0.120011702179909,0,0,0,0,0,0,0,0.206572040915489,0.0450697094202042,0.27141273021698,0.229033142328262,0,0,0,0,0.0105148367583752,0.262248188257217,0,0,0,0,0,0,0,0,0,0,0,0,0,0,0,0,0,0,0,0,0,0,0,0,0,0,0,0,0,0,0,0,0,0,0,0,0,0,0,0,0,0,0,0,0,0,0,0,0,0,0,0,0,0,131
Lahn-Dill-Kreis,0,0,0,0,0,0,0,0,0,0,0,0,0,0,0,0,0,0,0,0,0,0,0,0,0,0,0,0,0,0,0,0,0,0,0,0,0,0,0,0,0,0,0,0,0,0,0,0,0,0,0,0,0,0,0,0,0,0,0,0,0,0,0,0,0,0,0,0,0,0,0,0,0,0,0,0,0,0,0,0,0,0,0,0,0,0,0,0,0,0,0,0,0,0,0,0,0,0,0,0,0,0,0,0,0,0,0,0,0,0,0,0,0,0,0,0,0,0,0,0,0,0,0,0,4.88494890760194e-07,0,0,0,0,0,0,0,0,0,0,0,0,0,0,0,0,0,0,0,0,0,0,0,0,0,0,0,0,0,0,0,0,0,0,0,0,0,0,0.00436240248382092,0.00201980350539088,0,0,0,0,0,0,0,0,0,0,0,0,0,0,0,0,0,0,0,0,0.00158862152602524,0.0263333637267351,0.042505357414484,0.0479999855160713,0.0566583722829819,0.0557272396981716,0.0286639854311943,0.0460329279303551,0.0782019719481468,0.102996118366718,0.113466069102287,0.131487458944321,0.104103080928326,0.0669857636094093,0.132547467947006,0.175147905945778,0.21500800549984,0.252308368682861,0.267007857561111,0.275341838598251,0.255745679140091,0.182431995868683,0.0022038770839572,0.16471166908741,0.13694204390049,0.159616529941559,0.208111107349396,0.292137295007706,0.309038728475571,0.240972474217415,0.0631642937660217,0,0.112942434847355,0.269103854894638,0.205208390951157,0.169750615954399,0.192603141069412,0.227625697851181,0.17869621515274,0.181543543934822,0.235925033688545,0.171979904174805,0.271261900663376,0.262246996164322,0.111356638371944,0.241292029619217,0.234089732170105,0.315706431865692,0.327929228544235,0.228193074464798,0.191690966486931,0.216683268547058,0.260825723409653,0.304920971393585,0.270528644323349,0.282430291175842,0.290429830551147,0.230045825242996,0.231165483593941,0.205396294593811,0.276432722806931,0.200414210557938,0.164725944399834,0.0698996931314468,0,0.1269451379776,0.199681460857391,0.202455401420593,0.17781825363636,0.0100617902353406,0.0314035378396511,0.127053216099739,0.262878596782684,0.332377403974533,0.353508353233337,0.337991625070572,0.308786273002625,0.0693665370345116,0,0.0684266313910484,0.19692724943161,0.176598861813545,0.278128951787949,0.204356268048286,0.111104525625706,0,0.0946233719587326,0.0130265206098557,0,0,0,0.124202840030193,0.0125188659876585,0,0.0116049647331238,0.193405047059059,0.217451050877571,0.223210990428925,0.23761659860611,0.213969215750694,0.232961550354958,0.270734548568726,0.243324235081673,0.197379261255264,0.0986678972840309,0.00425931811332703,0.203600719571114,0.213977128267288,0.00335222017019987,0,0,0,0,0,0,0,0.0775059312582016,0,0.13375635445118,0.0484536439180374,0,0,0,0,0,0.132845848798752,0,0,0,0,0,0,0,0,0,0,0,0,0,0,0,0,0,0,0,0,0,0,0,0,0,0,0,0,0,0,0,0,0,0,0,0,0,0,0,0,0,0,0,0,0,0,0,0,0,0,0,0,0,0,132
Limburg-Weilburg,0,0,0,0,0,0,0,0,0,0,0,0,0,0,0,0,0,0,0,0,0,0,0,0,0,0,0,0,0,0,0,0,0,0,0,0,0,0,0,0,0,0,0,0,0,0,0,0,0,0,0,0,0,0,0,0,0,0,0,0,0,0,0,0,0,0,0,0,0,0,0,0,0,0,0,0,0,0,0,0,0,0,0,0,0,0,0,0,0,0,0,0,0,0,0,0,0,0,0,0,0,0,0,0,0,0,0,0,0,0,0,0,0,0,0,0,0,0,0,0,0,0,0,0,3.28388409798208e-06,0,0,0,0,0,0,0,0,0,0,0,0,0,0,0,0,0,0,0,0,0,0,0,0,0,0,0,0,0,0,0,0,0,0,0,0,0,0,0.00568306259810925,0.00231708562932909,0,0,0,0,0,0,0,0,0,0,0,0,0,0,0,0,0,0,0,0,0.000538852589670569,0.0336578860878944,0.0540908351540565,0.0599282905459404,0.0704125016927719,0.0636740475893021,0.0301635675132275,0.0572196617722511,0.0931709930300713,0.121459186077118,0.132850453257561,0.152848690748215,0.125943973660469,0.0877710729837418,0.161588415503502,0.207596600055695,0.253638952970505,0.29193389415741,0.308213710784912,0.315914392471313,0.297175019979477,0.219513103365898,0,0.212151199579239,0.168319970369339,0.1850825548172,0.248586639761925,0.340227276086807,0.36211284995079,0.271328926086426,0.109315522015095,0,0.186707943677902,0.319022178649902,0.251607030630112,0.211348921060562,0.23195905983448,0.274636119604111,0.208407610654831,0.239561766386032,0.288106709718704,0.228820517659187,0.327424824237823,0.303013026714325,0.156702592968941,0.288052439689636,0.283729285001755,0.370731025934219,0.382610678672791,0.292196065187454,0.247411519289017,0.273539781570435,0.303878307342529,0.352648764848709,0.316695839166641,0.335247665643692,0.353378593921661,0.28702899813652,0.281612932682037,0.270666837692261,0.343137890100479,0.267681181430817,0.217647582292557,0.112517572939396,0,0.192099705338478,0.262266576290131,0.253253787755966,0.225356847047806,0,0.136053070425987,0.248223006725311,0.328848868608475,0.401386857032776,0.430720180273056,0.415845155715942,0.382250189781189,0.171811863780022,0,0.173432648181915,0.265839129686356,0.235661402344704,0.347177058458328,0.274726212024689,0.195297852158546,0,0.171622186899185,0.0444860234856606,0,0,0,0.19879974424839,0,0,0.0216150134801865,0.240324661135674,0.272978544235229,0.289345800876617,0.290963172912598,0.273837059736252,0.291069209575653,0.331553399562836,0.301961541175842,0.250044375658035,0.148222789168358,0.0212289374321699,0.252305954694748,0.273022502660751,0,0,0,0,0,0,0,0,0.121602199971676,0.0171701200306416,0.16212072968483,0.0050234692171216,0,0,0,0,0,0.181630849838257,0,0,0,0,0,0,0,0,0,0,0,0,0,0,0,0,0,0,0,0,0,0,0,0,0,0,0,0,0,0,0,0,0,0,0,0,0,0,0,0,0,0,0,0,0,0,0,0,0,0,0,0,0,0,133
Marburg-Biedenkopf,0,0,0,0,0,0,0,0,0,0,0,0,0,0,0,0,0,0,0,0,0,0,0,0,0,0,0,0,0,0,0,0,0,0,0,0,0,0,0,0,0,0,0,0,0,0,0,0,0,0,0,0,0,0,0,0,0,0,0,0,0,0,0,0,0,0,0,0,0,0,0,0,0,0,0,0,0,0,0,0,0,0,0,0,0,0,0,0,0,0,0,0,0,0,0,0,0,0,0,0,0,0,0,0,0,0,0,0,0,0,0,0,0,0,0,0,0,0,0,0,0,0,0,0,0,0,0,0,0,0,0,0,0,0,0,0,0,0,0,0,0,0,0,0,0,0,0,0,0,0,0,0,0,0,0,0,0,0,0,0,0,0,0,0.00465437117964029,0.00288752815686166,0,0,0,0,0,0,0,0,0,0,0,0,0,0,0,0,0,0,0,0,0.000810580095276237,0.0303778480738401,0.053642962127924,0.0620366930961609,0.0706105008721352,0.0760086998343468,0.0503205582499504,0.0629200860857964,0.0967593416571617,0.124152585864067,0.131837770342827,0.156193345785141,0.128118023276329,0.0448528043925762,0.153015524148941,0.193729609251022,0.243335217237473,0.294604122638702,0.311815470457077,0.326662302017212,0.306052565574646,0.226176574826241,0,0.183131664991379,0.166937500238419,0.206645935773849,0.246054247021675,0.336138248443604,0.36706081032753,0.297077655792236,0.160602942109108,0,0.118608519434929,0.29440900683403,0.253024220466614,0.218090176582336,0.247482255101204,0.283981740474701,0.23775677382946,0.194969177246094,0.288832545280457,0.212376371026039,0.324018180370331,0.316417038440704,0.165676936507225,0.293715476989746,0.296295315027237,0.378560662269592,0.385008335113525,0.256462514400482,0.173713356256485,0.23292700946331,0.322821378707886,0.357329607009888,0.342223405838013,0.358187198638916,0.35792201757431,0.294457346200943,0.298005849123001,0.26704928278923,0.335296660661697,0.25546869635582,0.231304377317429,0.139396205544472,0,0.232673063874245,0.257227927446365,0.267598450183868,0.24042409658432,0.0328214354813099,0.10288679599762,0.125594556331635,0.306185215711594,0.388076215982437,0.424299418926239,0.394837528467178,0.360797941684723,0.0573988929390907,0,0.0963940322399139,0.244389295578003,0.245634987950325,0.328559339046478,0.235668137669563,0.0497625097632408,0,0.0333410799503326,0.0356083810329437,0,0,0,0.163706317543983,0.031767200678587,0,0.00499425921589136,0.215484887361526,0.200826361775398,0.188292562961578,0.25372451543808,0.244020402431488,0.262079834938049,0.317854404449463,0.309138357639313,0.252321720123291,0.180265933275223,0.00166821456514299,0.24046802520752,0.267793565988541,0.00178014428820461,0,0,0,0,0,0,0,0.114226251840591,0,0.179357022047043,0.131113618612289,0,0,0,0,0,0.180500075221062,0,0,0,0,0,0,0,0,0,0,0,0,0,0,0,0,0,0,0,0,0,0,0,0,0,0,0,0,0,0,0,0,0,0,0,0,0,0,0,0,0,0,0,0,0,0,0,0,0,0,0,0,0,0,134
Vogelsbergkreis,0,0,0,0,0,0,0,0,0,0,0,0,0,0,0,0,0,0,0,0,0,0,0,0,0,0,0,0,0,0,0,0,0,0,0,0,0,0,0,0,0,0,0,0,0,0,0,0,0,0,0,0,0,0,0,0,0,0,0,0,0,0,0,0,0,0,0,0,0,0,0,0,0,0,0,0,0,0,0,0,0,0,0,0,0,0,0,0,0,0,0,0,0,0,0,0,0,0,0,0,0,0,0,0,0,0,0,0,0,0,0,0,0,0,0,0,0,0,0,0,0,0,0,0,0,0,0,0,0,0,0,0,0,0,0,0,0,0,0,0,0,0,0,0,0,0,0,0,0,0,0,0,0,0,0,0,0,0,0,0,0,0,0,0.00474206916987896,0.0029878516215831,0,0,0,0,0,0,0,0,0,0,0,0,0,0,0,0,0,0,0,0,0.0016963022062555,0.0281859319657087,0.0442575216293335,0.0542261116206646,0.0590975731611252,0.0572682917118073,0.0387104153633118,0.0500836335122585,0.0756345391273499,0.0925916433334351,0.105092823505402,0.129205405712128,0.10779095441103,0.000883915810845792,0.122538343071938,0.169124513864517,0.207580044865608,0.249774023890495,0.264763385057449,0.273860573768616,0.259346008300781,0.192562371492386,0.0159952193498611,0.160428658127785,0.125555962324142,0.163308903574944,0.207964405417442,0.284444093704224,0.328981846570969,0.237781539559364,0.111420676112175,0,0.0290619768202305,0.235870823264122,0.207471087574959,0.187840268015862,0.222152382135391,0.249926328659058,0.218035593628883,0.0662705674767494,0.231580451130867,0.161361113190651,0.263787150382996,0.249273359775543,0.0673307999968529,0.204062670469284,0.24116849899292,0.302594631910324,0.305785477161407,0.226295620203018,0.106954336166382,0.179513961076736,0.245325565338135,0.28885892033577,0.310432702302933,0.302438467741013,0.30042952299118,0.254559457302094,0.226514741778374,0.210784584283829,0.274362802505493,0.206870645284653,0.182796120643616,0.0337231010198593,0,0.160132467746735,0.204711526632309,0.189467370510101,0.193650186061859,0.00222632917575538,0.0651036873459816,0.157873958349228,0.243688970804214,0.324382841587067,0.362871617078781,0.33656170964241,0.301978826522827,0.0456443019211292,0,0.0187330786138773,0.186587780714035,0.201825737953186,0.280795723199844,0.175201013684273,0.0184232052415609,0,0.0105633493512869,0.00158343953080475,0,0,0,0.0363107174634933,0.00161762721836567,0,0.00192393315955997,0.180864453315735,0.178191527724266,0.117025189101696,0.207730486989021,0.205429717898369,0.225546017289162,0.271562397480011,0.253631502389908,0.203770950436592,0.127852812409401,0.00906049646437168,0.205787107348442,0.222510769963264,0.00168602098710835,0,0,0,0,0,0,0,0.0502339340746403,0.00109247525688261,0.16416323184967,0.123933829367161,0,0,0,0,0.000942746235523373,0.145228460431099,0,0,0,0,0,0,0,0,0,0,0,0,0,0,0,0,0,0,0,0,0,0,0,0,0,0,0,0,0,0,0,0,0,0,0,0,0,0,0,0,0,0,0,0,0,0,0,0,0,0,0,0,0,0,135
Kassel,0,0,0,0,0,0,0,0,0,0,0,0,0,0,0,0,0,0,0,0,0,0,0,0,0,0,0,0,0,0,0,0,0,0,0,0,0,0,0,0,0,0,0,0,0,0,0,0,0,0,0,0,0,0,0,0,0,0,0,0,0,0,0,0,0,0,0,0,0,0,0,0,0,0,0,0,0,0,0,0,0,0,0,0,0,0,0,0,0,0,0,0,0,0,0,0,0,0,0,0,0,0,0,0,0,0,0,0,0,0,0,0,0,0,0,0,0,0,0,0,0,0,0,0,0,0,0,0,0,0,0,0,0,0,0,0,0,0,0,0,0,0,0,0,0,0,0,0,0,0,0,0,0,0,0,0,0,0,0,0,0,0,0,0.00474041514098644,0.00388910504989326,0,0,0,0,0,0,0,0,0,0,0,0,0,0,0,0,0,0,0,0,0,0.0287726856768131,0.0573540814220905,0.061439473181963,0.069637231528759,0.0727592036128044,0.0488298125565052,0.0645696595311165,0.0846459046006203,0.115939535200596,0.118026539683342,0.140214830636978,0.118368186056614,0,0.144860133528709,0.174109473824501,0.229454860091209,0.287075340747833,0.293282061815262,0.307452827692032,0.291032195091248,0.212957978248596,0,0.161742717027664,0.170384362339973,0.200914308428764,0.232184037566185,0.316807866096497,0.345868706703186,0.298798888921738,0.198909118771553,0,0,0.241528585553169,0.258538007736206,0.220733240246773,0.27972212433815,0.284687697887421,0.260026544332504,0.155737891793251,0.249103307723999,0.214894473552704,0.321256041526794,0.324473202228546,0.174575552344322,0.287714898586273,0.270008414983749,0.336884051561356,0.349159121513367,0.229005321860313,0,0.200767666101456,0.294473141431808,0.315508961677551,0.363471239805222,0.369512766599655,0.366137772798538,0.307793885469437,0.280414938926697,0.255758494138718,0.314256012439728,0.259076178073883,0.185944586992264,0.147716984152794,0,0.184014454483986,0.225066810846329,0.22659158706665,0.252676874399185,0.169810920953751,0.152833789587021,0.165721863508224,0.262955218553543,0.369849234819412,0.41556116938591,0.366466253995895,0.336677581071854,0,0,0.148078978061676,0.231173276901245,0.241070136427879,0.294541656970978,0.244214057922363,0.158850386738777,0,0,0,0,0,0,0.146842285990715,0.149509638547897,0,0,0.198375135660172,0,0,0.184680297970772,0.241988509893417,0.268117934465408,0.320965826511383,0.318002820014954,0.255642116069794,0.184028208255768,0,0.227853819727898,0.27122950553894,0,0,0,0,0,0,0,0,0.105088949203491,0,0.193887948989868,0.174796655774117,0,0,0,0,0,0.216959208250046,0,0,0,0,0,0,0,0,0,0,0,0,0,0,0,0,0,0,0,0,0,0,0,0,0,0,0,0,0,0,0,0,0,0,0,0,0,0,0,0,0,0,0,0,0,0,0,0,0,0,0,0,0,0,136
Fulda,0,0,0,0,0,0,0,0,0,0,0,0,0,0,0,0,0,0,0,0,0,0,0,0,0,0,0,0,0,0,0,0,0,0,0,0,0,0,0,0,0,0,0,0,0,0,0,0,0,0,0,0,0,0,0,0,0,0,0,0,0,0,0,0,0,0,0,0,0,0,0,0,0,0,0,0,0,0,0,0,0,0,0,0,0,0,0,0,0,0,0,0,0,0,0,0,0,0,0,0,0,0,0,0,0,0,0,0,0,0,0,0,0,0,0,0,0,0,0,0,0,0,0,0,0,0,0,0,0,0,0,0,0,0,0,0,0,0,0,0,0,0,0,0,0,0,0,0,0,0,0,0,0,0,0,0,0,0,0,0,0,0,0,0.0034406092017889,0.0028067696839571,0,0,0,0,0,0,0,0,0,0,0,0,0,0,0,0,0,0,0,0,0,0.0190518274903297,0.0356551744043827,0.0491881780326366,0.0510555729269981,0.0491123385727406,0.0318957306444645,0.0432493612170219,0.066927507519722,0.0727245807647705,0.092163123190403,0.115864172577858,0.101098775863647,0,0.107753723859787,0.162510201334953,0.196935340762138,0.228143751621246,0.247232541441917,0.258597314357758,0.245060846209526,0.193208172917366,0.0773028656840324,0.160620048642159,0.108832359313965,0.150582298636436,0.186251580715179,0.266975373029709,0.326983392238617,0.228093430399895,0.101251684129238,0,0,0.216774806380272,0.197374910116196,0.188786953687668,0.220829337835312,0.239050626754761,0.217258796095848,0.00969322118908167,0.206182464957237,0.147545292973518,0.248465284705162,0.25462594628334,0.0825789868831635,0.164877995848656,0.236699610948563,0.288488328456879,0.286222010850906,0.233039990067482,0.144995048642159,0.16259104013443,0.231552928686142,0.279614865779877,0.318160802125931,0.291652083396912,0.298451900482178,0.263710856437683,0.214647501707077,0.203856810927391,0.266922622919083,0.200655087828636,0.153157815337181,0,0,0.1183997169137,0.192780047655106,0.174998462200165,0.176284238696098,0.0217926874756813,0.049432247877121,0.165511339902878,0.243329480290413,0.300077944993973,0.354379802942276,0.336665362119675,0.300962686538696,0.0802441164851189,0,0,0.175733670592308,0.201373338699341,0.260116219520569,0.158853992819786,0,0,0,0,0,0,0,0,0,0,0,0.149264141917229,0.174402847886086,0.120633408427238,0.192161545157433,0.195761486887932,0.190304130315781,0.248951196670532,0.252966582775116,0.206669837236404,0.11289182305336,0,0.197272554039955,0.203946426510811,0,0,0,0,0,0,0,0,0.0368963591754436,0,0.161528646945953,0.134854421019554,0,0,0,0,0,0.114907309412956,0,0,0,0,0,0,0,0,0,0,0,0,0,0,0,0,0,0,0,0,0,0,0,0,0,0,0,0,0,0,0,0,0,0,0,0,0,0,0,0,0,0,0,0,0,0,0,0,0,0,0,0,0,0,137
Hersfeld-Rotenburg,0,0,0,0,0,0,0,0,0,0,0,0,0,0,0,0,0,0,0,0,0,0,0,0,0,0,0,0,0,0,0,0,0,0,0,0,0,0,0,0,0,0,0,0,0,0,0,0,0,0,0,0,0,0,0,0,0,0,0,0,0,0,0,0,0,0,0,0,0,0,0,0,0,0,0,0,0,0,0,0,0,0,0,0,0,0,0,0,0,0,0,0,0,0,0,0,0,0,0,0,0,0,0,0,0,0,0,0,0,0,0,0,0,0,0,0,0,0,0,0,0,0,0,0,0,0,0,0,0,0,0,0,0,0,0,0,0,0,0,0,0,0,0,0,0,0,0,0,0,0,0,0,0,0,0,0,0,0,0,0,0,0,0,0.0040526632219553,0.00325736519880593,0,0,0,0,0,0,0,0,0,0,0,0,0,0,0,0,0,0,0,0,0,0.0172994323074818,0.0519356280565262,0.0691917836666107,0.0705219581723213,0.0688892304897308,0.0484982468187809,0.0589659288525581,0.0888270810246468,0.102212347090244,0.11763234436512,0.144192382693291,0.124483004212379,0,0.140832990407944,0.190483659505844,0.24033984541893,0.285947859287262,0.307901799678802,0.322062879800797,0.30551615357399,0.24229608476162,0.0780436992645264,0.199377000331879,0.167181268334389,0.202519491314888,0.231747627258301,0.322615027427673,0.394932597875595,0.296493709087372,0.177060052752495,0,0,0.258370220661163,0.25228625535965,0.254307329654694,0.299359768629074,0.310926586389542,0.283022910356522,0.091178223490715,0.260586589574814,0.192378282546997,0.324969053268433,0.328462392091751,0.171511888504028,0.250324219465256,0.290221244096756,0.3653903901577,0.352833718061447,0.282963961362839,0.158736005425453,0.189767047762871,0.286568433046341,0.335709005594254,0.400506049394608,0.378471940755844,0.375421762466431,0.325426667928696,0.29711925983429,0.272387742996216,0.333466678857803,0.272517383098602,0.186751544475555,0.0537895895540714,0,0.195500254631042,0.259311228990555,0.251853048801422,0.250597834587097,0.00965601112693548,0.0723792687058449,0.0612530671060085,0.296593368053436,0.373782515525818,0.437859296798706,0.404715955257416,0.363088339567184,0.0419050082564354,0,0,0.256611883640289,0.270264685153961,0.315539389848709,0.222426608204842,0,0,0,0,0,0,0,0,0,0,0,0.183004662394524,0.103413201868534,0,0.201815143227577,0.226416766643524,0.241404190659523,0.313249886035919,0.333389431238174,0.276559263467789,0.16893944144249,0,0.239971071481705,0.267455607652664,0.00591351697221398,0,0,0,0,0,0,0,0.120646640658379,0.00539524992927909,0.201289400458336,0.192735999822617,0,0,0,0,0,0.202054217457771,0,0,0,0,0,0,0,0,0,0,0,0,0,0,0,0,0,0,0,0,0,0,0,0,0,0,0,0,0,0,0,0,0,0,0,0,0,0,0,0,0,0,0,0,0,0,0,0,0,0,0,0,0,0,138
Kassel,0,0,0,0,0,0,0,0,0,0,0,0,0,0,0,0,0,0,0,0,0,0,0,0,0,0,0,0,0,0,0,0,0,0,0,0,0,0,0,0,0,0,0,0,0,0,0,0,0,0,0,0,0,0,0,0,0,0,0,0,0,0,0,0,0,0,0,0,0,0,0,0,0,0,0,0,0,0,0,0,0,0,0,0,0,0,0,0,0,0,0,0,0,0,0,0,0,0,0,0,0,0,0,0,0,0,0,0,0,0,0,0,0,0,0,0,0,0,0,0,0,0,0,0,0,0,0,0,0,0,0,0,0,0,0,0,0,0,0,0,0,0,0,0,0,0,0,0,0,0,0,0,0,0,0,0,0,0,0,0,0,0,0,0.00474456744268537,0.00394565844908357,0,0,0,0,0,0,0,0,0,0,0,0,0,0,0,0,0,0,0,0,0,0.0281063467264175,0.0586129240691662,0.0606569536030293,0.0703403428196907,0.0726738199591637,0.0479307174682617,0.0636305883526802,0.0837818086147308,0.114369198679924,0.116862304508686,0.137694612145424,0.114483676850796,0,0.142602816224098,0.166796803474426,0.223137006163597,0.281414747238159,0.28450608253479,0.298150807619095,0.281088620424271,0.204411849379539,0,0.147813484072685,0.163631573319435,0.19439397752285,0.222383379936218,0.303408294916153,0.330814570188522,0.289593040943146,0.195472702383995,0,0,0.233175039291382,0.250802487134933,0.213861376047134,0.271072417497635,0.274457991123199,0.249759033322334,0.155784457921982,0.240819066762924,0.214265078306198,0.313380122184753,0.312063932418823,0.179199233651161,0.281785815954208,0.259902536869049,0.323712676763535,0.335472106933594,0.213298156857491,0.0616043955087662,0.198007613420486,0.284090995788574,0.298779994249344,0.344144821166992,0.355773448944092,0.352900624275208,0.296535700559616,0.270136445760727,0.248064592480659,0.304548919200897,0.248149544000626,0.187321022152901,0.145092263817787,0.00208927155472338,0.181419223546982,0.213841840624809,0.209970578551292,0.249338164925575,0.168820053339005,0.150326788425446,0.167493119835854,0.249828889966011,0.352159321308136,0.3944391310215,0.345047116279602,0.320740580558777,0.0251677464693785,0,0.1401197463274,0.216707453131676,0.22889968752861,0.27594393491745,0.234924629330635,0.149784624576569,0,0,0,0,0,0,0.141260653734207,0.144629418849945,0,0,0.174349263310432,0,0,0.164218828082085,0.219993934035301,0.244884684681892,0.298225700855255,0.296463131904602,0.240814790129662,0.175327360630035,0,0.205418422818184,0.255735695362091,0.0229549687355757,0,0,0,0,0,0,0,0.0607803389430046,0.0158548969775438,0.177721604704857,0.164896368980408,0,0,0,0,0,0.202773854136467,0,0,0,0,0,0,0,0,0,0,0,0,0,0,0,0,0,0,0,0,0,0,0,0,0,0,0,0,0,0,0,0,0,0,0,0,0,0,0,0,0,0,0,0,0,0,0,0,0,0,0,0,0,0,139
Schwalm-Eder-Kreis,0,0,0,0,0,0,0,0,0,0,0,0,0,0,0,0,0,0,0,0,0,0,0,0,0,0,0,0,0,0,0,0,0,0,0,0,0,0,0,0,0,0,0,0,0,0,0,0,0,0,0,0,0,0,0,0,0,0,0,0,0,0,0,0,0,0,0,0,0,0,0,0,0,0,0,0,0,0,0,0,0,0,0,0,0,0,0,0,0,0,0,0,0,0,0,0,0,0,0,0,0,0,0,0,0,0,0,0,0,0,0,0,0,0,0,0,0,0,0,0,0,0,0,0,0,0,0,0,0,0,0,0,0,0,0,0,0,0,0,0,0,0,0,0,0,0,0,0,0,0,0,0,0,0,0,0,0,0,0,0,0,0,0,0.00425793742761016,0.00312397954985499,0,0,0,0,0,0,0,0,0,0,0,0,0,0,0,0,0,0,0,0,0,0.026875302195549,0.0483464896678925,0.0584297589957714,0.0631458088755608,0.0650102719664574,0.046105645596981,0.0576006136834621,0.0805468484759331,0.103380732238293,0.108796291053295,0.131527483463287,0.112035736441612,0,0.129465505480766,0.163669690489769,0.211372405290604,0.259966284036636,0.272278130054474,0.284578114748001,0.270447015762329,0.201820686459541,0.000247149087954313,0.158638119697571,0.149576455354691,0.181843742728233,0.213634356856346,0.29064604640007,0.330263257026672,0.265401482582092,0.164962887763977,0,0,0.22820109128952,0.22437396645546,0.201697543263435,0.244339346885681,0.260251402854919,0.233494833111763,0.132150709629059,0.237001851201057,0.185221776366234,0.278868943452835,0.282402724027634,0.146569594740868,0.245973765850067,0.25062221288681,0.311565846204758,0.316423833370209,0.218868210911751,0.0503009893000126,0.167185619473457,0.256551682949066,0.288186848163605,0.325529903173447,0.32959058880806,0.318401396274567,0.269493132829666,0.251861989498138,0.225284487009048,0.280310779809952,0.225002303719521,0.180468633770943,0.0747945681214333,0,0.178668811917305,0.21219664812088,0.214872315526009,0.216860264539719,0.0486099570989609,0.111574031412601,0.0824546441435814,0.242352321743965,0.326026529073715,0.370167225599289,0.333965927362442,0.300101041793823,0.0244357939809561,0,0.0458523668348789,0.212092265486717,0.21470519900322,0.27597713470459,0.210393026471138,0.0468250066041946,0,0,0,0,0,0,0.0756118819117546,0.044133760035038,0,0,0.169496595859528,0.0518543124198914,0,0.176751971244812,0.202182665467262,0.227703422307968,0.276885390281677,0.277639538049698,0.221871748566628,0.154082283377647,0,0.200556978583336,0.232964515686035,0.017579784616828,0,0,0,0,0,0,0,0.0964986085891724,0,0.166667118668556,0.144220843911171,0,0,0,0,0,0.1722322255373,0,0,0,0,0,0,0,0,0,0,0,0,0,0,0,0,0,0,0,0,0,0,0,0,0,0,0,0,0,0,0,0,0,0,0,0,0,0,0,0,0,0,0,0,0,0,0,0,0,0,0,0,0,0,140
Waldeck-Frankenberg,0,0,0,0,0,0,0,0,0,0,0,0,0,0,0,0,0,0,0,0,0,0,0,0,0,0,0,0,0,0,0,0,0,0,0,0,0,0,0,0,0,0,0,0,0,0,0,0,0,0,0,0,0,0,0,0,0,0,0,0,0,0,0,0,0,0,0,0,0,0,0,0,0,0,0,0,0,0,0,0,0,0,0,0,0,0,0,0,0,0,0,0,0,0,0,0,0,0,0,0,0,0,0,0,0,0,0,0,0,0,0,0,0,0,0,0,0,0,0,0,0,0,0,0,1.13540079382801e-06,0,0,0,0,0,0,0,0,0,0,0,0,0,0,0,0,0,0,0,0,0,0,0,0,0,0,0,0,0,0,0,0,0,0,0,0,0,0,0.00294544245116413,0.0022239952813834,0,0,0,0,0,0,0,0,0,0,0,0,0,0,0,0,0,0,0,0,0,0.0147086344659328,0.0378899611532688,0.0398626513779163,0.0474635846912861,0.0521452054381371,0.0234745852649212,0.0393530614674091,0.0621046237647533,0.088493674993515,0.0931086018681526,0.111578814685345,0.0877086371183395,0,0.113026492297649,0.134735137224197,0.17968125641346,0.226383820176125,0.230568006634712,0.243950679898262,0.226696386933327,0.1569894105196,0,0.0974630117416382,0.112149372696877,0.148251682519913,0.182898208498955,0.249697014689445,0.271450579166412,0.230135679244995,0.128329336643219,0,0,0.202680423855782,0.192230194807053,0.155633196234703,0.194441467523575,0.208912163972855,0.181500107049942,0.122475571930408,0.208595842123032,0.150239616632462,0.246691092848778,0.244781151413918,0.1220982670784,0.222043380141258,0.20039738714695,0.257898598909378,0.281107932329178,0.143239125609398,0.016980979591608,0.140577152371407,0.234515845775604,0.248846352100372,0.256635874509811,0.277489244937897,0.27610245347023,0.22382165491581,0.214393809437752,0.176959007978439,0.242415204644203,0.162233650684357,0.137871533632278,0.0549753457307816,0,0.139978781342506,0.166910529136658,0.173055484890938,0.176650017499924,0.035434540361166,0.013000181876123,0.0607036165893078,0.209908232092857,0.285257905721664,0.310398578643799,0.276754915714264,0.260469049215317,0.000957700714934617,0,0.0197328217327595,0.148800775408745,0.16194911301136,0.222072273492813,0.185726642608643,0.0200995821505785,0,0,0,0,0,0,0.0540656521916389,0.0195773858577013,0,0,0.135086268186569,0.0203520432114601,0.0277256928384304,0.152992069721222,0.161204174160957,0.180673375725746,0.229557678103447,0.22454434633255,0.175403773784637,0.118251390755177,0,0.158012136816978,0.191459909081459,0.000796838838141412,0,0,0,0,0,0,0,0.0213218759745359,0,0.128644689917564,0.095711275935173,0,0,0,0,0,0.127111345529556,0,0,0,0,0,0,0,0,0,0,0,0,0,0,0,0,0,0,0,0,0,0,0,0,0,0,0,0,0,0,0,0,0,0,0,0,0,0,0,0,0,0,0,0,0,0,0,0,0,0,0,0,0,0,141
Werra-Meißner-Kreis,0,0,0,0,0,0,0,0,0,0,0,0,0,0,0,0,0,0,0,0,0,0,0,0,0,0,0,0,0,0,0,0,0,0,0,0,0,0,0,0,0,0,0,0,0,0,0,0,0,0,0,0,0,0,0,0,0,0,0,0,0,0,0,0,0,0,0,0,0,0,0,0,0,0,0,0,0,0,0,0,0,0,0,0,0,0,0,0,0,0,0,0,0,0,0,0,0,0,0,0,0,0,0,0,0,0,0,0,0,0,0,0,0,0,0,0,0,0,0,0,0,0,0,0,0,0,0,0,0,0,0,0,0,0,0,0,0,0,0,0,0,0,0,0,0,0,0,0,0,0,0,0,0,0,0,0,0,0,0,0,0,0,0,0.00436112703755498,0.00389188039116561,0,0,0,0,0,0,0,0,0,0,0,0,0,0,0,0,0,0,0,0,0,0.00524119148030877,0.0707141607999802,0.0897225588560104,0.0931833833456039,0.0895282700657845,0.0594412051141262,0.075999990105629,0.110367022454739,0.13656097650528,0.15041746199131,0.182900652289391,0.154326125979424,0,0.179382592439651,0.235646516084671,0.304338902235031,0.372116595506668,0.401272505521774,0.415252685546875,0.390815943479538,0.312763094902039,0.10202556848526,0.250794291496277,0.225261092185974,0.253441035747528,0.301278471946716,0.405442237854004,0.490983515977859,0.388449668884277,0.253552705049515,0,0,0.323527723550797,0.330101788043976,0.326045393943787,0.399807393550873,0.399683505296707,0.368153065443039,0.11468929797411,0.334789395332336,0.261864483356476,0.442388534545898,0.451925367116928,0.22290800511837,0.343551367521286,0.372992724180222,0.469014316797256,0.453248918056488,0.359960407018661,0.175098702311516,0.263505935668945,0.392348676919937,0.425536274909973,0.515092134475708,0.49960920214653,0.504648327827454,0.432954639196396,0.390402257442474,0.344896048307419,0.421404361724854,0.350010275840759,0.151716887950897,0.1914933770895,0,0.240194395184517,0.321187138557434,0.31101006269455,0.341148912906647,0.119772471487522,0.125737577676773,0.0784013569355011,0.366869658231735,0.485722303390503,0.570747137069702,0.515573561191559,0.472676277160645,0.0238579604774714,0,0.0404732935130596,0.320076465606689,0.347671657800674,0.386525839567184,0.292736232280731,0,0,0,0,0,0,0,0,0,0,0,0.229042872786522,0,0,0.237834841012955,0.291032820940018,0.30075141787529,0.401778042316437,0.441257297992706,0.356538534164429,0.219418972730637,0,0.300400257110596,0.35051366686821,0.0147928101941943,0,0,0,0,0,0,0,0.052029836922884,0.0166386757045984,0.260928690433502,0.264564901590347,0,0,0,0,0,0.269592255353928,0,0,0,0,0,0,0,0,0,0,0,0,0,0,0,0,0,0,0,0,0,0,0,0,0,0,0,0,0,0,0,0,0,0,0,0,0,0,0,0,0,0,0,0,0,0,0,0,0,0,0,0,0,0,142
Koblenz,0,0,0,0,0,0,0,0,0,0,0,0,0,0,0,0,0,0,0,0,0,0,0,0,0,0,0,0,0,0,0,0,0,0,0,0,0,0,0,0,0,0,0,0,0,0,0,0,0,0,0,0,0,0,0,0,0,0,0,0,0,0,0,0,0,0,0,0,0,0,0,0,0,0,0,0,0,0,0,0,0,0,0,0,0,0,0,0,0,0,0,0,0,0,0,0,0,0,0,0,0,0,0,0,0,0,0,0,0,0,0,0,0,0,0,0,0,0,0,0,0,0,0,0,3.80146339011844e-05,0,0,0,0,0,0,0,0,0,0,0,0,0,0,0,0,0,0,0,0,0,0,0,0,0,0,0,0,0,0,0,0,0,0,0,0,0,0,0.00925892498344183,0.00633558630943298,0,0,0,0,0,0,0,0,0,0,0,0,0,0,0,0,0,0,0,0,0.0401181504130363,0.0553866736590862,0.0804966911673546,0.081512413918972,0.0952213034033775,0.0696761384606361,0,0.0836461931467056,0.1204449608922,0.149277925491333,0.170825973153114,0.187107622623444,0.158595308661461,0.119239032268524,0.210318878293037,0.242900550365448,0.301321148872375,0.346430480480194,0.360596895217896,0.366330295801163,0.326303601264954,0.244727745652199,0,0.206669256091118,0.181821689009666,0.225573241710663,0.293787598609924,0.381882727146149,0.404163181781769,0.303201735019684,0.0775204002857208,0,0.245914578437805,0.359667479991913,0.277093887329102,0.262449771165848,0.288996905088425,0.328545361757278,0.241422832012177,0.270143866539001,0.33697247505188,0.283066719770432,0.361310869455338,0.323064595460892,0.212105765938759,0.341109991073608,0.292897135019302,0.383108168840408,0.424581110477448,0.31432631611824,0.289390087127686,0.344214677810669,0.378617793321609,0.414147555828094,0.349202781915665,0.392204225063324,0.418072491884232,0.324720293283463,0.329703539609909,0.314471185207367,0.389413297176361,0.320888936519623,0.24069356918335,0.151921465992928,0,0.240865677595139,0.313355028629303,0.315373927354813,0.27582249045372,0.102027826011181,0.266227930784225,0.306191354990005,0.385487496852875,0.470995187759399,0.484967976808548,0.465833902359009,0.456487417221069,0.143995091319084,0,0.220951706171036,0.306655555963516,0.296280056238174,0.408415704965591,0.339579224586487,0.278073132038116,0.0952948555350304,0.201628133654594,0,0,0,0,0.261241972446442,0.0954514369368553,0,0.162215635180473,0.305902749300003,0.343261629343033,0.360435098409653,0.36012852191925,0.338904231786728,0.373023241758347,0.391688644886017,0.38888081908226,0.316303342580795,0.189130842685699,0.128883883357048,0.308285057544708,0.33231195807457,0.0709704905748367,0,0,0,0,0,0,0,0.172426775097847,0.151618286967278,0.191210746765137,0.0656877011060715,0,0,0,0,0,0.226677983999252,0,0,0,0,0,0,0,0,0,0,0,0,0,0,0,0,0,0,0,0,0,0,0,0,0,0,0,0,0,0,0,0,0,0,0,0,0,0,0,0,0,0,0,0,0,0,0,0,0,0,0,0,0,0,143
Ahrweiler,0,0,0,0,0,0,0,0,0,0,0,0,0,0,0,0,0,0,0,0,0,0,0,0,0,0,0,0,0,0,0,0,0,0,0,0,0,0,0,0,0,0,0,0,0,0,0,0,0,0,0,0,0,0,0,0,0,0,0,0,0,0,0,0,0,0,0,0,0,0,0,0,0,0,0,0,0,0,0,0,0,0,0,0,0,0,0,0,0,0,0,0,0,0,0,0,0,0,0,0,0,0,0,0,0,0,0,0,0,0,0,0,0,0,0,0,0,0,0,0,0,0,0,0,0.000113534690171946,0,0,0,0,0,0,0,0,0,0,0,0,0,0,0,0,0,0,0,0,0,0,0,0,0,0,0,0,0,0,0,0,0,0,0,0,0,0,0.00938000250607729,0.00624516420066357,0,0,0,0,0,0,0,0,0,0,0,0,0,0,0,0,0,0,0,0,0.033615805208683,0.047804731875658,0.0714887529611588,0.0728931799530983,0.0790461003780365,0.045512966811657,0,0.067641519010067,0.101489774882793,0.133400455117226,0.15755370259285,0.177643015980721,0.141957938671112,0.0825679376721382,0.205445438623428,0.228919625282288,0.29143899679184,0.339603364467621,0.345683306455612,0.340030610561371,0.302958190441132,0.216229885816574,0,0.0929803401231766,0.104128256440163,0.226747363805771,0.285695374011993,0.347463518381119,0.401147842407227,0.277667701244354,0.061479564756155,0,0.196133345365524,0.343845248222351,0.249829471111298,0.23751026391983,0.284653544425964,0.311423122882843,0.193763375282288,0.223763406276703,0.30248636007309,0.246524125337601,0.325110048055649,0.284845769405365,0.144179984927177,0.312426388263702,0.244597345590591,0.352724403142929,0.410482794046402,0.284622997045517,0.265685766935349,0.319953948259354,0.374425977468491,0.394650161266327,0.316891252994537,0.364020138978958,0.368502110242844,0.279985040426254,0.310523122549057,0.269713580608368,0.357283532619476,0.247421726584435,0.141137450933456,0.065529391169548,0,0.141915589570999,0.294527947902679,0.285078048706055,0.246027424931526,0.0968282744288445,0.236225426197052,0.282173991203308,0.367117613554001,0.446943461894989,0.45203372836113,0.429205536842346,0.444781988859177,0.0622348599135876,0,0.127419248223305,0.243678137660027,0.263317406177521,0.385738402605057,0.296209961175919,0.193359300494194,0.0798942968249321,0.128221496939659,0,0,0,0,0.14976604282856,0.0388230420649052,0,0.0698038265109062,0.297498106956482,0.315110623836517,0.345778971910477,0.344018191099167,0.325612604618073,0.368036866188049,0.380141794681549,0.354298055171967,0.281466960906982,0.125348553061485,0.063685916364193,0.291992217302322,0.308491289615631,0.0602207146584988,0.018851650878787,0.06214864179492,0,0,0,0,0,0.110413707792759,0.114727340638638,0.210387006402016,0.056129764765501,0,0,0,0,0,0.122694678604603,0,0,0,0,0,0,0,0,0,0,0,0,0,0,0,0,0.0343118570744991,0,0,0,0,0,0,0,0,0,0,0,0,0,0,0,0,0,0,0,0,0,0,0,0,0,0,0,0,0,0,0,0,0,0,0,0,0,144
Altenkirchen (Westerwald),0,0,0,0,0,0,0,0,0,0,0,0,0,0,0,0,0,0,0,0,0,0,0,0,0,0,0,0,0,0,0,0,0,0,0,0,0,0,0,0,0,0,0,0,0,0,0,0,0,0,0,0,0,0,0,0,0,0,0,0,0,0,0,0,0,0,0,0,0,0,0,0,0,0,0,0,0,0,0,0,0,0,0,0,0,0,0,0,0,0,0,0,0,0,0,0,0,0,0,0,0,0,0,0,0,0,0,0,0,0,0,0,0,0,0,0,0,0,0,0,0,0,0,0,4.97420805913862e-05,0,0,0,0,0,0,0,0,0,0,0,0,0,0,0,0,0,0,0,0,0,0,0,0,0,0,0,0,0,0,0,0,0,0,0,0,0,0,0.00787604320794344,0.00543909100815654,0,0,0,0,0,0,0,0,0,0,0,0,0,0,0,0,0,0,0,0,0.0339233912527561,0.0455818586051464,0.0636722967028618,0.0653150305151939,0.07608263194561,0.0522699356079102,0,0.0602080747485161,0.0926810055971146,0.118183262646198,0.135714635252953,0.148952290415764,0.11754160374403,0.0843617245554924,0.169702455401421,0.195928379893303,0.251536011695862,0.296198755502701,0.304309248924255,0.301785886287689,0.264900475740433,0.171780496835709,0,0.151815205812454,0.147755578160286,0.180834248661995,0.244884863495827,0.320653051137924,0.330899447202682,0.258409053087234,0.01155517809093,0,0.158180311322212,0.29090428352356,0.212258979678154,0.200187146663666,0.242424100637436,0.261260628700256,0.19233463704586,0.200686022639275,0.265476167201996,0.210107550024986,0.298768997192383,0.285812467336655,0.151087179780006,0.278413861989975,0.220733106136322,0.308509796857834,0.342627823352814,0.224484622478485,0.200083956122398,0.261010408401489,0.310680568218231,0.334106951951981,0.285410434007645,0.321629762649536,0.332267582416534,0.245517179369926,0.260415941476822,0.224326625466347,0.295924216508865,0.217315480113029,0.14279668033123,0.012604664079845,0,0.167784735560417,0.224738761782646,0.231359988451004,0.21877421438694,0.0441666953265667,0.183035925030708,0.197925820946693,0.281621783971786,0.365204632282257,0.366665810346603,0.34041702747345,0.349027663469315,0.000515803520102054,0,0.0785066932439804,0.196026846766472,0.192717581987381,0.310501217842102,0.243594363331795,0.177104264497757,0.0407451540231705,0.106875531375408,0,0,0,0,0.158321529626846,0.0120549583807588,0,0.133826211094856,0.252551943063736,0.263277918100357,0.276988118886948,0.267293602228165,0.2542325258255,0.295897156000137,0.312387943267822,0.276548862457275,0.221899002790451,0.119985997676849,0.00139243027660996,0.246161252260208,0.246583372354507,0.000481081486213952,0,0.0103893121704459,0,0,0,0,0,0.0918486565351486,0.126454085111618,0.171778425574303,0.009543402120471,0,0,0,0,0,0.142138451337814,0,0,0,0,0,0,0,0,0,0,0,0,0,0,0,0,0,0,0,0,0,0,0,0,0,0,0,0,0,0,0,0,0,0,0,0,0,0,0,0,0,0,0,0,0,0,0,0,0,0,0,0,0,0,145
Bad Kreuznach,0,0,0,0,0,0,0,0,0,0,0,0,0,0,0,0,0,0,0,0,0,0,0,0,0,0,0,0,0,0,0,0,0,0,0,0,0,0,0,0,0,0,0,0,0,0,0,0,0,0,0,0,0,0,0,0,0,0,0,0,0,0,0,0,0,0,0,0,0,0,0,0,0,0,0,0,0,0,0,0,0,0,0,0,0,0,0,0,0,0,0,0,0,0,0,0,0,0,0,0,0,0,0,0,0,0,0,0,0,0,0,0,0,0,0,0,0,0,0,0,0,0,0,0,4.9002450396074e-05,0.000272819655947387,0,0,0,0,0,0,0,0,0,0,0,0,0,0,0,0,0,0,0,0,0,0,0,0,0,0,0,0,0,0,0,0,0,0,0,0,0,0.00932550057768822,0.00327635346911848,0,0,0,0,0,0,0,0,0,0,0,0,0,0,0,0,0,0,0,0,0.0159062724560499,0.0459801517426968,0.0721370652318001,0.0801943764090538,0.0868356749415398,0.0694552287459373,0.0318859256803989,0.0622737519443035,0.112175658345222,0.144593313336372,0.164875239133835,0.185953363776207,0.169619739055634,0.122481323778629,0.194493979215622,0.248419716954231,0.287478268146515,0.327350497245789,0.34976390004158,0.357260555028915,0.328231751918793,0.266265094280243,0.0540960766375065,0.240339800715446,0.143754154443741,0.208790391683578,0.282847344875336,0.372835785150528,0.411990523338318,0.271075814962387,0.0399676859378815,0.0287810303270817,0.258560568094254,0.372159868478775,0.307161420583725,0.282274782657623,0.258795410394669,0.31383204460144,0.239258646965027,0.261334449052811,0.330045014619827,0.286860257387161,0.351734071969986,0.26478323340416,0.149420663714409,0.319108664989471,0.297605484724045,0.367336809635162,0.434435069561005,0.376408606767654,0.307808846235275,0.343571573495865,0.376647979021072,0.420121014118195,0.376239508390427,0.393043011426926,0.413847237825394,0.349936604499817,0.327008634805679,0.323923736810684,0.398486375808716,0.329170554876328,0.271519720554352,0.0866173431277275,0.076051764190197,0.228851720690727,0.339513808488846,0.305828422307968,0.270217150449753,0.112042970955372,0.272559106349945,0.352462559938431,0.443262815475464,0.505849003791809,0.538894712924957,0.518388271331787,0.500789046287537,0.234574183821678,0,0.216470271348953,0.321817755699158,0.365540713071823,0.440071910619736,0.331084847450256,0.294730722904205,0.0855748727917671,0.21840962767601,0.0609146729111671,0,0,0,0.234657794237137,0.0900790467858315,0.053571667522192,0.223384469747543,0.334106922149658,0.364196598529816,0.390516608953476,0.412657469511032,0.385294288396835,0.396990746259689,0.38824474811554,0.379796385765076,0.314950078725815,0.195101618766785,0.240070819854736,0.33071231842041,0.347163707017899,0.161449998617172,0.0397256463766098,0.0733683705329895,0,0,0,0,0.0371294356882572,0.07240329682827,0.178040951490402,0.188378870487213,0.145358577370644,0,0,0,0,0.0716949179768562,0.225028365850449,0,0,0,0,0,0,0,0,0,0,0,0,0,0,0,0,0,0,0,0,0,0,0,0,0,0,0,0,0,0,0,0,0,0,0,0,0,0,0,0,0,0,0,0,0,0,0,0,0,0,0,0,0,0,146
Birkenfeld,0,0,0,0,0,0,0,0,0,0,0,0,0,0,0,0,0,0,0,0,0,0,0,0,0,0,0,0,0,0,0,0,0,0,0,0,0,0,0,0,0,0,0,0,0,0,0,0,0,0,0,0,0,0,0,0,0,0,0,0,0,0,0,0,0,0,0,0,0,0,0,0,0,0,0,0,0,0,0,0,0,0,0,0,0,0,0,0,0,0,0,0,0,0,0,0,0,0,0,0,0,0,0,0,0,0,0,0,0,0,0,0,0,0,0,0,0,0,0,0,0,0,0,0,4.2644973291317e-05,3.45684711646754e-05,0,0,0,0,0,0,0,0,0,0,0,0,0,0,0,0,0,0,0,0,0,0,0,0,0,0,0,0,0,0,0,0,0,0,0,0,0,0.00422936212271452,0,0,0,0,0,0,0,0,0,0,0,0,0,0,0,0,0,0,0,0,0,0.000126157319755293,0.0185709968209267,0.0334360525012016,0.0391719862818718,0.0452752076089382,0.0304919946938753,0.000711455882992595,0.0203530229628086,0.0655366331338882,0.0890822559595108,0.107632517814636,0.124546073377132,0.106377519667149,0.0753364190459251,0.135358974337578,0.174120962619781,0.205799445509911,0.232508331537247,0.248397260904312,0.256190538406372,0.224832013249397,0.17812691628933,0,0.146711736917496,0.0215792879462242,0.119243890047073,0.181220635771751,0.26165983080864,0.288571864366531,0.157002493739128,0,0,0.132090270519257,0.266213178634644,0.194524124264717,0.184272110462189,0.163507729768753,0.198824927210808,0.132428631186485,0.152017593383789,0.218421638011932,0.174420490860939,0.214291721582413,0.138718262314796,0.00326932081952691,0.210985749959946,0.188985213637352,0.243389591574669,0.312073826789856,0.263617604970932,0.205115646123886,0.234812289476395,0.263997346162796,0.293871819972992,0.24554868042469,0.248094856739044,0.256618916988373,0.202258750796318,0.17634129524231,0.182667851448059,0.244107380509377,0.172472134232521,0.066364198923111,0,0,0.0862342044711113,0.198309779167175,0.157844081521034,0.131460562348366,0.00291945599019527,0.127495020627975,0.207659915089607,0.290102064609528,0.341204464435577,0.364950805902481,0.339670777320862,0.329872161149979,0.0617123618721962,0,0.0152266286313534,0.160382464528084,0.201698452234268,0.276446014642715,0.18742524087429,0.168218359351158,0.00117768894415349,0.0339641869068146,0,0,0,0,0.0601790063083172,0,0,0.0653552860021591,0.194378614425659,0.216722682118416,0.239147201180458,0.262428820133209,0.253052175045013,0.245822042226791,0.241324961185455,0.224922299385071,0.170726880431175,0.00439070118591189,0.135845676064491,0.195179134607315,0.20477606356144,0.0131373656913638,0,0.000982845784164965,0,0,0,0,0,0,0.0913277268409729,0.0863000452518463,0.00281676580198109,0,0,0,0,0,0.10678231716156,0,0,0,0,0,0,0,0,0,0,0,0,0,0,0,0,0,0,0,0,0,0,0,0,0,0,0,0,0,0,0,0,0,0,0,0,0,0,0,0,0,0,0,0,0,0,0,0,0,0,0,0,0,0,147
Cochem-Zell,0,0,0,0,0,0,0,0,0,0,0,0,0,0,0,0,0,0,0,0,0,0,0,0,0,0,0,0,0,0,0,0,0,0,0,0,0,0,0,0,0,0,0,0,0,0,0,0,0,0,0,0,0,0,0,0,0,0,0,0,0,0,0,0,0,0,0,0,0,0,0,0,0,0,0,0,0,0,0,0,0,0,0,0,0,0,0,0,0,0,0,0,0,0,0,0,0,0,0,0,0,0,0,0,0,0,0,0,0,0,0,0,0,0,0,0,0,0,0,0,0,0,0,0,4.00014650949743e-05,0,0,0,0,0,0,0,0,0,0,0,0,0,0,0,0,0,0,0,0,0,0,0,0,0,0,0,0,0,0,0,0,0,0,0,0,0,0,0.00561219826340675,0.00247049541212618,0,0,0,0,0,0,0,0,0,0,0,0,0,0,0,0,0,0,0,0,0.00494457269087434,0.027416804805398,0.04757921397686,0.0515528097748756,0.0578153245151043,0.0403453819453716,0,0.0470770262181759,0.0775448828935623,0.105920143425465,0.125466838479042,0.14444138109684,0.115767233073711,0.0734187886118889,0.161946043372154,0.190063491463661,0.233036041259766,0.26932355761528,0.279596120119095,0.282302349805832,0.24988366663456,0.19207763671875,0,0.118362493813038,0.0841849148273468,0.167487993836403,0.224560260772705,0.293725788593292,0.329609006643295,0.209627375006676,0,0,0.179190754890442,0.297510623931885,0.223199278116226,0.193495139479637,0.206743434071541,0.244665503501892,0.167598634958267,0.176910057663918,0.25197297334671,0.215954318642616,0.269520372152328,0.204997330904007,0.121593192219734,0.260394185781479,0.207052394747734,0.285568445920944,0.343960136175156,0.26029509305954,0.222760200500488,0.264680296182632,0.294984757900238,0.32532200217247,0.27431982755661,0.285451382398605,0.298209249973297,0.220768123865128,0.218740850687027,0.210963770747185,0.284990847110748,0.208725571632385,0.078125037252903,0.00610280875116587,0,0.147887006402016,0.238137930631638,0.20584611594677,0.171778544783592,0,0.160741031169891,0.230249509215355,0.311328172683716,0.379930377006531,0.40056124329567,0.369564235210419,0.358919858932495,0.00570250162854791,0,0.10657998919487,0.196866571903229,0.217154145240784,0.31040620803833,0.22987574338913,0.187515676021576,0,0.00689818616956472,0,0,0,0,0.139678254723549,0,0,0.0704422444105148,0.229263305664063,0.25100901722908,0.266103446483612,0.286092191934586,0.273890107870102,0.286897361278534,0.289391130208969,0.267600029706955,0.212786585092545,0.0718579217791557,0.107122883200645,0.213176622986794,0.242124736309052,0,0,0,0,0,0,0,0,0.00464355247095227,0.0812719687819481,0.126060709357262,0,0,0,0,0,0,0.109173618257046,0,0,0,0,0,0,0,0,0,0,0,0,0,0,0,0,0,0,0,0,0,0,0,0,0,0,0,0,0,0,0,0,0,0,0,0,0,0,0,0,0,0,0,0,0,0,0,0,0,0,0,0,0,0,148
Mayen-Koblenz,0,0,0,0,0,0,0,0,0,0,0,0,0,0,0,0,0,0,0,0,0,0,0,0,0,0,0,0,0,0,0,0,0,0,0,0,0,0,0,0,0,0,0,0,0,0,0,0,0,0,0,0,0,0,0,0,0,0,0,0,0,0,0,0,0,0,0,0,0,0,0,0,0,0,0,0,0,0,0,0,0,0,0,0,0,0,0,0,0,0,0,0,0,0,0,0,0,0,0,0,0,0,0,0,0,0,0,0,0,0,0,0,0,0,0,0,0,0,0,0,0,0,0,0,5.01728391100187e-05,0,0,0,0,0,0,0,0,0,0,0,0,0,0,0,0,0,0,0,0,0,0,0,0,0,0,0,0,0,0,0,0,0,0,0,0,0,0,0.00826633907854557,0.00529441190883517,0,0,0,0,0,0,0,0,0,0,0,0,0,0,0,0,0,0,0,0,0.0306862089782953,0.0452639013528824,0.0681495070457458,0.0695424377918243,0.0793947130441666,0.0557433441281319,0,0.069484107196331,0.101889714598656,0.130701839923859,0.151967465877533,0.16950149834156,0.140191107988358,0.0985967889428139,0.191784083843231,0.219551548361778,0.272445499897003,0.314478635787964,0.32481849193573,0.327146083116531,0.290208756923676,0.218484535813332,0,0.149719044566154,0.135041266679764,0.204803004860878,0.265469133853912,0.339156031608582,0.372720986604691,0.262690126895905,0.0419196859002113,0,0.212122425436974,0.329236805438995,0.246980980038643,0.230452030897141,0.256610989570618,0.293858170509338,0.205328658223152,0.226315557956696,0.297384798526764,0.248424366116524,0.316714376211166,0.269247204065323,0.164726853370667,0.301593691110611,0.248657286167145,0.336064755916595,0.384199619293213,0.281592011451721,0.258403599262238,0.308637291193008,0.343807727098465,0.373011976480484,0.31140673160553,0.343155801296234,0.360258966684341,0.272678673267365,0.281928032636642,0.265077710151672,0.340925067663193,0.264645844697952,0.177255794405937,0.0994879379868507,0,0.189925417304039,0.27699613571167,0.268365442752838,0.229816660284996,0.0551551952958107,0.221082210540771,0.270676374435425,0.349672436714172,0.426280051469803,0.440919607877731,0.416445374488831,0.411042869091034,0.089380070567131,0,0.16669225692749,0.253713101148605,0.257214248180389,0.36199414730072,0.28771910071373,0.231462553143501,0.0525964982807636,0.135659232735634,0,0,0,0,0.200318306684494,0.0490086153149605,0,0.106337875127792,0.273960590362549,0.304066568613052,0.320679873228073,0.325721174478531,0.307577461004257,0.335703700780869,0.345879465341568,0.334935337305069,0.269475251436234,0.149371922016144,0.104163832962513,0.26604813337326,0.289327055215836,0.038661178201437,0,0.0229279939085245,0,0,0,0,0,0.106778725981712,0.126071766018867,0.167588531970978,0.0349734351038933,0,0,0,0,0,0.165313914418221,0,0,0,0,0,0,0,0,0,0,0,0,0,0,0,0,0,0,0,0,0,0,0,0,0,0,0,0,0,0,0,0,0,0,0,0,0,0,0,0,0,0,0,0,0,0,0,0,0,0,0,0,0,0,149
Neuwied,0,0,0,0,0,0,0,0,0,0,0,0,0,0,0,0,0,0,0,0,0,0,0,0,0,0,0,0,0,0,0,0,0,0,0,0,0,0,0,0,0,0,0,0,0,0,0,0,0,0,0,0,0,0,0,0,0,0,0,0,0,0,0,0,0,0,0,0,0,0,0,0,0,0,0,0,0,0,0,0,0,0,0,0,0,0,0,0,0,0,0,0,0,0,0,0,0,0,0,0,0,0,0,0,0,0,0,0,0,0,0,0,0,0,0,0,0,0,0,0,0,0,0,0,0.000115445902338251,0,0,0,0,0,0,0,0,0,0,0,0,0,0,0,0,0,0,0,0,0,0,0,0,0,0,0,0,0,0,0,0,0,0,0,0,0,0,0.011177197098732,0.0083006676286459,0,0,0,0,0,0,0,0,0,0,0,0,0,0,0,0,0,0,0,0,0.0503763630986214,0.0650232285261154,0.089867852628231,0.0883952155709267,0.102997668087482,0.0703005269169807,0,0.0904021710157394,0.126183360815048,0.15515798330307,0.177273914217949,0.193077504634857,0.161674305796623,0.122732505202293,0.224174618721008,0.248049393296242,0.313291132450104,0.36258128285408,0.370201915502548,0.370236456394196,0.328376263380051,0.236255243420601,0,0.190259426832199,0.187742933630943,0.240122005343437,0.307111710309982,0.385667681694031,0.413559377193451,0.315584182739258,0.109417639672756,0,0.241399317979813,0.35821208357811,0.26516181230545,0.270519018173218,0.30999618768692,0.338443458080292,0.244448319077492,0.271513491868973,0.338946580886841,0.281349629163742,0.366721868515015,0.334479451179504,0.21363340318203,0.344671666622162,0.28888401389122,0.384637326002121,0.424082726240158,0.301192939281464,0.281585484743118,0.348252564668655,0.393985003232956,0.416725367307663,0.348214745521545,0.400323420763016,0.418580055236816,0.321731358766556,0.343350559473038,0.310785502195358,0.391045361757278,0.312486559152603,0.237691253423691,0.129195839166641,0,0.239288061857224,0.312235742807388,0.326563239097595,0.295459419488907,0.184179365634918,0.28297832608223,0.300566613674164,0.378680795431137,0.467757403850555,0.469631224870682,0.448902815580368,0.458624809980392,0.068015992641449,0,0.197073325514793,0.296867311000824,0.284762680530548,0.409040749073029,0.338617950677872,0.272569894790649,0.16751791536808,0.21458812057972,0,0,0,0,0.255126416683197,0.120974406599998,0,0.177288502454758,0.326167345046997,0.351810663938522,0.370121955871582,0.357062786817551,0.336529284715652,0.386638224124908,0.402963876724243,0.389805555343628,0.316125482320786,0.196446195244789,0.106170453131199,0.323623210191727,0.331527203321457,0.0607202276587486,0,0.0776771679520607,0,0,0,0,0,0.193961247801781,0.171931281685829,0.219191700220108,0.0921543315052986,0,0,0,0,0,0.213162645697594,0,0,0,0,0,0,0,0,0,0,0,0,0,0,0,0,0.00733531080186367,0,0,0,0,0,0,0,0,0,0,0,0,0,0,0,0,0,0,0,0,0,0,0,0,0,0,0,0,0,0,0,0,0,0,0,0,0,150
Rhein-Hunsrück-Kreis,0,0,0,0,0,0,0,0,0,0,0,0,0,0,0,0,0,0,0,0,0,0,0,0,0,0,0,0,0,0,0,0,0,0,0,0,0,0,0,0,0,0,0,0,0,0,0,0,0,0,0,0,0,0,0,0,0,0,0,0,0,0,0,0,0,0,0,0,0,0,0,0,0,0,0,0,0,0,0,0,0,0,0,0,0,0,0,0,0,0,0,0,0,0,0,0,0,0,0,0,0,0,0,0,0,0,0,0,0,0,0,0,0,0,0,0,0,0,0,0,0,0,0,0,3.82023099518847e-05,2.75755496659258e-06,0,0,0,0,0,0,0,0,0,0,0,0,0,0,0,0,0,0,0,0,0,0,0,0,0,0,0,0,0,0,0,0,0,0,0,0,0,0.0051695229485631,0.00178323581349105,0,0,0,0,0,0,0,0,0,0,0,0,0,0,0,0,0,0,0,0,0.0033454168587923,0.0248338114470243,0.0446260310709476,0.0500147975981236,0.0550772994756699,0.0411444045603275,0,0.0353392623364925,0.0752934962511063,0.100569017231464,0.119153790175915,0.137844815850258,0.114953145384789,0.0706245079636574,0.151537582278252,0.185906365513802,0.22513148188591,0.259885281324387,0.275166779756546,0.279136836528778,0.250498443841934,0.192405194044113,0,0.151638850569725,0.0706183388829231,0.148446187376976,0.212348163127899,0.292721539735794,0.323759019374847,0.201827824115753,0,0,0.170888885855675,0.288875162601471,0.223895862698555,0.195240437984467,0.195774078369141,0.236421033740044,0.165503397583961,0.168467089533806,0.247321099042892,0.205467745661736,0.265816926956177,0.202317178249359,0.0584566704928875,0.246776029467583,0.202309295535088,0.276015490293503,0.334768027067184,0.259031236171722,0.212786808609962,0.257312208414078,0.28356197476387,0.31964123249054,0.27965059876442,0.287560552358627,0.305925250053406,0.235066384077072,0.221033483743668,0.219475001096725,0.287706553936005,0.222424164414406,0.0965961441397667,0.015059850178659,0,0.142193377017975,0.229321241378784,0.204400658607483,0.18345732986927,0,0.170571491122246,0.233597293496132,0.311370491981506,0.375032186508179,0.39817875623703,0.374209344387054,0.360110580921173,0.0371266789734364,0,0.0446196608245373,0.193237289786339,0.226718723773956,0.311502128839493,0.233034402132034,0.185389697551727,0,0.041945606470108,0,0,0,0,0.117414586246014,0,0,0.0525685250759125,0.228142321109772,0.25340524315834,0.269408047199249,0.285591661930084,0.272521197795868,0.282203614711761,0.284870654344559,0.267713516950607,0.208205759525299,0.0378237403929234,0.124532796442509,0.224286869168282,0.242046430706978,0.00134521897416562,0,0,0,0,0,0,0,0.013665578328073,0.105957724153996,0.123051099479198,0.00124290969688445,0,0,0,0,0,0.137898951768875,0,0,0,0,0,0,0,0,0,0,0,0,0,0,0,0,0,0,0,0,0,0,0,0,0,0,0,0,0,0,0,0,0,0,0,0,0,0,0,0,0,0,0,0,0,0,0,0,0,0,0,0,0,0,151
Rhein-Lahn-Kreis,0,0,0,0,0,0,0,0,0,0,0,0,0,0,0,0,0,0,0,0,0,0,0,0,0,0,0,0,0,0,0,0,0,0,0,0,0,0,0,0,0,0,0,0,0,0,0,0,0,0,0,0,0,0,0,0,0,0,0,0,0,0,0,0,0,0,0,0,0,0,0,0,0,0,0,0,0,0,0,0,0,0,0,0,0,0,0,0,0,0,0,0,0,0,0,0,0,0,0,0,0,0,0,0,0,0,0,0,0,0,0,0,0,0,0,0,0,0,0,0,0,0,0,0,5.44224030818441e-06,1.20452032206231e-05,0,0,0,0,0,0,0,0,0,0,0,0,0,0,0,0,0,0,0,0,0,0,0,0,0,0,0,0,0,0,0,0,0,0,0,0,0,0.00661671115085483,0.00355113786645234,0,0,0,0,0,0,0,0,0,0,0,0,0,0,0,0,0,0,0,0,0.0124002508819103,0.0367551706731319,0.0587392337620258,0.0641292929649353,0.0722490549087524,0.0573100596666336,0.000954474729951471,0.0590262040495872,0.0961732342839241,0.123044401407242,0.139080703258514,0.157408356666565,0.134836375713348,0.0935645326972008,0.170962065458298,0.212866604328156,0.259594708681107,0.296016335487366,0.31446897983551,0.320559471845627,0.293501615524292,0.219838440418243,0,0.204588711261749,0.155966117978096,0.184346005320549,0.251823604106903,0.34024915099144,0.364602535963058,0.260229378938675,0.0136822666972876,0,0.202969923615456,0.322359830141068,0.251689046621323,0.220784947276115,0.23431533575058,0.277966767549515,0.208744585514069,0.232601687312126,0.290238350629807,0.233753621578217,0.321519583463669,0.2835453748703,0.156340345740318,0.288699477910995,0.262267559766769,0.342798739671707,0.384246051311493,0.296790987253189,0.251710623502731,0.292801320552826,0.320822983980179,0.361955225467682,0.312682002782822,0.332764863967896,0.362827688455582,0.287460833787918,0.278608620166779,0.275035232305527,0.340934693813324,0.274918228387833,0.214075326919556,0.049734354019165,0,0.18646739423275,0.268904000520706,0.253345847129822,0.217385172843933,0,0.189153924584389,0.268572241067886,0.34388592839241,0.413459032773972,0.438048541545868,0.424165010452271,0.4021155834198,0.15902416408062,0,0.179877012968063,0.256757199764252,0.258158385753632,0.360074490308762,0.28278186917305,0.214242249727249,0,0.175980284810066,0.00325551838614047,0,0,0,0.198979556560516,0,0,0.0905570462346077,0.259885311126709,0.293069452047348,0.31031459569931,0.316619455814362,0.296011418104172,0.312669366598129,0.331665068864822,0.312810987234116,0.256676584482193,0.147518008947372,0.11616350710392,0.264541983604431,0.280165702104568,0,0,0,0,0,0,0,0,0.10497123748064,0.0779438614845276,0.151313379406929,0.0050357636064291,0,0,0,0,0,0.185709178447723,0,0,0,0,0,0,0,0,0,0,0,0,0,0,0,0,0,0,0,0,0,0,0,0,0,0,0,0,0,0,0,0,0,0,0,0,0,0,0,0,0,0,0,0,0,0,0,0,0,0,0,0,0,0,152
Westerwaldkreis,0,0,0,0,0,0,0,0,0,0,0,0,0,0,0,0,0,0,0,0,0,0,0,0,0,0,0,0,0,0,0,0,0,0,0,0,0,0,0,0,0,0,0,0,0,0,0,0,0,0,0,0,0,0,0,0,0,0,0,0,0,0,0,0,0,0,0,0,0,0,0,0,0,0,0,0,0,0,0,0,0,0,0,0,0,0,0,0,0,0,0,0,0,0,0,0,0,0,0,0,0,0,0,0,0,0,0,0,0,0,0,0,0,0,0,0,0,0,0,0,0,0,0,0,2.02633927983698e-05,0,0,0,0,0,0,0,0,0,0,0,0,0,0,0,0,0,0,0,0,0,0,0,0,0,0,0,0,0,0,0,0,0,0,0,0,0,0,0.00590722821652889,0.0033949667122215,0,0,0,0,0,0,0,0,0,0,0,0,0,0,0,0,0,0,0,0,0.0213252622634172,0.0339642018079758,0.051306564360857,0.0540788471698761,0.064012698829174,0.0464354529976845,1.45253206937923e-05,0.0498814061284065,0.0823212191462517,0.107020765542984,0.121497713029385,0.135971382260323,0.107433035969734,0.0769139751791954,0.145617723464966,0.184250488877296,0.230380788445473,0.266597807407379,0.280411273241043,0.282776117324829,0.251458644866943,0.1694006472826,0,0.158818304538727,0.134981751441956,0.15618884563446,0.222331881523132,0.300292044878006,0.311460167169571,0.232829138636589,0.00188593077473342,0,0.134051814675331,0.278466790914536,0.199719980359077,0.174029514193535,0.202793851494789,0.235933244228363,0.17683233320713,0.188441216945648,0.244763761758804,0.180831477046013,0.276813238859177,0.262773007154465,0.0986582338809967,0.252830415964127,0.211182922124863,0.292641371488571,0.32481724023819,0.223811089992523,0.196585774421692,0.243590816855431,0.280800044536591,0.314490765333176,0.259742766618729,0.288569271564484,0.309197992086411,0.226659819483757,0.229517266154289,0.207659065723419,0.280923247337341,0.20369079709053,0.108776800334454,0.0023689151275903,0,0.110636420547962,0.205932840704918,0.20177848637104,0.176366955041885,0.0024113820400089,0.139109417796135,0.182848587632179,0.267809748649597,0.347748041152954,0.355863600969315,0.338365852832794,0.328690648078918,0.0257720611989498,0,0.0659501850605011,0.184274688363075,0.175268232822418,0.292783945798874,0.223198920488358,0.145133405923843,0.00225225114263594,0.0883512124419212,4.95429012516979e-05,0,0,0,0.113509282469749,0.00225595198571682,0,0.0301700066775084,0.219527631998062,0.243461057543755,0.253244251012802,0.254565507173538,0.236621111631393,0.258103102445602,0.282730758190155,0.255323737859726,0.202452003955841,0.0745600983500481,0.00173696083948016,0.219392657279968,0.224125862121582,0.00167735561262816,0,0,0,0,0,0,0,0.0825202390551567,0.0507105775177479,0.135370299220085,0.00155249936506152,0,0,0,0,0,0.139816075563431,0,0,0,0,0,0,0,0,0,0,0,0,0,0,0,0,0,0,0,0,0,0,0,0,0,0,0,0,0,0,0,0,0,0,0,0,0,0,0,0,0,0,0,0,0,0,0,0,0,0,0,0,0,0,153
Trier,0,0,0,0,0,0,0,0,0,0,0,0,0,0,0,0,0,0,0,0,0,0,0,0,0,0,0,0,0,0,0,0,0,0,0,0,0,0,0,0,0,0,0,0,0,0,0,0,0,0,0,0,0,0,0,0,0,0,0,0,0,0,0,0,0,0,0,0,0,0,0,0,0,0,0,0,0,0,0,0,0,0,0,0,0,0,0,0,0,0,0,0,0,0,0,0,0,0,0,0,0,0,0,0,0,0,0,0,0,0,0,0,0,0,0,0,0,0,0,0,0,0,0,0,3.20266117341816e-05,0,0,0,0,0,0,0,0,0,0,0,0,0,0,0,0,0,0,0,0,0,0,0,0,0,0,0,0,0,0,0,0,0,0,0,0,0,0,0.00977237150073051,0,0,0,0,0,0,0,0,0,0,0,0,0,0,0,0,0,0,0,0,0,0.0304545499384403,0.0483730100095272,0.0650272741913795,0.0771239101886749,0.0847416147589684,0.0603653751313686,0.0340025313198566,0.0833376571536064,0.122964635491371,0.153499439358711,0.179264113306999,0.206840217113495,0.179427042603493,0.151626288890839,0.227599740028381,0.277221590280533,0.321309328079224,0.352068871259689,0.368560582399368,0.378765821456909,0.326990365982056,0.289043664932251,0,0.243044033646584,0.150031477212906,0.240472301840782,0.303369045257568,0.399425357580185,0.428476899862289,0.265792459249496,0,0,0.222585052251816,0.397874802350998,0.277201533317566,0.278670221567154,0.286445438861847,0.317409634590149,0.20800407230854,0.266920894384384,0.32709676027298,0.295930564403534,0.331963270902634,0.23547987639904,0.0381273962557316,0.347511023283005,0.327934116125107,0.398737877607346,0.476515650749207,0.415462523698807,0.359735369682312,0.388556361198425,0.424502223730087,0.456419825553894,0.363747805356979,0.343223184347153,0.373406887054443,0.278997004032135,0.297672718763351,0.293250471353531,0.363101571798325,0.285343825817108,0.145932286977768,0.186755105853081,0,0.266704946756363,0.316001713275909,0.275305390357971,0.245257824659348,0,0.238648653030396,0.331030786037445,0.429918527603149,0.494802057743073,0.528137624263763,0.501178443431854,0.498564302921295,0.131922751665115,0,0.214228853583336,0.296360611915588,0.317667841911316,0.427253544330597,0.31867516040802,0.315222799777985,0.231545671820641,0.240406796336174,0,0,0,0,0.234361723065376,0.0339888632297516,0.130266517400742,0.257357716560364,0.361127436161041,0.366186141967773,0.401754975318909,0.41716480255127,0.411320984363556,0.421551764011383,0.367323696613312,0.359615653753281,0.294341027736664,0.121838383376598,0.267078518867493,0.293456345796585,0.327997922897339,0.110996022820473,0,0.0957874357700348,0,0,0,0,0,0,0.101036012172699,0.160790830850601,0,0,0,0,0,0,0.149837210774422,0,0,0,0,0,0,0,0,0,0,0,0,0,0,0,0,0,0,0,0,0,0,0,0,0,0,0,0,0,0,0,0,0,0,0,0,0,0,0,0,0,0,0,0,0,0,0,0,0,0,0,0,0,0,154
Bernkastel-Wittlich,0,0,0,0,0,0,0,0,0,0,0,0,0,0,0,0,0,0,0,0,0,0,0,0,0,0,0,0,0,0,0,0,0,0,0,0,0,0,0,0,0,0,0,0,0,0,0,0,0,0,0,0,0,0,0,0,0,0,0,0,0,0,0,0,0,0,0,0,0,0,0,0,0,0,0,0,0,0,0,0,0,0,0,0,0,0,0,0,0,0,0,0,0,0,0,0,0,0,0,0,0,0,0,0,0,0,0,0,0,0,0,0,0,0,0,0,0,0,0,0,0,0,0,0,3.4494572901167e-05,2.36296273214975e-05,0,0,0,0,0,0,0,0,0,0,0,0,0,0,0,0,0,0,0,0,0,0,0,0,0,0,0,0,0,0,0,0,0,0,0,0,0,0.00712770642712712,0.000819613225758076,0,0,0,0,0,0,0,0,0,0,0,0,0,0,0,0,0,0,0,0,0.005629429128021,0.0350113324820995,0.0565565451979637,0.0635730773210526,0.0716848000884056,0.0488535463809967,0.00598776340484619,0.0576091781258583,0.100539103150368,0.135154023766518,0.16108313202858,0.186314716935158,0.151556000113487,0.112362578511238,0.207647368311882,0.249657660722733,0.299043416976929,0.336892187595367,0.352668225765228,0.35804095864296,0.315969377756119,0.254705011844635,0,0.184046238660812,0.0741535574197769,0.208107009530067,0.278290092945099,0.371735721826553,0.416119933128357,0.254841297864914,0,0,0.217046797275543,0.381660133600235,0.277202218770981,0.253105998039246,0.259528130292892,0.301569908857346,0.197355329990387,0.227875530719757,0.313557416200638,0.272728830575943,0.323497623205185,0.236975848674774,0.130384609103203,0.328626155853271,0.281226336956024,0.367996335029602,0.448853969573975,0.363124161958694,0.305540800094604,0.348543852567673,0.38630610704422,0.425016969442368,0.346592456102371,0.343718290328979,0.36490324139595,0.273305922746658,0.278030276298523,0.264615893363953,0.347480297088623,0.250405043363571,0.0304338987916708,0.0396924205124378,0.0231328457593918,0.190325140953064,0.301652491092682,0.249270901083946,0.214840903878212,0.0264664236456156,0.212541237473488,0.295665860176086,0.397044509649277,0.474563479423523,0.50348949432373,0.469565778970718,0.462852895259857,0.0276818051934242,0,0.143430724740028,0.251919329166412,0.276662915945053,0.393858820199966,0.283113479614258,0.254979610443115,0.0439746715128422,0.109961844980717,0,0,0,0,0.16518160700798,0.0334877260029316,0.0231726299971342,0.137796193361282,0.296569138765335,0.315336495637894,0.351464599370956,0.374645888805389,0.362403392791748,0.369934141635895,0.351828396320343,0.332097828388214,0.26360696554184,0.0626648142933846,0.16045255959034,0.270766258239746,0.304610759019852,0.0240779239684343,0,0,0,0,0,0,0,0,0.0858681425452232,0.152717843651772,0,0,0,0,0,0,0.100703984498978,0,0,0,0,0,0,0,0,0,0,0,0,0,0,0,0,0,0,0,0,0,0,0,0,0,0,0,0,0,0,0,0,0,0,0,0,0,0,0,0,0,0,0,0,0,0,0,0,0,0,0,0,0,0,155
Eifelkreis Bitburg-Prüm,0,0,0,0,0,0,0,0,0,0,0,0,0,0,0,0,0,0,0,0,0,0,0,0,0,0,0,0,0,0,0,0,0,0,0,0,0,0,0,0,0,0,0,0,0,0,0,0,0,0,0,0,0,0,0,0,0,0,0,0,0,0,0,0,0,0,0,0,0,0,0,0,0,0,0,0,0,0,0,0,0,0,0,0,0,0,0,0,0,0,0,0,0,0,0,0,0,0,0,0,0,0,0,0,0,0,0,0,0,0,0,0,0,0,0,0,0,0,0,0,0,0,0,0,8.39085103621073e-08,0,0,0,0,0,0,0,0,0,0,0,0,0,0,0,0,0,0,0,0,0,0,0,0,0,0,0,0,0,0,0,0,0,0,0,0,0,0,0.0015383482677862,0,0,0,0,0,0,0,0,0,0,0,0,0,0,0,0,0,0,0,0,0,0.00216266256757081,0.0081205852329731,0.0127042699605227,0.0150514962151647,0.0168966595083475,0.0103230364620686,0,0.0167308803647757,0.025374885648489,0.0327278263866901,0.0395726822316647,0.0465870723128319,0.036919828504324,0.0279889889061451,0.0523566752672195,0.0622946061193943,0.0754014477133751,0.0849905014038086,0.0888936743140221,0.0891982242465019,0.0788434594869614,0.0623078644275665,0,0.0377265140414238,0.0124456733465195,0.0550293326377869,0.0702479779720306,0.0918105617165565,0.104897938668728,0.0650676563382149,0,0,0.0466007739305496,0.0943219885230064,0.0676620304584503,0.0589670613408089,0.0659976080060005,0.0739063024520874,0.0429140999913216,0.0570181868970394,0.0741150602698326,0.0647051408886909,0.0772631019353867,0.0613329485058784,0.0150863332673907,0.0820915773510933,0.0688559636473656,0.095318466424942,0.114477679133415,0.0903861522674561,0.0781603679060936,0.0880203545093536,0.0996316596865654,0.1081867441535,0.0816326886415482,0.078065387904644,0.0848137587308884,0.0616358853876591,0.0689295828342438,0.061561144888401,0.0802584812045097,0.0515312775969505,0,0.0166192539036274,0,0.039606612175703,0.0719603523612022,0.0593111850321293,0.0212498195469379,0,0.0208475906401873,0.0683669820427895,0.0931181460618973,0.112845100462437,0.120108976960182,0.113428547978401,0.112699925899506,0,0,0.0199406910687685,0.0580196864902973,0.0599473342299461,0.0944817960262299,0.0675516501069069,0.0610483027994633,0.0187353547662497,0.0194391347467899,0,0,0,0,0.0211311969906092,0.0134487887844443,0,0.0197425577789545,0.0715139508247375,0.0743451789021492,0.0862678959965706,0.0889952555298805,0.0862670168280602,0.0896691903471947,0.0811939015984535,0.0796070098876953,0.0624378174543381,0,0.0198807362467051,0.0589127577841282,0.0717763453722,0,0,0,0,0,0,0,0,0,0,0.0329722389578819,0,0,0,0,0,0,0.0120506370440125,0,0,0,0,0,0,0,0,0,0,0,0,0,0,0,0,0,0,0,0,0,0,0,0,0,0,0,0,0,0,0,0,0,0,0,0,0,0,0,0,0,0,0,0,0,0,0,0,0,0,0,0,0,0,156
Vulkaneifel,0,0,0,0,0,0,0,0,0,0,0,0,0,0,0,0,0,0,0,0,0,0,0,0,0,0,0,0,0,0,0,0,0,0,0,0,0,0,0,0,0,0,0,0,0,0,0,0,0,0,0,0,0,0,0,0,0,0,0,0,0,0,0,0,0,0,0,0,0,0,0,0,0,0,0,0,0,0,0,0,0,0,0,0,0,0,0,0,0,0,0,0,0,0,0,0,0,0,0,0,0,0,0,0,0,0,0,0,0,0,0,0,0,0,0,0,0,0,0,0,0,0,0,0,1.99389724002685e-05,0,0,0,0,0,0,0,0,0,0,0,0,0,0,0,0,0,0,0,0,0,0,0,0,0,0,0,0,0,0,0,0,0,0,0,0,0,0,0.00337619753554463,9.11319366423413e-05,0,0,0,0,0,0,0,0,0,0,0,0,0,0,0,0,0,0,0,0,8.82313179317862e-05,0.0144728776067495,0.0263858865946531,0.0306075401604176,0.0329642929136753,0.00964558776468039,0,0.0146993938833475,0.0476853474974632,0.068132609128952,0.0845377817749977,0.0996611043810844,0.071807473897934,0.0239498559385538,0.11394876241684,0.132705047726631,0.168095260858536,0.196063935756683,0.201866537332535,0.19900681078434,0.17515617609024,0.122867986559868,0,0.0275836028158665,0.00290461466647685,0.113767623901367,0.156668052077293,0.202164262533188,0.238247781991959,0.141156643629074,0,0,0.0518181547522545,0.211960271000862,0.148553103208542,0.111190192401409,0.138204798102379,0.163360744714737,0.045918133109808,0.10037574917078,0.162266507744789,0.12693090736866,0.173467233777046,0.134273126721382,0.0228242054581642,0.173844411969185,0.119087465107441,0.200041726231575,0.253872066736221,0.179213583469391,0.155041590332985,0.182673290371895,0.215853407979012,0.235237523913383,0.176301136612892,0.180657148361206,0.189468517899513,0.130818217992783,0.145689100027084,0.119490697979927,0.180456921458244,0.0538938827812672,0,0,0,0.0247951075434685,0.152912244200706,0.114277519285679,0.0256710983812809,0,0.0265978183597326,0.140528619289398,0.203751996159554,0.255073845386505,0.26771542429924,0.249495401978493,0.249204233288765,0,0,0.0201163366436958,0.0568934790790081,0.118371598422527,0.206105187535286,0.13194951415062,0.0539391599595547,0,0,0,0,0,0,0.0243461392819881,0,0,0.00375271798111498,0.141179516911507,0.159154936671257,0.184279769659042,0.193569719791412,0.182498842477798,0.191525146365166,0.188916563987732,0.170606940984726,0.126850545406342,0,0.00386528577655554,0.13212014734745,0.153195217251778,0,0,0,0,0,0,0,0,0,0,0.0739015340805054,0,0,0,0,0,0,0.00323664420284331,0,0,0,0,0,0,0,0,0,0,0,0,0,0,0,0,0,0,0,0,0,0,0,0,0,0,0,0,0,0,0,0,0,0,0,0,0,0,0,0,0,0,0,0,0,0,0,0,0,0,0,0,0,0,157
Trier-Saarburg,0,0,0,0,0,0,0,0,0,0,0,0,0,0,0,0,0,0,0,0,0,0,0,0,0,0,0,0,0,0,0,0,0,0,0,0,0,0,0,0,0,0,0,0,0,0,0,0,0,0,0,0,0,0,0,0,0,0,0,0,0,0,0,0,0,0,0,0,0,0,0,0,0,0,0,0,0,0,0,0,0,0,0,0,0,0,0,0,0,0,0,0,0,0,0,0,0,0,0,0,0,0,0,0,0,0,0,0,0,0,0,0,0,0,0,0,0,0,0,0,0,0,0,0,3.88880871469155e-05,0.000125144099001773,0,0,0,0,0,0,0,0,0,0,0,0,0,0,0,0,0,0,0,0,0,0,0,0,0,0,0,0,0,0,0,0,0,0,0,0,0,0.00737093947827816,0.000274096528301015,0,0,0,0,0,0,0,0,0,0,0,0,0,0,0,0,0,0,0,0,0.0188301373273134,0.0332928970456123,0.0475941821932793,0.0546326600015163,0.0609332397580147,0.0409420095384121,0.0142028089612722,0.0555392876267433,0.088995523750782,0.114050582051277,0.13389652967453,0.154826819896698,0.132597908377647,0.109735906124115,0.172792196273804,0.210156887769699,0.243965744972229,0.26892414689064,0.280331760644913,0.287722915410995,0.247290596365929,0.213739857077599,0,0.177924528717995,0.0795812606811523,0.168743580579758,0.229538172483444,0.304842352867126,0.324923157691956,0.191097185015678,0,0,0.164699912071228,0.304543852806091,0.206401214003563,0.206054702401161,0.207312777638435,0.234154477715492,0.156435266137123,0.195979654788971,0.247859820723534,0.215888842940331,0.252235412597656,0.165957152843475,0.0399055890738964,0.25739774107933,0.241733029484749,0.29566290974617,0.361218601465225,0.314167857170105,0.268791407346725,0.294039368629456,0.322950929403305,0.348019897937775,0.280414283275604,0.25970870256424,0.281701624393463,0.209085091948509,0.21495732665062,0.211442291736603,0.274441868066788,0.202871039509773,0.0754775479435921,0.0718443170189857,0.0115447845309973,0.175111636519432,0.229420676827431,0.194284334778786,0.173832774162292,0.0132084563374519,0.173381865024567,0.247846379876137,0.329818159341812,0.38089445233345,0.403852492570877,0.381894767284393,0.3802470266819,0.0627904757857323,0,0.101281903684139,0.207950130105019,0.233192518353462,0.325361102819443,0.227807343006134,0.225674360990524,0.152034237980843,0.176827654242516,0,0,0,0,0.157263338565826,0.035046212375164,0.0654375106096268,0.189721196889877,0.271349608898163,0.279634028673172,0.306371331214905,0.320559591054916,0.311550885438919,0.317730754613876,0.281454533338547,0.263280183076859,0.213315084576607,0.0633032247424126,0.200391560792923,0.230145007371902,0.243914380669594,0.054864164441824,0,0.0470472201704979,0,0,0,0,0,0,0.0919266641139984,0.120805226266384,0,0,0,0,0,0,0.0977232828736305,0,0,0,0,0,0,0,0,0,0,0,0,0,0,0,0,0,0,0,0,0,0,0,0,0,0,0,0,0,0,0,0,0,0,0,0,0,0,0,0,0,0,0,0,0,0,0,0,0,0,0,0,0,0,158
Frankenthal (Pfalz),0,0,0,0,0,0,0,0,0,0,0,0,0,0,0,0,0,0,0,0,0,0,0,0,0,0,0,0,0,0,0,0,0,0,0,0,0,0,0,0,0,0,0,0,0,0,0,0,0,0,0,0,0,0,0,0,0,0,0,0,0,0,0,0,0,0,0,0,0,0,0,0,0,0,0,0,0,0,0,0,0,0,0,0,0,0,0,0,0,0,0,0,0,0,0,0,0,0,0,0,0,0,0,0,0,0,0,0,0,0,0,0,0,0,0,0,0,0,0,0,0,0,0,0,0,0.000864934525452554,0,0,0,0,0,0,0,0,0,0,0,0,0,0,0,0,0,0,0,0,0,0,0,0,0,0,0,0,0,0,0,0,0,0,0,0,0,0.0414223559200764,0.0260599087923765,0,0,0,0,0,0,0,0,0,0,0,0,0,0,0,0,0,0,0.0896880105137825,0.0998532027006149,0.124850243330002,0.185699850320816,0.25052198767662,0.274727582931519,0.275983184576035,0.245936572551727,0.22091343998909,0.229518011212349,0.336873084306717,0.397653967142105,0.430368572473526,0.469575345516205,0.471992492675781,0.370710402727127,0.484594166278839,0.60887211561203,0.701195597648621,0.771992921829224,0.816934823989868,0.840272903442383,0.77851802110672,0.68147474527359,0.411619186401367,0.643588840961456,0.525747001171112,0.569879829883575,0.717810392379761,0.889387905597687,0.91998553276062,0.689511716365814,0.478308498859406,0.400744050741196,0.700272500514984,0.879093170166016,0.759435951709747,0.746178925037384,0.689186096191406,0.80839866399765,0.714828789234161,0.730276167392731,0.864511907100677,0.767625451087952,0.904030978679657,0.686259031295776,0.52614837884903,0.790893733501434,0.884979665279388,0.993884563446045,1.0840916633606,1.0278285741806,0.837604582309723,0.890556931495667,0.972686529159546,1.04591226577759,1.02651524543762,1.05729174613953,1.06279766559601,1.03950774669647,0.90796172618866,0.923378169536591,1.1182975769043,0.967495560646057,0.894658327102661,0.657486438751221,0.593142509460449,0.763797283172607,0.965741753578186,0.946130990982056,0.877531051635742,0.729050934314728,0.869416356086731,1.05769693851471,1.22659146785736,1.31816852092743,1.45188498497009,1.37939965724945,1.38492846488953,0.978950560092926,0,0.845653057098389,1.04850459098816,1.14960253238678,1.2241415977478,0.956251859664917,0.951811730861664,0.653850913047791,0.805187225341797,0.664969861507416,0.16028405725956,0.423768132925034,0.40673890709877,0.807190418243408,0.719823002815247,0.626411378383636,0.8938889503479,0.960938334465027,1.00522935390472,1.13444101810455,1.12740290164948,1.0458687543869,1.0795259475708,1.17223966121674,1.17755007743835,1.01666605472565,0.732904434204102,0.820486426353455,1.01739501953125,1.06428694725037,0.722252547740936,0.466196268796921,0.429558873176575,0.136626690626144,0,0,0,0,0.505824863910675,0.501433193683624,0.693175673484802,0.691813707351685,0,0,0,0,0.51326447725296,0.672010719776154,0,0,0,0,0,0,0,0,0,0,0,0,0,0,0,0,0,0,0,0,0,0,0,0,0,0,0,0,0,0,0,0,0,0,0,0,0,0,0,0,0,0,0,0,0,0,0,0,0,0,0,0,0,0,159
Kaiserslautern,0,0,0,0,0,0,0,0,0,0,0,0,0,0,0,0,0,0,0,0,0,0,0,0,0,0,0,0,0,0,0,0,0,0,0,0,0,0,0,0,0,0,0,0,0,0,0,0,0,0,0,0,0,0,0,0,0,0,0,0,0,0,0,0,0,0,0,0,0,0,0,0,0,0,0,0,0,0,0,0,0,0,0,0,0,0,0,0,0,0,0,0,0,0,0,0,0,0,0,0,0,0,0,0,0,0,0,0,0,0,0,0,0,0,0,0,0,0,0,0,0,0,0,0,5.26421717950143e-05,0.00036848007584922,0,0,0,0,0,0,0,0,0,0,0,0,0,0,0,0,0,0,0,0,0,0,0,0,0,0,0,0,0,0,0,0,0,0,0,0,0,0.00900468602776527,0.000104415070381947,0,0,0,0,0,0,0,0,0,0,0,0,0,0,0,0,0,0,0,0,0.0236835777759552,0.0456577613949776,0.0648597925901413,0.0731187537312508,0.0862897783517838,0.0638159438967705,0.0432360544800758,0.0521865300834179,0.105406500399113,0.143115311861038,0.160487920045853,0.177931606769562,0.173457518219948,0.132633104920387,0.194358393549919,0.250834226608276,0.287239730358124,0.320752054452896,0.337078720331192,0.349340051412582,0.307958871126175,0.264446049928665,0.112664580345154,0.241857171058655,0.164539083838463,0.188610851764679,0.284439146518707,0.369168072938919,0.399001598358154,0.247490391135216,0,0,0.250009685754776,0.365600138902664,0.279894918203354,0.281283318996429,0.250412344932556,0.301949232816696,0.217177659273148,0.245831251144409,0.326412618160248,0.272370219230652,0.34427472949028,0.197274625301361,0.0403809435665607,0.28813374042511,0.29747673869133,0.34418323636055,0.419135242700577,0.394836008548737,0.318595439195633,0.342868655920029,0.382063508033752,0.424415975809097,0.382851094007492,0.366595864295959,0.394593983888626,0.353939712047577,0.304122358560562,0.313047051429749,0.40095055103302,0.313206821680069,0.284872591495514,0.145666554570198,0,0.222905918955803,0.306767195463181,0.287265568971634,0.271162390708923,0.154510572552681,0.287281394004822,0.36114302277565,0.451152384281158,0.505272150039673,0.525514185428619,0.514059066772461,0.499190032482147,0.273508101701736,0,0.196855261921883,0.297914624214172,0.371651738882065,0.434749603271484,0.283568263053894,0.264294326305389,0.00242098630405962,0.224454492330551,0,0,0,0,0.0697461068630219,0,0,0.240724414587021,0.314527183771133,0.355843603610992,0.375872135162354,0.396233052015305,0.365183234214783,0.379916071891785,0.384784549474716,0.354675501585007,0.290693312883377,0.216198936104774,0.267177164554596,0.317948400974274,0.326467216014862,0.168586164712906,0,0.132408335804939,0,0,0,0,0.00369147513993084,0.0547407902777195,0.19963912665844,0.190970167517662,0.174173071980476,0,0,0,0,0.137090146541595,0.200816541910172,0,0,0,0,0,0,0,0,0,0,0,0,0,0,0,0,0,0,0,0,0,0,0,0,0,0,0,0,0,0,0,0,0,0,0,0,0,0,0,0,0,0,0,0,0,0,0,0,0,0,0,0,0,0,160
Landau in der Pfalz,0,0,0,0,0,0,0,0,0,0,0,0,0,0,0,0,0,0,0,0,0,0,0,0,0,0,0,0,0,0,0,0,0,0,0,0,0,0,0,0,0,0,0,0,0,0,0,0,0,0,0,0,0,0,0,0,0,0,0,0,0,0,0,0,0,0,0,0,0,0,0,0,0,0,0,0,0,0,0,0,0,0,0,0,0,0,0,0,0,0,0,0,0,0,0,0,0,0,0,0,0,0,0,0,0,0,0,0,0,0,0,0,0,0,0,0,0,0,0,0,0,0,0,0,2.09031022677664e-05,0.000688604603055865,0,0,0,0,0,0,0,0,0,0,0,0,0,0,0,0,0,0,0,0,0,0,0,0,0,0,0,0,0,0,0,0,0,0,0,0,0,0.022636940702796,0.00980670657008886,0,0,0,0,0,0,0,0,0,0,0,0,0,0,0,0,0,0,0.0381686203181744,0.0404107309877872,0.0563832707703114,0.0908651724457741,0.122716806828976,0.131741687655449,0.145470023155212,0.115147531032562,0.0947896614670753,0.10456870496273,0.167967036366463,0.202749148011208,0.226608201861382,0.250350743532181,0.260291129350662,0.205315083265305,0.270696520805359,0.336076676845551,0.383630007505417,0.424764752388,0.442313611507416,0.451104342937469,0.401331454515457,0.362081527709961,0.205085292458534,0.337896734476089,0.274342596530914,0.269898682832718,0.380332797765732,0.483184367418289,0.509495794773102,0.342152118682861,0.138969510793686,0,0.357754021883011,0.467605739831924,0.373574763536453,0.378591150045395,0.342037409543991,0.4134182035923,0.339899331331253,0.345820099115372,0.442763686180115,0.38689112663269,0.473881423473358,0.294235110282898,0.169546753168106,0.376933038234711,0.443735033273697,0.480859458446503,0.557353317737579,0.542153894901276,0.441070079803467,0.474313795566559,0.516992092132568,0.562131345272064,0.543929994106293,0.52806681394577,0.527169823646545,0.498652130365372,0.429389834403992,0.462221771478653,0.555626213550568,0.471171319484711,0.407216578722,0.294271439313889,0.197117134928703,0.367883145809174,0.449301362037659,0.440495878458023,0.393835723400116,0.327753692865372,0.423592299222946,0.523877143859863,0.630295157432556,0.679302632808685,0.726087927818298,0.713147759437561,0.685046076774597,0.459217667579651,0,0.338589072227478,0.470252901315689,0.560367405414581,0.618648052215576,0.428303182125092,0.422636359930038,0.261003404855728,0.383936852216721,0.203547388315201,0.16573178768158,0,0,0.261363655328751,0.267945140600204,0.264744371175766,0.411682963371277,0.485926151275635,0.52591997385025,0.560003817081451,0.580860137939453,0.521367490291595,0.554951965808868,0.555172622203827,0.517448246479034,0.456395894289017,0.374674558639526,0.435671776533127,0.494271665811539,0.484727531671524,0.311971396207809,0.175178065896034,0.248617097735405,0.138111501932144,0,0,0,0.139201700687408,0.242607861757278,0.295376479625702,0.305813610553741,0.314568907022476,0,0,0,0,0.223836675286293,0.289321392774582,0,0,0,0,0,0,0,0,0,0,0,0,0,0,0,0,0,0,0,0,0,0,0,0,0,0,0,0,0,0,0,0,0,0,0,0,0,0,0,0,0,0,0,0,0,0,0,0,0,0,0,0,0,0,161
Ludwigshafen am Rhein,0,0,0,0,0,0,0,0,0,0,0,0,0,0,0,0,0,0,0,0,0,0,0,0,0,0,0,0,0,0,0,0,0,0,0,0,0,0,0,0,0,0,0,0,0,0,0,0,0,0,0,0,0,0,0,0,0,0,0,0,0,0,0,0,0,0,0,0,0,0,0,0,0,0,0,0,0,0,0,0,0,0,0,0,0,0,0,0,0,0,0,0,0,0,0,0,0,0,0,0,0,0,0,0,0,0,0,0,0,0,0,0,0,0,0,0,0,0,0,0,0,0,0,0,0,0.00100291264243424,0,0,0,0,0,0,0,0,0,0,0,0,0,0,0,0,0,0,0,0,0,0,0,0,0,0,0,0,0,0,0,0,0,0,0,0,0,0.047897607088089,0.030624421313405,0,0,0,0,0,0,0,0,0,0,0,0,0,0,0,0,0,0,0.104350052773952,0.119046747684479,0.144110530614853,0.207484945654869,0.276479780673981,0.303872644901276,0.306876182556152,0.272702902555466,0.244101047515869,0.255378067493439,0.363193690776825,0.426543951034546,0.462835669517517,0.503896832466125,0.504628121852875,0.40415370464325,0.522801518440247,0.64672863483429,0.74835729598999,0.821228861808777,0.869169116020203,0.89457780122757,0.825588405132294,0.72619217634201,0.454158693552017,0.68517655134201,0.574314713478088,0.609207153320313,0.765124976634979,0.942693591117859,0.975774824619293,0.737529337406158,0.521094739437103,0.442466288805008,0.748544096946716,0.930312216281891,0.806467413902283,0.788564562797546,0.735791981220245,0.861991703510284,0.769630610942841,0.76960825920105,0.921021342277527,0.823025643825531,0.961731314659119,0.721586525440216,0.561465263366699,0.839929699897766,0.951518476009369,1.05657172203064,1.1453355550766,1.08912718296051,0.889259457588196,0.9418044090271,1.02906620502472,1.10817348957062,1.09764695167542,1.13342547416687,1.12459015846252,1.10548782348633,0.968784391880035,0.984979391098022,1.18656992912292,1.04552042484283,0.940357625484467,0.707841157913208,0.650059461593628,0.838177800178528,1.04161524772644,1.01571130752563,0.946637868881226,0.796300292015076,0.929850220680237,1.12522125244141,1.30523216724396,1.39792883396149,1.54012095928192,1.45996844768524,1.46743023395538,1.060875415802,0,0.904223918914795,1.1234415769577,1.2282817363739,1.29931688308716,1.01703834533691,1.03130602836609,0.720592141151428,0.865769684314728,0.72594290971756,0.391337662935257,0.48325115442276,0.458024948835373,0.863666236400604,0.775209724903107,0.682633399963379,0.971447706222534,1.02431869506836,1.0577620267868,1.21255385875702,1.19054841995239,1.10978364944458,1.14769148826599,1.2474821805954,1.26112926006317,1.08646988868713,0.789703667163849,0.885392665863037,1.08431458473206,1.13568925857544,0.788717329502106,0.497456222772598,0.471463769674301,0.339701354503632,0,0,0,0,0.531363487243652,0.523500025272369,0.748927593231201,0.757829964160919,0,0,0,0,0.564638137817383,0.747186362743378,0,0,0,0,0,0,0,0,0,0,0,0,0,0,0,0,0,0,0,0,0,0,0,0,0,0,0,0,0,0,0,0,0,0,0,0,0,0,0,0,0,0,0,0,0,0,0,0,0,0,0,0,0,0,162
Mainz,0,0,0,0,0,0,0,0,0,0,0,0,0,0,0,0,0,0,0,0,0,0,0,0,0,0,0,0,0,0,0,0,0,0,0,0,0,0,0,0,0,0,0,0,0,0,0,0,0,0,0,0,0,0,0,0,0,0,0,0,0,0,0,0,0,0,0,0,0,0,0,0,0,0,0,0,0,0,0,0,0,0,0,0,0,0,0,0,0,0,0,0,0,0,0,0,0,0,0,0,0,0,0,0,0,0,0,0,0,0,0,0,0,0,0,0,0,0,0,0,0,0,0,0,0.000384979794034734,0.000983834848739207,0,0,0,0,0,0,0,0,0,0,0,0,0,0,0,0,0,0,0,0,0,0,0,0,0,0,0,0,0,0,0,0,0,0,0,0,0,0.0299304462969303,0.0159970689564943,0,0,0,0,0,0,0,0,0,0,0,0,0,0,0,0,0,0,0,0.0505807250738144,0.0983712151646614,0.144138246774673,0.198387786746025,0.209823876619339,0.22262279689312,0.184399858117104,0.155260816216469,0.17546820640564,0.265819132328033,0.328122019767761,0.355371534824371,0.398199141025543,0.366423666477203,0.28886479139328,0.402201592922211,0.49819552898407,0.579761624336243,0.655937850475311,0.69496476650238,0.701713442802429,0.66158002614975,0.531327128410339,0.29227414727211,0.519529521465302,0.403599143028259,0.466913282871246,0.596111714839935,0.746708810329437,0.792882800102234,0.573933124542236,0.368401408195496,0.238020986318588,0.56474769115448,0.739071190357208,0.627237856388092,0.580079257488251,0.548656642436981,0.657080113887787,0.570480644702911,0.582991421222687,0.682358503341675,0.613312244415283,0.755082964897156,0.597777605056763,0.431584179401398,0.645158171653748,0.685666263103485,0.804299592971802,0.872668743133545,0.78136545419693,0.64690238237381,0.715259253978729,0.779926538467407,0.836864471435547,0.784857034683228,0.809924066066742,0.861132860183716,0.773346245288849,0.714246928691864,0.703698635101318,0.849681496620178,0.730442702770233,0.695741653442383,0.47326448559761,0.390166789293289,0.550605714321136,0.742066502571106,0.700836598873138,0.623264789581299,0.461951285600662,0.618578135967255,0.796622157096863,0.924044489860535,1.01922249794006,1.09015285968781,1.0618588924408,1.03883409500122,0.652785241603851,0,0.631572067737579,0.773502171039581,0.828200697898865,0.956830680370331,0.74090701341629,0.66923063993454,0.49063366651535,0.68996000289917,0.546592116355896,0,0.228596195578575,0.246196925640106,0.632449448108673,0.550436854362488,0.456540524959564,0.640298366546631,0.771410524845123,0.823110163211823,0.878658175468445,0.911392569541931,0.838936567306519,0.883293569087982,0.910111963748932,0.850849270820618,0.727218627929688,0.584795951843262,0.568615078926086,0.762726902961731,0.769804239273071,0.480829387903214,0.299581438302994,0.359344840049744,0,0,0,0,0.219851419329643,0.39341738820076,0.421388685703278,0.473626405000687,0.444504082202911,0,0,0,0,0.333095163106918,0.490308821201324,0,0,0,0,0,0,0,0,0,0,0,0,0,0,0,0,0,0,0,0,0,0,0,0,0,0,0,0,0,0,0,0,0,0,0,0,0,0,0,0,0,0,0,0,0,0,0,0,0,0,0,0,0,0,163
Neustadt an der Weinstraße,0,0,0,0,0,0,0,0,0,0,0,0,0,0,0,0,0,0,0,0,0,0,0,0,0,0,0,0,0,0,0,0,0,0,0,0,0,0,0,0,0,0,0,0,0,0,0,0,0,0,0,0,0,0,0,0,0,0,0,0,0,0,0,0,0,0,0,0,0,0,0,0,0,0,0,0,0,0,0,0,0,0,0,0,0,0,0,0,0,0,0,0,0,0,0,0,0,0,0,0,0,0,0,0,0,0,0,0,0,0,0,0,0,0,0,0,0,0,0,0,0,0,0,0,6.06041212449782e-05,0.000694517279043794,0,0,0,0,0,0,0,0,0,0,0,0,0,0,0,0,0,0,0,0,0,0,0,0,0,0,0,0,0,0,0,0,0,0,0,0,0,0.0244343653321266,0.0125898169353604,0,0,0,0,0,0,0,0,0,0,0,0,0,0,0,0,0,0,0.0217685084789991,0.0240045357495546,0.0631097927689552,0.100542597472668,0.140202209353447,0.14966706931591,0.158186182379723,0.132811337709427,0.114709451794624,0.119948767125607,0.192646741867065,0.234080076217651,0.259265065193176,0.284326374530792,0.292651265859604,0.225736692547798,0.302529484033585,0.384463995695114,0.437599897384644,0.484166145324707,0.507382035255432,0.518560230731964,0.46933388710022,0.416888684034348,0.232137486338615,0.390512764453888,0.306957572698593,0.324095040559769,0.44094842672348,0.555291295051575,0.581523001194,0.401050865650177,0.213022962212563,0.0779050290584564,0.415931463241577,0.548332870006561,0.442789644002914,0.442407637834549,0.40484082698822,0.482196420431137,0.408870309591293,0.415805697441101,0.51981520652771,0.450791835784912,0.550089120864868,0.37184339761734,0.252515584230423,0.450901091098785,0.516635000705719,0.576106250286102,0.656244874000549,0.631247580051422,0.512414872646332,0.547289252281189,0.598822355270386,0.652009546756744,0.628678917884827,0.623053014278412,0.626624882221222,0.598741292953491,0.512921273708344,0.53875207901001,0.66582328081131,0.552848637104034,0.510334253311157,0.36430487036705,0.29457750916481,0.426229923963547,0.544876217842102,0.524378836154938,0.48157212138176,0.397592604160309,0.505894064903259,0.626198649406433,0.745655298233032,0.812447011470795,0.869412660598755,0.842910051345825,0.827124834060669,0.549937427043915,0,0.434469103813171,0.579236686229706,0.674579262733459,0.739147007465363,0.528646469116211,0.51679664850235,0.341781467199326,0.456836014986038,0.278051912784576,0.0898277908563614,0.0831722170114517,0,0.397582590579987,0.376572459936142,0.348556667566299,0.497054010629654,0.575013041496277,0.628844618797302,0.677426993846893,0.692950963973999,0.636389791965485,0.660911858081818,0.688967883586884,0.65695720911026,0.571766138076782,0.443630784749985,0.510400056838989,0.605819821357727,0.600570797920227,0.385206788778305,0.247563183307648,0.28385791182518,0.0754816755652428,0,0,0,0.134262651205063,0.302481204271317,0.351178467273712,0.388052195310593,0.389700174331665,0,0,0,0,0.279167592525482,0.364714235067368,0,0,0,0,0,0,0,0,0,0,0,0,0,0,0,0,0,0,0,0,0,0,0,0,0,0,0,0,0,0,0,0,0,0,0,0,0,0,0,0,0,0,0,0,0,0,0,0,0,0,0,0,0,0,164
Pirmasens,0,0,0,0,0,0,0,0,0,0,0,0,0,0,0,0,0,0,0,0,0,0,0,0,0,0,0,0,0,0,0,0,0,0,0,0,0,0,0,0,0,0,0,0,0,0,0,0,0,0,0,0,0,0,0,0,0,0,0,0,0,0,0,0,0,0,0,0,0,0,0,0,0,0,0,0,0,0,0,0,0,0,0,0,0,0,0,0,0,0,0,0,0,0,0,0,0,0,0,0,0,0,0,0,0,0,0,0,0,0,0,0,0,0,0,0,0,0,0,0,0,0,0,0,5.98380393057596e-06,3.60685116902459e-05,0,0,0,0,0,0,0,0,0,0,0,0,0,0,0,0,0,0,0,0,0,0,0,0,0,0,0,0,0,0,0,0,0,0,0,0,0,0.000846200156956911,0,0,0,0,0,0,0,0,0,0,0,0,0,0,0,0,0,0,0,0,0,0.00232283864170313,0.00398543244227767,0.00563317211344838,0.00610980996862054,0.00729327462613583,0.00517574977129698,0.00353429443202913,0.00450317235663533,0.00868790037930012,0.0118259489536285,0.0133955627679825,0.014764029532671,0.0146691165864468,0.0115664359182119,0.0164751205593348,0.0208641458302736,0.0240259747952223,0.0265197101980448,0.0274688713252544,0.0284951161593199,0.0247655436396599,0.0218592211604118,0.00994298793375492,0.0198513381183147,0.0144045297056437,0.0152120189741254,0.0236677769571543,0.0305064152926207,0.0323872081935406,0.0197543185204268,0,0,0.0204866044223309,0.0298589393496513,0.0221873745322227,0.022739551961422,0.020425159484148,0.0245503447949886,0.0178058501332998,0.0199314001947641,0.0267147906124592,0.0221896972507238,0.0283408127725124,0.0137913292273879,0,0.0229168236255646,0.0248023141175508,0.0276902709156275,0.0344285778701305,0.0331763327121735,0.026862183585763,0.0287548620253801,0.0319945923984051,0.0353216342628002,0.0324602089822292,0.0298309270292521,0.0317426919937134,0.0284945964813232,0.0242735426872969,0.0258989371359348,0.032937478274107,0.0253702066838741,0.0225686188787222,0.0128973983228207,0,0.0180633440613747,0.0239794198423624,0.0233698785305023,0.0215898379683495,0.0137450443580747,0.0239651873707771,0.0301764626055956,0.0374263003468513,0.0413714610040188,0.0431548580527306,0.0425205007195473,0.0408637374639511,0.0229485891759396,0,0.0147951869294047,0.0237645134329796,0.0305505618453026,0.0362157002091408,0.0223809070885181,0.0210819635540247,0.011525010690093,0.0186775419861078,0,0,0,0,0.0115830767899752,0,0.0130039332434535,0.0209695212543011,0.026772590354085,0.0297931209206581,0.0315602608025074,0.0329889804124832,0.03057811409235,0.0323989205062389,0.0319165848195553,0.0284412149339914,0.0236534383147955,0.0184336043894291,0.0233217068016529,0.0267071332782507,0.0264429487287998,0.0139915710315108,0,0.0125823765993118,0,0,0,0,0,0,0.0176890678703785,0.0159690901637077,0.0150929763913155,0,0,0,0,0.0109698455780745,0.0157371871173382,0,0,0,0,0,0,0,0,0,0,0,0,0,0,0,0,0,0,0,0,0,0,0,0,0,0,0,0,0,0,0,0,0,0,0,0,0,0,0,0,0,0,0,0,0,0,0,0,0,0,0,0,0,0,165
Speyer,0,0,0,0,0,0,0,0,0,0,0,0,0,0,0,0,0,0,0,0,0,0,0,0,0,0,0,0,0,0,0,0,0,0,0,0,0,0,0,0,0,0,0,0,0,0,0,0,0,0,0,0,0,0,0,0,0,0,0,0,0,0,0,0,0,0,0,0,0,0,0,0,0,0,0,0,0,0,0,0,0,0,0,0,0,0,0,0,0,0,0,0,0,0,0,0,0,0,0,0,0,0,0,0,0,0,0,0,0,0,0,0,0,0,0,0,0,0,0,0,0,0,0,0,0,0.00158536981325597,0,0,0,0,0,0,0,0,0,0,0,0,0,0,0,0,0,0,0,0,0,0,0,0,0,0,0,0,0,0,0,0,0,0,0,0,0,0.0676661729812622,0.0417152717709541,0,0,0,0,0,0,0,0,0,0,0,0,0,0,0,0,0,0,0.138199403882027,0.159934923052788,0.184943169355392,0.256964087486267,0.339585036039352,0.37248432636261,0.380217045545578,0.328417062759399,0.293592482805252,0.307740300893784,0.426861137151718,0.499375700950623,0.546361684799194,0.593197107315063,0.599754273891449,0.491862446069717,0.619478046894073,0.752577662467957,0.869411170482635,0.955862760543823,1.00692057609558,1.02658188343048,0.934897184371948,0.839045822620392,0.555801630020142,0.795501828193665,0.677025675773621,0.67658668756485,0.873644709587097,1.07743644714355,1.12041401863098,0.834936797618866,0.578543126583099,0.486661016941071,0.853146314620972,1.06324434280396,0.900313913822174,0.879494488239288,0.823695361614227,0.977666079998016,0.868209660053253,0.850860357284546,1.04252028465271,0.934561729431152,1.09703505039215,0.775964200496674,0.614108562469482,0.922705590724945,1.0673314332962,1.15779423713684,1.26973581314087,1.22276091575623,1.00542712211609,1.05822861194611,1.14968681335449,1.24381744861603,1.2480241060257,1.28063094615936,1.23978853225708,1.22321140766144,1.06404829025269,1.09801161289215,1.3119341135025,1.17638611793518,1.0255606174469,0.825914323329926,0.735048890113831,0.977967917919159,1.1753363609314,1.12705433368683,1.03252506256104,0.908907353878021,1.03379082679749,1.24467027187347,1.46480762958527,1.56368172168732,1.70114123821259,1.62312924861908,1.62017786502838,1.19795739650726,0,0.968636333942413,1.23999667167664,1.38010847568512,1.45597982406616,1.11450719833374,1.1556875705719,0.852220773696899,0.990287661552429,0.772478580474854,0.578825950622559,0.563346803188324,0.478018909692764,0.932550072669983,0.874319314956665,0.780236065387726,1.07544755935669,1.14086639881134,1.17349815368652,1.33026611804962,1.32296061515808,1.23162829875946,1.29921889305115,1.37315213680267,1.36133480072021,1.19280660152435,0.896388351917267,1.01744306087494,1.20226621627808,1.23210453987122,0.887550294399261,0.563039839267731,0.571469664573669,0.547040998935699,0,0,0,0,0.620051026344299,0.655623078346252,0.820118427276611,0.853700995445251,0,0,0,0,0.637420356273651,0.811792433261871,0,0,0,0,0,0,0,0,0,0,0,0,0,0,0,0,0,0,0,0,0,0,0,0,0,0,0,0,0,0,0,0,0,0,0,0,0,0,0,0,0,0,0,0,0,0,0,0,0,0,0,0,0,0,166
Worms,0,0,0,0,0,0,0,0,0,0,0,0,0,0,0,0,0,0,0,0,0,0,0,0,0,0,0,0,0,0,0,0,0,0,0,0,0,0,0,0,0,0,0,0,0,0,0,0,0,0,0,0,0,0,0,0,0,0,0,0,0,0,0,0,0,0,0,0,0,0,0,0,0,0,0,0,0,0,0,0,0,0,0,0,0,0,0,0,0,0,0,0,0,0,0,0,0,0,0,0,0,0,0,0,0,0,0,0,0,0,0,0,0,0,0,0,0,0,0,0,0,0,0,0,0,0.000800524663645774,0,0,0,0,0,0,0,0,0,0,0,0,0,0,0,0,0,0,0,0,0,0,0,0,0,0,0,0,0,0,0,0,0,0,0,0,0,0.0341583974659443,0.0210284236818552,0,0,0,0,0,0,0,0,0,0,0,0,0,0,0,0,0,0,0.0666717290878296,0.0775457620620728,0.103308156132698,0.15562941133976,0.211080566048622,0.230813398957253,0.234341621398926,0.205234840512276,0.183316797018051,0.191593304276466,0.285148799419403,0.338758528232574,0.365007281303406,0.400744527578354,0.39649286866188,0.308192610740662,0.407580882310867,0.514554977416992,0.593030095100403,0.657446920871735,0.694949448108673,0.712463319301605,0.664425313472748,0.571568787097931,0.338047325611115,0.542110085487366,0.434990227222443,0.48068231344223,0.604786574840546,0.752451121807098,0.780844628810883,0.582389891147614,0.400457769632339,0.33075413107872,0.586978852748871,0.74131578207016,0.643001019954681,0.625831186771393,0.576963365077972,0.677452623844147,0.597086608409882,0.614110887050629,0.719614803791046,0.641437530517578,0.759802162647247,0.587918996810913,0.447298139333725,0.665472805500031,0.732863247394562,0.831685304641724,0.904551327228546,0.848532259464264,0.690283000469208,0.743169009685516,0.812272369861603,0.868532776832581,0.84765636920929,0.871769726276398,0.891150593757629,0.859883308410645,0.75716644525528,0.765152335166931,0.922732710838318,0.795299112796783,0.744462370872498,0.532034993171692,0.477085441350937,0.616366863250732,0.794858455657959,0.780883848667145,0.717844486236572,0.583205044269562,0.714091181755066,0.872211277484894,1.00776016712189,1.08663487434387,1.19385850429535,1.14107620716095,1.13916385173798,0.788281500339508,0,0.69936603307724,0.860993206501007,0.941360235214233,1.0151664018631,0.792857527732849,0.774650394916534,0.527935981750488,0.676982700824738,0.560669660568237,0.0284668058156967,0.337445765733719,0.332066118717194,0.672723889350891,0.590775072574615,0.509624242782593,0.729607760906219,0.802043557167053,0.841295659542084,0.939282715320587,0.942596912384033,0.870699405670166,0.903827548027039,0.97175532579422,0.965938925743103,0.831794440746307,0.610275983810425,0.659525871276855,0.841357231140137,0.878477573394775,0.585279107093811,0.3893763422966,0.349072277545929,0.0242652054876089,0,0,0,0,0.418225169181824,0.424766927957535,0.567709147930145,0.553716659545898,0,0,0,0,0.422215819358826,0.550606071949005,0,0,0,0,0,0,0,0,0,0,0,0,0,0,0,0,0,0,0,0,0,0,0,0,0,0,0,0,0,0,0,0,0,0,0,0,0,0,0,0,0,0,0,0,0,0,0,0,0,0,0,0,0,0,167
Zweibrücken,0,0,0,0,0,0,0,0,0,0,0,0,0,0,0,0,0,0,0,0,0,0,0,0,0,0,0,0,0,0,0,0,0,0,0,0,0,0,0,0,0,0,0,0,0,0,0,0,0,0,0,0,0,0,0,0,0,0,0,0,0,0,0,0,0,0,0,0,0,0,0,0,0,0,0,0,0,0,0,0,0,0,0,0,0,0,0,0,0,0,0,0,0,0,0,0,0,0,0,0,0,0,0,0,0,0,0,0,0,0,0,0,0,0,0,0,0,0,0,0,0,0,0,0,0,6.47254928480834e-05,0,0,0,0,0,0,0,0,0,0,0,0,0,0,0,0,0,0,0,0,0,0,0,0,0,0,0,0,0,0,0,0,0,0,0,0,0,0.00187881197780371,0,0,0,0,0,0,0,0,0,0,0,0,0,0,0,0,0,0,0,0,0,0,0.0103999609127641,0.0150672448799014,0.0182972177863121,0.0217509064823389,0.0145058110356331,0.0122387828305364,0.0176705252379179,0.0270904004573822,0.0371325127780437,0.0420607291162014,0.0467977188527584,0.0433104336261749,0.0358841829001904,0.0506129413843155,0.0640746876597404,0.0748305320739746,0.0812889784574509,0.0870280414819717,0.0915389731526375,0.0808756425976753,0.0701388940215111,0.03029421903193,0.0654394999146461,0.0439762510359287,0.0516015253961086,0.0714397355914116,0.0935847908258438,0.0975225418806076,0.0613114386796951,0,0,0.059361856430769,0.0934382900595665,0.0702030435204506,0.0771063342690468,0.0620103850960732,0.0764136016368866,0.0511500872671604,0.0695875808596611,0.083004392683506,0.0721821263432503,0.0818265154957771,0.0497740730643272,0,0.0814270749688148,0.0791751220822334,0.0875410512089729,0.111599050462246,0.104661352932453,0.0835061222314835,0.0873209983110428,0.0972289741039276,0.107193991541862,0.0940484255552292,0.0934579968452454,0.0945105254650116,0.0842824652791023,0.0756938084959984,0.0751023143529892,0.0956820696592331,0.0767004489898682,0.0681565925478935,0,0,0.060948021709919,0.0746027603745461,0.0729993507266045,0.0624118223786354,0.0379601046442986,0.0667995736002922,0.0876055881381035,0.113021470606327,0.12502783536911,0.132007643580437,0.125987693667412,0.125249549746513,0.0640058815479279,0,0.0531903766095638,0.0766969099640846,0.0885418131947517,0.105704009532928,0.0752804428339005,0.07598577439785,0.0449739806354046,0.0501466765999794,0,0,0,0,0.0478162840008736,0,0,0.0586266927421093,0.0741151720285416,0.0781474858522415,0.0881718918681145,0.0931975618004799,0.0902725607156754,0.091325506567955,0.0923174098134041,0.0886902064085007,0.0730311125516891,0.0336060523986816,0.0627084448933601,0.07389996945858,0.0814847275614738,0.0471708923578262,0,0,0,0,0,0,0,0,0.0405126176774502,0.039908692240715,0.0373907014727592,0,0,0,0,0,0.0514547154307365,0,0,0,0,0,0,0,0,0,0,0,0,0,0,0,0,0,0,0,0,0,0,0,0,0,0,0,0,0,0,0,0,0,0,0,0,0,0,0,0,0,0,0,0,0,0,0,0,0,0,0,0,0,0,168
Alzey-Worms,0,0,0,0,0,0,0,0,0,0,0,0,0,0,0,0,0,0,0,0,0,0,0,0,0,0,0,0,0,0,0,0,0,0,0,0,0,0,0,0,0,0,0,0,0,0,0,0,0,0,0,0,0,0,0,0,0,0,0,0,0,0,0,0,0,0,0,0,0,0,0,0,0,0,0,0,0,0,0,0,0,0,0,0,0,0,0,0,0,0,0,0,0,0,0,0,0,0,0,0,0,0,0,0,0,0,0,0,0,0,0,0,0,0,0,0,0,0,0,0,0,0,0,0,0.0001303247991018,0.000784151605330408,0,0,0,0,0,0,0,0,0,0,0,0,0,0,0,0,0,0,0,0,0,0,0,0,0,0,0,0,0,0,0,0,0,0,0,0,0,0.024760264903307,0.013986780308187,0,0,0,0,0,0,0,0,0,0,0,0,0,0,0,0,0,0,0.0209945011883974,0.0269355345517397,0.073707714676857,0.113021448254585,0.157032147049904,0.170523524284363,0.175682634115219,0.148639366030693,0.126485660672188,0.137371629476547,0.21405091881752,0.26089146733284,0.283036321401596,0.313751757144928,0.302430927753448,0.231807798147202,0.315738350152969,0.40226811170578,0.460879236459732,0.5179762840271,0.547766208648682,0.55827397108078,0.522194027900696,0.436799079179764,0.239375963807106,0.416063666343689,0.320533156394958,0.365298002958298,0.470791965723038,0.590371668338776,0.624447882175446,0.451732724905014,0.288040965795517,0.219459369778633,0.452077001333237,0.583166539669037,0.49963304400444,0.47534042596817,0.440000683069229,0.517321586608887,0.445568174123764,0.470198065042496,0.547849833965302,0.487946808338165,0.586495518684387,0.458809971809387,0.333721876144409,0.513254046440125,0.543775677680969,0.628465354442596,0.696024060249329,0.640877664089203,0.523886919021606,0.567711412906647,0.623044788837433,0.671045184135437,0.636354684829712,0.656696856021881,0.689207017421722,0.636963248252869,0.574723899364471,0.574577212333679,0.695398211479187,0.591823935508728,0.557933866977692,0.373394310474396,0.336065322160721,0.437814682722092,0.599180519580841,0.573733389377594,0.518019318580627,0.396203279495239,0.52780944108963,0.653872311115265,0.760958969593048,0.828887343406677,0.901297688484192,0.872074246406555,0.860035359859467,0.558625340461731,0,0.509661734104156,0.632532477378845,0.692302465438843,0.771507501602173,0.595747351646423,0.561198949813843,0.371697068214417,0.518662512302399,0.402902662754059,0,0.118484757840633,0.119014978408813,0.49682080745697,0.417478084564209,0.360785037279129,0.522430300712585,0.61150586605072,0.651171922683716,0.710219621658325,0.728289365768433,0.668681919574738,0.696297109127045,0.723262906074524,0.707407653331757,0.608538091182709,0.469121158123016,0.479731231927872,0.626811802387238,0.647731125354767,0.413109600543976,0.281860709190369,0.272916048765182,0,0,0,0,0.125996440649033,0.312600642442703,0.342562019824982,0.407186180353165,0.385104537010193,0,0,0,0,0.308352380990982,0.406791746616364,0,0,0,0,0,0,0,0,0,0,0,0,0,0,0,0,0,0,0,0,0,0,0,0,0,0,0,0,0,0,0,0,0,0,0,0,0,0,0,0,0,0,0,0,0,0,0,0,0,0,0,0,0,0,169
Bad Dürkheim,0,0,0,0,0,0,0,0,0,0,0,0,0,0,0,0,0,0,0,0,0,0,0,0,0,0,0,0,0,0,0,0,0,0,0,0,0,0,0,0,0,0,0,0,0,0,0,0,0,0,0,0,0,0,0,0,0,0,0,0,0,0,0,0,0,0,0,0,0,0,0,0,0,0,0,0,0,0,0,0,0,0,0,0,0,0,0,0,0,0,0,0,0,0,0,0,0,0,0,0,0,0,0,0,0,0,0,0,0,0,0,0,0,0,0,0,0,0,0,0,0,0,0,0,6.07265465077944e-05,0.000637557997833937,0,0,0,0,0,0,0,0,0,0,0,0,0,0,0,0,0,0,0,0,0,0,0,0,0,0,0,0,0,0,0,0,0,0,0,0,0,0.0224919933825731,0.0113951778039336,0,0,0,0,0,0,0,0,0,0,0,0,0,0,0,0,0,0,0.0234026964753866,0.0256220512092113,0.0592178627848625,0.09665896743536,0.135576754808426,0.146422326564789,0.152683809399605,0.129596129059792,0.11058284342289,0.115705966949463,0.189377099275589,0.231666147708893,0.254600346088409,0.280058532953262,0.283920377492905,0.215650305151939,0.293556988239288,0.377100259065628,0.42889130115509,0.476405590772629,0.500615298748016,0.512826859951019,0.467796355485916,0.408759027719498,0.220054507255554,0.382505357265472,0.2935391664505,0.321068853139877,0.433449685573578,0.546278297901154,0.573499143123627,0.397595882415771,0.207602009177208,0.0980824455618858,0.407578110694885,0.539547085762024,0.441926449537277,0.437104880809784,0.399838984012604,0.47296416759491,0.398764312267303,0.414006352424622,0.509584069252014,0.440287441015244,0.537341177463531,0.375963032245636,0.236951410770416,0.449897646903992,0.501141786575317,0.567722916603088,0.6436488032341,0.612052500247955,0.496495515108109,0.530654549598694,0.582623362541199,0.633942604064941,0.606119513511658,0.604819178581238,0.618150413036346,0.588076293468475,0.507512986660004,0.523591697216034,0.649788320064545,0.536136090755463,0.501016914844513,0.3410624563694,0.263668984174728,0.403429359197617,0.532056927680969,0.511557161808014,0.471252799034119,0.370421588420868,0.489831030368805,0.60655689239502,0.718029737472534,0.783761560916901,0.842781245708466,0.814276278018951,0.802690505981445,0.524043142795563,0,0.427598178386688,0.562430679798126,0.646776497364044,0.71013355255127,0.516593873500824,0.497794061899185,0.291061908006668,0.434732675552368,0.267545521259308,0.0364968851208687,0.10251073539257,0.0657463073730469,0.368745684623718,0.325277000665665,0.286492437124252,0.471517413854599,0.547149419784546,0.596506595611572,0.645544290542603,0.658437788486481,0.605144917964935,0.627376675605774,0.660220682621002,0.6360964179039,0.54850035905838,0.41539603471756,0.469927281141281,0.574328362941742,0.5794717669487,0.364139139652252,0.213519260287285,0.253827512264252,0.030668081715703,0,0,0,0.0861223787069321,0.278606295585632,0.321270436048508,0.371410250663757,0.361023098230362,0,0,0,0,0.265667021274567,0.346864700317383,0,0,0,0,0,0,0,0,0,0,0,0,0,0,0,0,0,0,0,0,0,0,0,0,0,0,0,0,0,0,0,0,0,0,0,0,0,0,0,0,0,0,0,0,0,0,0,0,0,0,0,0,0,0,170
Donnersbergkreis,0,0,0,0,0,0,0,0,0,0,0,0,0,0,0,0,0,0,0,0,0,0,0,0,0,0,0,0,0,0,0,0,0,0,0,0,0,0,0,0,0,0,0,0,0,0,0,0,0,0,0,0,0,0,0,0,0,0,0,0,0,0,0,0,0,0,0,0,0,0,0,0,0,0,0,0,0,0,0,0,0,0,0,0,0,0,0,0,0,0,0,0,0,0,0,0,0,0,0,0,0,0,0,0,0,0,0,0,0,0,0,0,0,0,0,0,0,0,0,0,0,0,0,0,7.41093026590534e-05,0.000520037894602865,0,0,0,0,0,0,0,0,0,0,0,0,0,0,0,0,0,0,0,0,0,0,0,0,0,0,0,0,0,0,0,0,0,0,0,0,0,0.0137299438938498,0.00561064342036843,0,0,0,0,0,0,0,0,0,0,0,0,0,0,0,0,0,0,0,0,0.0351446345448494,0.0631553381681442,0.0932875871658325,0.101485177874565,0.109975352883339,0.0887154042720795,0.0672083348035812,0.0753800272941589,0.136616542935371,0.175338670611382,0.19376277923584,0.21561773121357,0.208988875150681,0.153747096657753,0.223593235015869,0.292812347412109,0.329953342676163,0.373671680688858,0.395229548215866,0.405003815889359,0.37024399638176,0.310826331377029,0.142827153205872,0.289481788873672,0.203513130545616,0.240203708410263,0.334349989891052,0.426898539066315,0.46313002705574,0.307854175567627,0.086526021361351,0.0200641360133886,0.311438232660294,0.424864828586578,0.347164839506149,0.333426207304001,0.30332550406456,0.360431224107742,0.285415887832642,0.312576860189438,0.385897129774094,0.331460326910019,0.409942895174026,0.292524993419647,0.149266391992569,0.351667910814285,0.359032839536667,0.422348141670227,0.488940477371216,0.451841056346893,0.367570698261261,0.396052092313766,0.439451575279236,0.486709177494049,0.44663593173027,0.449333697557449,0.477371633052826,0.428209185600281,0.385563462972641,0.382697701454163,0.481691956520081,0.390602767467499,0.361592620611191,0.208072081208229,0.128745809197426,0.27437487244606,0.396396636962891,0.365760385990143,0.333865582942963,0.218985944986343,0.353285610675812,0.439665585756302,0.53117561340332,0.592782080173492,0.62513279914856,0.610672891139984,0.595101654529572,0.348325967788696,0,0.29488268494606,0.396812915802002,0.458065718412399,0.522130072116852,0.375804275274277,0.346036821603775,0.130501285195351,0.302887052297592,0.103819079697132,0,0,0,0.27271631360054,0.144096478819847,0.0980393067002296,0.30751621723175,0.398538649082184,0.440309822559357,0.464216142892838,0.484687805175781,0.442823022603989,0.466430813074112,0.468670397996902,0.450422465801239,0.378901809453964,0.295665353536606,0.317204356193542,0.403833150863647,0.411919444799423,0.237017631530762,0.0809506699442863,0.180531591176987,0,0,0,0,0.110603451728821,0.179363116621971,0.234314545989037,0.251391679048538,0.225809931755066,0,0,0,0,0.182068452239037,0.253361880779266,0,0,0,0,0,0,0,0,0,0,0,0,0,0,0,0,0,0,0,0,0,0,0,0,0,0,0,0,0,0,0,0,0,0,0,0,0,0,0,0,0,0,0,0,0,0,0,0,0,0,0,0,0,0,171
Germersheim,0,0,0,0,0,0,0,0,0,0,0,0,0,0,0,0,0,0,0,0,0,0,0,0,0,0,0,0,0,0,0,0,0,0,0,0,0,0,0,0,0,0,0,0,0,0,0,0,0,0,0,0,0,0,0,0,0,0,0,0,0,0,0,0,0,0,0,0,0,0,0,0,0,0,0,0,0,0,0,0,0,0,0,0,0,0,0,0,0,0,0,0,0,0,0,0,0,0,0,0,0,0,0,0,0,0,0,0,0,0,0,0,0,0,0,0,0,0,0,0,0,0,0,0,0,0.000481568509712815,0,0,0,0,0,0,0,0,0,0,0,0,0,0,0,0,0,0,0,0,0,0,0,0,0,0,0,0,0,0,0,0,0,0,0,0,0,0.0213030185550451,0.0118685057386756,0,0,0,0,0,0,0,0,0,0,0,0,0,0,0,0,0,0,0.0433252528309822,0.0474613271653652,0.0548840239644051,0.0816188231110573,0.106820210814476,0.117576561868191,0.123616524040699,0.102256782352924,0.0883249938488007,0.0955888256430626,0.137676119804382,0.159097954630852,0.175916120409966,0.192985877394676,0.200395509600639,0.164391189813614,0.205049186944962,0.246514335274696,0.283979743719101,0.314477920532227,0.330304116010666,0.334935992956161,0.301266580820084,0.275549679994583,0.182598382234573,0.260839760303497,0.225606501102448,0.212224841117859,0.284198254346848,0.35776674747467,0.372931391000748,0.268229097127914,0.163882225751877,0.126291021704674,0.277379214763641,0.348391324281693,0.289222627878189,0.29153248667717,0.26291897892952,0.320441633462906,0.27557972073555,0.273054927587509,0.340264648199081,0.306768447160721,0.364282965660095,0.242207571864128,0.18940706551075,0.294705837965012,0.351750254631042,0.371833890676498,0.418254226446152,0.407847106456757,0.335234075784683,0.35777959227562,0.384379953145981,0.41562220454216,0.418723583221436,0.420415550470352,0.403190135955811,0.396117478609085,0.343774557113647,0.366456776857376,0.428808361291885,0.386981785297394,0.326277047395706,0.271397650241852,0.223178267478943,0.320604264736176,0.375606954097748,0.367432564496994,0.325917601585388,0.296104907989502,0.340115368366241,0.408190608024597,0.487133830785751,0.518120527267456,0.561399698257446,0.544989824295044,0.532090187072754,0.39344447851181,0.0170561950653791,0.302871912717819,0.400865912437439,0.45582240819931,0.485262930393219,0.360135108232498,0.371053874492645,0.284216612577438,0.326348096132278,0.227717489004135,0.202295452356339,0.153629198670387,7.94552470324561e-05,0.283823043107986,0.282026052474976,0.267987459897995,0.348533749580383,0.384144514799118,0.397837996482849,0.435027062892914,0.447594672441483,0.404847651720047,0.439116716384888,0.446578562259674,0.428299963474274,0.384890615940094,0.302715331315994,0.350768774747849,0.396578878164291,0.401356041431427,0.284892529249191,0.186806291341782,0.198172405362129,0.176971882581711,0.0162633080035448,0,0,0.0100887296721339,0.210377216339111,0.229385107755661,0.256732165813446,0.276328086853027,0,0,0,0,0.200091421604156,0.24659138917923,0,0,0,0,0,0,0,0,0,0,0,0,0,0,0,0,0,0,0,0,0,0,0,0,0,0,0,0,0,0,0,0,0,0,0,0,0,0,0,0,0,0,0,0,0,0,0,0,0,0,0,0,0,0,172
Kaiserslautern,0,0,0,0,0,0,0,0,0,0,0,0,0,0,0,0,0,0,0,0,0,0,0,0,0,0,0,0,0,0,0,0,0,0,0,0,0,0,0,0,0,0,0,0,0,0,0,0,0,0,0,0,0,0,0,0,0,0,0,0,0,0,0,0,0,0,0,0,0,0,0,0,0,0,0,0,0,0,0,0,0,0,0,0,0,0,0,0,0,0,0,0,0,0,0,0,0,0,0,0,0,0,0,0,0,0,0,0,0,0,0,0,0,0,0,0,0,0,0,0,0,0,0,0,3.71837122656871e-05,0.000304458721075207,0,0,0,0,0,0,0,0,0,0,0,0,0,0,0,0,0,0,0,0,0,0,0,0,0,0,0,0,0,0,0,0,0,0,0,0,0,0.00860361289232969,0.000502101727761328,0,0,0,0,0,0,0,0,0,0,0,0,0,0,0,0,0,0,0,0,0.0187483914196491,0.0451882779598236,0.0660028457641602,0.0743270590901375,0.0875175148248672,0.0645707175135612,0.046014316380024,0.0578235499560833,0.107855953276157,0.145903989672661,0.163917198777199,0.181150406599045,0.174051091074944,0.134658381342888,0.196038365364075,0.252701163291931,0.290296286344528,0.323811203241348,0.34248560667038,0.355674535036087,0.315582156181335,0.269741117954254,0.114440612494946,0.248237252235413,0.167285412549973,0.196442782878876,0.284808486700058,0.370954006910324,0.400113373994827,0.252090990543365,0,0,0.25098443031311,0.370264142751694,0.286753505468369,0.290510833263397,0.252564191818237,0.306907325983047,0.217954024672508,0.257407248020172,0.329799741506577,0.280012875795364,0.342614531517029,0.209548696875572,0.0520189143717289,0.301740735769272,0.3036749958992,0.351128578186035,0.428263545036316,0.399921000003815,0.321602582931519,0.343873143196106,0.382962584495544,0.425462603569031,0.385185718536377,0.375056892633438,0.398058950901031,0.355917483568192,0.310220450162888,0.314325004816055,0.399963796138763,0.317316323518753,0.287068426609039,0.141402646899223,0,0.23238018155098,0.313588231801987,0.293874800205231,0.271925628185272,0.158065006136894,0.285023987293243,0.359606236219406,0.453021109104156,0.50746351480484,0.530196130275726,0.514882445335388,0.502883434295654,0.27376651763916,0,0.210492670536041,0.307842463254929,0.372846066951752,0.434444963932037,0.295806914567947,0.280037939548492,0.0384775400161743,0.223367929458618,0,0,0,0,0.149639263749123,0,0,0.237835749983788,0.316034078598022,0.347581624984741,0.372081369161606,0.393224120140076,0.367013037204742,0.383625090122223,0.383909553289413,0.362632483243942,0.297187447547913,0.200814560055733,0.261124223470688,0.318131387233734,0.331713050603867,0.178329676389694,0,0.0858138278126717,0,0,0,0,0.0177512317895889,0.0607903860509396,0.190611988306046,0.186027526855469,0.170601174235344,0,0,0,0,0.127100765705109,0.207263112068176,0,0,0,0,0,0,0,0,0,0,0,0,0,0,0,0,0,0,0,0,0,0,0,0,0,0,0,0,0,0,0,0,0,0,0,0,0,0,0,0,0,0,0,0,0,0,0,0,0,0,0,0,0,0,173
Kusel,0,0,0,0,0,0,0,0,0,0,0,0,0,0,0,0,0,0,0,0,0,0,0,0,0,0,0,0,0,0,0,0,0,0,0,0,0,0,0,0,0,0,0,0,0,0,0,0,0,0,0,0,0,0,0,0,0,0,0,0,0,0,0,0,0,0,0,0,0,0,0,0,0,0,0,0,0,0,0,0,0,0,0,0,0,0,0,0,0,0,0,0,0,0,0,0,0,0,0,0,0,0,0,0,0,0,0,0,0,0,0,0,0,0,0,0,0,0,0,0,0,0,0,0,1.41740920298616e-05,6.3425199186895e-05,0,0,0,0,0,0,0,0,0,0,0,0,0,0,0,0,0,0,0,0,0,0,0,0,0,0,0,0,0,0,0,0,0,0,0,0,0,0.00625876849517226,0.000139445590320975,0,0,0,0,0,0,0,0,0,0,0,0,0,0,0,0,0,0,0,0,0.00194263237062842,0.0356149189174175,0.0546981133520603,0.0641020014882088,0.0754154548048973,0.0549994371831417,0.0273373015224934,0.0568371042609215,0.0983228534460068,0.13169364631176,0.151595681905746,0.169037818908691,0.155582383275032,0.121518038213253,0.180607497692108,0.232233092188835,0.270821630954742,0.301586985588074,0.32346448302269,0.33698895573616,0.300751745700836,0.252040356397629,0.0526268593966961,0.229839995503426,0.142477199435234,0.186162069439888,0.254481941461563,0.342552423477173,0.371359348297119,0.232222467660904,0,0,0.21897841989994,0.345854163169861,0.270884156227112,0.274615347385406,0.229539573192596,0.283776462078094,0.194812819361687,0.24335016310215,0.303507447242737,0.261931151151657,0.302821576595306,0.20237885415554,0.0692650005221367,0.295109689235687,0.281195342540741,0.332272887229919,0.411570012569427,0.370803892612457,0.294092535972595,0.316386967897415,0.351948469877243,0.390420436859131,0.343288987874985,0.350108742713928,0.36070653796196,0.314618974924088,0.279547452926636,0.28144097328186,0.351800322532654,0.283340573310852,0.234852775931358,0.0508681312203407,0.0051869060844183,0.213158622384071,0.288687765598297,0.263805598020554,0.228933423757553,0.0944074913859367,0.23259998857975,0.311039358377457,0.409053832292557,0.46261990070343,0.490355908870697,0.466303288936615,0.455859065055847,0.221464723348618,0,0.184180572628975,0.277403980493546,0.324651181697845,0.387384086847305,0.280169427394867,0.269826173782349,0.0305244214832783,0.176107808947563,0,0,0,0,0.180861562490463,0.00553726591169834,0.0015512234531343,0.190629720687866,0.273179978132248,0.295916080474854,0.327281981706619,0.351820945739746,0.337437242269516,0.339467227458954,0.337163686752319,0.331649869680405,0.267834067344666,0.100104786455631,0.215167969465256,0.274864792823792,0.300414532423019,0.150847092270851,0,0.0097462423145771,0,0,0,0,0,0.00920200161635876,0.144213199615479,0.143824383616447,0.0927681103348732,0,0,0,0,0.0412909053266048,0.193701893091202,0,0,0,0,0,0,0,0,0,0,0,0,0,0,0,0,0,0,0,0,0,0,0,0,0,0,0,0,0,0,0,0,0,0,0,0,0,0,0,0,0,0,0,0,0,0,0,0,0,0,0,0,0,0,174
Südliche Weinstraße,0,0,0,0,0,0,0,0,0,0,0,0,0,0,0,0,0,0,0,0,0,0,0,0,0,0,0,0,0,0,0,0,0,0,0,0,0,0,0,0,0,0,0,0,0,0,0,0,0,0,0,0,0,0,0,0,0,0,0,0,0,0,0,0,0,0,0,0,0,0,0,0,0,0,0,0,0,0,0,0,0,0,0,0,0,0,0,0,0,0,0,0,0,0,0,0,0,0,0,0,0,0,0,0,0,0,0,0,0,0,0,0,0,0,0,0,0,0,0,0,0,0,0,0,3.61738493666053e-05,0.000648091954644769,0,0,0,0,0,0,0,0,0,0,0,0,0,0,0,0,0,0,0,0,0,0,0,0,0,0,0,0,0,0,0,0,0,0,0,0,0,0.0216541029512882,0.00856371875852346,0,0,0,0,0,0,0,0,0,0,0,0,0,0,0,0,0,0,0.0279403999447823,0.0299824140965939,0.0543874688446522,0.0870213285088539,0.118559271097183,0.127015426754951,0.139945611357689,0.111384987831116,0.0923472866415977,0.101442992687225,0.163298115134239,0.198669925332069,0.222152143716812,0.245083853602409,0.254338055849075,0.200121834874153,0.265405535697937,0.331113278865814,0.378339052200317,0.418336540460587,0.435779094696045,0.44518831372261,0.396498113870621,0.357238560914993,0.200003489851952,0.333502143621445,0.268287360668182,0.267163813114166,0.376770853996277,0.478476464748383,0.503939688205719,0.338040918111801,0.126024335622787,0.0362884663045406,0.353836566209793,0.465399295091629,0.370563298463821,0.374777793884277,0.340360850095749,0.409965872764587,0.337167024612427,0.343529671430588,0.440551191568375,0.38320180773735,0.470987766981125,0.29093462228775,0.150964185595512,0.376154571771622,0.439964145421982,0.479887425899506,0.557438611984253,0.54164582490921,0.440824806690216,0.473212569952011,0.516891300678253,0.562659084796906,0.543381631374359,0.526698529720306,0.52804309129715,0.499023079872131,0.428744494915009,0.460671037435532,0.558026015758514,0.468638598918915,0.410448551177979,0.294295012950897,0.176246374845505,0.364504903554916,0.449475407600403,0.439626514911652,0.395253300666809,0.326894730329514,0.425506353378296,0.527967572212219,0.634987950325012,0.686290323734283,0.732886791229248,0.719096899032593,0.693047225475311,0.45985421538353,0,0.339462131261826,0.4725182056427,0.564342141151428,0.625998556613922,0.43159806728363,0.424950212240219,0.282842427492142,0.385286033153534,0.176979839801788,0.12385930120945,0.0426870919764042,0,0.293482542037964,0.294232219457626,0.295225501060486,0.416209489107132,0.492344439029694,0.534554481506348,0.570437967777252,0.589817881584167,0.532840371131897,0.565064132213593,0.568192899227142,0.529847264289856,0.465332806110382,0.378487288951874,0.441772907972336,0.50545597076416,0.494394570589066,0.315358012914658,0.152573898434639,0.251695156097412,0.10453911870718,0,0,0,0.134268879890442,0.246406689286232,0.303697735071182,0.314598858356476,0.321374297142029,0,0,0,0,0.229503750801086,0.298663526773453,0,0,0,0,0,0,0,0,0,0,0,0,0,0,0,0,0,0,0,0,0,0,0,0,0,0,0,0,0,0,0,0,0,0,0,0,0,0,0,0,0,0,0,0,0,0,0,0,0,0,0,0,0,0,175
Rhein-Pfalz-Kreis,0,0,0,0,0,0,0,0,0,0,0,0,0,0,0,0,0,0,0,0,0,0,0,0,0,0,0,0,0,0,0,0,0,0,0,0,0,0,0,0,0,0,0,0,0,0,0,0,0,0,0,0,0,0,0,0,0,0,0,0,0,0,0,0,0,0,0,0,0,0,0,0,0,0,0,0,0,0,0,0,0,0,0,0,0,0,0,0,0,0,0,0,0,0,0,0,0,0,0,0,0,0,0,0,0,0,0,0,0,0,0,0,0,0,0,0,0,0,0,0,0,0,0,0,0,0.00112108641769737,0,0,0,0,0,0,0,0,0,0,0,0,0,0,0,0,0,0,0,0,0,0,0,0,0,0,0,0,0,0,0,0,0,0,0,0,0,0.0484139546751976,0.0294813085347414,0,0,0,0,0,0,0,0,0,0,0,0,0,0,0,0,0,0,0.100184798240662,0.113352134823799,0.134879276156425,0.194107055664063,0.259567528963089,0.283617407083511,0.288712829351425,0.250939697027206,0.224510014057159,0.234282985329628,0.335841327905655,0.394787013530731,0.430865079164505,0.468804866075516,0.475548803806305,0.382032960653305,0.488419443368912,0.602860331535339,0.693956911563873,0.764096021652222,0.805546820163727,0.822948336601257,0.753126204013824,0.670933961868286,0.425818800926208,0.635078251361847,0.52907532453537,0.544157862663269,0.700838565826416,0.868390560150146,0.901596128940582,0.667535424232483,0.453302323818207,0.376214951276779,0.68258011341095,0.857600271701813,0.726350784301758,0.71464604139328,0.66209077835083,0.784935534000397,0.69189441204071,0.691638588905334,0.837932884693146,0.746872365474701,0.88162750005722,0.635423600673676,0.492970496416092,0.747434258460999,0.855122745037079,0.939902007579803,1.03452622890472,0.992133975028992,0.812576770782471,0.859586000442505,0.934707760810852,1.00960290431976,1.00210011005402,1.02586317062378,1.00831532478333,0.989378809928894,0.859685778617859,0.886546015739441,1.06618368625641,0.937240719795227,0.840458869934082,0.653178095817566,0.575455725193024,0.762606501579285,0.934770286083221,0.904135704040527,0.829237580299377,0.716440737247467,0.83393406867981,1.00994324684143,1.18486380577087,1.26978957653046,1.38434827327728,1.32212769985199,1.31934642791748,0.952594399452209,0.00849371124058962,0.785196185112,0.998341679573059,1.11142408847809,1.18002712726593,0.903651654720306,0.918176233768463,0.660344302654266,0.787748515605927,0.612778425216675,0.341473430395126,0.417167991399765,0.282995134592056,0.751349329948425,0.697202563285828,0.618573367595673,0.857862412929535,0.924185216426849,0.964029133319855,1.08055305480957,1.08165621757507,1.00274789333344,1.05030989646912,1.11596667766571,1.1048276424408,0.965595901012421,0.718286275863647,0.814327597618103,0.97530859708786,1.00230979919434,0.701102674007416,0.451478004455566,0.447605639696121,0.311575055122375,0.00809886679053307,0,0,0,0.501786470413208,0.52384752035141,0.657927215099335,0.676114201545715,0,0,0,0,0.500384747982025,0.640060007572174,0,0,0,0,0,0,0,0,0,0,0,0,0,0,0,0,0,0,0,0,0,0,0,0,0,0,0,0,0,0,0,0,0,0,0,0,0,0,0,0,0,0,0,0,0,0,0,0,0,0,0,0,0,0,176
Mainz-Bingen,0,0,0,0,0,0,0,0,0,0,0,0,0,0,0,0,0,0,0,0,0,0,0,0,0,0,0,0,0,0,0,0,0,0,0,0,0,0,0,0,0,0,0,0,0,0,0,0,0,0,0,0,0,0,0,0,0,0,0,0,0,0,0,0,0,0,0,0,0,0,0,0,0,0,0,0,0,0,0,0,0,0,0,0,0,0,0,0,0,0,0,0,0,0,0,0,0,0,0,0,0,0,0,0,0,0,0,0,0,0,0,0,0,0,0,0,0,0,0,0,0,0,0,0,0.000260981585597619,0.000832703546620905,0,0,0,0,0,0,0,0,0,0,0,0,0,0,0,0,0,0,0,0,0,0,0,0,0,0,0,0,0,0,0,0,0,0,0,0,0,0.0253462288528681,0.0136580234393477,0,0,0,0,0,0,0,0,0,0,0,0,0,0,0,0,0,0,0.00340769393369555,0.0281171873211861,0.0788042545318604,0.120213203132153,0.167992442846298,0.18007880449295,0.188833653926849,0.156302273273468,0.123086847364902,0.148448288440704,0.229535266757011,0.283665895462036,0.310339152812958,0.346748471260071,0.321371018886566,0.249223440885544,0.351326197385788,0.439426839351654,0.508908331394196,0.575313866138458,0.61138504743576,0.619220018386841,0.581520318984985,0.470934271812439,0.234660744667053,0.453155100345612,0.345642685890198,0.405812799930573,0.52226847410202,0.658727526664734,0.705334067344666,0.507122576236725,0.291299164295197,0.22373566031456,0.496299415826797,0.653373956680298,0.553110241889954,0.511304318904877,0.483657479286194,0.576222777366638,0.490860253572464,0.513305962085724,0.601617097854614,0.538462400436401,0.660537958145142,0.525734126567841,0.373010039329529,0.577273964881897,0.592283844947815,0.699535191059113,0.777712404727936,0.693269073963165,0.575293362140656,0.635199248790741,0.693043768405914,0.749333560466766,0.69310587644577,0.724012196063995,0.768693327903748,0.681556761264801,0.635087668895721,0.629680156707764,0.756314337253571,0.648466229438782,0.606024146080017,0.385651439428329,0.324168056249619,0.479648232460022,0.663097679615021,0.621593832969666,0.550001680850983,0.376655042171478,0.555018663406372,0.70664393901825,0.831520318984985,0.919508576393127,0.989313721656799,0.96196323633194,0.940276026725769,0.5728480219841,0,0.554087817668915,0.683637976646423,0.738769888877869,0.860148251056671,0.667706549167633,0.604618489742279,0.405896753072739,0.595170855522156,0.443575769662857,0,0.126886963844299,0.135336771607399,0.559565842151642,0.448595941066742,0.376404881477356,0.557594001293182,0.690675675868988,0.738528549671173,0.793908715248108,0.825695633888245,0.759560823440552,0.791921555995941,0.804389476776123,0.768996238708496,0.661625504493713,0.516561627388,0.512894511222839,0.687533259391785,0.702358424663544,0.413626074790955,0.280337393283844,0.301505148410797,0,0,0,0,0.202840581536293,0.328001379966736,0.383483082056046,0.423663109540939,0.380291759967804,0,0,0,0,0.289530277252197,0.45827579498291,0,0,0,0,0,0,0,0,0,0,0,0,0,0,0,0,0,0,0,0,0,0,0,0,0,0,0,0,0,0,0,0,0,0,0,0,0,0,0,0,0,0,0,0,0,0,0,0,0,0,0,0,0,0,177
Südwestpfalz,0,0,0,0,0,0,0,0,0,0,0,0,0,0,0,0,0,0,0,0,0,0,0,0,0,0,0,0,0,0,0,0,0,0,0,0,0,0,0,0,0,0,0,0,0,0,0,0,0,0,0,0,0,0,0,0,0,0,0,0,0,0,0,0,0,0,0,0,0,0,0,0,0,0,0,0,0,0,0,0,0,0,0,0,0,0,0,0,0,0,0,0,0,0,0,0,0,0,0,0,0,0,0,0,0,0,0,0,0,0,0,0,0,0,0,0,0,0,0,0,0,0,0,0,4.38700699305627e-05,0.000298603379633278,0,0,0,0,0,0,0,0,0,0,0,0,0,0,0,0,0,0,0,0,0,0,0,0,0,0,0,0,0,0,0,0,0,0,0,0,0,0.00715714320540428,0,0,0,0,0,0,0,0,0,0,0,0,0,0,0,0,0,0,0,0,0,0.0181258395314217,0.0343928895890713,0.0490179769694805,0.0541500002145767,0.0646085664629936,0.0459182932972908,0.0326500087976456,0.041805412620306,0.0779742747545242,0.105853833258152,0.119857139885426,0.13241545855999,0.130201488733292,0.102764569222927,0.14653168618679,0.186407431960106,0.214995607733727,0.237565025687218,0.247618868947029,0.257253795862198,0.224820047616959,0.197088345885277,0.088020071387291,0.180308625102043,0.127963289618492,0.138894319534302,0.210568577051163,0.273003995418549,0.290303915739059,0.178546726703644,0,0,0.182187259197235,0.268890529870987,0.201448351144791,0.20774906873703,0.183259904384613,0.221274688839912,0.158893331885338,0.182844191789627,0.240389958024025,0.201192945241928,0.252167046070099,0.13215546309948,0,0.211116507649422,0.224429219961166,0.251772373914719,0.312758088111877,0.29919907450676,0.241183146834373,0.257649183273315,0.286698192358017,0.316631019115448,0.289630472660065,0.271138489246368,0.286620706319809,0.257555544376373,0.219995975494385,0.231854304671288,0.294501572847366,0.22918227314949,0.204848304390907,0.105857253074646,0,0.166706189513206,0.218982458114624,0.21194115281105,0.194870337843895,0.121308535337448,0.212387248873711,0.269692987203598,0.336898744106293,0.373088151216507,0.39026466012001,0.382371187210083,0.369598120450974,0.204933330416679,0,0.139698565006256,0.218104332685471,0.274905800819397,0.324644893407822,0.207103341817856,0.197274506092072,0.0919952914118767,0.167681112885475,0,0,0,0,0.0965616330504417,0.0222096536308527,0.0734199807047844,0.186124488711357,0.239582017064095,0.264477044343948,0.282505095005035,0.296249628067017,0.27617272734642,0.289410471916199,0.286887049674988,0.260312736034393,0.216046527028084,0.157211244106293,0.206868469715118,0.240608513355255,0.241297170519829,0.129149362444878,0,0.0868622660636902,0,0,0,0,0.0175561364740133,0.0232981760054827,0.154362246394157,0.141251772642136,0.133446171879768,0,0,0,0,0.0927019715309143,0.1465003490448,0,0,0,0,0,0,0,0,0,0,0,0,0,0,0,0,0,0,0,0,0,0,0,0,0,0,0,0,0,0,0,0,0,0,0,0,0,0,0,0,0,0,0,0,0,0,0,0,0,0,0,0,0,0,178
Stuttgart,0,0,0,0,0,0,0,0,0,0,0,0,0,0,0,0,0,0,0,0,0,0,0,0,0,0,0,0,0,0,0,0,0,0,0,0,0,0,0,0,0,0,0,0,0,0,0,0,0,0,0,0,0,0,0,0,0,0,0,0,0,0,0,0,0,0,0,0,0,0,0,0,0,0,0,0,0,0,0,0,0,0,0,0,0,0,0,0,0,0,0,0,0,0,0,0,0,0,0,0,0,0,0,0,0,0,0,0,0,0,0,0,0,0,0,0,0,0,0,0,0,0,0,0,0,0.000305705063510686,0,0,0,0,0,0,0,0,0,0,0,0,0,0,0,0,0,0,0,0,0,0,0,0,0,0,0,0,0,0,0,0,0,0,0,0,0,0.0281150639057159,0.015776576474309,0,0,0,0,0,0,0,0,0,0,0,0,0,0,0,0,0,0,0,0,0,0.0925193578004837,0.149815857410431,0.172868698835373,0.183493256568909,0.15769299864769,0.0926162451505661,0.13479907810688,0.200486019253731,0.219615519046783,0.244245126843452,0.309791564941406,0.339446991682053,0.288739681243896,0.339321672916412,0.419793248176575,0.489723682403564,0.549491226673126,0.584760785102844,0.618367910385132,0.566718399524689,0.512446701526642,0.405063301324844,0.478064239025116,0.440593093633652,0.351652085781097,0.542796075344086,0.674451351165771,0.710176408290863,0.474833995103836,0.215752616524696,0,0.463796496391296,0.60297167301178,0.555369257926941,0.523748993873596,0.584260940551758,0.524640619754791,0.530937075614929,0.459753543138504,0.618243396282196,0.546947062015533,0.715710818767548,0.436683803796768,0.387525945901871,0.445611447095871,0.613035678863525,0.629218280315399,0.760239064693451,0.780674040317535,0.642397522926331,0.676423609256744,0.753607869148254,0.804693460464478,0.79784631729126,0.700207710266113,0.636045575141907,0.762928426265717,0.663450539112091,0.697277247905731,0.769886255264282,0.732580065727234,0.425361037254333,0.463083177804947,0.338458895683289,0.500467717647552,0.616353750228882,0.650088548660278,0.455029636621475,0.541437327861786,0.644754528999329,0.699417948722839,0.883408010005951,0.979053139686584,1.05500829219818,1.03455638885498,0.926249086856842,0.714649379253387,0,0.498017966747284,0.686838090419769,0.787984192371368,0.88240110874176,0.572810709476471,0.549549341201782,0,0.398217558860779,0,0,0,0,0,0.261255651712418,0,0.345358192920685,0.526238560676575,0.59922182559967,0.66241729259491,0.663758456707001,0.615332186222076,0.686572015285492,0.79773485660553,0.739734411239624,0.632187485694885,0.492842108011246,0.63054758310318,0.76453560590744,0.679061353206635,0.363600164651871,0,0,0,0,0,0,0,0.24355660378933,0.407445907592773,0.484504669904709,0.480296909809113,0,0,0,0,0.355181574821472,0.39635893702507,0,0,0,0,0,0,0,0,0,0,0,0,0,0,0,0,0,0,0,0,0,0,0,0,0,0,0,0,0,0,0,0,0,0,0,0,0,0,0,0,0,0,0,0,0,0,0,0,0,0,0,0,0,0,179
Böblingen,0,0,0,0,0,0,0,0,0,0,0,0,0,0,0,0,0,0,0,0,0,0,0,0,0,0,0,0,0,0,0,0,0,0,0,0,0,0,0,0,0,0,0,0,0,0,0,0,0,0,0,0,0,0,0,0,0,0,0,0,0,0,0,0,0,0,0,0,0,0,0,0,0,0,0,0,0,0,0,0,0,0,0,0,0,0,0,0,0,0,0,0,0,0,0,0,0,0,0,0,0,0,0,0,0,0,0,0,0,0,0,0,0,0,0,0,0,0,0,0,0,0,0,0,0,0,0,0,0,0,0,0,0,0,0,0,0,0,0,0,0,0,0,0,0,0,0,0,0,0,0,0,0,0,0,0,0,0,0,0,0,0,0,0.00957702193409204,0.00463346811011434,0,0,0,0,0,0,0,0,0,0,0,0,0,0,0,0,0,0,0,0,0,0.0178842674940825,0.0490461364388466,0.0612016394734383,0.0709656551480293,0.0589269697666168,0.003726024646312,0.04551050812006,0.084285743534565,0.0891944393515587,0.101171791553497,0.141292035579681,0.16062918305397,0.129751726984978,0.155456081032753,0.20362214744091,0.246003493666649,0.279095262289047,0.302840024232864,0.314232558012009,0.289126873016357,0.258297801017761,0.202539563179016,0.241664275527,0.210072949528694,0.152878284454346,0.268863767385483,0.345018416643143,0.365734964609146,0.2282345443964,0,0,0.19027253985405,0.295095264911652,0.261618375778198,0.250857532024384,0.290839582681656,0.257951974868774,0.245823979377747,0.226003229618073,0.31225922703743,0.258246392011642,0.365485936403275,0.180065870285034,0.103706292808056,0.202352628111839,0.304841995239258,0.317725151777267,0.391554862260818,0.401033103466034,0.316452383995056,0.335792452096939,0.382905632257462,0.412684321403503,0.415136307477951,0.345511436462402,0.313576370477676,0.383523464202881,0.32280507683754,0.334408432245255,0.379626512527466,0.354040682315826,0.0841978490352631,0.14802648127079,0.0154935456812382,0.157222166657448,0.27588227391243,0.291481047868729,0.13004744052887,0.202982306480408,0.294301748275757,0.340131431818008,0.440448492765427,0.494046270847321,0.540335357189178,0.52116447687149,0.465354382991791,0.33812540769577,0,0.204915657639503,0.311752140522003,0.367215901613235,0.421730637550354,0.264901965856552,0.243014052510262,0,0.0197571609169245,0,0,0,0,0,0,0,0.0362171605229378,0.188464984297752,0.262714296579361,0.301447093486786,0.299804598093033,0.267264813184738,0.309228837490082,0.3846535384655,0.344465613365173,0.275396347045898,0.191669777035713,0.293469071388245,0.361886888742447,0.31790092587471,0.104851022362709,0,0,0,0,0,0,0,0,0.174357607960701,0.208851158618927,0.202818393707275,0,0,0,0,0.148688197135925,0.184509247541428,0,0,0,0,0,0,0,0,0,0,0,0,0,0,0,0,0,0,0,0,0,0,0,0,0,0,0,0,0,0,0,0,0,0,0,0,0,0,0,0,0,0,0,0,0,0,0,0,0,0,0,0,0,0,180
Esslingen,0,0,0,0,0,0,0,0,0,0,0,0,0,0,0,0,0,0,0,0,0,0,0,0,0,0,0,0,0,0,0,0,0,0,0,0,0,0,0,0,0,0,0,0,0,0,0,0,0,0,0,0,0,0,0,0,0,0,0,0,0,0,0,0,0,0,0,0,0,0,0,0,0,0,0,0,0,0,0,0,0,0,0,0,0,0,0,0,0,0,0,0,0,0,0,0,0,0,0,0,0,0,0,0,0,0,0,0,0,0,0,0,0,0,0,0,0,0,0,0,0,0,0,0,0,2.51947835749888e-06,0,0,0,0,0,0,0,0,0,0,0,0,0,0,0,0,0,0,0,0,0,0,0,0,0,0,0,0,0,0,0,0,0,0,0,0,0,0.0144074847921729,0.00878703035414219,0,0,0,0,0,0,0,0,0,0,0,0,0,0,0,0,0,0,0,0,0,0.0321655943989754,0.0763415396213531,0.0959958359599113,0.104601673781872,0.0901862680912018,0.0394220985472202,0.0834589824080467,0.11646407097578,0.125447109341621,0.143103763461113,0.19335500895977,0.226651638746262,0.187500521540642,0.214771524071693,0.277785688638687,0.328069806098938,0.378000676631927,0.401144981384277,0.434485286474228,0.39889532327652,0.361077547073364,0.290022224187851,0.33547106385231,0.310235917568207,0.211676433682442,0.373579680919647,0.47635892033577,0.522071242332458,0.322331547737122,0.0182766206562519,0,0.290666341781616,0.415138304233551,0.39489609003067,0.349651277065277,0.453021585941315,0.365133315324783,0.377687513828278,0.304471522569656,0.429441303014755,0.364992529153824,0.520212709903717,0.297667503356934,0.251417994499207,0.291742146015167,0.438672751188278,0.436731427907944,0.54112845659256,0.572975039482117,0.449350476264954,0.484955221414566,0.544304430484772,0.586495757102966,0.576598584651947,0.500528216362,0.453657150268555,0.548160910606384,0.483335793018341,0.505414187908173,0.55838817358017,0.532081246376038,0.168281003832817,0.291319131851196,0.0722541734576225,0.289243429899216,0.405483961105347,0.435794830322266,0.276285886764526,0.345444053411484,0.407995223999023,0.486043483018875,0.634235382080078,0.709475100040436,0.784044563770294,0.758824348449707,0.675154209136963,0.506237387657166,0,0.308540254831314,0.464243710041046,0.546501457691193,0.621654450893402,0.407879203557968,0.338667333126068,0,0.17041240632534,0,0,0,0,0,0.0219321046024561,0,0.0274025928229094,0.293619334697723,0.363228857517242,0.428294986486435,0.42473429441452,0.379062861204147,0.452296823263168,0.547671914100647,0.514816045761108,0.431489378213882,0.306297123432159,0.428666979074478,0.54127436876297,0.470150768756866,0.187134325504303,0,0,0,0,0,0,0,0.00200728001073003,0.259681403636932,0.34205824136734,0.291663944721222,0,0,0,0,0.174523204565048,0.274080842733383,0,0,0,0,0,0,0,0,0,0,0,0,0,0,0,0,0,0,0,0,0,0,0,0,0,0,0,0,0,0,0,0,0,0,0,0,0,0,0,0,0,0,0,0,0,0,0,0,0,0,0,0,0,0,181
Göppingen,0,0,0,0,0,0,0,0,0,0,0,0,0,0,0,0,0,0,0,0,0,0,0,0,0,0,0,0,0,0,0,0,0,0,0,0,0,0,0,0,0,0,0,0,0,0,0,0,0,0,0,0,0,0,0,0,0,0,0,0,0,0,0,0,0,0,0,0,0,0,0,0,0,0,0,0,0,0,0,0,0,0,0,0,0,0,0,0,0,0,0,0,0,0,0,0,0,0,0,0,0,0,0,0,0,0,0,0,0,0,0,0,0,0,0,0,0,0,0,0,0,0,0,0,0,0,0,0,0,0,0,0,0,0,0,0,0,0,0,0,0,0,0,0,0,0,0,0,0,0,0,0,0,0,0,0,0,0,0,0,0,0,0,0.0063880761153996,0.00414640968665481,0,0,0,0,0,0,0,0,0,0,0,0,0,0,0,0,0,0,0,0,0,0.00158954423386604,0.031883928924799,0.0467142499983311,0.0509746186435223,0.0433885715901852,0.00536466063931584,0.0491837151348591,0.0633011162281036,0.0721784830093384,0.0830633416771889,0.116076290607452,0.13895557820797,0.102849736809731,0.125563442707062,0.179025590419769,0.213577777147293,0.247231692075729,0.265590280294418,0.293151706457138,0.264928638935089,0.237654194235802,0.188025072216988,0.22262641787529,0.200845494866371,0.056966595351696,0.233613580465317,0.316694229841232,0.364800900220871,0.192912325263023,0,0,0.118793070316315,0.269350171089172,0.245169952511787,0.203322008252144,0.305602222681046,0.226228788495064,0.230533570051193,0.128192976117134,0.268146067857742,0.208613708615303,0.330885171890259,0.169747322797775,0.0631300359964371,0.123233541846275,0.276706874370575,0.271157950162888,0.343849420547485,0.372217029333115,0.270573645830154,0.298510074615479,0.346923828125,0.379470407962799,0.356980234384537,0.310837179422379,0.294835031032562,0.34485986828804,0.293419539928436,0.313304662704468,0.356003880500793,0.322571575641632,0.00932776834815741,0.0669254958629608,0.00706422282382846,0.0749153792858124,0.226915806531906,0.236741304397583,0.0733865424990654,0.132550641894341,0.215707466006279,0.287697553634644,0.389234721660614,0.444403767585754,0.489705383777618,0.473294734954834,0.424366384744644,0.286598354578018,0,0.0543688237667084,0.244424432516098,0.311400771141052,0.371948391199112,0.225661337375641,0.0796766877174377,0,0,0,0,0,0,0,0,0,0,0.0718818306922913,0.18203766644001,0.227470055222511,0.222926035523415,0.199524417519569,0.241844519972801,0.309487372636795,0.289558053016663,0.237888753414154,0.153668001294136,0.22345358133316,0.311426430940628,0.263432264328003,0.00732178287580609,0,0,0,0,0,0,0,0,0.132941424846649,0.201455593109131,0.134772554039955,0,0,0,0,0.0184501316398382,0.134682551026344,0,0,0,0,0,0,0,0,0,0,0,0,0,0,0,0,0,0,0,0,0,0,0,0,0,0,0,0,0,0,0,0,0,0,0,0,0,0,0,0,0,0,0,0,0,0,0,0,0,0,0,0,0,0,182
Ludwigsburg,0,0,0,0,0,0,0,0,0,0,0,0,0,0,0,0,0,0,0,0,0,0,0,0,0,0,0,0,0,0,0,0,0,0,0,0,0,0,0,0,0,0,0,0,0,0,0,0,0,0,0,0,0,0,0,0,0,0,0,0,0,0,0,0,0,0,0,0,0,0,0,0,0,0,0,0,0,0,0,0,0,0,0,0,0,0,0,0,0,0,0,0,0,0,0,0,0,0,0,0,0,0,0,0,0,0,0,0,0,0,0,0,0,0,0,0,0,0,0,0,0,0,0,0,0,0.000240721492446028,0,0,0,0,0,0,0,0,0,0,0,0,0,0,0,0,0,0,0,0,0,0,0,0,0,0,0,0,0,0,0,0,0,0,0,0,0,0.0251528657972813,0.0138570349663496,0,0,0,0,0,0,0,0,0,0,0,0,0,0,0,0,0,0,0,0,0,0.0874610841274261,0.136956140398979,0.161743640899658,0.168063089251518,0.145718798041344,0.0914124846458435,0.130348473787308,0.187233507633209,0.206842362880707,0.226324528455734,0.280936926603317,0.296379566192627,0.247782677412033,0.298241257667542,0.370382726192474,0.433307617902756,0.488638907670975,0.52044814825058,0.54411768913269,0.502535045146942,0.454882889986038,0.351277619600296,0.420463651418686,0.383217453956604,0.312507450580597,0.468936651945114,0.591401934623718,0.630092859268188,0.417844772338867,0.209684103727341,0,0.406508505344391,0.543853461742401,0.47658708691597,0.451180130243301,0.482413172721863,0.474438786506653,0.466409206390381,0.398027271032333,0.551685750484467,0.484205514192581,0.621672391891479,0.380213797092438,0.313847690820694,0.408848583698273,0.543079376220703,0.569029986858368,0.664107143878937,0.673317074775696,0.552779734134674,0.57265317440033,0.648250699043274,0.690768182277679,0.68714052438736,0.617512464523315,0.56365567445755,0.660920739173889,0.568912982940674,0.579989075660706,0.675828158855438,0.630160748958588,0.433322817087173,0.401759117841721,0.285869747400284,0.46149405837059,0.567069530487061,0.56130588054657,0.402717649936676,0.447424203157425,0.5483717918396,0.608963072299957,0.760651886463165,0.840650320053101,0.897874116897583,0.883581519126892,0.806047797203064,0.619702935218811,0,0.416643172502518,0.602849245071411,0.692778170108795,0.767091274261475,0.494446873664856,0.492875814437866,0.156328693032265,0.333220213651657,0,0,0,0,0.209580078721046,0.275541871786118,0,0.369694709777832,0.469900876283646,0.527190387248993,0.588268637657166,0.584749698638916,0.559444069862366,0.606711745262146,0.683516085147858,0.635975062847137,0.561846494674683,0.426180154085159,0.542318820953369,0.652070879936218,0.596301317214966,0.318627893924713,0,0,0,0,0,0,0,0.165815874934196,0.331284731626511,0.411119878292084,0.413717955350876,0,0,0,0,0.304967939853668,0.350284487009048,0,0,0,0,0,0,0,0,0,0,0,0,0,0,0,0,0,0,0,0,0,0,0,0,0,0,0,0,0,0,0,0,0,0,0,0,0,0,0,0,0,0,0,0,0,0,0,0,0,0,0,0,0,0,183
Rems-Murr-Kreis,0,0,0,0,0,0,0,0,0,0,0,0,0,0,0,0,0,0,0,0,0,0,0,0,0,0,0,0,0,0,0,0,0,0,0,0,0,0,0,0,0,0,0,0,0,0,0,0,0,0,0,0,0,0,0,0,0,0,0,0,0,0,0,0,0,0,0,0,0,0,0,0,0,0,0,0,0,0,0,0,0,0,0,0,0,0,0,0,0,0,0,0,0,0,0,0,0,0,0,0,0,0,0,0,0,0,0,0,0,0,0,0,0,0,0,0,0,0,0,0,0,0,0,0,0,3.22225350828376e-05,0,0,0,0,0,0,0,0,0,0,0,0,0,0,0,0,0,0,0,0,0,0,0,0,0,0,0,0,0,0,0,0,0,0,0,0,0,0.0139237754046917,0.00850219558924437,0,0,0,0,0,0,0,0,0,0,0,0,0,0,0,0,0,0,0,0,0,0.0384432151913643,0.074851430952549,0.0909331813454628,0.0989421531558037,0.0852283909916878,0.0548514053225517,0.0840624496340752,0.108803041279316,0.121028937399387,0.134907260537148,0.174052163958549,0.192079231142998,0.151420056819916,0.187331557273865,0.243838012218475,0.28688645362854,0.32243150472641,0.341269820928574,0.366373658180237,0.340975701808929,0.304121553897858,0.238588601350784,0.284429609775543,0.258517771959305,0.191334411501884,0.311180740594864,0.401442527770996,0.436933249235153,0.266561031341553,0.0571884252130985,0,0.244776830077171,0.358812421560287,0.337559342384338,0.280712574720383,0.359117776155472,0.303182125091553,0.324405252933502,0.243510499596596,0.364300161600113,0.301766484975815,0.419940054416656,0.254691332578659,0.204141527414322,0.253340005874634,0.369344174861908,0.371278017759323,0.438693225383759,0.455915033817291,0.355321288108826,0.374506026506424,0.423942804336548,0.462637484073639,0.467675715684891,0.414294183254242,0.37844580411911,0.43938672542572,0.379314094781876,0.382883250713348,0.452879577875137,0.414103955030441,0.204456016421318,0.210710048675537,0.113802328705788,0.276981353759766,0.356971919536591,0.341941624879837,0.249336883425713,0.273587882518768,0.335618644952774,0.381637424230576,0.497614204883575,0.560000240802765,0.599198877811432,0.585145056247711,0.534325122833252,0.395917743444443,0,0.154841586947441,0.359137147665024,0.427965998649597,0.499885350465775,0.307365149259567,0.261505633592606,0,0.0884377956390381,0,0,0,0,0.0210690423846245,0.0714673399925232,0,0.135655343532562,0.279434472322464,0.323210537433624,0.366957306861877,0.361932992935181,0.3402319252491,0.382335841655731,0.430669367313385,0.404421776533127,0.349281519651413,0.253603368997574,0.334855109453201,0.423908114433289,0.371037930250168,0.117071509361267,0,0,0,0,0,0,0,0.0211813785135746,0.212017878890038,0.274916499853134,0.241717427968979,0,0,0,0,0.17278054356575,0.223220974206924,0,0,0,0,0,0,0,0,0,0,0,0,0,0,0,0,0,0,0,0,0,0,0,0,0,0,0,0,0,0,0,0,0,0,0,0,0,0,0,0,0,0,0,0,0,0,0,0,0,0,0,0,0,0,184
Heilbronn,0,0,0,0,0,0,0,0,0,0,0,0,0,0,0,0,0,0,0,0,0,0,0,0,0,0,0,0,0,0,0,0,0,0,0,0,0,0,0,0,0,0,0,0,0,0,0,0,0,0,0,0,0,0,0,0,0,0,0,0,0,0,0,0,0,0,0,0,0,0,0,0,0,0,0,0,0,0,0,0,0,0,0,0,0,0,0,0,0,0,0,0,0,0,0,0,0,0,0,0,0,0,0,0,0,0,0,0,0,0,0,0,0,0,0,0,0,0,0,0,0,0,0,0,0,0.000338354671839625,0,0,0,0,0,0,0,0,0,0,0,0,0,0,0,0,0,0,0,0,0,0,0,0,0,0,0,0,0,0,0,0,0,0,0,0,0,0.0249995812773705,0.0142206260934472,0,0,0,0,0,0,0,0,0,0,0,0,0,0,0,0,0,0,0,0,0.0403324700891972,0.0893073156476021,0.131747663021088,0.153301641345024,0.159429997205734,0.1366226375103,0.107894465327263,0.131830781698227,0.173784911632538,0.195209726691246,0.210978507995605,0.253490567207336,0.255982905626297,0.212939649820328,0.265714973211288,0.325478553771973,0.37936195731163,0.42621710896492,0.449484556913376,0.468452215194702,0.435712605714798,0.39148685336113,0.295283854007721,0.362905114889145,0.322570562362671,0.287258982658386,0.398787528276443,0.506059050559998,0.539151430130005,0.361980736255646,0.221557721495628,0,0.364080011844635,0.474409520626068,0.410781621932983,0.384073317050934,0.396084576845169,0.419348627328873,0.403637379407883,0.341153472661972,0.478866547346115,0.421746224164963,0.526931285858154,0.331583619117737,0.26983854174614,0.380499631166458,0.478135794401169,0.503393113613129,0.561085760593414,0.560774028301239,0.460240811109543,0.476349115371704,0.541021227836609,0.574420690536499,0.575367510318756,0.541060507297516,0.509384572505951,0.5587278008461,0.48442867398262,0.485592007637024,0.578102886676788,0.526020884513855,0.409523189067841,0.347468256950378,0.294710338115692,0.426641374826431,0.512291491031647,0.481556564569473,0.378697484731674,0.385054707527161,0.45287674665451,0.517711341381073,0.637672483921051,0.703829646110535,0.749540269374847,0.737346410751343,0.696049213409424,0.527385056018829,0,0.357031971216202,0.516585171222687,0.59913843870163,0.652396976947784,0.434874475002289,0.433956056833267,0.207784742116928,0.357489794492722,0.187836796045303,0,0,0,0.299730598926544,0.311643332242966,0.23228645324707,0.375490605831146,0.441260397434235,0.470062375068665,0.524699628353119,0.522405982017517,0.502755165100098,0.54499351978302,0.575315415859222,0.543620228767395,0.497448086738586,0.37330287694931,0.453894257545471,0.544461131095886,0.517060101032257,0.299628555774689,0,0,0,0,0,0,0,0.211372196674347,0.279669553041458,0.355067580938339,0.362568199634552,0,0,0,0,0.265212655067444,0.316885441541672,0,0,0,0,0,0,0,0,0,0,0,0,0,0,0,0,0,0,0,0,0,0,0,0,0,0,0,0,0,0,0,0,0,0,0,0,0,0,0,0,0,0,0,0,0,0,0,0,0,0,0,0,0,0,185
Heilbronn,0,0,0,0,0,0,0,0,0,0,0,0,0,0,0,0,0,0,0,0,0,0,0,0,0,0,0,0,0,0,0,0,0,0,0,0,0,0,0,0,0,0,0,0,0,0,0,0,0,0,0,0,0,0,0,0,0,0,0,0,0,0,0,0,0,0,0,0,0,0,0,0,0,0,0,0,0,0,0,0,0,0,0,0,0,0,0,0,0,0,0,0,0,0,0,0,0,0,0,0,0,0,0,0,0,0,0,0,0,0,0,0,0,0,0,0,0,0,0,0,0,0,0,0,0,0.000225283438339829,0,0,0,0,0,0,0,0,0,0,0,0,0,0,0,0,0,0,0,0,0,0,0,0,0,0,0,0,0,0,0,0,0,0,0,0,0,0.0204967502504587,0.0116477245464921,0,0,0,0,0,0,0,0,0,0,0,0,0,0,0,0,0,0,0,0,0.00663849944248796,0.0744286626577377,0.114999525249004,0.135277345776558,0.142883762717247,0.122444421052933,0.0937997698783875,0.117753021419048,0.156693160533905,0.177936047315598,0.193242326378822,0.2343919724226,0.24027094244957,0.193952336907387,0.246245443820953,0.308876246213913,0.361275911331177,0.406049787998199,0.430458247661591,0.44911327958107,0.416765302419662,0.373874455690384,0.281683772802353,0.348110228776932,0.305027276277542,0.264682322740555,0.378166764974594,0.487098604440689,0.522846400737762,0.343682199716568,0.189063847064972,0,0.336592465639114,0.456198662519455,0.393477916717529,0.358719140291214,0.381966650485992,0.396822571754456,0.38516566157341,0.315694570541382,0.456038862466812,0.394245833158493,0.504628002643585,0.312664419412613,0.241506770253181,0.352995276451111,0.457256674766541,0.479777246713638,0.538335859775543,0.538830518722534,0.436082482337952,0.452535033226013,0.51600307226181,0.553021013736725,0.556862533092499,0.516112565994263,0.483895272016525,0.532253623008728,0.456375598907471,0.457462996244431,0.551367342472076,0.496168732643127,0.372277975082397,0.312070459127426,0.256172120571136,0.388848155736923,0.475191742181778,0.444828182458878,0.34734171628952,0.347760409116745,0.419748693704605,0.490017145872116,0.606784224510193,0.672614216804504,0.716240525245667,0.705264806747437,0.664508819580078,0.492926985025406,0,0.31372606754303,0.475668340921402,0.559122264385223,0.616796672344208,0.40304109454155,0.391017079353333,0.119975551962852,0.31425741314888,0.0309168919920921,0,0,0,0.246015757322311,0.260009437799454,0.0842698961496353,0.333276063203812,0.40730345249176,0.441498517990112,0.492561489343643,0.490390360355377,0.470296233892441,0.507756233215332,0.539386034011841,0.510274052619934,0.462053447961807,0.341270714998245,0.422209173440933,0.515498638153076,0.481596797704697,0.262379765510559,0,0,0,0,0,0,0,0.141010522842407,0.258439511060715,0.335667043924332,0.332453578710556,0,0,0,0,0.23252372443676,0.289646446704865,0,0,0,0,0,0,0,0,0,0,0,0,0,0,0,0,0,0,0,0,0,0,0,0,0,0,0,0,0,0,0,0,0,0,0,0,0,0,0,0,0,0,0,0,0,0,0,0,0,0,0,0,0,0,186
Hohenlohekreis,0,0,0,0,0,0,0,0,0,0,0,0,0,0,0,0,0,0,0,0,0,0,0,0,0,0,0,0,0,0,0,0,0,0,0,0,0,0,0,0,0,0,0,0,0,0,0,0,0,0,0,0,0,0,0,0,0,0,0,0,0,0,0,0,0,0,0,0,0,0,0,0,0,0,0,0,0,0,0,0,0,0,0,0,0,0,0,0,0,0,0,0,0,0,0,0,0,0,0,0,0,0,0,0,0,0,0,0,0,0,0,0,0,0,0,0,0,0,0,0,0,0,0,0,0,5.67221177334432e-05,0,0,0,0,0,0,0,0,0,0,0,0,0,0,0,0,0,0,0,0,0,0,0,0,0,0,0,0,0,0,0,0,0,0,0,0,0,0.0134722013026476,0.00879571307450533,0,0,0,0,0,0,0,0,0,0,0,0,0,0,0,0,0,0,0,0,0,0.0405408591032028,0.0724912509322166,0.0848823636770248,0.0968007072806358,0.0863430500030518,0.066547729074955,0.0887411311268806,0.106266871094704,0.124710738658905,0.133587270975113,0.168185874819756,0.175702914595604,0.121430143713951,0.174889117479324,0.236977443099022,0.279186695814133,0.313883155584335,0.329558819532394,0.349642246961594,0.330690830945969,0.292195349931717,0.225025326013565,0.275664120912552,0.223575636744499,0.200336590409279,0.294428497552872,0.386871784925461,0.426952719688416,0.263821244239807,0.0372889116406441,0,0.237319380044937,0.358593881130219,0.33085173368454,0.261763364076614,0.321326196193695,0.289381444454193,0.308190226554871,0.206179067492485,0.346667289733887,0.282290995121002,0.391300022602081,0.245006918907166,0.176343902945518,0.253921180963516,0.369482547044754,0.372814446687698,0.417464196681976,0.417856872081757,0.322956591844559,0.332028955221176,0.383244574069977,0.425898432731628,0.442147612571716,0.400002241134644,0.386018007993698,0.414076387882233,0.348004221916199,0.340920060873032,0.430657416582108,0.365988582372665,0.248585626482964,0.188673853874207,0.169732019305229,0.274240344762802,0.344368755817413,0.310927391052246,0.258595585823059,0.233136430382729,0.299658954143524,0.368743449449539,0.451052159070969,0.518707454204559,0.542309999465942,0.532694399356842,0.513231098651886,0.36576321721077,0,0.146689966320992,0.32405886054039,0.396926254034042,0.463367581367493,0.290582090616226,0.238069891929626,0,0.110800608992577,0,0,0,0,0.0461795665323734,0.0920160636305809,0.0112238433212042,0.209989383816719,0.294197708368301,0.329274386167526,0.359948515892029,0.36170756816864,0.354704111814499,0.37062469124794,0.400652259588242,0.384555071592331,0.336861670017242,0.241283506155014,0.29637011885643,0.39106360077858,0.355449914932251,0.120865233242512,0,0,0,0,0,0,0,0.00926205888390541,0.203011095523834,0.268909394741058,0.235995918512344,0,0,0,0,0.165303945541382,0.210711121559143,0,0,0,0,0,0,0,0,0,0,0,0,0,0,0,0,0,0,0,0,0,0,0,0,0,0,0,0,0,0,0,0,0,0,0,0,0,0,0,0,0,0,0,0,0,0,0,0,0,0,0,0,0,0,187
Schwäbisch Hall,0,0,0,0,0,0,0,0,0,0,0,0,0,0,0,0,0,0,0,0,0,0,0,0,0,0,0,0,0,0,0,0,0,0,0,0,0,0,0,0,0,0,0,0,0,0,0,0,0,0,0,0,0,0,0,0,0,0,0,0,0,0,0,0,0,0,0,0,0,0,0,0,0,0,0,0,0,0,0,0,0,0,0,0,0,0,0,0,0,0,0,0,0,0,0,0,0,0,0,0,0,0,0,0,0,0,0,0,0,0,0,0,0,0,0,0,0,0,0,0,0,0,0,0,0,3.48561161445105e-06,0,0,0,0,0,0,0,0,0,0,0,0,0,0,0,0,0,0,0,0,0,0,0,0,0,0,0,0,0,0,0,0,0,0,0,0,0,0.00865726917982101,0.00592854199931026,0,0,0,0,0,0,0,0,0,0,0,0,0,0,0,0,0,0,0,0,0,0.0107027720659971,0.0449918620288372,0.0572494789958,0.065616637468338,0.0611374713480473,0.0434186272323132,0.0676857307553291,0.0751622095704079,0.0881392955780029,0.0937668830156326,0.130818545818329,0.141228124499321,0.0893481820821762,0.134387820959091,0.190298482775688,0.228582516312599,0.258404493331909,0.272994488477707,0.296081334352493,0.278026670217514,0.24553669989109,0.195890963077545,0.237521037459373,0.198511123657227,0.151828676462173,0.244642078876495,0.325110018253326,0.371060192584991,0.214647829532623,0,0,0.16901271045208,0.294258803129196,0.282974034547806,0.205477729439735,0.29326868057251,0.226381793618202,0.257795512676239,0.145680382847786,0.28248131275177,0.225076586008072,0.328707098960876,0.200473517179489,0.141930103302002,0.189380332827568,0.315135359764099,0.303850531578064,0.353156208992004,0.358167707920074,0.267358273267746,0.275160223245621,0.320528149604797,0.364169239997864,0.379130244255066,0.339902758598328,0.320813924074173,0.35311484336853,0.297094196081161,0.283285617828369,0.362116277217865,0.310225874185562,0.146106421947479,0.0677393227815628,0.0840678066015244,0.208315417170525,0.281845539808273,0.242035031318665,0.17899215221405,0.167474970221519,0.23740029335022,0.296699941158295,0.375351965427399,0.437594503164291,0.463886082172394,0.454089343547821,0.43125918507576,0.298014909029007,0,0.00406538229435682,0.249026209115982,0.312990695238113,0.379506051540375,0.226657748222351,0.140001714229584,0,0.00441104220226407,0,0,0,0,0,0.00356661505065858,0,0.0364193543791771,0.191963061690331,0.239142179489136,0.263168573379517,0.266800671815872,0.265221387147903,0.270899057388306,0.323918849229813,0.314978569746017,0.266529887914658,0.181158870458603,0.222474247217178,0.317223250865936,0.28107014298439,0.00346740009263158,0,0,0,0,0,0,0,0,0.155512362718582,0.226168513298035,0.177881702780724,0,0,0,0,0.107049413025379,0.160204768180847,0,0,0,0,0,0,0,0,0,0,0,0,0,0,0,0,0,0,0,0,0,0,0,0,0,0,0,0,0,0,0,0,0,0,0,0,0,0,0,0,0,0,0,0,0,0,0,0,0,0,0,0,0,0,188
Main-Tauber-Kreis,0,0,0,0,0,0,0,0,0,0,0,0,0,0,0,0,0,0,0,0,0,0,0,0,0,0,0,0,0,0,0,0,0,0,0,0,0,0,0,0,0,0,0,0,0,0,0,0,0,0,0,0,0,0,0,0,0,0,0,0,0,0,0,0,0,0,0,0,0,0,0,0,0,0,0,0,0,0,0,0,0,0,0,0,0,0,0,0,0,0,0,0,0,0,0,0,0,0,0,0,0,0,0,0,0,0,0,0,0,0,0,0,0,0,0,0,0,0,0,0,0,0,0,0,0,0,0,0,0,0,0,0,0,0,0,0,0,0,0,0,0,0,0,0,0,0,0,0,0,0,0,0,0,0,0,0,0,0,0,0,0,0,0,0.0099734915420413,0.00753380404785275,0,0,0,0,0,0,0,0,0,0,0,0,0,0,0,0,0,0,0,0,0,0.0314417108893394,0.0601386055350304,0.076072670519352,0.0846925526857376,0.0818228721618652,0.0678438693284988,0.0847138091921806,0.0966286733746529,0.113538086414337,0.122897796332836,0.156384900212288,0.163150742650032,0.101398505270481,0.153653934597969,0.217073053121567,0.261484593153,0.293701469898224,0.312036782503128,0.333541393280029,0.314949929714203,0.279677450656891,0.210189506411552,0.261583596467972,0.198681995272636,0.200977206230164,0.268404841423035,0.360049784183502,0.413249313831329,0.268612533807755,0.108400173485279,0,0.219016790390015,0.336979985237122,0.324090778827667,0.249501705169678,0.295681834220886,0.285092264413834,0.288484245538712,0.189842417836189,0.317333966493607,0.26569864153862,0.361124157905579,0.261040478944778,0.16413551568985,0.237199142575264,0.358507603406906,0.369642913341522,0.401777267456055,0.388951152563095,0.299500495195389,0.299594879150391,0.353070795536041,0.399894207715988,0.416249394416809,0.39151805639267,0.383105367422104,0.388946712017059,0.331726223230362,0.315097391605377,0.400883555412292,0.341945439577103,0.244509592652321,0.169490441679955,0.10973946750164,0.244814842939377,0.319813311100006,0.284061044454575,0.242430925369263,0.210641130805016,0.261564522981644,0.352931410074234,0.417399317026138,0.466814577579498,0.509973347187042,0.501643121242523,0.489779055118561,0.341584026813507,0,0.167435809969902,0.309061378240585,0.368680000305176,0.409203380346298,0.280465930700302,0.219317942857742,0,0.0679586455225945,0.0191146694123745,0,0,0,0.0829165577888489,0.0788659453392029,0,0.123489856719971,0.243866428732872,0.288874745368958,0.317113906145096,0.327120035886765,0.32140526175499,0.320766478776932,0.360503822565079,0.375395268201828,0.331419199705124,0.239136084914207,0.240540876984596,0.34797340631485,0.324788957834244,0.132729172706604,0,0,0,0,0,0,0,0.0157467368990183,0.129252806305885,0.246551916003227,0.223443806171417,0,0,0,0,0.0774158462882042,0.176862105727196,0,0,0,0,0,0,0,0,0,0,0,0,0,0,0,0,0,0,0,0,0,0,0,0,0,0,0,0,0,0,0,0,0,0,0,0,0,0,0,0,0,0,0,0,0,0,0,0,0,0,0,0,0,0,189
Heidenheim,0,0,0,0,0,0,0,0,0,0,0,0,0,0,0,0,0,0,0,0,0,0,0,0,0,0,0,0,0,0,0,0,0,0,0,0,0,0,0,0,0,0,0,0,0,0,0,0,0,0,0,0,0,0,0,0,0,0,0,0,0,0,0,0,0,0,0,0,0,0,0,0,0,0,0,0,0,0,0,0,0,0,0,0,0,0,0,0,0,0,0,0,0,0,0,0,0,0,0,0,0,0,0,0,0,0,0,0,0,0,0,0,0,0,0,0,0,0,0,0,0,0,0,0,0,0,0,0,0,0,0,0,0,0,0,0,0,0,0,0,0,0,0,0,0,0,0,0,0,0,0,0,0,0,0,0,0,0,0,0,0,0,0,0.00421857321634889,0.00390984723344445,0,0,0,0,0,0,0,0,0,0,0,0,0,0,0,0,0,0,0,0,0,0,0.0208798479288816,0.0403054356575012,0.0405551269650459,0.0353237390518188,0.0150111401453614,0.0548555143177509,0.0637623146176338,0.0682921856641769,0.0776868984103203,0.108207851648331,0.130593627691269,0.096865139901638,0.107157476246357,0.162197545170784,0.196371048688889,0.22472408413887,0.247078895568848,0.280093342065811,0.239598259329796,0.229523003101349,0.198807194828987,0.224966943264008,0.200209230184555,0.0921234339475632,0.218873023986816,0.293406069278717,0.357473611831665,0.193443343043327,0,0,0.100530184805393,0.247706264257431,0.232817009091377,0.199610009789467,0.301573604345322,0.219872400164604,0.202725529670715,0.0925200581550598,0.231570467352867,0.185809478163719,0.297167837619781,0.163464203476906,0.0288701504468918,0.0876619219779968,0.282684415578842,0.265279322862625,0.326534539461136,0.355661302804947,0.267952024936676,0.279137700796127,0.327557504177094,0.362821847200394,0.295025318861008,0.298634111881256,0.281554162502289,0.337427258491516,0.284615069627762,0.313772052526474,0.346872955560684,0.317822873592377,0,0.0317158289253712,0,0.0354239381849766,0.209207579493523,0.238739058375359,0.0894720181822777,0.11137405782938,0.201191008090973,0.289208382368088,0.375039458274841,0.421523094177246,0.468241333961487,0.463222116231918,0.417986750602722,0.290334016084671,0,0.00898098479956388,0.23917381465435,0.302350908517838,0.346663385629654,0.241629272699356,0.028712909668684,0,0,0,0,0,0,0,0,0,0,0,0.0919590592384338,0.16883359849453,0.142686605453491,0.137836486101151,0.186800837516785,0.27757802605629,0.275478512048721,0.223629221320152,0.181173115968704,0.190283924341202,0.273519396781921,0.252665132284164,0.0752427726984024,0,0,0,0,0,0,0,0,0.0488208048045635,0.208040326833725,0.136185169219971,0,0,0,0,0,0.0649391636252403,0,0,0,0,0,0,0,0,0,0,0,0,0,0,0,0,0,0,0,0,0,0,0,0,0,0,0,0,0,0,0,0,0,0,0,0,0,0,0,0,0,0,0,0,0,0,0,0,0,0,0,0,0,0,190
Ostalbkreis,0,0,0,0,0,0,0,0,0,0,0,0,0,0,0,0,0,0,0,0,0,0,0,0,0,0,0,0,0,0,0,0,0,0,0,0,0,0,0,0,0,0,0,0,0,0,0,0,0,0,0,0,0,0,0,0,0,0,0,0,0,0,0,0,0,0,0,0,0,0,0,0,0,0,0,0,0,0,0,0,0,0,0,0,0,0,0,0,0,0,0,0,0,0,0,0,0,0,0,0,0,0,0,0,0,0,0,0,0,0,0,0,0,0,0,0,0,0,0,0,0,0,0,0,0,0,0,0,0,0,0,0,0,0,0,0,0,0,0,0,0,0,0,0,0,0,0,0,0,0,0,0,0,0,0,0,0,0,0,0,0,0,0,0.00648591620847583,0.00495040277019143,0,0,0,0,0,0,0,0,0,0,0,0,0,0,0,0,0,0,0,0,0,0.000602496729698032,0.0319429971277714,0.0483391433954239,0.0530697740614414,0.0486854277551174,0.0191032029688358,0.0598828047513962,0.0659234896302223,0.0753985568881035,0.083650030195713,0.119917966425419,0.138112992048264,0.091610848903656,0.12350931763649,0.178804978728294,0.215493470430374,0.246134713292122,0.263860791921616,0.294462770223618,0.265436708927155,0.242118448019028,0.20103745162487,0.238914310932159,0.210783064365387,0.128922149538994,0.23712420463562,0.315911650657654,0.373264789581299,0.199547588825226,0,0,0.138351738452911,0.277565896511078,0.266598373651505,0.205879405140877,0.315595597028732,0.222353726625443,0.238151073455811,0.123407281935215,0.262946605682373,0.207669094204903,0.321920990943909,0.184035137295723,0.0741141960024834,0.142340123653412,0.302785962820053,0.286310881376266,0.344082325696945,0.366684913635254,0.269383430480957,0.282437026500702,0.332410752773285,0.373161137104034,0.360375702381134,0.330915927886963,0.303746253252029,0.357626140117645,0.302905946969986,0.306245982646942,0.364503771066666,0.321868747472763,0.00943320337682962,0.0111757908016443,2.43483736994676e-05,0.125079497694969,0.262223690748215,0.234953314065933,0.119931899011135,0.166046962141991,0.228638082742691,0.290249854326248,0.388341128826141,0.441860616207123,0.479954212903976,0.472485899925232,0.433723330497742,0.300982862710953,0,3.42235543939751e-05,0.24224454164505,0.309947043657303,0.374676823616028,0.230549946427345,0.0301917884498835,0,0,0,0,0,0,0,0,0,0,0.0686154440045357,0.184935808181763,0.221118196845055,0.213369607925415,0.213457494974136,0.235541522502899,0.311315655708313,0.302329629659653,0.247391119599342,0.178329408168793,0.208582147955894,0.310312300920486,0.268782496452332,0.0103954644873738,0,0,0,0,0,0,0,0,0.114526338875294,0.2242731153965,0.159125581383705,0,0,0,0,0.0330256968736649,0.151796743273735,0,0,0,0,0,0,0,0,0,0,0,0,0,0,0,0,0,0,0,0,0,0,0,0,0,0,0,0,0,0,0,0,0,0,0,0,0,0,0,0,0,0,0,0,0,0,0,0,0,0,0,0,0,0,191
Baden-Baden,0,0,0,0,0,0,0,0,0,0,0,0,0,0,0,0,0,0,0,0,0,0,0,0,0,0,0,0,0,0,0,0,0,0,0,0,0,0,0,0,0,0,0,0,0,0,0,0,0,0,0,0,0,0,0,0,0,0,0,0,0,0,0,0,0,0,0,0,0,0,0,0,0,0,0,0,0,0,0,0,0,0,0,0,0,0,0,0,0,0,0,0,0,0,0,0,0,0,0,0,0,0,0,0,0,0,0,0,0,0,0,0,0,0,0,0,0,0,0,0,0,0,0,0,0,4.52057793154381e-06,0,0,0,0,0,0,0,0,0,0,0,0,0,0,0,0,0,0,0,0,0,0,0,0,0,0,0,0,0,0,0,0,0,0,0,0,0,0.00185757782310247,0,0,0,0,0,0,0,0,0,0,0,0,0,0,0,0,0,0,0,0,0,0,0.00637252070009708,0.0113579919561744,0.0150937950238585,0.019050994887948,0.00997889880090952,0,0.00265895552001894,0.0222081877291203,0.0227950569242239,0.0305014215409756,0.0418254658579826,0.0463986769318581,0.038282535970211,0.0500986166298389,0.0643440783023834,0.0772945135831833,0.0887357145547867,0.0942045822739601,0.0967002287507057,0.0823172330856323,0.0717507153749466,0.052924819290638,0.0634972676634789,0.0529353767633438,0.0075467056594789,0.0764579772949219,0.104575417935848,0.107626140117645,0.04975750669837,0,0,0.010193744674325,0.0861896425485611,0.0598176755011082,0.0601725168526173,0.0674272999167442,0.0676946416497231,0.0526597164571285,0.063481941819191,0.0876991972327232,0.0625135377049446,0.101632513105869,0.00689777918159962,0,0.0496824309229851,0.0821627750992775,0.0910730734467506,0.110944472253323,0.117137402296066,0.0886575281620026,0.101053953170776,0.111551053822041,0.12333831936121,0.121062882244587,0.102512553334236,0.0942733660340309,0.103267036378384,0.0776001736521721,0.0873638764023781,0.105021722614765,0.0891576334834099,0,0.00715543329715729,0,0.00871366448700428,0.0534901171922684,0.0631853491067886,0.00876114331185818,0.00939002353698015,0.0598153695464134,0.0943417474627495,0.125800520181656,0.143066510558128,0.154153198003769,0.150342866778374,0.139629751443863,0.0793788060545921,0,0.00795322749763727,0.0648590698838234,0.0951657891273499,0.115470446646214,0.0634918138384819,0.0107168732210994,0,0.0100232753902674,0,0,0,0,0,0,0,0.0110644418746233,0.0603252090513706,0.0740675702691078,0.0812456086277962,0.0879749953746796,0.0742672979831696,0.0896763727068901,0.094718724489212,0.0806384086608887,0.0573573000729084,0.0430195182561874,0.0707383006811142,0.0884576663374901,0.0757457092404366,0.00896372180432081,0,0,0,0,0,0,0,0,0.0462459288537502,0.0436446964740753,0.00916041620075703,0,0,0,0,0,0.0306459404528141,0,0,0,0,0,0,0,0,0,0,0,0,0,0,0,0,0,0,0,0,0,0,0,0,0,0,0,0,0,0,0,0,0,0,0,0,0,0,0,0,0,0,0,0,0,0,0,0,0,0,0,0,0,0,192
Karlsruhe,0,0,0,0,0,0,0,0,0,0,0,0,0,0,0,0,0,0,0,0,0,0,0,0,0,0,0,0,0,0,0,0,0,0,0,0,0,0,0,0,0,0,0,0,0,0,0,0,0,0,0,0,0,0,0,0,0,0,0,0,0,0,0,0,0,0,0,0,0,0,0,0,0,0,0,0,0,0,0,0,0,0,0,0,0,0,0,0,0,0,0,0,0,0,0,0,0,0,0,0,0,0,0,0,0,0,0,0,0,0,0,0,0,0,0,0,0,0,0,0,0,0,0,0,0,0.0003300323151052,0,0,0,0,0,0,0,0,0,0,0,0,0,0,0,0,0,0,0,0,0,0,0,0,0,0,0,0,0,0,0,0,0,0,0,0,0,0.0252008065581322,0.0125559624284506,0,0,0,0,0,0,0,0,0,0,0,0,0,0,0,0,0,0,0.0440055876970291,0.0440311394631863,0.0565872639417648,0.112198673188686,0.147872090339661,0.174044981598854,0.182060733437538,0.1510309278965,0.112282179296017,0.134611785411835,0.202808752655983,0.229746341705322,0.256319999694824,0.291804730892181,0.306436419487,0.251272529363632,0.311938494443893,0.37132665514946,0.437517732381821,0.490981072187424,0.525528252124786,0.530428647994995,0.477674663066864,0.442418575286865,0.31099259853363,0.412805706262589,0.374033242464066,0.311986714601517,0.447275906801224,0.585860729217529,0.613406240940094,0.421980172395706,0.229256838560104,0.000234569059102796,0.428290575742722,0.564689755439758,0.454796940088272,0.473356366157532,0.426066130399704,0.517739057540894,0.442346513271332,0.429020047187805,0.562154710292816,0.50352144241333,0.610949873924255,0.371702879667282,0.292880266904831,0.461967647075653,0.580865025520325,0.596429586410522,0.679536640644073,0.669325888156891,0.545597076416016,0.585843622684479,0.634180426597595,0.687548220157623,0.710831224918365,0.693871557712555,0.636419236660004,0.65800279378891,0.56915545463562,0.604437351226807,0.705942571163177,0.658909320831299,0.495736926794052,0.453791081905365,0.335811883211136,0.519154071807861,0.626344084739685,0.60751748085022,0.505026578903198,0.481778681278229,0.564776182174683,0.657137036323547,0.805584251880646,0.86921501159668,0.939761698246002,0.920236110687256,0.883160054683685,0.665994882583618,0.00023110159963835,0.465524077415466,0.662064075469971,0.757850646972656,0.811420500278473,0.574308574199677,0.607882976531982,0.439517557621002,0.500025153160095,0.000373043672880158,0.285882920026779,0.000289719988359138,0,0.394741177558899,0.393411636352539,0.380018532276154,0.538370192050934,0.598049521446228,0.611149370670319,0.677157163619995,0.70383095741272,0.627578139305115,0.713371872901917,0.733172416687012,0.688671112060547,0.627114236354828,0.483218938112259,0.584242939949036,0.654424607753754,0.663449585437775,0.444058746099472,0.23508195579052,0.247707083821297,0.24348783493042,0.000220358459046111,0,0,0,0.306001573801041,0.360201686620712,0.419549763202667,0.458780109882355,0,0,0,0,0.323031157255173,0.401589065790176,0,0,0,0,0,0,0,0,0,0,0,0,0,0,0,0,0,0,0,0,0,0,0,0,0,0,0,0,0,0,0,0,0,0,0,0,0,0,0,0,0,0,0,0,0,0,0,0,0,0,0,0,0,0,193
Karlsruhe,0,0,0,0,0,0,0,0,0,0,0,0,0,0,0,0,0,0,0,0,0,0,0,0,0,0,0,0,0,0,0,0,0,0,0,0,0,0,0,0,0,0,0,0,0,0,0,0,0,0,0,0,0,0,0,0,0,0,0,0,0,0,0,0,0,0,0,0,0,0,0,0,0,0,0,0,0,0,0,0,0,0,0,0,0,0,0,0,0,0,0,0,0,0,0,0,0,0,0,0,0,0,0,0,0,0,0,0,0,0,0,0,0,0,0,0,0,0,0,0,0,0,0,0,0,0.000521077367011458,0,0,0,0,0,0,0,0,0,0,0,0,0,0,0,0,0,0,0,0,0,0,0,0,0,0,0,0,0,0,0,0,0,0,0,0,0,0.030768807977438,0.0159106440842152,0,0,0,0,0,0,0,0,0,0,0,0,0,0,0,0,0,0,0.0449354164302349,0.0516336858272552,0.0624144934117794,0.121988244354725,0.16731821000576,0.192228302359581,0.201605126261711,0.167728826403618,0.133032992482185,0.152305424213409,0.2210453748703,0.25587472319603,0.282590746879578,0.318836092948914,0.329054862260818,0.270328342914581,0.335850059986115,0.407453179359436,0.477993279695511,0.535298883914948,0.5694300532341,0.576152265071869,0.520866453647614,0.477108359336853,0.335898637771606,0.448670446872711,0.393768608570099,0.337535858154297,0.48105451464653,0.620773136615753,0.653980374336243,0.452832341194153,0.260543376207352,0.128460809588432,0.456073254346848,0.602076530456543,0.484384059906006,0.48524996638298,0.45867246389389,0.542779743671417,0.475040197372437,0.452773690223694,0.593754351139069,0.526613831520081,0.641028165817261,0.397273123264313,0.304052174091339,0.486544102430344,0.600068867206573,0.630305171012878,0.709069848060608,0.69655966758728,0.5673987865448,0.601026594638824,0.660986542701721,0.711459696292877,0.733026027679443,0.715985178947449,0.666081249713898,0.68830132484436,0.590793013572693,0.612398087978363,0.728324174880981,0.667245507240295,0.523706376552582,0.459758847951889,0.351577073335648,0.53441059589386,0.648435592651367,0.61646556854248,0.516994595527649,0.485291391611099,0.571650743484497,0.671626567840576,0.822765827178955,0.891599118709564,0.960748851299286,0.93496036529541,0.901185154914856,0.670025944709778,0.086775116622448,0.465971767902374,0.669842779636383,0.771830201148987,0.828347861766815,0.585936546325684,0.61454576253891,0.408815324306488,0.496824860572815,0.204778507351875,0.226346746087074,0.113476879894733,0.00356362876482308,0.423217326402664,0.406397640705109,0.352816253900528,0.537910401821136,0.598973989486694,0.624589025974274,0.698193192481995,0.713571548461914,0.654532372951508,0.72145015001297,0.749184429645538,0.708428144454956,0.640669882297516,0.486023336648941,0.581912100315094,0.675080835819244,0.666509091854095,0.447062581777573,0.205784380435944,0.215670824050903,0.218004927039146,0.0827412232756615,0,0,0,0.300468862056732,0.372623950242996,0.441169589757919,0.465030759572983,0,0,0,0,0.328408628702164,0.429817467927933,0,0,0,0,0,0,0,0,0,0,0,0,0,0,0,0,0,0,0,0,0,0,0,0,0,0,0,0,0,0,0,0,0,0,0,0,0,0,0,0,0,0,0,0,0,0,0,0,0,0,0,0,0,0,194
Rastatt,0,0,0,0,0,0,0,0,0,0,0,0,0,0,0,0,0,0,0,0,0,0,0,0,0,0,0,0,0,0,0,0,0,0,0,0,0,0,0,0,0,0,0,0,0,0,0,0,0,0,0,0,0,0,0,0,0,0,0,0,0,0,0,0,0,0,0,0,0,0,0,0,0,0,0,0,0,0,0,0,0,0,0,0,0,0,0,0,0,0,0,0,0,0,0,0,0,0,0,0,0,0,0,0,0,0,0,0,0,0,0,0,0,0,0,0,0,0,0,0,0,0,0,0,0,2.0729637981276e-05,0,0,0,0,0,0,0,0,0,0,0,0,0,0,0,0,0,0,0,0,0,0,0,0,0,0,0,0,0,0,0,0,0,0,0,0,0,0.00319538707844913,0,0,0,0,0,0,0,0,0,0,0,0,0,0,0,0,0,0,0,0,0,0,0.0112710818648338,0.0200017765164375,0.0259057767689228,0.0317917168140411,0.0176172517240047,0,0.0114203337579966,0.0373152904212475,0.0388858169317245,0.0502314642071724,0.0675360336899757,0.0745754316449165,0.060867253690958,0.0790584981441498,0.100983582437038,0.121102079749107,0.139018133282661,0.14790153503418,0.151319891214371,0.130487874150276,0.114643901586533,0.0847396925091743,0.102807745337486,0.0869012996554375,0.0338590443134308,0.121060647070408,0.164520904421806,0.170121997594833,0.0780433788895607,0,0,0.0472984164953232,0.138479113578796,0.0989147573709488,0.100608326494694,0.108957260847092,0.111822456121445,0.0892119333148003,0.102864354848862,0.140695005655289,0.103894077241421,0.160649433732033,0.0336705707013607,0,0.0795415043830872,0.133480817079544,0.145552441477776,0.175757229328156,0.183984443545341,0.140319213271141,0.157897397875786,0.174873068928719,0.192698657512665,0.190911829471588,0.164085015654564,0.150474116206169,0.16475123167038,0.127600446343422,0.14162789285183,0.168387681245804,0.145631238818169,0.0142058553174138,0.0344492308795452,0,0.0401371382176876,0.0905088484287262,0.100518293678761,0.0415191017091274,0.0412879176437855,0.103804260492325,0.151432543992996,0.199555411934853,0.225668907165527,0.243653759360313,0.237381622195244,0.220099225640297,0.132109344005585,0,0.0232906956225634,0.111703254282475,0.155111119151115,0.185282737016678,0.106179147958755,0.0521489270031452,0,0.0293527450412512,0,0,0,0,0,0,0,0.0462426096200943,0.0915666222572327,0.121161304414272,0.133656308054924,0.142705231904984,0.121212430298328,0.144725993275642,0.15415158867836,0.133580356836319,0.0988963320851326,0.069929376244545,0.11657553166151,0.143594816327095,0.126316085457802,0.0376144796609879,0,0,0,0,0,0,0,0,0.0749168023467064,0.0736823976039886,0.0425120368599892,0,0,0,0,0,0.0572741143405437,0,0,0,0,0,0,0,0,0,0,0,0,0,0,0,0,0,0,0,0,0,0,0,0,0,0,0,0,0,0,0,0,0,0,0,0,0,0,0,0,0,0,0,0,0,0,0,0,0,0,0,0,0,0,195
Heidelberg,0,0,0,0,0,0,0,0,0,0,0,0,0,0,0,0,0,0,0,0,0,0,0,0,0,0,0,0,0,0,0,0,0,0,0,0,0,0,0,0,0,0,0,0,0,0,0,0,0,0,0,0,0,0,0,0,0,0,0,0,0,0,0,0,0,0,0,0,0,0,0,0,0,0,0,0,0,0,0,0,0,0,0,0,0,0,0,0,0,0,0,0,0,0,0,0,0,0,0,0,0,0,0,0,0,0,0,0,0,0,0,0,0,0,0,0,0,0,0,0,0,0,0,0,6.27653264473338e-07,0.000722079596016556,0,0,0,0,0,0,0,0,0,0,0,0,0,0,0,0,0,0,0,0,0,0,0,0,0,0,0,0,0,0,0,0,0,0,0,0,0,0.0364564396440983,0.0208589397370815,0,0,0,0,0,0,0,0,0,0,0,0,0,0,0,0,0,0,0.0552636235952377,0.0732022374868393,0.0873909369111061,0.149778768420219,0.207838103175163,0.231961011886597,0.245265305042267,0.206504866480827,0.177185669541359,0.195052117109299,0.26484352350235,0.315740913152695,0.351484596729279,0.393583506345749,0.394099205732346,0.322686046361923,0.416532754898071,0.511747360229492,0.595376491546631,0.658779144287109,0.699232459068298,0.715053975582123,0.646844804286957,0.581839084625244,0.394919991493225,0.55115419626236,0.470259726047516,0.446073234081268,0.601076424121857,0.763125896453857,0.805686891078949,0.575981318950653,0.368726819753647,0.235205680131912,0.577903211116791,0.748924672603607,0.618071258068085,0.58558714389801,0.577433109283447,0.67668604850769,0.605105221271515,0.558474719524384,0.738403081893921,0.650892496109009,0.787878632545471,0.517162561416626,0.385299801826477,0.623042464256287,0.752434611320496,0.810573637485504,0.894239902496338,0.862434923648834,0.702706277370453,0.742732286453247,0.823667287826538,0.89376175403595,0.902849018573761,0.902263641357422,0.862844705581665,0.859114527702332,0.741048097610474,0.757870316505432,0.918237328529358,0.825950384140015,0.678600788116455,0.536836564540863,0.46815213561058,0.674550116062164,0.824160933494568,0.767744600772858,0.687480092048645,0.602111458778381,0.701877176761627,0.858833611011505,1.03676855564117,1.12093150615692,1.21101081371307,1.17037606239319,1.14806401729584,0.824401617050171,0,0.61098724603653,0.835442543029785,0.965103805065155,1.03722894191742,0.745844185352325,0.769312977790833,0.513680636882782,0.664671242237091,0.398156225681305,0,0,0,0.579296052455902,0.536935925483704,0.466517001390457,0.719253659248352,0.789016425609589,0.819430589675903,0.931806087493896,0.924317359924316,0.863118529319763,0.915551781654358,0.959061980247498,0.932070791721344,0.824282109737396,0.623875081539154,0.7170090675354,0.865121781826019,0.850179314613342,0.581452012062073,0.281155616044998,0.313117921352386,0.277925252914429,0,0,0,0,0.392493665218353,0.465191572904587,0.595485150814056,0.59747177362442,0,0,0,0,0.429203182458878,0.569080352783203,0,0,0,0,0,0,0,0,0,0,0,0,0,0,0,0,0,0,0,0,0,0,0,0,0,0,0,0,0,0,0,0,0,0,0,0,0,0,0,0,0,0,0,0,0,0,0,0,0,0,0,0,0,0,196
Mannheim,0,0,0,0,0,0,0,0,0,0,0,0,0,0,0,0,0,0,0,0,0,0,0,0,0,0,0,0,0,0,0,0,0,0,0,0,0,0,0,0,0,0,0,0,0,0,0,0,0,0,0,0,0,0,0,0,0,0,0,0,0,0,0,0,0,0,0,0,0,0,0,0,0,0,0,0,0,0,0,0,0,0,0,0,0,0,0,0,0,0,0,0,0,0,0,0,0,0,0,0,0,0,0,0,0,0,0,0,0,0,0,0,0,0,0,0,0,0,0,0,0,0,0,0,0,0.00100220553576946,0,0,0,0,0,0,0,0,0,0,0,0,0,0,0,0,0,0,0,0,0,0,0,0,0,0,0,0,0,0,0,0,0,0,0,0,0,0.0479782298207283,0.0306318197399378,0,0,0,0,0,0,0,0,0,0,0,0,0,0,0,0,0,0,0.0954192876815796,0.118495412170887,0.143694385886192,0.207351222634315,0.276903122663498,0.304860144853592,0.309836596250534,0.274339079856873,0.243523821234703,0.256882190704346,0.360646188259125,0.424187541007996,0.46231010556221,0.504770696163177,0.503919005393982,0.405294805765152,0.525601625442505,0.64744508266449,0.751096546649933,0.823887944221497,0.872489750385284,0.898580431938171,0.82640528678894,0.727953135967255,0.460825443267822,0.685984909534454,0.580245077610016,0.608413755893707,0.767057716846466,0.945869505405426,0.981787621974945,0.739668607711792,0.520657420158386,0.434350430965424,0.747801005840302,0.93174684047699,0.805826306343079,0.783030688762665,0.737671852111816,0.862587451934814,0.773016273975372,0.759488046169281,0.92278128862381,0.824232757091522,0.964850723743439,0.714033663272858,0.552506327629089,0.834768533706665,0.955820143222809,1.05539071559906,1.14223504066467,1.08715057373047,0.886301398277283,0.938046276569366,1.02755105495453,1.10945308208466,1.10290598869324,1.13636350631714,1.11985754966736,1.10241889953613,0.966039478778839,0.981450378894806,1.18296897411346,1.04870235919952,0.925674915313721,0.698649644851685,0.646810591220856,0.840779185295105,1.04260408878326,1.01068341732025,0.943369388580322,0.793569982051849,0.924954295158386,1.1205335855484,1.30252397060394,1.39556980133057,1.53587424755096,1.45693230628967,1.46125936508179,1.05978572368622,0,0.889506757259369,1.11383140087128,1.222611784935,1.29443156719208,1.0048508644104,1.02393066883087,0.709451198577881,0.857291042804718,0.710342228412628,0.395641475915909,0.419935643672943,0.398418217897415,0.844442248344421,0.757620692253113,0.669314563274384,0.966585695743561,1.0164430141449,1.04806983470917,1.20821094512939,1.1799328327179,1.10322093963623,1.14026963710785,1.23906993865967,1.25310134887695,1.07769644260406,0.787769675254822,0.88369357585907,1.08066165447235,1.12594664096832,0.782360374927521,0.447261124849319,0.467180043458939,0.366536617279053,0,0,0,0,0.515763878822327,0.518606007099152,0.750103652477264,0.759227931499481,0,0,0,0,0.563847661018372,0.753636658191681,0,0,0,0,0,0,0,0,0,0,0,0,0,0,0,0,0,0,0,0,0,0,0,0,0,0,0,0,0,0,0,0,0,0,0,0,0,0,0,0,0,0,0,0,0,0,0,0,0,0,0,0,0,0,197
Neckar-Odenwald-Kreis,0,0,0,0,0,0,0,0,0,0,0,0,0,0,0,0,0,0,0,0,0,0,0,0,0,0,0,0,0,0,0,0,0,0,0,0,0,0,0,0,0,0,0,0,0,0,0,0,0,0,0,0,0,0,0,0,0,0,0,0,0,0,0,0,0,0,0,0,0,0,0,0,0,0,0,0,0,0,0,0,0,0,0,0,0,0,0,0,0,0,0,0,0,0,0,0,0,0,0,0,0,0,0,0,0,0,0,0,0,0,0,0,0,0,0,0,0,0,0,0,0,0,0,0,3.06413357975543e-06,9.19238227652386e-05,0,0,0,0,0,0,0,0,0,0,0,0,0,0,0,0,0,0,0,0,0,0,0,0,0,0,0,0,0,0,0,0,0,0,0,0,0,0.010274525731802,0.00631828233599663,0,0,0,0,0,0,0,0,0,0,0,0,0,0,0,0,0,0,0,0,0,0.0377550572156906,0.0655108019709587,0.0812086760997772,0.0892788395285606,0.0788692757487297,0.0628100484609604,0.0777295902371407,0.0998336151242256,0.119771502912045,0.133954972028732,0.1661506742239,0.16828852891922,0.114454850554466,0.170109942555428,0.229962453246117,0.270999878644943,0.306003451347351,0.328440397977829,0.345459342002869,0.315465599298477,0.276946216821671,0.189256578683853,0.259138405323029,0.203949198126793,0.196825802326202,0.274173229932785,0.369062095880508,0.409346252679825,0.263797223567963,0.0794512629508972,0,0.23805858194828,0.351947396993637,0.306499630212784,0.249809309840202,0.274075955152512,0.301094651222229,0.282280713319778,0.201861828565598,0.335351288318634,0.277147084474564,0.373740702867508,0.236768066883087,0.0982996448874474,0.256687045097351,0.351340919733047,0.370486915111542,0.4005027115345,0.391560435295105,0.297023952007294,0.316341578960419,0.370256543159485,0.41472989320755,0.421553105115891,0.396050304174423,0.38154873251915,0.384595721960068,0.323145717382431,0.31734311580658,0.403915882110596,0.341318726539612,0.254483342170715,0.117691241204739,0.0873144119977951,0.239967361092567,0.324669003486633,0.291673362255096,0.244683280587196,0.208508372306824,0.264642775058746,0.356276452541351,0.4358811378479,0.481198817491531,0.523639678955078,0.513260126113892,0.496565014123917,0.331918716430664,0,0.164882823824883,0.306373089551926,0.380329370498657,0.426178514957428,0.276043683290482,0.230501592159271,0,0.117125481367111,0,0,0,0,0.0833821445703506,0.0838110968470573,0,0.195406913757324,0.265746593475342,0.310448825359344,0.343944549560547,0.352153271436691,0.33745601773262,0.340958327054977,0.367687314748764,0.363025575876236,0.3165562748909,0.218348294496536,0.256010144948959,0.348491013050079,0.324601262807846,0.108404688537121,0,0,0,0,0,0,0,0.0152353877201676,0.149068161845207,0.230375081300735,0.217889398336411,0,0,0,0,0.0679406598210335,0.163313060998917,0,0,0,0,0,0,0,0,0,0,0,0,0,0,0,0,0,0,0,0,0,0,0,0,0,0,0,0,0,0,0,0,0,0,0,0,0,0,0,0,0,0,0,0,0,0,0,0,0,0,0,0,0,0,198
Rhein-Neckar-Kreis,0,0,0,0,0,0,0,0,0,0,0,0,0,0,0,0,0,0,0,0,0,0,0,0,0,0,0,0,0,0,0,0,0,0,0,0,0,0,0,0,0,0,0,0,0,0,0,0,0,0,0,0,0,0,0,0,0,0,0,0,0,0,0,0,0,0,0,0,0,0,0,0,0,0,0,0,0,0,0,0,0,0,0,0,0,0,0,0,0,0,0,0,0,0,0,0,0,0,0,0,0,0,0,0,0,0,0,0,0,0,0,0,0,0,0,0,0,0,0,0,0,0,0,0,3.89607112083468e-06,0.000573843659367412,0,0,0,0,0,0,0,0,0,0,0,0,0,0,0,0,0,0,0,0,0,0,0,0,0,0,0,0,0,0,0,0,0,0,0,0,0,0.0277986861765385,0.0156903956085443,0,0,0,0,0,0,0,0,0,0,0,0,0,0,0,0,0,0,0.0243537873029709,0.0422422811388969,0.05229751765728,0.114694409072399,0.163543477654457,0.183536738157272,0.195083245635033,0.164848521351814,0.13800123333931,0.154869258403778,0.212356775999069,0.25419220328331,0.283983290195465,0.32234451174736,0.322134375572205,0.2565698325634,0.33958500623703,0.422937989234924,0.491903036832809,0.545435667037964,0.580751359462738,0.595748126506805,0.538533687591553,0.480204075574875,0.319472581148148,0.451654016971588,0.381524562835693,0.363283157348633,0.492858380079269,0.632613658905029,0.670210897922516,0.469937086105347,0.272983700037003,0.14333114027977,0.463354706764221,0.614586055278778,0.504349172115326,0.473750948905945,0.47062349319458,0.548326134681702,0.489694595336914,0.439316958189011,0.599212825298309,0.522116303443909,0.644347250461578,0.418064743280411,0.285050898790359,0.495658397674561,0.608599483966827,0.656975448131561,0.723660886287689,0.696419477462769,0.558558225631714,0.595739901065826,0.665154039859772,0.724122107028961,0.728834986686707,0.720855355262756,0.690252900123596,0.687662959098816,0.590534687042236,0.600744426250458,0.734254717826843,0.652057409286499,0.529585838317871,0.386792778968811,0.333707690238953,0.513227045536041,0.64296555519104,0.597535371780396,0.530925154685974,0.454267531633377,0.547115385532379,0.676966965198517,0.817645132541656,0.88912445306778,0.961888909339905,0.931090891361237,0.907561063766479,0.638004899024963,0.000254358135862276,0.458619832992554,0.641385078430176,0.749707818031311,0.815630972385406,0.573480010032654,0.574186444282532,0.324593544006348,0.49302139878273,0.233445540070534,0.0475710369646549,0.0384816937148571,0.0323824472725391,0.40594157576561,0.372482597827911,0.289688587188721,0.536072313785553,0.600955486297607,0.637933075428009,0.719955146312714,0.715035915374756,0.667726993560791,0.701307892799377,0.741198599338531,0.718604862689972,0.632059454917908,0.473099827766418,0.545809984207153,0.671273112297058,0.653775632381439,0.414199471473694,0.114285252988338,0.175969302654266,0.112960807979107,0.000242533889831975,0,0,0,0.270065903663635,0.345778316259384,0.455541461706161,0.450481712818146,0,0,0,0,0.305657505989075,0.425852298736572,0,0,0,0,0,0,0,0,0,0,0,0,0,0,0,0,0,0,0,0,0,0,0,0,0,0,0,0,0,0,0,0,0,0,0,0,0,0,0,0,0,0,0,0,0,0,0,0,0,0,0,0,0,0,199
Pforzheim,0,0,0,0,0,0,0,0,0,0,0,0,0,0,0,0,0,0,0,0,0,0,0,0,0,0,0,0,0,0,0,0,0,0,0,0,0,0,0,0,0,0,0,0,0,0,0,0,0,0,0,0,0,0,0,0,0,0,0,0,0,0,0,0,0,0,0,0,0,0,0,0,0,0,0,0,0,0,0,0,0,0,0,0,0,0,0,0,0,0,0,0,0,0,0,0,0,0,0,0,0,0,0,0,0,0,0,0,0,0,0,0,0,0,0,0,0,0,0,0,0,0,0,0,0,1.88605481525883e-05,0,0,0,0,0,0,0,0,0,0,0,0,0,0,0,0,0,0,0,0,0,0,0,0,0,0,0,0,0,0,0,0,0,0,0,0,0,0.00765404012054205,0.00199940451420844,0,0,0,0,0,0,0,0,0,0,0,0,0,0,0,0,0,0,0,0,0,0.0160438865423203,0.0458466745913029,0.0574001558125019,0.0645377561450005,0.0531869605183601,0.0106116570532322,0.0261481571942568,0.0808604285120964,0.0895107537508011,0.101901434361935,0.134781524538994,0.147314310073853,0.112459726631641,0.143854811787605,0.190867766737938,0.231643944978714,0.265410125255585,0.289322465658188,0.291622549295425,0.266810864210129,0.238316357135773,0.173840895295143,0.217385649681091,0.185818716883659,0.12141364812851,0.237285867333412,0.322942852973938,0.3443603515625,0.201817020773888,0.0220415238291025,0,0.171466767787933,0.287751972675323,0.22004821896553,0.222417652606964,0.238843813538551,0.242097720503807,0.215891748666763,0.205251380801201,0.29160088300705,0.235034793615341,0.329417943954468,0.148825272917747,0.0290290713310242,0.188570082187653,0.282642930746078,0.299619555473328,0.356582343578339,0.361807078123093,0.277039796113968,0.295787155628204,0.344081461429596,0.369637280702591,0.380662769079208,0.32425320148468,0.292938113212585,0.342453926801682,0.280862152576447,0.285323113203049,0.348496168851852,0.310796916484833,0.109119683504105,0.100397296249866,0.0318276509642601,0.107620216906071,0.263907819986343,0.255169540643692,0.0928434878587723,0.101468041539192,0.256191700696945,0.304625362157822,0.39437136054039,0.446108609437943,0.484152764081955,0.467515975236893,0.426418036222458,0.294064104557037,0,0.0977600365877151,0.273278146982193,0.331869721412659,0.383539110422134,0.228922307491302,0.223448157310486,0.0224045421928167,0.0428884364664555,0,0,0,0,0.0354547239840031,0.0329739674925804,0.0174103435128927,0.0467947982251644,0.186284407973289,0.242840588092804,0.280465453863144,0.285175025463104,0.254646271467209,0.289724737405777,0.338358908891678,0.301444917917252,0.247075736522675,0.1686802059412,0.252915591001511,0.312524169683456,0.282915264368057,0.039554089307785,0,0,0,0,0,0,0,0.0187357906252146,0.147323876619339,0.175131693482399,0.177312940359116,0,0,0,0,0.120796769857407,0.17732897400856,0,0,0,0,0,0,0,0,0,0,0,0,0,0,0,0,0,0,0,0,0,0,0,0,0,0,0,0,0,0,0,0,0,0,0,0,0,0,0,0,0,0,0,0,0,0,0,0,0,0,0,0,0,0,200
Calw,0,0,0,0,0,0,0,0,0,0,0,0,0,0,0,0,0,0,0,0,0,0,0,0,0,0,0,0,0,0,0,0,0,0,0,0,0,0,0,0,0,0,0,0,0,0,0,0,0,0,0,0,0,0,0,0,0,0,0,0,0,0,0,0,0,0,0,0,0,0,0,0,0,0,0,0,0,0,0,0,0,0,0,0,0,0,0,0,0,0,0,0,0,0,0,0,0,0,0,0,0,0,0,0,0,0,0,0,0,0,0,0,0,0,0,0,0,0,0,0,0,0,0,0,0,6.84382666804595e-06,0,0,0,0,0,0,0,0,0,0,0,0,0,0,0,0,0,0,0,0,0,0,0,0,0,0,0,0,0,0,0,0,0,0,0,0,0,0.00484328903257847,0.000711837608832866,0,0,0,0,0,0,0,0,0,0,0,0,0,0,0,0,0,0,0,0,0,0.00451006088405848,0.0263535212725401,0.0338650606572628,0.0415710434317589,0.0284120719879866,0,0.0101864458993077,0.0516265109181404,0.0519595742225647,0.0643116161227226,0.0964373648166656,0.109915152192116,0.0830236375331879,0.10842315107584,0.146866664290428,0.179734736680984,0.206118702888489,0.224145844578743,0.226564139127731,0.204570397734642,0.179448500275612,0.133048087358475,0.162890389561653,0.130458161234856,0.0556660257279873,0.18208672106266,0.250005513429642,0.263951361179352,0.128460541367531,0,0,0.0734840035438538,0.204328387975693,0.157952457666397,0.15484207868576,0.183755323290825,0.168638423085213,0.148234233260155,0.149701818823814,0.217634677886963,0.158409491181374,0.255757719278336,0.057848434895277,0,0.114440195262432,0.206752821803093,0.22455270588398,0.276878118515015,0.285188466310501,0.210241481661797,0.232836678624153,0.269846796989441,0.293066620826721,0.297846019268036,0.23995640873909,0.222343698143959,0.260711848735809,0.205411806702614,0.21700145304203,0.257261097431183,0.226209849119186,0.0224298257380724,0.0237216409295797,0,0.0251889880746603,0.1485635638237,0.1547711789608,0.0219366233795881,0.0413482375442982,0.17177951335907,0.230227395892143,0.304466873407364,0.348911941051483,0.378681004047394,0.363289773464203,0.327056497335434,0.205761194229126,0,0.0316353999078274,0.177212476730347,0.235650315880775,0.28284478187561,0.156709104776382,0.0942697525024414,0,0,0,0,0,0,0,0,0,0.0126445647329092,0.0773073732852936,0.166419357061386,0.192401692271233,0.201710298657417,0.170074135065079,0.207067146897316,0.247701063752174,0.211849197745323,0.153479054570198,0.069411039352417,0.181488513946533,0.230678528547287,0.197697445750237,0.0127356741577387,0,0,0,0,0,0,0,0,0.10852999985218,0.113433413207531,0.0978083163499832,0,0,0,0,0.0421727895736694,0.110817015171051,0,0,0,0,0,0,0,0,0,0,0,0,0,0,0,0,0,0,0,0,0,0,0,0,0,0,0,0,0,0,0,0,0,0,0,0,0,0,0,0,0,0,0,0,0,0,0,0,0,0,0,0,0,0,201
Enzkreis,0,0,0,0,0,0,0,0,0,0,0,0,0,0,0,0,0,0,0,0,0,0,0,0,0,0,0,0,0,0,0,0,0,0,0,0,0,0,0,0,0,0,0,0,0,0,0,0,0,0,0,0,0,0,0,0,0,0,0,0,0,0,0,0,0,0,0,0,0,0,0,0,0,0,0,0,0,0,0,0,0,0,0,0,0,0,0,0,0,0,0,0,0,0,0,0,0,0,0,0,0,0,0,0,0,0,0,0,0,0,0,0,0,0,0,0,0,0,0,0,0,0,0,0,0,5.57118401047774e-05,0,0,0,0,0,0,0,0,0,0,0,0,0,0,0,0,0,0,0,0,0,0,0,0,0,0,0,0,0,0,0,0,0,0,0,0,0,0.0119013264775276,0.00474728504195809,0,0,0,0,0,0,0,0,0,0,0,0,0,0,0,0,0,0,0.000197224318981171,0.000197293775272556,0.00025359689607285,0.0418996624648571,0.076627679169178,0.0945551916956902,0.101104721426964,0.0858580023050308,0.0439467243850231,0.066788338124752,0.119724944233894,0.136267960071564,0.150591030716896,0.185502573847771,0.197199836373329,0.155169516801834,0.194213345646858,0.250003486871719,0.300190180540085,0.342087358236313,0.371478229761124,0.376118928194046,0.344690978527069,0.312016785144806,0.22683584690094,0.286516100168228,0.252712815999985,0.184429973363876,0.308660447597504,0.41219824552536,0.441737949848175,0.277277737855911,0.0925723761320114,0,0.257547736167908,0.38434773683548,0.297899663448334,0.301188856363297,0.309170931577682,0.332020461559296,0.298406332731247,0.278214663267136,0.385157704353333,0.327191680669785,0.426747530698776,0.229313686490059,0.124087758362293,0.276486575603485,0.378749370574951,0.400047779083252,0.463054597377777,0.464965969324112,0.366779893636703,0.38553187251091,0.444049775600433,0.474794864654541,0.489601671695709,0.437707930803299,0.394831269979477,0.451219350099564,0.379556626081467,0.38153463602066,0.466684222221375,0.422711104154587,0.264803767204285,0.239499896764755,0.132942467927933,0.264956891536713,0.384151130914688,0.366461127996445,0.235859155654907,0.243210062384605,0.355376839637756,0.412594527006149,0.522853016853333,0.582631170749664,0.630486488342285,0.614116787910461,0.568888485431671,0.41219174861908,0,0.224845364689827,0.397796154022217,0.469823986291885,0.522791147232056,0.332904458045959,0.33968186378479,0.0668852180242538,0.174880281090736,0,0.00128186144866049,0,0,0.145546197891235,0.134633049368858,0.0474188514053822,0.20125687122345,0.29428905248642,0.350070714950562,0.400513172149658,0.404191881418228,0.372624307870865,0.411439567804337,0.461398869752884,0.425462335348129,0.37324070930481,0.266703307628632,0.355556517839432,0.428246587514877,0.401115447282791,0.170191824436188,0.00105395005084574,0.00111056258901954,0.00109159119892865,0,0,0,0,0.0505672283470631,0.207338690757751,0.262099474668503,0.268694907426834,0,0,0,0,0.180728435516357,0.261197119951248,0,0,0,0,0,0,0,0,0,0,0,0,0,0,0,0,0,0,0,0,0,0,0,0,0,0,0,0,0,0,0,0,0,0,0,0,0,0,0,0,0,0,0,0,0,0,0,0,0,0,0,0,0,0,202
Freudenstadt,0,0,0,0,0,0,0,0,0,0,0,0,0,0,0,0,0,0,0,0,0,0,0,0,0,0,0,0,0,0,0,0,0,0,0,0,0,0,0,0,0,0,0,0,0,0,0,0,0,0,0,0,0,0,0,0,0,0,0,0,0,0,0,0,0,0,0,0,0,0,0,0,0,0,0,0,0,0,0,0,0,0,0,0,0,0,0,0,0,0,0,0,0,0,0,0,0,0,0,0,0,0,0,0,0,0,0,0,0,0,0,0,0,0,0,0,0,0,0,0,0,0,0,0,0,0,0,0,0,0,0,0,0,0,0,0,0,0,0,0,0,0,0,0,0,0,0,0,0,0,0,0,0,0,0,0,0,0,0,0,0,0,0,0.00388881517574191,0.000592380180023611,0,0,0,0,0,0,0,0,0,0,0,0,0,0,0,0,0,0,0,0,0,0.00246014352887869,0.0196377206593752,0.0267838835716248,0.0346857458353043,0.0106499213725328,0,0.00225866166874766,0.0387715362012386,0.0363976955413818,0.0506641454994678,0.0793555453419685,0.0934090539813042,0.0752834603190422,0.0977328345179558,0.13009686768055,0.160456001758575,0.180898532271385,0.195182830095291,0.200678899884224,0.174698829650879,0.151696503162384,0.115394234657288,0.136380270123482,0.102281540632248,0.0246688332408667,0.160118535161018,0.215708762407303,0.225046142935753,0.0893101021647453,0,0,0.0280299913138151,0.164188578724861,0.125080168247223,0.121473014354706,0.159059002995491,0.131833851337433,0.110169008374214,0.128029555082321,0.180760070681572,0.123953752219677,0.223982140421867,0.00839286204427481,0,0.0504347942769527,0.165954172611237,0.192590355873108,0.244069695472717,0.254380464553833,0.19181427359581,0.217741757631302,0.243214622139931,0.265005469322205,0.259272575378418,0.202930420637131,0.194155618548393,0.225430652499199,0.168772757053375,0.185352981090546,0.219878941774368,0.187663733959198,0,0.00805578380823135,0,0.00852168910205364,0.0491981357336044,0.110283456742764,0,0.0104148890823126,0.119144760072231,0.207975253462791,0.271833449602127,0.31243035197258,0.336818873882294,0.327000379562378,0.298550993204117,0.162885248661041,0,0.0114998752251267,0.132382407784462,0.202356711030006,0.2463618516922,0.130102977156639,0.0342777483165264,0,0,0,0,0,0,0,0,0,0,0.0884706974029541,0.138592541217804,0.155275151133537,0.171847924590111,0.140010014176369,0.183954253792763,0.206081077456474,0.172937035560608,0.116243861615658,0.0509482137858868,0.151348516345024,0.195689752697945,0.157201617956161,0.00745719904080033,0,0,0,0,0,0,0,0,0.0961650386452675,0.0895574539899826,0.0279299225658178,0,0,0,0,0.0215109623968601,0.061945017427206,0,0,0,0,0,0,0,0,0,0,0,0,0,0,0,0,0,0,0,0,0,0,0,0,0,0,0,0,0,0,0,0,0,0,0,0,0,0,0,0,0,0,0,0,0,0,0,0,0,0,0,0,0,0,203
Freiburg im Breisgau,0,0,0,0,0,0,0,0,0,0,0,0,0,0,0,0,0,0,0,0,0,0,0,0,0,0,0,0,0,0,0,0,0,0,0,0,0,0,0,0,0,0,0,0,0,0,0,0,0,0,0,0,0,0,0,0,0,0,0,0,0,0,0,0,0,0,0,0,0,0,0,0,0,0,0,0,0,0,0,0,0,0,0,0,0,0,0,0,0,0,0,0,0,0,0,0,0,0,0,0,0,0,0,0,0,0,0,0,0,0,0,0,0,0,0,0,0,0,0,0,0,0,0,0,0,0.000103147474874277,0,0,0,0,0,0,0,0,0,0,0,0,0,0,0,0,0,0,0,0,0,0,0,0,0,0,0,0,0,0,0,0,0,0,0,0,0,0.0143371941521764,0.00592745514586568,0,0,0,0,0,0,0,0,0,0,0,0,0,0,0,0,0,0,0.0116931144148111,0,0.021514130756259,0.0519269071519375,0.0662508979439735,0.0895291194319725,0.103266939520836,0.0528156273066998,0.0186346564441919,0.0513522811233997,0.0919646248221397,0.0836667194962502,0.141318902373314,0.183410048484802,0.210473716259003,0.195103466510773,0.222572281956673,0.274814337491989,0.319855540990829,0.365616053342819,0.387445002794266,0.404049009084702,0.331327348947525,0.297008246183395,0.258658409118652,0.280005186796188,0.185316309332848,0.175725921988487,0.337387055158615,0.421251565217972,0.419711947441101,0.253350377082825,0,0.0612150654196739,0.205633625388145,0.340719372034073,0.306498885154724,0.340033411979675,0.288204610347748,0.315368235111237,0.20310740172863,0.302458822727203,0.364384412765503,0.342997074127197,0.425186157226563,0.0651068836450577,0.0680063813924789,0.203155755996704,0.320281028747559,0.403823852539063,0.482443422079086,0.508315086364746,0.419441312551498,0.463194608688354,0.495369464159012,0.533644378185272,0.528103768825531,0.44199138879776,0.450496047735214,0.477935343980789,0.414068073034286,0.448575049638748,0.478850990533829,0.437446475028992,0.076842725276947,0.0829503759741783,0.0526428557932377,0.0873396769165993,0.221350938081741,0.383943617343903,0.113977372646332,0.214079827070236,0.258528590202332,0.484043926000595,0.589992821216583,0.661475598812103,0.715153694152832,0.70091050863266,0.662821769714355,0.433595478534698,0.0794559195637703,0.218312412500381,0.363404154777527,0.473307907581329,0.562505185604095,0.390148937702179,0.130284130573273,0.221293762326241,0.217275068163872,0,0,0,0,0,0.0612967871129513,0.11088240891695,0.214954942464828,0.378171563148499,0.420559942722321,0.448019087314606,0.445067584514618,0.397155523300171,0.453409641981125,0.479591518640518,0.426126718521118,0.339997321367264,0.272345036268234,0.377849966287613,0.457452774047852,0.381537944078445,0.219925567507744,0.0730963498353958,0.0501033328473568,0,0,0,0,0,0,0.257719606161118,0.256059497594833,0.182125180959702,0,0,0,0,0.15032185614109,0.184662818908691,0,0,0,0,0,0,0,0,0,0,0,0,0,0,0,0,0.0639371052384377,0,0,0,0,0,0,0,0,0,0,0,0,0,0,0,0,0,0,0,0,0,0,0,0,0,0,0,0,0,0,0,0,0,0,0,0,0,204
Breisgau-Hochschwarzwald,0,0,0,0,0,0,0,0,0,0,0,0,0,0,0,0,0,0,0,0,0,0,0,0,0,0,0,0,0,0,0,0,0,0,0,0,0,0,0,0,0,0,0,0,0,0,0,0,0,0,0,0,0,0,0,0,0,0,0,0,0,0,0,0,0,0,0,0,0,0,0,0,0,0,0,0,0,0,0,0,0,0,0,0,0,0,0,0,0,0,0,0,0,0,0,0,0,0,0,0,0,0,0,0,0,0,0,0,0,0,0,0,0,0,0,0,0,0,0,0,0,0,0,0,0,4.90503734908998e-05,0,0,0,0,0,0,0,0,0,0,0,0,0,0,0,0,0,0,0,0,0,0,0,0,0,0,0,0,0,0,0,0,0,0,0,0,0,0.00733438041061163,0.00280568236485124,0,0,0,0,0,0,0,0,0,0,0,0,0,0,0,0,0,0,0.00505855539813638,0,0.00937343016266823,0.0247834473848343,0.0323515869677067,0.0483387373387814,0.0564691945910454,0.0252395551651716,0.0080615347251296,0.024409918114543,0.0453123226761818,0.0404440239071846,0.070737436413765,0.105719022452831,0.124146662652493,0.115056268870831,0.133624196052551,0.169297769665718,0.196943834424019,0.226498574018478,0.242497861385345,0.252386331558228,0.203589171171188,0.179362967610359,0.138006687164307,0.165185183286667,0.0905975848436356,0.0862378552556038,0.199896827340126,0.266879618167877,0.262450516223907,0.123224064707756,0,0.0264822356402874,0.106360085308552,0.174063056707382,0.151821821928024,0.169849708676338,0.148018941283226,0.157431617379189,0.104001209139824,0.151849925518036,0.213746622204781,0.172364234924316,0.268416732549667,0.0281658731400967,0.0294202212244272,0.0986191183328629,0.160131081938744,0.24837301671505,0.302740544080734,0.315916240215302,0.260440766811371,0.292781352996826,0.313281565904617,0.338303685188293,0.323880732059479,0.249630764126778,0.259368002414703,0.284887075424194,0.219055354595184,0.259671837091446,0.288851290941238,0.234076902270317,0.0332429111003876,0.0358851440250874,0.0227738153189421,0.0377839989960194,0.10688541829586,0.190279185771942,0.049745075404644,0.103095732629299,0.126163706183434,0.291806578636169,0.362369775772095,0.412784099578857,0.443189471960068,0.436330080032349,0.41138282418251,0.242948547005653,0.0343734063208103,0.105006687343121,0.179772675037384,0.281511276960373,0.339688360691071,0.194734990596771,0.0568984560668468,0.106170676648617,0.104609161615372,0,0,0,0,0,0.026517590507865,0.048437088727951,0.104535810649395,0.198378384113312,0.22327533364296,0.24828639626503,0.255428969860077,0.22478449344635,0.262549012899399,0.277167409658432,0.239802896976471,0.167962998151779,0.132894650101662,0.218838751316071,0.270058840513229,0.213028624653816,0.110754929482937,0.0316221937537193,0.0216751918196678,0,0,0,0,0,0,0.136752799153328,0.121589481830597,0.0880247056484222,0,0,0,0,0.0730835869908333,0.0899712517857552,0,0,0,0,0,0,0,0,0,0,0,0,0,0,0,0,0.0279045701026917,0,0,0,0,0,0,0,0,0,0,0,0,0,0,0,0,0,0,0,0,0,0,0,0,0,0,0,0,0,0,0,0,0,0,0,0,0,205
Emmendingen,0,0,0,0,0,0,0,0,0,0,0,0,0,0,0,0,0,0,0,0,0,0,0,0,0,0,0,0,0,0,0,0,0,0,0,0,0,0,0,0,0,0,0,0,0,0,0,0,0,0,0,0,0,0,0,0,0,0,0,0,0,0,0,0,0,0,0,0,0,0,0,0,0,0,0,0,0,0,0,0,0,0,0,0,0,0,0,0,0,0,0,0,0,0,0,0,0,0,0,0,0,0,0,0,0,0,0,0,0,0,0,0,0,0,0,0,0,0,0,0,0,0,0,0,0,7.69117832533084e-05,0,0,0,0,0,0,0,0,0,0,0,0,0,0,0,0,0,0,0,0,0,0,0,0,0,0,0,0,0,0,0,0,0,0,0,0,0,0.0153171550482512,0.00690543791279197,0,0,0,0,0,0,0,0,0,0,0,0,0,0,0,0,0,0,0.0139250913634896,0,0.0321141928434372,0.0564497523009777,0.0688467100262642,0.091352291405201,0.104387812316418,0.0620092712342739,0.0201423466205597,0.0619690455496311,0.0988838896155357,0.0967172831296921,0.138619795441628,0.175356209278107,0.197988420724869,0.18503338098526,0.208528906106949,0.250746548175812,0.291224807500839,0.330185770988464,0.35098871588707,0.366124212741852,0.306250333786011,0.277556121349335,0.243805855512619,0.26459589600563,0.212273880839348,0.190510824322701,0.313504725694656,0.375370740890503,0.380812406539917,0.228885799646378,0,0.066167838871479,0.22096973657608,0.317970514297485,0.288605958223343,0.311144858598709,0.270404130220413,0.300208747386932,0.223433539271355,0.289959162473679,0.337025076150894,0.315666735172272,0.377740472555161,0.0793352648615837,0.073508620262146,0.236198365688324,0.307939052581787,0.364473104476929,0.428854793310165,0.452453702688217,0.376055389642715,0.410512775182724,0.433419585227966,0.466543763875961,0.466827034950256,0.413363307714462,0.409566879272461,0.429286897182465,0.38777419924736,0.405653089284897,0.431485176086426,0.40821972489357,0.0830598995089531,0.10093030333519,0.0569020733237267,0.106474906206131,0.252639979124069,0.357578068971634,0.17885909974575,0.244081616401672,0.284488201141357,0.432568281888962,0.520677149295807,0.576984465122223,0.626770436763763,0.614582121372223,0.581226408481598,0.399737507104874,0.0858845263719559,0.248272389173508,0.35300624370575,0.429838448762894,0.497781217098236,0.369172424077988,0.219628855586052,0.242328390479088,0.257334858179092,0,0,0,0,0,0.0662561804056168,0.180241674184799,0.245938062667847,0.331637442111969,0.375823765993118,0.398798733949661,0.395426571369171,0.359840929508209,0.40465635061264,0.42023628950119,0.392218351364136,0.312936514616013,0.258822172880173,0.33976936340332,0.401217520236969,0.356242299079895,0.235061660408974,0.0790104120969772,0.0541570857167244,0,0,0,0,0,0,0.224872142076492,0.218212425708771,0.200299397110939,0,0,0,0,0.147757172584534,0.195537075400352,0,0,0,0,0,0,0,0,0,0,0,0,0,0,0,0,0.0999584347009659,0,0,0,0,0,0,0,0,0,0,0,0,0,0,0,0,0,0,0,0,0,0,0,0,0,0,0,0,0,0,0,0,0,0,0,0,0,206
Ortenaukreis,0,0,0,0,0,0,0,0,0,0,0,0,0,0,0,0,0,0,0,0,0,0,0,0,0,0,0,0,0,0,0,0,0,0,0,0,0,0,0,0,0,0,0,0,0,0,0,0,0,0,0,0,0,0,0,0,0,0,0,0,0,0,0,0,0,0,0,0,0,0,0,0,0,0,0,0,0,0,0,0,0,0,0,0,0,0,0,0,0,0,0,0,0,0,0,0,0,0,0,0,0,0,0,0,0,0,0,0,0,0,0,0,0,0,0,0,0,0,0,0,0,0,0,0,0,5.54974831175059e-05,0,0,0,0,0,0,0,0,0,0,0,0,0,0,0,0,0,0,0,0,0,0,0,0,0,0,0,0,0,0,0,0,0,0,0,0,0,0.00967264175415039,0.00323167652823031,0,0,0,0,0,0,0,0,0,0,0,0,0,0,0,0,0,0,0.0107818972319365,0,0.0133983297273517,0.0376738496124744,0.0492149516940117,0.0635485127568245,0.0744309201836586,0.0444016605615616,0.0114174010232091,0.0441481433808804,0.0785217359662056,0.0814371258020401,0.105771124362946,0.131358355283737,0.145891889929771,0.132529363036156,0.155851051211357,0.186710268259048,0.219360187649727,0.246476247906685,0.262358784675598,0.273814409971237,0.231763139367104,0.208000272512436,0.173659533262253,0.196840941905975,0.17493511736393,0.12089841067791,0.233996972441673,0.287373542785645,0.296093076467514,0.178414270281792,0,0.0262561962008476,0.149250730872154,0.248042851686478,0.200031593441963,0.206933036446571,0.203055396676064,0.218523412942886,0.175327181816101,0.215296804904938,0.256779611110687,0.216314628720284,0.279659241437912,0.0770623832941055,0.0399282649159431,0.183993682265282,0.233694657683372,0.265214711427689,0.314764887094498,0.330934911966324,0.275775849819183,0.298977315425873,0.317617297172546,0.345579653978348,0.338479250669479,0.308479070663452,0.286086142063141,0.304368942975998,0.269131034612656,0.283935189247131,0.311741530895233,0.287883281707764,0.0517760254442692,0.114213317632675,0.0403204709291458,0.124863132834435,0.181425467133522,0.240471810102463,0.0938252359628677,0.157511085271835,0.206657096743584,0.302186757326126,0.373302578926086,0.414972543716431,0.449778497219086,0.440779983997345,0.412677615880966,0.273659288883209,0.0334479510784149,0.148052588105202,0.246168926358223,0.305958569049835,0.353692173957825,0.247077822685242,0.157269328832626,0.0928619652986526,0.167618095874786,0,0,0,0,0,0.0523334853351116,0.077461451292038,0.178912803530693,0.222485721111298,0.259033292531967,0.275825500488281,0.280408918857574,0.251074731349945,0.28722482919693,0.286766797304153,0.26766511797905,0.218479722738266,0.187886863946915,0.238596349954605,0.280766636133194,0.255750000476837,0.143717855215073,0.0421862155199051,0,0,0,0,0,0,0,0.150410383939743,0.16048076748848,0.137015894055367,0,0,0,0,0.0486952736973763,0.113838687539101,0,0,0,0,0,0,0,0,0,0,0,0,0,0,0,0,0.038713987916708,0,0,0,0,0,0,0,0,0,0,0,0,0,0,0,0,0,0,0,0,0,0,0,0,0,0,0,0,0,0,0,0,0,0,0,0,0,207
Rottweil,0,0,0,0,0,0,0,0,0,0,0,0,0,0,0,0,0,0,0,0,0,0,0,0,0,0,0,0,0,0,0,0,0,0,0,0,0,0,0,0,0,0,0,0,0,0,0,0,0,0,0,0,0,0,0,0,0,0,0,0,0,0,0,0,0,0,0,0,0,0,0,0,0,0,0,0,0,0,0,0,0,0,0,0,0,0,0,0,0,0,0,0,0,0,0,0,0,0,0,0,0,0,0,0,0,0,0,0,0,0,0,0,0,0,0,0,0,0,0,0,0,0,0,0,0,0,0,0,0,0,0,0,0,0,0,0,0,0,0,0,0,0,0,0,0,0,0,0,0,0,0,0,0,0,0,0,0,0,0,0,0,0,0,0.00327899353578687,0.00010752536036307,0,0,0,0,0,0,0,0,0,0,0,0,0,0,0,0,0,0,0,0,0,0.00142741773743182,0.0183889791369438,0.0263978447765112,0.0332192666828632,0.0141587434336543,0,3.24839857057668e-05,0.036283653229475,0.0334994122385979,0.0487675666809082,0.077188715338707,0.0941895321011543,0.081047885119915,0.0989820882678032,0.131753236055374,0.161586970090866,0.18032631278038,0.198223203420639,0.205731734633446,0.178102642297745,0.156376883387566,0.124034561216831,0.146830573678017,0.0967292934656143,0.0293793026357889,0.168128982186317,0.217965260148048,0.230125740170479,0.105418793857098,0,0,0.0351202115416527,0.159050598740578,0.133438214659691,0.141815289855003,0.177947074174881,0.14022259414196,0.112794272601604,0.143306538462639,0.183717757463455,0.136721447110176,0.238917678594589,0.000120705808512866,0,0.082919217646122,0.161550790071487,0.19897049665451,0.252161979675293,0.263320922851563,0.209807515144348,0.236037760972977,0.257323086261749,0.276822149753571,0.252225399017334,0.195690736174583,0.193175584077835,0.234518557786942,0.183831781148911,0.205957338213921,0.239712804555893,0.207419574260712,0,0.000115857968921773,0,0.000122558587463573,0.0403415895998478,0.140172153711319,0,0.000149786530528218,0.0792679339647293,0.226529970765114,0.284726679325104,0.326766461133957,0.352151036262512,0.346481442451477,0.31089836359024,0.178052827715874,0,0.000165390752954409,0.145533367991447,0.222369462251663,0.256097406148911,0.152109637856483,0.00604290561750531,0,0,0,0,0,0,0,0,0,0,0.078082911670208,0.143761366605759,0.143769592046738,0.168619081377983,0.130792871117592,0.176543742418289,0.201721400022507,0.179175302386284,0.125662162899971,0.0651482492685318,0.157719895243645,0.200711458921432,0.158770695328712,0.000107249157736078,0,0,0,0,0,0,0,0,0.0850946605205536,0.0814682394266129,0.00531741604208946,0,0,0,0,0.00407676724717021,0.036812536418438,0,0,0,0,0,0,0,0,0,0,0,0,0,0,0,0,0,0,0,0,0,0,0,0,0,0,0,0,0,0,0,0,0,0,0,0,0,0,0,0,0,0,0,0,0,0,0,0,0,0,0,0,0,0,208
Schwarzwald-Baar-Kreis,0,0,0,0,0,0,0,0,0,0,0,0,0,0,0,0,0,0,0,0,0,0,0,0,0,0,0,0,0,0,0,0,0,0,0,0,0,0,0,0,0,0,0,0,0,0,0,0,0,0,0,0,0,0,0,0,0,0,0,0,0,0,0,0,0,0,0,0,0,0,0,0,0,0,0,0,0,0,0,0,0,0,0,0,0,0,0,0,0,0,0,0,0,0,0,0,0,0,0,0,0,0,0,0,0,0,0,0,0,0,0,0,0,0,0,0,0,0,0,0,0,0,0,0,0,0,0,0,0,0,0,0,0,0,0,0,0,0,0,0,0,0,0,0,0,0,0,0,0,0,0,0,0,0,0,0,0,0,0,0,0,0,0,0.0014285275246948,0,0,0,0,0,0,0,0,0,0,0,0,0,0,0,0,0,0,0,0,0,0,0.000763026182539761,0.0109914802014828,0.0186816286295652,0.0230495966970921,0,0,0,0.0170930810272694,0.00137528276536614,0.0315357744693756,0.0569721795618534,0.0728395357728004,0.0663365051150322,0.0806000381708145,0.110262602567673,0.130051508545876,0.147807866334915,0.166027829051018,0.171659722924232,0.140173092484474,0.121413595974445,0.0886150673031807,0.112525574862957,0.004194475710392,0,0.130722150206566,0.186387434601784,0.188102513551712,0.0351054631173611,0,0,0.0095832422375679,0.107429392635822,0.0687912628054619,0.0823070555925369,0.119012482464314,0.0761478021740913,0.0152515061199665,0.0827177539467812,0.138310000300407,0.0815837755799294,0.199973493814468,0,0,0,0.0843786969780922,0.16602435708046,0.213484242558479,0.222795188426971,0.184461772441864,0.211438909173012,0.226485788822174,0.240057960152626,0.204059526324272,0.139236703515053,0.144938081502914,0.181404307484627,0.136312499642372,0.164251253008842,0.197766453027725,0.158204644918442,0,0,0,0,0,0.0741575211286545,0,0,0,0.189255550503731,0.241797149181366,0.284109205007553,0.305127203464508,0.302812069654465,0.275909036397934,0.135479375720024,0,0,0.0775538012385368,0.18431131541729,0.216227114200592,0.0914715379476547,0,0,0,0,0,0,0,0,0,0,0,0.0197595302015543,0.104551993310452,0.104257173836231,0.134142905473709,0.0970273390412331,0.136598855257034,0.154262155294418,0.13399164378643,0.0713261142373085,0.0149038583040237,0.124040938913822,0.161908134818077,0.117322713136673,0,0,0,0,0,0,0,0,0,0.0181698966771364,0.0034534593578428,0,0,0,0,0,0,0,0,0,0,0,0,0,0,0,0,0,0,0,0,0,0,0,0,0,0,0,0,0,0,0,0,0,0,0,0,0,0,0,0,0,0,0,0,0,0,0,0,0,0,0,0,0,0,0,0,0,0,0,0,0,209
Tuttlingen,0,0,0,0,0,0,0,0,0,0,0,0,0,0,0,0,0,0,0,0,0,0,0,0,0,0,0,0,0,0,0,0,0,0,0,0,0,0,0,0,0,0,0,0,0,0,0,0,0,0,0,0,0,0,0,0,0,0,0,0,0,0,0,0,0,0,0,0,0,0,0,0,0,0,0,0,0,0,0,0,0,0,0,0,0,0,0,0,0,0,0,0,0,0,0,0,0,0,0,0,0,0,0,0,0,0,0,0,0,0,0,0,0,0,0,0,0,0,0,0,0,0,0,0,0,0,0,0,0,0,0,0,0,0,0,0,0,0,0,0,0,0,0,0,0,0,0,0,0,0,0,0,0,0,0,0,0,0,0,0,0,0,0,0.00220499979332089,0.000136137678055093,0,0,0,0,0,0,0,0,0,0,0,0,0,0,0,0,0,0,0,0,0,0,0.0156215317547321,0.0221310388296843,0.0259298793971539,0,0,0.00285978568717837,0.0204040743410587,0.013700564391911,0.0284475609660149,0.0629970505833626,0.0838999375700951,0.0729647278785706,0.0867640152573586,0.118490435183048,0.142971202731133,0.161954939365387,0.179036974906921,0.189419940114021,0.160306468605995,0.140263259410858,0.115216828882694,0.137410685420036,0.0415378771722317,0.0280985292047262,0.145684167742729,0.208772122859955,0.214182451367378,0.0727193132042885,0,0,0.0510828718543053,0.139709532260895,0.0832461714744568,0.11638155579567,0.180774420499802,0.114723980426788,0.0664236918091774,0.088699035346508,0.164973184466362,0.0873975157737732,0.23049858212471,0,0,0,0.121562406420708,0.169016465544701,0.227273270487785,0.250974148511887,0.205909669399261,0.226802885532379,0.250239014625549,0.259693533182144,0.219186201691628,0.158790275454521,0.169737488031387,0.209315672516823,0.165851235389709,0.204964369535446,0.23330956697464,0.196332260966301,0,0,0,0,0.0114456433802843,0.12065301835537,0,0,0,0.215054795145988,0.266415119171143,0.312683463096619,0.335428953170776,0.330840915441513,0.29707333445549,0.168076306581497,0,0,0.0999505445361137,0.209750682115555,0.240446344017982,0.147420302033424,0,0,0,0,0,0,0,0,0,0,0,0.0415917113423347,0.122516192495823,0.1238943785429,0.142986059188843,0.093245729804039,0.156444504857063,0.17481940984726,0.148032754659653,0.104484595358372,0.0498161129653454,0.142835274338722,0.189607620239258,0.145153865218163,0.0131600508466363,0,0,0,0,0,0,0,0,0.0640457645058632,0.0366541780531406,0,0,0,0,0,0,0,0,0,0,0,0,0,0,0,0,0,0,0,0,0,0,0,0,0,0,0,0,0,0,0,0,0,0,0,0,0,0,0,0,0,0,0,0,0,0,0,0,0,0,0,0,0,0,0,0,0,0,0,0,0,210
Konstanz,0,0,0,0,0,0,0,0,0,0,0,0,0,0,0,0,0,0,0,0,0,0,0,0,0,0,0,0,0,0,0,0,0,0,0,0,0,0,0,0,0,0,0,0,0,0,0,0,0,0,0,0,0,0,0,0,0,0,0,0,0,0,0,0,0,0,0,0,0,0,0,0,0,0,0,0,0,0,0,0,0,0,0,0,0,0,0,0,0,0,0,0,0,0,0,0,0,0,0,0,0,0,0,0,0,0,0,0,0,0,0,0,0,0,0,0,0,0,0,0,0,0,0,0,0,0,0,0,0,0,0,0,0,0,0,0,0,0,0,0,0,0,0,0,0,0,0,0,0,0,0,0,0,0,0,0,0,0,0,0,0,0,0,0.00156183377839625,0.000447985483333468,0,0,0,0,0,0,0,0,0,0,0,0,0,0,0,0,0,0,0,0,0,0,0.0119614191353321,0.017618041485548,0.019413061439991,0,0,0.00983586069196463,0.0233236737549305,0.0192911420017481,0.030974080786109,0.046265497803688,0.0613562725484371,0.0560945719480515,0.0617164112627506,0.0821773409843445,0.0982473790645599,0.112879700958729,0.124708689749241,0.133549407124519,0.113643437623978,0.100007139146328,0.0867988467216492,0.10268497467041,0.0575828775763512,0.0521552003920078,0.105412073433399,0.147987827658653,0.153488501906395,0.0791134461760521,0,0,0.0697755664587021,0.104708790779114,0.0925024524331093,0.0931569188833237,0.130189925432205,0.0916253551840782,0.0731258913874626,0.0891558974981308,0.122271135449409,0.0920598581433296,0.159157529473305,0,0,0,0.0942032486200333,0.127616822719574,0.163533568382263,0.176662370562553,0.152526572346687,0.159516289830208,0.175182074308395,0.178719520568848,0.145909354090691,0.116452522575855,0.127800360321999,0.143746852874756,0.123919099569321,0.152104541659355,0.164394080638885,0.147190511226654,0,0,0,0,0.0395342521369457,0.103638418018818,0,0,0,0.149559438228607,0.186031550168991,0.214903265237808,0.234659418463707,0.232107505202293,0.21214035153389,0.131778538227081,0,0,0.103879347443581,0.151166304945946,0.167230024933815,0.121736504137516,0.00574785517528653,0,0,0,0,0,0,0,0,0,0,0.0263781435787678,0.07789246737957,0.0876317992806435,0.0954791456460953,0.0575653724372387,0.103234566748142,0.124174498021603,0.11009306460619,0.0941348820924759,0.0654277130961418,0.0979461967945099,0.130280628800392,0.112208224833012,0.0460646823048592,0,0,0,0,0,0,0,0,0.0203220620751381,0.0516023188829422,0,0,0,0,0,0,0,0,0,0,0,0,0,0,0,0,0,0,0,0,0,0,0,0,0,0,0,0,0,0,0,0,0,0,0,0,0,0,0,0,0,0,0,0,0,0,0,0,0,0,0,0,0,0,0,0,0,0,0,0,0,211
Lörrach,0,0,0,0,0,0,0,0,0,0,0,0,0,0,0,0,0,0,0,0,0,0,0,0,0,0,0,0,0,0,0,0,0,0,0,0,0,0,0,0,0,0,0,0,0,0,0,0,0,0,0,0,0,0,0,0,0,0,0,0,0,0,0,0,0,0,0,0,0,0,0,0,0,0,0,0,0,0,0,0,0,0,0,0,0,0,0,0,0,0,0,0,0,0,0,0,0,0,0,0,0,0,0,0,0,0,0,0,0,0,0,0,0,0,0,0,0,0,0,0,0,0,0,0,0,0,0,0,0,0,0,0,0,0,0,0,0,0,0,0,0,0,0,0,0,0,0,0,0,0,0,0,0,0,0,0,0,0,0,0,0,0,0,0.00195665704086423,0,0,0,0,0,0,0,0,0,0,0,0,0,0,0,0,0,0,0,0,0,0,0.00462209153920412,0.0111258188262582,0.0172051396220922,0.0206995122134686,0,0,0,0.00917537044733763,0,0.0291373617947102,0.0440511777997017,0.0557181239128113,0.0522966980934143,0.0624089017510414,0.0811572670936584,0.0941219851374626,0.108089581131935,0.115787453949451,0.120902389287949,0.0931639820337296,0.0797457695007324,0.0620936304330826,0.0718512162566185,0,0,0.0936591848731041,0.133984610438347,0.125851973891258,0.0296130329370499,0,0,0.0282087624073029,0.0884517207741737,0.0388377979397774,0.0716598033905029,0.0796178877353668,0.0436808913946152,0.0234394147992134,0.0426873080432415,0.0962845534086227,0.0783787667751312,0.131734982132912,0,0,0,0.0439145043492317,0.113015502691269,0.144793465733528,0.152052700519562,0.128523856401443,0.145709455013275,0.156708434224129,0.168633788824081,0.149557709693909,0.0986412540078163,0.108004026114941,0.125450536608696,0.0906366631388664,0.113948471844196,0.130224600434303,0.100532956421375,0,0,0,0,0,0.0499681979417801,0,0,0,0.133479565382004,0.169183358550072,0.197178766131401,0.206322029232979,0.205886334180832,0.192889541387558,0.0984139963984489,0,0,0.0425798185169697,0.12155794352293,0.154259696602821,0.0764041095972061,0,0,0,0,0,0,0,0,0,0,0,0.0920866802334785,0.10005185008049,0.108882568776608,0.114260077476501,0.0951370000839233,0.117367163300514,0.118619404733181,0.0903136432170868,0.0669773742556572,0.0586107559502125,0.096495732665062,0.119847424328327,0.0783323124051094,0.0210406724363565,0,0,0,0,0,0,0,0,0.0641421750187874,0.0295332334935665,0,0,0,0,0,0,0,0,0,0,0,0,0,0,0,0,0,0,0,0,0,0,0,0,0,0,0,0,0,0,0,0,0,0,0,0,0,0,0,0,0,0,0,0,0,0,0,0,0,0,0,0,0,0,0,0,0,0,0,0,0,212
Waldshut,0,0,0,0,0,0,0,0,0,0,0,0,0,0,0,0,0,0,0,0,0,0,0,0,0,0,0,0,0,0,0,0,0,0,0,0,0,0,0,0,0,0,0,0,0,0,0,0,0,0,0,0,0,0,0,0,0,0,0,0,0,0,0,0,0,0,0,0,0,0,0,0,0,0,0,0,0,0,0,0,0,0,0,0,0,0,0,0,0,0,0,0,0,0,0,0,0,0,0,0,0,0,0,0,0,0,0,0,0,0,0,0,0,0,0,0,0,0,0,0,0,0,0,0,0,0,0,0,0,0,0,0,0,0,0,0,0,0,0,0,0,0,0,0,0,0,0,0,0,0,0,0,0,0,0,0,0,0,0,0,0,0,0,0.00109618296846747,0,0,0,0,0,0,0,0,0,0,0,0,0,0,0,0,0,0,0,0,0,0,4.02005383648429e-07,0.00362842320464551,0.0128193804994226,0.0156943295150995,0,0,0,0.000583372660912573,0,0.0189282242208719,0.0372259318828583,0.0492247119545937,0.0460059680044651,0.0562274269759655,0.0778697654604912,0.08956129103899,0.104062527418137,0.11429950594902,0.119020700454712,0.089810699224472,0.0753480270504951,0.0325137488543987,0.0674629956483841,0,0,0.0840191766619682,0.137721389532089,0.125381484627724,0.00198745145462453,0,0,0,0.0696788281202316,0.0023772525601089,0.00868603866547346,0.0410219766199589,0.00273151136934757,0,0.00303387641906738,0.0864713340997696,0.0352939963340759,0.135500833392143,0,0,0,0.00290813390165567,0.115967847406864,0.14872220158577,0.151116505265236,0.131143659353256,0.150598973035812,0.160959646105766,0.173355296254158,0.14529424905777,0.073162779211998,0.0885016322135925,0.114763930439949,0.046811118721962,0.0973726063966751,0.12307583540678,0.0545433536171913,0,0,0,0,0,0.00260477466508746,0,0,0,0.129340246319771,0.166480720043182,0.199163824319839,0.205171465873718,0.208507165312767,0.193949058651924,0.0766722932457924,0,0,0.00281864823773503,0.118110984563828,0.148935154080391,0.03669223934412,0,0,0,0,0,0,0,0,0,0,0,0.065332219004631,0.0701939538121223,0.0848826915025711,0.0984870940446854,0.0790578871965408,0.102616094052792,0.0999448373913765,0.0749332681298256,0.0318815298378468,0.00571597460657358,0.0870352014899254,0.110187895596027,0.0649874210357666,0,0,0,0,0,0,0,0,0,0.0482623428106308,3.20222352456767e-06,0,0,0,0,0,0,0,0,0,0,0,0,0,0,0,0,0,0,0,0,0,0,0,0,0,0,0,0,0,0,0,0,0,0,0,0,0,0,0,0,0,0,0,0,0,0,0,0,0,0,0,0,0,0,0,0,0,0,0,0,0,213
Reutlingen,0,0,0,0,0,0,0,0,0,0,0,0,0,0,0,0,0,0,0,0,0,0,0,0,0,0,0,0,0,0,0,0,0,0,0,0,0,0,0,0,0,0,0,0,0,0,0,0,0,0,0,0,0,0,0,0,0,0,0,0,0,0,0,0,0,0,0,0,0,0,0,0,0,0,0,0,0,0,0,0,0,0,0,0,0,0,0,0,0,0,0,0,0,0,0,0,0,0,0,0,0,0,0,0,0,0,0,0,0,0,0,0,0,0,0,0,0,0,0,0,0,0,0,0,0,0,0,0,0,0,0,0,0,0,0,0,0,0,0,0,0,0,0,0,0,0,0,0,0,0,0,0,0,0,0,0,0,0,0,0,0,0,0,0.0037193177267909,0.00180407043080777,0,0,0,0,0,0,0,0,0,0,0,0,0,0,0,0,0,0,0,0,0,0.00232675671577454,0.0212028622627258,0.0286235138773918,0.031194070354104,0.0180995240807533,0.00255353190004826,0.0122416950762272,0.0381111241877079,0.0433040857315063,0.0500880368053913,0.0784787312150002,0.100056625902653,0.0781989321112633,0.092824675142765,0.130083814263344,0.159046769142151,0.187050208449364,0.198913291096687,0.218619748950005,0.19162654876709,0.16865961253643,0.13554809987545,0.158100634813309,0.136831387877464,0.0315348133444786,0.166112810373306,0.240899115800858,0.263089001178741,0.133713603019714,0,0,0.0409099720418453,0.181881740689278,0.152323126792908,0.138947799801826,0.224903136491776,0.153718024492264,0.136608332395554,0.0788123980164528,0.193916767835617,0.127368867397308,0.252446711063385,0.0364549942314625,0.0140726640820503,0.0377765744924545,0.177355498075485,0.187538295984268,0.257146030664444,0.279610753059387,0.208825528621674,0.235045462846756,0.274405688047409,0.290652811527252,0.254425853490829,0.209244847297668,0.205197274684906,0.244713172316551,0.206761106848717,0.236667886376381,0.259963035583496,0.238356366753578,0.0113890236243606,0.0164311658591032,0.00875433627516031,0.0165404267609119,0.0778258740901947,0.153825983405113,0.0156750697642565,0.0442451238632202,0.0814476683735847,0.222036644816399,0.292869329452515,0.338349014520645,0.37445005774498,0.364178895950317,0.326470136642456,0.20700903236866,0,0.0424898751080036,0.164506912231445,0.225763022899628,0.268347769975662,0.164747342467308,0.0424974486231804,0,0.0131069999188185,0,0,0,0,0,0,0,0,0.0376698151230812,0.0779079347848892,0.14419062435627,0.149701207876205,0.0950486361980438,0.177290067076683,0.217054903507233,0.190471172332764,0.144917383790016,0.0387350283563137,0.15611819922924,0.216219857335091,0.186968788504601,0.0134308664128184,0,0,0,0,0,0,0,0,0.0676479712128639,0.116183653473854,0.0537846386432648,0,0,0,0,0.0262050870805979,0.0552486702799797,0,0,0,0,0,0,0,0,0,0,0,0,0,0,0,0,0,0,0,0,0,0,0,0,0,0,0,0,0,0,0,0,0,0,0,0,0,0,0,0,0,0,0,0,0,0,0,0,0,0,0,0,0,0,214
Tübingen,0,0,0,0,0,0,0,0,0,0,0,0,0,0,0,0,0,0,0,0,0,0,0,0,0,0,0,0,0,0,0,0,0,0,0,0,0,0,0,0,0,0,0,0,0,0,0,0,0,0,0,0,0,0,0,0,0,0,0,0,0,0,0,0,0,0,0,0,0,0,0,0,0,0,0,0,0,0,0,0,0,0,0,0,0,0,0,0,0,0,0,0,0,0,0,0,0,0,0,0,0,0,0,0,0,0,0,0,0,0,0,0,0,0,0,0,0,0,0,0,0,0,0,0,0,0,0,0,0,0,0,0,0,0,0,0,0,0,0,0,0,0,0,0,0,0,0,0,0,0,0,0,0,0,0,0,0,0,0,0,0,0,0,0.0125331403687596,0.00674944557249546,0,0,0,0,0,0,0,0,0,0,0,0,0,0,0,0,0,0,0,0,0,0.0205785539001226,0.0548590943217278,0.0690021961927414,0.0847659483551979,0.0669407024979591,0.00255118403583765,0.0535538420081139,0.0935654118657112,0.0998936593532562,0.113848969340324,0.165105283260345,0.196266084909439,0.160976082086563,0.189233705401421,0.247939959168434,0.30216184258461,0.341407924890518,0.365409910678864,0.385895997285843,0.351421236991882,0.315408974885941,0.254882842302322,0.299253165721893,0.252977341413498,0.19214603304863,0.328249603509903,0.41482412815094,0.437227487564087,0.270429760217667,0,0,0.22889044880867,0.347154259681702,0.323438912630081,0.317371964454651,0.388710975646973,0.313069462776184,0.299005091190338,0.278700947761536,0.374769479036331,0.31460502743721,0.451969236135483,0.206641539931297,0.131922751665115,0.242081746459007,0.360014021396637,0.376036524772644,0.470816075801849,0.486480563879013,0.38142603635788,0.409881442785263,0.464460283517838,0.501687288284302,0.498991370201111,0.408605307340622,0.383939445018768,0.467925518751144,0.400067567825317,0.420157194137573,0.462242305278778,0.436322152614594,0.0115086669102311,0.18043415248394,0.0106083266437054,0.188223823904991,0.317529052495956,0.355699747800827,0.0298817455768585,0.255217403173447,0.336302667856216,0.42606782913208,0.538541793823242,0.600225329399109,0.659328281879425,0.636026382446289,0.570704638957977,0.407390981912613,0,0.260839402675629,0.367688864469528,0.443471968173981,0.499043226242065,0.32646918296814,0.265065163373947,0,0.0135275954380631,0,0,0,0,0,0,0,0,0.198979422450066,0.301711559295654,0.33822563290596,0.342482656240463,0.295204162597656,0.366237580776215,0.443132281303406,0.400112926959991,0.324918299913406,0.210703492164612,0.341337561607361,0.423907935619354,0.363566249608994,0.157707169651985,0,0,0,0,0,0,0,0,0.206114381551743,0.243822738528252,0.215575143694878,0,0,0,0,0.1752809882164,0.236951902508736,0,0,0,0,0,0,0,0,0,0,0,0,0,0,0,0,0,0,0,0,0,0,0,0,0,0,0,0,0,0,0,0,0,0,0,0,0,0,0,0,0,0,0,0,0,0,0,0,0,0,0,0,0,0,215
Zollernalbkreis,0,0,0,0,0,0,0,0,0,0,0,0,0,0,0,0,0,0,0,0,0,0,0,0,0,0,0,0,0,0,0,0,0,0,0,0,0,0,0,0,0,0,0,0,0,0,0,0,0,0,0,0,0,0,0,0,0,0,0,0,0,0,0,0,0,0,0,0,0,0,0,0,0,0,0,0,0,0,0,0,0,0,0,0,0,0,0,0,0,0,0,0,0,0,0,0,0,0,0,0,0,0,0,0,0,0,0,0,0,0,0,0,0,0,0,0,0,0,0,0,0,0,0,0,0,0,0,0,0,0,0,0,0,0,0,0,0,0,0,0,0,0,0,0,0,0,0,0,0,0,0,0,0,0,0,0,0,0,0,0,0,0,0,0.00359459803439677,0.00107467290945351,0,0,0,0,0,0,0,0,0,0,0,0,0,0,0,0,0,0,0,0,0,0.0005832978640683,0.0172150619328022,0.0242378488183022,0.0305689591914415,0.0114325191825628,0,0.00318735698238015,0.0297057032585144,0.0202892422676086,0.0275853388011456,0.0717389136552811,0.0929286628961563,0.0727982744574547,0.0911598727107048,0.127941951155663,0.1584762185812,0.181905478239059,0.19615513086319,0.209136679768562,0.18246428668499,0.158351674675941,0.126518324017525,0.149648934602737,0.0891096368432045,0.0148900672793388,0.157259806990623,0.227266311645508,0.238758638501167,0.0723496377468109,0,0,0.0444292761385441,0.164569839835167,0.122380062937737,0.131294757127762,0.213779404759407,0.136399492621422,0.0977431014180183,0.0709031671285629,0.18626780807972,0.105084910988808,0.253431588411331,0.0120329102501273,0.00376763055101037,0.0494304820895195,0.152982324361801,0.183440715074539,0.251001089811325,0.273797988891602,0.202888235449791,0.229623705148697,0.266276448965073,0.283472746610641,0.261358976364136,0.192325085401535,0.193556949496269,0.244542047381401,0.188546478748322,0.218642443418503,0.254706054925919,0.223044395446777,0,0.0113505404442549,0,0.011949778534472,0.0592013671994209,0.139427810907364,0,0.0149505399167538,0.0680996999144554,0.231994152069092,0.296945631504059,0.346321195363998,0.372989177703857,0.363365292549133,0.32247731089592,0.191379427909851,0,0.0160115528851748,0.142662867903709,0.226834326982498,0.266453981399536,0.156076729297638,0.0164247360080481,0,0,0,0,0,0,0,0,0,0,0.0505110360682011,0.121215052902699,0.14301410317421,0.156721323728561,0.108584605157375,0.191094636917114,0.214295282959938,0.175589829683304,0.121978625655174,0.0423671267926693,0.163613855838776,0.221011310815811,0.174072846770287,0.0103207193315029,0,0,0,0,0,0,0,0,0.0849342346191406,0.0512996278703213,0.0360280200839043,0,0,0,0,0.0321827381849289,0.088689960539341,0,0,0,0,0,0,0,0,0,0,0,0,0,0,0,0,0,0,0,0,0,0,0,0,0,0,0,0,0,0,0,0,0,0,0,0,0,0,0,0,0,0,0,0,0,0,0,0,0,0,0,0,0,0,216
Ulm,0,0,0,0,0,0,0,0,0,0,0,0,0,0,0,0,0,0,0,0,0,0,0,0,0,0,0,0,0,0,0,0,0,0,0,0,0,0,0,0,0,0,0,0,0,0,0,0,0,0,0,0,0,0,0,0,0,0,0,0,0,0,0,0,0,0,0,0,0,0,0,0,0,0,0,0,0,0,0,0,0,0,0,0,0,0,0,0,0,0,0,0,0,0,0,0,0,0,0,0,0,0,0,0,0,0,0,0,0,0,0,0,0,0,0,0,0,0,0,0,0,0,0,0,0,0,0,0,0,0,0,0,0,0,0,0,0,0,0,0,0,0,0,0,0,0,0,0,0,0,0,0,0,0,0,0,0,0,0,0,0,0,0,0.00393640296533704,0.00388606730848551,0,0,0,0,0,0,0,0,0,0,0,0,0,0,0,0,0,0,0,0,0,0,0.0212474502623081,0.0380387231707573,0.0371536947786808,0.0281344298273325,0,0.0496106147766113,0.059903159737587,0.0673469081521034,0.0774091631174088,0.102163791656494,0.125256419181824,0.0994974672794342,0.103371679782867,0.153256073594093,0.187530159950256,0.219192445278168,0.239162638783455,0.271776437759399,0.232229873538017,0.220227047801018,0.189511731266975,0.2135309278965,0.191396027803421,0.117990024387836,0.207881167531013,0.283788830041885,0.344979643821716,0.188875660300255,0,0,0.138347029685974,0.231202870607376,0.216057136654854,0.185710608959198,0.284124493598938,0.212594404816628,0.181515827775002,0.0879510119557381,0.222999602556229,0.1813835054636,0.289937257766724,0.150230213999748,0,0.0317354425787926,0.258300840854645,0.253557354211807,0.324836283922195,0.347873866558075,0.268576860427856,0.282881677150726,0.324656873941422,0.352633535861969,0.267918556928635,0.270932704210281,0.284454613924026,0.324378371238708,0.270101547241211,0.317263752222061,0.334736347198486,0.312134325504303,0,0.00303882197476923,0,0,0.166947707533836,0.241029754281044,0.0835605040192604,0.0901004821062088,0.193068727850914,0.290178596973419,0.36967721581459,0.413571238517761,0.460900902748108,0.459650874137878,0.40752974152565,0.280274420976639,0,0.0371673330664635,0.242090716958046,0.303249001502991,0.331923723220825,0.241489738225937,0.0453112907707691,0,0,0,0,0,0,0,0,0,0,0,0,0.16216929256916,0.148845076560974,0.0779675021767616,0.175174251198769,0.268505215644836,0.265735745429993,0.21876560151577,0.174599349498749,0.187241613864899,0.264250159263611,0.250718832015991,0.0894432738423347,0,0,0,0,0,0,0,0,0.0284744929522276,0.197148695588112,0.119727589190006,0,0,0,0,0,0,0,0,0,0,0,0,0,0,0,0,0,0,0,0,0,0,0,0,0,0,0,0,0,0,0,0,0,0,0,0,0,0,0,0,0,0,0,0,0,0,0,0,0,0,0,0,0,0,0,0,0,0,0,0,217
Alb-Donau-Kreis,0,0,0,0,0,0,0,0,0,0,0,0,0,0,0,0,0,0,0,0,0,0,0,0,0,0,0,0,0,0,0,0,0,0,0,0,0,0,0,0,0,0,0,0,0,0,0,0,0,0,0,0,0,0,0,0,0,0,0,0,0,0,0,0,0,0,0,0,0,0,0,0,0,0,0,0,0,0,0,0,0,0,0,0,0,0,0,0,0,0,0,0,0,0,0,0,0,0,0,0,0,0,0,0,0,0,0,0,0,0,0,0,0,0,0,0,0,0,0,0,0,0,0,0,0,0,0,0,0,0,0,0,0,0,0,0,0,0,0,0,0,0,0,0,0,0,0,0,0,0,0,0,0,0,0,0,0,0,0,0,0,0,0,0.00334140122868121,0.00303240213543177,0,0,0,0,0,0,0,0,0,0,0,0,0,0,0,0,0,0,0,0,0,0,0.0196537524461746,0.0339197963476181,0.0334622673690319,0.0227841455489397,0.00124519469682127,0.0414488576352596,0.0522002764046192,0.0600853338837624,0.0685137808322906,0.0935546979308128,0.116400092840195,0.0910873115062714,0.0980232059955597,0.145037949085236,0.177596911787987,0.20843206346035,0.226382151246071,0.256008893251419,0.219387650489807,0.204747319221497,0.174032583832741,0.196934312582016,0.175340965390205,0.0793185979127884,0.192923963069916,0.271169811487198,0.323931783437729,0.171320036053658,0,0,0.0939097106456757,0.215822771191597,0.19440270960331,0.16752502322197,0.267453640699387,0.193437650799751,0.165143623948097,0.082106702029705,0.212458983063698,0.161500185728073,0.276531547307968,0.103071421384811,0.00503865024074912,0.021921394392848,0.232786014676094,0.231519609689713,0.302521020174026,0.32714581489563,0.249416097998619,0.267715305089951,0.310006737709045,0.334290057420731,0.2584008872509,0.249767974019051,0.260573744773865,0.298798501491547,0.248367235064507,0.293360739946365,0.312746614217758,0.288032293319702,0,0.016300531104207,0,0.0060014664195478,0.121140576899052,0.209795907139778,0.049727663397789,0.0502558574080467,0.13895671069622,0.268047749996185,0.345007658004761,0.389619410037994,0.433732777833939,0.430264472961426,0.38309383392334,0.254067957401276,0,0.0141546707600355,0.213982582092285,0.276341736316681,0.309813320636749,0.216158017516136,0.0272633284330368,0,0,0,0,0,0,0,0,0,0,0,0.0128633221611381,0.148607522249222,0.135649397969246,0.0844319984316826,0.169255882501602,0.247654035687447,0.239484280347824,0.193056434392929,0.123981431126595,0.171473547816277,0.244971796870232,0.228632032871246,0.0728063657879829,0,0,0,0,0,0,0,0,0.0297656301409006,0.173854187130928,0.0874478071928024,0,0,0,0,0,0.00933654420077801,0,0,0,0,0,0,0,0,0,0,0,0,0,0,0,0,0,0,0,0,0,0,0,0,0,0,0,0,0,0,0,0,0,0,0,0,0,0,0,0,0,0,0,0,0,0,0,0,0,0,0,0,0,0,218
Biberach,0,0,0,0,0,0,0,0,0,0,0,0,0,0,0,0,0,0,0,0,0,0,0,0,0,0,0,0,0,0,0,0,0,0,0,0,0,0,0,0,0,0,0,0,0,0,0,0,0,0,0,0,0,0,0,0,0,0,0,0,0,0,0,0,0,0,0,0,0,0,0,0,0,0,0,0,0,0,0,0,0,0,0,0,0,0,0,0,0,0,0,0,0,0,0,0,0,0,0,0,0,0,0,0,0,0,0,0,0,0,0,0,0,0,0,0,0,0,0,0,0,0,0,0,0,0,0,0,0,0,0,0,0,0,0,0,0,0,0,0,0,0,0,0,0,0,0,0,0,0,0,0,0,0,0,0,0,0,0,0,0,0,0,0.0030480376444757,0.00293486379086971,0,0,0,0,0,0,0,0,0,0,0,0,0,0,0,0,0,0,0,0,0,0,0.0232376214116812,0.0359759144484997,0.0378894098103046,0.0103276381269097,0,0.0418114103376865,0.0531948432326317,0.0593818351626396,0.0719171240925789,0.0919475704431534,0.117841586470604,0.104846887290478,0.10693683475256,0.143387943506241,0.174634695053101,0.207799404859543,0.224791780114174,0.252188295125961,0.218268245458603,0.203101471066475,0.178490549325943,0.197066083550453,0.163783475756645,0.119969703257084,0.192852675914764,0.272343397140503,0.318137437105179,0.178642421960831,0,0,0.151610478758812,0.212264358997345,0.197203263640404,0.178049936890602,0.269410580396652,0.18575419485569,0.148115932941437,0.118828341364861,0.221623316407204,0.171396136283875,0.281585901975632,0.0184204820543528,0,0,0.212947875261307,0.230030715465546,0.295504003763199,0.312432110309601,0.267342060804367,0.278112769126892,0.31280916929245,0.324561923742294,0.243051469326019,0.232188314199448,0.257674098014832,0.28865584731102,0.235974118113518,0.295363783836365,0.312102794647217,0.288591653108597,0,0.00358163588680327,0,0,0.0990064144134521,0.210767149925232,0.103646464645863,0.0157878436148167,0.161291241645813,0.273273855447769,0.341295838356018,0.382053554058075,0.424420863389969,0.424429714679718,0.383682250976563,0.248910963535309,0,0.00981704238802195,0.219027027487755,0.275162369012833,0.29761677980423,0.226427748799324,0.0633781179785728,0,0,0,0,0,0,0,0,0,0,0,0.00552788702771068,0.122415147721767,0.131321400403976,0.015783529728651,0.167324647307396,0.226585492491722,0.223063424229622,0.185215339064598,0.141279399394989,0.163460910320282,0.230932295322418,0.224517986178398,0.140333831310272,0,0,0,0,0,0,0,0,0.0477968007326126,0.154494524002075,0.0905440300703049,0,0,0,0,0,0.0442365817725658,0,0,0,0,0,0,0,0,0,0,0,0,0,0,0,0,0,0,0,0,0,0,0,0,0,0,0,0,0,0,0,0,0,0,0,0,0,0,0,0,0,0,0,0,0,0,0,0,0,0,0,0,0,0,219
Bodenseekreis,0,0,0,0,0,0,0,0,0,0,0,0,0,0,0,0,0,0,0,0,0,0,0,0,0,0,0,0,0,0,0,0,0,0,0,0,0,0,0,0,0,0,0,0,0,0,0,0,0,0,0,0,0,0,0,0,0,0,0,0,0,0,0,0,0,0,0,0,0,0,0,0,0,0,0,0,0,0,0,0,0,0,0,0,0,0,0,0,0,0,0,0,0,0,0,0,0,0,0,0,0,0,0,0,0,0,0,0,0,0,0,0,0,0,0,0,0,0,0,0,0,0,0,0,0,0,0,0,0,0,0,0,0,0,0,0,0,0,0,0,0,0,0,0,0,0,0,0,0,0,0,0,0,0,0,0,0,0,0,0,0,0,0,0.00853763148188591,0.00845029950141907,0,0,0,0,0,0,0,0,0,0,0,0,0,0,0,0,0,0,0,0,0,0.00814693514257669,0.0433795899152756,0.0601926483213902,0.0627769231796265,0.0101663889363408,0,0.0571368299424648,0.0713425353169441,0.0729037076234818,0.0975542962551117,0.122831426560879,0.154033675789833,0.149524539709091,0.156564012169838,0.18903736770153,0.222151845693588,0.256659001111984,0.277614772319794,0.302666783332825,0.268384486436844,0.239086419343948,0.209399878978729,0.242155432701111,0.175709158182144,0.184074684977531,0.254067569971085,0.340668559074402,0.366064041852951,0.223223194479942,0,0,0.230138719081879,0.268073618412018,0.238053575158119,0.244011476635933,0.311535328626633,0.220937728881836,0.180368945002556,0.205553710460663,0.298371344804764,0.256658434867859,0.35757714509964,0.0114198066294193,0.00950637552887201,0,0.239496350288391,0.290907502174377,0.353590607643127,0.383039832115173,0.358513653278351,0.36296945810318,0.387743085622787,0.393930584192276,0.314826726913452,0.276222735643387,0.314795225858688,0.337523579597473,0.28172904253006,0.362550228834152,0.376277893781662,0.34494149684906,0,0.165815263986588,0.0114490501582623,0,0.1858029961586,0.277967363595963,0.171060994267464,0.132486775517464,0.227030068635941,0.346752911806107,0.425471574068069,0.468520194292068,0.517310500144958,0.519925177097321,0.492840647697449,0.318434238433838,0.0114762280136347,0.181926041841507,0.294664740562439,0.3563631772995,0.384939074516296,0.305426269769669,0.23252859711647,0.0118115367367864,0.15603019297123,0,0,0,0,0,0,0.0112189631909132,0.0137561969459057,0.125901952385902,0.200059652328491,0.241768285632133,0.250726103782654,0.180928036570549,0.243537202477455,0.294477999210358,0.280498504638672,0.26895546913147,0.205037534236908,0.225193098187447,0.302215248346329,0.290527015924454,0.230283826589584,0.0112453615292907,0,0,0,0,0,0,0,0.109030403196812,0.189033582806587,0.133888229727745,0,0,0,0,0.0107193179428577,0.131361559033394,0,0,0,0,0,0,0,0,0,0,0,0,0,0,0,0,0,0,0,0,0,0,0,0,0,0,0,0,0,0,0,0,0,0,0,0,0,0,0,0,0,0,0,0,0,0,0,0,0,0,0,0,0,0,220
Ravensburg,0,0,0,0,0,0,0,0,0,0,0,0,0,0,0,0,0,0,0,0,0,0,0,0,0,0,0,0,0,0,0,0,0,0,0,0,0,0,0,0,0,0,0,0,0,0,0,0,0,0,0,0,0,0,0,0,0,0,0,0,0,0,0,0,0,0,0,0,0,0,0,0,0,0,0,0,0,0,0,0,0,0,0,0,0,0,0,0,0,0,0,0,0,0,0,0,0,0,0,0,0,0,0,0,0,0,0,0,0,0,0,0,0,0,0,0,0,0,0,0,0,0,0,0,0,0,0,0,0,0,0,0,0,0,0,0,0,0,0,0,0,0,0,0,0,0,0,0,0,0,0,0,0,0,0,0,0,0,0,0,0,0,0,0.00443179858848453,0.004350904840976,0,0,0,0,0,0,0,0,0,0,0,0,0,0,0,0,0,0,0,0,0,0.00239829532802105,0.0285074878484011,0.0415290854871273,0.0438924841582775,0.00300018605776131,0,0.0377247631549835,0.0512598343193531,0.0536933355033398,0.0750221014022827,0.0933568254113197,0.122063800692558,0.114461600780487,0.119023583829403,0.148716524243355,0.177426367998123,0.210870504379272,0.23124361038208,0.253863543272018,0.226785331964493,0.208069056272507,0.179299086332321,0.20062156021595,0.144249051809311,0.118333533406258,0.198114037513733,0.285380482673645,0.324379205703735,0.183398678898811,0,0,0.175423294305801,0.219577133655548,0.188672915101051,0.193128854036331,0.275664061307907,0.174107775092125,0.122056484222412,0.0878875404596329,0.235296994447708,0.189988523721695,0.302996665239334,0.00302775856107473,0.00252044596709311,0,0.191576570272446,0.223660096526146,0.279167503118515,0.307243317365646,0.285855084657669,0.293967097997665,0.325408786535263,0.329791933298111,0.259605169296265,0.226353600621223,0.257952839136124,0.291527718305588,0.229512557387352,0.296492069959641,0.321043282747269,0.278746247291565,0,0.0437582731246948,0.00303551182150841,0,0.0605861507356167,0.203750491142273,0.152567759156227,0.0172482803463936,0.194539293646812,0.284890413284302,0.347865432500839,0.392632126808167,0.434829860925674,0.433406978845596,0.413798272609711,0.237327039241791,0.00304271746426821,0.0601417124271393,0.222378328442574,0.280497997999191,0.307518839836121,0.230846107006073,0.0996520072221756,0.00313161849044263,0.0421738363802433,0,0,0,0,0,0,0.00297450833022594,0.00364721054211259,0.015803525224328,0.082733228802681,0.116361983120441,0.14089272916317,0.0463124290108681,0.179180279374123,0.223700568079948,0.21874526143074,0.195200026035309,0.135249719023705,0.165728911757469,0.242509782314301,0.231686308979988,0.166231289505959,0.00298150745220482,0,0,0,0,0,0,0,0.084962971508503,0.147699847817421,0.0722218602895737,0,0,0,0,0.00284203630872071,0.111415795981884,0,0,0,0,0,0,0,0,0,0,0,0,0,0,0,0,0,0,0,0,0,0,0,0,0,0,0,0,0,0,0,0,0,0,0,0,0,0,0,0,0,0,0,0,0,0,0,0,0,0,0,0,0,0,221
Sigmaringen,0,0,0,0,0,0,0,0,0,0,0,0,0,0,0,0,0,0,0,0,0,0,0,0,0,0,0,0,0,0,0,0,0,0,0,0,0,0,0,0,0,0,0,0,0,0,0,0,0,0,0,0,0,0,0,0,0,0,0,0,0,0,0,0,0,0,0,0,0,0,0,0,0,0,0,0,0,0,0,0,0,0,0,0,0,0,0,0,0,0,0,0,0,0,0,0,0,0,0,0,0,0,0,0,0,0,0,0,0,0,0,0,0,0,0,0,0,0,0,0,0,0,0,0,0,0,0,0,0,0,0,0,0,0,0,0,0,0,0,0,0,0,0,0,0,0,0,0,0,0,0,0,0,0,0,0,0,0,0,0,0,0,0,0.00144416105467826,0.000723045610357076,0,0,0,0,0,0,0,0,0,0,0,0,0,0,0,0,0,0,0,0,0,0,0.0156802292913198,0.0245457366108894,0.0275341253727674,0,0,0.0170690286904573,0.0344002917408943,0.0305987149477005,0.0423792451620102,0.0673259869217873,0.0914892554283142,0.0797409862279892,0.0842925161123276,0.119064956903458,0.144421443343163,0.170041128993034,0.186266273260117,0.205361872911453,0.176040127873421,0.152216479182243,0.131513208150864,0.153635561466217,0.0999197214841843,0.0652675554156303,0.149516552686691,0.22576604783535,0.246305003762245,0.115006245672703,0,0,0.0778808817267418,0.159893169999123,0.13747251033783,0.124297961592674,0.20731882750988,0.136225417256355,0.0973940491676331,0.100551009178162,0.185199767351151,0.116156063973904,0.235332936048508,0,0,0,0.143509358167648,0.186422169208527,0.248851656913757,0.266150593757629,0.221259698271751,0.232394218444824,0.261559844017029,0.268483310937881,0.206845447421074,0.176013305783272,0.197056397795677,0.21232882142067,0.180908054113388,0.229363903403282,0.246623262763023,0.228510349988937,0,0.000305555993691087,0,0,0.0350611433386803,0.140197217464447,0.00440844614058733,0.000265171431237832,0.0123765803873539,0.211735129356384,0.275509178638458,0.319911330938339,0.352327525615692,0.351250648498535,0.317638367414474,0.196993872523308,0,0.00456248549744487,0.151073560118675,0.213762015104294,0.237287104129791,0.177228018641472,0.0419961996376514,0,0.00027521641459316,0,0,0,0,0,0,0,0,0.000259156862739474,0.00996631104499102,0.0713179633021355,0.0907169952988625,0.00413101073354483,0.130975723266602,0.173680707812309,0.156371459364891,0.125094518065453,0.0591955222189426,0.120774924755096,0.179420307278633,0.171901881694794,0.079035721719265,0,0,0,0,0,0,0,0,0.000193875966942869,0.0653091594576836,0.00813370756804943,0,0,0,0,0,0.000199851332581602,0,0,0,0,0,0,0,0,0,0,0,0,0,0,0,0,0,0,0,0,0,0,0,0,0,0,0,0,0,0,0,0,0,0,0,0,0,0,0,0,0,0,0,0,0,0,0,0,0,0,0,0,0,0,222
Ingolstadt,0,0,0,0,0,0,0,0,0,0,0,0,0,0,0,0,0,0,0,0,0,0,0,0,0,0,0,0,0,0,0,0,0,0,0,0,0,0,0,0,0,0,0,0,0,0,0,0,0,0,0,0,0,0,0,0,0,0,0,0,0,0,0,0,0,0,0,0,0,0,0,0,0,0,0,0,0,0,0,0,0,0,0,0,0,0,0,0,0,0,0,0,0,0,0,0,0,0,0,0,0,0,0,0,0,0,0,0,0,0,0,0,0,0,0,0,0,0,0,0,0,0,0,0,0,0,0,0,0,0,0,0,0,0,0,0,0,0,0,0,0,0,0,0,0,0,0,0,0,0,0,0,0,0,0,0,0,0,0,0,0,0,0,0.00662508280947804,0.0102975033223629,0,0,0,0,0,0,0,0,0,0,0,0,0,0,0,0,0,0,0,0,0,0,0.0489124432206154,0.0725591480731964,0.0767378434538841,0.0763332545757294,0.0582593381404877,0.0975787788629532,0.106520615518093,0.0997056663036346,0.108010612428188,0.147195249795914,0.17767396569252,0.127644017338753,0.133122742176056,0.204264566302299,0.257021754980087,0.291251420974731,0.319168239831924,0.343796849250793,0.325280040502548,0.301221430301666,0.290177851915359,0.300679624080658,0.258400917053223,0.177053049206734,0.280549943447113,0.364749014377594,0.430301636457443,0.278942912817001,0.147075027227402,0,0.163714721798897,0.300687491893768,0.323492348194122,0.279496639966965,0.409678936004639,0.273240178823471,0.291242629289627,0.195897802710533,0.276807188987732,0.244004517793655,0.357000291347504,0.301407098770142,0.221308454871178,0.174146637320518,0.364896237850189,0.395774900913239,0.440831422805786,0.430602580308914,0.336421549320221,0.347747027873993,0.40234899520874,0.460196644067764,0.418386340141296,0.348091185092926,0.377355694770813,0.428269922733307,0.353057652711868,0.404868364334106,0.432223707437515,0.436808109283447,0.0231396481394768,0.177027001976967,0.241483390331268,0.224361062049866,0.286431789398193,0.310904026031494,0.250905364751816,0.241426765918732,0.298119395971298,0.397602558135986,0.48395836353302,0.530601024627686,0.567458152770996,0.578962087631226,0.518747091293335,0.393070250749588,0,0,0.320815831422806,0.384376138448715,0.437146663665771,0.347050696611404,0.158943459391594,0,0,0,0,0,0,0,0,0,0.0484606251120567,0.231794685125351,0.237097039818764,0.262510657310486,0.270813405513763,0.252366155385971,0.308951020240784,0.360201686620712,0.387816518545151,0.302152216434479,0.291510075330734,0.264521986246109,0.354280918836594,0.317964553833008,0.231110349297523,0,0,0,0,0,0,0,0,0,0.298930495977402,0.212058767676353,0,0,0,0,0,0.151157811284065,0,0,0,0,0,0,0,0,0,0,0,0,0,0,0,0,0,0,0,0,0,0,0,0,0,0,0,0,0,0,0,0,0,0,0,0,0,0,0,0,0,0,0,0,0,0,0,0,0,0,0,0,0,0,223
München,0,0,0,0,0,0,0,0,0,0,0,0,0,0,0,0,0,0,0,0,0,0,0,0,0,0,0,0,0,0,0,0,0,0,0,0,0,0,0,0,0,0,0,0,0,0,0,0,0,0,0,0,0,0,0,0,0,0,0,0,0,0,0,0,0,0,0,0,0,0,0,0,0,0,0,0,0,0,0,0,0,0,0,0,0,0,0,0,0,0,0,0,0,0,0,0,0,0,0,0,0,0,0,0,0,0,0,0,0,0,0,0,0,0,0,0,0,0,0,0,0,0,0,0,0,0,0,0,0,0,0,0,0,0,0,0,0,0,0,0,0,0,0,0,0,0,0,0,0,0,0,0,0,0,0,0,0,0,0,0,0,0,0,0.0175739247351885,0.0252911504358053,0,0,0,0,0,0,0,0,0,0,0,0,0,0,0,0,0,0,0,0,0,0,0.0636978521943092,0.106496788561344,0.106166854500771,0.0980598405003548,0.0101836947724223,0.124124526977539,0.146665781736374,0.137562930583954,0.16811266541481,0.207605004310608,0.259704828262329,0.2081678211689,0.194290846586227,0.288901090621948,0.361666828393936,0.416735947132111,0.455498963594437,0.498337656259537,0.484835624694824,0.476773411035538,0.38591530919075,0.412845641374588,0.335760295391083,0.291358917951584,0.409277081489563,0.517849922180176,0.641958475112915,0.415149688720703,0,0,0.340873539447784,0.486441284418106,0.433481156826019,0.461474031209946,0.644027531147003,0.461341440677643,0.378634989261627,0.0589345954358578,0.469883233308792,0.318160027265549,0.538546621799469,0.32344576716423,0.0605009645223618,0.223302349448204,0.496270418167114,0.517879128456116,0.549417853355408,0.614243507385254,0.541247487068176,0.553177654743195,0.615763604640961,0.692000925540924,0.608091711997986,0.535086095333099,0.597639381885529,0.639252007007599,0.512957572937012,0.621067464351654,0.702660262584686,0.611851334571838,0,0.351546972990036,0.380409598350525,0,0.274181514978409,0.482668578624725,0.491113513708115,0.346455305814743,0.532635629177094,0.678487062454224,0.741638958454132,0.798803627490997,0.899936676025391,0.886871635913849,0.826240599155426,0.520594358444214,0,0,0.499326169490814,0.594214975833893,0.681581318378448,0.547925174236298,0.268807053565979,0,0,0,0,0,0,0,0,0,0,0.044652633368969,0.292859554290771,0.323714017868042,0.288471817970276,0.289980471134186,0.387922435998917,0.563818216323853,0.56915545463562,0.434747308492661,0.425226956605911,0.438562959432602,0.543542802333832,0.480609774589539,0.352255821228027,0,0,0,0,0,0,0,0,0.296753436326981,0.440305203199387,0.31842976808548,0,0,0,0,0,0.35114923119545,0,0,0,0,0,0,0,0,0,0,0,0,0,0,0,0,0,0,0,0,0,0,0,0,0,0,0,0,0,0,0,0,0,0,0,0,0,0,0,0,0,0,0,0,0,0,0,0,0,0,0,0,0,0,224
Rosenheim,0,0,0,0,0,0,0,0,0,0,0,0,0,0,0,0,0,0,0,0,0,0,0,0,0,0,0,0,0,0,0,0,0,0,0,0,0,0,0,0,0,0,0,0,0,0,0,0,0,0,0,0,0,0,0,0,0,0,0,0,0,0,0,0,0,0,0,0,0,0,0,0,0,0,0,0,0,0,0,0,0,0,0,0,0,0,0,0,0,0,0,0,0,0,0,0,0,0,0,0,0,0,0,0,0,0,0,0,0,0,0,0,0,0,0,0,0,0,0,0,0,0,0,0,0,0,0,0,0,0,0,0,0,0,0,0,0,0,0,0,0,0,0,0,0,0,0,0,0,0,0,0,0,0,0,0,0,0,0,0,0,0,0,0.0106454370543361,0.0164028648287058,0.00576277263462543,0,0,0,0,0,0,0,0,0,0,0,0,0,0,0,0,0,0,0,0,0,0.0494333654642105,0.0702794939279556,0.0773277804255486,0.071686826646328,0.0294710323214531,0.0765010640025139,0.0935733690857887,0.0931892469525337,0.102626994252205,0.124220237135887,0.162794336676598,0.134365528821945,0.12593936920166,0.185403898358345,0.230519697070122,0.265640199184418,0.289726495742798,0.311529785394669,0.303016811609268,0.306693613529205,0.251055300235748,0.270055890083313,0.220987379550934,0.185277625918388,0.259335041046143,0.30887508392334,0.397156327962875,0.281637519598007,0,0,0.204742133617401,0.301155179738998,0.274866193532944,0.30281463265419,0.41964191198349,0.299023389816284,0.253421813249588,0.129843086004257,0.303851455450058,0.206429302692413,0.333981454372406,0.218583881855011,0,0.164964109659195,0.279041111469269,0.296956598758698,0.290264934301376,0.377554357051849,0.336614996194839,0.348002254962921,0.37874898314476,0.420618951320648,0.387140035629272,0.3412104845047,0.360971689224243,0.379341065883636,0.304814845323563,0.371607840061188,0.423658818006516,0.34913158416748,0,0.169423803687096,0.173607066273689,0,0.132240727543831,0.288982391357422,0.330588579177856,0.184131994843483,0.326997548341751,0.419799953699112,0.438644170761108,0.48794087767601,0.529471516609192,0.532942235469818,0.493076592683792,0.313311278820038,0,0,0.260127156972885,0.343295186758041,0.39612939953804,0.325816839933395,0.134939029812813,0,0,0,0,0,0,0,0,0,0,0,0.16262611746788,0.18314565718174,0.179831281304359,0.105830311775208,0.230382606387138,0.319998651742935,0.342620223760605,0.252487301826477,0.244228139519691,0.254157871007919,0.308591067790985,0.289515554904938,0.206117942929268,0,0,0,0,0,0,0,0,0.117451019585133,0.236911341547966,0.180023565888405,0,0,0,0,0,0.180134102702141,0,0,0,0,0,0,0,0,0,0,0,0,0,0,0,0,0,0,0,0,0,0,0,0,0,0,0,0,0,0,0,0,0,0,0,0,0,0,0,0,0,0,0,0,0,0,0,0,0,0,0,0,0,0,225
Altötting,0,0,0,0,0,0,0,0,0,0,0,0,0,0,0,0,0,0,0,0,0,0,0,0,0,0,0,0,0,0,0,0,0,0,0,0,0,0,0,0,0,0,0,0,0,0,0,0,0,0,0,0,0,0,0,0,0,0,0,0,0,0,0,0,0,0,0,0,0,0,0,0,0,0,0,0,0,0,0,0,0,0,0,0,0,0,0,0,0,0,0,0,0,0,0,0,0,0,0,0,0,0,0,0,0,0,0,0,0,0,0,0,0,0,0,0,0,0,0,0,0,0,0,0,0,0,0,0,0,0,0,0,0,0,0,0,0,0,0,0,0,0,0,0,0,0,0,0,0,0,0,0,0,0,0,0,0,0,0,0,0,0,0,0.00657621957361698,0.0110374288633466,0.00718372268602252,0,0,0,0,0,0,0,0,0,0,0,0,0,0,0,0,0,0,0,0,0,0.031460989266634,0.0448434464633465,0.0535063296556473,0.0508296564221382,0.025658193975687,0.0555814392864704,0.0654362365603447,0.0633906349539757,0.0657123401761055,0.0806241780519485,0.105831310153008,0.0809267461299896,0.0734197795391083,0.112845860421658,0.144749045372009,0.163144558668137,0.174807265400887,0.188745900988579,0.189250960946083,0.189665123820305,0.161754503846169,0.16835680603981,0.150636091828346,0.126066252589226,0.164379552006721,0.201138719916344,0.238653138279915,0.170055031776428,0,0,0.109340742230415,0.168410435318947,0.184058994054794,0.190551206469536,0.259319633245468,0.193693101406097,0.183603972196579,0.118018835783005,0.187061831355095,0.122597090899944,0.196705043315887,0.167794957756996,0.0470180213451385,0.145492285490036,0.194651424884796,0.21650892496109,0.211953267455101,0.227175295352936,0.192247301340103,0.204612210392952,0.218024015426636,0.251531928777695,0.242628619074821,0.215383887290955,0.232446119189262,0.24028754234314,0.196350276470184,0.231117710471153,0.264415442943573,0.233942538499832,0.106822215020657,0.138478636741638,0.160185590386391,0,0.109075047075748,0.186067014932632,0.205282047390938,0.158570736646652,0.211058765649796,0.26217183470726,0.272434413433075,0.296254754066467,0.322592049837112,0.329708904027939,0.30378046631813,0.207933127880096,0,0,0.184125229716301,0.221227616071701,0.240579470992088,0.210791245102882,0.107484623789787,0,0,0,0,0,0,0,0,0,0,0.0989111587405205,0.106087654829025,0.120053224265575,0.114398017525673,0.10988937318325,0.154936134815216,0.205449387431145,0.22252456843853,0.179133877158165,0.171588465571404,0.16656556725502,0.183376997709274,0.183617830276489,0.150683179497719,0,0,0,0,0,0,0,0,0.0393082424998283,0.146993547677994,0.112401090562344,0,0,0,0,0,0.0809952169656754,0,0,0,0,0,0,0,0,0,0,0,0,0,0,0,0,0,0,0,0,0,0,0,0,0,0,0,0,0,0,0,0,0,0,0,0,0,0,0,0,0,0,0,0,0,0,0,0,0,0,0,0,0,0,226
Berchtesgadener Land,0,0,0,0,0,0,0,0,0,0,0,0,0,0,0,0,0,0,0,0,0,0,0,0,0,0,0,0,0,0,0,0,0,0,0,0,0,0,0,0,0,0,0,0,0,0,0,0,0,0,0,0,0,0,0,0,0,0,0,0,0,0,0,0,0,0,0,0,0,0,0,0,0,0,0,0,0,0,0,0,0,0,0,0,0,0,0,0,0,0,0,0,0,0,0,0,0,0,0,0,0,0,0,0,0,0,0,0,0,0,0,0,0,0,0,0,0,0,0,0,0,0,0,0,0,0,0,0,0,0,0,0,0,0,0,0,0,0,0,0,0,0,0,0,0,0,0,0,0,0,0,0,0,0,0,0,0,0,0,0,0,0,0,0.0010780596639961,0.00173877901397645,0.0012099287705496,0,0,0,0,0,0,0,0,0,0,0,0,0,0,0,0,0,0,0,0,0,0.00465937238186598,0.00684381881728768,0.00817861035466194,0.00734993675723672,0,0.00712482957169414,0.00943451002240181,0.00990473292768002,0.0101233590394258,0.0123309101909399,0.0167231336236,0.0135370753705502,0.0116833550855517,0.018547598272562,0.0235774870961905,0.0273288916796446,0.0293296352028847,0.03159474208951,0.0310625433921814,0.0321069210767746,0.0278248526155949,0.0270442068576813,0.0250949300825596,0.0200485363602638,0.0278597082942724,0.033060222864151,0.0403698869049549,0.0307499337941408,0,0,0.0169892814010382,0.0292758829891682,0.0287396758794785,0.0326785035431385,0.046139407902956,0.0309128873050213,0.0290452893823385,0.0192072708159685,0.0322548896074295,0.0176338516175747,0.0344919860363007,0.0271088480949402,0,0.0215027127414942,0.028902180492878,0.0326377898454666,0.0301210321485996,0.0381691381335258,0.0325224548578262,0.0348455980420113,0.0367715619504452,0.0416876003146172,0.0408742614090443,0.03518096357584,0.0379920154809952,0.0400139838457108,0.0344602838158607,0.0385559909045696,0.0435580685734749,0.0359386950731277,0,0.0175246633589268,0.0205926019698381,0,0,0.0279946122318506,0.0349891036748886,0.0202960632741451,0.0334622077643871,0.0435206703841686,0.04445606097579,0.0490398518741131,0.0529332421720028,0.054377093911171,0.0513153709471226,0.0337070412933826,0,0,0.0246347356587648,0.0322623364627361,0.0390863493084908,0.0338144637644291,0.0142716215923429,0,0,0,0,0,0,0,0,0,0,0,0.0137262782081962,0.0156199941411614,0.01624277792871,0,0.0243786051869392,0.0336784087121487,0.0344095006585121,0.0265056695789099,0.0260788667947054,0.0258853379637003,0.0302008930593729,0.0304701402783394,0.0223352145403624,0,0,0,0,0,0,0,0,0.0129384184256196,0.0232475437223911,0.0147119918838143,0,0,0,0,0,0.0171314291656017,0,0,0,0,0,0,0,0,0,0,0,0,0,0,0,0,0,0,0,0,0,0,0,0,0,0,0,0,0,0,0,0,0,0,0,0,0,0,0,0,0,0,0,0,0,0,0,0,0,0,0,0,0,0,227
Bad Tölz-Wolfratshausen,0,0,0,0,0,0,0,0,0,0,0,0,0,0,0,0,0,0,0,0,0,0,0,0,0,0,0,0,0,0,0,0,0,0,0,0,0,0,0,0,0,0,0,0,0,0,0,0,0,0,0,0,0,0,0,0,0,0,0,0,0,0,0,0,0,0,0,0,0,0,0,0,0,0,0,0,0,0,0,0,0,0,0,0,0,0,0,0,0,0,0,0,0,0,0,0,0,0,0,0,0,0,0,0,0,0,0,0,0,0,0,0,0,0,0,0,0,0,0,0,0,0,0,0,0,0,0,0,0,0,0,0,0,0,0,0,0,0,0,0,0,0,0,0,0,0,0,0,0,0,0,0,0,0,0,0,0,0,0,0,0,0,0,0.00437183445319533,0.00600784132257104,0,0,0,0,0,0,0,0,0,0,0,0,0,0,0,0,0,0,0,0,0,0,0.0190743245184422,0.0301037766039371,0.0291379671543837,0.0171174202114344,0,0.0233914908021688,0.0346826240420341,0.0276342295110226,0.0385087579488754,0.0653353333473206,0.0936460196971893,0.0695834383368492,0.0689819008111954,0.114929124712944,0.138348132371902,0.168352648615837,0.184338390827179,0.200629979372025,0.197059914469719,0.18830706179142,0.135608464479446,0.148322686553001,0.0891734883189201,0.064399242401123,0.148636847734451,0.204038336873055,0.273421674966812,0.150192931294441,0,0,0.0914855524897575,0.178965538740158,0.116048403084278,0.165931046009064,0.274084717035294,0.140381425619125,0.0850915536284447,0,0.179349482059479,0.0503461100161076,0.233275145292282,0.0337118804454803,0,0,0.126229166984558,0.134452626109123,0.126032665371895,0.245146617293358,0.219961106777191,0.233603075146675,0.25857937335968,0.283954560756683,0.242308393120766,0.196571722626686,0.216232776641846,0.232631132006645,0.172252640128136,0.237795248627663,0.270526647567749,0.18658384680748,0,0.0422800667583942,0.0475779846310616,0,0,0.124902926385403,0.174149319529533,0.0126635879278183,0.181917309761047,0.264446705579758,0.285172879695892,0.33019682765007,0.360597521066666,0.353826463222504,0.337386429309845,0.144052848219872,0,0,0.1163529753685,0.202509254217148,0.259969294071198,0.156452357769012,0,0,0,0,0,0,0,0,0,0,0,0,0.0786747559905052,0.110849119722843,0.0728113204240799,0.0230551026761532,0.14668633043766,0.213185518980026,0.193970441818237,0.107518166303635,0.107784688472748,0.14593917131424,0.214695379137993,0.18040531873703,0.0812994614243507,0,0,0,0,0,0,0,0,0.0966622158885002,0.146400257945061,0.0697124674916267,0,0,0,0,0,0.148659020662308,0,0,0,0,0,0,0,0,0,0,0,0,0,0,0,0,0,0,0,0,0,0,0,0,0,0,0,0,0,0,0,0,0,0,0,0,0,0,0,0,0,0,0,0,0,0,0,0,0,0,0,0,0,0,228
Dachau,0,0,0,0,0,0,0,0,0,0,0,0,0,0,0,0,0,0,0,0,0,0,0,0,0,0,0,0,0,0,0,0,0,0,0,0,0,0,0,0,0,0,0,0,0,0,0,0,0,0,0,0,0,0,0,0,0,0,0,0,0,0,0,0,0,0,0,0,0,0,0,0,0,0,0,0,0,0,0,0,0,0,0,0,0,0,0,0,0,0,0,0,0,0,0,0,0,0,0,0,0,0,0,0,0,0,0,0,0,0,0,0,0,0,0,0,0,0,0,0,0,0,0,0,0,0,0,0,0,0,0,0,0,0,0,0,0,0,0,0,0,0,0,0,0,0,0,0,0,0,0,0,0,0,0,0,0,0,0,0,0,0,0,0.010444930754602,0.0152461314573884,0,0,0,0,0,0,0,0,0,0,0,0,0,0,0,0,0,0,0,0,0,0,0.0454120188951492,0.0750240907073021,0.0769357606768608,0.0719380900263786,0.0233041495084763,0.095362588763237,0.104981265962124,0.0999715626239777,0.127096280455589,0.155572593212128,0.19077505171299,0.149596318602562,0.143529519438744,0.212129786610603,0.265269994735718,0.303317934274673,0.333275139331818,0.364715367555618,0.348058730363846,0.337781250476837,0.297639042139053,0.312726438045502,0.251515209674835,0.20190192759037,0.296951055526733,0.384482979774475,0.463913083076477,0.299726814031601,0,0,0.23932096362114,0.347908586263657,0.319686353206635,0.326853066682816,0.454611718654633,0.332775354385376,0.292017549276352,0.189748957753181,0.325454711914063,0.242034211754799,0.382279753684998,0.260824739933014,0.188235327601433,0.178271472454071,0.38027161359787,0.399700969457626,0.445379376411438,0.44682052731514,0.380699783563614,0.392451822757721,0.44047424197197,0.507266163825989,0.438892126083374,0.370269864797592,0.429254442453384,0.479414910078049,0.385272115468979,0.458685666322708,0.509572982788086,0.47164598107338,0,0.255431652069092,0.256778329610825,0,0.241764515638351,0.356742113828659,0.328805893659592,0.255209743976593,0.372984349727631,0.485444068908691,0.546670019626617,0.583146035671234,0.655645668506622,0.64847868680954,0.593100786209106,0.398459851741791,0,0,0.370514273643494,0.427806288003922,0.496825069189072,0.390607386827469,0.20207816362381,0,0,0,0,0,0,0,0,0,0,0.166067436337471,0.207150250673294,0.235052794218063,0.218775972723961,0.206011712551117,0.30338990688324,0.396767944097519,0.424570769071579,0.328267961740494,0.325696647167206,0.324186146259308,0.396226346492767,0.353440523147583,0.264415591955185,0,0,0,0,0,0,0,0,0.192216038703918,0.327053129673004,0.237141266465187,0,0,0,0,0,0.215896189212799,0,0,0,0,0,0,0,0,0,0,0,0,0,0,0,0,0,0,0,0,0,0,0,0,0,0,0,0,0,0,0,0,0,0,0,0,0,0,0,0,0,0,0,0,0,0,0,0,0,0,0,0,0,0,229
Ebersberg,0,0,0,0,0,0,0,0,0,0,0,0,0,0,0,0,0,0,0,0,0,0,0,0,0,0,0,0,0,0,0,0,0,0,0,0,0,0,0,0,0,0,0,0,0,0,0,0,0,0,0,0,0,0,0,0,0,0,0,0,0,0,0,0,0,0,0,0,0,0,0,0,0,0,0,0,0,0,0,0,0,0,0,0,0,0,0,0,0,0,0,0,0,0,0,0,0,0,0,0,0,0,0,0,0,0,0,0,0,0,0,0,0,0,0,0,0,0,0,0,0,0,0,0,0,0,0,0,0,0,0,0,0,0,0,0,0,0,0,0,0,0,0,0,0,0,0,0,0,0,0,0,0,0,0,0,0,0,0,0,0,0,0,0.0111986612901092,0.017377907410264,0.000584731053095311,0,0,0,0,0,0,0,0,0,0,0,0,0,0,0,0,0,0,0,0,0,0.0489462278783321,0.0743717104196548,0.0786668360233307,0.0732525438070297,0.00503328023478389,0.0858544707298279,0.104210622608662,0.0980418622493744,0.112272970378399,0.140376970171928,0.1836107224226,0.146635353565216,0.137107685208321,0.207957148551941,0.261396318674088,0.299028158187866,0.327542990446091,0.352052390575409,0.343276500701904,0.339683890342712,0.269883394241333,0.296250492334366,0.237698957324028,0.202280536293983,0.28496116399765,0.346436560153961,0.451301455497742,0.295673102140427,0,0,0.225834086537361,0.338286101818085,0.307615369558334,0.333055257797241,0.460568785667419,0.332213073968887,0.270713061094284,0.0537087544798851,0.33475062251091,0.226243421435356,0.367536783218384,0.237741902470589,0.0107900723814964,0.191543832421303,0.330665320158005,0.358424603939056,0.36674365401268,0.428721576929092,0.375996142625809,0.392056912183762,0.431495100259781,0.482128888368607,0.438014030456543,0.379020571708679,0.413255453109741,0.431662082672119,0.340865015983582,0.427906602621078,0.489511966705322,0.416076123714447,0,0.226524785161018,0.241058558225632,0,0.103134371340275,0.337465018033981,0.358755439519882,0.232362478971481,0.372881770133972,0.486645758152008,0.515554487705231,0.567140996456146,0.625826179981232,0.619643330574036,0.570865750312805,0.366559535264969,0,0,0.326215475797653,0.412214696407318,0.466886907815933,0.382131546735764,0.0336071103811264,0,0,0,0,0,0,0,0,0,0,0.038087859749794,0.218839719891548,0.237088426947594,0.224398553371429,0.19675250351429,0.268189609050751,0.39380732178688,0.397501856088638,0.297930121421814,0.289713770151138,0.307644248008728,0.369265824556351,0.333264023065567,0.244208201766014,0,0,0,0,0,0,0,0,0.181505426764488,0.293346464633942,0.212204158306122,0,0,0,0,0,0.216405540704727,0,0,0,0,0,0,0,0,0,0,0,0,0,0,0,0,0,0,0,0,0,0,0,0,0,0,0,0,0,0,0,0,0,0,0,0,0,0,0,0,0,0,0,0,0,0,0,0,0,0,0,0,0,0,230
Eichstätt,0,0,0,0,0,0,0,0,0,0,0,0,0,0,0,0,0,0,0,0,0,0,0,0,0,0,0,0,0,0,0,0,0,0,0,0,0,0,0,0,0,0,0,0,0,0,0,0,0,0,0,0,0,0,0,0,0,0,0,0,0,0,0,0,0,0,0,0,0,0,0,0,0,0,0,0,0,0,0,0,0,0,0,0,0,0,0,0,0,0,0,0,0,0,0,0,0,0,0,0,0,0,0,0,0,0,0,0,0,0,0,0,0,0,0,0,0,0,0,0,0,0,0,0,0,0,0,0,0,0,0,0,0,0,0,0,0,0,0,0,0,0,0,0,0,0,0,0,0,0,0,0,0,0,0,0,0,0,0,0,0,0,0,0.00629506912082434,0.00952523946762085,0,0,0,0,0,0,0,0,0,0,0,0,0,0,0,0,0,0,0,0,0,0,0.0418802239000797,0.0637619197368622,0.0681039839982986,0.0660321563482285,0.0510722100734711,0.0850898548960686,0.094657801091671,0.0920978486537933,0.0988967046141624,0.136148944497108,0.1648108959198,0.109214037656784,0.124006733298302,0.197854712605476,0.244315549731255,0.280070066452026,0.306253373622894,0.328410595655441,0.307455450296402,0.285572111606598,0.269394427537918,0.280067652463913,0.250406801700592,0.158493891358376,0.267708748579025,0.349097341299057,0.416206479072571,0.261885702610016,0.0604469552636147,0,0.0895486027002335,0.290770351886749,0.305780678987503,0.255490452051163,0.391557574272156,0.25160875916481,0.273187339305878,0.164707764983177,0.259336978197098,0.223570108413696,0.341260313987732,0.287546157836914,0.203117951750755,0.125103622674942,0.348257184028625,0.370745092630386,0.415192395448685,0.409198611974716,0.315510213375092,0.328438073396683,0.383237987756729,0.439843416213989,0.407668560743332,0.343372404575348,0.359678119421005,0.410183250904083,0.335915088653564,0.38224670290947,0.415934592485428,0.407180666923523,0,0.0710912495851517,0.217491984367371,0.199656844139099,0.263909518718719,0.280997335910797,0.228630721569061,0.221354082226753,0.280550867319107,0.376216113567352,0.454135119915009,0.50551426410675,0.541245818138123,0.552858471870422,0.503334701061249,0.374807298183441,0,0,0.293717384338379,0.358081489801407,0.417834848165512,0.318888604640961,0.078077033162117,0,0,0,0,0,0,0,0,0,0.0598169714212418,0.206354603171349,0.233471095561981,0.261891037225723,0.265350431203842,0.255930989980698,0.286764353513718,0.348796784877777,0.371344298124313,0.283128529787064,0.265327215194702,0.243153929710388,0.338652610778809,0.302897840738297,0.191954851150513,0,0,0,0,0,0,0,0,0.0536056756973267,0.284719437360764,0.197240605950356,0,0,0,0,0,0.142518877983093,0,0,0,0,0,0,0,0,0,0,0,0,0,0,0,0,0,0,0,0,0,0,0,0,0,0,0,0,0,0,0,0,0,0,0,0,0,0,0,0,0,0,0,0,0,0,0,0,0,0,0,0,0,0,231
Erding,0,0,0,0,0,0,0,0,0,0,0,0,0,0,0,0,0,0,0,0,0,0,0,0,0,0,0,0,0,0,0,0,0,0,0,0,0,0,0,0,0,0,0,0,0,0,0,0,0,0,0,0,0,0,0,0,0,0,0,0,0,0,0,0,0,0,0,0,0,0,0,0,0,0,0,0,0,0,0,0,0,0,0,0,0,0,0,0,0,0,0,0,0,0,0,0,0,0,0,0,0,0,0,0,0,0,0,0,0,0,0,0,0,0,0,0,0,0,0,0,0,0,0,0,0,0,0,0,0,0,0,0,0,0,0,0,0,0,0,0,0,0,0,0,0,0,0,0,0,0,0,0,0,0,0,0,0,0,0,0,0,0,0,0.0111252414062619,0.018214225769043,0.00215487414970994,0,0,0,0,0,0,0,0,0,0,0,0,0,0,0,0,0,0,0,0,0,0.0536194033920765,0.0832865759730339,0.0919604152441025,0.0892928764224052,0.0301315449178219,0.105337209999561,0.123522415757179,0.111041098833084,0.127911537885666,0.162459418177605,0.208734109997749,0.158958107233047,0.146676003932953,0.23009267449379,0.290179640054703,0.324668943881989,0.360030889511108,0.386596888303757,0.380600780248642,0.375598788261414,0.31883978843689,0.332062184810638,0.279396206140518,0.229953899979591,0.3170445561409,0.396953791379929,0.49156454205513,0.327546626329422,0,0,0.234192788600922,0.356368988752365,0.359229892492294,0.366023272275925,0.503522336483002,0.376122921705246,0.333013832569122,0.210735902190208,0.361108422279358,0.256822824478149,0.404004037380219,0.306220561265945,0.187855735421181,0.26616707444191,0.394565790891647,0.440577447414398,0.465563893318176,0.473486334085464,0.397840082645416,0.41677451133728,0.462331146001816,0.5310879945755,0.487666934728622,0.419536739587784,0.472487598657608,0.492987781763077,0.393519103527069,0.479350030422211,0.544122397899628,0.499153107404709,0.0206222739070654,0.270680516958237,0.302103042602539,0,0.228422835469246,0.382450640201569,0.388556301593781,0.296841144561768,0.411956906318665,0.530397474765778,0.582314968109131,0.625719666481018,0.693718194961548,0.691394090652466,0.628561973571777,0.428003519773483,0,0,0.389003217220306,0.465787410736084,0.515789985656738,0.431762546300888,0.193016052246094,0,0,0,0,0,0,0,0,0,0.00288863852620125,0.111408665776253,0.224907204508781,0.266314685344696,0.246062368154526,0.214683592319489,0.295810163021088,0.427499860525131,0.455651640892029,0.359417021274567,0.334484606981277,0.349201649427414,0.395444691181183,0.363873064517975,0.298997938632965,0,0,0,0,0,0,0,0,0.14637316763401,0.339634090662003,0.253661036491394,0,0,0,0,0,0.196960926055908,0,0,0,0,0,0,0,0,0,0,0,0,0,0,0,0,0,0,0,0,0,0,0,0,0,0,0,0,0,0,0,0,0,0,0,0,0,0,0,0,0,0,0,0,0,0,0,0,0,0,0,0,0,0,232
Freising,0,0,0,0,0,0,0,0,0,0,0,0,0,0,0,0,0,0,0,0,0,0,0,0,0,0,0,0,0,0,0,0,0,0,0,0,0,0,0,0,0,0,0,0,0,0,0,0,0,0,0,0,0,0,0,0,0,0,0,0,0,0,0,0,0,0,0,0,0,0,0,0,0,0,0,0,0,0,0,0,0,0,0,0,0,0,0,0,0,0,0,0,0,0,0,0,0,0,0,0,0,0,0,0,0,0,0,0,0,0,0,0,0,0,0,0,0,0,0,0,0,0,0,0,0,0,0,0,0,0,0,0,0,0,0,0,0,0,0,0,0,0,0,0,0,0,0,0,0,0,0,0,0,0,0,0,0,0,0,0,0,0,0,0.0139064267277718,0.0218072514981031,0.000190479739103466,0,0,0,0,0,0,0,0,0,0,0,0,0,0,0,0,0,0,0,0,0,0.0657177343964577,0.10522036254406,0.114210978150368,0.114110603928566,0.0608419664204121,0.139369606971741,0.159016668796539,0.138715520501137,0.165577843785286,0.211636602878571,0.26897007226944,0.201107770204544,0.188318386673927,0.291925698518753,0.370921343564987,0.414836525917053,0.46209654211998,0.495891183614731,0.487661361694336,0.475916534662247,0.422749191522598,0.428919583559036,0.363059133291245,0.28937354683876,0.405010342597961,0.52261084318161,0.63010048866272,0.422680854797363,0.020097229629755,0,0.296065032482147,0.454229354858398,0.462684482336044,0.454565018415451,0.630495131015778,0.469832092523575,0.428722351789474,0.289710283279419,0.438129842281342,0.326528608798981,0.518272936344147,0.394515186548233,0.288979232311249,0.32703772187233,0.514409244060516,0.577484130859375,0.624175727367401,0.603956460952759,0.496479421854019,0.510973691940308,0.578359186649323,0.673625230789185,0.61275726556778,0.510594010353088,0.596602082252502,0.635334014892578,0.51969838142395,0.605379700660706,0.681445002555847,0.653678476810455,0,0.339469194412231,0.390789747238159,0.0234141610562801,0.339508652687073,0.473152697086334,0.455674737691879,0.378905147314072,0.499321967363358,0.646726429462433,0.730443000793457,0.775965332984924,0.868067979812622,0.863332986831665,0.783747732639313,0.548633933067322,0,0,0.490145146846771,0.574459075927734,0.640766561031342,0.530912399291992,0.246449381113052,0,0,0,0,0,0,0,0,0,0,0.135136857628822,0.243682757019997,0.303984463214874,0.282188683748245,0.256582945585251,0.373442351818085,0.512651920318604,0.558124125003815,0.447537213563919,0.413696467876434,0.418835371732712,0.486748337745667,0.448429703712463,0.371686547994614,0,0,0,0,0,0,0,0,0.0693565532565117,0.42812567949295,0.317183375358582,0,0,0,0,0,0.244887545704842,0,0,0,0,0,0,0,0,0,0,0,0,0,0,0,0,0,0,0,0,0,0,0,0,0,0,0,0,0,0,0,0,0,0,0,0,0,0,0,0,0,0,0,0,0,0,0,0,0,0,0,0,0,0,233
Fürstenfeldbruck,0,0,0,0,0,0,0,0,0,0,0,0,0,0,0,0,0,0,0,0,0,0,0,0,0,0,0,0,0,0,0,0,0,0,0,0,0,0,0,0,0,0,0,0,0,0,0,0,0,0,0,0,0,0,0,0,0,0,0,0,0,0,0,0,0,0,0,0,0,0,0,0,0,0,0,0,0,0,0,0,0,0,0,0,0,0,0,0,0,0,0,0,0,0,0,0,0,0,0,0,0,0,0,0,0,0,0,0,0,0,0,0,0,0,0,0,0,0,0,0,0,0,0,0,0,0,0,0,0,0,0,0,0,0,0,0,0,0,0,0,0,0,0,0,0,0,0,0,0,0,0,0,0,0,0,0,0,0,0,0,0,0,0,0.00892681907862425,0.0123191764578223,0,0,0,0,0,0,0,0,0,0,0,0,0,0,0,0,0,0,0,0,0,0,0.0349214673042297,0.062278188765049,0.0597404539585114,0.0499565415084362,0,0.0736471489071846,0.0841315686702728,0.078982800245285,0.108388155698776,0.134310856461525,0.168048068881035,0.13444359600544,0.126457139849663,0.18927013874054,0.234912604093552,0.273683696985245,0.301616668701172,0.334782183170319,0.316608756780624,0.307148963212967,0.258140921592712,0.280074536800385,0.221519649028778,0.174555569887161,0.268724620342255,0.350727945566177,0.437372207641602,0.271191716194153,0,0,0.22623610496521,0.32251450419426,0.280009239912033,0.303387939929962,0.425264447927475,0.30449914932251,0.255314141511917,0.0687734559178352,0.310001522302628,0.222686499357224,0.365794867277145,0.197524964809418,0.0607727840542793,0.0251622144132853,0.341552138328552,0.345713973045349,0.384882897138596,0.414510011672974,0.367676854133606,0.374933272600174,0.422841936349869,0.477782368659973,0.397316664457321,0.338488429784775,0.387285888195038,0.444444537162781,0.358681231737137,0.433231890201569,0.483274877071381,0.420078754425049,0,0.221785217523575,0.21036222577095,0,0.190424263477325,0.332853049039841,0.307691007852554,0.20628722012043,0.352234750986099,0.457519859075546,0.506606101989746,0.549130916595459,0.61993008852005,0.613397538661957,0.564909994602203,0.355211555957794,0,0,0.335315734148026,0.397945374250412,0.467092752456665,0.362821370363235,0.106633849442005,0,0,0,0,0,0,0,0,0,0,0.02259093336761,0.182728320360184,0.213974893093109,0.171081319451332,0.0985196456313133,0.256710320711136,0.373162895441055,0.386561542749405,0.294679284095764,0.288204044103622,0.295213997364044,0.373405635356903,0.332774579524994,0.232993379235268,0,0,0,0,0,0,0,0,0.181291878223419,0.300420761108398,0.209513530135155,0,0,0,0,0,0.215161666274071,0,0,0,0,0,0,0,0,0,0,0,0,0,0,0,0,0,0,0,0,0,0,0,0,0,0,0,0,0,0,0,0,0,0,0,0,0,0,0,0,0,0,0,0,0,0,0,0,0,0,0,0,0,0,234
Garmisch-Partenkirchen,0,0,0,0,0,0,0,0,0,0,0,0,0,0,0,0,0,0,0,0,0,0,0,0,0,0,0,0,0,0,0,0,0,0,0,0,0,0,0,0,0,0,0,0,0,0,0,0,0,0,0,0,0,0,0,0,0,0,0,0,0,0,0,0,0,0,0,0,0,0,0,0,0,0,0,0,0,0,0,0,0,0,0,0,0,0,0,0,0,0,0,0,0,0,0,0,0,0,0,0,0,0,0,0,0,0,0,0,0,0,0,0,0,0,0,0,0,0,0,0,0,0,0,0,0,0,0,0,0,0,0,0,0,0,0,0,0,0,0,0,0,0,0,0,0,0,0,0,0,0,0,0,0,0,0,0,0,0,0,0,0,0,0,0.00263844430446625,0.00354338577017188,0,0,0,0,0,0,0,0,0,0,0,0,0,0,0,0,0,0,0,0,0,0,0.0138883218169212,0.0203123614192009,0.0190613158047199,0.00101651216391474,0,0.00502046011388302,0.00920986197888851,0.0058452975936234,0.0125005049631,0.0422239825129509,0.0698607936501503,0.0448872856795788,0.0523795820772648,0.0926037505269051,0.108574166893959,0.136221572756767,0.149639919400215,0.163567617535591,0.159906700253487,0.148381024599075,0.102231919765472,0.104359962046146,0.0275830142199993,0.0182134974747896,0.109240517020226,0.169809967279434,0.23011477291584,0.0974571779370308,0,0,0.0315681360661983,0.125051781535149,0.0382060892879963,0.0971968993544579,0.229929208755493,0.0841706916689873,0.0253524333238602,0,0.13524529337883,0.0211005490273237,0.201475590467453,0,0,0,0.0390084683895111,0.045218538492918,0.0406964719295502,0.197622135281563,0.172248408198357,0.196112617850304,0.217318475246429,0.242875993251801,0.201814845204353,0.143143266439438,0.16433846950531,0.183620139956474,0.101758234202862,0.190952241420746,0.22367151081562,0.101811565458775,0,0,0,0,0,0.0391903780400753,0.103780001401901,0,0.12518772482872,0.222012564539909,0.237706184387207,0.289855748414993,0.308430284261703,0.301907926797867,0.290946930646896,0.0839187428355217,0,0,0.0345127806067467,0.150736659765244,0.218693673610687,0.0851437672972679,0,0,0,0,0,0,0,0,0,0,0,0,0.0257733687758446,0.0908050015568733,0.0431834980845451,0,0.128680095076561,0.174378514289856,0.154356494545937,0.0367905758321285,0.0331834852695465,0.112110070884228,0.183399498462677,0.147509545087814,0.0229285787791014,0,0,0,0,0,0,0,0,0.0768183320760727,0.109210841357708,0.0160551089793444,0,0,0,0,0,0.121267199516296,0,0,0,0,0,0,0,0,0,0,0,0,0,0,0,0,0,0,0,0,0,0,0,0,0,0,0,0,0,0,0,0,0,0,0,0,0,0,0,0,0,0,0,0,0,0,0,0,0,0,0,0,0,0,235
Landsberg am Lech,0,0,0,0,0,0,0,0,0,0,0,0,0,0,0,0,0,0,0,0,0,0,0,0,0,0,0,0,0,0,0,0,0,0,0,0,0,0,0,0,0,0,0,0,0,0,0,0,0,0,0,0,0,0,0,0,0,0,0,0,0,0,0,0,0,0,0,0,0,0,0,0,0,0,0,0,0,0,0,0,0,0,0,0,0,0,0,0,0,0,0,0,0,0,0,0,0,0,0,0,0,0,0,0,0,0,0,0,0,0,0,0,0,0,0,0,0,0,0,0,0,0,0,0,0,0,0,0,0,0,0,0,0,0,0,0,0,0,0,0,0,0,0,0,0,0,0,0,0,0,0,0,0,0,0,0,0,0,0,0,0,0,0,0.00531358830630779,0.00681396573781967,0,0,0,0,0,0,0,0,0,0,0,0,0,0,0,0,0,0,0,0,0,0,0.0237083602696657,0.0441085547208786,0.0395143292844296,0.020155243575573,0,0.0471846647560596,0.0588145069777966,0.0509661175310612,0.07899359613657,0.099952720105648,0.13140581548214,0.107728384435177,0.101936526596546,0.151288270950317,0.18837970495224,0.22424228489399,0.246720656752586,0.277196377515793,0.258503466844559,0.246630638837814,0.199514895677567,0.220646515488625,0.169809088110924,0.131738945841789,0.216097474098206,0.289932489395142,0.370530366897583,0.219983547925949,0,0,0.183119207620621,0.253498136997223,0.22185230255127,0.244159936904907,0.35179278254509,0.2400813549757,0.1897182315588,0.00679250946268439,0.256213992834091,0.169367864727974,0.310161858797073,0.0898034125566483,0,0,0.256316512823105,0.262037545442581,0.281439751386642,0.334905654191971,0.305414408445358,0.309999942779541,0.351412922143936,0.388685435056686,0.314530909061432,0.268715858459473,0.296659380197525,0.349191904067993,0.284725457429886,0.343660712242126,0.387060642242432,0.321862250566483,0,0.142867997288704,0.0819549039006233,0,0.0784316137433052,0.254749417304993,0.236544638872147,0.0799019485712051,0.272748500108719,0.361979484558105,0.403248846530914,0.447885781526566,0.502137780189514,0.496511369943619,0.4590183198452,0.268632620573044,0,0,0.243622422218323,0.31470999121666,0.365737944841385,0.272660702466965,0.00754031352698803,0,0,0,0,0,0,0,0,0,0,0,0.127324596047401,0.159569010138512,0.0334125496447086,0,0.184560269117355,0.282690405845642,0.292452275753021,0.22137838602066,0.198271304368973,0.215366259217262,0.288288086652756,0.259880363941193,0.170345634222031,0,0,0,0,0,0,0,0,0.121322296559811,0.223815992474556,0.144190549850464,0,0,0,0,0,0.1733218729496,0,0,0,0,0,0,0,0,0,0,0,0,0,0,0,0,0,0,0,0,0,0,0,0,0,0,0,0,0,0,0,0,0,0,0,0,0,0,0,0,0,0,0,0,0,0,0,0,0,0,0,0,0,0,236
Miesbach,0,0,0,0,0,0,0,0,0,0,0,0,0,0,0,0,0,0,0,0,0,0,0,0,0,0,0,0,0,0,0,0,0,0,0,0,0,0,0,0,0,0,0,0,0,0,0,0,0,0,0,0,0,0,0,0,0,0,0,0,0,0,0,0,0,0,0,0,0,0,0,0,0,0,0,0,0,0,0,0,0,0,0,0,0,0,0,0,0,0,0,0,0,0,0,0,0,0,0,0,0,0,0,0,0,0,0,0,0,0,0,0,0,0,0,0,0,0,0,0,0,0,0,0,0,0,0,0,0,0,0,0,0,0,0,0,0,0,0,0,0,0,0,0,0,0,0,0,0,0,0,0,0,0,0,0,0,0,0,0,0,0,0,0.00602346425876021,0.00846649147570133,0,0,0,0,0,0,0,0,0,0,0,0,0,0,0,0,0,0,0,0,0,0,0.0256406012922525,0.0379024781286716,0.0384120307862759,0.0302804447710514,0,0.0358200706541538,0.0554028563201427,0.0455221906304359,0.0580354891717434,0.0828293636441231,0.113751545548439,0.087710440158844,0.0860346928238869,0.142259433865547,0.170742064714432,0.204669922590256,0.226840138435364,0.240639060735703,0.23535718023777,0.230913028120995,0.173256278038025,0.188357472419739,0.133214637637138,0.0561741515994072,0.185487240552902,0.246361836791039,0.321107029914856,0.188110798597336,0,0,0.13096259534359,0.228809103369713,0.176045641303062,0.218251809477806,0.331309139728546,0.200198143720627,0.10997174680233,0,0.224258258938789,0.060981497168541,0.270850151777267,0.0586501099169254,0,0.0172883216291666,0.182888120412827,0.19290466606617,0.177711188793182,0.299622595310211,0.26739364862442,0.279370486736298,0.312541931867599,0.342139363288879,0.29929906129837,0.24636335670948,0.265522241592407,0.282866448163986,0.214470103383064,0.287178695201874,0.332026034593582,0.243139311671257,0,0.0532226860523224,0.0569209195673466,0,0,0.173240751028061,0.228360161185265,0.0452735349535942,0.231669843196869,0.327186912298203,0.347317427396774,0.396136999130249,0.433129668235779,0.424040049314499,0.404130071401596,0.200159147381783,0,0,0.162921562790871,0.252313315868378,0.317195028066635,0.227714568376541,0,0,0,0,0,0,0,0,0,0,0,0,0.132554993033409,0.143602758646011,0.133307427167892,0.0448508076369762,0.179347470402718,0.25948092341423,0.242629513144493,0.15767502784729,0.162782981991768,0.186399221420288,0.260953694581985,0.222541451454163,0.114003449678421,0,0,0,0,0,0,0,0,0.123083852231503,0.184908628463745,0.107175841927528,0,0,0,0,0,0.171284317970276,0,0,0,0,0,0,0,0,0,0,0,0,0,0,0,0,0,0,0,0,0,0,0,0,0,0,0,0,0,0,0,0,0,0,0,0,0,0,0,0,0,0,0,0,0,0,0,0,0,0,0,0,0,0,237
Mühldorf a.Inn,0,0,0,0,0,0,0,0,0,0,0,0,0,0,0,0,0,0,0,0,0,0,0,0,0,0,0,0,0,0,0,0,0,0,0,0,0,0,0,0,0,0,0,0,0,0,0,0,0,0,0,0,0,0,0,0,0,0,0,0,0,0,0,0,0,0,0,0,0,0,0,0,0,0,0,0,0,0,0,0,0,0,0,0,0,0,0,0,0,0,0,0,0,0,0,0,0,0,0,0,0,0,0,0,0,0,0,0,0,0,0,0,0,0,0,0,0,0,0,0,0,0,0,0,0,0,0,0,0,0,0,0,0,0,0,0,0,0,0,0,0,0,0,0,0,0,0,0,0,0,0,0,0,0,0,0,0,0,0,0,0,0,0,0.0109766805544496,0.0187212526798248,0.0105179315432906,0,0,0,0,0,0,0,0,0,0,0,0,0,0,0,0,0,0,0,0,0,0.0549623146653175,0.0786791816353798,0.0923090502619743,0.0879412442445755,0.0415794514119625,0.0987890884280205,0.116160988807678,0.110717922449112,0.117107935249805,0.145893454551697,0.190333232283592,0.145150735974312,0.133234202861786,0.20513017475605,0.260918855667114,0.296093910932541,0.319334596395493,0.343283176422119,0.34248486161232,0.34197261929512,0.287433385848999,0.304100573062897,0.264650613069534,0.220297068357468,0.293437957763672,0.361996501684189,0.434360474348068,0.300220131874084,0,0,0.200253173708916,0.308261096477509,0.329783171415329,0.340904504060745,0.464386582374573,0.346898287534714,0.321670353412628,0.19762359559536,0.336375862360001,0.228980377316475,0.356674283742905,0.293857097625732,0.106219902634621,0.256039410829544,0.350330829620361,0.386130005121231,0.387260377407074,0.414281845092773,0.350705027580261,0.372677206993103,0.399573028087616,0.460123240947723,0.435704618692398,0.387630343437195,0.41808557510376,0.432530373334885,0.344810098409653,0.415206581354141,0.478309124708176,0.424489259719849,0.152320012450218,0.248121857643127,0.280914425849915,0,0.18735659122467,0.335316956043243,0.367554813623428,0.280168443918228,0.37432724237442,0.46826633810997,0.493937730789185,0.539560616016388,0.586180031299591,0.59658682346344,0.546832144260406,0.366669297218323,0,0,0.331933587789536,0.400853633880615,0.435578018426895,0.378427416086197,0.173429742455482,0,0,0,0,0,0,0,0,0,0,0.146515354514122,0.191148191690445,0.219376534223557,0.20595246553421,0.196054309606552,0.273950070142746,0.365971773862839,0.398433864116669,0.315034002065659,0.298492401838303,0.299778878688812,0.332872927188873,0.323764234781265,0.263781398534775,0,0,0,0,0,0,0,0,0.0714746117591858,0.265230596065521,0.204714238643646,0,0,0,0,0,0.147205770015717,0,0,0,0,0,0,0,0,0,0,0,0,0,0,0,0,0,0,0,0,0,0,0,0,0,0,0,0,0,0,0,0,0,0,0,0,0,0,0,0,0,0,0,0,0,0,0,0,0,0,0,0,0,0,238
München,0,0,0,0,0,0,0,0,0,0,0,0,0,0,0,0,0,0,0,0,0,0,0,0,0,0,0,0,0,0,0,0,0,0,0,0,0,0,0,0,0,0,0,0,0,0,0,0,0,0,0,0,0,0,0,0,0,0,0,0,0,0,0,0,0,0,0,0,0,0,0,0,0,0,0,0,0,0,0,0,0,0,0,0,0,0,0,0,0,0,0,0,0,0,0,0,0,0,0,0,0,0,0,0,0,0,0,0,0,0,0,0,0,0,0,0,0,0,0,0,0,0,0,0,0,0,0,0,0,0,0,0,0,0,0,0,0,0,0,0,0,0,0,0,0,0,0,0,0,0,0,0,0,0,0,0,0,0,0,0,0,0,0,0.0147524857893586,0.0215617567300797,0,0,0,0,0,0,0,0,0,0,0,0,0,0,0,0,0,0,0,0,0,0,0.0552685707807541,0.0912740752100945,0.0921399295330048,0.0853939279913902,0.0114597044885159,0.106515623629093,0.128317177295685,0.117866456508636,0.142761543393135,0.179181322455406,0.227464959025383,0.181526899337769,0.168245375156403,0.254362612962723,0.318670481443405,0.368135124444962,0.402866631746292,0.438233882188797,0.428094416856766,0.421379804611206,0.33879292011261,0.363499492406845,0.293486833572388,0.252877205610275,0.357115626335144,0.451505571603775,0.56625896692276,0.364692956209183,0,0,0.292935192584991,0.425954639911652,0.380795747041702,0.406606197357178,0.570396661758423,0.405851691961288,0.329332202672958,0.0621434561908245,0.412098199129105,0.273506850004196,0.472462087869644,0.278133660554886,0.0630507469177246,0.180901378393173,0.42762616276741,0.451899379491806,0.470982640981674,0.540566504001617,0.476757377386093,0.486520320177078,0.540362775325775,0.606541275978088,0.537668645381927,0.469399601221085,0.522440075874329,0.553830981254578,0.443544834852219,0.541032552719116,0.614582061767578,0.531298339366913,0,0.300154626369476,0.327264934778214,0,0.194047331809998,0.416424840688705,0.431709736585617,0.277607917785645,0.463809043169022,0.59473717212677,0.648527026176453,0.701873600482941,0.788411200046539,0.776398360729218,0.724282264709473,0.451486438512802,0,0,0.425594657659531,0.516465663909912,0.591742932796478,0.475692987442017,0.186085194349289,0,0,0,0,0,0,0,0,0,0,0.0180347617715597,0.24866358935833,0.277008801698685,0.2464649528265,0.243680074810982,0.332191556692123,0.489985138177872,0.491717249155045,0.374103128910065,0.36319363117218,0.378178119659424,0.470977216959,0.417318880558014,0.303461045026779,0,0,0,0,0,0,0,0,0.246870249509811,0.379927963018417,0.270876795053482,0,0,0,0,0,0.301776438951492,0,0,0,0,0,0,0,0,0,0,0,0,0,0,0,0,0,0,0,0,0,0,0,0,0,0,0,0,0,0,0,0,0,0,0,0,0,0,0,0,0,0,0,0,0,0,0,0,0,0,0,0,0,0,239
Neuburg-Schrobenhausen,0,0,0,0,0,0,0,0,0,0,0,0,0,0,0,0,0,0,0,0,0,0,0,0,0,0,0,0,0,0,0,0,0,0,0,0,0,0,0,0,0,0,0,0,0,0,0,0,0,0,0,0,0,0,0,0,0,0,0,0,0,0,0,0,0,0,0,0,0,0,0,0,0,0,0,0,0,0,0,0,0,0,0,0,0,0,0,0,0,0,0,0,0,0,0,0,0,0,0,0,0,0,0,0,0,0,0,0,0,0,0,0,0,0,0,0,0,0,0,0,0,0,0,0,0,0,0,0,0,0,0,0,0,0,0,0,0,0,0,0,0,0,0,0,0,0,0,0,0,0,0,0,0,0,0,0,0,0,0,0,0,0,0,0.00655491650104523,0.00941463373601437,0,0,0,0,0,0,0,0,0,0,0,0,0,0,0,0,0,0,0,0,0,0,0.0458068810403347,0.0706305727362633,0.0751575008034706,0.0726246535778046,0.0547833442687988,0.0966121852397919,0.102237544953823,0.100426129996777,0.113385021686554,0.149396330118179,0.179863721132278,0.134211033582687,0.14035601913929,0.205923452973366,0.25760155916214,0.292612195014954,0.319139271974564,0.349347144365311,0.323055773973465,0.306484669446945,0.291324079036713,0.308912754058838,0.259000360965729,0.183899730443954,0.283300787210464,0.367981165647507,0.439589291810989,0.28322097659111,0.105317614972591,0,0.193162560462952,0.310664534568787,0.320036202669144,0.289137333631516,0.416264533996582,0.286985993385315,0.291108012199402,0.201999917626381,0.286294639110565,0.24673093855381,0.365143835544586,0.282860606908798,0.215494051575661,0.167817533016205,0.369776695966721,0.39296966791153,0.442436516284943,0.432791918516159,0.348434388637543,0.355313092470169,0.408522397279739,0.468076020479202,0.41201388835907,0.353760689496994,0.378490209579468,0.443898320198059,0.366707772016525,0.419966042041779,0.445494562387466,0.441971659660339,0.102347411215305,0.162557065486908,0.223377585411072,0.195760950446129,0.282150208950043,0.325526803731918,0.250247716903687,0.240386307239532,0.305619448423386,0.406921774148941,0.498761534690857,0.542074978351593,0.58606618642807,0.596845805644989,0.53059059381485,0.400122910737991,0,0,0.33326056599617,0.396334707736969,0.450115859508514,0.350431561470032,0.167280659079552,0,0,0,0,0,0,0,0,0,0,0.202899441123009,0.222407042980194,0.240403562784195,0.248272135853767,0.230085656046867,0.298887342214584,0.359960794448853,0.390340924263,0.307242810726166,0.300547301769257,0.273750066757202,0.365159034729004,0.327221930027008,0.230274632573128,0,0,0,0,0,0,0,0,0.0133086880668998,0.304948091506958,0.218358084559441,0,0,0,0,0,0.155823975801468,0,0,0,0,0,0,0,0,0,0,0,0,0,0,0,0,0,0,0,0,0,0,0,0,0,0,0,0,0,0,0,0,0,0,0,0,0,0,0,0,0,0,0,0,0,0,0,0,0,0,0,0,0,0,240
Pfaffenhofen a.d.Ilm,0,0,0,0,0,0,0,0,0,0,0,0,0,0,0,0,0,0,0,0,0,0,0,0,0,0,0,0,0,0,0,0,0,0,0,0,0,0,0,0,0,0,0,0,0,0,0,0,0,0,0,0,0,0,0,0,0,0,0,0,0,0,0,0,0,0,0,0,0,0,0,0,0,0,0,0,0,0,0,0,0,0,0,0,0,0,0,0,0,0,0,0,0,0,0,0,0,0,0,0,0,0,0,0,0,0,0,0,0,0,0,0,0,0,0,0,0,0,0,0,0,0,0,0,0,0,0,0,0,0,0,0,0,0,0,0,0,0,0,0,0,0,0,0,0,0,0,0,0,0,0,0,0,0,0,0,0,0,0,0,0,0,0,0.00884363334625959,0.0134630780667067,0,0,0,0,0,0,0,0,0,0,0,0,0,0,0,0,0,0,0,0,0,0,0.0524530149996281,0.0790765807032585,0.0840276777744293,0.0833215191960335,0.0548065863549709,0.104998223483562,0.115799315273762,0.102606773376465,0.119939588010311,0.157387211918831,0.194582507014275,0.145959138870239,0.144192278385162,0.216272279620171,0.274184972047806,0.307098746299744,0.338868319988251,0.365664482116699,0.35120302438736,0.332789927721024,0.309286236763,0.319076031446457,0.268393993377686,0.199169218540192,0.29892560839653,0.389496922492981,0.460300117731094,0.303142845630646,0.107249945402145,0,0.207589387893677,0.328684329986572,0.34024116396904,0.32039612531662,0.450265735387802,0.318680703639984,0.311056733131409,0.213848426938057,0.309594005346298,0.251166045665741,0.382871598005295,0.302706569433212,0.224030375480652,0.21882252395153,0.384757578372955,0.422970831394196,0.468409776687622,0.453008204698563,0.363528609275818,0.37682369351387,0.430479884147644,0.49801442027092,0.447050154209137,0.365680903196335,0.420668601989746,0.467707753181458,0.385714113712311,0.444223433732986,0.484034657478333,0.479375511407852,0.00936235021799803,0.229535147547722,0.2719946205616,0.146700143814087,0.282441526651382,0.347711056470871,0.30546498298645,0.271458506584167,0.347295582294464,0.456805348396301,0.533845782279968,0.575457155704498,0.630360662937164,0.633167803287506,0.569786250591278,0.414196610450745,0,0,0.355648219585419,0.418259173631668,0.476892739534378,0.382936000823975,0.186258658766747,0,0,0,0,0,0,0,0,0,0.0155157363042235,0.231635302305222,0.228033378720284,0.262546271085739,0.260630279779434,0.234458446502686,0.325318604707718,0.386024057865143,0.419490158557892,0.330602675676346,0.322033941745758,0.307833164930344,0.382733643054962,0.346962958574295,0.271066337823868,0,0,0,0,0,0,0,0,0.042105071246624,0.324054807424545,0.234278589487076,0,0,0,0,0,0.18451364338398,0,0,0,0,0,0,0,0,0,0,0,0,0,0,0,0,0,0,0,0,0,0,0,0,0,0,0,0,0,0,0,0,0,0,0,0,0,0,0,0,0,0,0,0,0,0,0,0,0,0,0,0,0,0,241
Rosenheim,0,0,0,0,0,0,0,0,0,0,0,0,0,0,0,0,0,0,0,0,0,0,0,0,0,0,0,0,0,0,0,0,0,0,0,0,0,0,0,0,0,0,0,0,0,0,0,0,0,0,0,0,0,0,0,0,0,0,0,0,0,0,0,0,0,0,0,0,0,0,0,0,0,0,0,0,0,0,0,0,0,0,0,0,0,0,0,0,0,0,0,0,0,0,0,0,0,0,0,0,0,0,0,0,0,0,0,0,0,0,0,0,0,0,0,0,0,0,0,0,0,0,0,0,0,0,0,0,0,0,0,0,0,0,0,0,0,0,0,0,0,0,0,0,0,0,0,0,0,0,0,0,0,0,0,0,0,0,0,0,0,0,0,0.00877828057855368,0.0138488635420799,0.00504389964044094,0,0,0,0,0,0,0,0,0,0,0,0,0,0,0,0,0,0,0,0,0,0.0412959270179272,0.0587349608540535,0.0653349384665489,0.0603304319083691,0.0178593546152115,0.0650773122906685,0.0799279510974884,0.0792062059044838,0.0863834470510483,0.105812385678291,0.139664068818092,0.11406559497118,0.105772033333778,0.157608672976494,0.197760686278343,0.229062661528587,0.248279109597206,0.267115741968155,0.261105835437775,0.264216631650925,0.21675580739975,0.232081308960915,0.192531630396843,0.160139262676239,0.224024027585983,0.269848585128784,0.341696321964264,0.239220291376114,0,0,0.172123238444328,0.256601363420486,0.239072293043137,0.26179301738739,0.36512878537178,0.258293300867081,0.220499306917191,0.0997378677129745,0.26222813129425,0.173768162727356,0.288048684597015,0.191590756177902,0,0.148415431380272,0.244611799716949,0.263989806175232,0.256038039922714,0.326114773750305,0.288075715303421,0.299594849348068,0.324414253234863,0.362351149320602,0.337527722120285,0.294376403093338,0.314434230327606,0.329308897256851,0.264630287885666,0.319967985153198,0.368568807840347,0.30464905500412,0.00260875164531171,0.154064312577248,0.163923040032387,0,0.0910742357373238,0.251306921243668,0.286205530166626,0.168228387832642,0.283614665269852,0.364265382289886,0.378757655620575,0.422420680522919,0.458996444940567,0.462240427732468,0.427969306707382,0.272214740514755,0,0,0.228408858180046,0.297062337398529,0.342362612485886,0.283560574054718,0.0988996997475624,0,0,0,0,0,0,0,0,0,0,0.00651825312525034,0.107852622866631,0.149193599820137,0.144683703780174,0.0789615288376808,0.203792914748192,0.280595630407333,0.297367364168167,0.219859138131142,0.211617141962051,0.219340562820435,0.268205851316452,0.251873522996902,0.181439653038979,0,0,0,0,0,0,0,0,0.0861094892024994,0.206586956977844,0.153497293591499,0,0,0,0,0,0.160826787352562,0,0,0,0,0,0,0,0,0,0,0,0,0,0,0,0,0,0,0,0,0,0,0,0,0,0,0,0,0,0,0,0,0,0,0,0,0,0,0,0,0,0,0,0,0,0,0,0,0,0,0,0,0,0,242
Starnberg,0,0,0,0,0,0,0,0,0,0,0,0,0,0,0,0,0,0,0,0,0,0,0,0,0,0,0,0,0,0,0,0,0,0,0,0,0,0,0,0,0,0,0,0,0,0,0,0,0,0,0,0,0,0,0,0,0,0,0,0,0,0,0,0,0,0,0,0,0,0,0,0,0,0,0,0,0,0,0,0,0,0,0,0,0,0,0,0,0,0,0,0,0,0,0,0,0,0,0,0,0,0,0,0,0,0,0,0,0,0,0,0,0,0,0,0,0,0,0,0,0,0,0,0,0,0,0,0,0,0,0,0,0,0,0,0,0,0,0,0,0,0,0,0,0,0,0,0,0,0,0,0,0,0,0,0,0,0,0,0,0,0,0,0.00853432808071375,0.0116982562467456,0,0,0,0,0,0,0,0,0,0,0,0,0,0,0,0,0,0,0,0,0,0,0.0345899313688278,0.0605964250862598,0.0571086332201958,0.0442197807133198,0,0.0649475827813148,0.0805126056075096,0.0718181505799294,0.100342877209187,0.128208920359612,0.166678011417389,0.135295987129211,0.125304117798805,0.188936769962311,0.234062075614929,0.276870518922806,0.302851587533951,0.336700201034546,0.323124170303345,0.312688171863556,0.24187844991684,0.270149350166321,0.214058682322502,0.178018420934677,0.271805942058563,0.351467311382294,0.449793964624405,0.274489045143127,0,0,0.229781538248062,0.324455201625824,0.276410818099976,0.310843944549561,0.440845847129822,0.306376278400421,0.246619135141373,0,0.323327720165253,0.215455248951912,0.384118676185608,0.17455580830574,0,0.000618682941421866,0.325688302516937,0.332903444766998,0.347489595413208,0.422186195850372,0.383186757564545,0.392903983592987,0.438138037919998,0.484104096889496,0.406648755073547,0.35576394200325,0.3907390832901,0.436125129461288,0.357087463140488,0.433731257915497,0.486788630485535,0.403246849775314,0,0.212973088026047,0.221709161996841,0,0.0930665135383606,0.329878747463226,0.324963986873627,0.157621994614601,0.356832027435303,0.464467763900757,0.508942425251007,0.561206579208374,0.629847288131714,0.623973488807678,0.582234919071198,0.342464715242386,0,0,0.320763856172562,0.404740929603577,0.468935966491699,0.361315011978149,0.0538811571896076,0,0,0,0,0,0,0,0,0,0,0,0.18447844684124,0.216681182384491,0.144926443696022,0.0542274825274944,0.255513548851013,0.384269952774048,0.381433933973312,0.288861751556396,0.276532709598541,0.292374938726425,0.381330937147141,0.336945444345474,0.228478386998177,0,0,0,0,0,0,0,0,0.18234683573246,0.295783996582031,0.199969261884689,0,0,0,0,0,0.249931767582893,0,0,0,0,0,0,0,0,0,0,0,0,0,0,0,0,0,0,0,0,0,0,0,0,0,0,0,0,0,0,0,0,0,0,0,0,0,0,0,0,0,0,0,0,0,0,0,0,0,0,0,0,0,0,243
Traunstein,0,0,0,0,0,0,0,0,0,0,0,0,0,0,0,0,0,0,0,0,0,0,0,0,0,0,0,0,0,0,0,0,0,0,0,0,0,0,0,0,0,0,0,0,0,0,0,0,0,0,0,0,0,0,0,0,0,0,0,0,0,0,0,0,0,0,0,0,0,0,0,0,0,0,0,0,0,0,0,0,0,0,0,0,0,0,0,0,0,0,0,0,0,0,0,0,0,0,0,0,0,0,0,0,0,0,0,0,0,0,0,0,0,0,0,0,0,0,0,0,0,0,0,0,0,0,0,0,0,0,0,0,0,0,0,0,0,0,0,0,0,0,0,0,0,0,0,0,0,0,0,0,0,0,0,0,0,0,0,0,0,0,0,0.0083864713087678,0.0134085901081562,0.00840140972286463,0,0,0,0,0,0,0,0,0,0,0,0,0,0,0,0,0,0,0,0,0,0.037387490272522,0.0539340674877167,0.0628568232059479,0.0576008968055248,0.00686008250340819,0.0586672089993954,0.0738460719585419,0.0754000842571259,0.0777094662189484,0.0956049412488937,0.127470150589943,0.10199723392725,0.0913700461387634,0.140697330236435,0.179929956793785,0.206999480724335,0.221239730715752,0.239257305860519,0.235848113894463,0.241171926259995,0.207112744450569,0.208816856145859,0.190271973609924,0.154760137200356,0.21060436964035,0.251520961523056,0.307045310735703,0.224025040864944,0,0,0.141658574342728,0.224467754364014,0.223375678062439,0.245153456926346,0.343895375728607,0.236547008156776,0.219134673476219,0.137495756149292,0.244159489870071,0.145267382264137,0.26129338145256,0.20031875371933,0,0.166844323277473,0.227985873818398,0.257032334804535,0.238672524690628,0.291742950677872,0.252902150154114,0.26879820227623,0.284691274166107,0.323048889636993,0.313503682613373,0.270622193813324,0.291527420282364,0.306545853614807,0.258030891418457,0.295297652482986,0.337142735719681,0.282113432884216,0.028565663844347,0.149236589670181,0.173799932003021,0,0.0492538288235664,0.230103150010109,0.266988605260849,0.173267677426338,0.264839798212051,0.340067714452744,0.346484065055847,0.383200943470001,0.415213912725449,0.423950463533401,0.394914954900742,0.265484154224396,0,0,0.207752674818039,0.26527151465416,0.310816645622253,0.266839057207108,0.123884178698063,0,0,0,0,0,0,0,0,0,0,0.0129873724654317,0.116380155086517,0.130218729376793,0.128734216094017,0.0887989848852158,0.198408395051956,0.269666612148285,0.280035078525543,0.21216781437397,0.208685860037804,0.205838248133659,0.242500558495522,0.240123599767685,0.179616466164589,0,0,0,0,0,0,0,0,0.1110749989748,0.191431522369385,0.131596148014069,0,0,0,0,0,0.145415455102921,0,0,0,0,0,0,0,0,0,0,0,0,0,0,0,0,0,0,0,0,0,0,0,0,0,0,0,0,0,0,0,0,0,0,0,0,0,0,0,0,0,0,0,0,0,0,0,0,0,0,0,0,0,0,244
Weilheim-Schongau,0,0,0,0,0,0,0,0,0,0,0,0,0,0,0,0,0,0,0,0,0,0,0,0,0,0,0,0,0,0,0,0,0,0,0,0,0,0,0,0,0,0,0,0,0,0,0,0,0,0,0,0,0,0,0,0,0,0,0,0,0,0,0,0,0,0,0,0,0,0,0,0,0,0,0,0,0,0,0,0,0,0,0,0,0,0,0,0,0,0,0,0,0,0,0,0,0,0,0,0,0,0,0,0,0,0,0,0,0,0,0,0,0,0,0,0,0,0,0,0,0,0,0,0,0,0,0,0,0,0,0,0,0,0,0,0,0,0,0,0,0,0,0,0,0,0,0,0,0,0,0,0,0,0,0,0,0,0,0,0,0,0,0,0.00401884550228715,0.00522151030600071,0,0,0,0,0,0,0,0,0,0,0,0,0,0,0,0,0,0,0,0,0,0,0.0208606030791998,0.0342268384993076,0.0309963803738356,0.00976114254444838,0,0.0227031819522381,0.0414070673286915,0.0253040790557861,0.0568167679011822,0.0760988667607307,0.10882680863142,0.0866336897015572,0.0854225307703018,0.131428807973862,0.160752326250076,0.195544943213463,0.212763428688049,0.236384347081184,0.225511580705643,0.213261127471924,0.157139703631401,0.172961205244064,0.119795002043247,0.074327640235424,0.177997589111328,0.247466504573822,0.322960555553436,0.180503711104393,0,0,0.136999487876892,0.206289783120155,0.166814580559731,0.200381949543953,0.311704993247986,0.188266634941101,0.102253936231136,0,0.216533154249191,0.0886343643069267,0.276853531599045,0.0299896318465471,0,0,0.172834843397141,0.196254312992096,0.185391530394554,0.284993052482605,0.260923802852631,0.274144947528839,0.305689603090286,0.334587931632996,0.276065915822983,0.22686243057251,0.24478380382061,0.277225822210312,0.220369890332222,0.28141576051712,0.3238445520401,0.235854908823967,0,0.0487264469265938,0.040185060352087,0,0,0.159146621823311,0.196880146861076,0.00318502937443554,0.212527573108673,0.306092470884323,0.336109340190887,0.387437015771866,0.426360726356506,0.419544577598572,0.395892232656479,0.196816027164459,0,0,0.158869370818138,0.25368344783783,0.304697722196579,0.202023699879646,0,0,0,0,0,0,0,0,0,0,0,0,0.109526306390762,0.135239571332932,0.0731741562485695,0,0.167263001203537,0.237055152654648,0.230790182948112,0.162560895085335,0.14030633866787,0.172513872385025,0.245831176638603,0.213561743497849,0.0913084521889687,0,0,0,0,0,0,0,0,0.104285515844822,0.169630363583565,0.0711771547794342,0,0,0,0,0,0.168547451496124,0,0,0,0,0,0,0,0,0,0,0,0,0,0,0,0,0,0,0,0,0,0,0,0,0,0,0,0,0,0,0,0,0,0,0,0,0,0,0,0,0,0,0,0,0,0,0,0,0,0,0,0,0,0,245
Landshut,0,0,0,0,0,0,0,0,0,0,0,0,0,0,0,0,0,0,0,0,0,0,0,0,0,0,0,0,0,0,0,0,0,0,0,0,0,0,0,0,0,0,0,0,0,0,0,0,0,0,0,0,0,0,0,0,0,0,0,0,0,0,0,0,0,0,0,0,0,0,0,0,0,0,0,0,0,0,0,0,0,0,0,0,0,0,0,0,0,0,0,0,0,0,0,0,0,0,0,0,0,0,0,0,0,0,0,0,0,0,0,0,0,0,0,0,0,0,0,0,0,0,0,0,0,0,0,0,0,0,0,0,0,0,0,0,0,0,0,0,0,0,0,0,0,0,0,0,0,0,0,0,0,0,0,0,0,0,0,0,0,0,0,0.0115484818816185,0.0191222131252289,0.00989389885216951,0,0,0,0,0,0,0,0,0,0,0,0,0,0,0,0,0,0,0,0,0,0.0578910559415817,0.0816444903612137,0.0924950540065765,0.0866448059678078,0.0499941036105156,0.103097155690193,0.125544339418411,0.106560774147511,0.118610799312592,0.156601294875145,0.196528151631355,0.14292785525322,0.136875048279762,0.225866571068764,0.27582111954689,0.306482464075089,0.336406648159027,0.361462503671646,0.352835088968277,0.344475418329239,0.299626290798187,0.305150479078293,0.271316885948181,0.206413581967354,0.293594807386398,0.379132807254791,0.449927896261215,0.296358853578568,0.00723431911319494,0,0.177888318896294,0.319602429866791,0.341939061880112,0.335730344057083,0.464811772108078,0.336113393306732,0.321298778057098,0.221260920166969,0.334461122751236,0.232890650629997,0.372584849596024,0.317836880683899,0.216472014784813,0.264291614294052,0.369282752275467,0.40865021944046,0.440126031637192,0.429168254137039,0.351812452077866,0.382924139499664,0.425976991653442,0.483098864555359,0.445790231227875,0.378376126289368,0.433391898870468,0.451315671205521,0.351788491010666,0.444197058677673,0.493764370679855,0.461992859840393,0.0519808568060398,0.250397801399231,0.2943494617939,0.0660408586263657,0.230803668498993,0.354770869016647,0.358201503753662,0.275882929563522,0.373098313808441,0.48206689953804,0.52587902545929,0.572287082672119,0.615302979946136,0.62994259595871,0.565347909927368,0.383695304393768,0,0,0.356681495904922,0.416007995605469,0.47016254067421,0.388464063405991,0.163557097315788,0,0,0,0,0,0,0,0,0,0.0959539785981178,0.25008499622345,0.283359944820404,0.317897379398346,0.297508358955383,0.265080899000168,0.309791654348373,0.395319789648056,0.420247077941895,0.343764543533325,0.32939749956131,0.329142928123474,0.370556354522705,0.336461693048477,0.27871185541153,0,0,0,0,0,0,0,0,0.150826498866081,0.300235837697983,0.22840091586113,0,0,0,0,0,0.166890785098076,0,0,0,0,0,0,0,0,0,0,0,0,0,0,0,0,0,0,0,0,0,0,0,0,0,0,0,0,0,0,0,0,0,0,0,0,0,0,0,0,0,0,0,0,0,0,0,0,0,0,0,0,0,0,246
Passau,0,0,0,0,0,0,0,0,0,0,0,0,0,0,0,0,0,0,0,0,0,0,0,0,0,0,0,0,0,0,0,0,0,0,0,0,0,0,0,0,0,0,0,0,0,0,0,0,0,0,0,0,0,0,0,0,0,0,0,0,0,0,0,0,0,0,0,0,0,0,0,0,0,0,0,0,0,0,0,0,0,0,0,0,0,0,0,0,0,0,0,0,0,0,0,0,0,0,0,0,0,0,0,0,0,0,0,0,0,0,0,0,0,0,0,0,0,0,0,0,0,0,0,0,0,0,0,0,0,0,0,0,0,0,0,0,0,0,0,0,0,0,0,0,0,0,0,0,0,0,0,0,0,0,0,0,0,0,0,0,0,0,0,0.00522204767912626,0.00866544153541327,0.00836842879652977,0,0,0,0,0,0,0,0,0,0,0,0,0,0,0,0,0,0,0,0,0,0.0240012463182211,0.0295986067503691,0.037019245326519,0.0350251011550426,0.0225174650549889,0.0392221659421921,0.0458895564079285,0.0423400960862637,0.049823947250843,0.0448001846671104,0.0654476955533028,0.0533103384077549,0.0474056825041771,0.0844878703355789,0.107011310756207,0.121398769319057,0.128816962242126,0.138190194964409,0.143981501460075,0.141034692525864,0.119836874306202,0.122355632483959,0.118388719856739,0.0906087830662727,0.11379137635231,0.151283502578735,0.182765021920204,0.14350637793541,0,0,0,0.106888934969902,0.141544967889786,0.134450405836105,0.196068897843361,0.159930288791656,0.16772124171257,0.0829136148095131,0.147799238562584,0.0818980559706688,0.147265046834946,0.161863252520561,0.093172661960125,0.120700493454933,0.134635299444199,0.1787339001894,0.177867010235786,0.166504800319672,0.140596315264702,0.152161240577698,0.164228275418282,0.182068973779678,0.191758170723915,0.170267149806023,0.189720898866653,0.182496845722198,0.158782213926315,0.174123600125313,0.199173644185066,0.176583230495453,0.099699579179287,0.105872966349125,0.120830327272415,0.0710839703679085,0.0687043815851212,0.130489155650139,0.163578256964684,0.114247068762779,0.1521155834198,0.192554503679276,0.197627887129784,0.222139701247215,0.233616068959236,0.241781026124954,0.227168589830399,0.155549481511116,0,0,0.125819474458694,0.150335893034935,0.169480353593826,0.141945466399193,0.0822760462760925,0,0,0,0,0,0,0,0,0,0.0612959042191505,0.11448710411787,0.119409471750259,0.122498460114002,0.115696638822556,0.103999644517899,0.127634629607201,0.141250714659691,0.151741951704025,0.135302364826202,0.144034713506699,0.120567813515663,0.131137385964394,0.137844204902649,0.126321882009506,0,0,0,0,0,0,0,0,0,0.0912090316414833,0.0778268575668335,0,0,0,0,0,0,0,0,0,0,0,0,0,0,0,0,0,0,0,0,0,0,0,0,0,0,0,0,0,0,0,0,0,0,0,0,0,0,0,0,0,0,0,0,0,0,0,0,0,0,0,0,0,0,0,0,0,0,0,0,247
Straubing,0,0,0,0,0,0,0,0,0,0,0,0,0,0,0,0,0,0,0,0,0,0,0,0,0,0,0,0,0,0,0,0,0,0,0,0,0,0,0,0,0,0,0,0,0,0,0,0,0,0,0,0,0,0,0,0,0,0,0,0,0,0,0,0,0,0,0,0,0,0,0,0,0,0,0,0,0,0,0,0,0,0,0,0,0,0,0,0,0,0,0,0,0,0,0,0,0,0,0,0,0,0,0,0,0,0,0,0,0,0,0,0,0,0,0,0,0,0,0,0,0,0,0,0,0,0,0,0,0,0,0,0,0,0,0,0,0,0,0,0,0,0,0,0,0,0,0,0,0,0,0,0,0,0,0,0,0,0,0,0,0,0,0,0.0142056848853827,0.0242536030709743,0.0207022372633219,0,0,0,0,0,0,0,0,0,0,0,0,0,0,0,0,0,0,0,0,0,0.0867578759789467,0.112293735146523,0.131887391209602,0.119894288480282,0.0942506268620491,0.145761519670486,0.171798184514046,0.153585374355316,0.154764905571938,0.191757798194885,0.250423163175583,0.182486072182655,0.154758304357529,0.276939511299133,0.338227868080139,0.387687146663666,0.425568252801895,0.457612246274948,0.461840331554413,0.45817756652832,0.399581104516983,0.398129254579544,0.393744587898254,0.284970819950104,0.361302644014359,0.47481968998909,0.572786211967468,0.413094252347946,0.192856281995773,0,0.0040279533714056,0.37184152007103,0.478067994117737,0.422685712575912,0.606723070144653,0.477295070886612,0.494083851575851,0.314996242523193,0.431189894676208,0.312363296747208,0.46701318025589,0.486639946699142,0.351601302623749,0.366116970777512,0.475714445114136,0.549762368202209,0.60651421546936,0.5705885887146,0.47205251455307,0.468966722488403,0.54125040769577,0.600620210170746,0.596628963947296,0.540840029716492,0.599253475666046,0.609844386577606,0.506488800048828,0.584787368774414,0.651540815830231,0.631516098976135,0.309061855077744,0.36371123790741,0.423408269882202,0.321371495723724,0.354994148015976,0.471021801233292,0.486655741930008,0.430168330669403,0.481379359960556,0.630152702331543,0.686681866645813,0.733977437019348,0.781027913093567,0.84247362613678,0.766954123973846,0.572636842727661,0,0.00487415445968509,0.498636662960052,0.505477666854858,0.567676901817322,0.51772129535675,0.312035858631134,0.201154500246048,0,0,0,0,0,0,0,0,0,0.324189752340317,0.378180116415024,0.418329805135727,0.389389097690582,0.366472780704498,0.417146295309067,0.524489164352417,0.558895945549011,0.536293029785156,0.480964690446854,0.401820212602615,0.456161290407181,0.490632236003876,0.444857597351074,0,0,0,0,0,0,0,0,0,0.357580691576004,0.332404732704163,0,0,0,0,0,0.00414726231247187,0,0,0,0,0,0,0,0,0,0,0,0,0,0,0,0,0,0,0,0,0,0,0,0,0,0,0,0,0,0,0,0,0,0,0,0,0,0,0,0,0,0,0,0,0,0,0,0,0,0,0,0,0,0,248
Deggendorf,0,0,0,0,0,0,0,0,0,0,0,0,0,0,0,0,0,0,0,0,0,0,0,0,0,0,0,0,0,0,0,0,0,0,0,0,0,0,0,0,0,0,0,0,0,0,0,0,0,0,0,0,0,0,0,0,0,0,0,0,0,0,0,0,0,0,0,0,0,0,0,0,0,0,0,0,0,0,0,0,0,0,0,0,0,0,0,0,0,0,0,0,0,0,0,0,0,0,0,0,0,0,0,0,0,0,0,0,0,0,0,0,0,0,0,0,0,0,0,0,0,0,0,0,0,0,0,0,0,0,0,0,0,0,0,0,0,0,0,0,0,0,0,0,0,0,0,0,0,0,0,0,0,0,0,0,0,0,0,0,0,0,0,0.0115190418437123,0.0194252673536539,0.0175363272428513,0,0,0,0,0,0,0,0,0,0,0,0,0,0,0,0,0,0,0,0,0,0.0580488666892052,0.0743394121527672,0.0885534808039665,0.0867935940623283,0.0592946410179138,0.0991141572594643,0.1158616989851,0.107512637972832,0.120785281062126,0.126228719949722,0.180022045969963,0.135546058416367,0.121782250702381,0.217888966202736,0.270990312099457,0.310839146375656,0.33601102232933,0.360732436180115,0.372606605291367,0.369373589754105,0.314017295837402,0.315888464450836,0.311663866043091,0.222401857376099,0.286626935005188,0.388255000114441,0.47315776348114,0.354905188083649,0.0138730714097619,0,0,0.275516271591187,0.372209936380386,0.336182057857513,0.51073944568634,0.402462989091873,0.426882266998291,0.210736528038979,0.368474036455154,0.208157941699028,0.379313558340073,0.403085678815842,0.237598568201065,0.287547200918198,0.353949040174484,0.448744207620621,0.464872092008591,0.443142533302307,0.366525262594223,0.386076271533966,0.42597958445549,0.480307519435883,0.483346998691559,0.442804008722305,0.487393826246262,0.477493107318878,0.401549428701401,0.450811505317688,0.514922678470612,0.469205766916275,0.224222883582115,0.270644098520279,0.317023545503616,0.166281655430794,0.167497754096985,0.325634956359863,0.407308161258698,0.289789855480194,0.381566256284714,0.497346669435501,0.513255596160889,0.573719501495361,0.610156774520874,0.641672909259796,0.603014588356018,0.419221580028534,0,0,0.325862377882004,0.37417808175087,0.437407702207565,0.371386021375656,0.183889925479889,0.0450181812047958,0,0,0,0,0,0,0,0,0.0195552278310061,0.245464816689491,0.285941869020462,0.302795350551605,0.275321006774902,0.255564391613007,0.311518520116806,0.369310587644577,0.398042231798172,0.358821034431458,0.363124132156372,0.289959341287613,0.336858749389648,0.359749764204025,0.325467795133591,0,0,0,0,0,0,0,0,0,0.22355617582798,0.196032017469406,0,0,0,0,0,0,0,0,0,0,0,0,0,0,0,0,0,0,0,0,0,0,0,0,0,0,0,0,0,0,0,0,0,0,0,0,0,0,0,0,0,0,0,0,0,0,0,0,0,0,0,0,0,0,0,0,0,0,0,0,249
Freyung-Grafenau,0,0,0,0,0,0,0,0,0,0,0,0,0,0,0,0,0,0,0,0,0,0,0,0,0,0,0,0,0,0,0,0,0,0,0,0,0,0,0,0,0,0,0,0,0,0,0,0,0,0,0,0,0,0,0,0,0,0,0,0,0,0,0,0,0,0,0,0,0,0,0,0,0,0,0,0,0,0,0,0,0,0,0,0,0,0,0,0,0,0,0,0,0,0,0,0,0,0,0,0,0,0,0,0,0,0,0,0,0,0,0,0,0,0,0,0,0,0,0,0,0,0,0,0,0,0,0,0,0,0,0,0,0,0,0,0,0,0,0,0,0,0,0,0,0,0,0,0,0,0,0,0,0,0,0,0,0,0,0,0,0,0,0,0.00444259447976947,0.00712324446067214,0.00647323066368699,0,0,0,0,0,0,0,0,0,0,0,0,0,0,0,0,0,0,0,0,0,0.0193006582558155,0.0231247898191214,0.030866339802742,0.0294463448226452,0.00034136456088163,0.0352198928594589,0.0455671325325966,0.0367763638496399,0.0455226376652718,0.0370979644358158,0.0721190646290779,0.0487894751131535,0.0449201986193657,0.100849874317646,0.128430008888245,0.149591878056526,0.159196496009827,0.167700901627541,0.180089026689529,0.175910145044327,0.14510977268219,0.144600823521614,0.14091269671917,0.0902589932084084,0.130293399095535,0.191075131297112,0.236847415566444,0.17768594622612,0,0,0,0.111697405576706,0.165196403861046,0.154121682047844,0.256924211978912,0.196063101291656,0.21358847618103,0.0012789499014616,0.182846769690514,0.00140043930150568,0.188258767127991,0.209316551685333,0.0808111056685448,0.126776531338692,0.149927750229836,0.219836592674255,0.215743109583855,0.202135547995567,0.158895164728165,0.179561614990234,0.2012699842453,0.228060677647591,0.246571481227875,0.216071560978889,0.238010108470917,0.22586777806282,0.188916549086571,0.200023368000984,0.245841309428215,0.204201728105545,0.0446373522281647,0.0783781036734581,0.117060638964176,0,0,0.0950928404927254,0.199544638395309,0.0899229720234871,0.15967270731926,0.227385550737381,0.229928538203239,0.271996438503265,0.282850116491318,0.292239248752594,0.284626364707947,0.172748729586601,0,0,0.0920116007328033,0.146346062421799,0.191403940320015,0.139976590871811,0,0,0,0,0,0,0,0,0,0,0,0.123436585068703,0.134608343243599,0.136344328522682,0.11715417355299,0.0987944304943085,0.149264380335808,0.159419879317284,0.167451038956642,0.129964038729668,0.151178166270256,0.129416167736053,0.153138622641563,0.156684294342995,0.13547308743,0,0,0,0,0,0,0,0,0,0.0962880849838257,0.00114583899267018,0,0,0,0,0,0,0,0,0,0,0,0,0,0,0,0,0,0,0,0,0,0,0,0,0,0,0,0,0,0,0,0,0,0,0,0,0,0,0,0,0,0,0,0,0,0,0,0,0,0,0,0,0,0,0,0,0,0,0,0,250
Kelheim,0,0,0,0,0,0,0,0,0,0,0,0,0,0,0,0,0,0,0,0,0,0,0,0,0,0,0,0,0,0,0,0,0,0,0,0,0,0,0,0,0,0,0,0,0,0,0,0,0,0,0,0,0,0,0,0,0,0,0,0,0,0,0,0,0,0,0,0,0,0,0,0,0,0,0,0,0,0,0,0,0,0,0,0,0,0,0,0,0,0,0,0,0,0,0,0,0,0,0,0,0,0,0,0,0,0,0,0,0,0,0,0,0,0,0,0,0,0,0,0,0,0,0,0,0,0,0,0,0,0,0,0,0,0,0,0,0,0,0,0,0,0,0,0,0,0,0,0,0,0,0,0,0,0,0,0,0,0,0,0,0,0,0,0.0099515737965703,0.0154395457357168,0.00490735983476043,0,0,0,0,0,0,0,0,0,0,0,0,0,0,0,0,0,0,0,0,0,0.0590295344591141,0.0844236016273499,0.0911276340484619,0.0856094285845757,0.0645565986633301,0.105859935283661,0.12405676394701,0.106727339327335,0.113461442291737,0.155254498124123,0.194021657109261,0.138957247138023,0.138009324669838,0.222500145435333,0.273939043283463,0.307517230510712,0.337860822677612,0.361277192831039,0.349460422992706,0.33598119020462,0.306687504053116,0.31031733751297,0.289021462202072,0.195963963866234,0.292285770177841,0.379352241754532,0.453259438276291,0.303000152111053,0.156142145395279,0,0.126740485429764,0.319958746433258,0.349818468093872,0.316862553358078,0.450838446617126,0.311391532421112,0.320814162492752,0.203745454549789,0.31046336889267,0.24835878610611,0.377306580543518,0.334043234586716,0.245813712477684,0.252364903688431,0.382779091596603,0.422783255577087,0.462404191493988,0.433676421642303,0.345624923706055,0.361196368932724,0.418960243463516,0.478072196245193,0.456444948911667,0.378208190202713,0.426602780818939,0.464246273040771,0.382648527622223,0.433588266372681,0.478913336992264,0.463864386081696,0.0820042565464973,0.20352403819561,0.28436952829361,0.224623277783394,0.279324918985367,0.335209727287292,0.308437556028366,0.28586608171463,0.354884028434753,0.444088846445084,0.505350649356842,0.55349338054657,0.601484179496765,0.617289245128632,0.564643859863281,0.416246563196182,0,0,0.346246272325516,0.393907070159912,0.460042923688889,0.372261762619019,0.10644955188036,0.00697179744020104,0,0,0,0,0,0,0,0,0.0226430930197239,0.233049750328064,0.254065632820129,0.29392683506012,0.284419775009155,0.268439710140228,0.308933436870575,0.383101493120193,0.412750422954559,0.325901210308075,0.306018620729446,0.283743292093277,0.356029987335205,0.341090977191925,0.269088894128799,0,0,0,0,0,0,0,0,0.0106667093932629,0.304608762264252,0.227340206503868,0,0,0,0,0,0.186471700668335,0,0,0,0,0,0,0,0,0,0,0,0,0,0,0,0,0,0,0,0,0,0,0,0,0,0,0,0,0,0,0,0,0,0,0,0,0,0,0,0,0,0,0,0,0,0,0,0,0,0,0,0,0,0,251
Landshut,0,0,0,0,0,0,0,0,0,0,0,0,0,0,0,0,0,0,0,0,0,0,0,0,0,0,0,0,0,0,0,0,0,0,0,0,0,0,0,0,0,0,0,0,0,0,0,0,0,0,0,0,0,0,0,0,0,0,0,0,0,0,0,0,0,0,0,0,0,0,0,0,0,0,0,0,0,0,0,0,0,0,0,0,0,0,0,0,0,0,0,0,0,0,0,0,0,0,0,0,0,0,0,0,0,0,0,0,0,0,0,0,0,0,0,0,0,0,0,0,0,0,0,0,0,0,0,0,0,0,0,0,0,0,0,0,0,0,0,0,0,0,0,0,0,0,0,0,0,0,0,0,0,0,0,0,0,0,0,0,0,0,0,0.0113895973190665,0.0188959874212742,0.010003405623138,0,0,0,0,0,0,0,0,0,0,0,0,0,0,0,0,0,0,0,0,0,0.0576089359819889,0.08132454007864,0.0923939719796181,0.0865522623062134,0.0510710589587688,0.103125929832458,0.125151187181473,0.106802947819233,0.117107398808002,0.154908865690231,0.195586264133453,0.142031759023666,0.135034382343292,0.222876876592636,0.272763609886169,0.305150806903839,0.334220856428146,0.358467012643814,0.351410776376724,0.343302428722382,0.298936992883682,0.305228769779205,0.274055123329163,0.206967517733574,0.291766792535782,0.37693777680397,0.447346985340118,0.296358108520508,0.0390890277922153,0,0.170966729521751,0.314412444829941,0.341945201158524,0.333827406167984,0.463586568832397,0.335224270820618,0.324580669403076,0.220215246081352,0.331175267696381,0.231706321239471,0.368111461400986,0.31875067949295,0.212083041667938,0.261766642332077,0.367137610912323,0.406503975391388,0.436121493577957,0.425437390804291,0.348414868116379,0.376137137413025,0.419445097446442,0.476677298545837,0.441817760467529,0.376805543899536,0.429247558116913,0.448234140872955,0.35175833106041,0.437964498996735,0.488503336906433,0.457253307104111,0.0795236080884933,0.247243568301201,0.293836236000061,0.0898411422967911,0.23013511300087,0.348184943199158,0.353079110383987,0.276669889688492,0.367718756198883,0.474293649196625,0.516644418239594,0.562607288360596,0.604889571666718,0.621838212013245,0.5595703125,0.381653398275375,0,0,0.351862639188766,0.408246040344238,0.45915949344635,0.384090542793274,0.154559805989265,0,0,0,0,0,0,0,0,0,0.0564299114048481,0.239254146814346,0.271259635686874,0.304566472768784,0.283603519201279,0.260182559490204,0.302115231752396,0.386560916900635,0.413836389780045,0.338890612125397,0.322887361049652,0.318928867578506,0.3596411049366,0.332933217287064,0.276606023311615,0,0,0,0,0,0,0,0,0.123065382242203,0.290310680866241,0.223056271672249,0,0,0,0,0,0.157540768384933,0,0,0,0,0,0,0,0,0,0,0,0,0,0,0,0,0,0,0,0,0,0,0,0,0,0,0,0,0,0,0,0,0,0,0,0,0,0,0,0,0,0,0,0,0,0,0,0,0,0,0,0,0,0,252
Passau,0,0,0,0,0,0,0,0,0,0,0,0,0,0,0,0,0,0,0,0,0,0,0,0,0,0,0,0,0,0,0,0,0,0,0,0,0,0,0,0,0,0,0,0,0,0,0,0,0,0,0,0,0,0,0,0,0,0,0,0,0,0,0,0,0,0,0,0,0,0,0,0,0,0,0,0,0,0,0,0,0,0,0,0,0,0,0,0,0,0,0,0,0,0,0,0,0,0,0,0,0,0,0,0,0,0,0,0,0,0,0,0,0,0,0,0,0,0,0,0,0,0,0,0,0,0,0,0,0,0,0,0,0,0,0,0,0,0,0,0,0,0,0,0,0,0,0,0,0,0,0,0,0,0,0,0,0,0,0,0,0,0,0,0.0104827526956797,0.017373263835907,0.0164608880877495,0,0,0,0,0,0,0,0,0,0,0,0,0,0,0,0,0,0,0,0,0,0.0505658872425556,0.0619636178016663,0.0760560631752014,0.0715397447347641,0.0420219413936138,0.0816739499568939,0.0937493741512299,0.0870667323470116,0.101259291172028,0.091796487569809,0.134979456663132,0.107712186872959,0.0976104363799095,0.171632781624794,0.21736079454422,0.247413873672485,0.263666242361069,0.281472265720367,0.292601317167282,0.287990808486938,0.2422214448452,0.248185083270073,0.238718599081039,0.183044925332069,0.232861012220383,0.308506220579147,0.371712327003479,0.285661578178406,0,0,0,0.217617243528366,0.285738289356232,0.272508323192596,0.400653213262558,0.320847302675247,0.33691868185997,0.155459716916084,0.29986110329628,0.148696258664131,0.298145771026611,0.320511698722839,0.156775832176208,0.233386859297752,0.271137833595276,0.35782578587532,0.35584369301796,0.338373243808746,0.283632069826126,0.30895859003067,0.337918311357498,0.373869985342026,0.387326925992966,0.341835856437683,0.379599809646606,0.369147926568985,0.320401549339294,0.354993253946304,0.40605291724205,0.356679826974869,0.176847979426384,0.195692002773285,0.242011159658432,0.104382514953613,0.135780736804008,0.239719733595848,0.331614524126053,0.204253122210503,0.309317767620087,0.3985515832901,0.404123961925507,0.452507078647614,0.478734970092773,0.494676262140274,0.463984429836273,0.312989711761475,0,0,0.234357595443726,0.305157959461212,0.347330242395401,0.290093779563904,0.153647094964981,0.027012538164854,0,0,0,0,0,0,0,0,0.109343975782394,0.227647334337234,0.23666287958622,0.245393350720406,0.230230867862701,0.201105371117592,0.264899253845215,0.295594930648804,0.309510469436646,0.272610127925873,0.290387213230133,0.247525706887245,0.268867582082748,0.280586212873459,0.25188809633255,0,0,0,0,0,0,0,0,0,0.185193255543709,0.143063619732857,0,0,0,0,0,0,0,0,0,0,0,0,0,0,0,0,0,0,0,0,0,0,0,0,0,0,0,0,0,0,0,0,0,0,0,0,0,0,0,0,0,0,0,0,0,0,0,0,0,0,0,0,0,0,0,0,0,0,0,0,253
Regen,0,0,0,0,0,0,0,0,0,0,0,0,0,0,0,0,0,0,0,0,0,0,0,0,0,0,0,0,0,0,0,0,0,0,0,0,0,0,0,0,0,0,0,0,0,0,0,0,0,0,0,0,0,0,0,0,0,0,0,0,0,0,0,0,0,0,0,0,0,0,0,0,0,0,0,0,0,0,0,0,0,0,0,0,0,0,0,0,0,0,0,0,0,0,0,0,0,0,0,0,0,0,0,0,0,0,0,0,0,0,0,0,0,0,0,0,0,0,0,0,0,0,0,0,0,0,0,0,0,0,0,0,0,0,0,0,0,0,0,0,0,0,0,0,0,0,0,0,0,0,0,0,0,0,0,0,0,0,0,0,0,0,0,0.00172749999910593,0.00297148013487458,0.00247372454032302,0,0,0,0,0,0,0,0,0,0,0,0,0,0,0,0,0,0,0,0,0,0.0135020706802607,0.0186465550214052,0.0227529779076576,0.0233739707618952,0.00998654495924711,0.0276275016367435,0.0388978533446789,0.0292068067938089,0.0292128920555115,0.0371664948761463,0.0667325258255005,0.0195378512144089,0.040005799382925,0.0910978689789772,0.112087741494179,0.132113605737686,0.143166333436966,0.152048617601395,0.159752413630486,0.157686248421669,0.127745226025581,0.11873921751976,0.125030845403671,0.0422296896576881,0.107031054794788,0.162750467658043,0.210755079984665,0.144363299012184,0,0,0,0.0603708811104298,0.143313840031624,0.122073136270046,0.2240120023489,0.157990917563438,0.174266293644905,0.00974960438907146,0.147310674190521,0.0159325376152992,0.159961998462677,0.173979192972183,0.0309884902089834,0.0607002265751362,0.13450762629509,0.177119091153145,0.184614032506943,0.173179283738136,0.118877217173576,0.139399200677872,0.169248193502426,0.20149128139019,0.210506930947304,0.18303108215332,0.197301104664803,0.200895547866821,0.148179084062576,0.172427251935005,0.205719634890556,0.17524228990078,0.00652537634596229,0.0160641521215439,0.0592399090528488,0.00424774456769228,0.00357829267159104,0.0608597174286842,0.134114280343056,0.036303024739027,0.116217851638794,0.184719696640968,0.191697269678116,0.225475773215294,0.244452863931656,0.252926349639893,0.246973797678947,0.149681195616722,0,0,0.0368865989148617,0.0718524381518364,0.152567103505135,0.0714988857507706,0.000114311413199175,0,0,0,0,0,0,0,0,0,0,0.0120026404038072,0.0923126488924026,0.101641088724136,0.0836846008896828,0.0532236136496067,0.102177612483501,0.124852687120438,0.134867623448372,0.0991861447691917,0.106727614998817,0.0789032876491547,0.115177251398563,0.120745442807674,0.0979451313614845,0,0,0,0,0,0,0,0,0,0.0730219483375549,0.012709254398942,0,0,0,0,0,0,0,0,0,0,0,0,0,0,0,0,0,0,0,0,0,0,0,0,0,0,0,0,0,0,0,0,0,0,0,0,0,0,0,0,0,0,0,0,0,0,0,0,0,0,0,0,0,0,0,0,0,0,0,0,254
Rottal-Inn,0,0,0,0,0,0,0,0,0,0,0,0,0,0,0,0,0,0,0,0,0,0,0,0,0,0,0,0,0,0,0,0,0,0,0,0,0,0,0,0,0,0,0,0,0,0,0,0,0,0,0,0,0,0,0,0,0,0,0,0,0,0,0,0,0,0,0,0,0,0,0,0,0,0,0,0,0,0,0,0,0,0,0,0,0,0,0,0,0,0,0,0,0,0,0,0,0,0,0,0,0,0,0,0,0,0,0,0,0,0,0,0,0,0,0,0,0,0,0,0,0,0,0,0,0,0,0,0,0,0,0,0,0,0,0,0,0,0,0,0,0,0,0,0,0,0,0,0,0,0,0,0,0,0,0,0,0,0,0,0,0,0,0,0.00961740780621767,0.0166298672556877,0.0133539298549294,0,0,0,0,0,0,0,0,0,0,0,0,0,0,0,0,0,0,0,0,0,0.0477001741528511,0.06458530575037,0.0755616426467896,0.0710879862308502,0.0425908602774143,0.0826850235462189,0.0953765884041786,0.0893540307879448,0.0981315970420837,0.109677709639072,0.145797908306122,0.112564966082573,0.100781843066216,0.16681095957756,0.207795545458794,0.236747041344643,0.255266159772873,0.27393764257431,0.278029888868332,0.272463917732239,0.232118129730225,0.2420724183321,0.225293800234795,0.18062287569046,0.227520033717155,0.292354375123978,0.347190052270889,0.251700669527054,0,0,0.0516304858028889,0.229331955313683,0.275431841611862,0.265202045440674,0.373989969491959,0.289559841156006,0.294554471969604,0.180498123168945,0.271415948867798,0.170621365308762,0.275709748268127,0.270960688591003,0.147770553827286,0.21173669397831,0.280751794576645,0.326274901628494,0.33461856842041,0.33229997754097,0.277239292860031,0.296490252017975,0.325382471084595,0.363795876502991,0.353791624307632,0.313920348882675,0.347593307495117,0.348214358091354,0.288205146789551,0.343910872936249,0.390363782644272,0.349255472421646,0.175296679139137,0.219991445541382,0.253888249397278,0.0182822737842798,0.165168911218643,0.269241482019424,0.307960242033005,0.230926334857941,0.306655764579773,0.387411117553711,0.399716973304749,0.436567902565002,0.468979924917221,0.487019628286362,0.446332782506943,0.304396986961365,0,0,0.27704331278801,0.322031170129776,0.351718127727509,0.305445671081543,0.164864078164101,0.00956859160214663,0,0,0,0,0,0,0,0,0.0145786525681615,0.199076235294342,0.218363255262375,0.236688897013664,0.218051329255104,0.208645924925804,0.253872454166412,0.304115116596222,0.323965579271317,0.279741287231445,0.27787920832634,0.249663904309273,0.272729426622391,0.27492293715477,0.238449156284332,0,0,0,0,0,0,0,0,0.053766667842865,0.196968898177147,0.16663521528244,0,0,0,0,0,0.00251127732917666,0,0,0,0,0,0,0,0,0,0,0,0,0,0,0,0,0,0,0,0,0,0,0,0,0,0,0,0,0,0,0,0,0,0,0,0,0,0,0,0,0,0,0,0,0,0,0,0,0,0,0,0,0,0,255
Straubing-Bogen,0,0,0,0,0,0,0,0,0,0,0,0,0,0,0,0,0,0,0,0,0,0,0,0,0,0,0,0,0,0,0,0,0,0,0,0,0,0,0,0,0,0,0,0,0,0,0,0,0,0,0,0,0,0,0,0,0,0,0,0,0,0,0,0,0,0,0,0,0,0,0,0,0,0,0,0,0,0,0,0,0,0,0,0,0,0,0,0,0,0,0,0,0,0,0,0,0,0,0,0,0,0,0,0,0,0,0,0,0,0,0,0,0,0,0,0,0,0,0,0,0,0,0,0,0,0,0,0,0,0,0,0,0,0,0,0,0,0,0,0,0,0,0,0,0,0,0,0,0,0,0,0,0,0,0,0,0,0,0,0,0,0,0,0.00998834613710642,0.0174502823501825,0.0144123304635286,0,0,0,0,0,0,0,0,0,0,0,0,0,0,0,0,0,0,0,0,0,0.0620844177901745,0.0821224004030228,0.0953179076313972,0.089144341647625,0.0699772536754608,0.109857372939587,0.133333325386047,0.116958908736706,0.115576192736626,0.151110082864761,0.202288001775742,0.138002201914787,0.123323775827885,0.229835167527199,0.283076167106628,0.32505077123642,0.355981320142746,0.382205784320831,0.385676473379135,0.383186995983124,0.331940531730652,0.324228703975677,0.329169094562531,0.220949798822403,0.302682012319565,0.396140873432159,0.485513150691986,0.346121311187744,0.130013719201088,0,0.0368954911828041,0.297198176383972,0.392993867397308,0.345807403326035,0.511096775531769,0.391075819730759,0.407680004835129,0.224293515086174,0.358123064041138,0.245693296194077,0.391573578119278,0.408483535051346,0.275617569684982,0.289235085248947,0.392891407012939,0.453278630971909,0.498206913471222,0.46584078669548,0.373513460159302,0.380191922187805,0.441696107387543,0.498688697814941,0.498935014009476,0.44837361574173,0.494401484727859,0.505969047546387,0.413114339113235,0.477187842130661,0.529225707054138,0.50553560256958,0.186293184757233,0.26361608505249,0.321440398693085,0.216681838035583,0.235226929187775,0.357708513736725,0.378959745168686,0.332173466682434,0.383204430341721,0.503250062465668,0.545051395893097,0.589842200279236,0.63328891992569,0.676120162010193,0.627869665622711,0.459385871887207,0,0.0263408254832029,0.374687880277634,0.385410696268082,0.448357880115509,0.386779457330704,0.149838268756866,0.0340418741106987,0,0,0,0,0,0,0,0,0.000154705994646065,0.207599878311157,0.288789540529251,0.321215689182281,0.295060992240906,0.282594621181488,0.317477822303772,0.40058159828186,0.434033542871475,0.396147817373276,0.357096940279007,0.292413979768753,0.349117994308472,0.375098377466202,0.334332227706909,0,0,0,0,0,0,0,0,0.000144257326610386,0.275931894779205,0.237567082047462,0,0,0,0,0,0.0457139909267426,0,0,0,0,0,0,0,0,0,0,0,0,0,0,0,0,0,0,0,0,0,0,0,0,0,0,0,0,0,0,0,0,0,0,0,0,0,0,0,0,0,0,0,0,0,0,0,0,0,0,0,0,0,0,256
Dingolfing-Landau,0,0,0,0,0,0,0,0,0,0,0,0,0,0,0,0,0,0,0,0,0,0,0,0,0,0,0,0,0,0,0,0,0,0,0,0,0,0,0,0,0,0,0,0,0,0,0,0,0,0,0,0,0,0,0,0,0,0,0,0,0,0,0,0,0,0,0,0,0,0,0,0,0,0,0,0,0,0,0,0,0,0,0,0,0,0,0,0,0,0,0,0,0,0,0,0,0,0,0,0,0,0,0,0,0,0,0,0,0,0,0,0,0,0,0,0,0,0,0,0,0,0,0,0,0,0,0,0,0,0,0,0,0,0,0,0,0,0,0,0,0,0,0,0,0,0,0,0,0,0,0,0,0,0,0,0,0,0,0,0,0,0,0,0.0126142203807831,0.0216630082577467,0.0168410129845142,0,0,0,0,0,0,0,0,0,0,0,0,0,0,0,0,0,0,0,0,0,0.0663019418716431,0.0896519422531128,0.105797030031681,0.0973151326179504,0.0656815469264984,0.115467436611652,0.136475846171379,0.122911036014557,0.130141198635101,0.157455071806908,0.204620033502579,0.151180103421211,0.134460881352425,0.229313716292381,0.280921548604965,0.31943553686142,0.348177492618561,0.37354901432991,0.37574827671051,0.369102239608765,0.318699419498444,0.325782269239426,0.307293474674225,0.234112992882729,0.298643320798874,0.390431433916092,0.464623779058456,0.328565448522568,0.016875509172678,0,0.0930192172527313,0.308085680007935,0.374908179044724,0.346571922302246,0.492467045783997,0.377745389938354,0.385453760623932,0.248790949583054,0.349650710821152,0.239239290356636,0.369036793708801,0.363236039876938,0.240545034408569,0.283420860767365,0.380519777536392,0.430338114500046,0.459992319345474,0.447231322526932,0.369254678487778,0.384133756160736,0.429035604000092,0.480562090873718,0.459883362054825,0.414589434862137,0.459142535924911,0.464338898658752,0.378666460514069,0.453222185373306,0.511937201023102,0.477884858846664,0.22432915866375,0.282720953226089,0.332273215055466,0.175394535064697,0.245682328939438,0.361012995243073,0.387024611234665,0.31340765953064,0.38312566280365,0.496789246797562,0.528906583786011,0.572872996330261,0.61276239156723,0.646258890628815,0.583258152008057,0.410481721162796,0,0.00582966115325689,0.373026639223099,0.410776019096375,0.450885951519012,0.40037539601326,0.223533764481544,0.0116578368470073,0,0,0,0,0,0,0,0,0,0.246196016669273,0.289772391319275,0.313967317342758,0.289652585983276,0.275721609592438,0.315254360437393,0.396896660327911,0.42470121383667,0.382850229740143,0.356641560792923,0.321228742599487,0.35480335354805,0.358304053544998,0.314124315977097,0,0,0,0,0,0,0,0,0.015360283665359,0.263296395540237,0.231280356645584,0,0,0,0,0,0.0297425054013729,0,0,0,0,0,0,0,0,0,0,0,0,0,0,0,0,0,0,0,0,0,0,0,0,0,0,0,0,0,0,0,0,0,0,0,0,0,0,0,0,0,0,0,0,0,0,0,0,0,0,0,0,0,0,257
Amberg,0,0,0,0,0,0,0,0,0,0,0,0,0,0,0,0,0,0,0,0,0,0,0,0,0,0,0,0,0,0,0,0,0,0,0,0,0,0,0,0,0,0,0,0,0,0,0,0,0,0,0,0,0,0,0,0,0,0,0,0,0,0,0,0,0,0,0,0,0,0,0,0,0,0,0,0,0,0,0,0,0,0,0,0,0,0,0,0,0,0,0,0,0,0,0,0,0,0,0,0,0,0,0,0,0,0,0,0,0,0,0,0,0,0,0,0,0,0,0,0,0,0,0,0,0,0,0,0,0,0,0,0,0,0,0,0,0,0,0,0,0,0,0,0,0,0,0,0,0,0,0,0,0,0,0,0,0,0,0,0,0,0,0,0.00377728277817369,0.00688321422785521,0.00430421205237508,0,0,0,0,0,0,0,0,0,0,0,0,0,0,0,0,0,0,0,0,0,0.042843583971262,0.0601907931268215,0.0537020191550255,0.0528474748134613,0.0545874238014221,0.0724118202924728,0.0939473435282707,0.0952234789729118,0.0854104608297348,0.12327716499567,0.147340148687363,0.0858653783798218,0.112399354577065,0.189541190862656,0.231738582253456,0.262459129095078,0.286359488964081,0.304666787385941,0.286626994609833,0.280423521995544,0.249027878046036,0.237894415855408,0.252729296684265,0.162145659327507,0.248129695653915,0.321217238903046,0.392040997743607,0.281525939702988,0.153251469135284,0,0,0.253111839294434,0.286179631948471,0.250549018383026,0.371132582426071,0.247401192784309,0.250994473695755,0.121997579932213,0.249258473515511,0.200869455933571,0.319732844829559,0.330292403697968,0.227164641022682,0.241121470928192,0.353979915380478,0.371325880289078,0.393395215272903,0.351059556007385,0.279402226209641,0.305290848016739,0.347710967063904,0.391009598970413,0.406861037015915,0.393307030200958,0.376340717077255,0.397771596908569,0.336768984794617,0.347511976957321,0.394134372472763,0.361092120409012,0.0732797309756279,0.134840443730354,0.175711140036583,0.231946736574173,0.216270625591278,0.241188362240791,0.216855764389038,0.243250891566277,0.268623799085617,0.328997015953064,0.388324677944183,0.430236548185349,0.488220483064651,0.497381329536438,0.486189872026443,0.340130507946014,0,0,0.261409372091293,0.306733310222626,0.345561861991882,0.252249330282211,0,0,0,0,0,0,0,0,0,0,0,0.194025427103043,0.237852230668068,0.279137998819351,0.266810983419418,0.260368227958679,0.262214779853821,0.310106486082077,0.347854346036911,0.256480604410172,0.219901770353317,0.176984414458275,0.272767603397369,0.279017984867096,0.182530209422112,0,0,0,0,0,0,0,0,0,0.228277131915092,0.178487733006477,0,0,0,0,0,0.112592525780201,0,0,0,0,0,0,0,0,0,0,0,0,0,0,0,0,0,0,0,0,0,0,0,0,0,0,0,0,0,0,0,0,0,0,0,0,0,0,0,0,0,0,0,0,0,0,0,0,0,0,0,0,0,0,258
Regensburg,0,0,0,0,0,0,0,0,0,0,0,0,0,0,0,0,0,0,0,0,0,0,0,0,0,0,0,0,0,0,0,0,0,0,0,0,0,0,0,0,0,0,0,0,0,0,0,0,0,0,0,0,0,0,0,0,0,0,0,0,0,0,0,0,0,0,0,0,0,0,0,0,0,0,0,0,0,0,0,0,0,0,0,0,0,0,0,0,0,0,0,0,0,0,0,0,0,0,0,0,0,0,0,0,0,0,0,0,0,0,0,0,0,0,0,0,0,0,0,0,0,0,0,0,0,0,0,0,0,0,0,0,0,0,0,0,0,0,0,0,0,0,0,0,0,0,0,0,0,0,0,0,0,0,0,0,0,0,0,0,0,0,0,0.00967284012585878,0.016533438116312,0.011449926532805,0,0,0,0,0,0,0,0,0,0,0,0,0,0,0,0,0,0,0,0,0,0.0736045837402344,0.0984713658690453,0.106031127274036,0.0924165993928909,0.0827834159135818,0.118584491312504,0.141571074724197,0.128503188490868,0.120214127004147,0.170710727572441,0.208891615271568,0.155903622508049,0.147168725728989,0.241130456328392,0.289139717817307,0.330511838197708,0.360165238380432,0.386918157339096,0.373494058847427,0.373103052377701,0.335380136966705,0.329030811786652,0.333867073059082,0.219883039593697,0.313249200582504,0.402287542819977,0.481355518102646,0.335267573595047,0.201641961932182,0,0,0.340018957853317,0.388965755701065,0.344285160303116,0.482652187347412,0.348907470703125,0.365202873945236,0.213677242398262,0.349271267652512,0.270465135574341,0.403127998113632,0.402260005474091,0.3061443567276,0.303540468215942,0.428615301847458,0.46544936299324,0.508320987224579,0.4624844789505,0.38123282790184,0.397131234407425,0.450242549180984,0.50013130903244,0.491830080747604,0.445978760719299,0.486159533262253,0.507192313671112,0.432561963796616,0.478781640529633,0.521812081336975,0.499060392379761,0.211024791002274,0.267414391040802,0.314147889614105,0.292840600013733,0.311626225709915,0.363722264766693,0.332145631313324,0.343443214893341,0.409245491027832,0.488247215747833,0.541226089000702,0.584411978721619,0.636382281780243,0.667441964149475,0.628444194793701,0.475825190544128,0,0,0.395532578229904,0.417523443698883,0.476427584886551,0.390574246644974,0.0500979498028755,0.127922594547272,0,0,0,0,0,0,0,0,0.192921221256256,0.290069609880447,0.309994548559189,0.353454232215881,0.340367406606674,0.31889483332634,0.344393402338028,0.420066773891449,0.455899596214294,0.374574959278107,0.346617788076401,0.293607383966446,0.369140654802322,0.374571114778519,0.305128961801529,0,0,0,0,0,0,0,0,0,0.310598790645599,0.250588089227676,0,0,0,0,0,0.190977796912193,0,0,0,0,0,0,0,0,0,0,0,0,0,0,0,0,0,0,0,0,0,0,0,0,0,0,0,0,0,0,0,0,0,0,0,0,0,0,0,0,0,0,0,0,0,0,0,0,0,0,0,0,0,0,259
Weiden i.d.OPf.,0,0,0,0,0,0,0,0,0,0,0,0,0,0,0,0,0,0,0,0,0,0,0,0,0,0,0,0,0,0,0,0,0,0,0,0,0,0,0,0,0,0,0,0,0,0,0,0,0,0,0,0,0,0,0,0,0,0,0,0,0,0,0,0,0,0,0,0,0,0,0,0,0,0,0,0,0,0,0,0,0,0,0,0,0,0,0,0,0,0,0,0,0,0,0,0,0,0,0,0,0,0,0,0,0,0,0,0,0,0,0,0,0,0,0,0,0,0,0,0,0,0,0,0,0,0,0,0,0,0,0,0,0,0,0,0,0,0,0,0,0,0,0,0,0,0,0,0,0,0,0,0,0,0,0,0,0,0,0,0,0,0,0,0.00119185005314648,0.00231640879064798,0.00176382064819336,0,0,0,0,0,0,0,0,0,0,0,0,0,0,0,0,0,0,0,0,0,0.0152131272479892,0.0217970218509436,0.0187059696763754,0.0196815449744463,0.020353190600872,0.0277321450412273,0.0362776145339012,0.0334971323609352,0.033012393862009,0.0485707372426987,0.057422548532486,0.00191538652870804,0.0435309633612633,0.0774098485708237,0.0965373963117599,0.109761402010918,0.118662305176258,0.1223224401474,0.117503643035889,0.114420183002949,0.0923594012856483,0.0914841741323471,0.0936429873108864,0.0637557134032249,0.0998386666178703,0.13067527115345,0.162275761365891,0.119161322712898,0.0655751153826714,0,0,0.0919895246624947,0.11759415268898,0.101678907871246,0.154436215758324,0.101176537573338,0.100371181964874,0.00310785975307226,0.103526920080185,0.0772444903850555,0.127325564622879,0.145413041114807,0.0895810052752495,0.101202450692654,0.147437870502472,0.155642911791801,0.15865333378315,0.129541710019112,0.102283492684364,0.118930988013744,0.140246614813805,0.156536519527435,0.168182358145714,0.16923962533474,0.157574266195297,0.164357841014862,0.133516773581505,0.139040693640709,0.158232644200325,0.148629829287529,0,0,0.0041263266466558,0.0870022177696228,0.0839965343475342,0.0856883153319359,0.0909490957856178,0.093179278075695,0.103485010564327,0.128013178706169,0.15102531015873,0.170310899615288,0.19970977306366,0.200287669897079,0.189712092280388,0.134114533662796,0,0,0.0993981510400772,0.119380787014961,0.132144048810005,0.0877703800797462,0,0,0,0,0,0,0,0,0,0,0,0.0790432840585709,0.0913154780864716,0.10736396163702,0.100376412272453,0.0920907706022263,0.102486416697502,0.12027670443058,0.139545127749443,0.10344061255455,0.0855819955468178,0.0510270185768604,0.105556719005108,0.112305730581284,0.0711203590035439,0,0,0,0,0,0,0,0,0,0.0852198749780655,0.0675561651587486,0,0,0,0,0,0.00264391908422112,0,0,0,0,0,0,0,0,0,0,0,0,0,0,0,0,0,0,0,0,0,0,0,0,0,0,0,0,0,0,0,0,0,0,0,0,0,0,0,0,0,0,0,0,0,0,0,0,0,0,0,0,0,0,260
Amberg-Sulzbach,0,0,0,0,0,0,0,0,0,0,0,0,0,0,0,0,0,0,0,0,0,0,0,0,0,0,0,0,0,0,0,0,0,0,0,0,0,0,0,0,0,0,0,0,0,0,0,0,0,0,0,0,0,0,0,0,0,0,0,0,0,0,0,0,0,0,0,0,0,0,0,0,0,0,0,0,0,0,0,0,0,0,0,0,0,0,0,0,0,0,0,0,0,0,0,0,0,0,0,0,0,0,0,0,0,0,0,0,0,0,0,0,0,0,0,0,0,0,0,0,0,0,0,0,0,0,0,0,0,0,0,0,0,0,0,0,0,0,0,0,0,0,0,0,0,0,0,0,0,0,0,0,0,0,0,0,0,0,0,0,0,0,0,0.00393145717680454,0.00681298458948731,0.00324697699397802,0,0,0,0,0,0,0,0,0,0,0,0,0,0,0,0,0,0,0,0,0,0.0400522872805595,0.056259423494339,0.0516689270734787,0.0497200302779675,0.0515004545450211,0.069104291498661,0.0899731442332268,0.0901301801204681,0.0842250436544418,0.120247304439545,0.142813682556152,0.0726169943809509,0.110152907669544,0.187551498413086,0.229295834898949,0.26109054684639,0.284282356500626,0.300410181283951,0.281964212656021,0.274032652378082,0.240527018904686,0.231765747070313,0.242099598050117,0.151845574378967,0.243386775255203,0.318363428115845,0.389756232500076,0.272974193096161,0.12535634636879,0,0,0.251078635454178,0.280026316642761,0.241638869047165,0.364887744188309,0.239272236824036,0.2453832924366,0.0674107372760773,0.247103944420815,0.189136311411858,0.31385150551796,0.322982609272003,0.212603271007538,0.23225711286068,0.350309044122696,0.364408582448959,0.387102514505386,0.347544550895691,0.270405977964401,0.297012388706207,0.343735545873642,0.387973308563232,0.405195146799088,0.388137191534042,0.369558364152908,0.389904499053955,0.327543258666992,0.337496399879456,0.388706505298615,0.352293729782104,0.0355349183082581,0.061875157058239,0.146621882915497,0.21559801697731,0.209706112742424,0.226985439658165,0.213666394352913,0.222819700837135,0.259059846401215,0.324487537145615,0.380082070827484,0.427779734134674,0.485130459070206,0.491774201393127,0.479371517896652,0.332646012306213,0,0,0.249074622988701,0.298170059919357,0.344438970088959,0.244276404380798,0,0,0,0,0,0,0,0,0,0,0.000199469839571975,0.197746977210045,0.240070164203644,0.27692061662674,0.268051117658615,0.262376219034195,0.263326227664948,0.311801970005035,0.345200717449188,0.255147278308868,0.217120334506035,0.177466496825218,0.27591460943222,0.283378064632416,0.166367247700691,0,0,0,0,0,0,0,0,0,0.231337085366249,0.174048364162445,0,0,0,0,0,0.113356605172157,0,0,0,0,0,0,0,0,0,0,0,0,0,0,0,0,0,0,0,0,0,0,0,0,0,0,0,0,0,0,0,0,0,0,0,0,0,0,0,0,0,0,0,0,0,0,0,0,0,0,0,0,0,0,261
Cham,0,0,0,0,0,0,0,0,0,0,0,0,0,0,0,0,0,0,0,0,0,0,0,0,0,0,0,0,0,0,0,0,0,0,0,0,0,0,0,0,0,0,0,0,0,0,0,0,0,0,0,0,0,0,0,0,0,0,0,0,0,0,0,0,0,0,0,0,0,0,0,0,0,0,0,0,0,0,0,0,0,0,0,0,0,0,0,0,0,0,0,0,0,0,0,0,0,0,0,0,0,0,0,0,0,0,0,0,0,0,0,0,0,0,0,0,0,0,0,0,0,0,0,0,0,0,0,0,0,0,0,0,0,0,0,0,0,0,0,0,0,0,0,0,0,0,0,0,0,0,0,0,0,0,0,0,0,0,0,0,0,0,0,0.00266470271162689,0.0054288674145937,0.00446524657309055,0,0,0,0,0,0,0,0,0,0,0,0,0,0,0,0,0,0,0,0,0,0.0243476182222366,0.034165047109127,0.0380872972309589,0.0398224182426929,0.0348354764282703,0.0537068620324135,0.0706142485141754,0.0597318336367607,0.0508973971009254,0.0802879855036736,0.113075561821461,0.0503263510763645,0.0654513239860535,0.136411234736443,0.173880696296692,0.199214860796928,0.21650655567646,0.231635868549347,0.235095918178558,0.235082030296326,0.19869989156723,0.180503696203232,0.205165013670921,0.110553681850433,0.18844510614872,0.240158468484879,0.305119156837463,0.218340754508972,0.0710033476352692,0,0,0.154413938522339,0.233954846858978,0.198885142803192,0.315867096185684,0.232588708400726,0.248795539140701,0.0519308038055897,0.216247618198395,0.124553255736828,0.241920843720436,0.267806023359299,0.156570717692375,0.161561131477356,0.244853764772415,0.279409497976303,0.307435274124146,0.273619383573532,0.195781469345093,0.211958140134811,0.255006790161133,0.299654424190521,0.317361056804657,0.289856523275375,0.305812269449234,0.316759526729584,0.253833085298538,0.282188564538956,0.309533208608627,0.288185298442841,0.0066211842931807,0.0663962587714195,0.156875371932983,0.132526502013206,0.121011085808277,0.168603643774986,0.195087537169456,0.1865124553442,0.216076523065567,0.27708888053894,0.299999177455902,0.336157500743866,0.37526547908783,0.389736860990524,0.380654096603394,0.272460132837296,0,0,0.187550351023674,0.192090839147568,0.24377304315567,0.175626948475838,0.00492043234407902,0,0,0,0,0,0,0,0,0,0,0.0589241832494736,0.142466202378273,0.167474523186684,0.148196056485176,0.154832601547241,0.16686238348484,0.209675714373589,0.240850120782852,0.191021636128426,0.164126172661781,0.114501759409904,0.17800997197628,0.203986197710037,0.171401545405388,0,0,0,0,0,0,0,0,0,0.153344824910164,0.101953350007534,0,0,0,0,0,0.00370920239947736,0,0,0,0,0,0,0,0,0,0,0,0,0,0,0,0,0,0,0,0,0,0,0,0,0,0,0,0,0,0,0,0,0,0,0,0,0,0,0,0,0,0,0,0,0,0,0,0,0,0,0,0,0,0,262
Neumarkt i.d.OPf.,0,0,0,0,0,0,0,0,0,0,0,0,0,0,0,0,0,0,0,0,0,0,0,0,0,0,0,0,0,0,0,0,0,0,0,0,0,0,0,0,0,0,0,0,0,0,0,0,0,0,0,0,0,0,0,0,0,0,0,0,0,0,0,0,0,0,0,0,0,0,0,0,0,0,0,0,0,0,0,0,0,0,0,0,0,0,0,0,0,0,0,0,0,0,0,0,0,0,0,0,0,0,0,0,0,0,0,0,0,0,0,0,0,0,0,0,0,0,0,0,0,0,0,0,0,0,0,0,0,0,0,0,0,0,0,0,0,0,0,0,0,0,0,0,0,0,0,0,0,0,0,0,0,0,0,0,0,0,0,0,0,0,0,0.00496619241312146,0.00781956221908331,0.000483354990137741,0,0,0,0,0,0,0,0,0,0,0,0,0,0,0,0,0,0,0,0,0,0.0338855907320976,0.0512368492782116,0.0542512536048889,0.0468893088400364,0.04515565559268,0.0650272890925407,0.079756073653698,0.0801645070314407,0.0815147235989571,0.113407872617245,0.137889504432678,0.0763912424445152,0.101339928805828,0.178352773189545,0.21535162627697,0.247025355696678,0.270704299211502,0.286600559949875,0.268251419067383,0.254448682069778,0.230432271957397,0.227520510554314,0.228340104222298,0.125033110380173,0.229579284787178,0.303803622722626,0.370673805475235,0.237588062882423,0.0365435630083084,0,0,0.253753215074539,0.267199099063873,0.211139738559723,0.342447996139526,0.212537929415703,0.231999039649963,0.0424770973622799,0.228395074605942,0.177083387970924,0.292902797460556,0.276025384664536,0.178316816687584,0.181276127696037,0.319074213504791,0.326320648193359,0.362385243177414,0.345009326934814,0.25539755821228,0.277548909187317,0.324750155210495,0.372577100992203,0.378161251544952,0.336975038051605,0.329137802124023,0.358929514884949,0.296091020107269,0.316422462463379,0.366666257381439,0.330990105867386,0.0017041239188984,0.0175297968089581,0.175472363829613,0.17543451488018,0.207074284553528,0.210951432585716,0.196937337517738,0.190164670348167,0.240874245762825,0.3155876994133,0.369205951690674,0.418744325637817,0.462294608354568,0.469149172306061,0.451577216386795,0.316447913646698,0,0,0.229763254523277,0.281354606151581,0.344566226005554,0.246166318655014,0,0,0,0,0,0,0,0,0,0,0.00703761493787169,0.18027700483799,0.218297019600868,0.245842963457108,0.251747846603394,0.247678741812706,0.243733629584312,0.307515323162079,0.323820561170578,0.238226726651192,0.20640005171299,0.190291851758957,0.278276979923248,0.26749187707901,0.135703727602959,0,0,0,0,0,0,0,0,0.0445812977850437,0.233896866440773,0.159142702817917,0,0,0,0,0,0.11698330193758,0,0,0,0,0,0,0,0,0,0,0,0,0,0,0,0,0,0,0,0,0,0,0,0,0,0,0,0,0,0,0,0,0,0,0,0,0,0,0,0,0,0,0,0,0,0,0,0,0,0,0,0,0,0,263
Neustadt a.d.Waldnaab,0,0,0,0,0,0,0,0,0,0,0,0,0,0,0,0,0,0,0,0,0,0,0,0,0,0,0,0,0,0,0,0,0,0,0,0,0,0,0,0,0,0,0,0,0,0,0,0,0,0,0,0,0,0,0,0,0,0,0,0,0,0,0,0,0,0,0,0,0,0,0,0,0,0,0,0,0,0,0,0,0,0,0,0,0,0,0,0,0,0,0,0,0,0,0,0,0,0,0,0,0,0,0,0,0,0,0,0,0,0,0,0,0,0,0,0,0,0,0,0,0,0,0,0,0,0,0,0,0,0,0,0,0,0,0,0,0,0,0,0,0,0,0,0,0,0,0,0,0,0,0,0,0,0,0,0,0,0,0,0,0,0,0,0.00154626788571477,0.00304308068007231,0.00214498164132237,0,0,0,0,0,0,0,0,0,0,0,0,0,0,0,0,0,0,0,0,0,0.0198089685291052,0.0286408457905054,0.0252536460757256,0.0262782387435436,0.0270223617553711,0.0369785726070404,0.0499557591974735,0.0462140664458275,0.0460016094148159,0.0664851516485214,0.0773930698633194,0.00734415231272578,0.0587232448160648,0.106022246181965,0.131338521838188,0.149339333176613,0.162384688854218,0.168466940522194,0.160273522138596,0.155703380703926,0.127328783273697,0.126049742102623,0.127503022551537,0.0858113318681717,0.135802507400513,0.179074287414551,0.222765952348709,0.160939797759056,0.080414243042469,0,0,0.127760469913483,0.157723695039749,0.138086631894112,0.209339290857315,0.137080445885658,0.138112932443619,0.00669730640947819,0.138530626893044,0.0964645519852638,0.174459159374237,0.195313066244125,0.11817205697298,0.135288655757904,0.202809557318687,0.212743297219276,0.217282950878143,0.182508558034897,0.141618683934212,0.161682263016701,0.192578911781311,0.214887171983719,0.228411972522736,0.228660717606544,0.213398396968842,0.221418887376785,0.181789919734001,0.186709374189377,0.216089725494385,0.199916869401932,0,0,0.0176197439432144,0.110241889953613,0.111278623342514,0.111174307763577,0.117826223373413,0.123412080109119,0.136053755879402,0.173986792564392,0.204925239086151,0.232034727931023,0.272293090820313,0.272520989179611,0.260298162698746,0.181870445609093,0,0,0.134519770741463,0.16121931374073,0.180682972073555,0.120377868413925,0,0,0,0,0,0,0,0,0,0,0,0.101077236235142,0.128083676099777,0.149406149983406,0.137320756912231,0.130676776170731,0.138243690133095,0.164341658353806,0.190007016062737,0.140368402004242,0.115045867860317,0.0706512480974197,0.141904205083847,0.156101405620575,0.0885415375232697,0,0,0,0,0,0,0,0,0,0.120441466569901,0.0921349972486496,0,0,0,0,0,0.0355207659304142,0,0,0,0,0,0,0,0,0,0,0,0,0,0,0,0,0,0,0,0,0,0,0,0,0,0,0,0,0,0,0,0,0,0,0,0,0,0,0,0,0,0,0,0,0,0,0,0,0,0,0,0,0,0,264
Regensburg,0,0,0,0,0,0,0,0,0,0,0,0,0,0,0,0,0,0,0,0,0,0,0,0,0,0,0,0,0,0,0,0,0,0,0,0,0,0,0,0,0,0,0,0,0,0,0,0,0,0,0,0,0,0,0,0,0,0,0,0,0,0,0,0,0,0,0,0,0,0,0,0,0,0,0,0,0,0,0,0,0,0,0,0,0,0,0,0,0,0,0,0,0,0,0,0,0,0,0,0,0,0,0,0,0,0,0,0,0,0,0,0,0,0,0,0,0,0,0,0,0,0,0,0,0,0,0,0,0,0,0,0,0,0,0,0,0,0,0,0,0,0,0,0,0,0,0,0,0,0,0,0,0,0,0,0,0,0,0,0,0,0,0,0.00854839757084846,0.0147978821769357,0.0100038684904575,0,0,0,0,0,0,0,0,0,0,0,0,0,0,0,0,0,0,0,0,0,0.0642049536108971,0.0871609151363373,0.0944642499089241,0.0844978988170624,0.0742524340748787,0.109806500375271,0.133376896381378,0.120289690792561,0.114427104592323,0.160821422934532,0.201979443430901,0.141507193446159,0.137520730495453,0.23616923391819,0.285503000020981,0.326580613851547,0.356793791055679,0.383145958185196,0.373102635145187,0.369203746318817,0.329815059900284,0.321006864309311,0.328343629837036,0.211920693516731,0.309953838586807,0.399647295475006,0.482220500707626,0.334835290908813,0.170314908027649,0,0.0218708384782076,0.325870662927628,0.383898019790649,0.33681920170784,0.486208140850067,0.349019050598145,0.365901082754135,0.202645510435104,0.34303805232048,0.259689152240753,0.398840725421906,0.399124890565872,0.287678331136703,0.290154874324799,0.419372171163559,0.458018451929092,0.502591729164124,0.461443275213242,0.371933579444885,0.388372778892517,0.445397824048996,0.499331742525101,0.496206849813461,0.447453647851944,0.481367230415344,0.504333555698395,0.422671020030975,0.47125244140625,0.518070757389069,0.492438077926636,0.161199256777763,0.239082872867584,0.304565817117691,0.271948277950287,0.291898459196091,0.348691254854202,0.33353927731514,0.330234378576279,0.389675974845886,0.481995016336441,0.53555828332901,0.581275582313538,0.633127868175507,0.66318541765213,0.625389754772186,0.46260878443718,0,0.00536069134250283,0.375608772039413,0.401284039020538,0.464881509542465,0.377824634313583,0.0996572077274323,0.019576657563448,0,0,0,0,0,0,0,0,0.0685207471251488,0.265825301408768,0.301433712244034,0.342797189950943,0.326310187578201,0.309288769960403,0.333238214254379,0.410906702280045,0.44551020860672,0.366014838218689,0.333207011222839,0.284555584192276,0.362315028905869,0.368021935224533,0.296446442604065,0,0,0,0,0,0,0,0,0.00534890871495008,0.300943791866302,0.240307599306107,0,0,0,0,0,0.160461381077766,0,0,0,0,0,0,0,0,0,0,0,0,0,0,0,0,0,0,0,0,0,0,0,0,0,0,0,0,0,0,0,0,0,0,0,0,0,0,0,0,0,0,0,0,0,0,0,0,0,0,0,0,0,0,265
Schwandorf,0,0,0,0,0,0,0,0,0,0,0,0,0,0,0,0,0,0,0,0,0,0,0,0,0,0,0,0,0,0,0,0,0,0,0,0,0,0,0,0,0,0,0,0,0,0,0,0,0,0,0,0,0,0,0,0,0,0,0,0,0,0,0,0,0,0,0,0,0,0,0,0,0,0,0,0,0,0,0,0,0,0,0,0,0,0,0,0,0,0,0,0,0,0,0,0,0,0,0,0,0,0,0,0,0,0,0,0,0,0,0,0,0,0,0,0,0,0,0,0,0,0,0,0,0,0,0,0,0,0,0,0,0,0,0,0,0,0,0,0,0,0,0,0,0,0,0,0,0,0,0,0,0,0,0,0,0,0,0,0,0,0,0,0.00396243017166853,0.00731484871357679,0.0055007734335959,0,0,0,0,0,0,0,0,0,0,0,0,0,0,0,0,0,0,0,0,0,0.0421079099178314,0.0566841214895248,0.0550373718142509,0.0538156554102898,0.0534015074372292,0.0733609721064568,0.0930837467312813,0.0880390405654907,0.0776441991329193,0.113472111523151,0.142149582505226,0.0821933522820473,0.1036661490798,0.17663811147213,0.218228593468666,0.2477937489748,0.267282366752625,0.285709798336029,0.276991754770279,0.274552285671234,0.239368006587029,0.224408105015755,0.244920507073402,0.149303913116455,0.235221222043037,0.299881815910339,0.36592572927475,0.262194961309433,0.14522023499012,0,0,0.22598360478878,0.280096083879471,0.240234792232513,0.361908197402954,0.253579586744308,0.265144318342209,0.0947221666574478,0.251955419778824,0.190028339624405,0.30034989118576,0.322664827108383,0.218136698007584,0.221739336848259,0.324508786201477,0.352942883968353,0.380357265472412,0.33127623796463,0.257869362831116,0.28407496213913,0.324536442756653,0.369476169347763,0.386659473180771,0.370295435190201,0.368267476558685,0.386078536510468,0.324558824300766,0.344094395637512,0.379317760467529,0.35434290766716,0.0915820449590683,0.131763949990273,0.192519500851631,0.221968308091164,0.204832181334496,0.225405648350716,0.227928176522255,0.240959212183952,0.279843151569366,0.332763195037842,0.374968230724335,0.419074922800064,0.470965057611465,0.482029855251312,0.469032764434814,0.338423073291779,0,0,0.25735741853714,0.286294788122177,0.331702947616577,0.244538173079491,0,0,0,0,0,0,0,0,0,0,0.0172081608325243,0.202932566404343,0.222313791513443,0.256660401821136,0.247406303882599,0.234304785728455,0.253326058387756,0.296674013137817,0.330198019742966,0.248707547783852,0.217642307281494,0.170656129717827,0.259806275367737,0.271212190389633,0.200361713767052,0,0,0,0,0,0,0,0,0,0.218115106225014,0.170599058270454,0,0,0,0,0,0.0756314173340797,0,0,0,0,0,0,0,0,0,0,0,0,0,0,0,0,0,0,0,0,0,0,0,0,0,0,0,0,0,0,0,0,0,0,0,0,0,0,0,0,0,0,0,0,0,0,0,0,0,0,0,0,0,0,266
Tirschenreuth,0,0,0,0,0,0,0,0,0,0,0,0,0,0,0,0,0,0,0,0,0,0,0,0,0,0,0,0,0,0,0,0,0,0,0,0,0,0,0,0,0,0,0,0,0,0,0,0,0,0,0,0,0,0,0,0,0,0,0,0,0,0,0,0,0,0,0,0,0,0,0,0,0,0,0,0,0,0,0,0,0,0,0,0,0,0,0,0,0,0,0,0,0,0,0,0,0,0,0,0,0,0,0,0,0,0,0,0,0,0,0,0,0,0,0,0,0,0,0,0,0,0,0,0,0,0,0,0,0,0,0,0,0,0,0,0,0,0,0,0,0,0,0,0,0,0,0,0,0,0,0,0,0,0,0,0,0,0,0,0,0,0,0,0.00105896673630923,0.00233433488756418,0.00185122329276055,0,0,0,0,0,0,0,0,0,0,0,0,0,0,0,0,0,0,0,0,0,0.0156352184712887,0.0246559511870146,0.0232879612594843,0.023002278059721,0.0247951373457909,0.0360455103218555,0.0486047379672527,0.0390260815620422,0.0454392693936825,0.0687607079744339,0.0798549652099609,0,0.0566516369581223,0.116350121796131,0.143622696399689,0.167530432343483,0.180386796593666,0.187517911195755,0.182807222008705,0.173823282122612,0.118681155145168,0.125754624605179,0.115242913365364,0.0509320870041847,0.14030259847641,0.193625524640083,0.247638672590256,0.181809544563293,0.0457115992903709,0,0,0.121319256722927,0.17379966378212,0.146930232644081,0.238545477390289,0.14603479206562,0.139086276292801,0,0.145602449774742,0.059535626322031,0.184364214539528,0.224030524492264,0.111688211560249,0.13365726172924,0.22773839533329,0.22929148375988,0.230475530028343,0.163005381822586,0.115582801401615,0.154251992702484,0.19439460337162,0.230376586318016,0.254036486148834,0.26566669344902,0.236943781375885,0.245967388153076,0.190953865647316,0.192620441317558,0.231167525053024,0.218623086810112,0,0,0,0.0296008512377739,0.0192098971456289,0.00246565067209303,0.109759025275707,0.107500053942204,0.0699391141533852,0.175031647086143,0.205246970057487,0.239867180585861,0.299438297748566,0.293388664722443,0.278419017791748,0.180561542510986,0,0,0.116300836205482,0.157198801636696,0.172481894493103,0.101566530764103,0,0,0,0,0,0,0,0,0,0,0,0.0261889062821865,0.0817316398024559,0.125683411955833,0.120042458176613,0.111415065824986,0.11733827739954,0.164059445261955,0.200168341398239,0.131201580166817,0.102405026555061,0.00145160651300102,0.132572397589684,0.160725995898247,0.00203876732848585,0,0,0,0,0,0,0,0,0,0.115359574556351,0.0743110477924347,0,0,0,0,0,0.000104067425127141,0,0,0,0,0,0,0,0,0,0,0,0,0,0,0,0,0,0,0,0,0,0,0,0,0,0,0,0,0,0,0,0,0,0,0,0,0,0,0,0,0,0,0,0,0,0,0,0,0,0,0,0,0,0,267
Bamberg,0,0,0,0,0,0,0,0,0,0,0,0,0,0,0,0,0,0,0,0,0,0,0,0,0,0,0,0,0,0,0,0,0,0,0,0,0,0,0,0,0,0,0,0,0,0,0,0,0,0,0,0,0,0,0,0,0,0,0,0,0,0,0,0,0,0,0,0,0,0,0,0,0,0,0,0,0,0,0,0,0,0,0,0,0,0,0,0,0,0,0,0,0,0,0,0,0,0,0,0,0,0,0,0,0,0,0,0,0,0,0,0,0,0,0,0,0,0,0,0,0,0,0,0,0,0,0,0,0,0,0,0,0,0,0,0,0,0,0,0,0,0,0,0,0,0,0,0,0,0,0,0,0,0,0,0,0,0,0,0,0,0,0,0.00934163015335798,0.0113715268671513,0,0,0,0,0,0,0,0,0,0,0,0,0,0,0,0,0,0,0,0,0,0,0.0788138285279274,0.118707731366158,0.117733806371689,0.116077646613121,0.10532720386982,0.138265311717987,0.155598193407059,0.14982582628727,0.166999191045761,0.210952550172806,0.239006087183952,0.108825519680977,0.196513518691063,0.318125307559967,0.3843954205513,0.43771493434906,0.476507753133774,0.482217848300934,0.467508673667908,0.440820574760437,0.360770612955093,0.372152179479599,0.32819652557373,0.30319145321846,0.413616687059402,0.5292609333992,0.641819953918457,0.453393638134003,0.291874319314957,0,0.0527067631483078,0.453124672174454,0.47661566734314,0.419351726770401,0.554515480995178,0.42353093624115,0.461546450853348,0.237527176737785,0.414345532655716,0.313486903905869,0.491116255521774,0.53185373544693,0.312472075223923,0.361285001039505,0.553503692150116,0.601196587085724,0.635911881923676,0.585232019424438,0.471483141183853,0.458670943975449,0.547082304954529,0.596560478210449,0.677503824234009,0.602283537387848,0.582944691181183,0.615467429161072,0.586082816123962,0.530109941959381,0.624276876449585,0.568566918373108,0.315753906965256,0.256028354167938,0.0664519742131233,0.376305550336838,0.471726983785629,0.435517996549606,0.366695553064346,0.376550197601318,0.421909838914871,0.525614738464355,0.565910398960114,0.67271900177002,0.776702105998993,0.752442538738251,0.721725761890411,0.553051471710205,0,0.0820804461836815,0.490556925535202,0.545639455318451,0.541742086410522,0.413918763399124,0,0,0,0,0,0,0,0.0748111084103584,0,0,0,0.331678748130798,0.40588167309761,0.444682896137238,0.436951518058777,0.425340831279755,0.412604480981827,0.518712162971497,0.575417578220367,0.499447911977768,0.401146739721298,0.275995433330536,0.492760241031647,0.509414732456207,0.253846049308777,0,0,0,0,0,0,0,0,0,0.401156842708588,0.351505041122437,0,0,0,0,0,0.334370374679565,0,0,0,0,0,0,0,0,0,0,0,0,0,0,0,0,0,0,0,0,0,0,0,0,0,0,0,0,0,0,0,0,0,0,0,0,0,0,0,0,0,0,0,0,0,0,0,0,0,0,0,0,0,0,268
Bayreuth,0,0,0,0,0,0,0,0,0,0,0,0,0,0,0,0,0,0,0,0,0,0,0,0,0,0,0,0,0,0,0,0,0,0,0,0,0,0,0,0,0,0,0,0,0,0,0,0,0,0,0,0,0,0,0,0,0,0,0,0,0,0,0,0,0,0,0,0,0,0,0,0,0,0,0,0,0,0,0,0,0,0,0,0,0,0,0,0,0,0,0,0,0,0,0,0,0,0,0,0,0,0,0,0,0,0,0,0,0,0,0,0,0,0,0,0,0,0,0,0,0,0,0,0,0,0,0,0,0,0,0,0,0,0,0,0,0,0,0,0,0,0,0,0,0,0,0,0,0,0,0,0,0,0,0,0,0,0,0,0,0,0,0,0.00199812487699091,0.00397829292342067,0.00214085425250232,0,0,0,0,0,0,0,0,0,0,0,0,0,0,0,0,0,0,0,0,0,0.0262059736996889,0.0417138449847698,0.0404448248445988,0.0402628444135189,0.0406397134065628,0.0553295612335205,0.0761382877826691,0.0678916871547699,0.0774853974580765,0.104706294834614,0.114102847874165,0,0.0907246917486191,0.166810303926468,0.201940327882767,0.232529118657112,0.254855543375015,0.262818932533264,0.24773083627224,0.238576278090477,0.183983832597733,0.19316366314888,0.17469434440136,0.139871805906296,0.208342969417572,0.275487691164017,0.349318355321884,0.250306397676468,0.12246261537075,0,0,0.206367090344429,0.246840670704842,0.217089667916298,0.31734761595726,0.216544553637505,0.2147596180439,0,0.212604537606239,0.116912804543972,0.268974095582962,0.295149445533752,0.165333479642868,0.204184100031853,0.32291516661644,0.325265377759933,0.331679433584213,0.284325420856476,0.217583537101746,0.219610512256622,0.290225833654404,0.325399130582809,0.357293695211411,0.35983482003212,0.320105969905853,0.330428421497345,0.289547979831696,0.272071450948715,0.337207704782486,0.305946737527847,0.0811227262020111,0,0,0.15732878446579,0.190642118453979,0.172359243035316,0.185301646590233,0.16911980509758,0.182939007878304,0.266896724700928,0.299077957868576,0.349469900131226,0.425233662128448,0.413455009460449,0.396708577871323,0.280664354562759,0,0,0.216466918587685,0.258147001266479,0.273240119218826,0.18806117773056,0,0,0,0,0,0,0,0,0,0,0,0.137092888355255,0.20846238732338,0.226237654685974,0.204079151153564,0.208869501948357,0.187644556164742,0.257635861635208,0.303366422653198,0.232865810394287,0.184123396873474,0.0666753724217415,0.214440390467644,0.266925394535065,0.111229665577412,0,0,0,0,0,0,0,0,0,0.202820047736168,0.143264010548592,0,0,0,0,0,0.114097125828266,0,0,0,0,0,0,0,0,0,0,0,0,0,0,0,0,0,0,0,0,0,0,0,0,0,0,0,0,0,0,0,0,0,0,0,0,0,0,0,0,0,0,0,0,0,0,0,0,0,0,0,0,0,0,269
Coburg,0,0,0,0,0,0,0,0,0,0,0,0,0,0,0,0,0,0,0,0,0,0,0,0,0,0,0,0,0,0,0,0,0,0,0,0,0,0,0,0,0,0,0,0,0,0,0,0,0,0,0,0,0,0,0,0,0,0,0,0,0,0,0,0,0,0,0,0,0,0,0,0,0,0,0,0,0,0,0,0,0,0,0,0,0,0,0,0,0,0,0,0,0,0,0,0,0,0,0,0,0,0,0,0,0,0,0,0,0,0,0,0,0,0,0,0,0,0,0,0,0,0,0,0,0,0,0,0,0,0,0,0,0,0,0,0,0,0,0,0,0,0,0,0,0,0,0,0,0,0,0,0,0,0,0,0,0,0,0,0,0,0,0,0.00364350597374141,0.00441229064017534,0.00182930531445891,0,0,0,0,0,0,0,0,0,0,0,0,0,0,0,0,0,0,0,0,0,0.0434289984405041,0.0584070831537247,0.062746062874794,0.056968804448843,0.0566234327852726,0.0738093852996826,0.0914856642484665,0.0839608013629913,0.0865539461374283,0.120607733726501,0.121234729886055,0,0.106623977422714,0.184738799929619,0.224096089601517,0.253185868263245,0.271652787923813,0.271971732378006,0.273407876491547,0.239669665694237,0.179604485630989,0.181542605161667,0.163489535450935,0.1534823179245,0.217189893126488,0.297797083854675,0.367532074451447,0.26694044470787,0.178114384412766,0,0,0.240239962935448,0.252753436565399,0.237948909401894,0.292055279016495,0.237437888979912,0.231697484850883,0,0.200832024216652,0.161195650696754,0.27006670832634,0.316278457641602,0.153403475880623,0.173808664083481,0.296306699514389,0.329228073358536,0.346517741680145,0.287192702293396,0.227161228656769,0.216740682721138,0.293202251195908,0.331647932529449,0.392743110656738,0.353263914585114,0.31634184718132,0.33097630739212,0.295394092798233,0.277456343173981,0.318598657846451,0.297091692686081,0.16104930639267,0,0,0.182885557413101,0.243238255381584,0.209863066673279,0.197596549987793,0.183179810643196,0.200092941522598,0.267691552639008,0.287693291902542,0.346552789211273,0.418476104736328,0.398169010877609,0.371240049600601,0.239829212427139,0,0,0.245096981525421,0.27507346868515,0.285188615322113,0.198521465063095,0,0,0,0,0,0,0,0,0,0,0.117860056459904,0.200081706047058,0.232847362756729,0.234188362956047,0.240916937589645,0.226281955838203,0.237846255302429,0.277140617370605,0.297198385000229,0.259043782949448,0.198084235191345,0.143436118960381,0.259759724140167,0.249397858977318,0.139303714036942,0,0,0,0,0,0,0,0.103018209338188,0,0.207754358649254,0.1762825101614,0,0,0,0,0,0.159321010112762,0,0,0,0,0,0,0,0,0,0,0,0,0,0,0,0,0,0,0,0,0,0,0,0,0,0,0,0,0,0,0,0,0,0,0,0,0,0,0,0,0,0,0,0,0,0,0,0,0,0,0,0,0,0,270
Hof,0,0,0,0,0,0,0,0,0,0,0,0,0,0,0,0,0,0,0,0,0,0,0,0,0,0,0,0,0,0,0,0,0,0,0,0,0,0,0,0,0,0,0,0,0,0,0,0,0,0,0,0,0,0,0,0,0,0,0,0,0,0,0,0,0,0,0,0,0,0,0,0,0,0,0,0,0,0,0,0,0,0,0,0,0,0,0,0,0,0,0,0,0,0,0,0,0,0,0,0,0,0,0,0,0,0,0,0,0,0,0,0,0,0,0,0,0,0,0,0,0,0,0,0,0,0,0,0,0,0,0,0,0,0,0,0,0,0,0,0,0,0,0,0,0,0,0,0,0,0,0,0,0,0,0,0,0,0,0,0,0,0,0,0.00130440702196211,0.00215339800342917,0.00130672205705196,0,0,0,0,0,0,0,0,0,0,0,0,0,0,0,0,0,0,0,0,0,0.0180941596627235,0.0256639514118433,0.0277692954987288,0.0255554430186749,0.024933410808444,0.0361511632800102,0.0501048862934113,0.0466260947287083,0.0502658449113369,0.075077697634697,0.0776301771402359,0,0.0682201758027077,0.122502237558365,0.15080238878727,0.178338393568993,0.191728115081787,0.199597179889679,0.191361889243126,0.17132456600666,0,0.0750200599431992,0,0,0.138860926032066,0.194297820329666,0.257841557264328,0.186138615012169,0.00233938079327345,0,0,0.13536824285984,0.181989327073097,0.153232663869858,0.222377449274063,0.144486755132675,0.122521132230759,0,0.1413704007864,0.00211998820304871,0.178659185767174,0.204805016517639,0.0913430079817772,0.113625474274158,0.220386385917664,0.202281266450882,0.214422732591629,0.112329006195068,0,0.103930979967117,0.184032946825027,0.231929212808609,0.266975462436676,0.272951245307922,0.242623716592789,0.238780274987221,0.189152747392654,0.179078936576843,0.227544218301773,0.206898033618927,0,0,0,0,0,0.00224590650759637,0.116875894367695,0.00208315486088395,0.00244992668740451,0.168948158621788,0.180569782853127,0.231697499752045,0.304316908121109,0.291026145219803,0.276772618293762,0.161909967660904,0,0,0.11895664036274,0.157036870718002,0.177709817886353,0.118159294128418,0,0,0,0,0,0,0,0,0,0,0,0.100185975432396,0.0898345038294792,0.118823572993279,0.138971537351608,0.11510119587183,0.124077349901199,0.179840862751007,0.208778321743011,0.154198378324509,0.123395934700966,0,0.140031218528748,0.160732120275497,0,0,0,0,0,0,0,0,0,0,0.121223390102386,0.0866875424981117,0,0,0,0,0,0,0,0,0,0,0,0,0,0,0,0,0,0,0,0,0,0,0,0,0,0,0,0,0,0,0,0,0,0,0,0,0,0,0,0,0,0,0,0,0,0,0,0,0,0,0,0,0,0,0,0,0,0,0,0,271
Bamberg,0,0,0,0,0,0,0,0,0,0,0,0,0,0,0,0,0,0,0,0,0,0,0,0,0,0,0,0,0,0,0,0,0,0,0,0,0,0,0,0,0,0,0,0,0,0,0,0,0,0,0,0,0,0,0,0,0,0,0,0,0,0,0,0,0,0,0,0,0,0,0,0,0,0,0,0,0,0,0,0,0,0,0,0,0,0,0,0,0,0,0,0,0,0,0,0,0,0,0,0,0,0,0,0,0,0,0,0,0,0,0,0,0,0,0,0,0,0,0,0,0,0,0,0,0,0,0,0,0,0,0,0,0,0,0,0,0,0,0,0,0,0,0,0,0,0,0,0,0,0,0,0,0,0,0,0,0,0,0,0,0,0,0,0.00724073592573404,0.00871728919446468,8.04821684141643e-05,0,0,0,0,0,0,0,0,0,0,0,0,0,0,0,0,0,0,0,0,0.0044407919049263,0.0612429194152355,0.0909472182393074,0.0907644852995872,0.089316613972187,0.081953302025795,0.106964237987995,0.121832266449928,0.117537766695023,0.130025133490562,0.164625123143196,0.185907110571861,0.0686214566230774,0.152482807636261,0.248564437031746,0.300486922264099,0.341521948575974,0.371564626693726,0.377592504024506,0.366409093141556,0.343814343214035,0.27931997179985,0.289195656776428,0.2528255879879,0.236827492713928,0.32086506485939,0.413541376590729,0.501925945281982,0.353083521127701,0.22402161359787,0,0.0678849294781685,0.353563576936722,0.371870130300522,0.326359480619431,0.426184356212616,0.329563051462173,0.359036237001419,0.154678553342819,0.318046122789383,0.246557265520096,0.384073913097382,0.411395579576492,0.238397732377052,0.276395708322525,0.43253281712532,0.46860870718956,0.49558424949646,0.452432990074158,0.364538103342056,0.351701885461807,0.424214333295822,0.46840301156044,0.530721426010132,0.474460273981094,0.459204524755478,0.481504797935486,0.454042226076126,0.411230593919754,0.487594813108444,0.441701859235764,0.244729936122894,0.177292495965958,0.08168014138937,0.289574503898621,0.366336166858673,0.337705254554749,0.283517926931381,0.288048833608627,0.322059631347656,0.409191340208054,0.443838715553284,0.525836765766144,0.607706367969513,0.590964019298553,0.564462125301361,0.42750558257103,0,0.100622646510601,0.380762726068497,0.424677163362503,0.425173699855804,0.321265429258347,0,0,0,0,0,0,0,0.0690680146217346,0,0,0.000382008758606389,0.257064014673233,0.316833794116974,0.346465170383453,0.343117207288742,0.333765149116516,0.324856221675873,0.407559126615524,0.452235460281372,0.392433911561966,0.31363433599472,0.219104111194611,0.388835817575455,0.395711958408356,0.198902651667595,0,0,0,0,0,0,0,0.00655360380187631,0,0.314412534236908,0.273881703615189,0,0,0,0,0,0.25503796339035,0,0,0,0,0,0,0,0,0,0,0,0,0,0,0,0,0,0,0,0,0,0,0,0,0,0,0,0,0,0,0,0,0,0,0,0,0,0,0,0,0,0,0,0,0,0,0,0,0,0,0,0,0,0,272
Bayreuth,0,0,0,0,0,0,0,0,0,0,0,0,0,0,0,0,0,0,0,0,0,0,0,0,0,0,0,0,0,0,0,0,0,0,0,0,0,0,0,0,0,0,0,0,0,0,0,0,0,0,0,0,0,0,0,0,0,0,0,0,0,0,0,0,0,0,0,0,0,0,0,0,0,0,0,0,0,0,0,0,0,0,0,0,0,0,0,0,0,0,0,0,0,0,0,0,0,0,0,0,0,0,0,0,0,0,0,0,0,0,0,0,0,0,0,0,0,0,0,0,0,0,0,0,0,0,0,0,0,0,0,0,0,0,0,0,0,0,0,0,0,0,0,0,0,0,0,0,0,0,0,0,0,0,0,0,0,0,0,0,0,0,0,0.00234041549265385,0.00401205290108919,0.0010713143274188,0,0,0,0,0,0,0,0,0,0,0,0,0,0,0,0,0,0,0,0,0.00105451932176948,0.0258053448051214,0.0393236055970192,0.0386836230754852,0.0378456190228462,0.037282470613718,0.0515785180032253,0.0694097727537155,0.0630593150854111,0.0709983259439468,0.0971680209040642,0.106923781335354,0.00343066640198231,0.0863548740744591,0.156292229890823,0.188654318451881,0.217259779572487,0.237658441066742,0.24498750269413,0.22990146279335,0.219938278198242,0.164519712328911,0.172966882586479,0.15157862007618,0.118875548243523,0.192046284675598,0.25645050406456,0.324403047561646,0.225836515426636,0.0890720263123512,0,0,0.194251328706741,0.22492852807045,0.192913025617599,0.29029592871666,0.192835316061974,0.193990737199783,0,0.193182796239853,0.0955769196152687,0.244076877832413,0.265847682952881,0.136301040649414,0.17457540333271,0.290874391794205,0.291874766349792,0.302716374397278,0.25926661491394,0.191223800182343,0.203369081020355,0.268184304237366,0.302740514278412,0.329255431890488,0.324722588062286,0.292935311794281,0.302483916282654,0.258553177118301,0.246725305914879,0.30755078792572,0.27604952454567,0.0448646657168865,0,8.95400080480613e-05,0.118591837584972,0.165871933102608,0.133167460560799,0.156911477446556,0.128961905837059,0.153548330068588,0.243501976132393,0.273569703102112,0.324455678462982,0.389016836881638,0.378967136144638,0.362109869718552,0.248437285423279,0,0,0.183614835143089,0.231683731079102,0.252780973911285,0.16385942697525,0,0,0,0,0,0,0,0,0,0,0.00742985121905804,0.119401320815086,0.190347120165825,0.206291049718857,0.193757265806198,0.191035538911819,0.177737265825272,0.237927496433258,0.272056013345718,0.20795102417469,0.164621219038963,0.0726639181375504,0.203704208135605,0.23542807996273,0.0731359794735909,0,0,0,0,0,0,0,0,0,0.182940676808357,0.125072628259659,0,0,0,0,0,0.0934712514281273,0,0,0,0,0,0,0,0,0,0,0,0,0,0,0,0,0,0,0,0,0,0,0,0,0,0,0,0,0,0,0,0,0,0,0,0,0,0,0,0,0,0,0,0,0,0,0,0,0,0,0,0,0,0,273
Coburg,0,0,0,0,0,0,0,0,0,0,0,0,0,0,0,0,0,0,0,0,0,0,0,0,0,0,0,0,0,0,0,0,0,0,0,0,0,0,0,0,0,0,0,0,0,0,0,0,0,0,0,0,0,0,0,0,0,0,0,0,0,0,0,0,0,0,0,0,0,0,0,0,0,0,0,0,0,0,0,0,0,0,0,0,0,0,0,0,0,0,0,0,0,0,0,0,0,0,0,0,0,0,0,0,0,0,0,0,0,0,0,0,0,0,0,0,0,0,0,0,0,0,0,0,0,0,0,0,0,0,0,0,0,0,0,0,0,0,0,0,0,0,0,0,0,0,0,0,0,0,0,0,0,0,0,0,0,0,0,0,0,0,0,0.00325249438174069,0.0039700586348772,0.000899152306374162,0,0,0,0,0,0,0,0,0,0,0,0,0,0,0,0,0,0,0,0,0,0.0405043251812458,0.055380042642355,0.0593131259083748,0.0539652183651924,0.0530455708503723,0.0694269463419914,0.0868463441729546,0.0798035338521004,0.0830369666218758,0.116144135594368,0.116611756384373,0,0.102223142981529,0.177863165736198,0.216209560632706,0.245087429881096,0.263593226671219,0.264830023050308,0.265100300312042,0.232361242175102,0.168534755706787,0.171047687530518,0.148013025522232,0.141748130321503,0.209432393312454,0.288117051124573,0.357588291168213,0.25729238986969,0.165875315666199,0,0,0.231636300683022,0.244302704930305,0.227403551340103,0.281643748283386,0.228562533855438,0.223568737506866,0.0333407372236252,0.194572508335114,0.149093762040138,0.262460857629776,0.304891169071198,0.134125366806984,0.158631443977356,0.288059651851654,0.319119304418564,0.335168302059174,0.274820744991302,0.212735339999199,0.205754369497299,0.281556576490402,0.320746839046478,0.379541367292404,0.342109143733978,0.308100670576096,0.320108115673065,0.282344818115234,0.264679253101349,0.308619260787964,0.284280121326447,0.140460431575775,0.0457303449511528,0,0.158359527587891,0.228377237915993,0.192352965474129,0.177969679236412,0.159491166472435,0.179236322641373,0.255260080099106,0.274812310934067,0.334482252597809,0.40654131770134,0.385471671819687,0.360788881778717,0.22742523252964,0,0.00533492444083095,0.230918481945992,0.26323589682579,0.274273842573166,0.187064617872238,0,0,0,0,0,0,0,0,0,0,0.0661917626857758,0.187066629528999,0.221459746360779,0.221078589558601,0.230441883206367,0.215973615646362,0.224362790584564,0.266650348901749,0.288699984550476,0.249000370502472,0.186819925904274,0.122472807765007,0.248301610350609,0.23847958445549,0.120903216302395,0,0,0,0,0,0,0,0.0669683292508125,0,0.200304120779037,0.168396338820457,0,0,0,0,0,0.149746909737587,0,0,0,0,0,0,0,0,0,0,0,0,0,0,0,0,0,0,0,0,0,0,0,0,0,0,0,0,0,0,0,0,0,0,0,0,0,0,0,0,0,0,0,0,0,0,0,0,0,0,0,0,0,0,274
Forchheim,0,0,0,0,0,0,0,0,0,0,0,0,0,0,0,0,0,0,0,0,0,0,0,0,0,0,0,0,0,0,0,0,0,0,0,0,0,0,0,0,0,0,0,0,0,0,0,0,0,0,0,0,0,0,0,0,0,0,0,0,0,0,0,0,0,0,0,0,0,0,0,0,0,0,0,0,0,0,0,0,0,0,0,0,0,0,0,0,0,0,0,0,0,0,0,0,0,0,0,0,0,0,0,0,0,0,0,0,0,0,0,0,0,0,0,0,0,0,0,0,0,0,0,0,0,0,0,0,0,0,0,0,0,0,0,0,0,0,0,0,0,0,0,0,0,0,0,0,0,0,0,0,0,0,0,0,0,0,0,0,0,0,0,0.00727673340588808,0.00914275646209717,0,0,0,0,0,0,0,0,0,0,0,0,0,0,0,0,0,0,0,0,0,0.0264893416315317,0.0583319738507271,0.0816936641931534,0.0813886076211929,0.0790061131119728,0.0724788904190063,0.0941630527377129,0.106788866221905,0.106884993612766,0.114892587065697,0.147717088460922,0.171918824315071,0.0848594829440117,0.148004084825516,0.229563906788826,0.27299901843071,0.310295641422272,0.337786465883255,0.346230387687683,0.319130212068558,0.314504593610764,0.254801869392395,0.265029340982437,0.234583482146263,0.206997364759445,0.292058557271957,0.376217007637024,0.453393697738647,0.300471037626266,0.181525841355324,0,0.0468654930591583,0.326406091451645,0.325342744588852,0.274405509233475,0.399635881185532,0.282254487276077,0.309014052152634,0.116838850080967,0.304931044578552,0.224357083439827,0.354671806097031,0.360002964735031,0.223700150847435,0.254231482744217,0.388689786195755,0.402026623487473,0.442884206771851,0.419203072786331,0.332078784704208,0.343717187643051,0.406916916370392,0.439264208078384,0.475302785634995,0.443889915943146,0.419889897108078,0.440926909446716,0.389874666929245,0.378630131483078,0.460952997207642,0.41377180814743,0.164196982979774,0.123979978263378,0.121137164533138,0.259313941001892,0.320772111415863,0.291302770376205,0.262623727321625,0.250135481357574,0.319090485572815,0.393093109130859,0.433432430028915,0.511345863342285,0.568111658096313,0.562537789344788,0.528954923152924,0.397038608789444,0,0.0495903119444847,0.328156679868698,0.386277347803116,0.415100425481796,0.296161264181137,9.7458265372552e-05,0,0,0,0,0,0,0.0418803505599499,0,0,0.094341978430748,0.27454486489296,0.319088041782379,0.344757825136185,0.337160766124725,0.324753701686859,0.321866124868393,0.397042095661163,0.424812257289886,0.352204203605652,0.283712208271027,0.225731432437897,0.375539004802704,0.375744760036469,0.142169415950775,0,0,0,0,0,0,0,0,0,0.310075134038925,0.242338538169861,0,0,0,0,0,0.23356106877327,0,0,0,0,0,0,0,0,0,0,0,0,0,0,0,0,0,0,0,0,0,0,0,0,0,0,0,0,0,0,0,0,0,0,0,0,0,0,0,0,0,0,0,0,0,0,0,0,0,0,0,0,0,0,275
Hof,0,0,0,0,0,0,0,0,0,0,0,0,0,0,0,0,0,0,0,0,0,0,0,0,0,0,0,0,0,0,0,0,0,0,0,0,0,0,0,0,0,0,0,0,0,0,0,0,0,0,0,0,0,0,0,0,0,0,0,0,0,0,0,0,0,0,0,0,0,0,0,0,0,0,0,0,0,0,0,0,0,0,0,0,0,0,0,0,0,0,0,0,0,0,0,0,0,0,0,0,0,0,0,0,0,0,0,0,0,0,0,0,0,0,0,0,0,0,0,0,0,0,0,0,0,0,0,0,0,0,0,0,0,0,0,0,0,0,0,0,0,0,0,0,0,0,0,0,0,0,0,0,0,0,0,0,0,0,0,0,0,0,0,0.000985921476967633,0.00164482614491135,0.000904242275282741,0,0,0,0,0,0,0,0,0,0,0,0,0,0,0,0,0,0,0,0,0,0.014096811413765,0.0205524973571301,0.0220519080758095,0.0204010754823685,0.0200854577124119,0.02816416695714,0.0394587814807892,0.0377172082662582,0.0402920544147491,0.060101754963398,0.0612509809434414,0,0.0537693463265896,0.0977741852402687,0.119601354002953,0.141980856657028,0.153452828526497,0.159340187907219,0.151582643389702,0.135912030935287,0.0248911883682013,0.0474532544612885,0.00394039368256927,0.00625059055164456,0.108643934130669,0.154412508010864,0.207204818725586,0.148238956928253,0.0254683531820774,0,0,0.10860089212656,0.14356055855751,0.120938077569008,0.176477283239365,0.115121938288212,0.0997656956315041,0,0.113903872668743,0.0183959901332855,0.145042985677719,0.162287414073944,0.0361131131649017,0.0828893855214119,0.175486907362938,0.161737367510796,0.170767843723297,0.0958812460303307,0.00978334341198206,0.067974641919136,0.144739657640457,0.182060748338699,0.211359083652496,0.215123519301414,0.188179433345795,0.187083527445793,0.149149611592293,0.138444319367409,0.177969098091125,0.160249382257462,0,0,0,0.0013225874863565,0.010161011479795,0.0122454613447189,0.0882892981171608,0.011496533639729,0.0133815174922347,0.128397986292839,0.138570934534073,0.181861579418182,0.239310294389725,0.227243930101395,0.215883404016495,0.124348700046539,0,0,0.0913522019982338,0.123872011899948,0.139726057648659,0.0880553871393204,0,0,0,0,0,0,0,0,0,0,0,0.0663667321205139,0.0579101778566837,0.0877992883324623,0.108073100447655,0.0896483585238457,0.093442901968956,0.140191093087196,0.162569433450699,0.12110012024641,0.0958384722471237,0,0.11006123572588,0.125216916203499,0,0,0,0,0,0,0,0,0,0.00074495398439467,0.0961011499166489,0.0640947297215462,0,0,0,0,0,0.0112907644361258,0,0,0,0,0,0,0,0,0,0,0,0,0,0,0,0,0,0,0,0,0,0,0,0,0,0,0,0,0,0,0,0,0,0,0,0,0,0,0,0,0,0,0,0,0,0,0,0,0,0,0,0,0,0,276
Kronach,0,0,0,0,0,0,0,0,0,0,0,0,0,0,0,0,0,0,0,0,0,0,0,0,0,0,0,0,0,0,0,0,0,0,0,0,0,0,0,0,0,0,0,0,0,0,0,0,0,0,0,0,0,0,0,0,0,0,0,0,0,0,0,0,0,0,0,0,0,0,0,0,0,0,0,0,0,0,0,0,0,0,0,0,0,0,0,0,0,0,0,0,0,0,0,0,0,0,0,0,0,0,0,0,0,0,0,0,0,0,0,0,0,0,0,0,0,0,0,0,0,0,0,0,0,0,0,0,0,0,0,0,0,0,0,0,0,0,0,0,0,0,0,0,0,0,0,0,0,0,0,0,0,0,0,0,0,0,0,0,0,0,0,0.00119072385132313,0.00184552639257163,0.000680741446558386,0,0,0,0,0,0,0,0,0,0,0,0,0,0,0,0,0,0,0,0,0,0.0229482799768448,0.032432921230793,0.0352825298905373,0.0320905409753323,0.0314856581389904,0.042778879404068,0.0572685301303864,0.0526109710335732,0.0561407916247845,0.0822478532791138,0.0817482396960258,0,0.0724284201860428,0.133547887206078,0.163125604391098,0.189003229141235,0.20440411567688,0.209467053413391,0.200111404061317,0.179211899638176,0.0733545497059822,0.07679383456707,0.051839854568243,0.06130251288414,0.152768164873123,0.214756041765213,0.282278180122375,0.197223231196404,0.0762815400958061,0,0,0.16043521463871,0.18638676404953,0.163288712501526,0.226996824145317,0.161995083093643,0.155098259449005,0,0.150101900100708,0.0479884333908558,0.203850299119949,0.226542234420776,0.0495711974799633,0.0770751610398293,0.233540564775467,0.230730921030045,0.24318639934063,0.172882899641991,0.0905051454901695,0.117257289588451,0.204708054661751,0.246537655591965,0.287456125020981,0.271391302347183,0.235478729009628,0.242119997739792,0.204549685120583,0.1820218116045,0.230293199419975,0.206308633089066,0.0469607934355736,0,0,0.0551904290914536,0.0922663658857346,0.0624603480100632,0.0945904403924942,0.054302129894495,0.05916653200984,0.174458026885986,0.191600784659386,0.251750767230988,0.318397164344788,0.297539889812469,0.280741691589355,0.155892059206963,0,0,0.141527593135834,0.175185397267342,0.199728459119797,0.0950284749269485,0,0,0,0,0,0,0,0,0,0,0,0.117274180054665,0.143830105662346,0.13751257956028,0.165398001670837,0.139294907450676,0.146865710616112,0.189725697040558,0.21134826540947,0.165815263986588,0.128835156559944,0.0442524552345276,0.168291062116623,0.165705218911171,0.039755817502737,0,0,0,0,0,0,0,0,0,0.141873344779015,0.0971165522933006,0,0,0,0,0,0.099848560988903,0,0,0,0,0,0,0,0,0,0,0,0,0,0,0,0,0,0,0,0,0,0,0,0,0,0,0,0,0,0,0,0,0,0,0,0,0,0,0,0,0,0,0,0,0,0,0,0,0,0,0,0,0,0,277
Kulmbach,0,0,0,0,0,0,0,0,0,0,0,0,0,0,0,0,0,0,0,0,0,0,0,0,0,0,0,0,0,0,0,0,0,0,0,0,0,0,0,0,0,0,0,0,0,0,0,0,0,0,0,0,0,0,0,0,0,0,0,0,0,0,0,0,0,0,0,0,0,0,0,0,0,0,0,0,0,0,0,0,0,0,0,0,0,0,0,0,0,0,0,0,0,0,0,0,0,0,0,0,0,0,0,0,0,0,0,0,0,0,0,0,0,0,0,0,0,0,0,0,0,0,0,0,0,0,0,0,0,0,0,0,0,0,0,0,0,0,0,0,0,0,0,0,0,0,0,0,0,0,0,0,0,0,0,0,0,0,0,0,0,0,0,0.00153074599802494,0.00269546383060515,0.00134918105322868,0,0,0,0,0,0,0,0,0,0,0,0,0,0,0,0,0,0,0,0,0,0.0250862296670675,0.0371819920837879,0.0391945764422417,0.0368952751159668,0.0368912518024445,0.0501977205276489,0.0663279667496681,0.0601021610200405,0.0664577186107635,0.0914074406027794,0.0963771268725395,0,0.0805679932236671,0.147335767745972,0.178622603416443,0.204641252756119,0.222317606210709,0.229635506868362,0.219285279512405,0.20551486313343,0.136297479271889,0.144889876246452,0.10758438706398,0.108023390173912,0.177359998226166,0.237509772181511,0.305493175983429,0.220899939537048,0.110470727086067,0,0,0.178887262940407,0.213684678077698,0.189928889274597,0.264107465744019,0.190398454666138,0.181464105844498,0,0.17727018892765,0.0759221836924553,0.227533712983131,0.250031024217606,0.105050317943096,0.150105565786362,0.266530990600586,0.266808092594147,0.277161300182343,0.218335464596748,0.161334604024887,0.163274899125099,0.235257774591446,0.273024648427963,0.313179552555084,0.3039470911026,0.266862720251083,0.276831030845642,0.245815619826317,0.221208095550537,0.272590547800064,0.249609664082527,0.0853271037340164,0,0,0.0999557077884674,0.153306931257248,0.109783865511417,0.152861744165421,0.102730192244053,0.10952465981245,0.214567467570305,0.232969790697098,0.28535059094429,0.355319321155548,0.338375449180603,0.321605950593948,0.214184924960136,0,0,0.182936981320381,0.213257014751434,0.222767531871796,0.152333155274391,0,0,0,0,0,0,0,0,0,0,0,0.112794041633606,0.168299064040184,0.175912961363792,0.174425840377808,0.159117013216019,0.154922813177109,0.210366725921631,0.245580732822418,0.193805024027824,0.152921438217163,0.0344286821782589,0.182400420308113,0.207406923174858,0.0668812021613121,0,0,0,0,0,0,0,0,0,0.161448866128922,0.116420224308968,0,0,0,0,0,0.101048149168491,0,0,0,0,0,0,0,0,0,0,0,0,0,0,0,0,0,0,0,0,0,0,0,0,0,0,0,0,0,0,0,0,0,0,0,0,0,0,0,0,0,0,0,0,0,0,0,0,0,0,0,0,0,0,278
Lichtenfels,0,0,0,0,0,0,0,0,0,0,0,0,0,0,0,0,0,0,0,0,0,0,0,0,0,0,0,0,0,0,0,0,0,0,0,0,0,0,0,0,0,0,0,0,0,0,0,0,0,0,0,0,0,0,0,0,0,0,0,0,0,0,0,0,0,0,0,0,0,0,0,0,0,0,0,0,0,0,0,0,0,0,0,0,0,0,0,0,0,0,0,0,0,0,0,0,0,0,0,0,0,0,0,0,0,0,0,0,0,0,0,0,0,0,0,0,0,0,0,0,0,0,0,0,0,0,0,0,0,0,0,0,0,0,0,0,0,0,0,0,0,0,0,0,0,0,0,0,0,0,0,0,0,0,0,0,0,0,0,0,0,0,0,0.00353437033481896,0.0044566597789526,0.00105231953784823,0,0,0,0,0,0,0,0,0,0,0,0,0,0,0,0,0,0,0,0,0,0.0406578816473484,0.0569913201034069,0.0601543076336384,0.0550667904317379,0.0530080571770668,0.0715835243463516,0.0874130427837372,0.0804248452186584,0.0865474864840508,0.117153815925121,0.122960917651653,0,0.1033800765872,0.184169441461563,0.222134366631508,0.253881752490997,0.2739417552948,0.275483071804047,0.272562086582184,0.246483534574509,0.187960803508759,0.194401815533638,0.17303229868412,0.154308751225471,0.224623173475266,0.298826366662979,0.37536147236824,0.26820895075798,0.167300194501877,0,0,0.241471812129021,0.260722070932388,0.239108175039291,0.313438445329666,0.240672692656517,0.243066117167473,0.000124612095532939,0.21049377322197,0.147394239902496,0.276018798351288,0.31618732213974,0.152596712112427,0.17861370742321,0.312251299619675,0.337758153676987,0.352056562900543,0.306726157665253,0.239711746573448,0.227739378809929,0.301957488059998,0.341729342937469,0.399743765592575,0.352450668811798,0.320147216320038,0.342491388320923,0.318447560071945,0.288372427225113,0.336097121238708,0.311514675617218,0.162204161286354,0.0484091527760029,0,0.180293053388596,0.242526993155479,0.211873054504395,0.201957374811172,0.190125286579132,0.210772663354874,0.281618148088455,0.299934923648834,0.369619399309158,0.441518425941467,0.420705318450928,0.394854366779327,0.271991938352585,0,0.000124173646327108,0.255036622285843,0.28950023651123,0.297017365694046,0.208870753645897,0,0,0,0,0,0,0,0,0,0,0.00610065460205078,0.19313271343708,0.247183844447136,0.25462943315506,0.249869346618652,0.235622987151146,0.235536694526672,0.288441866636276,0.314020425081253,0.266053587198257,0.210327968001366,0.139812767505646,0.27491369843483,0.275584071874619,0.132913336157799,0,0,0,0,0,0,0,0.00543354451656342,0,0.221033871173859,0.179563388228416,0,0,0,0,0,0.173853740096092,0,0,0,0,0,0,0,0,0,0,0,0,0,0,0,0,0,0,0,0,0,0,0,0,0,0,0,0,0,0,0,0,0,0,0,0,0,0,0,0,0,0,0,0,0,0,0,0,0,0,0,0,0,0,279
Wunsiedel i.Fichtelgebirge,0,0,0,0,0,0,0,0,0,0,0,0,0,0,0,0,0,0,0,0,0,0,0,0,0,0,0,0,0,0,0,0,0,0,0,0,0,0,0,0,0,0,0,0,0,0,0,0,0,0,0,0,0,0,0,0,0,0,0,0,0,0,0,0,0,0,0,0,0,0,0,0,0,0,0,0,0,0,0,0,0,0,0,0,0,0,0,0,0,0,0,0,0,0,0,0,0,0,0,0,0,0,0,0,0,0,0,0,0,0,0,0,0,0,0,0,0,0,0,0,0,0,0,0,0,0,0,0,0,0,0,0,0,0,0,0,0,0,0,0,0,0,0,0,0,0,0,0,0,0,0,0,0,0,0,0,0,0,0,0,0,0,0,0.000522071844898164,0.00110134726855904,0.000792935083154589,0,0,0,0,0,0,0,0,0,0,0,0,0,0,0,0,0,0,0,0,0,0.00838413741439581,0.0134952524676919,0.0139843141660094,0.0137518513947725,0.0134900528937578,0.0201118718832731,0.0301777478307486,0.0230055823922157,0.0290404595434666,0.0453621186316013,0.0481224246323109,0,0.0374110080301762,0.0771959125995636,0.0932538211345673,0.109102666378021,0.119071416556835,0.124688938260078,0.120714791119099,0.109539985656738,0.0498092621564865,0.0632871463894844,0.0300922617316246,0.00167414464522153,0.0848191827535629,0.122709348797798,0.161351889371872,0.116821311414242,0,0,0,0.0767800658941269,0.10992032289505,0.0893739238381386,0.146391808986664,0.0833040997385979,0.0744208991527557,0,0.0754722133278847,0,0.111008256673813,0.136851966381073,0.0363509133458138,0.0688111484050751,0.147147566080093,0.138114362955093,0.139455914497375,0.0787917673587799,0.0027699857018888,0.0692665055394173,0.118867665529251,0.149769186973572,0.165266945958138,0.172321990132332,0.155632227659225,0.152898699045181,0.113847002387047,0.111260436475277,0.147409737110138,0.132767930626869,0,0,0,0,0.00113490805961192,0,0.00384891871362925,0.00240058545023203,0.00232955510728061,0.10750000923872,0.121249347925186,0.147735834121704,0.194106787443161,0.187595322728157,0.180681258440018,0.101994767785072,0,0,0.0398916862905025,0.0909134149551392,0.108417168259621,0.0385237522423267,0,0,0,0,0,0,0,0,0,0,0,0.00228865235112607,0.0661762431263924,0.0761179998517036,0.0819109156727791,0.0692703500390053,0.0711557865142822,0.104341082274914,0.125620454549789,0.0863445475697517,0.0666806697845459,0,0.079908475279808,0.0969554409384727,0,0,0,0,0,0,0,0,0,0,0.0710667446255684,0.0303792394697666,0,0,0,0,0,0,0,0,0,0,0,0,0,0,0,0,0,0,0,0,0,0,0,0,0,0,0,0,0,0,0,0,0,0,0,0,0,0,0,0,0,0,0,0,0,0,0,0,0,0,0,0,0,0,0,0,0,0,0,0,280
Ansbach,0,0,0,0,0,0,0,0,0,0,0,0,0,0,0,0,0,0,0,0,0,0,0,0,0,0,0,0,0,0,0,0,0,0,0,0,0,0,0,0,0,0,0,0,0,0,0,0,0,0,0,0,0,0,0,0,0,0,0,0,0,0,0,0,0,0,0,0,0,0,0,0,0,0,0,0,0,0,0,0,0,0,0,0,0,0,0,0,0,0,0,0,0,0,0,0,0,0,0,0,0,0,0,0,0,0,0,0,0,0,0,0,0,0,0,0,0,0,0,0,0,0,0,0,0,0,0,0,0,0,0,0,0,0,0,0,0,0,0,0,0,0,0,0,0,0,0,0,0,0,0,0,0,0,0,0,0,0,0,0,0,0,0,0.00559014547616243,0.00567838363349438,0,0,0,0,0,0,0,0,0,0,0,0,0,0,0,0,0,0,0,0,0,0,0.0326802656054497,0.0499779805541039,0.0552578493952751,0.0582704544067383,0.0483692027628422,0.0663384795188904,0.0684910789132118,0.0765223354101181,0.0873988419771194,0.118582487106323,0.130255073308945,0.060732651501894,0.112203657627106,0.168277397751808,0.207107394933701,0.236327305436134,0.252390027046204,0.278653830289841,0.250148892402649,0.238205954432487,0.20218962430954,0.235221222043037,0.202711537480354,0.167160913348198,0.236659601330757,0.300608307123184,0.35706639289856,0.217235028743744,0,0,0.126398324966431,0.264511555433273,0.270862191915512,0.185180485248566,0.295105785131454,0.206002742052078,0.243928030133247,0.128589496016502,0.227142810821533,0.193857759237289,0.302499622106552,0.228149130940437,0.177358448505402,0.17977337539196,0.310774832963943,0.296290189027786,0.343780279159546,0.337079375982285,0.255230516195297,0.258139044046402,0.294815361499786,0.34903547167778,0.3510682284832,0.338249534368515,0.307665914297104,0.344016939401627,0.294198960065842,0.27250075340271,0.343740195035934,0.30562224984169,0.123414687812328,0,0.0988173112273216,0.194870978593826,0.258115500211716,0.211969599127769,0.140741810202599,0.0256852302700281,0.209648624062538,0.268855929374695,0.3316770195961,0.385498881340027,0.421940177679062,0.425575762987137,0.402793496847153,0.291848510503769,0,0,0.236504271626472,0.284892439842224,0.319090127944946,0.221854105591774,0.0216147303581238,0,0,0,0,0,0,0,0,0,0,0.0508415475487709,0.172064453363419,0.199259400367737,0.200586453080177,0.219566479325294,0.205970481038094,0.27136418223381,0.30077737569809,0.248944342136383,0.178778722882271,0.156424030661583,0.266410022974014,0.260942220687866,0,0,0,0,0,0,0,0,0,0,0.219862416386604,0.163257345557213,0,0,0,0,0,0.157747432589531,0,0,0,0,0,0,0,0,0,0,0,0,0,0,0,0,0,0,0,0,0,0,0,0,0,0,0,0,0,0,0,0,0,0,0,0,0,0,0,0,0,0,0,0,0,0,0,0,0,0,0,0,0,0,281
Erlangen,0,0,0,0,0,0,0,0,0,0,0,0,0,0,0,0,0,0,0,0,0,0,0,0,0,0,0,0,0,0,0,0,0,0,0,0,0,0,0,0,0,0,0,0,0,0,0,0,0,0,0,0,0,0,0,0,0,0,0,0,0,0,0,0,0,0,0,0,0,0,0,0,0,0,0,0,0,0,0,0,0,0,0,0,0,0,0,0,0,0,0,0,0,0,0,0,0,0,0,0,0,0,0,0,0,0,0,0,0,0,0,0,0,0,0,0,0,0,0,0,0,0,0,0,0,0,0,0,0,0,0,0,0,0,0,0,0,0,0,0,0,0,0,0,0,0,0,0,0,0,0,0,0,0,0,0,0,0,0,0,0,0,0,0.0147503428161144,0.0174474958330393,0,0,0,0,0,0,0,0,0,0,0,0,0,0,0,0,0,0,0,0,0,0.0592765361070633,0.115542858839035,0.161290600895882,0.160567104816437,0.160141095519066,0.144222527742386,0.173937395215034,0.188319370150566,0.194247052073479,0.201439440250397,0.259736746549606,0.306281805038452,0.188324511051178,0.263055235147476,0.384908765554428,0.458501219749451,0.518792033195496,0.563343286514282,0.580123364925385,0.529265642166138,0.534002304077148,0.447068929672241,0.465656846761703,0.417591273784637,0.373636603355408,0.494198441505432,0.631205439567566,0.746314346790314,0.502515375614166,0.34514856338501,0,0.280313789844513,0.566547870635986,0.558553040027618,0.474346458911896,0.658783316612244,0.488713771104813,0.533802807331085,0.313553631305695,0.51540994644165,0.422611057758331,0.605452477931976,0.590823531150818,0.429234027862549,0.448283493518829,0.639906048774719,0.669114053249359,0.738282024860382,0.699090838432312,0.567852675914764,0.578028798103333,0.664781928062439,0.71070659160614,0.781876266002655,0.745507538318634,0.709693610668182,0.750069558620453,0.667042076587677,0.650797009468079,0.768667697906494,0.712913513183594,0.381623089313507,0.358161062002182,0.347488403320313,0.494430243968964,0.576906740665436,0.538361549377441,0.450365602970123,0.469848066568375,0.547249913215637,0.661234676837921,0.737652122974396,0.844202220439911,0.92546534538269,0.930274605751038,0.871009886264801,0.687759459018707,0,0.330350935459137,0.592901706695557,0.66144061088562,0.70161634683609,0.523238241672516,0.257746636867523,0,0,0,0,0,0,0.009293207898736,0,0,0,0.421701580286026,0.482206076383591,0.537883400917053,0.540622055530548,0.532262742519379,0.534839749336243,0.649440467357635,0.708830535411835,0.60980749130249,0.480033874511719,0.39111602306366,0.641574263572693,0.628278315067291,0.327062487602234,0,0,0,0,0,0,0,0,0,0.51444000005722,0.427798748016357,0,0,0,0,0,0.401725262403488,0,0,0,0,0,0,0,0,0,0,0,0,0,0,0,0,0,0,0,0,0,0,0,0,0,0,0,0,0,0,0,0,0,0,0,0,0,0,0,0,0,0,0,0,0,0,0,0,0,0,0,0,0,0,282
Fürth,0,0,0,0,0,0,0,0,0,0,0,0,0,0,0,0,0,0,0,0,0,0,0,0,0,0,0,0,0,0,0,0,0,0,0,0,0,0,0,0,0,0,0,0,0,0,0,0,0,0,0,0,0,0,0,0,0,0,0,0,0,0,0,0,0,0,0,0,0,0,0,0,0,0,0,0,0,0,0,0,0,0,0,0,0,0,0,0,0,0,0,0,0,0,0,0,0,0,0,0,0,0,0,0,0,0,0,0,0,0,0,0,0,0,0,0,0,0,0,0,0,0,0,0,0,0,0,0,0,0,0,0,0,0,0,0,0,0,0,0,0,0,0,0,0,0,0,0,0,0,0,0,0,0,0,0,0,0,0,0,0,0,0,0.0148011576384306,0.0175033658742905,0,0,0,0,0,0,0,0,0,0,0,0,0,0,0,0,0,0,0,0,0,0.0590883083641529,0.115716055035591,0.161480188369751,0.160805180668831,0.16035932302475,0.144374862313271,0.17391112446785,0.188278675079346,0.194487124681473,0.201349377632141,0.259955912828445,0.306634694337845,0.188808023929596,0.263307243585587,0.385013669729233,0.458650499582291,0.519007205963135,0.563490927219391,0.580455839633942,0.529060184955597,0.534186363220215,0.447469711303711,0.466165900230408,0.418374359607697,0.373507469892502,0.49406310915947,0.63119500875473,0.746279418468475,0.501961052417755,0.344546973705292,0,0.281061798334122,0.566686630249023,0.558250725269318,0.473625391721725,0.658620953559875,0.48816591501236,0.533123672008514,0.31350702047348,0.514959454536438,0.422760814428329,0.60538786649704,0.589709937572479,0.429614156484604,0.447609156370163,0.639350771903992,0.667911648750305,0.737317502498627,0.698450028896332,0.567014634609222,0.577445089817047,0.663831233978271,0.709974408149719,0.780653655529022,0.745016157627106,0.708729326725006,0.749404728412628,0.665546774864197,0.650103032588959,0.767662465572357,0.712239027023315,0.380195051431656,0.358292490243912,0.348795294761658,0.493789702653885,0.575617015361786,0.53745824098587,0.449287593364716,0.468957126140594,0.546180784702301,0.660194873809814,0.737015604972839,0.843137264251709,0.923839747905731,0.929093658924103,0.869660377502441,0.686584711074829,0,0.329844206571579,0.591349840164185,0.65971827507019,0.700874924659729,0.522321820259094,0.264726191759109,0,0,0,0,0,0,0,0,0,0,0.419758915901184,0.480100959539413,0.535726070404053,0.538994491100311,0.531081438064575,0.533581972122192,0.647879302501678,0.706882297992706,0.608017921447754,0.478237986564636,0.390550851821899,0.640520811080933,0.626467764377594,0.325899243354797,0,0,0,0,0,0,0,0,0,0.513360381126404,0.426356971263885,0,0,0,0,0,0.399925768375397,0,0,0,0,0,0,0,0,0,0,0,0,0,0,0,0,0,0,0,0,0,0,0,0,0,0,0,0,0,0,0,0,0,0,0,0,0,0,0,0,0,0,0,0,0,0,0,0,0,0,0,0,0,0,283
Nürnberg,0,0,0,0,0,0,0,0,0,0,0,0,0,0,0,0,0,0,0,0,0,0,0,0,0,0,0,0,0,0,0,0,0,0,0,0,0,0,0,0,0,0,0,0,0,0,0,0,0,0,0,0,0,0,0,0,0,0,0,0,0,0,0,0,0,0,0,0,0,0,0,0,0,0,0,0,0,0,0,0,0,0,0,0,0,0,0,0,0,0,0,0,0,0,0,0,0,0,0,0,0,0,0,0,0,0,0,0,0,0,0,0,0,0,0,0,0,0,0,0,0,0,0,0,0,0,0,0,0,0,0,0,0,0,0,0,0,0,0,0,0,0,0,0,0,0,0,0,0,0,0,0,0,0,0,0,0,0,0,0,0,0,0,0.00924105569720268,0.0112910298630595,0,0,0,0,0,0,0,0,0,0,0,0,0,0,0,0,0,0,0,0,0,0.0181288290768862,0.0719267800450325,0.103467792272568,0.104460410773754,0.10235284268856,0.0919318422675133,0.111591652035713,0.123889118432999,0.131179511547089,0.133981004357338,0.176027491688728,0.210840478539467,0.125691547989845,0.175152197480202,0.263944625854492,0.317832559347153,0.361972540616989,0.393003672361374,0.408807635307312,0.370854914188385,0.375047594308853,0.318130403757095,0.331144601106644,0.305470019578934,0.247564628720284,0.342072933912277,0.442462921142578,0.531541764736176,0.34920471906662,0.224924013018608,0,0.112782128155231,0.392229825258255,0.388638287782669,0.322344064712524,0.4758180975914,0.337974011898041,0.367954641580582,0.20837128162384,0.360672563314438,0.292390912771225,0.427126288414001,0.413890212774277,0.301504164934158,0.30593940615654,0.461073160171509,0.473184585571289,0.524927794933319,0.501285552978516,0.393941134214401,0.408562332391739,0.470779895782471,0.514733970165253,0.554918110370636,0.53091835975647,0.498346567153931,0.533773899078369,0.465064406394958,0.463566035032272,0.548085689544678,0.507030189037323,0.225834205746651,0.237504094839096,0.255890339612961,0.335844397544861,0.396842807531357,0.370370388031006,0.314399629831314,0.328266859054565,0.377608239650726,0.467465430498123,0.534215569496155,0.615250885486603,0.675430953502655,0.680966079235077,0.642740845680237,0.494439989328384,0,0.0934546291828156,0.41209414601326,0.464157700538635,0.510847687721252,0.374562740325928,0.0488107018172741,0,0,0,0,0,0,0,0,0,0,0.284417390823364,0.329783052206039,0.372330337762833,0.382708758115768,0.381110221147537,0.379558324813843,0.476155638694763,0.509592652320862,0.428574979305267,0.338286876678467,0.275839358568192,0.464054018259048,0.454315811395645,0.222840458154678,0,0,0,0,0,0,0,0,0,0.385054171085358,0.305465310811996,0,0,0,0,0,0.283326268196106,0,0,0,0,0,0,0,0,0,0,0,0,0,0,0,0,0,0,0,0,0,0,0,0,0,0,0,0,0,0,0,0,0,0,0,0,0,0,0,0,0,0,0,0,0,0,0,0,0,0,0,0,0,0,284
Schwabach,0,0,0,0,0,0,0,0,0,0,0,0,0,0,0,0,0,0,0,0,0,0,0,0,0,0,0,0,0,0,0,0,0,0,0,0,0,0,0,0,0,0,0,0,0,0,0,0,0,0,0,0,0,0,0,0,0,0,0,0,0,0,0,0,0,0,0,0,0,0,0,0,0,0,0,0,0,0,0,0,0,0,0,0,0,0,0,0,0,0,0,0,0,0,0,0,0,0,0,0,0,0,0,0,0,0,0,0,0,0,0,0,0,0,0,0,0,0,0,0,0,0,0,0,0,0,0,0,0,0,0,0,0,0,0,0,0,0,0,0,0,0,0,0,0,0,0,0,0,0,0,0,0,0,0,0,0,0,0,0,0,0,0,0.00787397939711809,0.00938908290117979,0,0,0,0,0,0,0,0,0,0,0,0,0,0,0,0,0,0,0,0,0,0,0.0569017641246319,0.0834424495697021,0.0859903544187546,0.0836117789149284,0.0733904093503952,0.0891165062785149,0.0981026738882065,0.106932520866394,0.109482407569885,0.143756911158562,0.171587646007538,0.103162594139576,0.142268523573875,0.212405487895012,0.255853772163391,0.291077047586441,0.314638137817383,0.331336915493011,0.297401487827301,0.300254970788956,0.257285267114639,0.270746022462845,0.252772688865662,0.199806198477745,0.276855558156967,0.354611784219742,0.424552738666534,0.276464104652405,0.175692230463028,0,0.130585610866547,0.315362930297852,0.312213689088821,0.253874450922012,0.378547728061676,0.267637580633163,0.292026519775391,0.172181576490402,0.281141936779022,0.234938427805901,0.343869984149933,0.320654094219208,0.246440246701241,0.240481808781624,0.365299671888351,0.369842052459717,0.412707358598709,0.396553337574005,0.312838703393936,0.322067111730576,0.368408262729645,0.407151013612747,0.434063583612442,0.414737015962601,0.387056112289429,0.42040690779686,0.365235954523087,0.366858959197998,0.428611606359482,0.399404555559158,0.175229504704475,0.193488612771034,0.209817856550217,0.26123520731926,0.312044769525528,0.290901601314545,0.24176974594593,0.256343841552734,0.29331186413765,0.363193392753601,0.418928921222687,0.479312032461166,0.525463223457336,0.531841576099396,0.503750741481781,0.387229055166245,0,0.143481835722923,0.31940022110939,0.358838617801666,0.400204092264175,0.292560338973999,0,0,0,0,0,0,0,0,0,0,0,0.20267553627491,0.24375618994236,0.277606606483459,0.284745633602142,0.288928031921387,0.284309059381485,0.361118167638779,0.387156009674072,0.325696289539337,0.255218029022217,0.21396978199482,0.353627651929855,0.343510895967484,0.16454005241394,0,0,0,0,0,0,0,0,0,0.29347750544548,0.231857314705849,0,0,0,0,0,0.211208924651146,0,0,0,0,0,0,0,0,0,0,0,0,0,0,0,0,0,0,0,0,0,0,0,0,0,0,0,0,0,0,0,0,0,0,0,0,0,0,0,0,0,0,0,0,0,0,0,0,0,0,0,0,0,0,285
Ansbach,0,0,0,0,0,0,0,0,0,0,0,0,0,0,0,0,0,0,0,0,0,0,0,0,0,0,0,0,0,0,0,0,0,0,0,0,0,0,0,0,0,0,0,0,0,0,0,0,0,0,0,0,0,0,0,0,0,0,0,0,0,0,0,0,0,0,0,0,0,0,0,0,0,0,0,0,0,0,0,0,0,0,0,0,0,0,0,0,0,0,0,0,0,0,0,0,0,0,0,0,0,0,0,0,0,0,0,0,0,0,0,0,0,0,0,0,0,0,0,0,0,0,0,0,0,0,0,0,0,0,0,0,0,0,0,0,0,0,0,0,0,0,0,0,0,0,0,0,0,0,0,0,0,0,0,0,0,0,0,0,0,0,0,0.00617848010733724,0.00590855767950416,0,0,0,0,0,0,0,0,0,0,0,0,0,0,0,0,0,0,0,0,0,0.00115293741691858,0.0349564179778099,0.0514743849635124,0.0564879439771175,0.0586924441158772,0.0473713539540768,0.0673446878790855,0.0694967433810234,0.079011008143425,0.08803341537714,0.121895492076874,0.135014742612839,0.0676783099770546,0.117516532540321,0.174848765134811,0.214590817689896,0.245235070586205,0.260796278715134,0.287644118070602,0.260284066200256,0.244341835379601,0.206243053078651,0.241437673568726,0.206057593226433,0.163161411881447,0.241037786006927,0.310793668031693,0.369321823120117,0.218972697854042,0.0235854554921389,0,0.134746924042702,0.275089085102081,0.277914345264435,0.194877490401268,0.303997606039047,0.21367783844471,0.248498827219009,0.129775807261467,0.240552574396133,0.203330233693123,0.312878280878067,0.223638489842415,0.172403171658516,0.178699433803558,0.31963175535202,0.302021652460098,0.352496415376663,0.349995225667953,0.263295888900757,0.266897410154343,0.307945609092712,0.360951662063599,0.361093521118164,0.344504296779633,0.315525770187378,0.355321228504181,0.302839815616608,0.285512834787369,0.35595491528511,0.314684122800827,0.0960724949836731,0.048593632876873,0.0862544625997543,0.200483560562134,0.268440186977386,0.226847365498543,0.135922208428383,0.110937781631947,0.225883930921555,0.287463515996933,0.355481177568436,0.411883145570755,0.44799330830574,0.449791103601456,0.425081759691238,0.304975479841232,0,0.00407637655735016,0.246222704648972,0.301153391599655,0.346951901912689,0.233047038316727,0.0511507503688335,0,0,0,0,0,0,0.00334893981926143,0.00306166638620198,0,0.000977862044237554,0.122075952589512,0.192030936479568,0.219971463084221,0.221652448177338,0.233098447322845,0.229410871863365,0.2974833548069,0.315268844366074,0.261039793491364,0.193212628364563,0.17827345430851,0.291383385658264,0.273665636777878,0.0139964185655117,0,0,0,0,0,0,0,0,0.0474792271852493,0.233044400811195,0.173849016427994,0,0,0,0,0.0185631699860096,0.162040933966637,0,0,0,0,0,0,0,0,0,0,0,0,0,0,0,0,0,0,0,0,0,0,0,0,0,0,0,0,0,0,0,0,0,0,0,0,0,0,0,0,0,0,0,0,0,0,0,0,0,0,0,0,0,0,286
Erlangen-Höchstadt,0,0,0,0,0,0,0,0,0,0,0,0,0,0,0,0,0,0,0,0,0,0,0,0,0,0,0,0,0,0,0,0,0,0,0,0,0,0,0,0,0,0,0,0,0,0,0,0,0,0,0,0,0,0,0,0,0,0,0,0,0,0,0,0,0,0,0,0,0,0,0,0,0,0,0,0,0,0,0,0,0,0,0,0,0,0,0,0,0,0,0,0,0,0,0,0,0,0,0,0,0,0,0,0,0,0,0,0,0,0,0,0,0,0,0,0,0,0,0,0,0,0,0,0,0,0,0,0,0,0,0,0,0,0,0,0,0,0,0,0,0,0,0,0,0,0,0,0,0,0,0,0,0,0,0,0,0,0,0,0,0,0,0,0.0100324740633368,0.0119620570912957,0,0,0,0,0,0,0,0,0,0,0,0,0,0,0,0,0,0,0,0,0,0.0362348183989525,0.0800582095980644,0.114706762135029,0.113959304988384,0.114231638610363,0.103399462997913,0.128541275858879,0.140743091702461,0.14209046959877,0.152531147003174,0.19269485771656,0.226127192378044,0.130499258637428,0.191024899482727,0.288074254989624,0.345267415046692,0.390250444412231,0.425021380186081,0.43777671456337,0.407807022333145,0.402913719415665,0.335394710302353,0.349106818437576,0.308725655078888,0.282841205596924,0.376104950904846,0.480199456214905,0.571182787418365,0.390175879001617,0.261125981807709,0,0.193843096494675,0.425579816102982,0.43045300245285,0.367760628461838,0.50085836648941,0.376208275556564,0.415444016456604,0.232981041073799,0.392216920852661,0.316842347383499,0.460128933191299,0.458886086940765,0.313564240932465,0.343930125236511,0.499658107757568,0.528025031089783,0.575927734375,0.540644228458405,0.439428985118866,0.440394341945648,0.511259317398071,0.552394449710846,0.608950555324554,0.56989198923111,0.550386548042297,0.576967239379883,0.526003658771515,0.498669773340225,0.594003796577454,0.543683528900146,0.29146620631218,0.258012115955353,0.244627043604851,0.374081581830978,0.4491967856884,0.414204627275467,0.344588994979858,0.352616816759109,0.412728577852249,0.505293071269989,0.563107192516327,0.649988830089569,0.723187506198883,0.721210360527039,0.682241022586823,0.534645795822144,0,0.20498725771904,0.463376879692078,0.515998542308807,0.53547465801239,0.404605567455292,0.0258475616574287,0,0,0,0,0,0,0.11963177472353,0,0,0.000123812293168157,0.318043798208237,0.374707341194153,0.418439477682114,0.418007850646973,0.409920066595078,0.407227128744125,0.505336701869965,0.557783782482147,0.481196135282516,0.381040781736374,0.294505536556244,0.490789085626602,0.493536680936813,0.251458346843719,0,0,0,0,0,0,0,0,0,0.401011735200882,0.338496088981628,0,0,0,0,0,0.320511549711227,0,0,0,0,0,0,0,0,0,0,0,0,0,0,0,0,0,0,0,0,0,0,0,0,0,0,0,0,0,0,0,0,0,0,0,0,0,0,0,0,0,0,0,0,0,0,0,0,0,0,0,0,0,0,287
Fürth,0,0,0,0,0,0,0,0,0,0,0,0,0,0,0,0,0,0,0,0,0,0,0,0,0,0,0,0,0,0,0,0,0,0,0,0,0,0,0,0,0,0,0,0,0,0,0,0,0,0,0,0,0,0,0,0,0,0,0,0,0,0,0,0,0,0,0,0,0,0,0,0,0,0,0,0,0,0,0,0,0,0,0,0,0,0,0,0,0,0,0,0,0,0,0,0,0,0,0,0,0,0,0,0,0,0,0,0,0,0,0,0,0,0,0,0,0,0,0,0,0,0,0,0,0,0,0,0,0,0,0,0,0,0,0,0,0,0,0,0,0,0,0,0,0,0,0,0,0,0,0,0,0,0,0,0,0,0,0,0,0,0,0,0.00832330528646708,0.00968770869076252,0,0,0,0,0,0,0,0,0,0,0,0,0,0,0,0,0,0,0,0,0,0.0154064456000924,0.0596430115401745,0.0867145732045174,0.0886555016040802,0.0884407758712769,0.0778175890445709,0.0962809771299362,0.104210287332535,0.110398791730404,0.116757363080978,0.151771605014801,0.177613005042076,0.104536771774292,0.150300458073616,0.223019704222679,0.268024116754532,0.303805023431778,0.32872262597084,0.345331788063049,0.312733083963394,0.312078863382339,0.264582812786102,0.281306743621826,0.254255801439285,0.216244384646416,0.292726069688797,0.37302029132843,0.442760139703751,0.290976047515869,0.183277413249016,0,0.160085827112198,0.331323862075806,0.330313235521317,0.268105953931808,0.386985749006271,0.280438244342804,0.310874372720718,0.179587945342064,0.294466465711594,0.244973212480545,0.360282808542252,0.333068430423737,0.248051330447197,0.253029406070709,0.379611134529114,0.388008266687393,0.432125061750412,0.41277688741684,0.329862326383591,0.334539920091629,0.38357275724411,0.42265510559082,0.453194707632065,0.430933892726898,0.406383872032166,0.436573326587677,0.385061055421829,0.374919950962067,0.444808155298233,0.410714745521545,0.197689309716225,0.191718488931656,0.19836014509201,0.272393047809601,0.330708920955658,0.299874603748322,0.240945920348167,0.243842989206314,0.300008028745651,0.371292918920517,0.425704389810562,0.488056212663651,0.536225378513336,0.541130363941193,0.510585904121399,0.393859773874283,0,0.136819958686829,0.330839365720749,0.372457802295685,0.403469413518906,0.298022359609604,0.0282593984156847,0,0,0,0,0,0,0,0,0,0,0.200018346309662,0.253533810377121,0.285902857780457,0.288840383291245,0.293468594551086,0.286980926990509,0.362855166196823,0.399261027574539,0.339698553085327,0.260689169168472,0.21595710515976,0.356994926929474,0.35191410779953,0.162527352571487,0,0,0,0,0,0,0,0,0,0.292682021856308,0.235183417797089,0,0,0,0,0,0.220417559146881,0,0,0,0,0,0,0,0,0,0,0,0,0,0,0,0,0,0,0,0,0,0,0,0,0,0,0,0,0,0,0,0,0,0,0,0,0,0,0,0,0,0,0,0,0,0,0,0,0,0,0,0,0,0,288
Nürnberger Land,0,0,0,0,0,0,0,0,0,0,0,0,0,0,0,0,0,0,0,0,0,0,0,0,0,0,0,0,0,0,0,0,0,0,0,0,0,0,0,0,0,0,0,0,0,0,0,0,0,0,0,0,0,0,0,0,0,0,0,0,0,0,0,0,0,0,0,0,0,0,0,0,0,0,0,0,0,0,0,0,0,0,0,0,0,0,0,0,0,0,0,0,0,0,0,0,0,0,0,0,0,0,0,0,0,0,0,0,0,0,0,0,0,0,0,0,0,0,0,0,0,0,0,0,0,0,0,0,0,0,0,0,0,0,0,0,0,0,0,0,0,0,0,0,0,0,0,0,0,0,0,0,0,0,0,0,0,0,0,0,0,0,0,0.00534574221819639,0.00724442442879081,0,0,0,0,0,0,0,0,0,0,0,0,0,0,0,0,0,0,0,0,0,0.00279573141597211,0.0415349118411541,0.0592051446437836,0.0593530759215355,0.0561176352202892,0.0532570406794548,0.0689878612756729,0.0829222202301025,0.0857156366109848,0.0874132364988327,0.118087723851204,0.140543088316917,0.0698553994297981,0.114031076431274,0.18456295132637,0.224382862448692,0.257473707199097,0.279727816581726,0.290694326162338,0.265572726726532,0.262092739343643,0.222386598587036,0.225850239396095,0.214021489024162,0.147471949458122,0.234132960438728,0.3116255402565,0.381586760282516,0.244380488991737,0.120367735624313,0,0.0104805324226618,0.261657953262329,0.262684732675552,0.216017469763756,0.340103715658188,0.223101183772087,0.240813389420509,0.0263042934238911,0.248123034834862,0.1799446195364,0.293407440185547,0.289895087480545,0.184150561690331,0.202190056443214,0.327927559614182,0.331572502851486,0.364776998758316,0.346351593732834,0.257457107305527,0.277807712554932,0.328011631965637,0.367565333843231,0.387199133634567,0.365081280469894,0.339979588985443,0.360456675291061,0.304250329732895,0.3067427277565,0.371835500001907,0.331437915563583,0.0283954236656427,0.0300232209265232,0.108908131718636,0.194630727171898,0.230781227350235,0.216787859797478,0.201615914702415,0.183464601635933,0.236995279788971,0.307534664869308,0.354977160692215,0.416771918535233,0.46161961555481,0.462733954191208,0.44193497300148,0.315361976623535,0,0,0.24150362610817,0.289506942033768,0.337179511785507,0.233879506587982,0,0,0,0,0,0,0,0,0,0,0.00260718865320086,0.194355204701424,0.228377655148506,0.25187674164772,0.259257107973099,0.255875080823898,0.253084748983383,0.312829434871674,0.329354047775269,0.260921657085419,0.210427671670914,0.176219716668129,0.290653884410858,0.291423678398132,0.119509898126125,0,0,0,0,0,0,0,0,0,0.24437803030014,0.176423668861389,0,0,0,0,0,0.158503279089928,0,0,0,0,0,0,0,0,0,0,0,0,0,0,0,0,0,0,0,0,0,0,0,0,0,0,0,0,0,0,0,0,0,0,0,0,0,0,0,0,0,0,0,0,0,0,0,0,0,0,0,0,0,0,289
Neustadt a.d.Aisch-Bad Windsheim,0,0,0,0,0,0,0,0,0,0,0,0,0,0,0,0,0,0,0,0,0,0,0,0,0,0,0,0,0,0,0,0,0,0,0,0,0,0,0,0,0,0,0,0,0,0,0,0,0,0,0,0,0,0,0,0,0,0,0,0,0,0,0,0,0,0,0,0,0,0,0,0,0,0,0,0,0,0,0,0,0,0,0,0,0,0,0,0,0,0,0,0,0,0,0,0,0,0,0,0,0,0,0,0,0,0,0,0,0,0,0,0,0,0,0,0,0,0,0,0,0,0,0,0,0,0,0,0,0,0,0,0,0,0,0,0,0,0,0,0,0,0,0,0,0,0,0,0,0,0,0,0,0,0,0,0,0,0,0,0,0,0,0,0.00816856510937214,0.00814960058778524,0,0,0,0,0,0,0,0,0,0,0,0,0,0,0,0,0,0,0,0,0,0.0106865298002958,0.053090151399374,0.073981486260891,0.0745829492807388,0.0783124193549156,0.0676995888352394,0.0858192965388298,0.0943911820650101,0.0997236371040344,0.108025968074799,0.140434250235558,0.158119469881058,0.0849344804883003,0.134604185819626,0.200762689113617,0.24491386115551,0.275171726942062,0.293956905603409,0.312168389558792,0.296412944793701,0.275814443826675,0.227499723434448,0.251209080219269,0.202454417943954,0.196072161197662,0.264809757471085,0.342251688241959,0.402278780937195,0.266511172056198,0.144990459084511,0,0.168501183390617,0.30318894982338,0.308921724557877,0.246309325098991,0.322698831558228,0.252787739038467,0.291219651699066,0.157798260450363,0.270292907953262,0.230702713131905,0.330851167440414,0.279739260673523,0.19373694062233,0.226026296615601,0.349708050489426,0.355214536190033,0.391009926795959,0.368076801300049,0.294331967830658,0.283296793699265,0.330106854438782,0.379299938678741,0.409591764211655,0.37896853685379,0.370949417352676,0.386389493942261,0.344414263963699,0.317664414644241,0.392659157514572,0.344024837017059,0.191635146737099,0.154560670256615,0.165468499064445,0.241544485092163,0.307422876358032,0.271524906158447,0.212942183017731,0.18827249109745,0.256661951541901,0.326650202274323,0.373887032270432,0.429785162210464,0.476522982120514,0.47762742638588,0.458719104528427,0.34727281332016,0,0.145631015300751,0.292463004589081,0.336435705423355,0.357368469238281,0.262397021055222,0.0731260702013969,0,0.000138906631036662,0.000179982336703688,0,0,0,0.0439324788749218,0.0348742567002773,0,0.0100865829735994,0.150692790746689,0.227164596319199,0.253499448299408,0.26030558347702,0.26601830124855,0.258425205945969,0.328528344631195,0.361053943634033,0.314160913228989,0.24054166674614,0.192705571651459,0.318956524133682,0.309085071086884,0.132850497961044,0,0,0,0,0,0,0,0.000115826929686591,0.0378241539001465,0.250961989164352,0.210939526557922,0,0,0,0,0.0335923098027706,0.199090182781219,0,0,0,0,0,0,0,0,0,0,0,0,0,0,0,0,0,0,0,0,0,0,0,0,0,0,0,0,0,0,0,0,0,0,0,0,0,0,0,0,0,0,0,0,0,0,0,0,0,0,0,0,0,0,290
Roth,0,0,0,0,0,0,0,0,0,0,0,0,0,0,0,0,0,0,0,0,0,0,0,0,0,0,0,0,0,0,0,0,0,0,0,0,0,0,0,0,0,0,0,0,0,0,0,0,0,0,0,0,0,0,0,0,0,0,0,0,0,0,0,0,0,0,0,0,0,0,0,0,0,0,0,0,0,0,0,0,0,0,0,0,0,0,0,0,0,0,0,0,0,0,0,0,0,0,0,0,0,0,0,0,0,0,0,0,0,0,0,0,0,0,0,0,0,0,0,0,0,0,0,0,0,0,0,0,0,0,0,0,0,0,0,0,0,0,0,0,0,0,0,0,0,0,0,0,0,0,0,0,0,0,0,0,0,0,0,0,0,0,0,0.00693050539121032,0.0089176818728447,0,0,0,0,0,0,0,0,0,0,0,0,0,0,0,0,0,0,0,0,0,0,0.0474772378802299,0.0730951130390167,0.0775015279650688,0.0737801268696785,0.0625517442822456,0.0832178071141243,0.0941236689686775,0.103136472404003,0.10667110979557,0.142706468701363,0.173198640346527,0.101857990026474,0.136576727032661,0.215286582708359,0.261476218700409,0.300219982862473,0.32493269443512,0.346210509538651,0.313237130641937,0.308101147413254,0.272140204906464,0.285635322332382,0.270843356847763,0.185160472989082,0.286458522081375,0.370066106319427,0.447418600320816,0.28314420580864,0.139338627457619,0,0.0446269474923611,0.323406845331192,0.324163973331451,0.259248554706573,0.408173322677612,0.271710187196732,0.297413408756256,0.166740521788597,0.283797085285187,0.237592503428459,0.362349361181259,0.328208982944489,0.246694669127464,0.205075830221176,0.386020302772522,0.390900313854218,0.438621044158936,0.427580654621124,0.329715549945831,0.34294068813324,0.396877288818359,0.450031667947769,0.458863824605942,0.422358781099319,0.401376575231552,0.446723878383636,0.37898576259613,0.398397564888,0.456057071685791,0.42660003900528,0.0499302595853806,0.145884454250336,0.225549325346947,0.24813187122345,0.312047064304352,0.297687262296677,0.249239042401314,0.260511547327042,0.304447084665298,0.392611384391785,0.464189261198044,0.530256450176239,0.57968533039093,0.589011251926422,0.559239268302917,0.417460799217224,0,0.0179767776280642,0.329268395900726,0.382018685340881,0.443779826164246,0.321779847145081,0,0,0,0,0,0,0,0,0,0,8.10780238680309e-06,0.207945108413696,0.256774187088013,0.294910550117493,0.302769333124161,0.308404892683029,0.306376159191132,0.395730346441269,0.417176216840744,0.335123002529144,0.276475101709366,0.238598540425301,0.384612321853638,0.363629549741745,0.169214010238647,0,0,0,0,0,0,0,0,0.105190694332123,0.327430099248886,0.242787629365921,0,0,0,0,0,0.206846073269844,0,0,0,0,0,0,0,0,0,0,0,0,0,0,0,0,0,0,0,0,0,0,0,0,0,0,0,0,0,0,0,0,0,0,0,0,0,0,0,0,0,0,0,0,0,0,0,0,0,0,0,0,0,0,291
Weißenburg-Gunzenhausen,0,0,0,0,0,0,0,0,0,0,0,0,0,0,0,0,0,0,0,0,0,0,0,0,0,0,0,0,0,0,0,0,0,0,0,0,0,0,0,0,0,0,0,0,0,0,0,0,0,0,0,0,0,0,0,0,0,0,0,0,0,0,0,0,0,0,0,0,0,0,0,0,0,0,0,0,0,0,0,0,0,0,0,0,0,0,0,0,0,0,0,0,0,0,0,0,0,0,0,0,0,0,0,0,0,0,0,0,0,0,0,0,0,0,0,0,0,0,0,0,0,0,0,0,0,0,0,0,0,0,0,0,0,0,0,0,0,0,0,0,0,0,0,0,0,0,0,0,0,0,0,0,0,0,0,0,0,0,0,0,0,0,0,0.00635403441265225,0.00736241647973657,0,0,0,0,0,0,0,0,0,0,0,0,0,0,0,0,0,0,0,0,0,0,0.0367006659507751,0.0574879236519337,0.0633689686655998,0.0605134293437004,0.0482075773179531,0.0735301375389099,0.0786044523119926,0.0906847417354584,0.0991082414984703,0.133219987154007,0.154641389846802,0.0918540507555008,0.132033705711365,0.197186425328255,0.238695859909058,0.278634756803513,0.297134339809418,0.323620051145554,0.28757655620575,0.277887523174286,0.247248277068138,0.274027496576309,0.251284003257751,0.169404670596123,0.271033614873886,0.345835626125336,0.416935712099075,0.250424027442932,0.0361590944230556,0,0.0871624872088432,0.298089474439621,0.29599717259407,0.236532241106033,0.373550981283188,0.246248885989189,0.268493413925171,0.156084597110748,0.256000578403473,0.219808250665665,0.348348677158356,0.267107009887695,0.205698788166046,0.156583592295647,0.350430756807327,0.345560401678085,0.394928395748138,0.400219053030014,0.311462432146072,0.318778425455093,0.370014816522598,0.426726818084717,0.408356845378876,0.375055521726608,0.353034496307373,0.410184621810913,0.343412667512894,0.364161401987076,0.410757184028625,0.385895699262619,0.038947120308876,0.0470565594732761,0.179278507828712,0.201558172702789,0.271151572465897,0.268577843904495,0.206609442830086,0.21886482834816,0.269019454717636,0.35183110833168,0.431074768304825,0.491721153259277,0.532584547996521,0.541759669780731,0.503358006477356,0.372019350528717,0,0,0.2886703312397,0.352374613285065,0.415214210748672,0.291766881942749,0.00861607398837805,0,0,0,0,0,0,0,0,0,0,0.172517463564873,0.228929251432419,0.263020932674408,0.262295514345169,0.262763738632202,0.280766606330872,0.348485231399536,0.366281121969223,0.291062474250793,0.248168289661407,0.226174831390381,0.350236237049103,0.315845042467117,0.0713074430823326,0,0,0,0,0,0,0,0,0.112861812114716,0.286027878522873,0.204871624708176,0,0,0,0,0,0.175941094756126,0,0,0,0,0,0,0,0,0,0,0,0,0,0,0,0,0,0,0,0,0,0,0,0,0,0,0,0,0,0,0,0,0,0,0,0,0,0,0,0,0,0,0,0,0,0,0,0,0,0,0,0,0,0,292
Aschaffenburg,0,0,0,0,0,0,0,0,0,0,0,0,0,0,0,0,0,0,0,0,0,0,0,0,0,0,0,0,0,0,0,0,0,0,0,0,0,0,0,0,0,0,0,0,0,0,0,0,0,0,0,0,0,0,0,0,0,0,0,0,0,0,0,0,0,0,0,0,0,0,0,0,0,0,0,0,0,0,0,0,0,0,0,0,0,0,0,0,0,0,0,0,0,0,0,0,0,0,0,0,0,0,0,0,0,0,0,0,0,0,0,0,0,0,0,0,0,0,0,0,0,0,0,0,0,0,0,0,0,0,0,0,0,0,0,0,0,0,0,0,0,0,0,0,0,0,0,0,0,0,0,0,0,0,0,0,0,0,0,0,0,0,0,0.015829173848033,0.0111191784963012,0,0,0,0,0,0,0,0,0,0,0,0,0,0,0,0,0,0,0,0,0.000344114756444469,0.0795304030179977,0.128770768642426,0.149792209267616,0.170415714383125,0.15622715651989,0.133771985769272,0.153426259756088,0.195807889103889,0.233490645885468,0.265879541635513,0.301356375217438,0.292777687311172,0.184356436133385,0.291542917490005,0.401203453540802,0.474626392126083,0.536477148532867,0.573063015937805,0.613660037517548,0.559463143348694,0.479609370231628,0.299744933843613,0.446663618087769,0.355801731348038,0.400469899177551,0.484120935201645,0.623643696308136,0.696022033691406,0.50584614276886,0.2971550822258,0.00104263739194721,0.432200133800507,0.597021043300629,0.558159589767456,0.493101626634598,0.504238903522491,0.581235826015472,0.489574998617172,0.3924300968647,0.577316999435425,0.493807882070541,0.623872041702271,0.505041360855103,0.36338546872139,0.502536356449127,0.605604946613312,0.695062816143036,0.695022940635681,0.638743221759796,0.488062977790833,0.541050910949707,0.618194580078125,0.695182800292969,0.721539556980133,0.729557275772095,0.721656084060669,0.69305431842804,0.611092150211334,0.592242479324341,0.709909975528717,0.610722899436951,0.531339704990387,0.341238796710968,0.230453610420227,0.433384031057358,0.578135907649994,0.562383472919464,0.55321192741394,0.43772891163826,0.516434192657471,0.664486169815063,0.749130249023438,0.812139749526978,0.902669966220856,0.880227446556091,0.838545739650726,0.555360376834869,0,0.455263525247574,0.604679226875305,0.661724150180817,0.727688074111938,0.541486501693726,0.456989288330078,0.00181628728751093,0.33990466594696,0.291443586349487,0,0,0,0.359241455793381,0.233182549476624,0,0.331429779529572,0.473880708217621,0.546467900276184,0.60860538482666,0.630532622337341,0.583864748477936,0.611695110797882,0.688832640647888,0.694650828838348,0.603519678115845,0.440883129835129,0.39021959900856,0.59650331735611,0.600788712501526,0.334234207868576,0.0014502169797197,0,0,0,0,0,0,0.278451174497604,0.254164397716522,0.431624948978424,0.408957660198212,0,0,0,0,0.223360389471054,0.396780252456665,0,0,0,0,0,0,0,0,0,0,0,0,0,0,0,0,0,0,0,0,0,0,0,0,0,0,0,0,0,0,0,0,0,0,0,0,0,0,0,0,0,0,0,0,0,0,0,0,0,0,0,0,0,0,293
Schweinfurt,0,0,0,0,0,0,0,0,0,0,0,0,0,0,0,0,0,0,0,0,0,0,0,0,0,0,0,0,0,0,0,0,0,0,0,0,0,0,0,0,0,0,0,0,0,0,0,0,0,0,0,0,0,0,0,0,0,0,0,0,0,0,0,0,0,0,0,0,0,0,0,0,0,0,0,0,0,0,0,0,0,0,0,0,0,0,0,0,0,0,0,0,0,0,0,0,0,0,0,0,0,0,0,0,0,0,0,0,0,0,0,0,0,0,0,0,0,0,0,0,0,0,0,0,0,0,0,0,0,0,0,0,0,0,0,0,0,0,0,0,0,0,0,0,0,0,0,0,0,0,0,0,0,0,0,0,0,0,0,0,0,0,0,0.0153540354222059,0.0148396566510201,0,0,0,0,0,0,0,0,0,0,0,0,0,0,0,0,0,0,0,0,0,0.0720688253641129,0.123570516705513,0.156210541725159,0.163140863180161,0.148819848895073,0.142231181263924,0.17469747364521,0.207724750041962,0.209369316697121,0.225407585501671,0.276224553585052,0.287165313959122,0.174197092652321,0.267474293708801,0.392306178808212,0.480209559202194,0.527487337589264,0.567293703556061,0.583654582500458,0.572374045848846,0.507577478885651,0.386395782232285,0.431672662496567,0.348601073026657,0.395870685577393,0.490529745817184,0.637452244758606,0.739949822425842,0.527588069438934,0.311247825622559,0,0.294483155012131,0.538954675197601,0.533161282539368,0.481919318437576,0.540333569049835,0.531620860099792,0.540000200271606,0.33038392663002,0.49706307053566,0.461068838834763,0.607469737529755,0.601494789123535,0.374885320663452,0.389563500881195,0.612668633460999,0.694771230220795,0.742237329483032,0.638644516468048,0.530183672904968,0.53420352935791,0.640559792518616,0.710289776325226,0.795806646347046,0.720790326595306,0.688371300697327,0.707133710384369,0.601738631725311,0.591588854789734,0.713206648826599,0.614346981048584,0.470044732093811,0.433866769075394,0.267972707748413,0.415113687515259,0.556314766407013,0.523893177509308,0.44611182808876,0.442723363637924,0.483565419912338,0.642681419849396,0.698033034801483,0.787107110023499,0.897329151630402,0.87328040599823,0.824045121669769,0.566403746604919,0,0.360883116722107,0.57825767993927,0.655491292476654,0.685818254947662,0.484808892011642,0.296910852193832,0,0.391891688108444,0,0,0,0,0.292272537946701,0.369262665510178,0,0.327544420957565,0.517218708992004,0.57461953163147,0.595645129680634,0.606023609638214,0.564290225505829,0.603810250759125,0.66089403629303,0.707689523696899,0.618109881877899,0.487802773714066,0.412049978971481,0.62493622303009,0.552182972431183,0.381620824337006,0,0,0,0,0,0,0,0.305360555648804,0.248062804341316,0.469957560300827,0.441082656383514,0,0,0,0,0,0.314186424016953,0,0,0,0,0,0,0,0,0,0,0,0,0,0,0,0,0,0,0,0,0,0,0,0,0,0,0,0,0,0,0,0,0,0,0,0,0,0,0,0,0,0,0,0,0,0,0,0,0,0,0,0,0,0,294
Würzburg,0,0,0,0,0,0,0,0,0,0,0,0,0,0,0,0,0,0,0,0,0,0,0,0,0,0,0,0,0,0,0,0,0,0,0,0,0,0,0,0,0,0,0,0,0,0,0,0,0,0,0,0,0,0,0,0,0,0,0,0,0,0,0,0,0,0,0,0,0,0,0,0,0,0,0,0,0,0,0,0,0,0,0,0,0,0,0,0,0,0,0,0,0,0,0,0,0,0,0,0,0,0,0,0,0,0,0,0,0,0,0,0,0,0,0,0,0,0,0,0,0,0,0,0,0,0,0,0,0,0,0,0,0,0,0,0,0,0,0,0,0,0,0,0,0,0,0,0,0,0,0,0,0,0,0,0,0,0,0,0,0,0,0,0.0113420579582453,0.00992090627551079,0,0,0,0,0,0,0,0,0,0,0,0,0,0,0,0,0,0,0,0,0,0.041932500898838,0.0740175247192383,0.0929682403802872,0.0983047932386398,0.098001666367054,0.0866289660334587,0.104758530855179,0.116045527160168,0.130141392350197,0.140993654727936,0.174018025398254,0.182668372988701,0.113510921597481,0.165514916181564,0.236155390739441,0.28869566321373,0.321868538856506,0.337074935436249,0.360663205385208,0.34579411149025,0.309511005878448,0.244481697678566,0.286813259124756,0.215866982936859,0.233431026339531,0.294760674238205,0.388863384723663,0.449364542961121,0.309247434139252,0.183128699660301,0,0.230606615543365,0.355798363685608,0.346426486968994,0.288397133350372,0.328973770141602,0.321488529443741,0.323599010705948,0.212718486785889,0.326258450746536,0.291205883026123,0.383833825588226,0.323253035545349,0.21133004128933,0.253867030143738,0.38516566157341,0.407425731420517,0.439445644617081,0.414254635572433,0.330309510231018,0.324105381965637,0.380711942911148,0.425543218851089,0.459053754806519,0.433076351881027,0.417985379695892,0.428512275218964,0.364388078451157,0.353790491819382,0.432339787483215,0.376045942306519,0.291646063327789,0.226616412401199,0.186479136347771,0.280460834503174,0.356752067804337,0.321202129125595,0.276308983564377,0.252140462398529,0.308828741312027,0.400432497262955,0.446120232343674,0.488677561283112,0.547304034233093,0.541859865188599,0.523897290229797,0.372974008321762,0,0.231591373682022,0.359314054250717,0.410526990890503,0.429648250341415,0.315619140863419,0.234230265021324,0,0.199901178479195,0.197307109832764,0,0,0,0.189500048756599,0.201081827282906,0,0.172661080956459,0.281361877918243,0.315320551395416,0.344265967607498,0.357821434736252,0.355669051408768,0.356435984373093,0.396114200353622,0.433152198791504,0.383004426956177,0.29813626408577,0.254915475845337,0.385217010974884,0.35172575712204,0.216004773974419,0,0,0,0,0,0,0,0.157681450247765,0.169117987155914,0.279518038034439,0.262406021356583,0,0,0,0,0.0954909473657608,0.218588724732399,0,0,0,0,0,0,0,0,0,0,0,0,0,0,0,0,0,0,0,0,0,0,0,0,0,0,0,0,0,0,0,0,0,0,0,0,0,0,0,0,0,0,0,0,0,0,0,0,0,0,0,0,0,0,295
Aschaffenburg,0,0,0,0,0,0,0,0,0,0,0,0,0,0,0,0,0,0,0,0,0,0,0,0,0,0,0,0,0,0,0,0,0,0,0,0,0,0,0,0,0,0,0,0,0,0,0,0,0,0,0,0,0,0,0,0,0,0,0,0,0,0,0,0,0,0,0,0,0,0,0,0,0,0,0,0,0,0,0,0,0,0,0,0,0,0,0,0,0,0,0,0,0,0,0,0,0,0,0,0,0,0,0,0,0,0,0,0,0,0,0,0,0,0,0,0,0,0,0,0,0,0,0,0,0,0,0,0,0,0,0,0,0,0,0,0,0,0,0,0,0,0,0,0,0,0,0,0,0,0,0,0,0,0,0,0,0,0,0,0,0,0,0,0.0102189183235168,0.0071924258954823,0,0,0,0,0,0,0,0,0,0,0,0,0,0,0,0,0,0,0,0,0.00785349495708942,0.0495289526879787,0.079427644610405,0.0945619940757751,0.10698127746582,0.0984433814883232,0.0819979757070541,0.0978982225060463,0.127664938569069,0.151629716157913,0.173284471035004,0.198969036340714,0.189005449414253,0.113176763057709,0.190723687410355,0.268441766500473,0.318953812122345,0.3615662753582,0.386317312717438,0.41236999630928,0.378556549549103,0.317855566740036,0.196566224098206,0.295646280050278,0.228535175323486,0.265877783298492,0.323527842760086,0.422487378120422,0.480146586894989,0.335507273674011,0.161520779132843,0.0237953960895538,0.265452235937119,0.399650752544403,0.370393663644791,0.322163492441177,0.3393574655056,0.391399413347244,0.328366935253143,0.245508074760437,0.380721300840378,0.318558424711227,0.408202350139618,0.343524187803268,0.227478101849556,0.328072905540466,0.409049272537231,0.476712942123413,0.478768944740295,0.429967939853668,0.32305434346199,0.36083972454071,0.418745517730713,0.470403373241425,0.484389960765839,0.487594157457352,0.486505568027496,0.463964641094208,0.402987271547318,0.389627367258072,0.474238634109497,0.401461362838745,0.34540531039238,0.159766659140587,0.0793678387999535,0.280832648277283,0.380015552043915,0.357983648777008,0.359472304582596,0.233469679951668,0.307841926813126,0.439975619316101,0.497718751430511,0.543748199939728,0.607676684856415,0.590655267238617,0.557247877120972,0.340729624032974,0,0.249705612659454,0.395208925008774,0.436261922121048,0.48717200756073,0.349565923213959,0.275692999362946,0.0414518788456917,0.168148368597031,0.144519045948982,0,0,0,0.176672741770744,0.087530791759491,0,0.160628780722618,0.313373148441315,0.369612127542496,0.408509224653244,0.424706906080246,0.397497713565826,0.405620574951172,0.463909357786179,0.464143693447113,0.398237138986588,0.287685513496399,0.247782409191132,0.39965158700943,0.40038013458252,0.159356042742729,0.0330973044037819,0,0,0,0,0,0,0.132495701313019,0.12518247961998,0.292039126157761,0.270640224218369,0,0,0,0,0.117007784545422,0.24328887462616,0,0,0,0,0,0,0,0,0,0,0,0,0,0,0,0,0,0,0,0,0,0,0,0,0,0,0,0,0,0,0,0,0,0,0,0,0,0,0,0,0,0,0,0,0,0,0,0,0,0,0,0,0,0,296
Bad Kissingen,0,0,0,0,0,0,0,0,0,0,0,0,0,0,0,0,0,0,0,0,0,0,0,0,0,0,0,0,0,0,0,0,0,0,0,0,0,0,0,0,0,0,0,0,0,0,0,0,0,0,0,0,0,0,0,0,0,0,0,0,0,0,0,0,0,0,0,0,0,0,0,0,0,0,0,0,0,0,0,0,0,0,0,0,0,0,0,0,0,0,0,0,0,0,0,0,0,0,0,0,0,0,0,0,0,0,0,0,0,0,0,0,0,0,0,0,0,0,0,0,0,0,0,0,0,0,0,0,0,0,0,0,0,0,0,0,0,0,0,0,0,0,0,0,0,0,0,0,0,0,0,0,0,0,0,0,0,0,0,0,0,0,0,0.00551431300118566,0.00536655494943261,0,0,0,0,0,0,0,0,0,0,0,0,0,0,0,0,0,0,0,0,0,0.0253465827554464,0.0472035780549049,0.0641001015901566,0.0690129548311234,0.0634849146008492,0.0560366287827492,0.0726210325956345,0.091434583067894,0.0939580723643303,0.11091785877943,0.139275401830673,0.134610563516617,0.0437365174293518,0.128178596496582,0.197633042931557,0.239954933524132,0.267292708158493,0.289814502000809,0.302887707948685,0.289516538381577,0.246152877807617,0.16702838242054,0.213894993066788,0.160392090678215,0.19090211391449,0.240556761622429,0.321324110031128,0.382355719804764,0.266425609588623,0.140942588448524,0,0.0852168276906013,0.269284069538116,0.254950076341629,0.224687099456787,0.25064879655838,0.277375817298889,0.265161752700806,0.09559665620327,0.245012864470482,0.21967625617981,0.303968787193298,0.30686941742897,0.157281681895256,0.186768889427185,0.305296629667282,0.347032397985458,0.369720935821533,0.314713299274445,0.235636815428734,0.24754287302494,0.31130462884903,0.355073630809784,0.387946516275406,0.362693846225739,0.348534762859344,0.342169553041458,0.273834109306335,0.267929643392563,0.338895350694656,0.274985492229462,0.211935430765152,0.143715336918831,0.00431107357144356,0.180730238556862,0.249875128269196,0.225700452923775,0.198474168777466,0.116425581276417,0.157783985137939,0.294954687356949,0.329683214426041,0.380161434412003,0.449807941913605,0.429262727499008,0.401521623134613,0.218202963471413,0,0.0762896165251732,0.251019418239594,0.294741064310074,0.330026715993881,0.221638411283493,0.0490780659019947,0,0.0961698368191719,0.0100682312622666,0,0,0,0.00470200320705771,0.0958741456270218,0,0.0597448647022247,0.221221745014191,0.265161901712418,0.263133853673935,0.283634901046753,0.272173970937729,0.266879916191101,0.308638900518417,0.331904321908951,0.284442275762558,0.203369110822678,0.157917395234108,0.282157719135284,0.255614250898361,0.129896432161331,0,0,0,0,0,0,0,0.0898237153887749,0.0132044833153486,0.211959451436996,0.191476047039032,0,0,0,0,0,0.0721107721328735,0,0,0,0,0,0,0,0,0,0,0,0,0,0,0,0,0,0,0,0,0,0,0,0,0,0,0,0,0,0,0,0,0,0,0,0,0,0,0,0,0,0,0,0,0,0,0,0,0,0,0,0,0,0,297
Rhön-Grabfeld,0,0,0,0,0,0,0,0,0,0,0,0,0,0,0,0,0,0,0,0,0,0,0,0,0,0,0,0,0,0,0,0,0,0,0,0,0,0,0,0,0,0,0,0,0,0,0,0,0,0,0,0,0,0,0,0,0,0,0,0,0,0,0,0,0,0,0,0,0,0,0,0,0,0,0,0,0,0,0,0,0,0,0,0,0,0,0,0,0,0,0,0,0,0,0,0,0,0,0,0,0,0,0,0,0,0,0,0,0,0,0,0,0,0,0,0,0,0,0,0,0,0,0,0,0,0,0,0,0,0,0,0,0,0,0,0,0,0,0,0,0,0,0,0,0,0,0,0,0,0,0,0,0,0,0,0,0,0,0,0,0,0,0,0.00353472726419568,0.00385705544613302,0,0,0,0,0,0,0,0,0,0,0,0,0,0,0,0,0,0,0,0,0,0.0119149312376976,0.0372911803424358,0.0539380386471748,0.0572335608303547,0.051028449088335,0.04415637627244,0.0585266575217247,0.0794230699539185,0.076820470392704,0.0901373103260994,0.118220053613186,0.112139642238617,0.0108474735170603,0.105560772120953,0.170477256178856,0.207991316914558,0.235647395253181,0.258623093366623,0.263459771871567,0.259419471025467,0.220514699816704,0.137292861938477,0.171947166323662,0.130737155675888,0.16196970641613,0.208465129137039,0.282083660364151,0.345253080129623,0.238470539450645,0.120684266090393,0,0.0194614250212908,0.229096695780754,0.227043509483337,0.200474977493286,0.227677345275879,0.240449741482735,0.233790576457977,0.0561126060783863,0.195610105991364,0.175663933157921,0.262759745121002,0.289086282253265,0.128694534301758,0.144078701734543,0.270387828350067,0.317108780145645,0.327615916728973,0.266475588083267,0.188708037137985,0.195608645677567,0.266571521759033,0.310347974300385,0.357895493507385,0.325789242982864,0.312138944864273,0.309726774692535,0.240713372826576,0.234841585159302,0.297494798898697,0.243350431323051,0.164294272661209,0.122286580502987,0,0.13081656396389,0.209864512085915,0.194714814424515,0.163467183709145,0.130366235971451,0.0846396908164024,0.232267662882805,0.262628614902496,0.322950154542923,0.395757973194122,0.371794283390045,0.349462360143661,0.162897825241089,0,0.0878725200891495,0.213374316692352,0.24871838092804,0.278003364801407,0.180610537528992,0,0,0.0263468436896801,0,0,0,0,0,0.0451659150421619,0,0.0222597904503345,0.187846228480339,0.223066180944443,0.206555679440498,0.233097016811371,0.228649690747261,0.219546318054199,0.267969280481339,0.292946845293045,0.252034723758698,0.158214777708054,0.0989422202110291,0.238989442586899,0.218696132302284,0.107340566813946,0,0,0,0,0,0,0,0.100959435105324,0,0.188969776034355,0.170338541269302,0,0,0,0,0,0.0552207082509995,0,0,0,0,0,0,0,0,0,0,0,0,0,0,0,0,0,0,0,0,0,0,0,0,0,0,0,0,0,0,0,0,0,0,0,0,0,0,0,0,0,0,0,0,0,0,0,0,0,0,0,0,0,0,298
Haßberge,0,0,0,0,0,0,0,0,0,0,0,0,0,0,0,0,0,0,0,0,0,0,0,0,0,0,0,0,0,0,0,0,0,0,0,0,0,0,0,0,0,0,0,0,0,0,0,0,0,0,0,0,0,0,0,0,0,0,0,0,0,0,0,0,0,0,0,0,0,0,0,0,0,0,0,0,0,0,0,0,0,0,0,0,0,0,0,0,0,0,0,0,0,0,0,0,0,0,0,0,0,0,0,0,0,0,0,0,0,0,0,0,0,0,0,0,0,0,0,0,0,0,0,0,0,0,0,0,0,0,0,0,0,0,0,0,0,0,0,0,0,0,0,0,0,0,0,0,0,0,0,0,0,0,0,0,0,0,0,0,0,0,0,0.00557310413569212,0.0062628467567265,0,0,0,0,0,0,0,0,0,0,0,0,0,0,0,0,0,0,0,0,0,0.00679232645779848,0.0504286624491215,0.0728874504566193,0.0747141242027283,0.0705858618021011,0.0676017627120018,0.0859976261854172,0.10325813293457,0.0984397754073143,0.106656052172184,0.136079922318459,0.14615897834301,0.0469746515154839,0.121382340788841,0.200154930353165,0.244739428162575,0.276143789291382,0.299895584583282,0.304924845695496,0.304024249315262,0.273611634969711,0.213547542691231,0.22208034992218,0.189147189259529,0.196270778775215,0.251939684152603,0.332020550966263,0.402135491371155,0.287025779485703,0.1778464615345,0,0.0334288142621517,0.279316306114197,0.29341521859169,0.264309465885162,0.313120901584625,0.271683752536774,0.285110920667648,0.148886233568192,0.240451365709305,0.21273247897625,0.305589258670807,0.3321453332901,0.184390470385551,0.199791610240936,0.338550925254822,0.381079614162445,0.395806461572647,0.340005695819855,0.273863434791565,0.259640336036682,0.32470291852951,0.36918169260025,0.42600554227829,0.382539093494415,0.369316190481186,0.379063993692398,0.342776507139206,0.315812945365906,0.375534027814865,0.333661109209061,0.206945478916168,0.178892329335213,0.0102926110848784,0.218272820115089,0.285263210535049,0.269150137901306,0.219201892614365,0.227863803505898,0.228826224803925,0.31698215007782,0.339535981416702,0.398655444383621,0.472760051488876,0.455519199371338,0.433257460594177,0.306005597114563,0,0.119645982980728,0.297726392745972,0.330965906381607,0.329899340867996,0.243351817131042,0.000484567601233721,0,0.0297544933855534,0,0,0,0,0.0309753455221653,0.0349521487951279,0,0.0297057386487722,0.211121782660484,0.254877895116806,0.270262241363525,0.275283753871918,0.267446339130402,0.263503640890121,0.323355168104172,0.358473151922226,0.317637205123901,0.243630081415176,0.175664648413658,0.302797168493271,0.289878219366074,0.172705322504044,0,0,0,0,0,0,0,0.0986776947975159,0.000404846097808331,0.240225359797478,0.222636789083481,0,0,0,0,0,0.176759019494057,0,0,0,0,0,0,0,0,0,0,0,0,0,0,0,0,0,0,0,0,0,0,0,0,0,0,0,0,0,0,0,0,0,0,0,0,0,0,0,0,0,0,0,0,0,0,0,0,0,0,0,0,0,0,299
Kitzingen,0,0,0,0,0,0,0,0,0,0,0,0,0,0,0,0,0,0,0,0,0,0,0,0,0,0,0,0,0,0,0,0,0,0,0,0,0,0,0,0,0,0,0,0,0,0,0,0,0,0,0,0,0,0,0,0,0,0,0,0,0,0,0,0,0,0,0,0,0,0,0,0,0,0,0,0,0,0,0,0,0,0,0,0,0,0,0,0,0,0,0,0,0,0,0,0,0,0,0,0,0,0,0,0,0,0,0,0,0,0,0,0,0,0,0,0,0,0,0,0,0,0,0,0,0,0,0,0,0,0,0,0,0,0,0,0,0,0,0,0,0,0,0,0,0,0,0,0,0,0,0,0,0,0,0,0,0,0,0,0,0,0,0,0.0126564856618643,0.0118948314338923,0,0,0,0,0,0,0,0,0,0,0,0,0,0,0,0,0,0,0,0,0,0.046662300825119,0.0842770412564278,0.108614638447762,0.107778295874596,0.110452853143215,0.0984316542744637,0.118789553642273,0.134247869253159,0.141113117337227,0.151205524802208,0.18698063492775,0.20464850962162,0.122823052108288,0.1807651668787,0.259072422981262,0.316141456365585,0.352638602256775,0.371978729963303,0.389922082424164,0.379447311162949,0.343805849552155,0.27846559882164,0.308811783790588,0.23682826757431,0.256743997335434,0.329518616199493,0.427663058042526,0.495830655097961,0.343697637319565,0.208321779966354,0,0.239317461848259,0.382918477058411,0.383170872926712,0.325789958238602,0.3804731965065,0.338211923837662,0.367875784635544,0.223813563585281,0.348132610321045,0.310935914516449,0.41334655880928,0.365490466356277,0.244915872812271,0.290743112564087,0.426640689373016,0.453833639621735,0.484883934259415,0.444573491811752,0.370902359485626,0.354479253292084,0.414987295866013,0.468252927064896,0.517229437828064,0.470643937587738,0.463765978813171,0.473948389291763,0.419611036777496,0.401840716600418,0.488260269165039,0.425139725208282,0.300972163677216,0.246657535433769,0.24376705288887,0.314252495765686,0.397190570831299,0.36850705742836,0.312090754508972,0.3020059466362,0.348639637231827,0.436790704727173,0.479903608560562,0.532944023609161,0.598569750785828,0.597332775592804,0.577221572399139,0.438527345657349,0,0.248767212033272,0.39738655090332,0.450310289859772,0.463181406259537,0.347511291503906,0.203341320157051,0,0.168149828910828,0.185726225376129,0,0,0,0.20441272854805,0.203328013420105,0,0.158822521567345,0.294781625270844,0.332406371831894,0.366994023323059,0.381021946668625,0.373329281806946,0.372731655836105,0.441958427429199,0.480482667684555,0.425227135419846,0.343606263399124,0.275261729955673,0.427504926919937,0.394180119037628,0.241671532392502,0,0,0,0,0,0,0,0.134634643793106,0.155281350016594,0.318669348955154,0.295997351408005,0,0,0,0,0.130355685949326,0.266461253166199,0,0,0,0,0,0,0,0,0,0,0,0,0,0,0,0,0,0,0,0,0,0,0,0,0,0,0,0,0,0,0,0,0,0,0,0,0,0,0,0,0,0,0,0,0,0,0,0,0,0,0,0,0,0,300
Miltenberg,0,0,0,0,0,0,0,0,0,0,0,0,0,0,0,0,0,0,0,0,0,0,0,0,0,0,0,0,0,0,0,0,0,0,0,0,0,0,0,0,0,0,0,0,0,0,0,0,0,0,0,0,0,0,0,0,0,0,0,0,0,0,0,0,0,0,0,0,0,0,0,0,0,0,0,0,0,0,0,0,0,0,0,0,0,0,0,0,0,0,0,0,0,0,0,0,0,0,0,0,0,0,0,0,0,0,0,0,0,0,0,0,0,0,0,0,0,0,0,0,0,0,0,0,1.69407655903342e-06,7.16245631338097e-05,0,0,0,0,0,0,0,0,0,0,0,0,0,0,0,0,0,0,0,0,0,0,0,0,0,0,0,0,0,0,0,0,0,0,0,0,0,0.00957289524376392,0.00655588880181313,0,0,0,0,0,0,0,0,0,0,0,0,0,0,0,0,0,0,0,0,0,0.0420517027378082,0.075091578066349,0.0910755917429924,0.102665714919567,0.0943919941782951,0.0782218128442764,0.092133603990078,0.119551949203014,0.144666716456413,0.167637750506401,0.19694896042347,0.193864613771439,0.116818897426128,0.190128475427628,0.268316298723221,0.31710958480835,0.359607815742493,0.387802511453629,0.413223296403885,0.373538792133331,0.323057234287262,0.198718443512917,0.299935042858124,0.232384771108627,0.252431452274323,0.319097906351089,0.423663198947906,0.477741926908493,0.329847455024719,0.118875660002232,0,0.279107570648193,0.410397619009018,0.373192131519318,0.314812988042831,0.327923893928528,0.380739748477936,0.323863446712494,0.242870464920998,0.386679202318192,0.325680792331696,0.42794194817543,0.321391671895981,0.184780463576317,0.320026487112045,0.409153550863266,0.45835667848587,0.467980772256851,0.439753234386444,0.328141868114471,0.359631061553955,0.420268207788467,0.479253470897675,0.4923495054245,0.488444447517395,0.477662682533264,0.459628909826279,0.396933704614639,0.385665595531464,0.477571845054626,0.40337723493576,0.32931262254715,0.139660254120827,0.0716781541705132,0.258863508701324,0.374444663524628,0.354092806577682,0.338428258895874,0.258229225873947,0.322906166315079,0.440426707267761,0.507956862449646,0.548679292201996,0.616889119148254,0.602538824081421,0.576936364173889,0.371735453605652,0,0.25030106306076,0.378483980894089,0.437335640192032,0.484467387199402,0.34504047036171,0.275615841150284,0,0.143151357769966,0.0801011770963669,0,0,0,0.0976179838180542,0.0725355222821236,0,0.161735862493515,0.29804316163063,0.359800457954407,0.401477038860321,0.419432014226913,0.392117619514465,0.396578162908554,0.442114025354385,0.451109677553177,0.390323609113693,0.277670323848724,0.26280090212822,0.397636204957962,0.388502448797226,0.165159836411476,0,0,0,0,0,0,0,0.110372826457024,0.128555431962013,0.272415190935135,0.259691268205643,0,0,0,0,0.0608612634241581,0.222891882061958,0,0,0,0,0,0,0,0,0,0,0,0,0,0,0,0,0,0,0,0,0,0,0,0,0,0,0,0,0,0,0,0,0,0,0,0,0,0,0,0,0,0,0,0,0,0,0,0,0,0,0,0,0,0,301
Main-Spessart,0,0,0,0,0,0,0,0,0,0,0,0,0,0,0,0,0,0,0,0,0,0,0,0,0,0,0,0,0,0,0,0,0,0,0,0,0,0,0,0,0,0,0,0,0,0,0,0,0,0,0,0,0,0,0,0,0,0,0,0,0,0,0,0,0,0,0,0,0,0,0,0,0,0,0,0,0,0,0,0,0,0,0,0,0,0,0,0,0,0,0,0,0,0,0,0,0,0,0,0,0,0,0,0,0,0,0,0,0,0,0,0,0,0,0,0,0,0,0,0,0,0,0,0,0,0,0,0,0,0,0,0,0,0,0,0,0,0,0,0,0,0,0,0,0,0,0,0,0,0,0,0,0,0,0,0,0,0,0,0,0,0,0,0.00643277447670698,0.00558461900800467,0,0,0,0,0,0,0,0,0,0,0,0,0,0,0,0,0,0,0,0,0,0.0177398156374693,0.0487225241959095,0.0671687200665474,0.0737680420279503,0.0706281587481499,0.0611096583306789,0.0772339925169945,0.0928574353456497,0.10395985096693,0.11980002373457,0.14630101621151,0.143767952919006,0.0694775804877281,0.132294654846191,0.20346288383007,0.247474268078804,0.276705175638199,0.29645511507988,0.319233864545822,0.2991883456707,0.259375482797623,0.178681597113609,0.237587705254555,0.177169933915138,0.201747626066208,0.243023440241814,0.330918967723846,0.391764372587204,0.269281148910522,0.151802435517311,0,0.168620094656944,0.297164529561996,0.286078751087189,0.241612389683723,0.263485044240952,0.298051983118057,0.26539745926857,0.167223185300827,0.27240726351738,0.244304850697517,0.322251170873642,0.288503915071487,0.165965035557747,0.225284203886986,0.322636127471924,0.363944619894028,0.380778700113297,0.343167871236801,0.255391359329224,0.264238655567169,0.320541054010391,0.359696835279465,0.387541621923447,0.377795517444611,0.360150098800659,0.357586652040482,0.301837295293808,0.284864276647568,0.355020761489868,0.296981006860733,0.237018495798111,0.13506968319416,0.0174606796354055,0.210865959525108,0.275567412376404,0.239756628870964,0.228927984833717,0.132640495896339,0.165274634957314,0.323250979185104,0.364475935697556,0.394146263599396,0.465440094470978,0.445789009332657,0.420390903949738,0.24933697283268,0,0.13862369954586,0.281638592481613,0.317661374807358,0.339214771986008,0.245419651269913,0.138780742883682,0,0.0577076897025108,0.0473009757697582,0,0,0,0.0407722517848015,0.0839318856596947,0,0.0191862620413303,0.189822927117348,0.242044299840927,0.272147476673126,0.290047079324722,0.276477485895157,0.269047737121582,0.309553891420364,0.339352607727051,0.299394249916077,0.212197437882423,0.160437777638435,0.287603199481964,0.27476304769516,0.141423031687737,0,0,0,0,0,0,0,0.0736531540751457,0.017789276316762,0.206437289714813,0.197194799780846,0,0,0,0,0.00196521682664752,0.121454335749149,0,0,0,0,0,0,0,0,0,0,0,0,0,0,0,0,0,0,0,0,0,0,0,0,0,0,0,0,0,0,0,0,0,0,0,0,0,0,0,0,0,0,0,0,0,0,0,0,0,0,0,0,0,0,302
Schweinfurt,0,0,0,0,0,0,0,0,0,0,0,0,0,0,0,0,0,0,0,0,0,0,0,0,0,0,0,0,0,0,0,0,0,0,0,0,0,0,0,0,0,0,0,0,0,0,0,0,0,0,0,0,0,0,0,0,0,0,0,0,0,0,0,0,0,0,0,0,0,0,0,0,0,0,0,0,0,0,0,0,0,0,0,0,0,0,0,0,0,0,0,0,0,0,0,0,0,0,0,0,0,0,0,0,0,0,0,0,0,0,0,0,0,0,0,0,0,0,0,0,0,0,0,0,0,0,0,0,0,0,0,0,0,0,0,0,0,0,0,0,0,0,0,0,0,0,0,0,0,0,0,0,0,0,0,0,0,0,0,0,0,0,0,0.0117344092577696,0.0114424815401435,0,0,0,0,0,0,0,0,0,0,0,0,0,0,0,0,0,0,0,0,0,0.0508577600121498,0.0890170037746429,0.116534344851971,0.119453519582748,0.113507688045502,0.106642991304398,0.130737826228142,0.153300702571869,0.155640155076981,0.168316423892975,0.206761881709099,0.218079388141632,0.124431155622005,0.195624127984047,0.290675818920135,0.35644742846489,0.395476490259171,0.423639059066772,0.438188910484314,0.429605334997177,0.383194625377655,0.297084033489227,0.331079006195068,0.263501226902008,0.294108211994171,0.365800678730011,0.476063251495361,0.557089865207672,0.395139127969742,0.23561529815197,0,0.224579423666,0.410210788249969,0.409574687480927,0.364922493696213,0.411690920591354,0.396762877702713,0.408518493175507,0.247905433177948,0.373308956623077,0.34523144364357,0.454516261816025,0.443111479282379,0.277513325214386,0.301008522510529,0.46769192814827,0.520451068878174,0.552551686763763,0.484688490629196,0.39961501955986,0.392931967973709,0.471171051263809,0.528167068958282,0.589295864105225,0.537640690803528,0.517670333385468,0.530690610408783,0.459727078676224,0.444018661975861,0.536052227020264,0.464617997407913,0.345176368951797,0.30550429224968,0.174704000353813,0.323765993118286,0.421496897935867,0.397816509008408,0.334086239337921,0.332046419382095,0.361558794975281,0.480719327926636,0.521108865737915,0.585579693317413,0.671465933322906,0.656837224960327,0.623996555805206,0.441248118877411,0,0.266949504613876,0.438576519489288,0.494623512029648,0.506464958190918,0.370052367448807,0.189983069896698,0,0.228910148143768,0.108350142836571,0,0,0,0.168079257011414,0.236356660723686,0,0.197901874780655,0.354062378406525,0.402081906795502,0.426678031682968,0.438925743103027,0.418878048658371,0.428058236837387,0.488783270120621,0.53238320350647,0.466378688812256,0.368159919977188,0.299402117729187,0.462408781051636,0.417781054973602,0.282037407159805,0,0,0,0,0,0,0,0.194202110171318,0.150676801800728,0.349345177412033,0.329254686832428,0,0,0,0,0.0486367680132389,0.249570116400719,0,0,0,0,0,0,0,0,0,0,0,0,0,0,0,0,0,0,0,0,0,0,0,0,0,0,0,0,0,0,0,0,0,0,0,0,0,0,0,0,0,0,0,0,0,0,0,0,0,0,0,0,0,0,303
Würzburg,0,0,0,0,0,0,0,0,0,0,0,0,0,0,0,0,0,0,0,0,0,0,0,0,0,0,0,0,0,0,0,0,0,0,0,0,0,0,0,0,0,0,0,0,0,0,0,0,0,0,0,0,0,0,0,0,0,0,0,0,0,0,0,0,0,0,0,0,0,0,0,0,0,0,0,0,0,0,0,0,0,0,0,0,0,0,0,0,0,0,0,0,0,0,0,0,0,0,0,0,0,0,0,0,0,0,0,0,0,0,0,0,0,0,0,0,0,0,0,0,0,0,0,0,0,0,0,0,0,0,0,0,0,0,0,0,0,0,0,0,0,0,0,0,0,0,0,0,0,0,0,0,0,0,0,0,0,0,0,0,0,0,0,0.0115064196288586,0.00998338405042887,0,0,0,0,0,0,0,0,0,0,0,0,0,0,0,0,0,0,0,0,0,0.0426186323165894,0.0745432749390602,0.0938882902264595,0.098995253443718,0.098693959414959,0.0866808071732521,0.105022445321083,0.116972297430038,0.130761712789536,0.141102865338326,0.175270944833755,0.184653133153915,0.114442996680737,0.167920023202896,0.239028409123421,0.291721940040588,0.325371503829956,0.341551631689072,0.36444291472435,0.349707961082458,0.313041597604752,0.246634811162949,0.28947901725769,0.21838067471981,0.234502926468849,0.299262374639511,0.394492894411087,0.455602139234543,0.311747670173645,0.182129710912704,0,0.234076723456383,0.360841900110245,0.352307856082916,0.291683405637741,0.335758447647095,0.322798252105713,0.328935831785202,0.214662179350853,0.33325782418251,0.295451104640961,0.390802919864655,0.324815571308136,0.215525060892105,0.261700093746185,0.392257243394852,0.41348135471344,0.446481913328171,0.420410513877869,0.335866957902908,0.329665571451187,0.386841684579849,0.433711409568787,0.46784183382988,0.439780831336975,0.425796955823898,0.436286419630051,0.372983455657959,0.360663086175919,0.442399114370346,0.384579211473465,0.29188460111618,0.229568123817444,0.188792005181313,0.28691753745079,0.364528238773346,0.328723520040512,0.282927721738815,0.258490055799484,0.31459853053093,0.40653795003891,0.454945594072342,0.501689851284027,0.559407949447632,0.553829193115234,0.536139905452728,0.384915769100189,0,0.233109891414642,0.364848494529724,0.418866962194443,0.441191405057907,0.322410315275192,0.23828786611557,0,0.180247753858566,0.162596151232719,0,0,0,0.195715621113777,0.202764928340912,0,0.171819284558296,0.285495609045029,0.322611331939697,0.351846247911453,0.365521103143692,0.361777007579803,0.362743675708771,0.408265709877014,0.442865788936615,0.391256660223007,0.303617626428604,0.262117683887482,0.395661771297455,0.363206207752228,0.215492129325867,0,0,0,0,0,0,0,0.131874978542328,0.16860768198967,0.289078623056412,0.26912397146225,0,0,0,0,0.101779364049435,0.22607609629631,0,0,0,0,0,0,0,0,0,0,0,0,0,0,0,0,0,0,0,0,0,0,0,0,0,0,0,0,0,0,0,0,0,0,0,0,0,0,0,0,0,0,0,0,0,0,0,0,0,0,0,0,0,0,304
Augsburg,0,0,0,0,0,0,0,0,0,0,0,0,0,0,0,0,0,0,0,0,0,0,0,0,0,0,0,0,0,0,0,0,0,0,0,0,0,0,0,0,0,0,0,0,0,0,0,0,0,0,0,0,0,0,0,0,0,0,0,0,0,0,0,0,0,0,0,0,0,0,0,0,0,0,0,0,0,0,0,0,0,0,0,0,0,0,0,0,0,0,0,0,0,0,0,0,0,0,0,0,0,0,0,0,0,0,0,0,0,0,0,0,0,0,0,0,0,0,0,0,0,0,0,0,0,0,0,0,0,0,0,0,0,0,0,0,0,0,0,0,0,0,0,0,0,0,0,0,0,0,0,0,0,0,0,0,0,0,0,0,0,0,0,0.00877956580370665,0.0107219154015183,0,0,0,0,0,0,0,0,0,0,0,0,0,0,0,0,0,0,0,0,0,0,0.0359611101448536,0.0711011812090874,0.0678317919373512,0.0570169053971767,0.0108740823343396,0.0924960374832153,0.101053781807423,0.0934727936983109,0.127049535512924,0.160181775689125,0.199453502893448,0.156760975718498,0.151948243379593,0.224090322852135,0.279625505208969,0.321887224912643,0.356257528066635,0.403234273195267,0.36794638633728,0.355143189430237,0.318410843610764,0.349368244409561,0.284303843975067,0.193709403276443,0.311763316392899,0.422793924808502,0.523150265216827,0.329224586486816,0,0,0.262496501207352,0.375688105821609,0.349057197570801,0.342651963233948,0.498241454362869,0.354994505643845,0.316492915153503,0.191168874502182,0.356895059347153,0.274120897054672,0.435653060674667,0.250555694103241,0.0469344779849052,0.0434385575354099,0.419718623161316,0.418958067893982,0.485849827528,0.494584798812866,0.429627180099487,0.424611985683441,0.497493594884872,0.562374114990234,0.452228456735611,0.396843612194061,0.44575709104538,0.538580417633057,0.438618004322052,0.511345267295837,0.553368091583252,0.513952195644379,0,0.254088014364243,0.134607806801796,0.0438809059560299,0.284341663122177,0.405808985233307,0.323837667703629,0.257343858480453,0.399438917636871,0.510997235774994,0.597603619098663,0.646115601062775,0.722942054271698,0.725017070770264,0.647549748420715,0.447994410991669,0,0,0.40529203414917,0.466436952352524,0.547953605651855,0.425395607948303,0.200794950127602,0,0,0,0,0,0,0,0,0,0,0,0.189209774136543,0.239683464169502,0.191582545638084,0.0470575354993343,0.283843547105789,0.42340487241745,0.456529229879379,0.346853375434875,0.335547596216202,0.324540913105011,0.433004051446915,0.393500030040741,0.269611328840256,0,0,0,0,0,0,0,0,0.157940536737442,0.363511443138123,0.248846024274826,0,0,0,0,0,0.211054712533951,0,0,0,0,0,0,0,0,0,0,0,0,0,0,0,0,0,0,0,0,0,0,0,0,0,0,0,0,0,0,0,0,0,0,0,0,0,0,0,0,0,0,0,0,0,0,0,0,0,0,0,0,0,0,305
Kaufbeuren,0,0,0,0,0,0,0,0,0,0,0,0,0,0,0,0,0,0,0,0,0,0,0,0,0,0,0,0,0,0,0,0,0,0,0,0,0,0,0,0,0,0,0,0,0,0,0,0,0,0,0,0,0,0,0,0,0,0,0,0,0,0,0,0,0,0,0,0,0,0,0,0,0,0,0,0,0,0,0,0,0,0,0,0,0,0,0,0,0,0,0,0,0,0,0,0,0,0,0,0,0,0,0,0,0,0,0,0,0,0,0,0,0,0,0,0,0,0,0,0,0,0,0,0,0,0,0,0,0,0,0,0,0,0,0,0,0,0,0,0,0,0,0,0,0,0,0,0,0,0,0,0,0,0,0,0,0,0,0,0,0,0,0,0.00348250265233219,0.00389737915247679,0,0,0,0,0,0,0,0,0,0,0,0,0,0,0,0,0,0,0,0,0,0,0.018209557980299,0.0294161587953568,0.0272694006562233,0,0,0.028805959969759,0.0385337844491005,0.0407155156135559,0.0583990924060345,0.0733931660652161,0.0992918014526367,0.0824393928050995,0.086283303797245,0.121152430772781,0.151372209191322,0.180627718567848,0.198850005865097,0.218844965100288,0.199118450284004,0.182590827345848,0.151492550969124,0.168292939662933,0.124283038079739,0.0847641006112099,0.165178224444389,0.232499361038208,0.291133314371109,0.153254628181458,0,0,0.124889589846134,0.186177924275398,0.159034162759781,0.175850227475166,0.271140724420547,0.157222956418991,0.112849004566669,0,0.199179336428642,0.125302612781525,0.250140637159348,0,0,0,0.166525274515152,0.183235570788383,0.194372326135635,0.256814986467361,0.227675408124924,0.241096973419189,0.278757393360138,0.294682443141937,0.24394403398037,0.190976768732071,0.212056577205658,0.260935246944427,0.199143081903458,0.250600576400757,0.291186779737473,0.226105645298958,0,0,0,0,0,0.158751979470253,0.165596470236778,0,0.186435133218765,0.270901650190353,0.307928055524826,0.351084679365158,0.382182538509369,0.375503391027451,0.355648875236511,0.181606292724609,0,0,0.162559688091278,0.232167705893517,0.274550050497055,0.187518626451492,0,0,0,0,0,0,0,0,0,0,0,0,0.102269418537617,0.129691451787949,0.121763080358505,0,0.159749314188957,0.189681872725487,0.204085186123848,0.152311742305756,0.119374938309193,0.157130494713783,0.218953564763069,0.195581674575806,0.112059786915779,0,0,0,0,0,0,0,0,0.104029916226864,0.147811159491539,0.0895424261689186,0,0,0,0,0,0.14422208070755,0,0,0,0,0,0,0,0,0,0,0,0,0,0,0,0,0,0,0,0,0,0,0,0,0,0,0,0,0,0,0,0,0,0,0,0,0,0,0,0,0,0,0,0,0,0,0,0,0,0,0,0,0,0,306
Kempten (Allgäu),0,0,0,0,0,0,0,0,0,0,0,0,0,0,0,0,0,0,0,0,0,0,0,0,0,0,0,0,0,0,0,0,0,0,0,0,0,0,0,0,0,0,0,0,0,0,0,0,0,0,0,0,0,0,0,0,0,0,0,0,0,0,0,0,0,0,0,0,0,0,0,0,0,0,0,0,0,0,0,0,0,0,0,0,0,0,0,0,0,0,0,0,0,0,0,0,0,0,0,0,0,0,0,0,0,0,0,0,0,0,0,0,0,0,0,0,0,0,0,0,0,0,0,0,0,0,0,0,0,0,0,0,0,0,0,0,0,0,0,0,0,0,0,0,0,0,0,0,0,0,0,0,0,0,0,0,0,0,0,0,0,0,0,0.00194505951367319,0.00239150738343596,0,0,0,0,0,0,0,0,0,0,0,0,0,0,0,0,0,0,0,0,0,0,0.015308684669435,0.022677980363369,0.0222127754241228,0,0,0,0.0212090406566858,0.0249520484358072,0.0456972494721413,0.0545820109546185,0.0820822343230247,0.0710899233818054,0.074198305606842,0.104164093732834,0.124039582908154,0.154819667339325,0.172940775752068,0.187235549092293,0.169929072260857,0.160105749964714,0.127322137355804,0.141817227005959,0.0917951837182045,0,0.126050367951393,0.212777733802795,0.254502892494202,0.130728676915169,0,0,0.100199535489082,0.151196822524071,0.110184535384178,0.122476257383823,0.227545574307442,0.107548654079437,0,0,0.167478650808334,0.105893917381763,0.235471084713936,0,0,0,0.0979462265968323,0.135164722800255,0.143045008182526,0.214707911014557,0.201431795954704,0.215732380747795,0.25065740942955,0.253386199474335,0.214695021510124,0.161996677517891,0.173486173152924,0.21923591196537,0.161882504820824,0.206398829817772,0.249300062656403,0.174895897507668,0,0,0,0,0,0,0.12117288261652,0,0.136814370751381,0.215297684073448,0.256251931190491,0.303749442100525,0.335995554924011,0.325583547353745,0.324060797691345,0.124170675873756,0,0,0.122828282415867,0.193966284394264,0.226633816957474,0.135646462440491,0,0,0,0,0,0,0,0,0,0,0,0,0,0.0164378918707371,0.0158617999404669,0,0.131002321839333,0.141392752528191,0.147433817386627,0.112007819116116,0,0.115302354097366,0.177645832300186,0.159348696470261,0.0764377191662788,0,0,0,0,0,0,0,0,0.0852390229701996,0.101359479129314,0,0,0,0,0,0,0.126030653715134,0,0,0,0,0,0,0,0,0,0,0,0,0,0,0,0,0,0,0,0,0,0,0,0,0,0,0,0,0,0,0,0,0,0,0,0,0,0,0,0,0,0,0,0,0,0,0,0,0,0,0,0,0,0,307
Memmingen,0,0,0,0,0,0,0,0,0,0,0,0,0,0,0,0,0,0,0,0,0,0,0,0,0,0,0,0,0,0,0,0,0,0,0,0,0,0,0,0,0,0,0,0,0,0,0,0,0,0,0,0,0,0,0,0,0,0,0,0,0,0,0,0,0,0,0,0,0,0,0,0,0,0,0,0,0,0,0,0,0,0,0,0,0,0,0,0,0,0,0,0,0,0,0,0,0,0,0,0,0,0,0,0,0,0,0,0,0,0,0,0,0,0,0,0,0,0,0,0,0,0,0,0,0,0,0,0,0,0,0,0,0,0,0,0,0,0,0,0,0,0,0,0,0,0,0,0,0,0,0,0,0,0,0,0,0,0,0,0,0,0,0,0.00266371923498809,0.00274307699874043,0,0,0,0,0,0,0,0,0,0,0,0,0,0,0,0,0,0,0,0,0,0,0.0209964103996754,0.0343839302659035,0.0347249694168568,0.00374260987155139,0,0.0389615409076214,0.0471442565321922,0.0525556169450283,0.0706352740526199,0.0849812477827072,0.112297154963017,0.100722283124924,0.101173341274261,0.134749427437782,0.165332704782486,0.200505822896957,0.219918876886368,0.244508996605873,0.217004343867302,0.206711530685425,0.177315458655357,0.195524901151657,0.150314405560493,0.0968313813209534,0.181478083133698,0.266271770000458,0.323568046092987,0.178986191749573,0,0,0.152448877692223,0.210519015789032,0.183864369988441,0.173207685351372,0.281600534915924,0.167725369334221,0.126368209719658,0.00480366870760918,0.217783629894257,0.160845875740051,0.290241569280624,0,0,0,0.195626229047775,0.208661422133446,0.255471438169479,0.285995990037918,0.259616643190384,0.268534481525421,0.311048865318298,0.317796349525452,0.249791458249092,0.225179582834244,0.248700127005577,0.299645096063614,0.227280303835869,0.287720143795013,0.317432761192322,0.270807534456253,0,0.0228118859231472,0,0,0.0303628202527761,0.184648811817169,0.159341230988503,0,0.198422893881798,0.279100477695465,0.335963696241379,0.380741953849792,0.426439464092255,0.416988998651505,0.397086352109909,0.215938776731491,0,0,0.204252362251282,0.260310292243958,0.294296026229858,0.217137917876244,0,0,0,0,0,0,0,0,0,0,0,0,0,0.0642563328146935,0.0648433566093445,0,0.149673789739609,0.211470782756805,0.219401687383652,0.176464676856995,0.130955576896667,0.15295335650444,0.231686025857925,0.219220861792564,0.144021615386009,0,0,0,0,0,0,0,0,0.0966310873627663,0.15517845749855,0.0546685941517353,0,0,0,0,0,0.12044308334589,0,0,0,0,0,0,0,0,0,0,0,0,0,0,0,0,0,0,0,0,0,0,0,0,0,0,0,0,0,0,0,0,0,0,0,0,0,0,0,0,0,0,0,0,0,0,0,0,0,0,0,0,0,0,308
Aichach-Friedberg,0,0,0,0,0,0,0,0,0,0,0,0,0,0,0,0,0,0,0,0,0,0,0,0,0,0,0,0,0,0,0,0,0,0,0,0,0,0,0,0,0,0,0,0,0,0,0,0,0,0,0,0,0,0,0,0,0,0,0,0,0,0,0,0,0,0,0,0,0,0,0,0,0,0,0,0,0,0,0,0,0,0,0,0,0,0,0,0,0,0,0,0,0,0,0,0,0,0,0,0,0,0,0,0,0,0,0,0,0,0,0,0,0,0,0,0,0,0,0,0,0,0,0,0,0,0,0,0,0,0,0,0,0,0,0,0,0,0,0,0,0,0,0,0,0,0,0,0,0,0,0,0,0,0,0,0,0,0,0,0,0,0,0,0.00743487244471908,0.00964110810309649,0,0,0,0,0,0,0,0,0,0,0,0,0,0,0,0,0,0,0,0,0,0,0.0351307541131973,0.063101701438427,0.0630884766578674,0.0565473064780235,0.0268287416547537,0.0840911939740181,0.0897012203931808,0.0841265022754669,0.109478980302811,0.138710618019104,0.170535266399384,0.131214886903763,0.131314888596535,0.192187160253525,0.239646837115288,0.273277044296265,0.301831752061844,0.337153673171997,0.3104527592659,0.297479629516602,0.269780427217484,0.293543934822083,0.236824586987495,0.16672271490097,0.264144539833069,0.353755056858063,0.429625600576401,0.272519797086716,0.0153319947421551,0,0.207831934094429,0.308625072240829,0.292970687150955,0.285518050193787,0.409982591867447,0.292881965637207,0.269537836313248,0.172440603375435,0.290598392486572,0.227472767233849,0.355771034955978,0.23017056286335,0.123879551887512,0.0998931527137756,0.34755802154541,0.357935935258865,0.40942320227623,0.407831072807312,0.346123486757278,0.347193777561188,0.403426587581635,0.461394906044006,0.383617758750916,0.327480137348175,0.369266331195831,0.439954102039337,0.356938064098358,0.415467083454132,0.44845774769783,0.424517452716827,0.016959048807621,0.20703199505806,0.18528738617897,0.062657356262207,0.24245660007,0.325829178094864,0.261396437883377,0.214588567614555,0.318803787231445,0.414934754371643,0.48841455578804,0.527660310268402,0.584150373935699,0.587255537509918,0.523712694644928,0.369304895401001,0,0,0.327750563621521,0.378602772951126,0.445798486471176,0.343936175107956,0.169061794877052,0,0,0,0,0,0,0,0,0,0,0.0650665014982224,0.173319518566132,0.204062804579735,0.183385103940964,0.123606115579605,0.256110399961472,0.345683366060257,0.373110890388489,0.28446301817894,0.280638009309769,0.269529491662979,0.355845600366592,0.319593220949173,0.222280189394951,0,0,0,0,0,0,0,0,0.122591450810432,0.296035796403885,0.205154046416283,0,0,0,0,0,0.16726790368557,0,0,0,0,0,0,0,0,0,0,0,0,0,0,0,0,0,0,0,0,0,0,0,0,0,0,0,0,0,0,0,0,0,0,0,0,0,0,0,0,0,0,0,0,0,0,0,0,0,0,0,0,0,0,309
Augsburg,0,0,0,0,0,0,0,0,0,0,0,0,0,0,0,0,0,0,0,0,0,0,0,0,0,0,0,0,0,0,0,0,0,0,0,0,0,0,0,0,0,0,0,0,0,0,0,0,0,0,0,0,0,0,0,0,0,0,0,0,0,0,0,0,0,0,0,0,0,0,0,0,0,0,0,0,0,0,0,0,0,0,0,0,0,0,0,0,0,0,0,0,0,0,0,0,0,0,0,0,0,0,0,0,0,0,0,0,0,0,0,0,0,0,0,0,0,0,0,0,0,0,0,0,0,0,0,0,0,0,0,0,0,0,0,0,0,0,0,0,0,0,0,0,0,0,0,0,0,0,0,0,0,0,0,0,0,0,0,0,0,0,0,0.00661257607862353,0.00766416918486357,0,0,0,0,0,0,0,0,0,0,0,0,0,0,0,0,0,0,0,0,0,0,0.0304156839847565,0.0586491823196411,0.0567786879837513,0.0472688302397728,0.0181703306734562,0.076601430773735,0.0841966718435287,0.083864651620388,0.105462059378624,0.132463067770004,0.16503743827343,0.130945935845375,0.128426551818848,0.187128186225891,0.231665134429932,0.266266644001007,0.29231184720993,0.332738071680069,0.295891016721725,0.289474546909332,0.259467422962189,0.285404115915298,0.241630479693413,0.16234615445137,0.256833136081696,0.345843553543091,0.430811733007431,0.268300980329514,0.0110196499153972,0,0.216552540659904,0.30458065867424,0.288177222013474,0.273527473211288,0.399559170007706,0.282946288585663,0.253015428781509,0.158706367015839,0.289442479610443,0.228837177157402,0.358850538730621,0.20073090493679,0.0766409859061241,0.0765786394476891,0.344328194856644,0.33810219168663,0.393272399902344,0.409046083688736,0.350557774305344,0.347003847360611,0.405128240585327,0.451193600893021,0.358368724584579,0.335783064365387,0.356591284275055,0.433015137910843,0.357485562562943,0.413295537233353,0.44316503405571,0.412778824567795,0.0135099217295647,0.200096294283867,0.055473018437624,0.0813834592700005,0.24111433327198,0.332155883312225,0.249299347400665,0.211196318268776,0.312063813209534,0.401453763246536,0.477473199367523,0.519248723983765,0.583723962306976,0.585906505584717,0.521695792675018,0.370615422725677,0,0.0216092746704817,0.32632851600647,0.380823731422424,0.438861310482025,0.338366359472275,0.150113359093666,0,0,0,0,0,0,0,0,0,0,0.0158169902861118,0.139352262020111,0.204839274287224,0.161392420530319,0.0841629505157471,0.233148247003555,0.344604790210724,0.366847008466721,0.287569463253021,0.269478917121887,0.256599932909012,0.346557796001434,0.320358753204346,0.213749676942825,0,0,0,0,0,0,0,0,0.0542183667421341,0.287891626358032,0.200360834598541,0,0,0,0,0,0.158791780471802,0,0,0,0,0,0,0,0,0,0,0,0,0,0,0,0,0,0,0,0,0,0,0,0,0,0,0,0,0,0,0,0,0,0,0,0,0,0,0,0,0,0,0,0,0,0,0,0,0,0,0,0,0,0,310
Dillingen a.d.Donau,0,0,0,0,0,0,0,0,0,0,0,0,0,0,0,0,0,0,0,0,0,0,0,0,0,0,0,0,0,0,0,0,0,0,0,0,0,0,0,0,0,0,0,0,0,0,0,0,0,0,0,0,0,0,0,0,0,0,0,0,0,0,0,0,0,0,0,0,0,0,0,0,0,0,0,0,0,0,0,0,0,0,0,0,0,0,0,0,0,0,0,0,0,0,0,0,0,0,0,0,0,0,0,0,0,0,0,0,0,0,0,0,0,0,0,0,0,0,0,0,0,0,0,0,0,0,0,0,0,0,0,0,0,0,0,0,0,0,0,0,0,0,0,0,0,0,0,0,0,0,0,0,0,0,0,0,0,0,0,0,0,0,0,0.00686130113899708,0.00763721531257033,0,0,0,0,0,0,0,0,0,0,0,0,0,0,0,0,0,0,0,0,0,0,0.039751049131155,0.0710192322731018,0.0720705017447472,0.0660180225968361,0.0502847135066986,0.0958657115697861,0.104832239449024,0.114990301430225,0.127904728055,0.163869142532349,0.197122171521187,0.152642339468002,0.15666227042675,0.231277570128441,0.279879450798035,0.319594532251358,0.347892969846725,0.395477086305618,0.338908791542053,0.337972670793533,0.304453134536743,0.336896777153015,0.304455399513245,0.206425786018372,0.313022822141647,0.410225629806519,0.505513846874237,0.308468371629715,0.0088283633813262,0,0.244446828961372,0.356630593538284,0.349912077188492,0.313736140727997,0.444657683372498,0.331107527017593,0.309373587369919,0.240408957004547,0.328844964504242,0.285972774028778,0.422560483217239,0.27750352025032,0.192403301596642,0.222868695855141,0.42568576335907,0.411105096340179,0.480528116226196,0.505132019519806,0.406971961259842,0.40495029091835,0.471217334270477,0.522541224956512,0.417383670806885,0.437942892313004,0.415934085845947,0.502596020698547,0.431233793497086,0.479189813137054,0.509225249290466,0.487095266580582,0.0143258962780237,0.209021985530853,0.095622144639492,0.224708840250969,0.331509113311768,0.395959764719009,0.252091914415359,0.286394596099854,0.334156692028046,0.441114783287048,0.548170864582062,0.60205751657486,0.682542383670807,0.68515682220459,0.610850691795349,0.464041113853455,0,0.106686688959599,0.391591370105743,0.460160821676254,0.513459444046021,0.391987323760986,0.192917943000793,0,0,0,0,0,0,0,0,0,0,0.087232381105423,0.190476298332214,0.26678529381752,0.238166451454163,0.229186654090881,0.296925753355026,0.419378876686096,0.433506160974503,0.363694876432419,0.323836207389832,0.293915450572968,0.406140834093094,0.384660333395004,0.237748116254807,0,0,0,0,0,0,0,0,0,0.33413428068161,0.243456616997719,0,0,0,0,0,0.134248584508896,0,0,0,0,0,0,0,0,0,0,0,0,0,0,0,0,0,0,0,0,0,0,0,0,0,0,0,0,0,0,0,0,0,0,0,0,0,0,0,0,0,0,0,0,0,0,0,0,0,0,0,0,0,0,311
Günzburg,0,0,0,0,0,0,0,0,0,0,0,0,0,0,0,0,0,0,0,0,0,0,0,0,0,0,0,0,0,0,0,0,0,0,0,0,0,0,0,0,0,0,0,0,0,0,0,0,0,0,0,0,0,0,0,0,0,0,0,0,0,0,0,0,0,0,0,0,0,0,0,0,0,0,0,0,0,0,0,0,0,0,0,0,0,0,0,0,0,0,0,0,0,0,0,0,0,0,0,0,0,0,0,0,0,0,0,0,0,0,0,0,0,0,0,0,0,0,0,0,0,0,0,0,0,0,0,0,0,0,0,0,0,0,0,0,0,0,0,0,0,0,0,0,0,0,0,0,0,0,0,0,0,0,0,0,0,0,0,0,0,0,0,0.00502717541530728,0.0053863232024014,0,0,0,0,0,0,0,0,0,0,0,0,0,0,0,0,0,0,0,0,0,0,0.0277942270040512,0.0554514192044735,0.0524708777666092,0.0424208082258701,0.0194317735731602,0.074117973446846,0.0840491056442261,0.0891526266932487,0.103012606501579,0.128796353936195,0.159952402114868,0.134795799851418,0.129850119352341,0.183937683701515,0.226724609732628,0.257908403873444,0.283875674009323,0.326680958271027,0.278788655996323,0.279463887214661,0.248545154929161,0.271831929683685,0.239104703068733,0.170567527413368,0.253992736339569,0.339250206947327,0.422595709562302,0.25762751698494,0,0,0.215198203921318,0.289516419172287,0.281493812799454,0.248931169509888,0.366269439458847,0.266505300998688,0.232264176011086,0.18271279335022,0.286219477653503,0.232524022459984,0.351903080940247,0.196583837270737,0.081071674823761,0.0999385491013527,0.341137588024139,0.316741645336151,0.38134354352951,0.408566564321518,0.341453105211258,0.340465396642685,0.392589509487152,0.424537658691406,0.315207183361053,0.341474652290344,0.342776834964752,0.407601654529572,0.340673595666885,0.39387646317482,0.41982489824295,0.390194088220596,0,0.18186329305172,0,0.0952906087040901,0.237575605511665,0.313819885253906,0.205592259764671,0.19404374063015,0.270668357610703,0.366446316242218,0.454020708799362,0.490788549184799,0.55410373210907,0.55415290594101,0.4922896027565,0.353074848651886,0,0.0833392888307571,0.31325289607048,0.36844676733017,0.400743842124939,0.317117691040039,0.110190749168396,0,0,0,0,0,0,0,0,0,0,0,0.00148250360507518,0.173985332250595,0.0946336984634399,0.0328144580125809,0.195921584963799,0.317055702209473,0.330062061548233,0.274125397205353,0.238547250628471,0.226651877164841,0.308107644319534,0.306892335414886,0.195567116141319,0,0,0,0,0,0,0,0,0.00149100134149194,0.250045627355576,0.176081642508507,0,0,0,0,0,0.051302220672369,0,0,0,0,0,0,0,0,0,0,0,0,0,0,0,0,0,0,0,0,0,0,0,0,0,0,0,0,0,0,0,0,0,0,0,0,0,0,0,0,0,0,0,0,0,0,0,0,0,0,0,0,0,0,312
Neu-Ulm,0,0,0,0,0,0,0,0,0,0,0,0,0,0,0,0,0,0,0,0,0,0,0,0,0,0,0,0,0,0,0,0,0,0,0,0,0,0,0,0,0,0,0,0,0,0,0,0,0,0,0,0,0,0,0,0,0,0,0,0,0,0,0,0,0,0,0,0,0,0,0,0,0,0,0,0,0,0,0,0,0,0,0,0,0,0,0,0,0,0,0,0,0,0,0,0,0,0,0,0,0,0,0,0,0,0,0,0,0,0,0,0,0,0,0,0,0,0,0,0,0,0,0,0,0,0,0,0,0,0,0,0,0,0,0,0,0,0,0,0,0,0,0,0,0,0,0,0,0,0,0,0,0,0,0,0,0,0,0,0,0,0,0,0.00512503646314144,0.00533217051997781,0,0,0,0,0,0,0,0,0,0,0,0,0,0,0,0,0,0,0,0,0,0,0.0295139141380787,0.053533747792244,0.0519100502133369,0.0350339263677597,0.000735834881197661,0.0705019533634186,0.0819127634167671,0.0898512154817581,0.105284288525581,0.132211089134216,0.163091138005257,0.139326199889183,0.137492209672928,0.192717850208282,0.237123876810074,0.276276797056198,0.300990909337997,0.343454837799072,0.293950796127319,0.287156522274017,0.25236240029335,0.278542786836624,0.245316073298454,0.175047382712364,0.267423778772354,0.361029475927353,0.443234980106354,0.259093254804611,0,0,0.217268854379654,0.300619393587112,0.288198709487915,0.250346601009369,0.376781284809113,0.273420065641403,0.230431720614433,0.174654051661491,0.297857910394669,0.242792174220085,0.376530051231384,0.180732205510139,0.00301904603838921,0.0379080846905708,0.342307537794113,0.328283369541168,0.409952610731125,0.436562538146973,0.361072599887848,0.368148028850555,0.419533938169479,0.4506676197052,0.334676533937454,0.352194279432297,0.369677990674973,0.42791211605072,0.352032393217087,0.419204622507095,0.441967487335205,0.411655902862549,0,0.121266447007656,0,0.00359594379551709,0.223341330885887,0.325590938329697,0.200121715664864,0.17512059211731,0.27853137254715,0.390548259019852,0.48676472902298,0.532436072826385,0.595828354358673,0.595966517925262,0.530577003955841,0.37068310379982,0,0.00319655355997384,0.32949024438858,0.39868825674057,0.431463867425919,0.332496702671051,0.111460760235786,0,0,0,0,0,0,0,0,0,0,0,0,0.200713843107224,0.174364626407623,0.104092337191105,0.222481653094292,0.344734787940979,0.350535124540329,0.289277404546738,0.246636971831322,0.246570587158203,0.338715970516205,0.3316350877285,0.202182412147522,0,0,0,0,0,0,0,0,0.0115726450458169,0.26268082857132,0.17499914765358,0,0,0,0,0,0.0364812314510345,0,0,0,0,0,0,0,0,0,0,0,0,0,0,0,0,0,0,0,0,0,0,0,0,0,0,0,0,0,0,0,0,0,0,0,0,0,0,0,0,0,0,0,0,0,0,0,0,0,0,0,0,0,0,313
Lindau (Bodensee),0,0,0,0,0,0,0,0,0,0,0,0,0,0,0,0,0,0,0,0,0,0,0,0,0,0,0,0,0,0,0,0,0,0,0,0,0,0,0,0,0,0,0,0,0,0,0,0,0,0,0,0,0,0,0,0,0,0,0,0,0,0,0,0,0,0,0,0,0,0,0,0,0,0,0,0,0,0,0,0,0,0,0,0,0,0,0,0,0,0,0,0,0,0,0,0,0,0,0,0,0,0,0,0,0,0,0,0,0,0,0,0,0,0,0,0,0,0,0,0,0,0,0,0,0,0,0,0,0,0,0,0,0,0,0,0,0,0,0,0,0,0,0,0,0,0,0,0,0,0,0,0,0,0,0,0,0,0,0,0,0,0,0,0.00496916705742478,0.00501790083944798,0,0,0,0,0,0,0,0,0,0,0,0,0,0,0,0,0,0,0,0,0,0.00942337885499001,0.0203941334038973,0.0278245657682419,0.0287368800491095,0.0111289992928505,0,0.0208887327462435,0.0264116451144218,0.0282260403037071,0.0436803922057152,0.0523196682333946,0.0685787945985794,0.065300241112709,0.067941814661026,0.0821976438164711,0.0964338779449463,0.114375874400139,0.124671883881092,0.134793385863304,0.123116321861744,0.113470129668713,0.0942245349287987,0.107711873948574,0.0657224729657173,0.0602309294044971,0.106553845107555,0.152935087680817,0.171550750732422,0.101420097053051,0,0,0.0971849411725998,0.11811076104641,0.084832064807415,0.102506995201111,0.146466985344887,0.0775085687637329,0.057844802737236,0.0567929670214653,0.127705961465836,0.0923679620027542,0.163080155849457,0.0416384823620319,0.0346617959439754,0,0.084658071398735,0.116714738309383,0.138782858848572,0.161858648061752,0.155914947390556,0.160006955265999,0.171792060136795,0.176287233829498,0.147667706012726,0.122624181210995,0.137298390269279,0.156678482890129,0.121759198606014,0.157323315739632,0.171769112348557,0.14190262556076,0,0.0580083280801773,0.0417451076209545,0,0.0598100461065769,0.095206692814827,0.092860721051693,0.0529979206621647,0.115911059081554,0.156821325421333,0.186766490340233,0.210413157939911,0.23222690820694,0.229843094944954,0.226625487208366,0.122212089598179,0.0418442040681839,0.0613705068826675,0.122427269816399,0.154263898730278,0.169247344136238,0.122468709945679,0.075914278626442,0.0430667921900749,0.0619171336293221,0,0,0,0,0,0,0.0409061722457409,0.0501573421061039,0.0476309880614281,0.0659410282969475,0.0750750824809074,0.0825298577547073,0.0669654309749603,0.108054272830486,0.126174345612526,0.119699455797672,0.111715391278267,0.0713200569152832,0.0966354236006737,0.137725427746773,0.128239214420319,0.0840803980827332,0.0410024300217628,0,0,0,0,0,0,0,0.0589283853769302,0.0833648219704628,0.0470388121902943,0,0,0,0,0.0390843860805035,0.0887912064790726,0,0,0,0,0,0,0,0,0,0,0,0,0,0,0,0,0,0,0,0,0,0,0,0,0,0,0,0,0,0,0,0,0,0,0,0,0,0,0,0,0,0,0,0,0,0,0,0,0,0,0,0,0,0,314
Ostallgäu,0,0,0,0,0,0,0,0,0,0,0,0,0,0,0,0,0,0,0,0,0,0,0,0,0,0,0,0,0,0,0,0,0,0,0,0,0,0,0,0,0,0,0,0,0,0,0,0,0,0,0,0,0,0,0,0,0,0,0,0,0,0,0,0,0,0,0,0,0,0,0,0,0,0,0,0,0,0,0,0,0,0,0,0,0,0,0,0,0,0,0,0,0,0,0,0,0,0,0,0,0,0,0,0,0,0,0,0,0,0,0,0,0,0,0,0,0,0,0,0,0,0,0,0,0,0,0,0,0,0,0,0,0,0,0,0,0,0,0,0,0,0,0,0,0,0,0,0,0,0,0,0,0,0,0,0,0,0,0,0,0,0,0,0.00294367293827236,0.00349082960747182,0,0,0,0,0,0,0,0,0,0,0,0,0,0,0,0,0,0,0,0,0,0,0.015531288459897,0.0244938042014837,0.0222891438752413,0.00145235564559698,0,0.0124948490411043,0.0266554318368435,0.0258143711835146,0.0430408492684364,0.0586590133607388,0.0833141356706619,0.0666149035096169,0.0710620433092117,0.104535982012749,0.12780998647213,0.155622988939285,0.171877577900887,0.188012048602104,0.172677174210548,0.159105077385902,0.125452071428299,0.137491688132286,0.0897320583462715,0.0291162244975567,0.135192707180977,0.203452840447426,0.25418022274971,0.117993786931038,0,0,0.0934816747903824,0.153566241264343,0.116166137158871,0.140491679310799,0.238153323531151,0.117365300655365,0.0494418740272522,0,0.166601091623306,0.0865976884961128,0.220804706215858,0.00629068864509463,0,0,0.115980513393879,0.135739177465439,0.140226885676384,0.221687406301498,0.197955280542374,0.212159335613251,0.24470816552639,0.260905385017395,0.215237662196159,0.160928085446358,0.178633600473404,0.220660790801048,0.161831870675087,0.215135186910629,0.25317171216011,0.169297695159912,0,0.00930027104914188,0,0,0.0078024547547102,0.096042588353157,0.12379639595747,0.0069457245990634,0.150725856423378,0.235214084386826,0.266908884048462,0.31038224697113,0.338681101799011,0.330256909132004,0.316708564758301,0.134635537862778,0,0,0.118683509528637,0.196392253041267,0.239323124289513,0.139782160520554,0,0,0,0,0,0,0,0,0,0,0,0,0.0595855005085468,0.107094615697861,0.0924115180969238,0,0.138882011175156,0.166491985321045,0.172623813152313,0.113894209265709,0.0778593048453331,0.131917551159859,0.192225724458694,0.16788287460804,0.0764869228005409,0,0,0,0,0,0,0,0,0.0910056009888649,0.125202059745789,0.0381590314209461,0,0,0,0,0,0.128946125507355,0,0,0,0,0,0,0,0,0,0,0,0,0,0,0,0,0,0,0,0,0,0,0,0,0,0,0,0,0,0,0,0,0,0,0,0,0,0,0,0,0,0,0,0,0,0,0,0,0,0,0,0,0,0,315
Unterallgäu,0,0,0,0,0,0,0,0,0,0,0,0,0,0,0,0,0,0,0,0,0,0,0,0,0,0,0,0,0,0,0,0,0,0,0,0,0,0,0,0,0,0,0,0,0,0,0,0,0,0,0,0,0,0,0,0,0,0,0,0,0,0,0,0,0,0,0,0,0,0,0,0,0,0,0,0,0,0,0,0,0,0,0,0,0,0,0,0,0,0,0,0,0,0,0,0,0,0,0,0,0,0,0,0,0,0,0,0,0,0,0,0,0,0,0,0,0,0,0,0,0,0,0,0,0,0,0,0,0,0,0,0,0,0,0,0,0,0,0,0,0,0,0,0,0,0,0,0,0,0,0,0,0,0,0,0,0,0,0,0,0,0,0,0.00359040428884327,0.003854337381199,0,0,0,0,0,0,0,0,0,0,0,0,0,0,0,0,0,0,0,0,0,0,0.0208889823406935,0.0361144356429577,0.0349199250340462,0.012452102266252,0,0.0419122241437435,0.0502579808235168,0.0542424023151398,0.0715016797184944,0.0871130377054214,0.114388085901737,0.0992825552821159,0.0987439900636673,0.135124832391739,0.167529344558716,0.198934867978096,0.218016713857651,0.244574815034866,0.216704919934273,0.207592085003853,0.178671300411224,0.196750581264496,0.156035602092743,0.0974259003996849,0.184742197394371,0.260650604963303,0.322723478078842,0.183717668056488,0,0,0.155202209949493,0.213320598006248,0.189515247941017,0.183363154530525,0.288520961999893,0.178633436560631,0.138805404305458,0.00634019821882248,0.220682501792908,0.159147053956985,0.280074536800385,0.00499647902324796,0,0,0.209220796823502,0.21341447532177,0.251425892114639,0.288694709539413,0.25691482424736,0.265463441610336,0.306421160697937,0.320519894361496,0.251095741987228,0.226673036813736,0.247767806053162,0.300575375556946,0.232879057526588,0.288849383592606,0.32019367814064,0.271828025579453,0,0.0761656314134598,0,0,0.0785728543996811,0.19872073829174,0.171026408672333,0.00503900740295649,0.208081319928169,0.288373738527298,0.339502334594727,0.378885567188263,0.42182731628418,0.41544184088707,0.386753022670746,0.222628325223923,0,0,0.206303521990776,0.261698126792908,0.298049449920654,0.221609368920326,0.00223894417285919,0,0,0,0,0,0,0,0,0,0,0,0.0236745774745941,0.118010655045509,0.10832305252552,0,0.154091089963913,0.218035206198692,0.229263499379158,0.180420354008675,0.145164236426353,0.164943754673004,0.233181908726692,0.218942821025848,0.140521809458733,0,0,0,0,0,0,0,0,0.0942935571074486,0.167180046439171,0.10100395232439,0,0,0,0,0,0.124256417155266,0,0,0,0,0,0,0,0,0,0,0,0,0,0,0,0,0,0,0,0,0,0,0,0,0,0,0,0,0,0,0,0,0,0,0,0,0,0,0,0,0,0,0,0,0,0,0,0,0,0,0,0,0,0,316
Donau-Ries,0,0,0,0,0,0,0,0,0,0,0,0,0,0,0,0,0,0,0,0,0,0,0,0,0,0,0,0,0,0,0,0,0,0,0,0,0,0,0,0,0,0,0,0,0,0,0,0,0,0,0,0,0,0,0,0,0,0,0,0,0,0,0,0,0,0,0,0,0,0,0,0,0,0,0,0,0,0,0,0,0,0,0,0,0,0,0,0,0,0,0,0,0,0,0,0,0,0,0,0,0,0,0,0,0,0,0,0,0,0,0,0,0,0,0,0,0,0,0,0,0,0,0,0,0,0,0,0,0,0,0,0,0,0,0,0,0,0,0,0,0,0,0,0,0,0,0,0,0,0,0,0,0,0,0,0,0,0,0,0,0,0,0,0.00662481505423784,0.00735081266611814,0,0,0,0,0,0,0,0,0,0,0,0,0,0,0,0,0,0,0,0,0,0,0.0383222624659538,0.0595806688070297,0.0644539445638657,0.061077531427145,0.0481657609343529,0.0802109986543655,0.0842487439513206,0.0954580828547478,0.108022652566433,0.140102162957191,0.163060739636421,0.111049130558968,0.135698601603508,0.20101010799408,0.24124464392662,0.276882171630859,0.297806262969971,0.331227660179138,0.290012240409851,0.282098263502121,0.251514375209808,0.284856170415878,0.254214316606522,0.169494956731796,0.268102616071701,0.348544865846634,0.420026659965515,0.249785870313644,0.0260539166629314,0,0.173865601420403,0.301004081964493,0.294329434633255,0.256545543670654,0.370108395814896,0.263535439968109,0.265968948602676,0.183618128299713,0.26179513335228,0.230618372559547,0.350010454654694,0.245021745562553,0.185899183154106,0.172876581549644,0.350780159235001,0.344788998365402,0.399010002613068,0.413158416748047,0.324919998645782,0.326939553022385,0.380316853523254,0.43031057715416,0.375658273696899,0.366139024496078,0.342722356319427,0.41444918513298,0.350347518920898,0.379057198762894,0.412602633237839,0.391074508428574,0.0713998079299927,0.0760436505079269,0.14502640068531,0.202868342399597,0.272773444652557,0.300180792808533,0.198912113904953,0.229201346635818,0.275554746389389,0.354288995265961,0.446858674287796,0.49813050031662,0.544595897197723,0.553340673446655,0.491598039865494,0.375210523605347,0,0.00612391857430339,0.304379433393478,0.365101158618927,0.423210710287094,0.305089890956879,0.0971459969878197,0,0,0,0,0,0,0,0,0,0,0.151524394750595,0.217683494091034,0.252853363752365,0.247426465153694,0.232357710599899,0.269325733184814,0.347286641597748,0.358739346265793,0.296987026929855,0.261943876743317,0.242217004299164,0.342533469200134,0.309139102697372,0.142559960484505,0,0,0,0,0,0,0,0,0.0212442092597485,0.280114233493805,0.203856229782104,0,0,0,0,0,0.157845973968506,0,0,0,0,0,0,0,0,0,0,0,0,0,0,0,0,0,0,0,0,0,0,0,0,0,0,0,0,0,0,0,0,0,0,0,0,0,0,0,0,0,0,0,0,0,0,0,0,0,0,0,0,0,0,317
Oberallgäu,0,0,0,0,0,0,0,0,0,0,0,0,0,0,0,0,0,0,0,0,0,0,0,0,0,0,0,0,0,0,0,0,0,0,0,0,0,0,0,0,0,0,0,0,0,0,0,0,0,0,0,0,0,0,0,0,0,0,0,0,0,0,0,0,0,0,0,0,0,0,0,0,0,0,0,0,0,0,0,0,0,0,0,0,0,0,0,0,0,0,0,0,0,0,0,0,0,0,0,0,0,0,0,0,0,0,0,0,0,0,0,0,0,0,0,0,0,0,0,0,0,0,0,0,0,0,0,0,0,0,0,0,0,0,0,0,0,0,0,0,0,0,0,0,0,0,0,0,0,0,0,0,0,0,0,0,0,0,0,0,0,0,0,0.000964047154411674,0.00120245071593672,0,0,0,0,0,0,0,0,0,0,0,0,0,0,0,0,0,0,0,0,0,0,0.0091586085036397,0.013623857870698,0.0135751012712717,0,0,0.000754374312236905,0.00833176542073488,0.0096298586577177,0.0258449520915747,0.03197156265378,0.0501976199448109,0.0425209179520607,0.0450867004692554,0.0650561228394508,0.0766259729862213,0.0960830450057983,0.108256168663502,0.117065876722336,0.106438845396042,0.0998898968100548,0.0754454582929611,0.0853358954191208,0.033906128257513,0.00189604610204697,0.0738086774945259,0.133559674024582,0.160268098115921,0.0754481628537178,0,0,0.0477261617779732,0.0900309011340141,0.0411170050501823,0.057922150939703,0.140703424811363,0.0397359505295753,0.00257581355981529,0,0.100607328116894,0.0389601550996304,0.147632271051407,0,0,0,0.0378250479698181,0.0645095258951187,0.0714686214923859,0.133256569504738,0.12526835501194,0.135841578245163,0.156955912709236,0.160505056381226,0.135993257164955,0.097843810915947,0.106248818337917,0.134426400065422,0.092731811106205,0.127954840660095,0.155868053436279,0.0993476212024689,0,0,0,0,0,0.00951545592397451,0.0564976744353771,0,0.0655763819813728,0.134252980351448,0.16148042678833,0.192451119422913,0.212084859609604,0.20446589589119,0.20478218793869,0.0595947131514549,0,0,0.0594420321285725,0.118081502616405,0.142561540007591,0.0655661448836327,0,0,0,0,0,0,0,0,0,0,0,0,0,0.0123930480331182,0.0121687483042479,0,0.0801947191357613,0.0906093493103981,0.0878121480345726,0.0540132150053978,0.0025362353771925,0.0681050419807434,0.111760057508945,0.0986798778176308,0.0292343404144049,0,0,0,0,0,0,0,0,0.0512427724897861,0.0618638396263123,0.00174481794238091,0,0,0,0,0,0.0761423036456108,0,0,0,0,0,0,0,0,0,0,0,0,0,0,0,0,0,0,0,0,0,0,0,0,0,0,0,0,0,0,0,0,0,0,0,0,0,0,0,0,0,0,0,0,0,0,0,0,0,0,0,0,0,0,318
Regionalverband Saarbrücken,0,0,0,0,0,0,0,0,0,0,0,0,0,0,0,0,0,0,0,0,0,0,0,0,0,0,0,0,0,0,0,0,0,0,0,0,0,0,0,0,0,0,0,0,0,0,0,0,0,0,0,0,0,0,0,0,0,0,0,0,0,0,0,0,0,0,0,0,0,0,0,0,0,0,0,0,0,0,0,0,0,0,0,0,0,0,0,0,0,0,0,0,0,0,0,0,0,0,0,0,0,0,0,0,0,0,0,0,0,0,0,0,0,0,0,0,0,0,0,0,0,0,0,0,3.79091870854609e-05,0.00027457089163363,0,0,0,0,0,0,0,0,0,0,0,0,0,0,0,0,0,0,0,0,0,0,0,0,0,0,0,0,0,0,0,0,0,0,0,0,0,0.0076271858997643,0,0,0,0,0,0,0,0,0,0,0,0,0,0,0,0,0,0,0,0,0.00412177806720138,0.0164879579097033,0.0306562092155218,0.0423103533685207,0.0488479323685169,0.0557685680687428,0.0348579697310925,0.0333985984325409,0.0501421950757504,0.0719846561551094,0.0955918952822685,0.107718646526337,0.121327482163906,0.110214628279209,0.0946411564946175,0.133438557386398,0.164403334259987,0.187650308012962,0.202927842736244,0.211556494235992,0.221698328852654,0.190882742404938,0.171172499656677,0.0791564509272575,0.159111469984055,0.109403640031815,0.131364732980728,0.184093564748764,0.232301875948906,0.232620060443878,0.143449664115906,0,0,0.150644019246101,0.23144169151783,0.158675089478493,0.181599825620651,0.151439741253853,0.18178254365921,0.130721271038055,0.172790825366974,0.198214799165726,0.176793545484543,0.197350338101387,0.115165121853352,0,0.199067682027817,0.1971295773983,0.21847203373909,0.271327167749405,0.25657320022583,0.21332710981369,0.224092364311218,0.248126238584518,0.266784101724625,0.229877158999443,0.211609318852425,0.221345692873001,0.188758119940758,0.175557315349579,0.176447376608849,0.227556496858597,0.179956257343292,0.164604917168617,0.0969560369849205,0,0.15452142059803,0.174768924713135,0.171602517366409,0.152298554778099,0.0894310772418976,0.162504032254219,0.214499294757843,0.280403316020966,0.306689351797104,0.317570775747299,0.307743549346924,0.306287288665771,0.140536800026894,0,0.124834328889847,0.180951118469238,0.206919133663177,0.261778295040131,0.184087514877319,0.1890719383955,0.142610192298889,0.15827602148056,0,0,0,0,0.13794894516468,0.0978139042854309,0.112334780395031,0.169524431228638,0.215698212385178,0.223839640617371,0.237348586320877,0.248961061239243,0.238901674747467,0.241973459720612,0.228462308645248,0.206421434879303,0.179894492030144,0.116123378276825,0.177816852927208,0.193608582019806,0.19794437289238,0.118280217051506,0,0.0902625024318695,0.0210869126021862,0,0,0,0,0,0.112926989793777,0.11038202047348,0.0789210423827171,0,0,0,0,0,0.114962443709373,0,0,0,0,0,0,0,0,0,0,0,0,0,0,0,0,0,0,0,0,0,0,0,0,0,0,0,0,0,0,0,0,0,0,0,0,0,0,0,0,0,0,0,0,0,0,0,0,0,0,0,0,0,0,319
Merzig-Wadern,0,0,0,0,0,0,0,0,0,0,0,0,0,0,0,0,0,0,0,0,0,0,0,0,0,0,0,0,0,0,0,0,0,0,0,0,0,0,0,0,0,0,0,0,0,0,0,0,0,0,0,0,0,0,0,0,0,0,0,0,0,0,0,0,0,0,0,0,0,0,0,0,0,0,0,0,0,0,0,0,0,0,0,0,0,0,0,0,0,0,0,0,0,0,0,0,0,0,0,0,0,0,0,0,0,0,0,0,0,0,0,0,0,0,0,0,0,0,0,0,0,0,0,0,4.69002807221841e-05,0.000230150384595618,0,0,0,0,0,0,0,0,0,0,0,0,0,0,0,0,0,0,0,0,0,0,0,0,0,0,0,0,0,0,0,0,0,0,0,0,0,0.00660915579646826,0,0,0,0,0,0,0,0,0,0,0,0,0,0,0,0,0,0,0,0,0.000770880084019154,0.0150299947708845,0.0251408256590366,0.0359126478433609,0.0402112677693367,0.0452352128922939,0.0280131101608276,0.0104154599830508,0.0425634458661079,0.0665357559919357,0.0859346687793732,0.0996798574924469,0.114536426961422,0.100737772881985,0.0853930339217186,0.129224196076393,0.15791143476963,0.179935321211815,0.197220727801323,0.203416541218758,0.210427805781364,0.177098497748375,0.156435057520866,0.00425645848736167,0.139490559697151,0.0839233696460724,0.116236664354801,0.173472553491592,0.225908145308495,0.228953644633293,0.126265466213226,0,0,0.122853219509125,0.223299980163574,0.14236506819725,0.151162460446358,0.14015007019043,0.164263933897018,0.117030873894691,0.150257512927055,0.180669695138931,0.154992327094078,0.18381567299366,0.10002800822258,0,0.181910797953606,0.180143937468529,0.210318401455879,0.263021379709244,0.239321902394295,0.203620493412018,0.219283178448677,0.242097556591034,0.257048189640045,0.211363360285759,0.186015918850899,0.201358944177628,0.152516275644302,0.147018194198608,0.149188205599785,0.202046409249306,0.146870091557503,0.113797947764397,0.00558198895305395,0,0.125795587897301,0.153926059603691,0.134294778108597,0.122487425804138,0.00479472707957029,0.125899285078049,0.186901405453682,0.256054371595383,0.28711861371994,0.299664169549942,0.286057204008102,0.285569369792938,0.0815253853797913,0,0.0401216372847557,0.146928831934929,0.176821768283844,0.245789676904678,0.159629866480827,0.166374444961548,0.126297488808632,0.147648647427559,0,0,0,0,0.116400137543678,0.00588911073282361,0.0917666703462601,0.155166178941727,0.212179556488991,0.222548186779022,0.23655678331852,0.248574212193489,0.236561700701714,0.238592922687531,0.210788547992706,0.18462298810482,0.15448285639286,0.0940222665667534,0.168261811137199,0.18227131664753,0.176726251840591,0.0741865262389183,0,0.0980044603347778,0.00394380278885365,0,0,0,0,0,0.100625209510326,0.0892201811075211,0.00410462310537696,0,0,0,0,0,0.0757032781839371,0,0,0,0,0,0,0,0,0,0,0,0,0,0,0,0,0,0,0,0,0,0,0,0,0,0,0,0,0,0,0,0,0,0,0,0,0,0,0,0,0,0,0,0,0,0,0,0,0,0,0,0,0,0,320
Neunkirchen,0,0,0,0,0,0,0,0,0,0,0,0,0,0,0,0,0,0,0,0,0,0,0,0,0,0,0,0,0,0,0,0,0,0,0,0,0,0,0,0,0,0,0,0,0,0,0,0,0,0,0,0,0,0,0,0,0,0,0,0,0,0,0,0,0,0,0,0,0,0,0,0,0,0,0,0,0,0,0,0,0,0,0,0,0,0,0,0,0,0,0,0,0,0,0,0,0,0,0,0,0,0,0,0,0,0,0,0,0,0,0,0,0,0,0,0,0,0,0,0,0,0,0,0,4.81896095152479e-05,0.000370114226825535,0,0,0,0,0,0,0,0,0,0,0,0,0,0,0,0,0,0,0,0,0,0,0,0,0,0,0,0,0,0,0,0,0,0,0,0,0,0.0102283842861652,0,0,0,0,0,0,0,0,0,0,0,0,0,0,0,0,0,0,0,0,0.000132180663058534,0.0104603320360184,0.0444085076451302,0.0624876283109188,0.0745436474680901,0.0862614512443542,0.0543467178940773,0.0500541925430298,0.0754194855690002,0.110273167490959,0.148798748850822,0.16792419552803,0.189044654369354,0.172476500272751,0.145364671945572,0.205690175294876,0.257290363311768,0.295983165502548,0.320260316133499,0.337848216295242,0.354648560285568,0.308600604534149,0.272794902324677,0.120398595929146,0.253999143838882,0.172682285308838,0.205999255180359,0.287650227546692,0.36805671453476,0.372586816549301,0.230141520500183,0,0,0.233279272913933,0.366507202386856,0.258004724979401,0.294238150119781,0.24062904715538,0.290768384933472,0.204809561371803,0.273023813962936,0.318585723638535,0.279816299676895,0.313799500465393,0.184784546494484,0,0.316750556230545,0.311238408088684,0.34335008263588,0.431817591190338,0.408111184835434,0.332915961742401,0.34927037358284,0.388152182102203,0.421331912279129,0.361884444952011,0.345060914754868,0.35328733921051,0.306379705667496,0.283240973949432,0.281186997890472,0.363709270954132,0.287438184022903,0.258093565702438,0.0637646391987801,0,0.239219456911087,0.279072254896164,0.274774730205536,0.236068487167358,0.139106646180153,0.256257623434067,0.340338796377182,0.442254990339279,0.48516982793808,0.505618751049042,0.487183779478073,0.485009133815765,0.228476777672768,0,0.198518767952919,0.288350999355316,0.330357134342194,0.410819828510284,0.290276437997818,0.296090543270111,0.203822821378708,0.225225418806076,0,0,0,0,0.202955454587936,0.0630833208560944,0.151008293032646,0.251454472541809,0.317715048789978,0.333992272615433,0.361092805862427,0.379116833209991,0.3667873442173,0.366244405508041,0.358188986778259,0.329607516527176,0.281601756811142,0.159893363714218,0.265448212623596,0.296377390623093,0.311669796705246,0.184522226452827,0,0.057676263153553,0.000676232972182333,0,0,0,0,0,0.168140724301338,0.166766479611397,0.127520650625229,0,0,0,0,0,0.185756385326385,0,0,0,0,0,0,0,0,0,0,0,0,0,0,0,0,0,0,0,0,0,0,0,0,0,0,0,0,0,0,0,0,0,0,0,0,0,0,0,0,0,0,0,0,0,0,0,0,0,0,0,0,0,0,321
Saarlouis,0,0,0,0,0,0,0,0,0,0,0,0,0,0,0,0,0,0,0,0,0,0,0,0,0,0,0,0,0,0,0,0,0,0,0,0,0,0,0,0,0,0,0,0,0,0,0,0,0,0,0,0,0,0,0,0,0,0,0,0,0,0,0,0,0,0,0,0,0,0,0,0,0,0,0,0,0,0,0,0,0,0,0,0,0,0,0,0,0,0,0,0,0,0,0,0,0,0,0,0,0,0,0,0,0,0,0,0,0,0,0,0,0,0,0,0,0,0,0,0,0,0,0,0,4.19092066294979e-05,0.000283486791886389,0,0,0,0,0,0,0,0,0,0,0,0,0,0,0,0,0,0,0,0,0,0,0,0,0,0,0,0,0,0,0,0,0,0,0,0,0,0.00807951018214226,0,0,0,0,0,0,0,0,0,0,0,0,0,0,0,0,0,0,0,0,0.0117030953988433,0.0184301044791937,0.0312344804406166,0.0429521910846233,0.0484628416597843,0.0548682808876038,0.0344658307731152,0.0292575862258673,0.0502391085028648,0.0727142989635468,0.0952001586556435,0.107813775539398,0.121738135814667,0.10982745885849,0.0949008092284203,0.135236889123917,0.164989933371544,0.18769958615303,0.203411817550659,0.210617527365685,0.219976648688316,0.187792539596558,0.16906650364399,0.0678255185484886,0.155871689319611,0.105418667197227,0.129969492554665,0.183998510241508,0.23236945271492,0.232470139861107,0.140696421265602,0,0,0.148200616240501,0.231076166033745,0.155519679188728,0.175063386559486,0.150182262063026,0.179190531373024,0.129631638526917,0.169751659035683,0.194878160953522,0.174203842878342,0.195870876312256,0.113225065171719,0,0.196796163916588,0.195428416132927,0.219400987029076,0.271075814962387,0.254058659076691,0.214074403047562,0.226061597466469,0.249599769711494,0.266531407833099,0.228492766618729,0.206019029021263,0.218785315752029,0.181544229388237,0.17022567987442,0.172511100769043,0.223248437047005,0.174723759293556,0.157085403800011,0.0885774791240692,0,0.15198926627636,0.172005161643028,0.16503469645977,0.149752840399742,0.0764170289039612,0.156869545578957,0.210061341524124,0.277756243944168,0.304921239614487,0.315425604581833,0.305412620306015,0.304025590419769,0.129441246390343,0,0.105886347591877,0.17585551738739,0.202384635806084,0.261530488729477,0.181347548961639,0.187404438853264,0.146442532539368,0.164073273539543,0,0,0,0,0.139680832624435,0.0931952148675919,0.114008963108063,0.172191590070724,0.222674265503883,0.230200171470642,0.242833763360977,0.254741042852402,0.242943242192268,0.247939988970757,0.227434903383255,0.203493416309357,0.177460193634033,0.118866488337517,0.181431129574776,0.19542108476162,0.195877715945244,0.111782789230347,0,0.103131838142872,0.0598727427423,0,0,0,0,0,0.113751523196697,0.108900465071201,0.0655517727136612,0,0,0,0,0,0.107659928500652,0,0,0,0,0,0,0,0,0,0,0,0,0,0,0,0,0,0,0,0,0,0,0,0,0,0,0,0,0,0,0,0,0,0,0,0,0,0,0,0,0,0,0,0,0,0,0,0,0,0,0,0,0,0,322
Saarpfalz-Kreis,0,0,0,0,0,0,0,0,0,0,0,0,0,0,0,0,0,0,0,0,0,0,0,0,0,0,0,0,0,0,0,0,0,0,0,0,0,0,0,0,0,0,0,0,0,0,0,0,0,0,0,0,0,0,0,0,0,0,0,0,0,0,0,0,0,0,0,0,0,0,0,0,0,0,0,0,0,0,0,0,0,0,0,0,0,0,0,0,0,0,0,0,0,0,0,0,0,0,0,0,0,0,0,0,0,0,0,0,0,0,0,0,0,0,0,0,0,0,0,0,0,0,0,0,9.1079846242792e-06,0.000127262363093905,0,0,0,0,0,0,0,0,0,0,0,0,0,0,0,0,0,0,0,0,0,0,0,0,0,0,0,0,0,0,0,0,0,0,0,0,0,0.00360856764018536,0,0,0,0,0,0,0,0,0,0,0,0,0,0,0,0,0,0,0,0,0,0.000490526726935059,0.0179208926856518,0.0256934128701687,0.031158609315753,0.0366483107209206,0.023840706795454,0.0208041593432426,0.0307259932160378,0.0461765229701996,0.0629860237240791,0.0712485983967781,0.0797353312373161,0.0733348652720451,0.0610297024250031,0.0862929448485374,0.108934015035629,0.126483753323555,0.137144342064857,0.146136552095413,0.153605654835701,0.134986147284508,0.117837585508823,0.0508428178727627,0.109856478869915,0.0740530341863632,0.0875286310911179,0.121544189751148,0.157873421907425,0.16258916258812,0.10137502104044,0,0,0.0995583161711693,0.1573725938797,0.115217268466949,0.128704488277435,0.103995576500893,0.127099275588989,0.0868226736783981,0.117176175117493,0.13873964548111,0.120879426598549,0.13641357421875,0.0819102451205254,0,0.136762768030167,0.133446112275124,0.147260725498199,0.186967268586159,0.175941348075867,0.141368821263313,0.148028448224068,0.164777278900146,0.180625036358833,0.156656339764595,0.153750658035278,0.155721470713615,0.137429907917976,0.125072583556175,0.123811237514019,0.158948332071304,0.126573979854584,0.112504340708256,0.00299580488353968,0,0.102214992046356,0.12300493568182,0.12074314057827,0.102766677737236,0.061591312289238,0.111093334853649,0.146847799420357,0.189911067485809,0.2093725502491,0.219989776611328,0.210651427507401,0.20957787334919,0.103506602346897,0,0.087569922208786,0.126720875501633,0.145760118961334,0.176857098937035,0.125646412372589,0.127321273088455,0.079593300819397,0.0881070345640182,0,0,0,0,0.0824158564209938,0.00296079507097602,0.0301614832133055,0.101715989410877,0.128321826457977,0.135535553097725,0.150395721197128,0.1584502607584,0.153686285018921,0.153950199484825,0.154255345463753,0.145759299397469,0.121658958494663,0.0602185465395451,0.108248688280582,0.124830849468708,0.135359853506088,0.079050175845623,0,0.00270569790154696,0,0,0,0,0,0,0.0690689980983734,0.0685286745429039,0.059054259210825,0,0,0,0,0,0.0835112109780312,0,0,0,0,0,0,0,0,0,0,0,0,0,0,0,0,0,0,0,0,0,0,0,0,0,0,0,0,0,0,0,0,0,0,0,0,0,0,0,0,0,0,0,0,0,0,0,0,0,0,0,0,0,0,323
St. Wendel,0,0,0,0,0,0,0,0,0,0,0,0,0,0,0,0,0,0,0,0,0,0,0,0,0,0,0,0,0,0,0,0,0,0,0,0,0,0,0,0,0,0,0,0,0,0,0,0,0,0,0,0,0,0,0,0,0,0,0,0,0,0,0,0,0,0,0,0,0,0,0,0,0,0,0,0,0,0,0,0,0,0,0,0,0,0,0,0,0,0,0,0,0,0,0,0,0,0,0,0,0,0,0,0,0,0,0,0,0,0,0,0,0,0,0,0,0,0,0,0,0,0,0,0,6.70447407173924e-05,0.000309508381178603,0,0,0,0,0,0,0,0,0,0,0,0,0,0,0,0,0,0,0,0,0,0,0,0,0,0,0,0,0,0,0,0,0,0,0,0,0,0.00765878520905972,0,0,0,0,0,0,0,0,0,0,0,0,0,0,0,0,0,0,0,0,0,0.0085859065875411,0.0302385687828064,0.0459622032940388,0.052803996950388,0.0614913180470467,0.0377402305603027,0.00515218591317534,0.0503094345331192,0.0864637866616249,0.116783358156681,0.136102601885796,0.155409067869186,0.137285724282265,0.111111253499985,0.171598389744759,0.216165259480476,0.249506294727325,0.274145424365997,0.287475675344467,0.298614144325256,0.257214665412903,0.21842098236084,0.0123837348073721,0.195997953414917,0.111187733709812,0.156907871365547,0.234567284584045,0.314819812774658,0.324189275503159,0.178856492042542,0,0,0.172291457653046,0.314148426055908,0.210899457335472,0.226632669568062,0.196134388446808,0.232405677437782,0.166569873690605,0.205777883529663,0.262011229991913,0.216587856411934,0.256712228059769,0.142501071095467,0,0.25332972407341,0.246262237429619,0.289638757705688,0.366813510656357,0.332032918930054,0.271229296922684,0.295087039470673,0.329072117805481,0.355065613985062,0.297412663698196,0.279721558094025,0.290125131607056,0.232645183801651,0.212423652410507,0.215698599815369,0.291504263877869,0.208148911595345,0.15770348906517,0.00797934550791979,0,0.162317141890526,0.22298389673233,0.19503453373909,0.167973980307579,0.0142550207674503,0.179975301027298,0.265288561582565,0.36035019159317,0.406965851783752,0.423216551542282,0.40378525853157,0.39920648932457,0.125807672739029,0,0.0214822757989168,0.205887824296951,0.251916259527206,0.339849323034286,0.220672801136971,0.22086364030838,0.0887670442461967,0.175090059638023,0,0,0,0,0.142654612660408,0.00788609683513641,0.018236706033349,0.188264220952988,0.267331063747406,0.287091761827469,0.309719949960709,0.330395728349686,0.315069854259491,0.311707824468613,0.293156743049622,0.260098814964294,0.213062822818756,0.0760879442095757,0.212501034140587,0.247711345553398,0.246011152863503,0.0664850845932961,0,0.0635830834507942,0,0,0,0,0,0,0.135967910289764,0.126012280583382,0.0130118597298861,0,0,0,0,0,0.125245437026024,0,0,0,0,0,0,0,0,0,0,0,0,0,0,0,0,0,0,0,0,0,0,0,0,0,0,0,0,0,0,0,0,0,0,0,0,0,0,0,0,0,0,0,0,0,0,0,0,0,0,0,0,0,0,324
Berlin,0,0,0,0,0,0,0,0,0,0,0,0,0,0,0,0,0,0,0,0,0,0,0,0,0,0,0,0,0,0,0,0,0,0,0,0,0,0,0,0,0,0,0,0,0,0,0,0,0,0,0,0,0,0,0,0,0,0,0,0,0,0,0,0,0,0,0,0,0,0,0,0,0,0,0,0,0,0,0,0,0,0,0,0,0,0,0,0,0,0,0,0,0,0,0,0,0,0,0,0,0,0,0,0,0,0,0,0,0,0,0,0,0,0,0,0,0,0,0,0,0,0,0,0,2.28391982091125e-05,0,0,0,0,0,0,0,0,0,0,0,0,0,0,0,0,0,0,0,0,0,0,0,0,0,0,0,0,0,0,0,0,0,0,0,0,0,0,0.0480340830981731,0.0605770424008369,0.0558593422174454,0,0,0,0,0,0,0,0,0,0,0,0,0.16950149834156,0,0,0,0,0,0,0,0.358232647180557,0.429636597633362,0.57069730758667,0.486162573099136,0.640910744667053,0.689280211925507,0.659637868404388,0.716240048408508,0.729419767856598,0.848196804523468,0.91817569732666,0.697420656681061,0.191651657223701,0.867318749427795,0.930793285369873,1.06781792640686,1.50893497467041,1.61360156536102,1.6446316242218,1.68401503562927,1.57359611988068,0.98382556438446,0.807433664798737,0.87422251701355,1.29067778587341,1.43795573711395,1.53317630290985,1.88252782821655,1.79341495037079,1.14056074619293,0.673342049121857,1.46088397502899,1.50544416904449,1.78373396396637,1.54904425144196,1.96635866165161,1.40564477443695,1.39058327674866,1.26305711269379,1.52655947208405,1.98686325550079,1.89801454544067,2.18566513061523,1.91280341148376,1.92362987995148,2.14213895797729,2.20400977134705,2.02260994911194,1.25353264808655,1.35021936893463,1.54443526268005,1.8721524477005,1.91568243503571,2.44134616851807,2.43872165679932,2.51964211463928,2.44105744361877,2.14797019958496,2.07195925712585,2.03559994697571,2.15786981582642,1.59119141101837,1.50562596321106,1.59156167507172,1.8494336605072,1.87066423892975,2.1359875202179,2.18714666366577,2.08541059494019,1.71025133132935,1.85416615009308,1.73311603069305,2.3867826461792,2.93949246406555,2.62085127830505,2.38940215110779,1.92988383769989,0.78783768415451,1.62008285522461,2.02569627761841,1.8085298538208,2.08825826644897,1.94587516784668,1.46575427055359,1.3908417224884,0.411936163902283,0,0,1.00755572319031,1.16514384746552,1.14854121208191,1.30678832530975,1.09535300731659,1.05503046512604,1.39843273162842,0,1.08962035179138,1.43952798843384,1.60291934013367,1.81730246543884,2.17723798751831,2.2032356262207,2.05328822135925,1.7220766544342,1.05090534687042,1.08074021339417,1.76216101646423,1.57797944545746,0,0,0,0,0,0,0,0.423235386610031,1.39047694206238,1.64101386070251,1.39667117595673,0.676564157009125,0,0,0,0,1.33466756343842,0,0,0,0,0,0,0,0,0,0,0,0,0,0,0,0,0.688212454319,0,0,0,0,0,0,0,0,0,0,0,0,0,0,0,0,0,0,0,0,0,0,0,0,0,0,0,0,0,0,0,0,0,0,0,0,0,325
Brandenburg an der Havel,0,0,0,0,0,0,0,0,0,0,0,0,0,0,0,0,0,0,0,0,0,0,0,0,0,0,0,0,0,0,0,0,0,0,0,0,0,0,0,0,0,0,0,0,0,0,0,0,0,0,0,0,0,0,0,0,0,0,0,0,0,0,0,0,0,0,0,0,0,0,0,0,0,0,0,0,0,0,0,0,0,0,0,0,0,0,0,0,0,0,0,0,0,0,0,0,0,0,0,0,0,0,0,0,0,0,0,0,0,0,0,0,0,0,0,0,0,0,0,0,0,0,0,0,0,0,0,0,0,0,0,0,0,0,0,0,0,0,0,0,0,0,0,0,0,0,0,0,0,0,0,0,0,0,0,0,0,0,0,0,0,0,0,0.0138652184978127,0.0169037505984306,0.0117265312001109,0,0,0,0,0,0,0,0,0,0.0141593050211668,0,0,0.0540669597685337,0,0,0,0,0,0,0,0.108663029968739,0.140248760581017,0.181325227022171,0.181716874241829,0.194449096918106,0.193061694502831,0.199051707983017,0.215403869748116,0.240023374557495,0.265383452177048,0.28171506524086,0.217572063207626,0.0377684533596039,0.275349259376526,0.290712416172028,0.361647367477417,0.484591364860535,0.519753754138947,0.524879574775696,0.525012135505676,0.469258308410645,0.27264404296875,0.159909278154373,0.271319448947906,0.37459135055542,0.427886784076691,0.479041159152985,0.601033806800842,0.542564392089844,0.328902453184128,0.202159956097603,0.423737674951553,0.432309776544571,0.553617298603058,0.479669839143753,0.581575930118561,0.457262754440308,0.452827274799347,0.285291105508804,0.479832291603088,0.624387264251709,0.595957159996033,0.674959003925323,0.547694027423859,0.578568756580353,0.645028710365295,0.665291965007782,0.610436141490936,0.388323992490768,0.384247899055481,0.46167129278183,0.526931822299957,0.509990036487579,0.718627035617828,0.794660091400146,0.774710237979889,0.739226102828979,0.616912961006165,0.597112715244293,0.631823837757111,0.619596719741821,0.467754542827606,0.428530097007751,0.442018181085587,0.520536720752716,0.538097023963928,0.565853953361511,0.633052825927734,0.602880597114563,0.482888162136078,0.550652980804443,0.471010267734528,0.713277220726013,0.878639936447144,0.76360958814621,0.681494414806366,0.525412321090698,0.236394852399826,0.463986039161682,0.557170927524567,0.533322036266327,0.630738973617554,0.523054957389832,0.505154132843018,0.374612092971802,0,0,0,0.240343704819679,0.343553304672241,0.324779003858566,0.368730902671814,0.24754586815834,0,0.39217135310173,0,0,0.327958583831787,0.421388179063797,0.491581946611404,0.63862282037735,0.708924114704132,0.606586754322052,0.458723038434982,0.207001715898514,0.412629544734955,0.54815673828125,0.42072132229805,0,0,0,0,0,0,0.185649156570435,0.208385169506073,0.411349087953568,0.488819599151611,0.416176527738571,0,0,0,0,0,0.418481856584549,0,0,0,0,0,0,0,0,0,0,0,0,0,0,0,0,0.208973661065102,0,0,0,0,0,0,0,0,0,0,0,0,0,0,0,0,0,0,0,0,0,0,0,0,0,0,0,0,0,0,0,0,0,0,0,0,0,326
Cottbus,0,0,0,0,0,0,0,0,0,0,0,0,0,0,0,0,0,0,0,0,0,0,0,0,0,0,0,0,0,0,0,0,0,0,0,0,0,0,0,0,0,0,0,0,0,0,0,0,0,0,0,0,0,0,0,0,0,0,0,0,0,0,0,0,0,0,0,0,0,0,0,0,0,0,0,0,0,0,0,0,0,0,0,0,0,0,0,0,0,0,0,0,0,0,0,0,0,0,0,0,0,0,0,0,0,0,0,0,0,0,0,0,0,0,0,0,0,0,0,0,0,0,0,0,0,0,0,0,0,0,0,0,0,0,0,0,0,0,0,0,0,0,0,0,0,0,0,0,0,0,0,0,0,0,0,0,0,0,0,0,0,0,0,0.0142423240467906,0.0189402922987938,0.019378274679184,0,0,0,0,0,0,0,0,0,0.0242343153804541,0,0,0,0,0,0,0,0,0,0,0.0879795551300049,0.1275425106287,0.175769165158272,0.154855251312256,0.208528846502304,0.213418170809746,0.213135480880737,0.240251705050468,0.24640354514122,0.250232696533203,0.29804390668869,0.230921015143394,0,0.235528618097305,0.343546897172928,0.401035875082016,0.512969672679901,0.542973101139069,0.574809193611145,0.596714675426483,0.579458713531494,0.344065487384796,0.374512553215027,0.357964694499969,0.381142795085907,0.463725805282593,0.54174542427063,0.646565556526184,0.657572627067566,0.458132714033127,0.373607456684113,0.471920371055603,0.524567306041718,0.648906171321869,0.554133534431458,0.725284397602081,0.486724019050598,0.540921330451965,0.576341509819031,0.590906858444214,0.703637301921844,0.657666921615601,0.805611193180084,0.7140132188797,0.728580176830292,0.822636783123016,0.764749228954315,0.747546136379242,0.497952044010162,0.442896962165833,0.546991407871246,0.649627566337585,0.717613160610199,0.931820034980774,0.866732776165009,0.897517740726471,0.892282783985138,0.773521780967712,0.804612934589386,0.761817693710327,0.844601452350616,0.474201917648315,0.588048458099365,0.533314406871796,0.620166838169098,0.598272264003754,0.76285982131958,0.844693958759308,0.824582517147064,0.703620851039886,0.63492476940155,0.672586023807526,0.81212329864502,1.08154118061066,1.06784355640411,0.918321251869202,0.858186841011047,0.382233500480652,0.569335043430328,0.777869462966919,0.733831226825714,0.737172782421112,0.852131366729736,0.298426926136017,0.445720702409744,0,0,0,0,0.142254948616028,0.00746034737676382,0.415747344493866,0.341373831033707,0.463648349046707,0.468718677759171,0,0.385422796010971,0.594227731227875,0.583782970905304,0.653836250305176,0.787675023078918,0.924481093883514,0.789336681365967,0.708285510540009,0.495942026376724,0.502870440483093,0.708671152591705,0.613539814949036,0,0,0,0,0,0,0.33498078584671,0.261712521314621,0.585443317890167,0.65735274553299,0.531698524951935,0.264432936906815,0,0,0,0,0.494114875793457,0,0,0,0,0,0,0,0,0,0,0,0,0,0,0,0,0.396874576807022,0,0,0,0,0,0,0,0,0,0,0,0,0,0,0,0,0,0,0,0,0,0,0,0,0,0,0,0,0,0,0,0,0,0,0,0,0,327
Frankfurt (Oder),0,0,0,0,0,0,0,0,0,0,0,0,0,0,0,0,0,0,0,0,0,0,0,0,0,0,0,0,0,0,0,0,0,0,0,0,0,0,0,0,0,0,0,0,0,0,0,0,0,0,0,0,0,0,0,0,0,0,0,0,0,0,0,0,0,0,0,0,0,0,0,0,0,0,0,0,0,0,0,0,0,0,0,0,0,0,0,0,0,0,0,0,0,0,0,0,0,0,0,0,0,0,0,0,0,0,0,0,0,0,0,0,0,0,0,0,0,0,0,0,0,0,0,0,0,0,0,0,0,0,0,0,0,0,0,0,0,0,0,0,0,0,0,0,0,0,0,0,0,0,0,0,0,0,0,0,0,0,0,0,0,0,0,0.00201364629901946,0.00288975448347628,0.00304246926680207,0,0,0,0,0,0,0,0,0,0,0,0,0,0,0,0,0,0,0,0,0.0205125380307436,0.0291715189814568,0.0385535694658756,0.0275762882083654,0.0455556660890579,0.0493353381752968,0.0472654365003109,0.0531165227293968,0.0526566617190838,0.0590875670313835,0.0665929391980171,0.0459637716412544,0,0.056671530008316,0.0699563696980476,0.0800275579094887,0.111594714224339,0.120226845145226,0.12611448764801,0.131668820977211,0.124971054494381,0.074990026652813,0.071664497256279,0.0669840797781944,0.087535448372364,0.105548948049545,0.117044903337955,0.142364397644997,0.140834093093872,0.0936581715941429,0.0638407692313194,0.110696271061897,0.114200599491596,0.137106895446777,0.121840812265873,0.155924752354622,0.107964046299458,0.113080888986588,0.120109900832176,0.121632263064384,0.153786048293114,0.144888773560524,0.172568187117577,0.151950523257256,0.154828950762749,0.171326920390129,0.171020492911339,0.156497344374657,0.108112290501595,0.103543430566788,0.114135421812534,0.1441510617733,0.156305372714996,0.193659037351608,0.185593158006668,0.200091168284416,0.193766117095947,0.163248479366302,0.165118664503098,0.156956374645233,0.175448730587959,0.116733498871326,0.117947295308113,0.114845335483551,0.131662264466286,0.138298436999321,0.164319917559624,0.180567130446434,0.172781869769096,0.143920257687569,0.13806526362896,0.131815209984779,0.176318258047104,0.227091178297997,0.214955508708954,0.187758311629295,0.171827420592308,0.07612344622612,0.124398201704025,0.162751525640488,0.147549688816071,0.154303759336472,0.16193413734436,0.0701132565736771,0.101480536162853,0,0,0,0,0.0757756382226944,0.0647372081875801,0.0946333557367325,0.0929093807935715,0.105063892900944,0.104513041675091,0,0.0919867604970932,0.114889122545719,0.122706733644009,0.137834206223488,0.164306715130806,0.17930568754673,0.154931873083115,0.14408515393734,0.0949893519282341,0.0821605324745178,0.133072465658188,0.126061961054802,0,0,0,0,0,0,0,0,0.10428886115551,0.127967834472656,0.0976019278168678,0.0461284667253494,0,0,0,0,0.0953964218497276,0,0,0,0,0,0,0,0,0,0,0,0,0,0,0,0,0.0664379820227623,0,0,0,0,0,0,0,0,0,0,0,0,0,0,0,0,0,0,0,0,0,0,0,0,0,0,0,0,0,0,0,0,0,0,0,0,0,328
Potsdam,0,0,0,0,0,0,0,0,0,0,0,0,0,0,0,0,0,0,0,0,0,0,0,0,0,0,0,0,0,0,0,0,0,0,0,0,0,0,0,0,0,0,0,0,0,0,0,0,0,0,0,0,0,0,0,0,0,0,0,0,0,0,0,0,0,0,0,0,0,0,0,0,0,0,0,0,0,0,0,0,0,0,0,0,0,0,0,0,0,0,0,0,0,0,0,0,0,0,0,0,0,0,0,0,0,0,0,0,0,0,0,0,0,0,0,0,0,0,0,0,0,0,0,0,0.000111857880256139,0,0,0,0,0,0,0,0,0,0,0,0,0,0,0,0,0,0,0,0,0,0,0,0,0,0,0,0,0,0,0,0,0,0,0,0,0,0,0.0433810204267502,0.0538666844367981,0.0457578040659428,0,0,0,0,0,0,0,0,0,0,0,0,0.160572052001953,0,0,0,0,0,0,0,0.351581692695618,0.415309846401215,0.551891386508942,0.504001975059509,0.616769254207611,0.639312207698822,0.623162627220154,0.691953003406525,0.724544048309326,0.833568394184113,0.891116261482239,0.672856628894806,0.274436831474304,0.865206003189087,0.91084212064743,1.07574045658112,1.48956334590912,1.59832465648651,1.62755072116852,1.64103329181671,1.50503551959991,0.934520483016968,0.691284000873566,0.822605311870575,1.25234866142273,1.40198588371277,1.51557326316833,1.8728700876236,1.75869536399841,1.07807207107544,0.62441086769104,1.38450396060944,1.44011437892914,1.76039147377014,1.50371277332306,1.888019323349,1.3576272726059,1.34251034259796,1.09952998161316,1.50577914714813,1.95191025733948,1.84738945960999,2.12412714958191,1.81406474113464,1.88987553119659,2.07145619392395,2.11918091773987,1.9498176574707,1.22749209403992,1.28646540641785,1.4579268693924,1.75918626785278,1.79252195358276,2.33640909194946,2.42565417289734,2.43442344665527,2.36011552810669,2.04637813568115,1.9721245765686,2.00557732582092,2.05595469474792,1.48976218700409,1.40529716014862,1.51012182235718,1.70455610752106,1.74409627914429,1.94346654415131,2.03632044792175,1.91458129882813,1.52589464187622,1.7158807516098,1.65419483184814,2.34620046615601,2.83682131767273,2.48179650306702,2.28289866447449,1.77276504039764,0.726818084716797,1.50905549526215,1.87619698047638,1.69748497009277,2.02890849113464,1.78569734096527,1.43633639812469,1.310054063797,0,0,0,0.924898207187653,1.10291981697083,1.06908547878265,1.26504004001617,0.825227499008179,0.79151314496994,1.37425768375397,0,0.841618776321411,1.30703592300415,1.51435458660126,1.75813066959381,2.06690812110901,2.15561985969543,1.95169186592102,1.56607127189636,0.897749781608582,1.13536250591278,1.69117033481598,1.43814277648926,0,0,0,0,0,0,0,0,1.34470772743225,1.5537520647049,1.26654076576233,0.557195544242859,0,0,0,0,1.22794413566589,0,0,0,0,0,0,0,0,0,0,0,0,0,0,0,0,0.597918510437012,0,0,0,0,0,0,0,0,0,0,0,0,0,0,0,0,0,0,0,0,0,0,0,0,0,0,0,0,0,0,0,0,0,0,0,0,0,329
Barnim,0,0,0,0,0,0,0,0,0,0,0,0,0,0,0,0,0,0,0,0,0,0,0,0,0,0,0,0,0,0,0,0,0,0,0,0,0,0,0,0,0,0,0,0,0,0,0,0,0,0,0,0,0,0,0,0,0,0,0,0,0,0,0,0,0,0,0,0,0,0,0,0,0,0,0,0,0,0,0,0,0,0,0,0,0,0,0,0,0,0,0,0,0,0,0,0,0,0,0,0,0,0,0,0,0,0,0,0,0,0,0,0,0,0,0,0,0,0,0,0,0,0,0,0,0,0,0,0,0,0,0,0,0,0,0,0,0,0,0,0,0,0,0,0,0,0,0,0,0,0,0,0,0,0,0,0,0,0,0,0,0,0,0,0.00933006685227156,0.0120224189013243,0.0109814368188381,0,0,0,0,0,0,0,0,0,0,0,0,0.0285320635885,0,0,0,0,0,0,0,0.0958320647478104,0.126015558838844,0.179048642516136,0.156673803925514,0.207055881619453,0.218789756298065,0.208029061555862,0.22289502620697,0.227818757295609,0.273433893918991,0.299773573875427,0.21059188246727,2.33244336413918e-05,0.278448283672333,0.291510879993439,0.333819687366486,0.505350947380066,0.550065159797668,0.559122800827026,0.573947846889496,0.537195205688477,0.324490308761597,0.243042096495628,0.271684914827347,0.427847325801849,0.467142462730408,0.500142693519592,0.63270092010498,0.620465338230133,0.395559549331665,0.233611032366753,0.513584852218628,0.506147086620331,0.60426652431488,0.53880649805069,0.679477870464325,0.495340704917908,0.476640343666077,0.451250374317169,0.507316052913666,0.686057567596436,0.646654844284058,0.764712691307068,0.68765777349472,0.659517288208008,0.752986371517181,0.774685204029083,0.688050210475922,0.411400258541107,0.440838307142258,0.524191856384277,0.629526674747467,0.640478014945984,0.843939960002899,0.863805830478668,0.873230338096619,0.850527167320251,0.727224290370941,0.712402760982513,0.686770796775818,0.734244763851166,0.545797049999237,0.505717754364014,0.549882352352142,0.638690710067749,0.642095804214478,0.741557657718658,0.767151057720184,0.722876906394958,0.600037634372711,0.639594197273254,0.555925726890564,0.798811256885529,1.0148618221283,0.878828167915344,0.813206493854523,0.658686995506287,0.040790967643261,0.521038353443146,0.684184670448303,0.546465814113617,0.640703916549683,0.655525207519531,0.514848113059998,0.389299958944321,0,0,0,0.223930940032005,0.367543309926987,0.38654351234436,0.395783692598343,0.413546830415726,0.246982842683792,0.401622414588928,0.0407324731349945,0.427634656429291,0.483171999454498,0.505942165851593,0.597909510135651,0.753822326660156,0.766699850559235,0.715864181518555,0.609902858734131,0.199877291917801,0.147861272096634,0.595020055770874,0.547189891338348,0,0,0,0,0,0,0,5.2287559810793e-05,0.468181580305099,0.587120115756989,0.49371662735939,0.137863174080849,0,0,0,0,0.482193768024445,0,0,0,0,0,0,0,0,0,0,0,0,0,0,0,0,0.23240253329277,0,0,0,0,0,0,0,0,0,0,0,0,0,0,0,0,0,0,0,0,0,0,0,0,0,0,0,0,0,0,0,0,0,0,0,0,0,330
Dahme-Spreewald,0,0,0,0,0,0,0,0,0,0,0,0,0,0,0,0,0,0,0,0,0,0,0,0,0,0,0,0,0,0,0,0,0,0,0,0,0,0,0,0,0,0,0,0,0,0,0,0,0,0,0,0,0,0,0,0,0,0,0,0,0,0,0,0,0,0,0,0,0,0,0,0,0,0,0,0,0,0,0,0,0,0,0,0,0,0,0,0,0,0,0,0,0,0,0,0,0,0,0,0,0,0,0,0,0,0,0,0,0,0,0,0,0,0,0,0,0,0,0,0,0,0,0,0,0,0,0,0,0,0,0,0,0,0,0,0,0,0,0,0,0,0,0,0,0,0,0,0,0,0,0,0,0,0,0,0,0,0,0,0,0,0,0,0.0150639163330197,0.0195866134017706,0.0191291961818933,0,0,0,0,0,0,0,0,0,0.0022210986353457,0,0,0.0235273391008377,0,0,0,0,0,0,0,0.123156137764454,0.151021212339401,0.199463233351707,0.169020801782608,0.229840472340584,0.245748162269592,0.241711899638176,0.268530905246735,0.274947583675385,0.298667699098587,0.335936516523361,0.253990888595581,0.011445851996541,0.294697195291519,0.366619288921356,0.418194383382797,0.563575506210327,0.594284534454346,0.614331066608429,0.638609766960144,0.612406849861145,0.373673558235168,0.352025419473648,0.352519780397415,0.451182901859283,0.538647949695587,0.582807779312134,0.705098092556,0.696122765541077,0.455893248319626,0.3112533390522,0.534960806369781,0.569346725940704,0.681511104106903,0.586470723152161,0.763800382614136,0.525041341781616,0.535764992237091,0.549171090126038,0.605496227741241,0.752550542354584,0.708474576473236,0.843754768371582,0.735774517059326,0.747811734676361,0.842692732810974,0.831157803535461,0.78164267539978,0.524873852729797,0.500381112098694,0.56983208656311,0.714100301265717,0.779991865158081,0.946289718151093,0.933564782142639,0.968178749084473,0.936730563640594,0.80631548166275,0.815495133399963,0.780502557754517,0.854064702987671,0.57984334230423,0.598189413547516,0.586027264595032,0.671570301055908,0.677521169185638,0.812074542045593,0.865495562553406,0.849139332771301,0.724424660205841,0.679738938808441,0.676498174667358,0.875368297100067,1.13310372829437,1.06356203556061,0.936826884746552,0.809809327125549,0.372827500104904,0.613526165485382,0.804260075092316,0.744698226451874,0.78529965877533,0.801843404769897,0.347171902656555,0.519724905490875,0.113546401262283,0,0,0.199183285236359,0.357988953590393,0.387033760547638,0.457470893859863,0.383822053670883,0.496053278446198,0.505558907985687,0,0.335849791765213,0.558882534503937,0.63538134098053,0.660367131233215,0.820973217487335,0.898381412029266,0.785008490085602,0.680234849452972,0.476104885339737,0.489223003387451,0.676628172397614,0.627709031105042,0,0,0,0,0,0,0.138235166668892,0.254659056663513,0.545136570930481,0.634527087211609,0.537787914276123,0.128551542758942,0,0,0,0,0.514728665351868,0,0,0,0,0,0,0,0,0,0,0,0,0,0,0,0,0.334959179162979,0,0,0,0,0,0,0,0,0,0,0,0,0,0,0,0,0,0,0,0,0,0,0,0,0,0,0,0,0,0,0,0,0,0,0,0,0,331
Elbe-Elster,0,0,0,0,0,0,0,0,0,0,0,0,0,0,0,0,0,0,0,0,0,0,0,0,0,0,0,0,0,0,0,0,0,0,0,0,0,0,0,0,0,0,0,0,0,0,0,0,0,0,0,0,0,0,0,0,0,0,0,0,0,0,0,0,0,0,0,0,0,0,0,0,0,0,0,0,0,0,0,0,0,0,0,0,0,0,0,0,0,0,0,0,0,0,0,0,0,0,0,0,0,0,0,0,0,0,0,0,0,0,0,0,0,0,0,0,0,0,0,0,0,0,0,0,0,0,0,0,0,0,0,0,0,0,0,0,0,0,0,0,0,0,0,0,0,0,0,0,0,0,0,0,0,0,0,0,0,0,0,0,0,0,0,0.0127189150080085,0.0153059139847755,0.0136463874951005,0,0,0,0,0,0,0,0,0,0.00201766961254179,0,0,0.0090859429910779,0,0,0,0,0,0,0,0.0722976922988892,0.107784509658813,0.143075361847878,0.142201721668243,0.161074325442314,0.169583439826965,0.172602504491806,0.183428138494492,0.200373530387878,0.197049900889397,0.23562216758728,0.192509457468987,0,0.195168882608414,0.27121040225029,0.326132863759995,0.408232837915421,0.428187072277069,0.444514513015747,0.452145129442215,0.430522710084915,0.252265721559525,0.250753462314606,0.234283998608589,0.306894421577454,0.386597782373428,0.409286051988602,0.500519871711731,0.476718425750732,0.331334292888641,0.235580042004585,0.334822237491608,0.392575830221176,0.487211853265762,0.417094647884369,0.526573479175568,0.35859489440918,0.365436851978302,0.3624207675457,0.433831691741943,0.497221827507019,0.490209937095642,0.584383308887482,0.500969648361206,0.511139333248138,0.569480001926422,0.545554995536804,0.537620604038239,0.369988799095154,0.32694011926651,0.378318220376968,0.475088149309158,0.537035703659058,0.641185104846954,0.651264190673828,0.631229043006897,0.6177698969841,0.535869240760803,0.565043568611145,0.537255167961121,0.58722972869873,0.353738129138947,0.403233259916306,0.39655601978302,0.410900175571442,0.407006770372391,0.489113807678223,0.558501839637756,0.555947542190552,0.487413913011551,0.435567706823349,0.475902765989304,0.563699185848236,0.757798373699188,0.724978685379028,0.621833920478821,0.521116614341736,0.180071607232094,0.364852994680405,0.51493239402771,0.49628072977066,0.51204389333725,0.547171592712402,0.0559517815709114,0.267905712127686,0,0,0,0,0.00948414951562881,0.220816254615784,0.223482355475426,0,0.27845224738121,0.298727720975876,0,0.00536669883877039,0.344209402799606,0.409139096736908,0.404521614313126,0.519970893859863,0.61319625377655,0.515843689441681,0.442653626203537,0.328113585710526,0.367959290742874,0.45272034406662,0.390786826610565,0.00449652830138803,0,0,0,0,0,0.181105867028236,0.168260961771011,0.37216255068779,0.385466784238815,0.350667178630829,0,0,0,0,0,0.322887003421783,0,0,0,0,0,0,0,0,0,0,0,0,0,0,0,0,0.223997071385384,0,0,0,0,0,0,0,0,0,0,0,0,0,0,0,0,0,0,0,0,0,0,0,0,0,0,0,0,0,0,0,0,0,0,0,0,0,332
Havelland,0,0,0,0,0,0,0,0,0,0,0,0,0,0,0,0,0,0,0,0,0,0,0,0,0,0,0,0,0,0,0,0,0,0,0,0,0,0,0,0,0,0,0,0,0,0,0,0,0,0,0,0,0,0,0,0,0,0,0,0,0,0,0,0,0,0,0,0,0,0,0,0,0,0,0,0,0,0,0,0,0,0,0,0,0,0,0,0,0,0,0,0,0,0,0,0,0,0,0,0,0,0,0,0,0,0,0,0,0,0,0,0,0,0,0,0,0,0,0,0,0,0,0,0,2.84861334876041e-06,0,0,0,0,0,0,0,0,0,0,0,0,0,0,0,0,0,0,0,0,0,0,0,0,0,0,0,0,0,0,0,0,0,0,0,0,0,0,0.0170575939118862,0.0210223235189915,0.0158976409584284,0,0,0,0,0,0,0,0,0,0.000949082314036787,0,0,0.0674128457903862,0,0,0,0,0,0,0,0.193516284227371,0.239374816417694,0.32980614900589,0.320063412189484,0.363975405693054,0.367163985967636,0.369521826505661,0.399691045284271,0.431885540485382,0.495190918445587,0.529411137104034,0.405754774808884,0.0869366675615311,0.520118832588196,0.535185039043427,0.657584369182587,0.919005930423737,0.98724228143692,1.00583148002625,1.00509893894196,0.90818727016449,0.542248725891113,0.333122789859772,0.509954929351807,0.733335614204407,0.820612251758575,0.9085932970047,1.14783883094788,1.05989384651184,0.655974686145782,0.400639235973358,0.854929685592651,0.850781679153442,1.05890214443207,0.917753159999847,1.1393039226532,0.877363383769989,0.856859922409058,0.61696183681488,0.918836116790771,1.21735644340515,1.15539395809174,1.31370055675507,1.12013018131256,1.14853799343109,1.27777671813965,1.31438195705414,1.19208979606628,0.741690158843994,0.775173485279083,0.89698326587677,1.01708877086639,1.00905549526215,1.42083024978638,1.53404974937439,1.48375630378723,1.4370710849762,1.20115911960602,1.16584694385529,1.21724545955658,1.21102917194366,0.895705163478851,0.832423508167267,0.887786507606506,1.02147531509399,1.0801328420639,1.17110764980316,1.25040054321289,1.17028534412384,0.923174202442169,1.01927089691162,0.937646567821503,1.38315260410309,1.7130481004715,1.45822191238403,1.33676564693451,0.980309069156647,0.127245083451271,0.891166985034943,1.0918744802475,0.948633253574371,1.15786409378052,1.0440833568573,0.989203572273254,0.71637898683548,0,0,0,0.531732559204102,0.670598447322845,0.642997086048126,0.725903809070587,0.512345910072327,0.0598990842700005,0.70291131734848,0,0.159584388136864,0.692099809646606,0.806469857692719,0.948431313037872,1.21804869174957,1.31698763370514,1.17813098430634,0.938852906227112,0.161104992032051,0.586485326290131,1.03125357627869,0.851344048976898,0,0,0,0,0,0,0.00564573751762509,0.0930674374103546,0.798943042755127,0.9397012591362,0.776495099067688,0.110158912837505,0,0,0,0,0.771916329860687,0,0,0,0,0,0,0,0,0,0,0,0,0,0,0,0,0.370891749858856,0,0,0,0,0,0,0,0,0,0,0,0,0,0,0,0,0,0,0,0,0,0,0,0,0,0,0,0,0,0,0,0,0,0,0,0,0,333
Märkisch-Oderland,0,0,0,0,0,0,0,0,0,0,0,0,0,0,0,0,0,0,0,0,0,0,0,0,0,0,0,0,0,0,0,0,0,0,0,0,0,0,0,0,0,0,0,0,0,0,0,0,0,0,0,0,0,0,0,0,0,0,0,0,0,0,0,0,0,0,0,0,0,0,0,0,0,0,0,0,0,0,0,0,0,0,0,0,0,0,0,0,0,0,0,0,0,0,0,0,0,0,0,0,0,0,0,0,0,0,0,0,0,0,0,0,0,0,0,0,0,0,0,0,0,0,0,0,0,0,0,0,0,0,0,0,0,0,0,0,0,0,0,0,0,0,0,0,0,0,0,0,0,0,0,0,0,0,0,0,0,0,0,0,0,0,0,0.00594881037250161,0.00807755347341299,0.00783622451126575,0,0,0,0,0,0,0,0,0,0,0,0,0.00634891958907247,0,0,0,0,0,0,0,0.0690609663724899,0.101211689412594,0.135281622409821,0.103299863636494,0.156650617718697,0.170082241296768,0.161926507949829,0.175328776240349,0.175097331404686,0.208064630627632,0.229838564991951,0.157042846083641,0,0.20547953248024,0.225143253803253,0.254385083913803,0.384635925292969,0.419066190719604,0.432779937982559,0.449697017669678,0.420688658952713,0.252931475639343,0.20331971347332,0.207468912005424,0.323891639709473,0.36728835105896,0.38988846540451,0.484378010034561,0.480318993330002,0.3056480884552,0.182135730981827,0.397338360548019,0.401189386844635,0.46730962395668,0.425887584686279,0.535338401794434,0.380027294158936,0.370926558971405,0.382380545139313,0.405219733715057,0.531957507133484,0.501180708408356,0.595680773258209,0.532396972179413,0.527227818965912,0.583519637584686,0.609281301498413,0.540242731571198,0.356454402208328,0.356958657503128,0.403938323259354,0.506403625011444,0.520913124084473,0.661284685134888,0.666376829147339,0.69596803188324,0.679038047790527,0.573018789291382,0.568401098251343,0.53674852848053,0.59880405664444,0.440752118825912,0.408316642045975,0.415445506572723,0.468737423419952,0.483350068330765,0.578007102012634,0.622337937355042,0.590646266937256,0.498371809720993,0.516942143440247,0.446464896202087,0.620603740215302,0.795319736003876,0.719191908836365,0.639451265335083,0.555475831031799,0.12337676435709,0.432257324457169,0.565346479415894,0.476165801286697,0.516738891601563,0.5340376496315,0.351600229740143,0.326137870550156,0.00843638740479946,0,0,0.240908250212669,0.281378090381622,0.290155112743378,0.330623000860214,0.33891487121582,0.322891980409622,0.334484696388245,0.0328473187983036,0.343895822763443,0.378796517848969,0.419303923845291,0.467225074768066,0.58915638923645,0.620278000831604,0.561179757118225,0.499342560768127,0.246296003460884,0.120412483811378,0.469568103551865,0.441367357969284,0,0,0,0,0,0,0,0.0283723268657923,0.373505711555481,0.447025865316391,0.369303107261658,0.0499452613294125,0,0,0,0,0.375365078449249,0,0,0,0,0,0,0,0,0,0,0,0,0,0,0,0,0.200731530785561,0,0,0,0,0,0,0,0,0,0,0,0,0,0,0,0,0,0,0,0,0,0,0,0,0,0,0,0,0,0,0,0,0,0,0,0,0,334
Oberhavel,0,0,0,0,0,0,0,0,0,0,0,0,0,0,0,0,0,0,0,0,0,0,0,0,0,0,0,0,0,0,0,0,0,0,0,0,0,0,0,0,0,0,0,0,0,0,0,0,0,0,0,0,0,0,0,0,0,0,0,0,0,0,0,0,0,0,0,0,0,0,0,0,0,0,0,0,0,0,0,0,0,0,0,0,0,0,0,0,0,0,0,0,0,0,0,0,0,0,0,0,0,0,0,0,0,0,0,0,0,0,0,0,0,0,0,0,0,0,0,0,0,0,0,0,0,0,0,0,0,0,0,0,0,0,0,0,0,0,0,0,0,0,0,0,0,0,0,0,0,0,0,0,0,0,0,0,0,0,0,0,0,0,0,0.0093086576089263,0.0117919612675905,0.0100537249818444,0,0,0,0,0,0,0,0,0,0,0,0,0.018457068130374,0,0,0,0,0,0,0,0.116526648402214,0.150195479393005,0.217728734016418,0.208982959389687,0.251286864280701,0.259577512741089,0.252524435520172,0.269381433725357,0.285583108663559,0.340439200401306,0.369421511888504,0.263216614723206,0.0169806536287069,0.354899197816849,0.361022710800171,0.432691037654877,0.653770089149475,0.707738995552063,0.72186154127121,0.727923631668091,0.667169868946075,0.396320044994354,0.260622799396515,0.350197315216064,0.538522660732269,0.57906699180603,0.634107291698456,0.819989442825317,0.789699792861938,0.517586290836334,0.308276385068893,0.653403341770172,0.631019771099091,0.779607951641083,0.677967369556427,0.851429283618927,0.637515783309937,0.614720344543457,0.522712767124176,0.641137719154358,0.901317536830902,0.855824708938599,0.992520034313202,0.891599297523499,0.849826514720917,0.987732827663422,1.0007152557373,0.879266500473022,0.485836982727051,0.531543374061584,0.669248402118683,0.750921130180359,0.773305714130402,1.0873486995697,1.14338600635529,1.11212658882141,1.07365584373474,0.891339838504791,0.867439925670624,0.879043936729431,0.90812873840332,0.65709525346756,0.603605806827545,0.689035177230835,0.807724714279175,0.864893555641174,0.960005581378937,0.977968096733093,0.887958765029907,0.701176226139069,0.745511770248413,0.685538589954376,1.0280647277832,1.29077470302582,1.07567977905273,1.02140152454376,0.740299165248871,0.0292569324374199,0.638069808483124,0.824581265449524,0.638060212135315,0.78753137588501,0.805364489555359,0.745657801628113,0.500633299350739,0,0,0,0.404907673597336,0.495839297771454,0.488298863172531,0.489208847284317,0.481688290834427,0.0571704804897308,0.313025236129761,0,0.375993132591248,0.567993819713593,0.591284394264221,0.744030892848969,0.925336897373199,0.975541293621063,0.889575004577637,0.750021517276764,0.114342570304871,0.119020193815231,0.759903967380524,0.685041785240173,0,0,0,0,0,0,0,0.0225954707711935,0.589036226272583,0.76042652130127,0.610596776008606,0.052977379411459,0,0,0,0,0.601262211799622,0,0,0,0,0,0,0,0,0,0,0,0,0,0,0,0,0.22819809615612,0,0,0,0,0,0,0,0,0,0,0,0,0,0,0,0,0,0,0,0,0,0,0,0,0,0,0,0,0,0,0,0,0,0,0,0,0,335
Oberspreewald-Lausitz,0,0,0,0,0,0,0,0,0,0,0,0,0,0,0,0,0,0,0,0,0,0,0,0,0,0,0,0,0,0,0,0,0,0,0,0,0,0,0,0,0,0,0,0,0,0,0,0,0,0,0,0,0,0,0,0,0,0,0,0,0,0,0,0,0,0,0,0,0,0,0,0,0,0,0,0,0,0,0,0,0,0,0,0,0,0,0,0,0,0,0,0,0,0,0,0,0,0,0,0,0,0,0,0,0,0,0,0,0,0,0,0,0,0,0,0,0,0,0,0,0,0,0,0,0,0,0,0,0,0,0,0,0,0,0,0,0,0,0,0,0,0,0,0,0,0,0,0,0,0,0,0,0,0,0,0,0,0,0,0,0,0,0,0.0130516933277249,0.0162397194653749,0.016122268512845,0,0,0,0,0,0,0,0,0,0.0185470748692751,0,0,0,0,0,0,0,0,0,0,0.0720154568552971,0.113192811608315,0.154036059975624,0.146243453025818,0.18313954770565,0.185655772686005,0.192657068371773,0.209357351064682,0.224505394697189,0.218453213572502,0.26535627245903,0.214015170931816,0,0.212826400995255,0.311797499656677,0.361871987581253,0.45705857872963,0.477369397878647,0.501979351043701,0.523368895053864,0.511780142784119,0.306542843580246,0.324263095855713,0.316575229167938,0.344423115253448,0.424869775772095,0.472191601991653,0.566654145717621,0.570281982421875,0.389739274978638,0.293610394001007,0.404947131872177,0.459723144769669,0.555010437965393,0.485025256872177,0.624639272689819,0.415725946426392,0.451106190681458,0.465862840414047,0.510935664176941,0.597180902957916,0.56160980463028,0.691320836544037,0.607197463512421,0.616398572921753,0.69805783033371,0.646659910678864,0.638276696205139,0.427383899688721,0.373361229896545,0.46155771613121,0.556120336055756,0.626856625080109,0.765028476715088,0.753910839557648,0.757187604904175,0.741443932056427,0.636964559555054,0.679328143596649,0.63872754573822,0.710476040840149,0.408374786376953,0.482936590909958,0.462499618530273,0.478713244199753,0.489654272794724,0.605538547039032,0.687608659267426,0.676373243331909,0.591652095317841,0.514692008495331,0.567735612392426,0.663291156291962,0.890199780464172,0.873334348201752,0.745369851589203,0.671191155910492,0.267119944095612,0.451455503702164,0.629388928413391,0.594356000423431,0.59329754114151,0.672554492950439,0.0903337076306343,0.324533849954605,0,0,0,0,0.0915185138583183,0.176950663328171,0.277239769697189,0.112771145999432,0.371682792901993,0.355896919965744,0,0.117646604776382,0.434508591890335,0.478846669197083,0.485630542039871,0.603060305118561,0.706936120986938,0.616430282592773,0.548296332359314,0.385071635246277,0.410792022943497,0.539889395236969,0.477534621953964,0,0,0,0,0,0,0.271370351314545,0.144754409790039,0.453508794307709,0.46396204829216,0.420397400856018,0.0594193935394287,0,0,0,0,0.383657962083817,0,0,0,0,0,0,0,0,0,0,0,0,0,0,0,0,0.293318659067154,0,0,0,0,0,0,0,0,0,0,0,0,0,0,0,0,0,0,0,0,0,0,0,0,0,0,0,0,0,0,0,0,0,0,0,0,0,336
Oder-Spree,0,0,0,0,0,0,0,0,0,0,0,0,0,0,0,0,0,0,0,0,0,0,0,0,0,0,0,0,0,0,0,0,0,0,0,0,0,0,0,0,0,0,0,0,0,0,0,0,0,0,0,0,0,0,0,0,0,0,0,0,0,0,0,0,0,0,0,0,0,0,0,0,0,0,0,0,0,0,0,0,0,0,0,0,0,0,0,0,0,0,0,0,0,0,0,0,0,0,0,0,0,0,0,0,0,0,0,0,0,0,0,0,0,0,0,0,0,0,0,0,0,0,0,0,0,0,0,0,0,0,0,0,0,0,0,0,0,0,0,0,0,0,0,0,0,0,0,0,0,0,0,0,0,0,0,0,0,0,0,0,0,0,0,0.00859690550714731,0.0118654360994697,0.0119522530585527,0,0,0,0,0,0,0,0,0,0,0,0,0.0224970132112503,0,0,0,0,0,0,0,0.0814406424760818,0.105845600366592,0.13864903151989,0.105289116501808,0.160490393638611,0.174584671854973,0.166419863700867,0.1842140853405,0.18448905646801,0.210016831755638,0.233049646019936,0.164871588349342,0,0.207591727375984,0.243445828557014,0.27433842420578,0.389346390962601,0.417979896068573,0.432818442583084,0.451569855213165,0.428339540958405,0.257170975208282,0.236736014485359,0.232829824090004,0.309958875179291,0.369622111320496,0.407998442649841,0.492998242378235,0.485107898712158,0.315113931894302,0.203528255224228,0.385167300701141,0.395235598087311,0.472794145345688,0.417751461267471,0.535163402557373,0.370282799005508,0.377822369337082,0.394062519073486,0.414602398872375,0.532158195972443,0.498678803443909,0.592819333076477,0.519654035568237,0.524509906768799,0.586249709129333,0.592523574829102,0.539462327957153,0.366660833358765,0.349500477313995,0.39508244395256,0.498785346746445,0.540667235851288,0.666923582553864,0.647014319896698,0.689529895782471,0.668170273303986,0.566949665546417,0.567880630493164,0.54541277885437,0.599180400371552,0.416069686412811,0.41119322180748,0.407865703105927,0.463046073913574,0.48871836066246,0.575332403182983,0.617158949375153,0.596562922000885,0.497776389122009,0.48936003446579,0.455455988645554,0.626372873783112,0.793025195598602,0.737423896789551,0.650993645191193,0.576230525970459,0.253550261259079,0.431262254714966,0.564992785453796,0.512932121753693,0.547786116600037,0.562234938144684,0.273383677005768,0.354326605796814,0.0173294562846422,0,0,0.204997435212135,0.287163078784943,0.244185656309128,0.330974340438843,0.318539172410965,0.358550280332565,0.368635177612305,0,0.318244934082031,0.394573986530304,0.435013115406036,0.492355525493622,0.593191981315613,0.630252718925476,0.547616899013519,0.492821514606476,0.319461703300476,0.299165785312653,0.473794341087341,0.438571780920029,0,0,0,0,0,0,0.0160660464316607,0.0706711709499359,0.370668649673462,0.455678641796112,0.363047152757645,0.151140168309212,0,0,0,0,0.352838575839996,0,0,0,0,0,0,0,0,0,0,0,0,0,0,0,0,0.223232567310333,0,0,0,0,0,0,0,0,0,0,0,0,0,0,0,0,0,0,0,0,0,0,0,0,0,0,0,0,0,0,0,0,0,0,0,0,0,337
Ostprignitz-Ruppin,0,0,0,0,0,0,0,0,0,0,0,0,0,0,0,0,0,0,0,0,0,0,0,0,0,0,0,0,0,0,0,0,0,0,0,0,0,0,0,0,0,0,0,0,0,0,0,0,0,0,0,0,0,0,0,0,0,0,0,0,0,0,0,0,0,0,0,0,0,0,0,0,0,0,0,0,0,0,0,0,0,0,0,0,0,0,0,0,0,0,0,0,0,0,0,0,0,0,0,0,0,0,0,0,0,0,0,0,0,0,0,0,0,0,0,0,0,0,0,0,0,0,0,0,0,0,0,0,0,0,0,0,0,0,0,0,0,0,0,0,0,0,0,0,0,0,0,0,0,0,0,0,0,0,0,0,0,0,0,0,0,0,0,0.00324440817348659,0.00408131023868918,0.00298493355512619,0,0,0,0,0,0,0,0,0,0,0,0,1.49380603033933e-05,0,0,0,0,0,0,0,0.076073631644249,0.0972172096371651,0.145976230502129,0.148173272609711,0.167572617530823,0.17067588865757,0.172115445137024,0.180416017770767,0.195131808519363,0.231065139174461,0.249396756291389,0.184870421886444,0.0105895819142461,0.243571773171425,0.241390317678452,0.303828507661819,0.454034179449081,0.490753144025803,0.502821266651154,0.499421805143356,0.446636974811554,0.262259900569916,0.12204135209322,0.24350506067276,0.350304245948792,0.389146953821182,0.438051998615265,0.564301073551178,0.527019679546356,0.346570998430252,0.216542258858681,0.434338122606277,0.415767729282379,0.517309188842773,0.4494449198246,0.565044641494751,0.448059290647507,0.425584405660629,0.31903401017189,0.440258234739304,0.616093754768372,0.590894877910614,0.665867805480957,0.596305847167969,0.581929266452789,0.662592649459839,0.671243906021118,0.589532315731049,0.322848916053772,0.358557611703873,0.442077428102493,0.474769026041031,0.47315302491188,0.719080924987793,0.770597994327545,0.712865829467773,0.698305428028107,0.585012674331665,0.544845998287201,0.575362265110016,0.577381610870361,0.416849881410599,0.378037542104721,0.431403577327728,0.514458119869232,0.566696226596832,0.607288837432861,0.633614122867584,0.555480241775513,0.412125945091248,0.439144909381866,0.437436938285828,0.656454503536224,0.829173266887665,0.677827000617981,0.641368448734283,0.406960636377335,0,0.384246170520782,0.492608577013016,0.371535688638687,0.479597628116608,0.504746377468109,0.498865783214569,0.250449478626251,0,0,0,0.198639735579491,0.309420704841614,0.283806204795837,0.31214627623558,0.224216729402542,0,0.144558981060982,0,0.000852703058626503,0.313417971134186,0.338321328163147,0.419581830501556,0.552403032779694,0.624859631061554,0.557364881038666,0.462529093027115,0,0.0278127193450928,0.472408711910248,0.404180079698563,0,0,0,0,0,0,0,0.000113286179839633,0.36056986451149,0.452600955963135,0.359083205461502,0,0,0,0,0,0.352767467498779,0,0,0,0,0,0,0,0,0,0,0,0,0,0,0,0,0.115480780601501,0,0,0,0,0,0,0,0,0,0,0,0,0,0,0,0,0,0,0,0,0,0,0,0,0,0,0,0,0,0,0,0,0,0,0,0,0,338
Potsdam-Mittelmark,0,0,0,0,0,0,0,0,0,0,0,0,0,0,0,0,0,0,0,0,0,0,0,0,0,0,0,0,0,0,0,0,0,0,0,0,0,0,0,0,0,0,0,0,0,0,0,0,0,0,0,0,0,0,0,0,0,0,0,0,0,0,0,0,0,0,0,0,0,0,0,0,0,0,0,0,0,0,0,0,0,0,0,0,0,0,0,0,0,0,0,0,0,0,0,0,0,0,0,0,0,0,0,0,0,0,0,0,0,0,0,0,0,0,0,0,0,0,0,0,0,0,0,0,7.38463450034033e-06,0,0,0,0,0,0,0,0,0,0,0,0,0,0,0,0,0,0,0,0,0,0,0,0,0,0,0,0,0,0,0,0,0,0,0,0,0,0,0.0186375807970762,0.0230352878570557,0.0177201982587576,0,0,0,0,0,0,0,0,0,0.00282424874603748,0,0,0.0680511444807053,0,0,0,0,0,0,0,0.154196873307228,0.188452646136284,0.2458506077528,0.239204034209251,0.269255042076111,0.276679426431656,0.279450625181198,0.304709792137146,0.332557111978531,0.374823868274689,0.401338666677475,0.30522683262825,0.0315552391111851,0.3870769739151,0.417396515607834,0.506576240062714,0.685754418373108,0.733327448368073,0.748816430568695,0.751531779766083,0.676555156707764,0.402816534042358,0.276422828435898,0.374440938234329,0.546913206577301,0.631641924381256,0.69846099615097,0.86265629529953,0.792434632778168,0.486925005912781,0.273371756076813,0.606005072593689,0.637810289859772,0.810240030288696,0.683748781681061,0.847190320491791,0.636003732681274,0.629877924919128,0.443131536245346,0.693816721439362,0.896182477474213,0.854496479034424,0.978538334369659,0.806058824062347,0.850886642932892,0.934598207473755,0.961070120334625,0.890779852867126,0.560754835605621,0.560553967952728,0.65248829126358,0.789823591709137,0.798219680786133,1.06142961978912,1.13392877578735,1.11793673038483,1.07095146179199,0.916339814662933,0.884138405323029,0.909310400485992,0.920916616916656,0.664898157119751,0.631394505500793,0.667203962802887,0.770762979984283,0.770869076251984,0.845157265663147,0.926526010036469,0.870730996131897,0.688849270343781,0.773811936378479,0.720067620277405,1.05352115631104,1.30349063873291,1.13935899734497,1.03258371353149,0.783295452594757,0.217515930533409,0.652698934078217,0.833652019500732,0.786495447158813,0.932117164134979,0.793363392353058,0.634248495101929,0.537956595420837,0.0403370559215546,0,0,0.237321332097054,0.471111387014389,0.418685436248779,0.536163151264191,0.343694925308228,0.211025714874268,0.611002564430237,0,0.127221941947937,0.547373831272125,0.668282866477966,0.759612321853638,0.939100682735443,1.03252899646759,0.892735719680786,0.688456892967224,0.379937410354614,0.598558485507965,0.798693716526031,0.630722105503082,0,0,0,0,0,0,0.0177642367780209,0.0831479653716087,0.605596482753754,0.724776208400726,0.598208427429199,0.0506804548203945,0,0,0,0,0.592072308063507,0,0,0,0,0,0,0,0,0,0,0,0,0,0,0,0,0.284639149904251,0,0,0,0,0,0,0,0,0,0,0,0,0,0,0,0,0,0,0,0,0,0,0,0,0,0,0,0,0,0,0,0,0,0,0,0,0,339
Prignitz,0,0,0,0,0,0,0,0,0,0,0,0,0,0,0,0,0,0,0,0,0,0,0,0,0,0,0,0,0,0,0,0,0,0,0,0,0,0,0,0,0,0,0,0,0,0,0,0,0,0,0,0,0,0,0,0,0,0,0,0,0,0,0,0,0,0,0,0,0,0,0,0,0,0,0,0,0,0,0,0,0,0,0,0,0,0,0,0,0,0,0,0,0,0,0,0,0,0,0,0,0,0,0,0,0,0,0,0,0,0,0,0,0,0,0,0,0,0,0,0,0,0,0,0,0,0,0,0,0,0,0,0,0,0,0,0,0,0,0,0,0,0,0,0,0,0,0,0,0,0,0,0,0,0,0,0,0,0,0,0,0,0,0,0.00321361515671015,0.0037914423737675,0.00152586842887104,0,0,0,0,0,0,0,0,0,0,0,0,0.00889071449637413,0,0,0,0,0,0,0,0.066204160451889,0.0812373161315918,0.126707687973976,0.132670700550079,0.140642508864403,0.138876467943192,0.146733805537224,0.152027264237404,0.170715808868408,0.196868360042572,0.217430740594864,0.162431538105011,0.0464734211564064,0.221415415406227,0.202401146292686,0.267209827899933,0.392757207155228,0.425921469926834,0.437836050987244,0.414277315139771,0.357745110988617,0.202626168727875,0.166909232735634,0.238844066858292,0.274622410535812,0.323450088500977,0.376893788576126,0.479085862636566,0.431894034147263,0.303369551897049,0.204642400145531,0.358560383319855,0.338725835084915,0.433797806501389,0.365702599287033,0.471974045038223,0.411671131849289,0.383664608001709,0.262892007827759,0.382718175649643,0.517932057380676,0.514410495758057,0.562666594982147,0.507369935512543,0.505754888057709,0.557847797870636,0.570027887821198,0.495239317417145,0.286566019058228,0.338870763778687,0.384426862001419,0.376763522624969,0.328270196914673,0.593510389328003,0.658715605735779,0.607082009315491,0.596792042255402,0.529053688049316,0.457751929759979,0.504773080348969,0.458034217357635,0.375993251800537,0.316466122865677,0.371567100286484,0.440671414136887,0.491959810256958,0.486954420804977,0.528235137462616,0.455461472272873,0.377938330173492,0.358033835887909,0.382507562637329,0.577734172344208,0.70350855588913,0.554383158683777,0.555111944675446,0.303609192371368,0,0.311587035655975,0.394281834363937,0.302920073270798,0.388791918754578,0.401984930038452,0.418685853481293,0.0910356119275093,0,0,0,0.161410048604012,0.263532340526581,0.284015268087387,0.285794675350189,0.274546205997467,0,0.155345991253853,0,0,0.165973916649818,0.259907960891724,0.345510065555573,0.461429595947266,0.540399670600891,0.477373570203781,0.401728242635727,0,0.162273168563843,0.379339754581451,0.319471448659897,0,0,0,0,0,0,0,0,0.302267074584961,0.363758534193039,0.333795726299286,0,0,0,0,0,0.296140611171722,0,0,0,0,0,0,0,0,0,0,0,0,0,0,0,0,0.161702632904053,0,0,0,0,0,0,0,0,0,0,0,0,0,0,0,0,0,0,0,0,0,0,0,0,0,0,0,0,0,0,0,0,0,0,0,0,0,340
Spree-Neiße,0,0,0,0,0,0,0,0,0,0,0,0,0,0,0,0,0,0,0,0,0,0,0,0,0,0,0,0,0,0,0,0,0,0,0,0,0,0,0,0,0,0,0,0,0,0,0,0,0,0,0,0,0,0,0,0,0,0,0,0,0,0,0,0,0,0,0,0,0,0,0,0,0,0,0,0,0,0,0,0,0,0,0,0,0,0,0,0,0,0,0,0,0,0,0,0,0,0,0,0,0,0,0,0,0,0,0,0,0,0,0,0,0,0,0,0,0,0,0,0,0,0,0,0,0,0,0,0,0,0,0,0,0,0,0,0,0,0,0,0,0,0,0,0,0,0,0,0,0,0,0,0,0,0,0,0,0,0,0,0,0,0,0,0.00858890917152166,0.0113557418808341,0.0115821398794651,0,0,0,0,0,0,0,0,0,0.0124019896611571,0,0,0,0,0,0,0,0,0,0,0.0471947640180588,0.0761469677090645,0.104519464075565,0.0939123183488846,0.124320074915886,0.126747772097588,0.127729058265686,0.142733484506607,0.147628784179688,0.14925853908062,0.17778679728508,0.138724446296692,0,0.141440108418465,0.205642104148865,0.238742500543594,0.305525422096252,0.322365760803223,0.340969353914261,0.35472360253334,0.344818294048309,0.204761505126953,0.22211679816246,0.213099300861359,0.226774081587791,0.277157068252563,0.321207523345947,0.383070200681686,0.389858067035675,0.269532710313797,0.215397104620934,0.278819471597672,0.310439825057983,0.381599754095078,0.328600287437439,0.42789950966835,0.286426931619644,0.31652495265007,0.335098147392273,0.347905039787292,0.414028942584991,0.386646032333374,0.474397957324982,0.419247627258301,0.42768532037735,0.481971830129623,0.449601262807846,0.439282715320587,0.291459798812866,0.257983714342117,0.317560970783234,0.381234675645828,0.422647565603256,0.54203325510025,0.511213600635529,0.525453984737396,0.520988345146179,0.451049298048019,0.469533294439316,0.44527068734169,0.493364006280899,0.27840781211853,0.339139819145203,0.311536252498627,0.355646997690201,0.346276044845581,0.440697401762009,0.490436494350433,0.478416949510574,0.410461366176605,0.370339184999466,0.391164183616638,0.472438126802444,0.628397941589355,0.617870807647705,0.531490802764893,0.492282181978226,0.217331796884537,0.327576905488968,0.449772238731384,0.423380225896835,0.425595015287399,0.489907890558243,0.158182173967361,0.252024918794632,0,0,0,0,0.0908622443675995,0.053767554461956,0.232928246259689,0.165706068277359,0.268998950719833,0.269011914730072,0,0.194294333457947,0.336508452892303,0.336220443248749,0.372702568769455,0.453102022409439,0.526686906814575,0.451948225498199,0.404713064432144,0.281428039073944,0.286232978105545,0.40345823764801,0.348450243473053,0,0,0,0,0,0,0.187683284282684,0.135540544986725,0.333623021841049,0.368038684129715,0.304541081190109,0.143128797411919,0,0,0,0,0.28087991476059,0,0,0,0,0,0,0,0,0,0,0,0,0,0,0,0,0.221129387617111,0,0,0,0,0,0,0,0,0,0,0,0,0,0,0,0,0,0,0,0,0,0,0,0,0,0,0,0,0,0,0,0,0,0,0,0,0,341
Teltow-Fläming,0,0,0,0,0,0,0,0,0,0,0,0,0,0,0,0,0,0,0,0,0,0,0,0,0,0,0,0,0,0,0,0,0,0,0,0,0,0,0,0,0,0,0,0,0,0,0,0,0,0,0,0,0,0,0,0,0,0,0,0,0,0,0,0,0,0,0,0,0,0,0,0,0,0,0,0,0,0,0,0,0,0,0,0,0,0,0,0,0,0,0,0,0,0,0,0,0,0,0,0,0,0,0,0,0,0,0,0,0,0,0,0,0,0,0,0,0,0,0,0,0,0,0,0,1.05411594120142e-07,0,0,0,0,0,0,0,0,0,0,0,0,0,0,0,0,0,0,0,0,0,0,0,0,0,0,0,0,0,0,0,0,0,0,0,0,0,0,0.0173447243869305,0.0216795857995749,0.0193413998931646,0,0,0,0,0,0,0,0,0,0,0,0,0.0536169745028019,0,0,0,0,0,0,0,0.130858451128006,0.160868093371391,0.213497549295425,0.194061979651451,0.23824505507946,0.255110591650009,0.250575810670853,0.27550134062767,0.289790898561478,0.319933027029037,0.350579559803009,0.270322650671005,0.0241961628198624,0.318660467863083,0.373872369527817,0.442742705345154,0.594846785068512,0.629877805709839,0.643882215023041,0.653276264667511,0.609137237071991,0.373103588819504,0.316342175006866,0.320911169052124,0.481401383876801,0.56514048576355,0.600676953792572,0.73465883731842,0.703047394752502,0.451100200414658,0.28683865070343,0.531139492988586,0.572774767875671,0.707556784152985,0.591782867908478,0.758723378181458,0.534529626369476,0.530018448829651,0.476938992738724,0.609009146690369,0.759258389472961,0.728359222412109,0.849730491638184,0.722725570201874,0.742815017700195,0.819194436073303,0.8394895195961,0.78068882226944,0.510793745517731,0.499027043581009,0.551031947135925,0.712248861789703,0.762228548526764,0.931546926498413,0.953769862651825,0.953091681003571,0.921078383922577,0.80389928817749,0.793151199817657,0.765342354774475,0.826565682888031,0.577645301818848,0.572860062122345,0.575366735458374,0.667201697826385,0.638576328754425,0.76797753572464,0.823640048503876,0.79564356803894,0.659039914608002,0.668319821357727,0.642667412757874,0.871987402439117,1.12518346309662,1.01610052585602,0.90397435426712,0.73150771856308,0.320932626724243,0.573212742805481,0.761890172958374,0.705856263637543,0.788086771965027,0.751169443130493,0.399333596229553,0.511569857597351,0.160816997289658,0,0,0.175689831376076,0.360459506511688,0.404116213321686,0.440398991107941,0.18412621319294,0.374717473983765,0.473988026380539,0,0.181136086583138,0.498671799898148,0.606538593769073,0.640017092227936,0.801836848258972,0.873773038387299,0.752590417861938,0.616189122200012,0.433550328016281,0.494653761386871,0.6664919257164,0.584952116012573,0,0,0,0,0,0,1.50707944612805e-06,0.224883079528809,0.51630175113678,0.609711408615112,0.512450695037842,0.0315660648047924,0,0,0,0,0.494638174772263,0,0,0,0,0,0,0,0,0,0,0,0,0,0,0,0,0.280730366706848,0,0,0,0,0,0,0,0,0,0,0,0,0,0,0,0,0,0,0,0,0,0,0,0,0,0,0,0,0,0,0,0,0,0,0,0,0,342
Uckermark,0,0,0,0,0,0,0,0,0,0,0,0,0,0,0,0,0,0,0,0,0,0,0,0,0,0,0,0,0,0,0,0,0,0,0,0,0,0,0,0,0,0,0,0,0,0,0,0,0,0,0,0,0,0,0,0,0,0,0,0,0,0,0,0,0,0,0,0,0,0,0,0,0,0,0,0,0,0,0,0,0,0,0,0,0,0,0,0,0,0,0,0,0,0,0,0,0,0,0,0,0,0,0,0,0,0,0,0,0,0,0,0,0,0,0,0,0,0,0,0,0,0,0,0,0,0,0,0,0,0,0,0,0,0,0,0,0,0,0,0,0,0,0,0,0,0,0,0,0,0,0,0,0,0,0,0,0,0,0,0,0,0,0,0.0025322821456939,0.00345274526625872,0.00282000238075852,0,0,0,0,0,0,0,0,0,0,0,0,0,0,0,0,0,0,0,0,0.013961324468255,0.0720409527420998,0.132642105221748,0.135906144976616,0.158703356981277,0.151274353265762,0.153337076306343,0.166532084345818,0.18086451292038,0.216770425438881,0.242166340351105,0.157252505421638,0,0.23490409553051,0.205805167555809,0.250709891319275,0.4314144551754,0.485573649406433,0.492856204509735,0.503064215183258,0.46977886557579,0.270329594612122,0.192631840705872,0.216187015175819,0.355327188968658,0.359302461147308,0.412247568368912,0.556613743305206,0.565621137619019,0.405017077922821,0.281289368867874,0.458731144666672,0.416016548871994,0.522954761981964,0.491678267717361,0.608130812644958,0.457718104124069,0.440253406763077,0.421480745077133,0.439020603895187,0.620427548885345,0.604260444641113,0.712943494319916,0.689837336540222,0.638722240924835,0.734114944934845,0.718086898326874,0.617863953113556,0.358836144208908,0.394815504550934,0.471622675657272,0.534211158752441,0.56316876411438,0.762707471847534,0.837978303432465,0.800516247749329,0.78594571352005,0.656355798244476,0.624047994613647,0.608686447143555,0.651139855384827,0.479852288961411,0.413243263959885,0.465677708387375,0.568262875080109,0.586510539054871,0.6729336977005,0.722627222537994,0.657660305500031,0.533537030220032,0.490251660346985,0.505886197090149,0.725456297397614,0.918416142463684,0.732499063014984,0.724010825157166,0.562529265880585,0.00233442708849907,0.427749335765839,0.559383749961853,0.371824532747269,0.443587929010391,0.508148550987244,0.510392129421234,0.183792382478714,0,0,0,0.0248367842286825,0.307053029537201,0.357720255851746,0.323958277702332,0.462007820606232,0.302110433578491,0.178594037890434,0.252234697341919,0.350215047597885,0.426807671785355,0.458841264247894,0.522615253925323,0.657734990119934,0.723802149295807,0.640949130058289,0.546049118041992,0.0598213039338589,0,0.454870194196701,0.493239432573318,0,0,0,0,0,0,0,0,0.405505418777466,0.516311228275299,0.432417362928391,0,0,0,0,0,0.401332408189774,0,0,0,0,0,0,0,0,0,0,0,0,0,0,0,0,0.162505954504013,0,0,0,0,0,0,0,0,0,0,0,0,0,0,0,0,0,0,0,0,0,0,0,0,0,0,0,0,0,0,0,0,0,0,0,0,0,343
Rostock,0,0,0,0,0,0,0,0,0,0,0,0,0,0,0,0,0,0,0,0,0,0,0,0,0,0,0,0,0,0,0,0,0,0,0,0,0,0,0,0,0,0,0,0,0,0,0,0,0,0,0,0,0,0,0,0,0,0,0,0,0,0,0,0,0,0,0,0,0,0,0,0,0,0,0,0,0,0,0,0,0,0,0,0,0,0,0,0,0,0,0,0,0,0,0,0,0,0,0,0,0,0,0,0,0,0,0,0,0,0,0,0,0,0,0,0,0,0,0,0,0,0,0,0,0,0,0,0,0,0,0,0,0,0,0,0,0,0,0,0,0,0,0,0,0,0,0,0,0,0,0,0,0,0,0,0,0,0,0,0,0,0,0,0.000244885421125218,0.000336251134285703,0,0,0,0,0,0,0,0,0,0,0,0,0,0,0,0,0,0,0,0,0,0,0.0064408197067678,0.0127284461632371,0.0122754070907831,0.0145376427099109,0.0151885971426964,0.0154591845348477,0.0153505746275187,0.0175014529377222,0.0185294337570667,0.0227233041077852,0.0177974104881287,0,0.0254435688257217,0.0165124218910933,0.025157306343317,0.0470376759767532,0.0544853657484055,0.05134641751647,0.047713290899992,0.037099476903677,0.0204762443900108,0.0197815410792828,0.0316510014235973,0.0293992012739182,0.032033659517765,0.0411315858364105,0.0546423010528088,0.0548717193305492,0.0498758926987648,0.0434476621448994,0.0479725524783134,0.0346344150602818,0.0536406673491001,0.0487869381904602,0.0558745712041855,0.054206769913435,0.054010909050703,0.0398007445037365,0.0452354475855827,0.0613911375403404,0.0649415403604507,0.0717711597681046,0.0724784135818481,0.0696441307663918,0.0754610300064087,0.0714831650257111,0.061128843575716,0.0424118898808956,0.0445543192327023,0.0476889908313751,0.0372560620307922,0.0433748885989189,0.0765578150749207,0.0863509774208069,0.0766672566533089,0.0739439278841019,0.0675253570079803,0.0503839291632175,0.0568781048059464,0.0495940484106541,0.0428754612803459,0.0348831973969936,0.0377265065908432,0.0429456159472466,0.0597355999052525,0.0642190203070641,0.0614612959325314,0.0478132590651512,0.0479552336037159,0.0374531820416451,0.0494094006717205,0.0693716928362846,0.0814929753541946,0.0587648004293442,0.056113239377737,0.0333063304424286,0.029589032754302,0.0338309407234192,0.0479127243161201,0.0292204022407532,0.0290476065129042,0.037547379732132,0.0485367961227894,0,0,0,0,0,0.0339858755469322,0.034922294318676,0.0334066227078438,0.0445142090320587,0.0392674840986729,0,0.0238361749798059,0,0.0366396568715572,0.0341702736914158,0.0449413172900677,0.0598792210221291,0.0573021769523621,0.0570210516452789,0.053141251206398,0,0.0218290109187365,0.028819989413023,0.0380343198776245,0,0,0,0,0,0,0,0,0.033047266304493,0.0470188781619072,0.0399092584848404,0,0,0,0,0,0.0399593524634838,0,0,0,0,0,0,0,0,0,0,0,0,0,0,0,0,0.0195970609784126,0,0,0,0,0,0,0,0,0,0,0,0,0,0,0,0,0,0,0,0,0,0,0,0,0,0,0,0,0,0,0,0,0,0,0,0,0,344
Schwerin,0,0,0,0,0,0,0,0,0,0,0,0,0,0,0,0,0,0,0,0,0,0,0,0,0,0,0,0,0,0,0,0,0,0,0,0,0,0,0,0,0,0,0,0,0,0,0,0,0,0,0,0,0,0,0,0,0,0,0,0,0,0,0,0,0,0,0,0,0,0,0,0,0,0,0,0,0,0,0,0,0,0,0,0,0,0,0,0,0,0,0,0,0,0,0,0,0,0,0,0,0,0,0,0,0,0,0,0,0,0,0,0,0,0,0,0,0,0,0,0,0,0,0,0,0,0,0,0,0,0,0,0,0,0,0,0,0,0,0,0,0,0,0,0,0,0,0,0,0,0,0,0,0,0,0,0,0,0,0,0,0,0,0,0.00305214081890881,0.00338029232807457,0,0,0,0,0,0,0,0,0,0,0,0,0,0,0,0,0,0,0,0,0,0.0480590760707855,0.067011184990406,0.116727523505688,0.116234436631203,0.130501359701157,0.116110190749168,0.131048798561096,0.131420657038689,0.158340647816658,0.172979295253754,0.202269732952118,0.139981046319008,0.0869394689798355,0.227634713053703,0.15955026447773,0.264940917491913,0.406420975923538,0.428423851728439,0.423521488904953,0.383324533700943,0.279100090265274,0.150669991970062,0.198605209589005,0.240345478057861,0.255211353302002,0.306084394454956,0.364427298307419,0.475381910800934,0.434544384479523,0.361454486846924,0.306147873401642,0.363415986299515,0.305772006511688,0.434526324272156,0.375945866107941,0.457094818353653,0.439424246549606,0.462735533714294,0.341852128505707,0.387709230184555,0.500411331653595,0.54885059595108,0.571000516414642,0.578448235988617,0.558033585548401,0.606972515583038,0.579378008842468,0.48881396651268,0.28538903594017,0.377515554428101,0.407168000936508,0.360131800174713,0.326131790876389,0.640043318271637,0.637455582618713,0.643899738788605,0.608582615852356,0.545343399047852,0.432287395000458,0.500355958938599,0.377904206514359,0.360341519117355,0.266437202692032,0.365364223718643,0.430409103631973,0.558955371379852,0.561945796012878,0.48554715514183,0.365017831325531,0.387802571058273,0.263903498649597,0.430940866470337,0.631580770015717,0.679592907428741,0.506453514099121,0.510881006717682,0.233550310134888,0,0.274969577789307,0.382666170597076,0.271404236555099,0.383251756429672,0.335948795080185,0.423526436090469,0.256889283657074,0,0,0.172800198197365,0,0.29109925031662,0.342098534107208,0.384099096059799,0.38169652223587,0.167369768023491,0.29733008146286,0,0,0.252125054597855,0.321134090423584,0.447484225034714,0.521548986434937,0.495787739753723,0.491762548685074,0.443331241607666,0,0.249540701508522,0.303687512874603,0.298625975847244,0,0,0,0,0,0,0,0,0.328496187925339,0.409207195043564,0.366897165775299,0,0,0,0,0,0.351984649896622,0,0,0,0,0,0,0,0,0,0,0,0,0,0,0,0,0.154685765504837,0,0,0,0,0,0,0,0,0,0,0,0,0,0,0,0,0,0,0,0,0,0,0,0,0,0,0,0,0,0,0,0,0,0,0,0,0,345
Mecklenburgische Seenplatte,0,0,0,0,0,0,0,0,0,0,0,0,0,0,0,0,0,0,0,0,0,0,0,0,0,0,0,0,0,0,0,0,0,0,0,0,0,0,0,0,0,0,0,0,0,0,0,0,0,0,0,0,0,0,0,0,0,0,0,0,0,0,0,0,0,0,0,0,0,0,0,0,0,0,0,0,0,0,0,0,0,0,0,0,0,0,0,0,0,0,0,0,0,0,0,0,0,0,0,0,0,0,0,0,0,0,0,0,0,0,0,0,0,0,0,0,0,0,0,0,0,0,0,0,0,0,0,0,0,0,0,0,0,0,0,0,0,0,0,0,0,0,0,0,0,0,0,0,0,0,0,0,0,0,0,0,0,0,0,0,0,0,0,0.00216366350650787,0.00300781894475222,0.00157142523676157,0,0,0,0,0,0,0,0,0,0,0,0,0,0,0,0,0,0,0,0,0.0258376505225897,0.0666676312685013,0.12378241121769,0.128408879041672,0.142346799373627,0.141982644796371,0.149817928671837,0.157146006822586,0.175723776221275,0.202967524528503,0.228058949112892,0.15607576072216,0,0.233422711491585,0.197802975773811,0.250687658786774,0.425886958837509,0.476717919111252,0.481010586023331,0.469598054885864,0.41260027885437,0.234735175967216,0.155834764242172,0.236956000328064,0.312276989221573,0.333769470453262,0.397371292114258,0.525841236114502,0.506160736083984,0.398439228534698,0.318286836147308,0.430933654308319,0.359609991312027,0.498081535100937,0.458384573459625,0.549865484237671,0.455663502216339,0.434333622455597,0.335831016302109,0.414171308279037,0.587273955345154,0.567850887775421,0.659551560878754,0.639235854148865,0.61241090297699,0.696867883205414,0.664846479892731,0.565118968486786,0.311494916677475,0.369601249694824,0.444106996059418,0.434753835201263,0.462684661149979,0.701078355312347,0.781911909580231,0.699395537376404,0.699518263339996,0.608564734458923,0.534314393997192,0.561040461063385,0.541257739067078,0.416987925767899,0.329982340335846,0.404581099748611,0.489162594079971,0.553595781326294,0.606353163719177,0.63446569442749,0.554297626018524,0.45014426112175,0.409935772418976,0.467291712760925,0.661221027374268,0.815004587173462,0.627752840518951,0.609262228012085,0.399556756019592,0.0529749244451523,0.343232482671738,0.456983357667923,0.32237696647644,0.344383388757706,0.407995671033859,0.464422255754471,0.0729062855243683,0,0,0,0.20917609333992,0.302839726209641,0.296380877494812,0.308455109596252,0.395448476076126,0.164885386824608,0.0614132918417454,0.0269539784640074,0.0496757738292217,0.358323931694031,0.371281534433365,0.443143934011459,0.563695788383484,0.638724446296692,0.566842198371887,0.487438470125198,0.0162853579968214,0.00262023322284222,0.387162685394287,0.397742211818695,0,0,0,0,0,0,0,0,0.349536627531052,0.454273968935013,0.378746211528778,0,0,0,0,0,0.359510540962219,0,0,0,0,0,0,0,0,0,0,0,0,0,0,0,0,0.123992919921875,0,0,0,0,0,0,0,0,0,0,0,0,0,0,0,0,0,0,0,0,0,0,0,0,0,0,0,0,0,0,0,0,0,0,0,0,0,346
Rostock,0,0,0,0,0,0,0,0,0,0,0,0,0,0,0,0,0,0,0,0,0,0,0,0,0,0,0,0,0,0,0,0,0,0,0,0,0,0,0,0,0,0,0,0,0,0,0,0,0,0,0,0,0,0,0,0,0,0,0,0,0,0,0,0,0,0,0,0,0,0,0,0,0,0,0,0,0,0,0,0,0,0,0,0,0,0,0,0,0,0,0,0,0,0,0,0,0,0,0,0,0,0,0,0,0,0,0,0,0,0,0,0,0,0,0,0,0,0,0,0,0,0,0,0,0,0,0,0,0,0,0,0,0,0,0,0,0,0,0,0,0,0,0,0,0,0,0,0,0,0,0,0,0,0,0,0,0,0,0,0,0,0,0,0.00152924086432904,0.00212048832327127,3.19401551678311e-05,0,0,0,0,0,0,0,0,0,0,0,0,0,0,0,0,0,0,0,0,0.00273555074818432,0.0429054200649261,0.0800923928618431,0.0797358676791191,0.0909081101417542,0.09463931620121,0.0971783250570297,0.0984004661440849,0.112090788781643,0.122212521731853,0.144053876399994,0.103658922016621,0.000127621839055791,0.158725023269653,0.113079577684402,0.16371163725853,0.28421089053154,0.324740082025528,0.313326478004456,0.293562591075897,0.236563891172409,0.133199036121368,0.1291533857584,0.183952510356903,0.185467183589935,0.20187596976757,0.256269544363022,0.340810060501099,0.329804301261902,0.288879960775375,0.252289474010468,0.284912139177322,0.212256073951721,0.328557640314102,0.297663182020187,0.345985293388367,0.324791342020035,0.31920114159584,0.229743957519531,0.278800815343857,0.383231699466705,0.391168177127838,0.440544694662094,0.43839430809021,0.427092254161835,0.462647259235382,0.437147885560989,0.372828990221024,0.237595930695534,0.272875219583511,0.299909561872482,0.248195290565491,0.271688580513,0.469848692417145,0.52267462015152,0.463575094938278,0.46175354719162,0.417182892560959,0.334117740392685,0.368506908416748,0.311183154582977,0.269336849451065,0.205606818199158,0.261652588844299,0.294359296560287,0.38104385137558,0.400948107242584,0.392608076334,0.312721282243729,0.301828861236572,0.242219120264053,0.31564399600029,0.443081676959991,0.521828174591064,0.38628962635994,0.368051409721375,0.223763227462769,0.127370953559875,0.212584882974625,0.298204362392426,0.203207165002823,0.204419210553169,0.236337602138519,0.310702830553055,0.0764326602220535,0,0,0,0.0811713039875031,0.211753457784653,0.223680719733238,0.226671770215034,0.286236613988876,0.225327163934708,0.0717467814683914,0.0817424133419991,0.0036266075912863,0.233478978276253,0.237420529127121,0.302047282457352,0.382653772830963,0.385791927576065,0.374132633209229,0.341584891080856,0.002916119992733,0.10369548946619,0.198753044009209,0.246631652116776,0,0,0,0,0,0,0,0,0.224091798067093,0.296007752418518,0.256684720516205,0,0,0,0,0,0.253199934959412,0,0,0,0,0,0,0,0,0,0,0,0,0,0,0,0,0.130640134215355,0,0,0,0,0,0,0,0,0,0,0,0,0,0,0,0,0,0,0,0,0,0,0,0,0,0,0,0,0,0,0,0,0,0,0,0,0,347
Vorpommern-Rügen,0,0,0,0,0,0,0,0,0,0,0,0,0,0,0,0,0,0,0,0,0,0,0,0,0,0,0,0,0,0,0,0,0,0,0,0,0,0,0,0,0,0,0,0,0,0,0,0,0,0,0,0,0,0,0,0,0,0,0,0,0,0,0,0,0,0,0,0,0,0,0,0,0,0,0,0,0,0,0,0,0,0,0,0,0,0,0,0,0,0,0,0,0,0,0,0,0,0,0,0,0,0,0,0,0,0,0,0,0,0,0,0,0,0,0,0,0,0,0,0,0,0,0,0,0,0,0,0,0,0,0,0,0,0,0,0,0,0,0,0,0,0,0,0,0,0,0,0,0,0,0,0,0,0,0,0,0,0,0,0,0,0,0,0.000525129900779575,0.000863607507199049,0,0,0,0,0,0,0,0,0,0,0,0,0,0,0,0,0,0,0,0,0,0,0.00731170736253262,0.031776137650013,0.0293875597417355,0.0359464436769485,0.0384593829512596,0.0408780984580517,0.044218584895134,0.0480092987418175,0.0501468628644943,0.0625345483422279,0.0465826690196991,0,0.0688815116882324,0.0455139055848122,0.0558675602078438,0.123857505619526,0.141878172755241,0.141370728611946,0.132950976490974,0.106815606355667,0.0625798851251602,0.0593806691467762,0.0789755657315254,0.0798340439796448,0.0804762467741966,0.107672147452831,0.141133069992065,0.153297588229179,0.143721997737885,0.117485657334328,0.131955087184906,0.0906827375292778,0.14066444337368,0.137545317411423,0.154469281435013,0.14265002310276,0.138509795069695,0.110662624239922,0.120017841458321,0.16471466422081,0.177242770791054,0.20025372505188,0.202362671494484,0.196188986301422,0.213209614157677,0.204210057854652,0.168634250760078,0.112218447029591,0.126125171780586,0.140817105770111,0.125546276569366,0.125292062759399,0.2077317237854,0.243368476629257,0.218399375677109,0.209615275263786,0.195866838097572,0.152304828166962,0.163896396756172,0.149903938174248,0.13009786605835,0.109677731990814,0.101233839988708,0.0984296947717667,0.150087907910347,0.185468316078186,0.181920751929283,0.157234311103821,0.147167325019836,0.115308955311775,0.142626091837883,0.192651018500328,0.241186141967773,0.177819967269897,0.165806919336319,0.10828060656786,0.0821636393666267,0.107656486332417,0.134679794311523,0.104273438453674,0.0130950249731541,0.0842707976698875,0.141855463385582,0,0,0,0,0.0272038038820028,0.104165278375149,0.102992407977581,0.0937843844294548,0.130471646785736,0.124306306242943,0,0.00839931238442659,0.0679770112037659,0.111317910254002,0.110874682664871,0.123455293476582,0.168008118867874,0.174336656928062,0.173639252781868,0.159471184015274,0.0600924380123615,0.0383762642741203,0.0930597186088562,0.123754300177097,0,0,0,0,0,0,0,0,0.0976417735219002,0.124979458749294,0.121213831007481,0,0,0,0,0,0.116869047284126,0,0,0,0,0,0,0,0,0,0,0,0,0,0,0,0,0.0639382675290108,0,0,0,0,0,0,0,0,0,0,0,0,0,0,0,0,0,0,0,0,0,0,0,0,0,0,0,0,0,0,0,0,0,0,0,0,0,348
Nordwestmecklenburg,0,0,0,0,0,0,0,0,0,0,0,0,0,0,0,0,0,0,0,0,0,0,0,0,0,0,0,0,0,0,0,0,0,0,0,0,0,0,0,0,0,0,0,0,0,0,0,0,0,0,0,0,0,0,0,0,0,0,0,0,0,0,0,0,0,0,0,0,0,0,0,0,0,0,0,0,0,0,0,0,0,0,0,0,0,0,0,0,0,0,0,0,0,0,0,0,0,0,0,0,0,0,0,0,0,0,0,0,0,0,0,0,0,0,0,0,0,0,0,0,0,0,0,0,0,0,0,0,0,0,0,0,0,0,0,0,0,0,0,0,0,0,0,0,0,0,0,0,0,0,0,0,0,0,0,0,0,0,0,0,0,0,0,0.00194297125563025,0.00211189407855272,0,0,0,0,0,0,0,0,0,0,0,0,0,0,0,0,0,0,0,0,0,0.0119744520634413,0.0437128990888596,0.0836639031767845,0.080665647983551,0.0907582640647888,0.0798593312501907,0.0933014526963234,0.0932685732841492,0.109468184411526,0.122066646814346,0.147214487195015,0.102335244417191,0.0612735562026501,0.170031487941742,0.110732086002827,0.189524158835411,0.304545253515244,0.314647555351257,0.315542697906494,0.285527288913727,0.186273336410522,0.104271627962589,0.148816496133804,0.181737810373306,0.185256332159042,0.225831970572472,0.265509337186813,0.347094565629959,0.329303562641144,0.284062534570694,0.245576113462448,0.276214212179184,0.227683156728745,0.320665121078491,0.28349694609642,0.347407758235931,0.338652610778809,0.355116814374924,0.270144641399384,0.298809826374054,0.360245138406754,0.415954798460007,0.420127421617508,0.43685394525528,0.425825744867325,0.463369369506836,0.439355432987213,0.371738255023956,0.22703555226326,0.29759269952774,0.311446130275726,0.267730116844177,0.251469433307648,0.478745877742767,0.474065214395523,0.480647891759872,0.45727002620697,0.417108029127121,0.324709594249725,0.376890033483505,0.286706775426865,0.267485290765762,0.219573169946671,0.259236842393875,0.305845886468887,0.408235967159271,0.419654101133347,0.350095212459564,0.2837133705616,0.300529479980469,0.196649193763733,0.322963356971741,0.463607877492905,0.50158017873764,0.36810427904129,0.37188059091568,0.172959104180336,0.10863272100687,0.209838807582855,0.291573047637939,0.203011453151703,0.268578261137009,0.247556865215302,0.316003441810608,0.165214166045189,0,0,0.105262041091919,0,0.222506284713745,0.25791272521019,0.292860120534897,0.28963428735733,0.141255557537079,0.220275089144707,0.0762496292591095,0.103419154882431,0.161326065659523,0.234743610024452,0.317892581224442,0.371917217969894,0.350458294153214,0.360129177570343,0.328224062919617,0,0.138095989823341,0.213060319423676,0.223257556557655,0,0,0,0,0,0,0,0,0.234957292675972,0.290808647871017,0.264426559209824,0,0,0,0,0,0.257026970386505,0,0,0,0,0,0,0,0,0,0,0,0,0,0,0,0,0.112498134374619,0,0,0,0,0,0,0,0,0,0,0,0,0,0,0,0,0,0,0,0,0,0,0,0,0,0,0,0,0,0,0,0,0,0,0,0,0,349
Vorpommern-Greifswald,0,0,0,0,0,0,0,0,0,0,0,0,0,0,0,0,0,0,0,0,0,0,0,0,0,0,0,0,0,0,0,0,0,0,0,0,0,0,0,0,0,0,0,0,0,0,0,0,0,0,0,0,0,0,0,0,0,0,0,0,0,0,0,0,0,0,0,0,0,0,0,0,0,0,0,0,0,0,0,0,0,0,0,0,0,0,0,0,0,0,0,0,0,0,0,0,0,0,0,0,0,0,0,0,0,0,0,0,0,0,0,0,0,0,0,0,0,0,0,0,0,0,0,0,0,0,0,0,0,0,0,0,0,0,0,0,0,0,0,0,0,0,0,0,0,0,0,0,0,0,0,0,0,0,0,0,0,0,0,0,0,0,0,0.00130628631450236,0.00195525563322008,0.000773256877437234,0,0,0,0,0,0,0,0,0,0,0,0,0,0,0,0,0,0,0,0,0,0.0329902656376362,0.0851057544350624,0.0825345069169998,0.0940657332539558,0.094276174902916,0.101787142455578,0.110851883888245,0.119679443538189,0.136233702301979,0.159448280930519,0.113107599318027,0,0.161378085613251,0.123997963964939,0.141444504261017,0.293357729911804,0.332832336425781,0.335117489099503,0.331468909978867,0.291700899600983,0.181468144059181,0.160765051841736,0.177148848772049,0.214366465806961,0.216672345995903,0.266384690999985,0.343085587024689,0.371581733226776,0.330880373716354,0.267459452152252,0.316637217998505,0.245566010475159,0.330662548542023,0.353369146585464,0.401019424200058,0.323380440473557,0.315764874219894,0.303393572568893,0.290856659412384,0.400534421205521,0.418688803911209,0.473533809185028,0.483973205089569,0.467567890882492,0.511459827423096,0.49124875664711,0.404838353395462,0.274592101573944,0.298094660043716,0.345556706190109,0.343514502048492,0.359371453523636,0.50104171037674,0.575551331043243,0.540111184120178,0.520147681236267,0.481613725423813,0.418604403734207,0.420473009347916,0.416627317667007,0.335251837968826,0.289206862449646,0.279536753892899,0.314571976661682,0.39835062623024,0.456968873739243,0.486820012331009,0.443968147039413,0.379343956708908,0.311200350522995,0.367963880300522,0.478569716215134,0.61148989200592,0.479168951511383,0.439244151115417,0.34888631105423,0.187970578670502,0.298142671585083,0.378384590148926,0.286104828119278,0.167392641305923,0.26215073466301,0.380540281534195,0.150232523679733,0,0,0,0.209742039442062,0.282465010881424,0.296666473150253,0.28051820397377,0.358739525079727,0.344063460826874,0.0176679845899343,0.0220169555395842,0.222889870405197,0.304403990507126,0.327684223651886,0.331727921962738,0.444220781326294,0.493422210216522,0.45033124089241,0.407406210899353,0.19224251806736,0.0340041443705559,0.267930120229721,0.339619338512421,0,0,0,0,0,0,0,0,0.273952901363373,0.31230041384697,0.319768130779266,0.029065940529108,0,0,0,0,0.26852822303772,0,0,0,0,0,0,0,0,0,0,0,0,0,0,0,0,0.155585750937462,0,0,0,0,0,0,0,0,0,0,0,0,0,0,0,0,0,0,0,0,0,0,0,0,0,0,0,0,0,0,0,0,0,0,0,0,0,350
Ludwigslust-Parchim,0,0,0,0,0,0,0,0,0,0,0,0,0,0,0,0,0,0,0,0,0,0,0,0,0,0,0,0,0,0,0,0,0,0,0,0,0,0,0,0,0,0,0,0,0,0,0,0,0,0,0,0,0,0,0,0,0,0,0,0,0,0,0,0,0,0,0,0,0,0,0,0,0,0,0,0,0,0,0,0,0,0,0,0,0,0,0,0,0,0,0,0,0,0,0,0,0,0,0,0,0,0,0,0,0,0,0,0,0,0,0,0,0,0,0,0,0,0,0,0,0,0,0,0,0,0,0,0,0,0,0,0,0,0,0,0,0,0,0,0,0,0,0,0,0,0,0,0,0,0,0,0,0,0,0,0,0,0,0,0,0,0,0,0.00367476535029709,0.00421127583831549,0.000132627523271367,0,0,0,0,0,0,0,0,0,0,0,0,0.00132003461476415,0,0,0,0,0,0,0.00409945193678141,0.052300225943327,0.0709577426314354,0.114169225096703,0.120298907160759,0.129588693380356,0.120767585933208,0.131539016962051,0.136566564440727,0.157588824629784,0.17898790538311,0.201543509960175,0.139767050743103,0.0581296905875206,0.21751070022583,0.174112558364868,0.255376994609833,0.384520202875137,0.415182888507843,0.414217501878738,0.377861171960831,0.294823348522186,0.161839306354523,0.185418397188187,0.235113814473152,0.24969108402729,0.295821905136108,0.358167618513107,0.461413204669952,0.415672570466995,0.320406585931778,0.255381792783737,0.344954907894135,0.300964683294296,0.416083633899689,0.352575182914734,0.440795063972473,0.408187657594681,0.404656499624252,0.289155662059784,0.362809121608734,0.490594655275345,0.511848509311676,0.550600230693817,0.524620532989502,0.519530117511749,0.555310964584351,0.542944371700287,0.464542865753174,0.266954243183136,0.335352629423141,0.375892400741577,0.330181181430817,0.289754450321198,0.582454741001129,0.624929308891296,0.582294523715973,0.568605601787567,0.510800957679749,0.421009242534637,0.474447578191757,0.385093748569489,0.355531364679337,0.242633104324341,0.355791956186295,0.420088231563568,0.504274845123291,0.493769407272339,0.475067675113678,0.377516359090805,0.354299932718277,0.272253334522247,0.38855054974556,0.569417774677277,0.646646559238434,0.493889570236206,0.500277161598206,0.247707441449165,0.00120505329687148,0.26453971862793,0.34907853603363,0.255642622709274,0.339074075222015,0.329301238059998,0.393272340297699,0.130304574966431,0,0,0.00694640539586544,0.09493138641119,0.257155895233154,0.297217726707458,0.30644828081131,0.339455306529999,0.0415986813604832,0.200175344944,0.00107003899756819,0.000965536921285093,0.145255088806152,0.268848985433578,0.373758316040039,0.471443057060242,0.489878565073013,0.452011227607727,0.393927842378616,0,0.219891875982285,0.301221817731857,0.281673431396484,0,0,0,0,0,0,0,0,0.291637152433395,0.359257251024246,0.327690869569778,0,0,0,0,0,0.301594763994217,0,0,0,0,0,0,0,0,0,0,0,0,0,0,0,0,0.150505557656288,0,0,0,0,0,0,0,0,0,0,0,0,0,0,0,0,0,0,0,0,0,0,0,0,0,0,0,0,0,0,0,0,0,0,0,0,0,351
Chemnitz,0,0,0,0,0,0,0,0,0,0,0,0,0,0,0,0,0,0,0,0,0,0,0,0,0,0,0,0,0,0,0,0,0,0,0,0,0,0,0,0,0,0,0,0,0,0,0,0,0,0,0,0,0,0,0,0,0,0,0,0,0,0,0,0,0,0,0,0,0,0,0,0,0,0,0,0,0,0,0,0,0,0,0,0,0,0,0,0,0,0,0,0,0,0,0,0,0,0,0,0,0,0,0,0,0,0,0,0,0,0,0,0,0,0,0,0,0,0,0,0,0,0,0,0,0,0,0,0,0,0,0,0,0,0,0,0,0,0,0,0,0,0,0,0,0,0,0,0,0,0,0,0,0,0,0,0,0,0,0,0,0,0,0,0.00807417370378971,0.00993313454091549,0.00667548412457108,0,0,0,0,0,0,0,0,0,0,0,0,0,0,0,0,0,0,0,0,0.00151966046541929,0.0639085546135902,0.0812957137823105,0.0858137086033821,0.0790389180183411,0.0861782729625702,0.0922331213951111,0.110415808856487,0.119509480893612,0.116360224783421,0.167022973299026,0.156560897827148,0,0.138895407319069,0.242880001664162,0.29607018828392,0.360055565834045,0.385086327791214,0.397397249937057,0.395884573459625,0.367503672838211,0.124414935708046,0.174113154411316,0.136742010712624,0.183988571166992,0.30040431022644,0.372019648551941,0.494675517082214,0.399371147155762,0.287127554416656,0.00625261710956693,0.00716643827036023,0.289361387491226,0.396288305521011,0.371838688850403,0.473254144191742,0.298994719982147,0.284681975841522,0.00791913084685802,0.357007771730423,0.357480734586716,0.42031866312027,0.518183529376984,0.390781998634338,0.367368280887604,0.459277212619781,0.386633455753326,0.4235580265522,0.227428182959557,0.160304829478264,0.209285020828247,0.377021104097366,0.479858756065369,0.57466858625412,0.53418630361557,0.486598491668701,0.509482264518738,0.430555433034897,0.426538735628128,0.477817624807358,0.472870737314224,0.0357735008001328,0.00830591190606356,0.00895879697054625,0.236981630325317,0.203923761844635,0.348606109619141,0.395054996013641,0.356692761182785,0.347301453351974,0.398438006639481,0.358414441347122,0.502513289451599,0.643874228000641,0.613302648067474,0.558816015720367,0.413518995046616,0,0.00182493648026139,0.335700631141663,0.366045504808426,0.429362207651138,0.415443032979965,0,0,0,0,0,0,0,0,0,0,0.0074642226099968,0.268609553575516,0,0.210171490907669,0.324843257665634,0.261501759290695,0.362958490848541,0.460746675729752,0.479988008737564,0.358769416809082,0.33075937628746,0.227602779865265,0.357646733522415,0.401860058307648,0.160005554556847,0,0,0,0,0,0,0.00614108191803098,0,0.226588234305382,0.330165863037109,0.232910633087158,0,0,0,0,0.00111744599416852,0.200316056609154,0,0,0,0,0,0,0,0,0,0,0,0,0,0,0,0,0.163076087832451,0,0,0,0,0,0,0,0,0,0,0,0,0,0,0,0,0,0,0,0,0,0,0,0,0,0,0,0,0,0,0,0,0,0,0,0,0,352
Erzgebirgskreis,0,0,0,0,0,0,0,0,0,0,0,0,0,0,0,0,0,0,0,0,0,0,0,0,0,0,0,0,0,0,0,0,0,0,0,0,0,0,0,0,0,0,0,0,0,0,0,0,0,0,0,0,0,0,0,0,0,0,0,0,0,0,0,0,0,0,0,0,0,0,0,0,0,0,0,0,0,0,0,0,0,0,0,0,0,0,0,0,0,0,0,0,0,0,0,0,0,0,0,0,0,0,0,0,0,0,0,0,0,0,0,0,0,0,0,0,0,0,0,0,0,0,0,0,0,0,0,0,0,0,0,0,0,0,0,0,0,0,0,0,0,0,0,0,0,0,0,0,0,0,0,0,0,0,0,0,0,0,0,0,0,0,0,0.00200099218636751,0.00250682560727,0.00169832422398031,0,0,0,0,0,0,0,0,0,0,0,0,0,0,0,0,0,0,0,0,0,0.0151211153715849,0.0198551267385483,0.021110637113452,0.0193002037703991,0.0213080905377865,0.0234140977263451,0.0295719802379608,0.0303854402154684,0.0296695102006197,0.0450713559985161,0.0430869646370411,0,0.0358185730874538,0.0685533508658409,0.0847085937857628,0.102830044925213,0.109933696687222,0.112225025892258,0.11274579167366,0.105028368532658,0.0175996422767639,0.0459802523255348,0.0230132527649403,0.0344722308218479,0.0819271802902222,0.105451069772243,0.143092274665833,0.113598756492138,0.0776732116937637,0,0,0.0761905163526535,0.10769609361887,0.103338986635208,0.136170402169228,0.0819559842348099,0.0768017023801804,0.000697753857821226,0.0986528322100639,0.09469323605299,0.11590688675642,0.145975366234779,0.103592842817307,0.0966389179229736,0.128708437085152,0.107893258333206,0.118318505585194,0.0417869165539742,0.0173979829996824,0.0287690181285143,0.101535566151142,0.134626969695091,0.162673369050026,0.149755820631981,0.13526725769043,0.14272452890873,0.118409670889378,0.117333807051182,0.133162394165993,0.131167009472847,0.00779866520315409,0,0,0.0387135595083237,0.0214934106916189,0.0858919322490692,0.102878496050835,0.0910030677914619,0.0867259129881859,0.110357314348221,0.0951036810874939,0.136351406574249,0.179129704833031,0.172356382012367,0.157268032431602,0.111127845942974,0,0.000802244525402784,0.086523599922657,0.0948791354894638,0.113127000629902,0.109369106590748,0,0,0,0,0,0,0,0,0,0,0.000774129992350936,0.0654925107955933,0,0.0621502362191677,0.0882821530103683,0.0651227831840515,0.0924123302102089,0.122753709554672,0.128024071455002,0.0940155982971191,0.0858935862779617,0.050320316106081,0.0959263443946838,0.107129819691181,0.0168696865439415,0,0,0,0,0,0,0.000650624453555793,0,0.0531621649861336,0.0857025682926178,0.0572640746831894,0,0,0,0,0.000586971233133227,0.046855267137289,0,0,0,0,0,0,0,0,0,0,0,0,0,0,0,0,0.0382932983338833,0,0,0,0,0,0,0,0,0,0,0,0,0,0,0,0,0,0,0,0,0,0,0,0,0,0,0,0,0,0,0,0,0,0,0,0,0,353
Mittelsachsen,0,0,0,0,0,0,0,0,0,0,0,0,0,0,0,0,0,0,0,0,0,0,0,0,0,0,0,0,0,0,0,0,0,0,0,0,0,0,0,0,0,0,0,0,0,0,0,0,0,0,0,0,0,0,0,0,0,0,0,0,0,0,0,0,0,0,0,0,0,0,0,0,0,0,0,0,0,0,0,0,0,0,0,0,0,0,0,0,0,0,0,0,0,0,0,0,0,0,0,0,0,0,0,0,0,0,0,0,0,0,0,0,0,0,0,0,0,0,0,0,0,0,0,0,0,0,0,0,0,0,0,0,0,0,0,0,0,0,0,0,0,0,0,0,0,0,0,0,0,0,0,0,0,0,0,0,0,0,0,0,0,0,0,0.00656820833683014,0.00817245803773403,0.00610110070556402,0,0,0,0,0,0,0,0,0,0,0,0,0,0,0,0,0,0,0,0,0.0174005124717951,0.0568049438297749,0.0719493553042412,0.076991856098175,0.0781346186995506,0.0844441577792168,0.0891314968466759,0.0937705487012863,0.103912830352783,0.103918515145779,0.141251310706139,0.126999720931053,0,0.11113815009594,0.191419124603271,0.225758776068687,0.27486389875412,0.294135719537735,0.312942743301392,0.307746917009354,0.289998382329941,0.106274679303169,0.145264163613319,0.132672190666199,0.167696252465248,0.24025884270668,0.284408241510391,0.363786220550537,0.311696261167526,0.229915305972099,0.102529175579548,0.117006614804268,0.237075760960579,0.317664444446564,0.295303910970688,0.361510694026947,0.229759201407433,0.230574369430542,0.142493650317192,0.283571898937225,0.296955227851868,0.324690282344818,0.397210478782654,0.316612392663956,0.297747850418091,0.364503234624863,0.31797057390213,0.345665484666824,0.195987850427628,0.149799197912216,0.189171761274338,0.299189746379852,0.367822885513306,0.435584872961044,0.416906177997589,0.387914508581161,0.40032160282135,0.345126330852509,0.346888571977615,0.371707588434219,0.380821794271469,0.137065529823303,0.121581353247166,0.146657466888428,0.203495621681213,0.176729217171669,0.281881958246231,0.326877504587173,0.303697645664215,0.281296789646149,0.301615834236145,0.287791430950165,0.388027429580688,0.503944456577301,0.476434201002121,0.426249146461487,0.336679518222809,0,0.0708446130156517,0.277965515851974,0.300874531269073,0.331030428409576,0.329527497291565,0,0,0,0,0,0,0,0,0,0,0.115623794496059,0.208936557173729,0,0.0804419815540314,0.248220264911652,0.209715992212296,0.27915433049202,0.344502359628677,0.390680223703384,0.295682996511459,0.264001309871674,0.169240742921829,0.265196681022644,0.311176300048828,0.15349055826664,0,0,0,0,0,0,0.101514473557472,0.002302699489519,0.195039987564087,0.251337558031082,0.20794589817524,0,0,0,0,0.0126367667689919,0.154047682881355,0,0,0,0,0,0,0,0,0,0,0,0,0,0,0,0,0.133563414216042,0,0,0,0,0,0,0,0,0,0,0,0,0,0,0,0,0,0,0,0,0,0,0,0,0,0,0,0,0,0,0,0,0,0,0,0,0,354
Vogtlandkreis,0,0,0,0,0,0,0,0,0,0,0,0,0,0,0,0,0,0,0,0,0,0,0,0,0,0,0,0,0,0,0,0,0,0,0,0,0,0,0,0,0,0,0,0,0,0,0,0,0,0,0,0,0,0,0,0,0,0,0,0,0,0,0,0,0,0,0,0,0,0,0,0,0,0,0,0,0,0,0,0,0,0,0,0,0,0,0,0,0,0,0,0,0,0,0,0,0,0,0,0,0,0,0,0,0,0,0,0,0,0,0,0,0,0,0,0,0,0,0,0,0,0,0,0,0,0,0,0,0,0,0,0,0,0,0,0,0,0,0,0,0,0,0,0,0,0,0,0,0,0,0,0,0,0,0,0,0,0,0,0,0,0,0,0.00297779613174498,0.003835926996544,0.00221633748151362,0,0,0,0,0,0,0,0,0,0,0,0,0,0,0,0,0,0,0,0,0,0.0266983732581139,0.0373640134930611,0.0389553159475327,0.0351559557020664,0.0362218841910362,0.045438140630722,0.0558657869696617,0.0606261380016804,0.0623663552105427,0.086334653198719,0.0875867530703545,0,0.0721161291003227,0.133457005023956,0.165865123271942,0.20317929983139,0.215562626719475,0.216833874583244,0.213320374488831,0.191368862986565,0.0171452071517706,0.0815255045890808,0,0.0331953316926956,0.153517574071884,0.204798594117165,0.282177835702896,0.215516731142998,0.13504683971405,0,0,0.147837668657303,0.208132490515709,0.190181374549866,0.25280436873436,0.164601191878319,0.140017375349998,0,0.178380191326141,0.131080031394958,0.213975131511688,0.246033683419228,0.152771964669228,0.150325417518616,0.243361353874207,0.211978599429131,0.226534232497215,0.0989065691828728,0.0381372943520546,0.089978389441967,0.18881331384182,0.246276989579201,0.294529497623444,0.292218059301376,0.266917884349823,0.263201802968979,0.216146752238274,0.212526559829712,0.254495322704315,0.234548091888428,0,0,0,0.102590173482895,0.062754787504673,0.115341380238533,0.161018013954163,0.122945994138718,0.131700471043587,0.203020349144936,0.18684709072113,0.250655621290207,0.329974740743637,0.319230258464813,0.291719079017639,0.190110251307487,0,0,0.167635321617126,0.1856379956007,0.201834097504616,0.183371990919113,0,0,0,0,0,0,0,0,0,0,0,0.120210543274879,0,0.082760825753212,0.157812535762787,0.12392894923687,0.148601949214935,0.21725457906723,0.238029360771179,0.179557129740715,0.154896169900894,0.0395703949034214,0.170279011130333,0.193526849150658,0.0297502130270004,0,0,0,0,0,0,0,0,0.0570950210094452,0.147763162851334,0.106386616826057,0,0,0,0,0,0.072880856692791,0,0,0,0,0,0,0,0,0,0,0,0,0,0,0,0,0.0168182924389839,0,0,0,0,0,0,0,0,0,0,0,0,0,0,0,0,0,0,0,0,0,0,0,0,0,0,0,0,0,0,0,0,0,0,0,0,0,355
Zwickau,0,0,0,0,0,0,0,0,0,0,0,0,0,0,0,0,0,0,0,0,0,0,0,0,0,0,0,0,0,0,0,0,0,0,0,0,0,0,0,0,0,0,0,0,0,0,0,0,0,0,0,0,0,0,0,0,0,0,0,0,0,0,0,0,0,0,0,0,0,0,0,0,0,0,0,0,0,0,0,0,0,0,0,0,0,0,0,0,0,0,0,0,0,0,0,0,0,0,0,0,0,0,0,0,0,0,0,0,0,0,0,0,0,0,0,0,0,0,0,0,0,0,0,0,0,0,0,0,0,0,0,0,0,0,0,0,0,0,0,0,0,0,0,0,0,0,0,0,0,0,0,0,0,0,0,0,0,0,0,0,0,0,0,0.00648746127262712,0.00752617185935378,0.00488914269953966,0,0,0,0,0,0,0,0,0,0,0,0,0,0,0,0,0,0,0,0,0.00901999045163393,0.0537133850157261,0.0678237602114677,0.0716683492064476,0.0650305151939392,0.0679314136505127,0.07428178191185,0.086708627641201,0.0981479212641716,0.0987850353121758,0.129226580262184,0.126583531498909,0,0.10549883544445,0.179588481783867,0.220404148101807,0.268320769071579,0.281828880310059,0.285858750343323,0.284169316291809,0.264582574367523,0.0893548280000687,0.131507471203804,0.0733978375792503,0.135293796658516,0.217523634433746,0.267482250928879,0.357399642467499,0.291583150625229,0.218163102865219,0.00731833651661873,0.00826984085142612,0.217292979359627,0.276949286460876,0.271913588047028,0.337401837110519,0.235028579831123,0.211229264736176,0.0393398776650429,0.264061897993088,0.229955613613129,0.304025262594223,0.351606279611588,0.264175713062286,0.264680355787277,0.332465410232544,0.291893899440765,0.30893287062645,0.18907368183136,0.138509213924408,0.144838139414787,0.263718038797379,0.331232190132141,0.391800701618195,0.385223925113678,0.361203759908676,0.365108519792557,0.313413321971893,0.313320338726044,0.348127216100693,0.339674770832062,0.106263220310211,0.0109515218064189,0.0101831872016191,0.192439645528793,0.143516719341278,0.247010558843613,0.280140370130539,0.263531655073166,0.25972107052803,0.284668564796448,0.268336296081543,0.348162412643433,0.449380993843079,0.439573347568512,0.397614657878876,0.290484338998795,0,0.0886000469326973,0.268342524766922,0.276757329702377,0.302041083574295,0.293811798095703,0,0,0,0,0,0,0,0,0,0,0.0784865319728851,0.194221824407578,0,0.0520628280937672,0.220372229814529,0.195417046546936,0.225754305720329,0.31712943315506,0.35002201795578,0.271138221025467,0.245201215147972,0.157124549150467,0.240908712148666,0.281545847654343,0.129102915525436,0,0,0,0,0,0,0.0737192705273628,0.000220226167584769,0.16676938533783,0.217156648635864,0.179294541478157,0,0,0,0,0.0548113659024239,0.179655134677887,0,0,0,0,0,0,0,0,0,0,0,0,0,0,0,0,0.108605355024338,0,0,0,0,0,0,0,0,0,0,0,0,0,0,0,0,0,0,0,0,0,0,0,0,0,0,0,0,0,0,0,0,0,0,0,0,0,356
Dresden,0,0,0,0,0,0,0,0,0,0,0,0,0,0,0,0,0,0,0,0,0,0,0,0,0,0,0,0,0,0,0,0,0,0,0,0,0,0,0,0,0,0,0,0,0,0,0,0,0,0,0,0,0,0,0,0,0,0,0,0,0,0,0,0,0,0,0,0,0,0,0,0,0,0,0,0,0,0,0,0,0,0,0,0,0,0,0,0,0,0,0,0,0,0,0,0,0,0,0,0,0,0,0,0,0,0,0,0,0,0,0,0,0,0,0,0,0,0,0,0,0,0,0,0,0,0,0,0,0,0,0,0,0,0,0,0,0,0,0,0,0,0,0,0,0,0,0,0,0,0,0,0,0,0,0,0,0,0,0,0,0,0,0,0.022535651922226,0.0298126675188541,0.0284846480935812,0,0,0,0,0,0,0,0,0,0,0,0,0,0,0,0,0,0,0,0,0,0.165096133947372,0.21614995598793,0.229746073484421,0.242840349674225,0.25952285528183,0.28440448641777,0.274433553218842,0.296814888715744,0.278666108846664,0.382307112216949,0.341451585292816,0,0.293099105358124,0.499040395021439,0.580688774585724,0.718859374523163,0.772767663002014,0.835393309593201,0.813094258308411,0.7979856133461,0.384344071149826,0.457893341779709,0.479674190282822,0.496688842773438,0.629673779010773,0.729704141616821,0.911704540252686,0.852105975151062,0.643387198448181,0.498871445655823,0.458306938409805,0.687600255012512,0.871228814125061,0.814631879329681,0.972497820854187,0.613831996917725,0.68745481967926,0.654376864433289,0.804087281227112,0.856569111347198,0.876105725765228,1.07357883453369,0.916702687740326,0.862108409404755,1.0285120010376,0.891993820667267,0.965219974517822,0.598299860954285,0.494317352771759,0.676855266094208,0.802123606204987,0.997855126857758,1.17081606388092,1.11997032165527,1.06592381000519,1.12874436378479,0.978884220123291,1.00449848175049,1.03527271747589,1.13687407970428,0.492150992155075,0.557192862033844,0.583454132080078,0.674662113189697,0.64204078912735,0.749423682689667,0.978920757770538,0.964725732803345,0.851226508617401,0.910559356212616,0.848315238952637,1.02349519729614,1.37194871902466,1.35196053981781,1.19897270202637,1.04874384403229,0,0.503728032112122,0.867814481258392,0.881440222263336,0.90052992105484,0.942610740661621,0.0485269092023373,0,0,0,0,0,0,0,0,0,0.376208186149597,0.601703584194183,0,0.576072454452515,0.750789284706116,0.64210832118988,0.7471062541008,0.951121270656586,1.03272151947021,0.802828013896942,0.758955359458923,0.534865319728851,0.707096695899963,0.85811460018158,0.56855034828186,0,0,0,0,0,0,0.429723739624023,0.0431084558367729,0.645193040370941,0.709200501441956,0.662025690078735,0,0,0,0,0,0.389246821403503,0,0,0,0,0,0,0,0,0,0,0,0,0,0,0,0,0.409900069236755,0,0,0,0,0,0,0,0,0,0,0,0,0,0,0,0,0,0,0,0,0,0,0,0,0,0,0,0,0,0,0,0,0,0,0,0,0,357
Bautzen,0,0,0,0,0,0,0,0,0,0,0,0,0,0,0,0,0,0,0,0,0,0,0,0,0,0,0,0,0,0,0,0,0,0,0,0,0,0,0,0,0,0,0,0,0,0,0,0,0,0,0,0,0,0,0,0,0,0,0,0,0,0,0,0,0,0,0,0,0,0,0,0,0,0,0,0,0,0,0,0,0,0,0,0,0,0,0,0,0,0,0,0,0,0,0,0,0,0,0,0,0,0,0,0,0,0,0,0,0,0,0,0,0,0,0,0,0,0,0,0,0,0,0,0,0,0,0,0,0,0,0,0,0,0,0,0,0,0,0,0,0,0,0,0,0,0,0,0,0,0,0,0,0,0,0,0,0,0,0,0,0,0,0,0.0116007933393121,0.0158080048859119,0.0160380564630032,0,0,0,0,0,0,0,0,0,0.000427704682806507,0,0,0,0,0,0,0,0,0,0,0.00434709154069424,0.0947702974081039,0.129685565829277,0.140631183981895,0.159658789634705,0.156015664339066,0.167539566755295,0.178865998983383,0.191389039158821,0.179516613483429,0.232629179954529,0.199702680110931,0,0.176638320088387,0.296855688095093,0.341149628162384,0.423942685127258,0.446457177400589,0.488799095153809,0.495820999145508,0.485808283090591,0.259328305721283,0.307869166135788,0.305320769548416,0.292719691991806,0.370686858892441,0.440601587295532,0.534336030483246,0.54464465379715,0.383419305086136,0.315190464258194,0.330213963985443,0.423863768577576,0.531698048114777,0.472324222326279,0.603509545326233,0.383210837841034,0.434554219245911,0.442679941654205,0.494490593671799,0.551878392696381,0.531401336193085,0.664560854434967,0.57156366109848,0.580599308013916,0.655385792255402,0.592444598674774,0.610710442066193,0.365136861801147,0.301961064338684,0.413694739341736,0.499772071838379,0.582384824752808,0.742535889148712,0.72262704372406,0.687095761299133,0.709370374679565,0.623721718788147,0.643705725669861,0.637314021587372,0.697898805141449,0.312935262918472,0.407088577747345,0.374575048685074,0.417031407356262,0.400310814380646,0.540540754795074,0.651324212551117,0.629983246326447,0.552738189697266,0.545616686344147,0.535113453865051,0.641289591789246,0.86893492937088,0.842035889625549,0.744649708271027,0.685852885246277,0.126296237111092,0.363472759723663,0.570558071136475,0.556102752685547,0.578973591327667,0.65114688873291,0.145685240626335,0.03923125192523,0,0,0,0,0,0.0194716900587082,0.0365826636552811,0,0.319983571767807,0.371628731489182,0,0.176946848630905,0.47073957324028,0.40853688120842,0.486118733882904,0.644843220710754,0.703742563724518,0.562043488025665,0.514410614967346,0.344660967588425,0.385988295078278,0.567624270915985,0.404063522815704,0,0,0,0,0,0,0.30153426527977,0.0241273976862431,0.444979399442673,0.467144697904587,0.425651609897614,0.0644565895199776,0,0,0,0,0.310679227113724,0,0,0,0,0,0,0,0,0,0,0,0,0,0,0,0,0.27265128493309,0,0,0,0,0,0,0,0,0,0,0,0,0,0,0,0,0,0,0,0,0,0,0,0,0,0,0,0,0,0,0,0,0,0,0,0,0,358
Görlitz,0,0,0,0,0,0,0,0,0,0,0,0,0,0,0,0,0,0,0,0,0,0,0,0,0,0,0,0,0,0,0,0,0,0,0,0,0,0,0,0,0,0,0,0,0,0,0,0,0,0,0,0,0,0,0,0,0,0,0,0,0,0,0,0,0,0,0,0,0,0,0,0,0,0,0,0,0,0,0,0,0,0,0,0,0,0,0,0,0,0,0,0,0,0,0,0,0,0,0,0,0,0,0,0,0,0,0,0,0,0,0,0,0,0,0,0,0,0,0,0,0,0,0,0,0,0,0,0,0,0,0,0,0,0,0,0,0,0,0,0,0,0,0,0,0,0,0,0,0,0,0,0,0,0,0,0,0,0,0,0,0,0,0,0.00591923948377371,0.00864042807370424,0.00900514796376228,0,0,0,0,0,0,0,0,0,0,0,0,0,0,0,0,0,0,0,0,0,0.0518513508141041,0.0720425993204117,0.0832742229104042,0.0978988632559776,0.0930233001708984,0.0985415652394295,0.111400492489338,0.114418163895607,0.106793254613876,0.140513971447945,0.119644403457642,0,0.0940931290388107,0.182299703359604,0.20523963868618,0.257428139448166,0.27015209197998,0.30093452334404,0.309649378061295,0.303957223892212,0.162268400192261,0.192065134644508,0.189910382032394,0.165333688259125,0.214727908372879,0.270886272192001,0.323272198438644,0.343632191419601,0.237623900175095,0.202585861086845,0.203684404492378,0.260332316160202,0.318568348884583,0.284017086029053,0.380845665931702,0.237254932522774,0.262505829334259,0.28744575381279,0.305371731519699,0.339397519826889,0.328173816204071,0.411382883787155,0.348129540681839,0.367831349372864,0.409955322742462,0.371466606855392,0.383260041475296,0.219266951084137,0.162910863757133,0.248323231935501,0.30314639210701,0.350611358880997,0.454513013362885,0.445625185966492,0.430718988180161,0.444268494844437,0.393419742584229,0.39413794875145,0.392986416816711,0.426942646503448,0.131220102310181,0.240414336323738,0.218177825212479,0.253834784030914,0.23305632174015,0.343801528215408,0.40308603644371,0.38432389497757,0.331564962863922,0.340371161699295,0.323401361703873,0.384573966264725,0.531655251979828,0.515685617923737,0.462121814489365,0.43135866522789,0.098881371319294,0.192542344331741,0.341645658016205,0.333951950073242,0.351333528757095,0.393396854400635,0.135283395648003,0.0206138119101524,0,0,0,0,0,0,0.0207565631717443,0,0.198866546154022,0.227297320961952,0.0209660828113556,0.0749569684267044,0.28358519077301,0.235066875815392,0.284694761037827,0.397661298513412,0.434945374727249,0.337736934423447,0.302292197942734,0.203982099890709,0.215300992131233,0.342967480421066,0.238965183496475,0,0,0,0,0,0,0.150744587182999,0.000962660415098071,0.261488229036331,0.274888724088669,0.250553697347641,0.074233204126358,0,0,0,0,0.176270619034767,0,0.0176050569862127,0,0,0,0,0,0,0,0,0,0,0,0,0,0,0.152028158307076,0,0,0,0,0,0,0,0,0,0,0,0,0,0,0,0,0,0,0,0,0,0,0,0,0,0,0,0,0,0,0,0,0,0,0,0,0,359
Meißen,0,0,0,0,0,0,0,0,0,0,0,0,0,0,0,0,0,0,0,0,0,0,0,0,0,0,0,0,0,0,0,0,0,0,0,0,0,0,0,0,0,0,0,0,0,0,0,0,0,0,0,0,0,0,0,0,0,0,0,0,0,0,0,0,0,0,0,0,0,0,0,0,0,0,0,0,0,0,0,0,0,0,0,0,0,0,0,0,0,0,0,0,0,0,0,0,0,0,0,0,0,0,0,0,0,0,0,0,0,0,0,0,0,0,0,0,0,0,0,0,0,0,0,0,0,0,0,0,0,0,0,0,0,0,0,0,0,0,0,0,0,0,0,0,0,0,0,0,0,0,0,0,0,0,0,0,0,0,0,0,0,0,0,0.0138664236292243,0.0169872436672449,0.0152953863143921,0,0,0,0,0,0,0,0,0,0,0,0,0.00014346199168358,0,0,0,0,0,0,0,0.0319327972829342,0.102229788899422,0.130353927612305,0.136091396212578,0.147730529308319,0.157060965895653,0.160744994878769,0.16159100830555,0.175979614257813,0.169173285365105,0.218801409006119,0.190062373876572,0,0.175105273723602,0.269350081682205,0.314392328262329,0.385663479566574,0.406887769699097,0.438654154539108,0.432399898767471,0.41632604598999,0.215475112199783,0.242367118597031,0.239510357379913,0.279603779315948,0.355038613080978,0.39486700296402,0.485156029462814,0.446749001741409,0.332926243543625,0.256289333105087,0.282952874898911,0.370196849107742,0.467051386833191,0.43005308508873,0.508884727954865,0.336359322071075,0.352966278791428,0.334892123937607,0.427864193916321,0.456134438514709,0.47416290640831,0.563738584518433,0.491261273622513,0.465551257133484,0.543757557868958,0.487068474292755,0.511790990829468,0.347395330667496,0.298519998788834,0.37518772482872,0.451099008321762,0.526881635189056,0.619511663913727,0.608546257019043,0.58134651184082,0.599099934101105,0.5230952501297,0.544871509075165,0.548069775104523,0.58816933631897,0.306837499141693,0.3381467461586,0.350041598081589,0.388747006654739,0.379634976387024,0.442832797765732,0.532970070838928,0.523573815822601,0.475059777498245,0.47104150056839,0.469041079282761,0.568263113498688,0.738083481788635,0.713393867015839,0.626173913478851,0.539292752742767,0.082076407968998,0.316949039697647,0.484106779098511,0.492980480194092,0.510684847831726,0.520826876163483,0.0886706188321114,0.0324178338050842,0,0,0,0,0,0.0700879916548729,0.00166636484209448,0,0.274833470582962,0.346669733524323,0,0.166480049490929,0.394499093294144,0.380905717611313,0.416178047657013,0.518466055393219,0.597739696502686,0.4781454205513,0.42981144785881,0.315772384405136,0.385929971933365,0.470309108495712,0.340797483921051,0,0,0,0,0,0,0.237132713198662,0.112618453800678,0.364046514034271,0.375093936920166,0.360417544841766,0,0,0,0,0,0.280342102050781,0,0,0,0,0,0,0,0,0,0,0,0,0,0,0,0,0.247968152165413,0,0,0,0,0,0,0,0,0,0,0,0,0,0,0,0,0,0,0,0,0,0,0,0,0,0,0,0,0,0,0,0,0,0,0,0,0,360
Sächsische Schweiz-Osterzgebirge,0,0,0,0,0,0,0,0,0,0,0,0,0,0,0,0,0,0,0,0,0,0,0,0,0,0,0,0,0,0,0,0,0,0,0,0,0,0,0,0,0,0,0,0,0,0,0,0,0,0,0,0,0,0,0,0,0,0,0,0,0,0,0,0,0,0,0,0,0,0,0,0,0,0,0,0,0,0,0,0,0,0,0,0,0,0,0,0,0,0,0,0,0,0,0,0,0,0,0,0,0,0,0,0,0,0,0,0,0,0,0,0,0,0,0,0,0,0,0,0,0,0,0,0,0,0,0,0,0,0,0,0,0,0,0,0,0,0,0,0,0,0,0,0,0,0,0,0,0,0,0,0,0,0,0,0,0,0,0,0,0,0,0,0.0087391622364521,0.0119157768785954,0.0112683288753033,0,0,0,0,0,0,0,0,0,0,0,0,0,0,0,0,0,0,0,0,0,0.0679310336709023,0.090180441737175,0.0984475165605545,0.104954108595848,0.113117471337318,0.12574428319931,0.123206913471222,0.131203755736351,0.125541999936104,0.17744255065918,0.158869251608849,0,0.125128448009491,0.241379633545876,0.280517101287842,0.348407685756683,0.376844942569733,0.408250242471695,0.398506134748459,0.391697913408279,0.163480564951897,0.211640909314156,0.222435295581818,0.217800512909889,0.299634158611298,0.356715172529221,0.450521290302277,0.418135821819305,0.310634762048721,0.211788803339005,0.188227474689484,0.322060734033585,0.422874987125397,0.392294943332672,0.481949388980865,0.28947725892067,0.328251749277115,0.302214503288269,0.385050117969513,0.413268744945526,0.42010423541069,0.529629766941071,0.437031894922256,0.409779727458954,0.501563131809235,0.432292997837067,0.471541166305542,0.256357729434967,0.201884046196938,0.289494514465332,0.376893639564514,0.485012739896774,0.573248028755188,0.547210335731506,0.513834714889526,0.546260058879852,0.467995792627335,0.475862294435501,0.498294234275818,0.542930781841278,0.19011102616787,0.217850908637047,0.236679837107658,0.286368787288666,0.269662171602249,0.328674048185349,0.45682755112648,0.439704746007919,0.380410015583038,0.430508524179459,0.386530965566635,0.485509723424911,0.666943669319153,0.651955783367157,0.58099377155304,0.496603071689606,0,0.170272350311279,0.388948500156403,0.402446061372757,0.416905730962753,0.432800441980362,9.67656669672579e-05,0,0,0,0,0,0,0,0,0,0.103144265711308,0.256880283355713,0,0.266303449869156,0.343375831842422,0.267632842063904,0.340360552072525,0.437854200601578,0.490126818418503,0.365101158618927,0.342925757169724,0.219980373978615,0.324361830949783,0.40064924955368,0.235477283596992,0,0,0,0,0,0,0.174990087747574,3.75354716197762e-07,0.276527732610703,0.326115399599075,0.300752490758896,0,0,0,0,0,0.152213424444199,0,0,0,0,0,0,0,0,0,0,0,0,0,0,0,0,0.176187455654144,0,0,0,0,0,0,0,0,0,0,0,0,0,0,0,0,0,0,0,0,0,0,0,0,0,0,0,0,0,0,0,0,0,0,0,0,0,361
Leipzig,0,0,0,0,0,0,0,0,0,0,0,0,0,0,0,0,0,0,0,0,0,0,0,0,0,0,0,0,0,0,0,0,0,0,0,0,0,0,0,0,0,0,0,0,0,0,0,0,0,0,0,0,0,0,0,0,0,0,0,0,0,0,0,0,0,0,0,0,0,0,0,0,0,0,0,0,0,0,0,0,0,0,0,0,0,0,0,0,0,0,0,0,0,0,0,0,0,0,0,0,0,0,0,0,0,0,0,0,0,0,0,0,0,0,0,0,0,0,0,0,0,0,0,0,0,0,0,0,0,0,0,0,0,0,0,0,0,0,0,0,0,0,0,0,0,0,0,0,0,0,0,0,0,0,0,0,0,0,0,0,0,0,0,0.0458070933818817,0.0513701885938644,0.0356253236532211,0,0,0,0,0,0,0,0,0,0,0,0,0.128116950392723,0,0,0,0,0,0,0,0.269509762525558,0.38869896531105,0.45732381939888,0.505405843257904,0.487066864967346,0.47752782702446,0.49383756518364,0.520599663257599,0.614546120166779,0.635152399539948,0.760486900806427,0.680509567260742,0,0.639200806617737,0.866468131542206,1.03333401679993,1.26074528694153,1.32182383537292,1.42231929302216,1.39378046989441,1.25968337059021,0.677312731742859,0.721652865409851,0.660296618938446,0.902024924755096,1.14717876911163,1.29558753967285,1.61244106292725,1.39978241920471,1.06973147392273,0.674276173114777,0.884728312492371,1.19690418243408,1.49492239952087,1.37309896945953,1.54494941234589,1.25032198429108,1.16550052165985,0.701293647289276,1.34446537494659,1.40026867389679,1.56044781208038,1.72667467594147,1.42055857181549,1.50294852256775,1.57634723186493,1.63443684577942,1.65285706520081,1.20358717441559,1.08958423137665,1.10091161727905,1.51930522918701,1.60328149795532,1.9192088842392,2.01177835464478,1.90421485900879,1.87849628925323,1.65919303894043,1.67199063301086,1.76191830635071,1.7524026632309,1.08769881725311,1.21311116218567,1.19367659091949,1.41658127307892,1.23023366928101,1.43898153305054,1.67248570919037,1.55218279361725,1.43375539779663,1.40092885494232,1.5313812494278,1.91757023334503,2.40627312660217,2.21652698516846,1.96783661842346,1.54497122764587,0.590392887592316,1.10017144680023,1.56117951869965,1.62622714042664,1.74850976467133,1.65012764930725,0.0124363973736763,0.0120255248621106,0.773076057434082,0,0,0,0,0.730369389057159,0.925994098186493,0.854923069477081,0.982684969902039,1.24249184131622,0,0,1.15639960765839,1.31278157234192,1.36388766765594,1.7750232219696,2.03965830802917,1.71752202510834,1.42659401893616,1.07981491088867,1.35569596290588,1.55775451660156,1.17295372486115,0.609004318714142,0,0,0,0,0,0.812358498573303,0.714908838272095,1.1066517829895,1.20314145088196,1.17140412330627,0,0,0,0,0.502210080623627,1.14526069164276,0,0,0,0,0,0,0,0,0,0,0,0,0,0,0,0,0.646501421928406,0,0,0,0,0,0,0,0,0,0,0,0,0,0,0,0,0,0,0,0,0,0,0,0,0,0,0,0,0,0,0,0,0,0,0,0,0,362
Leipzig,0,0,0,0,0,0,0,0,0,0,0,0,0,0,0,0,0,0,0,0,0,0,0,0,0,0,0,0,0,0,0,0,0,0,0,0,0,0,0,0,0,0,0,0,0,0,0,0,0,0,0,0,0,0,0,0,0,0,0,0,0,0,0,0,0,0,0,0,0,0,0,0,0,0,0,0,0,0,0,0,0,0,0,0,0,0,0,0,0,0,0,0,0,0,0,0,0,0,0,0,0,0,0,0,0,0,0,0,0,0,0,0,0,0,0,0,0,0,0,0,0,0,0,0,0,0,0,0,0,0,0,0,0,0,0,0,0,0,0,0,0,0,0,0,0,0,0,0,0,0,0,0,0,0,0,0,0,0,0,0,0,0,0,0.0170784182846546,0.0193410646170378,0.0137682724744081,0,0,0,0,0,0,0,0,0,0,0,0,0.026133643463254,0,0,0,0,0,0,0,0.0921753719449043,0.147654458880424,0.175262227654457,0.189259737730026,0.186408996582031,0.188750803470612,0.196016252040863,0.203048884868622,0.238684102892876,0.245068445801735,0.296768009662628,0.266292214393616,0,0.245414838194847,0.34856766462326,0.415385782718658,0.50374847650528,0.528867363929749,0.566278517246246,0.55467563867569,0.510745465755463,0.266001969575882,0.292822331190109,0.260850191116333,0.351904928684235,0.458473116159439,0.515795171260834,0.643952190876007,0.56158435344696,0.433771729469299,0.268115967512131,0.342048227787018,0.474400043487549,0.589557766914368,0.547907948493958,0.629064738750458,0.487123191356659,0.45743116736412,0.289923071861267,0.538920640945435,0.551565051078796,0.620150923728943,0.696226418018341,0.57371324300766,0.596169352531433,0.648688912391663,0.644401133060455,0.656114876270294,0.473157197237015,0.41721984744072,0.430235862731934,0.594353973865509,0.649899125099182,0.774327039718628,0.799626410007477,0.758231103420258,0.747448801994324,0.66477370262146,0.670603394508362,0.700472593307495,0.708560407161713,0.41113069653511,0.453300535678864,0.437664836645126,0.539524614810944,0.471927762031555,0.58491188287735,0.658023357391357,0.629506886005402,0.579692721366882,0.54520171880722,0.603346467018127,0.753431677818298,0.95768404006958,0.893677294254303,0.788177847862244,0.625220894813538,0.0488615483045578,0.412895709276199,0.625348269939423,0.639660358428955,0.683235645294189,0.665355920791626,0,0.00848986674100161,0.166811764240265,0,0,0,0,0.19375342130661,0.267438679933548,0.174348175525665,0.345368832349777,0.475718200206757,0,0,0.456909120082855,0.502454996109009,0.533602774143219,0.703274309635162,0.810740113258362,0.670860469341278,0.569957911968231,0.414794445037842,0.531800866127014,0.621204435825348,0.458063393831253,0.13772477209568,0,0,0,0,0,0.30879345536232,0.24723806977272,0.440599977970123,0.485472857952118,0.463887274265289,0,0,0,0,0.0961340889334679,0.445668339729309,0,0,0,0,0,0,0,0,0,0,0,0,0,0,0,0,0.269539952278137,0,0,0,0,0,0,0,0,0,0,0,0,0,0,0,0,0,0,0,0,0,0,0,0,0,0,0,0,0,0,0,0,0,0,0,0,0,363
Nordsachsen,0,0,0,0,0,0,0,0,0,0,0,0,0,0,0,0,0,0,0,0,0,0,0,0,0,0,0,0,0,0,0,0,0,0,0,0,0,0,0,0,0,0,0,0,0,0,0,0,0,0,0,0,0,0,0,0,0,0,0,0,0,0,0,0,0,0,0,0,0,0,0,0,0,0,0,0,0,0,0,0,0,0,0,0,0,0,0,0,0,0,0,0,0,0,0,0,0,0,0,0,0,0,0,0,0,0,0,0,0,0,0,0,0,0,0,0,0,0,0,0,0,0,0,0,0,0,0,0,0,0,0,0,0,0,0,0,0,0,0,0,0,0,0,0,0,0,0,0,0,0,0,0,0,0,0,0,0,0,0,0,0,0,0,0.0200254432857037,0.0226521883159876,0.0168253555893898,0,0,0,0,0,0,0,0,0,8.40238044474972e-06,0,0,0.0459969714283943,0,0,0,0,0,0,0,0.109292283654213,0.165568634867668,0.201084658503532,0.210814699530602,0.214448645710945,0.225127518177032,0.231920301914215,0.23410764336586,0.272324681282043,0.282197296619415,0.334849566221237,0.29012194275856,0,0.278383374214172,0.378949612379074,0.460316717624664,0.560680150985718,0.588776051998138,0.628529489040375,0.624369323253632,0.571678161621094,0.318478345870972,0.331723511219025,0.304613679647446,0.415707051753998,0.528742074966431,0.580594301223755,0.718165278434753,0.634740352630615,0.470931023359299,0.3127461373806,0.428397059440613,0.545241057872772,0.676179885864258,0.603058576583862,0.7116858959198,0.539900243282318,0.518639147281647,0.375861555337906,0.607422351837158,0.66892021894455,0.70744115114212,0.805981934070587,0.669818758964539,0.691886782646179,0.741382420063019,0.761250376701355,0.759770035743713,0.529861152172089,0.471574485301971,0.503868341445923,0.689879179000854,0.745939135551453,0.896771132946014,0.935949981212616,0.884967863559723,0.875914514064789,0.774284720420837,0.782560467720032,0.791761636734009,0.818964123725891,0.499677211046219,0.567173421382904,0.5652996301651,0.633748292922974,0.579985439777374,0.67444920539856,0.784546196460724,0.749413371086121,0.671429991722107,0.641064941883087,0.704267621040344,0.879984378814697,1.12974369525909,1.03821468353271,0.92137610912323,0.724917590618134,0.261337548494339,0.513207376003265,0.737568497657776,0.749762415885925,0.803798913955688,0.786909997463226,0.0982403010129929,0.248516291379929,0.238097131252289,0,0,0,0.0109437014907598,0.333551198244095,0.36621430516243,0.217091783881187,0.445293605327606,0.544467747211456,0,0,0.534321904182434,0.626865565776825,0.635525226593018,0.829557299613953,0.960446953773499,0.809410452842712,0.672957479953766,0.519754767417908,0.634133458137512,0.734078943729401,0.562522053718567,0.209680154919624,0,0,0,0,0,0.346329063177109,0.31676572561264,0.543701231479645,0.578891098499298,0.55583381652832,0,0,0,0,0.0337955802679062,0.536742746829987,0,0,0,0,0,0,0,0,0,0,0,0,0,0,0,0,0.323708862066269,0,0,0,0,0,0,0,0,0,0,0,0,0,0,0,0,0,0,0,0,0,0,0,0,0,0,0,0,0,0,0,0,0,0,0,0,0,364
Dessau-Roßlau,0,0,0,0,0,0,0,0,0,0,0,0,0,0,0,0,0,0,0,0,0,0,0,0,0,0,0,0,0,0,0,0,0,0,0,0,0,0,0,0,0,0,0,0,0,0,0,0,0,0,0,0,0,0,0,0,0,0,0,0,0,0,0,0,0,0,0,0,0,0,0,0,0,0,0,0,0,0,0,0,0,0,0,0,0,0,0,0,0,0,0,0,0,0,0,0,0,0,0,0,0,0,0,0,0,0,0,0,0,0,0,0,0,0,0,0,0,0,0,0,0,0,0,0,0,0,0,0,0,0,0,0,0,0,0,0,0,0,0,0,0,0,0,0,0,0,0,0,0,0,0,0,0,0,0,0,0,0,0,0,0,0,0,0.0465424992144108,0.0550816021859646,0.0362076871097088,0,0,0,0,0,0,0,0,0,0.0800793170928955,0,0,0.124356493353844,0,0,0,0,0,0,0,0.284398406744003,0.379134148359299,0.45116326212883,0.481741011142731,0.462564200162888,0.470715343952179,0.489678055047989,0.504736244678497,0.596873819828033,0.648860275745392,0.719437062740326,0.593327820301056,0,0.64953875541687,0.746779918670654,0.916862726211548,1.174600481987,1.23976516723633,1.28936839103699,1.28838753700256,1.13915348052979,0.665490329265594,0.555419385433197,0.656818211078644,0.885304749011993,1.07302391529083,1.19012105464935,1.47257769107819,1.31190359592438,0.896246254444122,0.561760008335114,0.896858870983124,1.09449183940887,1.37009584903717,1.17921662330627,1.3818598985672,1.13276743888855,1.1000394821167,0.666145145893097,1.17186772823334,1.39962267875671,1.43666732311249,1.59503018856049,1.3046463727951,1.38444113731384,1.45146322250366,1.55010759830475,1.50770008563995,0.996830642223358,0.926819205284119,1.06450080871582,1.37003028392792,1.36753523349762,1.71279084682465,1.88455879688263,1.8113420009613,1.76709449291229,1.53046989440918,1.47606599330902,1.54026567935944,1.5213451385498,1.0489319562912,1.18119406700134,1.15590989589691,1.24254179000854,1.15126466751099,1.26603877544403,1.52310574054718,1.41530537605286,1.15462672710419,1.25254893302917,1.2643826007843,1.73679172992706,2.16497898101807,1.92367148399353,1.75701820850372,1.28401112556458,0.705465257167816,1.07157218456268,1.3624804019928,1.41441631317139,1.55514669418335,1.34934365749359,0.823789536952972,0.649128139019012,0.616934061050415,0,0,0,0.701730370521545,0.73162829875946,0.868990540504456,0.85986465215683,0.81803822517395,1.07437574863434,0,0,0.89609032869339,1.17441403865814,1.19939148426056,1.52510941028595,1.77801167964935,1.47697734832764,1.16367888450623,0.883626401424408,1.17152512073517,1.39100050926208,1.03462886810303,0.499351292848587,0,0,0,0,0,0.592760443687439,0.59523731470108,0.990125179290771,1.12919843196869,1.03088915348053,0,0,0,0,0,1.00788807868958,0,0,0,0,0,0,0,0,0,0,0,0,0,0,0,0,0.505763113498688,0,0,0,0,0,0,0,0,0,0,0,0,0,0,0,0,0,0,0,0,0,0,0,0,0,0,0,0,0,0,0,0,0,0,0,0,0,365
Halle (Saale),0,0,0,0,0,0,0,0,0,0,0,0,0,0,0,0,0,0,0,0,0,0,0,0,0,0,0,0,0,0,0,0,0,0,0,0,0,0,0,0,0,0,0,0,0,0,0,0,0,0,0,0,0,0,0,0,0,0,0,0,0,0,0,0,0,0,0,0,0,0,0,0,0,0,0,0,0,0,0,0,0,0,0,0,0,0,0,0,0,0,0,0,0,0,0,0,0,0,0,0,0,0,0,0,0,0,0,0,0,0,0,0,0,0,0,0,0,0,0,0,0,0,0,0,0,0,0,0,0,0,0,0,0,0,0,0,0,0,0,0,0,0,0,0,0,0,0,0,0,0,0,0,0,0,0,0,0,0,0,0,0,0,0,0.0154830859974027,0.0172272361814976,0.0108045674860477,0,0,0,0,0,0,0,0,0,0,0,0,0.0238895043730736,0,0,0,0,0,0,0,0.0966770425438881,0.138114675879478,0.160721361637115,0.178119614720345,0.166310429573059,0.160576581954956,0.16416409611702,0.17966029047966,0.213478520512581,0.225539341568947,0.26684358716011,0.231992408633232,0,0.232427537441254,0.286430865526199,0.350224137306213,0.432924717664719,0.454527020454407,0.482251852750778,0.475729882717133,0.426279276609421,0.236275106668472,0.239253595471382,0.235639706254005,0.305161118507385,0.397522211074829,0.448714911937714,0.553360998630524,0.482191622257233,0.360712975263596,0.215955018997192,0.29929855465889,0.410584330558777,0.511476933956146,0.464575201272964,0.513719618320465,0.433251351118088,0.395403355360031,0.223573714494705,0.449209034442902,0.489575743675232,0.536210536956787,0.580090403556824,0.474229454994202,0.516220271587372,0.527838706970215,0.567832827568054,0.562167704105377,0.400522410869598,0.370284169912338,0.391471296548843,0.516367077827454,0.527875781059265,0.639222025871277,0.685766100883484,0.648201882839203,0.645507156848907,0.563903748989105,0.554562330245972,0.595089912414551,0.577443480491638,0.367276549339294,0.447999328374863,0.436297684907913,0.464449256658554,0.405172944068909,0.444011628627777,0.554936528205872,0.507978558540344,0.446455389261246,0.482336282730103,0.513237953186035,0.648062169551849,0.810230612754822,0.731530070304871,0.677605271339417,0.497714787721634,0.224684253334999,0.388686001300812,0.508825719356537,0.549525737762451,0.587006747722626,0.530206263065338,0.202908918261528,0.214597627520561,0.295587927103043,0,0,0,0.10417041182518,0.252419292926788,0.321310043334961,0.345807403326035,0.354547083377838,0.446801632642746,0,0,0.391325861215591,0.456268548965454,0.45539778470993,0.595675647258759,0.684227466583252,0.577354907989502,0.457732319831848,0.365274995565414,0.450655519962311,0.521771371364594,0.395282596349716,0.201018586754799,0,0,0,0,0,0.269487768411636,0.24059733748436,0.3655064702034,0.418505221605301,0.406488031148911,0,0,0,0,0.169806957244873,0.393233716487885,0,0,0,0,0,0,0,0,0,0,0,0,0,0,0,0,0.202256128191948,0,0,0,0,0,0,0,0,0,0,0,0,0,0,0,0,0,0,0,0,0,0,0,0,0,0,0,0,0,0,0,0,0,0,0,0,0,366
Magdeburg,0,0,0,0,0,0,0,0,0,0,0,0,0,0,0,0,0,0,0,0,0,0,0,0,0,0,0,0,0,0,0,0,0,0,0,0,0,0,0,0,0,0,0,0,0,0,0,0,0,0,0,0,0,0,0,0,0,0,0,0,0,0,0,0,0,0,0,0,0,0,0,0,0,0,0,0,0,0,0,0,0,0,0,0,0,0,0,0,0,0,0,0,0,0,0,0,0,0,0,0,0,0,0,0,0,0,0,0,0,0,0,0,0,0,0,0,0,0,0,0,0,0,0,0,0,0,0,0,0,0,0,0,0,0,0,0,0,0,0,0,0,0,0,0,0,0,0,0,0,0,0,0,0,0,0,0,0,0,0,0,0,0,0,0.0244064535945654,0.0282146837562323,0.0153959784656763,0,0,0,0,0,0,0,0,0,0,0,0,0.0636534467339516,0,0,0,0,0,0,0,0.173084422945976,0.219585970044136,0.268408685922623,0.296605825424194,0.270767450332642,0.249289035797119,0.258797079324722,0.300201207399368,0.350671380758286,0.390553712844849,0.422079712152481,0.342144370079041,0.0216283574700356,0.406682759523392,0.428721338510513,0.530109226703644,0.708467245101929,0.751931250095367,0.769469857215881,0.75638610124588,0.667339444160461,0.375126749277115,0.363809466362,0.452428638935089,0.505048871040344,0.653263747692108,0.733587920665741,0.908045589923859,0.76849627494812,0.53523176908493,0.338465332984924,0.552251160144806,0.683447778224945,0.855214893817902,0.737996220588684,0.861742496490479,0.758299469947815,0.7087482213974,0.434278100728989,0.748555898666382,0.861045300960541,0.910635948181152,1.01475846767426,0.84223735332489,0.893586754798889,0.918042123317719,1.02145349979401,0.968632817268372,0.648615896701813,0.639725983142853,0.789871573448181,0.872597217559814,0.84010899066925,1.11911976337433,1.25110828876495,1.21511137485504,1.16247165203094,1.02135324478149,0.946824848651886,1.04585433006287,0.989197731018066,0.736336350440979,0.79047691822052,0.786421656608582,0.834337711334229,0.820126116275787,0.85669994354248,1.05350816249847,0.973132193088531,0.816160023212433,0.838940620422363,0.873282432556152,1.23401534557343,1.48492097854614,1.27625215053558,1.21193933486938,0.852330088615417,0.476322084665298,0.778046846389771,0.959485828876495,0.987068235874176,1.13043868541718,0.924084424972534,0.816865801811218,0.585182547569275,0.535842418670654,0.485172480344772,0,0.280890673398972,0.534359395503998,0.569617927074432,0.659002602100372,0.716741621494293,0.548057079315186,0.774209856987,0,0,0.644851446151733,0.867265820503235,0.907816469669342,1.12028110027313,1.27572429180145,1.09306263923645,0.81215226650238,0.531582891941071,0.835257709026337,1.01991617679596,0.726459562778473,0.390188485383987,0,0,0,0,0,0.435790419578552,0.491150766611099,0.74626636505127,0.842372536659241,0.830191671848297,0,0,0,0,0,0.764196395874023,0,0,0,0,0,0,0,0,0,0,0,0,0,0,0,0,0.410724699497223,0,0,0,0,0,0,0,0,0,0,0,0,0,0,0,0,0,0,0,0,0,0,0,0,0,0,0,0,0,0,0,0,0,0,0,0,0,367
Altmarkkreis Salzwedel,0,0,0,0,0,0,0,0,0,0,0,0,0,0,0,0,0,0,0,0,0,0,0,0,0,0,0,0,0,0,0,0,0,0,0,0,0,0,0,0,0,0,0,0,0,0,0,0,0,0,0,0,0,0,0,0,0,0,0,0,0,0,0,0,0,0,0,0,0,0,0,0,0,0,0,0,0,0,0,0,0,0,0,0,0,0,0,0,0,0,0,0,0,0,0,0,0,0,0,0,0,0,0,0,0,0,0,0,0,0,0,0,0,0,0,0,0,0,0,0,0,0,0,0,0,0,0,0,0,0,0,0,0,0,0,0,0,0,0,0,0,0,0,0,0,0,0,0,0,0,0,0,0,0,0,0,0,0,0,0,0,0,0,0.00826046336442232,0.00919337570667267,0.00178160797804594,0,0,0,0,0,0,0,0,0,0,0,0,0.0124641479924321,0,0,0,0,0,0,0,0.0757360979914665,0.0978629589080811,0.134508669376373,0.150622010231018,0.137973546981812,0.124162934720516,0.131971076130867,0.160834759473801,0.182115778326988,0.202047646045685,0.219709634780884,0.172121599316597,0.0231176279485226,0.217773854732513,0.210454404354095,0.284132450819016,0.40102356672287,0.422634810209274,0.427204459905624,0.40872848033905,0.343734294176102,0.177800804376602,0.194979771971703,0.242784917354584,0.270064294338226,0.326640784740448,0.387024462223053,0.48258563876152,0.401062518358231,0.269914656877518,0.158794015645981,0.316960752010345,0.331113129854202,0.432037383317947,0.373739629983902,0.460943967103958,0.423942804336548,0.401176184415817,0.23197166621685,0.38421693444252,0.485803008079529,0.497987329959869,0.547791182994843,0.460685133934021,0.467819362878799,0.504239320755005,0.550165474414825,0.488345086574554,0.305601000785828,0.353057533502579,0.404172718524933,0.391261875629425,0.322370737791061,0.572141587734222,0.641484558582306,0.612832367420197,0.572448670864105,0.508406102657318,0.435382187366486,0.495515406131744,0.44575035572052,0.374603807926178,0.307039380073547,0.345428764820099,0.415514349937439,0.432386994361877,0.435188859701157,0.499224692583084,0.446785181760788,0.383807003498077,0.377541869878769,0.385140508413315,0.583154737949371,0.683181941509247,0.545174837112427,0.549084842205048,0.313498973846436,0,0.34481355547905,0.407916992902756,0.38592004776001,0.471538960933685,0.396057486534119,0.405843883752823,0.0805539190769196,0,0.0341222919523716,0,0.0175501294434071,0.267386198043823,0.310655027627945,0.282068967819214,0.300649076700211,6.8331319198478e-06,0.100984402000904,0,0,7.96667518443428e-06,0.281531006097794,0.373625785112381,0.470332831144333,0.526485085487366,0.467837244272232,0.377295196056366,0,0.297431528568268,0.419106602668762,0.294088751077652,0,0,0,0,0,0,0,0.104719445109367,0.310990929603577,0.354995369911194,0.365785032510757,0,0,0,0,0,0.340057790279388,0,0,0,0,0,0,0,0,0,0,0,0,0,0,0,0,0.17376010119915,0,0,0,0,0,0,0,0,0,0,0,0,0,0,0,0,0,0,0,0,0,0,0,0,0,0,0,0,0,0,0,0,0,0,0,0,0,368
Anhalt-Bitterfeld,0,0,0,0,0,0,0,0,0,0,0,0,0,0,0,0,0,0,0,0,0,0,0,0,0,0,0,0,0,0,0,0,0,0,0,0,0,0,0,0,0,0,0,0,0,0,0,0,0,0,0,0,0,0,0,0,0,0,0,0,0,0,0,0,0,0,0,0,0,0,0,0,0,0,0,0,0,0,0,0,0,0,0,0,0,0,0,0,0,0,0,0,0,0,0,0,0,0,0,0,0,0,0,0,0,0,0,0,0,0,0,0,0,0,0,0,0,0,0,0,0,0,0,0,0,0,0,0,0,0,0,0,0,0,0,0,0,0,0,0,0,0,0,0,0,0,0,0,0,0,0,0,0,0,0,0,0,0,0,0,0,0,0,0.0183439701795578,0.0212711934000254,0.0137804774567485,0,0,0,0,0,0,0,0,0,0.00972266588360071,0,0,0.0470729097723961,0,0,0,0,0,0,0,0.112211629748344,0.151560977101326,0.178801789879799,0.193757131695747,0.182744443416595,0.183219850063324,0.190636143088341,0.199013262987137,0.235777392983437,0.25641593337059,0.286943703889847,0.239800617098808,0,0.25657707452774,0.298779457807541,0.366355329751968,0.46530282497406,0.491396516561508,0.512757062911987,0.509954929351807,0.453463941812515,0.262766778469086,0.230598956346512,0.265201330184937,0.346026539802551,0.425856024026871,0.472931772470474,0.586927175521851,0.517357766628265,0.360982924699783,0.223488539457321,0.346041023731232,0.43761357665062,0.544178307056427,0.47366526722908,0.548013746738434,0.454020142555237,0.433692425489426,0.261769652366638,0.469048619270325,0.543054282665253,0.567992687225342,0.628035426139832,0.515016078948975,0.54926997423172,0.571021974086761,0.613485813140869,0.599510788917542,0.402168124914169,0.375285923480988,0.424589216709137,0.544927597045898,0.545755982398987,0.678828477859497,0.743450045585632,0.714475214481354,0.699787855148315,0.606923162937164,0.587555110454559,0.619426608085632,0.607685565948486,0.413518458604813,0.472138315439224,0.459935069084167,0.489530205726624,0.454324156045914,0.499023228883743,0.603677034378052,0.563356816768646,0.465144783258438,0.498493194580078,0.513606071472168,0.693339467048645,0.861356437206268,0.769303917884827,0.706403076648712,0.516382813453674,0.277908444404602,0.427402913570404,0.546033143997192,0.567778289318085,0.62213534116745,0.545335531234741,0.320412218570709,0.260469853878021,0.230334579944611,0.0111443204805255,0,0.0140529861673713,0.24764621257782,0.283456325531006,0.347308456897736,0.35027739405632,0.334610253572464,0.438894778490067,0,0,0.373256146907806,0.474137753248215,0.483052492141724,0.613515019416809,0.712551712989807,0.594637334346771,0.465978622436523,0.356345176696777,0.469162940979004,0.554807603359222,0.411632359027863,0.17980195581913,0,0,0,0,0,0.228201448917389,0.242108196020126,0.393130749464035,0.445755392313004,0.418193101882935,0,0,0,0,0.00885989330708981,0.40501207113266,0,0,0,0,0,0,0,0,0,0,0,0,0,0,0,0,0.205214157700539,0,0,0,0,0,0,0,0,0,0,0,0,0,0,0,0,0,0,0,0,0,0,0,0,0,0,0,0,0,0,0,0,0,0,0,0,0,369
Börde,0,0,0,0,0,0,0,0,0,0,0,0,0,0,0,0,0,0,0,0,0,0,0,0,0,0,0,0,0,0,0,0,0,0,0,0,0,0,0,0,0,0,0,0,0,0,0,0,0,0,0,0,0,0,0,0,0,0,0,0,0,0,0,0,0,0,0,0,0,0,0,0,0,0,0,0,0,0,0,0,0,0,0,0,0,0,0,0,0,0,0,0,0,0,0,0,0,0,0,0,0,0,0,0,0,0,0,0,0,0,0,0,0,0,0,0,0,0,0,0,0,0,0,0,0,0,0,0,0,0,0,0,0,0,0,0,0,0,0,0,0,0,0,0,0,0,0,0,0,0,0,0,0,0,0,0,0,0,0,0,0,0,0,0.0109044183045626,0.0122055234387517,0.00387491239234805,0,0,0,0,0,0,0,0,0,0,0,0,0.016455739736557,0,0,0,0,0,0,0,0.0899589359760284,0.114157617092133,0.146843373775482,0.164513349533081,0.147856712341309,0.127579912543297,0.132189080119133,0.1673434227705,0.194960072636604,0.21433624625206,0.232135608792305,0.185313120484352,0.0117888888344169,0.232056364417076,0.237919732928276,0.301927864551544,0.411540269851685,0.436667054891586,0.441530555486679,0.428001761436462,0.371643126010895,0.18649660050869,0.204670369625092,0.257946789264679,0.280130118131638,0.36036029458046,0.418103098869324,0.51459002494812,0.419904768466949,0.285748928785324,0.112873330712318,0.28827953338623,0.367783695459366,0.468729853630066,0.402382582426071,0.481089383363724,0.438204377889633,0.406504392623901,0.221728399395943,0.402922421693802,0.477413505315781,0.513149499893188,0.565280675888062,0.457937479019165,0.479045689105988,0.495603173971176,0.559391915798187,0.519154727458954,0.325396239757538,0.345898926258087,0.429239928722382,0.458407372236252,0.424674332141876,0.607868254184723,0.669879615306854,0.649075090885162,0.611901819705963,0.540895640850067,0.479028791189194,0.547599136829376,0.501599550247192,0.388847142457962,0.374043852090836,0.384396255016327,0.437696278095245,0.413632184267044,0.434352904558182,0.533036649227142,0.479141443967819,0.424858003854752,0.430474907159805,0.440418392419815,0.637396097183228,0.760640442371368,0.629949569702148,0.611057460308075,0.41337576508522,0.0414060093462467,0.379011541604996,0.459793418645859,0.486839234828949,0.562723815441132,0.453690141439438,0.418907821178436,0.247368797659874,0.178302958607674,0.169173061847687,0,0.0047457953915,0.235026881098747,0.267741590738297,0.303180694580078,0.33121594786644,0.190673097968102,0.328737199306488,0,0,0.220798254013062,0.398287206888199,0.444798350334167,0.551810026168823,0.607261538505554,0.526089608669281,0.39802560210228,0.116055205464363,0.387006431818008,0.499211400747299,0.324158519506454,0.033885657787323,0,0,0,0,0,0.097099281847477,0.211944907903671,0.349936634302139,0.403517246246338,0.407783180475235,0,0,0,0,0.0318742282688618,0.370991468429565,0,0,0,0,0,0,0,0,0,0,0,0,0,0,0,0,0.195479542016983,0,0,0,0,0,0,0,0,0,0,0,0,0,0,0,0,0,0,0,0,0,0,0,0,0,0,0,0,0,0,0,0,0,0,0,0,0,370
Burgenlandkreis,0,0,0,0,0,0,0,0,0,0,0,0,0,0,0,0,0,0,0,0,0,0,0,0,0,0,0,0,0,0,0,0,0,0,0,0,0,0,0,0,0,0,0,0,0,0,0,0,0,0,0,0,0,0,0,0,0,0,0,0,0,0,0,0,0,0,0,0,0,0,0,0,0,0,0,0,0,0,0,0,0,0,0,0,0,0,0,0,0,0,0,0,0,0,0,0,0,0,0,0,0,0,0,0,0,0,0,0,0,0,0,0,0,0,0,0,0,0,0,0,0,0,0,0,0,0,0,0,0,0,0,0,0,0,0,0,0,0,0,0,0,0,0,0,0,0,0,0,0,0,0,0,0,0,0,0,0,0,0,0,0,0,0,0.0112447300925851,0.0124684432521462,0.00721039809286594,0,0,0,0,0,0,0,0,0,0,0,0,0.00649820547550917,0,0,0,0,0,0,0,0.0628978759050369,0.111013129353523,0.133225947618484,0.142069727182388,0.133212834596634,0.126970410346985,0.128879368305206,0.14963972568512,0.178830057382584,0.180237829685211,0.223209977149963,0.198104664683342,0,0.195514693856239,0.261383354663849,0.315689623355865,0.392017006874084,0.410341501235962,0.427218854427338,0.419792741537094,0.376056462526321,0.184623152017593,0.207284763455391,0.170601949095726,0.227728679776192,0.339502424001694,0.400910973548889,0.498095750808716,0.424635887145996,0.33312064409256,0.129420086741447,0.187100142240524,0.352713882923126,0.440430015325546,0.41382622718811,0.459297955036163,0.377596735954285,0.341848939657211,0.140742346644402,0.399259120225906,0.405664801597595,0.481612861156464,0.507301449775696,0.400190562009811,0.437484979629517,0.475664496421814,0.482749789953232,0.485315084457397,0.365539789199829,0.312564134597778,0.305746495723724,0.440458208322525,0.481624633073807,0.567773282527924,0.59422492980957,0.552917838096619,0.548141777515411,0.477200031280518,0.479099899530411,0.520000219345093,0.505139112472534,0.302773237228394,0.332724064588547,0.301763087511063,0.387462079524994,0.316201478242874,0.396484076976776,0.455014318227768,0.420760005712509,0.395754337310791,0.38285031914711,0.425519049167633,0.558853626251221,0.686276018619537,0.636803448200226,0.582457840442657,0.414032578468323,0.0120311956852674,0.299174338579178,0.432764798402786,0.467264801263809,0.509806931018829,0.464920461177826,0,0.00796280801296234,0.132171481847763,0,0,0,0,0.0421203896403313,0.186801135540009,0.188455507159233,0.263163596391678,0.365287452936172,0,0,0.312033206224442,0.371972918510437,0.395274698734283,0.51534503698349,0.572599053382874,0.465250700712204,0.383543312549591,0.285125285387039,0.387052416801453,0.44204980134964,0.311800956726074,0.0344049073755741,0,0,0,0,0,0.215375378727913,0.173506230115891,0.314206629991531,0.372313141822815,0.332807391881943,0,0,0,0,0.146724626421928,0.321391314268112,0,0,0,0,0,0,0,0,0,0,0,0,0,0,0,0,0.167389437556267,0,0,0,0,0,0,0,0,0,0,0,0,0,0,0,0,0,0,0,0,0,0,0,0,0,0,0,0,0,0,0,0,0,0,0,0,0,371
Harz,0,0,0,0,0,0,0,0,0,0,0,0,0,0,0,0,0,0,0,0,0,0,0,0,0,0,0,0,0,0,0,0,0,0,0,0,0,0,0,0,0,0,0,0,0,0,0,0,0,0,0,0,0,0,0,0,0,0,0,0,0,0,0,0,0,0,0,0,0,0,0,0,0,0,0,0,0,0,0,0,0,0,0,0,0,0,0,0,0,0,0,0,0,0,0,0,0,0,0,0,0,0,0,0,0,0,0,0,0,0,0,0,0,0,0,0,0,0,0,0,0,0,0,0,0,0,0,0,0,0,0,0,0,0,0,0,0,0,0,0,0,0,0,0,0,0,0,0,0,0,0,0,0,0,0,0,0,0,0,0,0,0,0,0.00527579430490732,0.00562847126275301,0.000242192429141141,0,0,0,0,0,0,0,0,0,0,0,0,0.0094063663855195,0,0,0,0,0,0,0,0.0415938757359982,0.0721567496657372,0.0885187983512878,0.0983429029583931,0.0876374319195747,0.068116307258606,0.0624528639018536,0.0982813090085983,0.118377864360809,0.135284945368767,0.155157715082169,0.122712329030037,0,0.155378147959709,0.160295560956001,0.217550113797188,0.296688765287399,0.318599015474319,0.317914128303528,0.306928366422653,0.258019119501114,0.066177599132061,0.110268801450729,0.172913581132889,0.155140668153763,0.239919856190681,0.29878368973732,0.374299854040146,0.303817540407181,0.204035207629204,0.0232019163668156,0.0941448584198952,0.25152787566185,0.318113833665848,0.273142725229263,0.332617789506912,0.311198174953461,0.278057008981705,0.0750408694148064,0.26662415266037,0.320093512535095,0.373561918735504,0.400375485420227,0.296675652265549,0.328662753105164,0.340430438518524,0.386368453502655,0.364348083734512,0.193611830472946,0.156234219670296,0.268965214490891,0.323589861392975,0.289319008588791,0.427552759647369,0.458823442459106,0.452911287546158,0.419069617986679,0.359636008739471,0.314163744449615,0.377317547798157,0.322505742311478,0.222525775432587,0.214988470077515,0.189403668045998,0.260352045297623,0.20358869433403,0.236781686544418,0.342549473047256,0.266617029905319,0.232222512364388,0.240198612213135,0.281529366970062,0.430209785699844,0.514728426933289,0.428968399763107,0.413385361433029,0.224095910787582,0.00490176398307085,0.175495699048042,0.272325336933136,0.298111170530319,0.357102483510971,0.269799262285233,0.182879507541656,0.0412924513220787,0.0965646654367447,0.0494623184204102,0,0,0.0239781867712736,0.0605109445750713,0.113172970712185,0.161471739411354,0.10798741877079,0.180314525961876,0,0,0.104989998042583,0.254036724567413,0.270558685064316,0.372697055339813,0.411418437957764,0.33746612071991,0.230730161070824,0.0857990831136703,0.238873705267906,0.327579915523529,0.148983046412468,0.00424950523301959,0,0,0,0,0,0.0771629139780998,0.0841576680541039,0.1739262342453,0.256048411130905,0.261243492364883,0,0,0,0,0.0411484502255917,0.251879543066025,0,0,0,0,0,0,0,0,0,0,0,0,0,0,0,0,0.0870428010821342,0,0,0,0,0,0,0,0,0,0,0,0,0,0,0,0,0,0,0,0,0,0,0,0,0,0,0,0,0,0,0,0,0,0,0,0,0,372
Jerichower Land,0,0,0,0,0,0,0,0,0,0,0,0,0,0,0,0,0,0,0,0,0,0,0,0,0,0,0,0,0,0,0,0,0,0,0,0,0,0,0,0,0,0,0,0,0,0,0,0,0,0,0,0,0,0,0,0,0,0,0,0,0,0,0,0,0,0,0,0,0,0,0,0,0,0,0,0,0,0,0,0,0,0,0,0,0,0,0,0,0,0,0,0,0,0,0,0,0,0,0,0,0,0,0,0,0,0,0,0,0,0,0,0,0,0,0,0,0,0,0,0,0,0,0,0,0,0,0,0,0,0,0,0,0,0,0,0,0,0,0,0,0,0,0,0,0,0,0,0,0,0,0,0,0,0,0,0,0,0,0,0,0,0,0,0.0149775436148047,0.0178923793137074,0.0109874419867992,0,0,0,0,0,0,0,0,0,0.00809498783200979,0,0,0.0510413274168968,0,0,0,0,0,0,0,0.11737597733736,0.147455155849457,0.191234052181244,0.201554417610168,0.19791242480278,0.195446118712425,0.206949681043625,0.223504558205605,0.255625426769257,0.282696485519409,0.300537705421448,0.237263515591621,0.068505696952343,0.288021683692932,0.298176199197769,0.379367053508759,0.507053554058075,0.541356563568115,0.55268532037735,0.548952877521515,0.486411809921265,0.279870331287384,0.207140326499939,0.302119612693787,0.374530553817749,0.444823443889618,0.50055867433548,0.635625720024109,0.555764079093933,0.358330756425858,0.21692630648613,0.429223567247391,0.458415567874908,0.57286137342453,0.508829414844513,0.60213577747345,0.498586356639862,0.483330279588699,0.291908383369446,0.515105783939362,0.631474316120148,0.626941800117493,0.69745272397995,0.567227900028229,0.605782806873322,0.661374747753143,0.701536595821381,0.659455835819244,0.423843204975128,0.415752053260803,0.503150165081024,0.564679443836212,0.542240738868713,0.748107314109802,0.839919328689575,0.817279458045959,0.776978671550751,0.664033889770508,0.622604429721832,0.678650438785553,0.65761411190033,0.493685126304626,0.483555942773819,0.476406693458557,0.533086597919464,0.539753019809723,0.577657163143158,0.670170724391937,0.633955419063568,0.502742826938629,0.560738146305084,0.526140689849854,0.764242053031921,0.952977359294891,0.825610339641571,0.745829820632935,0.551379561424255,0.292009949684143,0.498890548944473,0.600009918212891,0.601642370223999,0.680111408233643,0.553904891014099,0.535269439220428,0.353062242269516,0.0534398145973682,0.0233419295400381,0,0.124174937605858,0.361747860908508,0.343573987483978,0.397011309862137,0.347727566957474,0.124190956354141,0.422038823366165,0,0,0.326568365097046,0.462508946657181,0.502715885639191,0.657119691371918,0.77019464969635,0.656660914421082,0.482822060585022,0.175140559673309,0.472891718149185,0.606330096721649,0.453965306282043,0.0747548043727875,0,0,0,0,0,0.110673636198044,0.267306834459305,0.442313313484192,0.5073401927948,0.472584426403046,0,0,0,0,0,0.459245771169662,0,0,0,0,0,0,0,0,0,0,0,0,0,0,0,0,0.22728443145752,0,0,0,0,0,0,0,0,0,0,0,0,0,0,0,0,0,0,0,0,0,0,0,0,0,0,0,0,0,0,0,0,0,0,0,0,0,373
Mansfeld-Südharz,0,0,0,0,0,0,0,0,0,0,0,0,0,0,0,0,0,0,0,0,0,0,0,0,0,0,0,0,0,0,0,0,0,0,0,0,0,0,0,0,0,0,0,0,0,0,0,0,0,0,0,0,0,0,0,0,0,0,0,0,0,0,0,0,0,0,0,0,0,0,0,0,0,0,0,0,0,0,0,0,0,0,0,0,0,0,0,0,0,0,0,0,0,0,0,0,0,0,0,0,0,0,0,0,0,0,0,0,0,0,0,0,0,0,0,0,0,0,0,0,0,0,0,0,0,0,0,0,0,0,0,0,0,0,0,0,0,0,0,0,0,0,0,0,0,0,0,0,0,0,0,0,0,0,0,0,0,0,0,0,0,0,0,0.00660983426496387,0.00706203281879425,0.00292330165393651,0,0,0,0,0,0,0,0,0,0,0,0,0,0,0,0,0,0,0,0,0.0379363633692265,0.0866669192910194,0.103394918143749,0.110777661204338,0.0997834801673889,0.089795395731926,0.091817669570446,0.113092258572578,0.132442459464073,0.146349683403969,0.176607131958008,0.148968636989594,0,0.158301666378975,0.190811261534691,0.247201189398766,0.314525008201599,0.334807187318802,0.344086229801178,0.338448077440262,0.297519505023956,0.134461730718613,0.166311725974083,0.168040111660957,0.175495773553848,0.269485682249069,0.321868926286697,0.403615355491638,0.34559753537178,0.254626929759979,0.0448847375810146,0.120387054979801,0.281813889741898,0.358816981315613,0.3232761323452,0.362429738044739,0.318279564380646,0.279247432947159,0.050660889595747,0.30922994017601,0.344488590955734,0.399442195892334,0.42210865020752,0.313276708126068,0.358287215232849,0.375533282756805,0.416755586862564,0.400168746709824,0.273855000734329,0.215164691209793,0.254397392272949,0.356448322534561,0.364373564720154,0.465997457504272,0.488386392593384,0.467431515455246,0.45360392332077,0.386465340852737,0.360509872436523,0.407535254955292,0.378344267606735,0.23381119966507,0.292528569698334,0.253191620111465,0.294680267572403,0.239219143986702,0.270048141479492,0.365722417831421,0.312435448169708,0.255323439836502,0.282517492771149,0.323500663042068,0.45132440328598,0.561828374862671,0.490836620330811,0.45273432135582,0.280091881752014,0.00877500884234905,0.209072232246399,0.321565985679626,0.345129162073135,0.38084602355957,0.317400515079498,0.068439707159996,0.00831320881843567,0.111777566373348,0.00808790326118469,0,0,0.00710456725209951,0.0290537755936384,0.110723465681076,0.158633843064308,0.164828568696976,0.255722135305405,0,0,0.165539905428886,0.287057340145111,0.278339982032776,0.388198018074036,0.448689669370651,0.369257122278214,0.265334516763687,0.158623307943344,0.272355049848557,0.347568064928055,0.220560237765312,0.00739450287073851,0,0,0,0,0,0.118084810674191,0.0902627781033516,0.211492672562599,0.272266268730164,0.278698176145554,0,0,0,0,0.040050782263279,0.267104208469391,0,0,0,0,0,0,0,0,0,0,0,0,0,0,0,0,0.085228443145752,0,0,0,0,0,0,0,0,0,0,0,0,0,0,0,0,0,0,0,0,0,0,0,0,0,0,0,0,0,0,0,0,0,0,0,0,0,374
Saalekreis,0,0,0,0,0,0,0,0,0,0,0,0,0,0,0,0,0,0,0,0,0,0,0,0,0,0,0,0,0,0,0,0,0,0,0,0,0,0,0,0,0,0,0,0,0,0,0,0,0,0,0,0,0,0,0,0,0,0,0,0,0,0,0,0,0,0,0,0,0,0,0,0,0,0,0,0,0,0,0,0,0,0,0,0,0,0,0,0,0,0,0,0,0,0,0,0,0,0,0,0,0,0,0,0,0,0,0,0,0,0,0,0,0,0,0,0,0,0,0,0,0,0,0,0,0,0,0,0,0,0,0,0,0,0,0,0,0,0,0,0,0,0,0,0,0,0,0,0,0,0,0,0,0,0,0,0,0,0,0,0,0,0,0,0.0159176178276539,0.0175877213478088,0.0108279539272189,0,0,0,0,0,0,0,0,0,0,0,0,0.0203305296599865,0,0,0,0,0,0,0,0.100411921739578,0.153579398989677,0.180530443787575,0.198002010583878,0.184740945696831,0.177150592207909,0.179888322949409,0.202225342392921,0.240098267793655,0.250633925199509,0.301548033952713,0.262573897838593,0,0.263240545988083,0.330491006374359,0.404613852500916,0.502350330352783,0.52638828754425,0.556546747684479,0.548174023628235,0.490892678499222,0.26249173283577,0.278778612613678,0.261258006095886,0.33542737364769,0.455142498016357,0.522323310375214,0.644310832023621,0.560347974300385,0.425823271274567,0.224790632724762,0.32967472076416,0.472502648830414,0.591468811035156,0.545602560043335,0.600619852542877,0.504949569702148,0.456946730613708,0.247177004814148,0.526263236999512,0.568289637565613,0.634487092494965,0.679322183132172,0.546662628650665,0.601564884185791,0.623036026954651,0.664380669593811,0.65655916929245,0.478608250617981,0.429185569286346,0.445485025644302,0.600986540317535,0.62510871887207,0.757355391979218,0.802281439304352,0.755602955818176,0.751601338386536,0.656290173530579,0.647612452507019,0.699019849300385,0.677660763263702,0.423677176237106,0.514381349086761,0.493096739053726,0.543745815753937,0.463975727558136,0.518490672111511,0.643638551235199,0.585696578025818,0.521578013896942,0.554562628269196,0.597310185432434,0.761847794055939,0.951888144016266,0.860716044902802,0.794715702533722,0.574486374855042,0.1458400785923,0.447788000106812,0.594234824180603,0.645961880683899,0.693380773067474,0.627639055252075,0.0951767191290855,0.123483285307884,0.335039466619492,0.00161035184282809,0,0,0.0394644103944302,0.243780702352524,0.361074477434158,0.384483695030212,0.409948199987411,0.522649168968201,0,0,0.448225408792496,0.533325791358948,0.53709477186203,0.708108305931091,0.807362794876099,0.678079664707184,0.539040446281433,0.426151067018509,0.534487783908844,0.617432653903961,0.462106436491013,0.182997897267342,0,0,0,0,0,0.317587673664093,0.280533492565155,0.435177862644196,0.505442082881927,0.483976244926453,0,0,0,0,0.193585067987442,0.470415532588959,0,0,0,0,0,0,0,0,0,0,0,0,0,0,0,0,0.23865894973278,0,0,0,0,0,0,0,0,0,0,0,0,0,0,0,0,0,0,0,0,0,0,0,0,0,0,0,0,0,0,0,0,0,0,0,0,0,375
Salzlandkreis,0,0,0,0,0,0,0,0,0,0,0,0,0,0,0,0,0,0,0,0,0,0,0,0,0,0,0,0,0,0,0,0,0,0,0,0,0,0,0,0,0,0,0,0,0,0,0,0,0,0,0,0,0,0,0,0,0,0,0,0,0,0,0,0,0,0,0,0,0,0,0,0,0,0,0,0,0,0,0,0,0,0,0,0,0,0,0,0,0,0,0,0,0,0,0,0,0,0,0,0,0,0,0,0,0,0,0,0,0,0,0,0,0,0,0,0,0,0,0,0,0,0,0,0,0,0,0,0,0,0,0,0,0,0,0,0,0,0,0,0,0,0,0,0,0,0,0,0,0,0,0,0,0,0,0,0,0,0,0,0,0,0,0,0.0167705006897449,0.018926864489913,0.0103235356509686,0,0,0,0,0,0,0,0,0,0,0,0,0.034859724342823,0,0,0,0,0,0,0,0.111236058175564,0.15110270678997,0.176983579993248,0.196351826190948,0.175814107060432,0.162482500076294,0.167106166481972,0.191402718424797,0.224588617682457,0.253724962472916,0.280637681484222,0.232947483658791,0,0.260038077831268,0.287389576435089,0.352557599544525,0.460051417350769,0.48674288392067,0.502966225147247,0.49220335483551,0.437754660844803,0.242666766047478,0.243929639458656,0.285388022661209,0.317448735237122,0.422901690006256,0.472062617540359,0.585369050502777,0.501158118247986,0.35553503036499,0.219281896948814,0.318739175796509,0.438910514116287,0.543454885482788,0.471490204334259,0.540697693824768,0.47512349486351,0.433382153511047,0.249692976474762,0.467518657445908,0.523300349712372,0.568018019199371,0.626980006694794,0.516384065151215,0.556551337242126,0.556754887104034,0.621895432472229,0.598558008670807,0.408978521823883,0.381849229335785,0.450801610946655,0.543462574481964,0.535395622253418,0.682366490364075,0.754562437534332,0.73450493812561,0.711518526077271,0.61786013841629,0.582630395889282,0.638572096824646,0.604729056358337,0.419196754693985,0.48710310459137,0.474273443222046,0.497570991516113,0.471268177032471,0.504951596260071,0.626445770263672,0.579068958759308,0.482268303632736,0.492197155952454,0.527241110801697,0.733578622341156,0.886516392230988,0.775123834609985,0.73239529132843,0.512447416782379,0.281255453824997,0.451766729354858,0.5697882771492,0.585907578468323,0.656331837177277,0.547563076019287,0.4148088991642,0.289961963891983,0.32552045583725,0.234591603279114,0,0.120737515389919,0.242549508810043,0.288594394922256,0.366308569908142,0.411600410938263,0.355184972286224,0.469183057546616,0,0,0.397977322340012,0.509893000125885,0.518831789493561,0.654317259788513,0.749600172042847,0.634055256843567,0.469208955764771,0.343905448913574,0.470932573080063,0.588771760463715,0.417513251304626,0.227393537759781,0,0,0,0,0,0.277980268001556,0.281323045492172,0.414042085409164,0.473018050193787,0.47268545627594,0,0,0,0,0.0992512553930283,0.438046842813492,0,0,0,0,0,0,0,0,0,0,0,0,0,0,0,0,0.225051507353783,0,0,0,0,0,0,0,0,0,0,0,0,0,0,0,0,0,0,0,0,0,0,0,0,0,0,0,0,0,0,0,0,0,0,0,0,0,376
Stendal,0,0,0,0,0,0,0,0,0,0,0,0,0,0,0,0,0,0,0,0,0,0,0,0,0,0,0,0,0,0,0,0,0,0,0,0,0,0,0,0,0,0,0,0,0,0,0,0,0,0,0,0,0,0,0,0,0,0,0,0,0,0,0,0,0,0,0,0,0,0,0,0,0,0,0,0,0,0,0,0,0,0,0,0,0,0,0,0,0,0,0,0,0,0,0,0,0,0,0,0,0,0,0,0,0,0,0,0,0,0,0,0,0,0,0,0,0,0,0,0,0,0,0,0,0,0,0,0,0,0,0,0,0,0,0,0,0,0,0,0,0,0,0,0,0,0,0,0,0,0,0,0,0,0,0,0,0,0,0,0,0,0,0,0.0082699628546834,0.00965128000825644,0.00529498839750886,0,0,0,0,0,0,0,0,0,7.34285833914328e-07,0,0,0.0370226390659809,0,0,0,0,0,0,0,0.114213645458221,0.136784628033638,0.197874367237091,0.207602649927139,0.213274642825127,0.208555594086647,0.222618833184242,0.239232316613197,0.268257141113281,0.302537798881531,0.32451656460762,0.254572927951813,0.119776085019112,0.321492969989777,0.31712394952774,0.408907562494278,0.565390825271606,0.606577217578888,0.624703466892242,0.610400438308716,0.537272214889526,0.309023916721344,0.24762088060379,0.350076407194138,0.416653484106064,0.494239181280136,0.562087059020996,0.706270217895508,0.61972177028656,0.408659487962723,0.263750076293945,0.516249477863312,0.508396625518799,0.641481697559357,0.562419772148132,0.696553289890289,0.595612049102783,0.559369802474976,0.364034473896027,0.587058544158936,0.750266075134277,0.740339338779449,0.81479275226593,0.693274438381195,0.713537335395813,0.788556456565857,0.835554659366608,0.753860533237457,0.482374906539917,0.518642067909241,0.592510044574738,0.613481521606445,0.567700505256653,0.873460352420807,0.98268586397171,0.941443383693695,0.903096854686737,0.780367195606232,0.70816957950592,0.783870100975037,0.742332220077515,0.580280423164368,0.544394433498383,0.549435913562775,0.633852779865265,0.678156435489655,0.699703693389893,0.796735465526581,0.73552542924881,0.606911838054657,0.633738815784454,0.609089553356171,0.888659060001373,1.09963774681091,0.90749591588974,0.86767566204071,0.559127569198608,0.0839139968156815,0.567841649055481,0.677966117858887,0.6027752161026,0.718006789684296,0.643059074878693,0.67086398601532,0.399087965488434,0,0,0,0.244967773556709,0.439271926879883,0.453425884246826,0.481797218322754,0.443555027246475,0.0568075515329838,0.399705529212952,0,0,0.257973492145538,0.483269959688187,0.565337836742401,0.745688021183014,0.873989105224609,0.777276456356049,0.61455899477005,0,0.43554100394249,0.673419892787933,0.534893989562988,0.0133893974125385,0,0,0,0,0,3.93267464460223e-06,0.211398333311081,0.518183946609497,0.577386558055878,0.560137808322906,0,0,0,0,0,0.514041483402252,0,0,0,0,0,0,0,0,0,0,0,0,0,0,0,0,0.286082714796066,0,0,0,0,0,0,0,0,0,0,0,0,0,0,0,0,0,0,0,0,0,0,0,0,0,0,0,0,0,0,0,0,0,0,0,0,0,377
Wittenberg,0,0,0,0,0,0,0,0,0,0,0,0,0,0,0,0,0,0,0,0,0,0,0,0,0,0,0,0,0,0,0,0,0,0,0,0,0,0,0,0,0,0,0,0,0,0,0,0,0,0,0,0,0,0,0,0,0,0,0,0,0,0,0,0,0,0,0,0,0,0,0,0,0,0,0,0,0,0,0,0,0,0,0,0,0,0,0,0,0,0,0,0,0,0,0,0,0,0,0,0,0,0,0,0,0,0,0,0,0,0,0,0,0,0,0,0,0,0,0,0,0,0,0,0,0,0,0,0,0,0,0,0,0,0,0,0,0,0,0,0,0,0,0,0,0,0,0,0,0,0,0,0,0,0,0,0,0,0,0,0,0,0,0,0.0185098238289356,0.0219113193452358,0.0162060298025608,0,0,0,0,0,0,0,0,0,0.00999620649963617,0,0,0.0511948876082897,0,0,0,0,0,0,0,0.121269583702087,0.161565274000168,0.200733840465546,0.204734608530998,0.21388190984726,0.224861860275269,0.232157692313194,0.24072727560997,0.275368571281433,0.296624064445496,0.331758707761765,0.267726182937622,0,0.29327917098999,0.359422951936722,0.440967172384262,0.56207549571991,0.592393100261688,0.617475926876068,0.619321346282959,0.555413663387299,0.32569819688797,0.286669075489044,0.298917979001999,0.425344556570053,0.526174247264862,0.581575572490692,0.707567393779755,0.640056073665619,0.432608902454376,0.269785225391388,0.453070610761642,0.527720332145691,0.675632417201996,0.564778387546539,0.689390540122986,0.527036547660828,0.517866790294647,0.360993921756744,0.581190466880798,0.705144703388214,0.702421903610229,0.802286803722382,0.654111444950104,0.689904451370239,0.737362921237946,0.772001624107361,0.742953181266785,0.491511791944504,0.448309600353241,0.495599627494812,0.670531094074249,0.710731148719788,0.879496693611145,0.934974312782288,0.894561648368835,0.867567121982574,0.759463906288147,0.748632729053497,0.747011840343475,0.777504026889801,0.513023972511292,0.554916501045227,0.566501617431641,0.632480084896088,0.582903444766998,0.661383330821991,0.769420027732849,0.725150883197784,0.603338420391083,0.616149961948395,0.631560683250427,0.857103884220123,1.09839344024658,0.983241856098175,0.87944507598877,0.659064292907715,0.245067596435547,0.500892758369446,0.703307151794434,0.700311005115509,0.783263385295868,0.722030639648438,0.348907291889191,0.37543648481369,0.250147700309753,0,0,0,0.249314516782761,0.329836547374725,0.416710913181305,0.197000861167908,0.381882190704346,0.505827605724335,0,0,0.474971979856491,0.605590164661407,0.628724992275238,0.789143621921539,0.906086444854736,0.763904690742493,0.605630815029144,0.459881722927094,0.599150478839874,0.69955313205719,0.537419617176056,0.0156854745000601,0,0,0,0,0,0.196665227413177,0.244831502437592,0.513432502746582,0.59523606300354,0.51918637752533,0,0,0,0,0,0.509338557720184,0,0,0,0,0,0,0,0,0,0,0,0,0,0,0,0,0.271292597055435,0,0,0,0,0,0,0,0,0,0,0,0,0,0,0,0,0,0,0,0,0,0,0,0,0,0,0,0,0,0,0,0,0,0,0,0,0,378
Erfurt,0,0,0,0,0,0,0,0,0,0,0,0,0,0,0,0,0,0,0,0,0,0,0,0,0,0,0,0,0,0,0,0,0,0,0,0,0,0,0,0,0,0,0,0,0,0,0,0,0,0,0,0,0,0,0,0,0,0,0,0,0,0,0,0,0,0,0,0,0,0,0,0,0,0,0,0,0,0,0,0,0,0,0,0,0,0,0,0,0,0,0,0,0,0,0,0,0,0,0,0,0,0,0,0,0,0,0,0,0,0,0,0,0,0,0,0,0,0,0,0,0,0,0,0,0,0,0,0,0,0,0,0,0,0,0,0,0,0,0,0,0,0,0,0,0,0,0,0,0,0,0,0,0,0,0,0,0,0,0,0,0,0,0,0.0055767772719264,0.00566187500953674,0.000695291615556926,0,0,0,0,0,0,0,0,0,0,0,0,0,0,0,0,0,0,0,0,0.000805453513748944,0.0755261927843094,0.0939522907137871,0.0943762138485909,0.0864549726247787,0.0761567503213882,0.0815607160329819,0.100200697779655,0.116478927433491,0.126302778720856,0.162340506911278,0.142488449811935,0,0.146639853715897,0.199279382824898,0.241984620690346,0.298620522022247,0.31724214553833,0.318399995565414,0.318602919578552,0.277648538351059,0.124041527509689,0.162809878587723,0.116210460662842,0.164404988288879,0.249130040407181,0.306664556264877,0.393981724977493,0.31601619720459,0.257637828588486,0.00215459731407464,0.00237666489556432,0.258528053760529,0.298442631959915,0.299567341804504,0.331583082675934,0.294578790664673,0.256817400455475,0.00294675095938146,0.292385399341583,0.286882162094116,0.376493990421295,0.371086210012436,0.268899708986282,0.299875825643539,0.349942415952682,0.376097679138184,0.363447844982147,0.293293416500092,0.21990467607975,0.180196106433868,0.309344232082367,0.369686961174011,0.43097060918808,0.424376308917999,0.394312709569931,0.403474897146225,0.335420697927475,0.325363725423813,0.373150020837784,0.343763172626495,0.206346288323402,0.193417713046074,0.168666929006577,0.244088977575302,0.225128009915352,0.284146815538406,0.311430543661118,0.254907965660095,0.240368485450745,0.245268747210503,0.294026494026184,0.399043470621109,0.4814213514328,0.445760756731033,0.413845777511597,0.256473779678345,0,0.181772351264954,0.301968842744827,0.307499915361404,0.336691230535507,0.2860227227211,0,0,0.00360011169686913,0,0,0,0,0,0.103028707206249,0.00396312121301889,0.160562351346016,0.24150638282299,0,0,0.175874829292297,0.253998190164566,0.253929495811462,0.349926888942719,0.387338101863861,0.317185997962952,0.226784318685532,0.139629527926445,0.260512143373489,0.303106933832169,0.179159358143806,0,0,0,0,0,0,0.00271663255989552,0.143403291702271,0.194000631570816,0.266911864280701,0.235645681619644,0,0,0,0,0.118190936744213,0.235531881451607,0,0,0,0,0,0,0,0,0,0,0,0,0,0,0,0,0.0900809615850449,0,0,0,0,0,0,0,0,0,0,0,0,0,0,0,0,0,0,0,0,0,0,0,0,0,0,0,0,0,0,0,0,0,0,0,0,0,379
Gera,0,0,0,0,0,0,0,0,0,0,0,0,0,0,0,0,0,0,0,0,0,0,0,0,0,0,0,0,0,0,0,0,0,0,0,0,0,0,0,0,0,0,0,0,0,0,0,0,0,0,0,0,0,0,0,0,0,0,0,0,0,0,0,0,0,0,0,0,0,0,0,0,0,0,0,0,0,0,0,0,0,0,0,0,0,0,0,0,0,0,0,0,0,0,0,0,0,0,0,0,0,0,0,0,0,0,0,0,0,0,0,0,0,0,0,0,0,0,0,0,0,0,0,0,0,0,0,0,0,0,0,0,0,0,0,0,0,0,0,0,0,0,0,0,0,0,0,0,0,0,0,0,0,0,0,0,0,0,0,0,0,0,0,0.00705995922908187,0.00826043821871281,0.00447163032367826,0,0,0,0,0,0,0,0,0,0,0,0,0,0,0,0,0,0,0,0,0.0236930530518293,0.0698419660329819,0.0877702161669731,0.0923587679862976,0.0854590013623238,0.0846669524908066,0.0885702520608902,0.104290373623371,0.125732213258743,0.126101866364479,0.158022820949554,0.148247480392456,0,0.137562185525894,0.206451192498207,0.248148143291473,0.304809719324112,0.32288271188736,0.331334322690964,0.321613192558289,0.291378289461136,0.118740253150463,0.1439039260149,0.0629036650061607,0.153886079788208,0.251051813364029,0.309366494417191,0.398142248392105,0.325307548046112,0.255682647228241,0.00547091383486986,0.00612415326759219,0.265043765306473,0.334094852209091,0.310827553272247,0.365961909294128,0.281517118215561,0.255424380302429,0,0.303769886493683,0.273233771324158,0.359019726514816,0.378580033779144,0.289464592933655,0.310073047876358,0.370622336864471,0.345230758190155,0.360949128866196,0.263193666934967,0.217881336808205,0.21017499268055,0.320900171995163,0.373691201210022,0.433256596326828,0.454605400562286,0.418359756469727,0.411056697368622,0.351463377475739,0.35539311170578,0.400542318820953,0.380121052265167,0.188818290829659,0.111677601933479,0.0976772457361221,0.263016939163208,0.214908555150032,0.296244859695435,0.323781549930573,0.304170101881027,0.310529470443726,0.295680195093155,0.317700266838074,0.41304412484169,0.515265464782715,0.495039314031601,0.448247611522675,0.319451153278351,0,0.171821460127831,0.322524875402451,0.347142547369003,0.376435339450836,0.344704627990723,0,0,0,0,0,0,0,0,0,0,0.09564059227705,0.260057389736176,0,0,0.244893848896027,0.260033309459686,0.283571809530258,0.38387805223465,0.417105793952942,0.328901171684265,0.284845858812332,0.196573793888092,0.287447333335876,0.325100213289261,0.198703050613403,0,0,0,0,0,0,0.140719071030617,0.00514945387840271,0.220784604549408,0.272039443254471,0.228026494383812,0,0,0,0,0.058461707085371,0.210016533732414,0,0,0,0,0,0,0,0,0,0,0,0,0,0,0,0,0.106066174805164,0,0,0,0,0,0,0,0,0,0,0,0,0,0,0,0,0,0,0,0,0,0,0,0,0,0,0,0,0,0,0,0,0,0,0,0,0,380
Jena,0,0,0,0,0,0,0,0,0,0,0,0,0,0,0,0,0,0,0,0,0,0,0,0,0,0,0,0,0,0,0,0,0,0,0,0,0,0,0,0,0,0,0,0,0,0,0,0,0,0,0,0,0,0,0,0,0,0,0,0,0,0,0,0,0,0,0,0,0,0,0,0,0,0,0,0,0,0,0,0,0,0,0,0,0,0,0,0,0,0,0,0,0,0,0,0,0,0,0,0,0,0,0,0,0,0,0,0,0,0,0,0,0,0,0,0,0,0,0,0,0,0,0,0,0,0,0,0,0,0,0,0,0,0,0,0,0,0,0,0,0,0,0,0,0,0,0,0,0,0,0,0,0,0,0,0,0,0,0,0,0,0,0,0.00720173539593816,0.00814295187592506,0.00379698560573161,0,0,0,0,0,0,0,0,0,0,0,0,0,0,0,0,0,0,0,0,0.0113193672150373,0.0781786739826202,0.0987782329320908,0.0980009511113167,0.0902597531676292,0.0861922800540924,0.0883609727025032,0.109614349901676,0.127735167741776,0.130148187279701,0.166597828269005,0.153375372290611,0,0.147700414061546,0.210031285881996,0.25253826379776,0.314076393842697,0.332110106945038,0.331913411617279,0.331716895103455,0.292817085981369,0.130472868680954,0.157843485474586,0.102917954325676,0.161146968603134,0.250932604074478,0.317378252744675,0.412938714027405,0.33461132645607,0.267343431711197,0,0,0.265933573246002,0.324433743953705,0.320201635360718,0.357982695102692,0.29028844833374,0.25663948059082,0,0.307041138410568,0.290867894887924,0.382539004087448,0.384823143482208,0.2871213555336,0.30477112531662,0.371244162321091,0.371922671794891,0.376523077487946,0.285354137420654,0.234605014324188,0.203778326511383,0.33253213763237,0.386023253202438,0.44962465763092,0.465710759162903,0.41337639093399,0.418426841497421,0.356718420982361,0.35866504907608,0.400365978479385,0.381026178598404,0.203085526823997,0.196993589401245,0.174958109855652,0.268991857767105,0.229965522885323,0.29655060172081,0.322160542011261,0.290202975273132,0.286732524633408,0.273177802562714,0.306000918149948,0.421684086322784,0.513189792633057,0.48725900053978,0.444437861442566,0.293625593185425,0,0.195406913757324,0.32042521238327,0.34136226773262,0.369029074907303,0.328145176172256,0,0,0,0,0,0,0,0,0,0,0.168727368116379,0.247788980603218,0,0,0.227192655205727,0.269670039415359,0.285617589950562,0.375087410211563,0.409911841154099,0.329338699579239,0.266282707452774,0.184435144066811,0.290042698383331,0.319210559129715,0.200372785329819,0,0,0,0,0,0,0.111045330762863,0.12105143815279,0.220609903335571,0.279082149267197,0.235263153910637,0,0,0,0,0.112927630543709,0.225275188684464,0,0,0,0,0,0,0,0,0,0,0,0,0,0,0,0,0.110273197293282,0,0,0,0,0,0,0,0,0,0,0,0,0,0,0,0,0,0,0,0,0,0,0,0,0,0,0,0,0,0,0,0,0,0,0,0,0,381
Suhl,0,0,0,0,0,0,0,0,0,0,0,0,0,0,0,0,0,0,0,0,0,0,0,0,0,0,0,0,0,0,0,0,0,0,0,0,0,0,0,0,0,0,0,0,0,0,0,0,0,0,0,0,0,0,0,0,0,0,0,0,0,0,0,0,0,0,0,0,0,0,0,0,0,0,0,0,0,0,0,0,0,0,0,0,0,0,0,0,0,0,0,0,0,0,0,0,0,0,0,0,0,0,0,0,0,0,0,0,0,0,0,0,0,0,0,0,0,0,0,0,0,0,0,0,0,0,0,0,0,0,0,0,0,0,0,0,0,0,0,0,0,0,0,0,0,0,0,0,0,0,0,0,0,0,0,0,0,0,0,0,0,0,0,0.00122034887317568,0.00139034306630492,0,0,0,0,0,0,0,0,0,0,0,0,0,0,0,0,0,0,0,0,0,0,0.017961585894227,0.0262653008103371,0.0266560353338718,0.0231825560331345,0.00740722520276904,0.0211131386458874,0.0381408557295799,0.0391218066215515,0.0467076934874058,0.0718121603131294,0.061542171984911,0,0.0637573674321175,0.108514375984669,0.133685067296028,0.16337576508522,0.177450507879257,0.177157878875732,0.175093248486519,0.135594144463539,0,0.0334773175418377,0,0.0307926498353481,0.114669255912304,0.182068958878517,0.242791742086411,0.153798371553421,0.0346476770937443,0,0,0.136515349149704,0.136266335844994,0.111080206930637,0.160263702273369,0.130617663264275,0.122496783733368,0,0.11291915923357,0.0417853780090809,0.178839713335037,0.193594217300415,0,0.0834037810564041,0.17258258163929,0.190338164567947,0.19829834997654,0.13906928896904,0,0.0350343957543373,0.15975122153759,0.203810974955559,0.24539852142334,0.215771019458771,0.196233734488487,0.191160663962364,0.126739948987961,0.125342428684235,0.184685096144676,0.135564997792244,0,0,0,0,0.0388450585305691,0.0354598462581635,0.0384553000330925,0,0,0.0880084410309792,0.132047176361084,0.203421011567116,0.256774812936783,0.230698764324188,0.218405514955521,0,0,0,0.0427331663668156,0.11190028488636,0.165258973836899,0.039018340408802,0,0,0,0,0,0,0,0,0,0,0,0.102100804448128,0.098787859082222,0,0.131779849529266,0.112614504992962,0.123945705592632,0.164187088608742,0.170092269778252,0.124208800494671,0,0,0.139002799987793,0.129909962415695,0,0,0,0,0,0,0,0,0,0,0.118083745241165,0.0769176483154297,0,0,0,0,0,0.0616189911961555,0,0,0,0,0,0,0,0,0,0,0,0,0,0,0,0,0,0,0,0,0,0,0,0,0,0,0,0,0,0,0,0,0,0,0,0,0,0,0,0,0,0,0,0,0,0,0,0,0,0,0,0,0,0,382
Weimar,0,0,0,0,0,0,0,0,0,0,0,0,0,0,0,0,0,0,0,0,0,0,0,0,0,0,0,0,0,0,0,0,0,0,0,0,0,0,0,0,0,0,0,0,0,0,0,0,0,0,0,0,0,0,0,0,0,0,0,0,0,0,0,0,0,0,0,0,0,0,0,0,0,0,0,0,0,0,0,0,0,0,0,0,0,0,0,0,0,0,0,0,0,0,0,0,0,0,0,0,0,0,0,0,0,0,0,0,0,0,0,0,0,0,0,0,0,0,0,0,0,0,0,0,0,0,0,0,0,0,0,0,0,0,0,0,0,0,0,0,0,0,0,0,0,0,0,0,0,0,0,0,0,0,0,0,0,0,0,0,0,0,0,0.00485865259543061,0.00544851692393422,0.00196584546938539,0,0,0,0,0,0,0,0,0,0,0,0,0,0,0,0,0,0,0,0,0,0.0625497996807098,0.0797989889979362,0.0780617222189903,0.0721318423748016,0.0676430240273476,0.0711440891027451,0.0896067023277283,0.105278633534908,0.110466048121452,0.144297242164612,0.128850221633911,0,0.127395793795586,0.183756321668625,0.22353407740593,0.278097987174988,0.298025339841843,0.293794453144073,0.293824762105942,0.258793532848358,0.104554504156113,0.138959586620331,0.000263965106569231,0.135272547602654,0.218346521258354,0.28213894367218,0.370554804801941,0.301835775375366,0.23465134203434,0,0,0.233473405241966,0.278395295143127,0.278180003166199,0.308211833238602,0.259178131818771,0.22700060904026,0,0.268530786037445,0.264414966106415,0.347847759723663,0.348740577697754,0.249602183699608,0.268434882164001,0.328532963991165,0.340212464332581,0.331922948360443,0.257071912288666,0.195028200745583,0.152784690260887,0.292042672634125,0.348078548908234,0.403384804725647,0.410249263048172,0.365317732095718,0.371583521366119,0.31374603509903,0.30689662694931,0.348616719245911,0.326193928718567,0.173504397273064,0.164892300963402,0.134290188550949,0.216193348169327,0.190428614616394,0.255446583032608,0.267649918794632,0.219953194260597,0.215467661619186,0.231475844979286,0.25324273109436,0.373480975627899,0.454084396362305,0.420897752046585,0.385002970695496,0.241236090660095,0,0.139358624815941,0.269997835159302,0.279721438884735,0.310978025197983,0.271537512540817,0,0,0,0,0,0,0,0,0,0,0.134933918714523,0.211798667907715,0,0,0.182143062353134,0.232581287622452,0.240023449063301,0.327433586120605,0.35239577293396,0.283853381872177,0.212523654103279,0.127211675047874,0.244566857814789,0.272630929946899,0.163336351513863,0,0,0,0,0,0,0,0.102272599935532,0.182576850056648,0.247850313782692,0.201842695474625,0,0,0,0,0.000266450108028948,0.201817989349365,0,0,0,0,0,0,0,0,0,0,0,0,0,0,0,0,0.0855660662055016,0,0,0,0,0,0,0,0,0,0,0,0,0,0,0,0,0,0,0,0,0,0,0,0,0,0,0,0,0,0,0,0,0,0,0,0,0,383
Eichsfeld,0,0,0,0,0,0,0,0,0,0,0,0,0,0,0,0,0,0,0,0,0,0,0,0,0,0,0,0,0,0,0,0,0,0,0,0,0,0,0,0,0,0,0,0,0,0,0,0,0,0,0,0,0,0,0,0,0,0,0,0,0,0,0,0,0,0,0,0,0,0,0,0,0,0,0,0,0,0,0,0,0,0,0,0,0,0,0,0,0,0,0,0,0,0,0,0,0,0,0,0,0,0,0,0,0,0,0,0,0,0,0,0,0,0,0,0,0,0,0,0,0,0,0,0,0,0,0,0,0,0,0,0,0,0,0,0,0,0,0,0,0,0,0,0,0,0,0,0,0,0,0,0,0,0,0,0,0,0,0,0,0,0,0,0.00325668370351195,0.00315344566479325,0,0,0,0,0,0,0,0,0,0,0,0,0,0,0,0,0,0,0,0,0,0.0115476800128818,0.0557934828102589,0.0669513046741486,0.0695134475827217,0.0663802996277809,0.0436597466468811,0.0499051883816719,0.0724090337753296,0.0977119505405426,0.110539779067039,0.13233308494091,0.108291625976563,0,0.131340861320496,0.157469093799591,0.21244940161705,0.272906243801117,0.293698698282242,0.297180563211441,0.282503068447113,0.224241405725479,0.0693399161100388,0.16711051762104,0.157935097813606,0.166975632309914,0.220035687088966,0.289624840021133,0.345180243253708,0.280316531658173,0.188835114240646,0,0,0.229964554309845,0.259585797786713,0.235754072666168,0.291719019412994,0.287588059902191,0.267307251691818,0.0597412586212158,0.244434058666229,0.230454310774803,0.332384586334229,0.348660260438919,0.191080883145332,0.258252382278442,0.272271931171417,0.333233952522278,0.324771374464035,0.24334716796875,0.107695400714874,0.209548890590668,0.289311915636063,0.291360527276993,0.378763526678085,0.378132998943329,0.381418168544769,0.32961294054985,0.284038692712784,0.253655165433884,0.31135955452919,0.258130937814713,0.168756574392319,0.159024342894554,0.0174829103052616,0.176426321268082,0.213455572724342,0.206765368580818,0.265998750925064,0.158746123313904,0.145562574267387,0.142455324530602,0.244915679097176,0.360695600509644,0.420236080884933,0.371742814779282,0.346902877092361,0.0724548250436783,0,0.0540586523711681,0.205687999725342,0.231496825814247,0.286718398332596,0.22245392203331,0.0491043478250504,0,0,0,0,0,0,0.00165519083384424,0.0225759036839008,0,0.0173531696200371,0.187928780913353,0,0,0.178563058376312,0.22229391336441,0.243306696414948,0.306369125843048,0.329877912998199,0.253201812505722,0.158634752035141,0,0.231619492173195,0.262154221534729,0.0151993585750461,0,0,0,0,0,0,0,0.00268413266167045,0.0541823580861092,0.20938977599144,0.200239062309265,0,0,0,0,0,0.196809127926826,0,0,0,0,0,0,0,0,0,0,0,0,0,0,0,0,0,0,0,0,0,0,0,0,0,0,0,0,0,0,0,0,0,0,0,0,0,0,0,0,0,0,0,0,0,0,0,0,0,0,0,0,0,0,384
Nordhausen,0,0,0,0,0,0,0,0,0,0,0,0,0,0,0,0,0,0,0,0,0,0,0,0,0,0,0,0,0,0,0,0,0,0,0,0,0,0,0,0,0,0,0,0,0,0,0,0,0,0,0,0,0,0,0,0,0,0,0,0,0,0,0,0,0,0,0,0,0,0,0,0,0,0,0,0,0,0,0,0,0,0,0,0,0,0,0,0,0,0,0,0,0,0,0,0,0,0,0,0,0,0,0,0,0,0,0,0,0,0,0,0,0,0,0,0,0,0,0,0,0,0,0,0,0,0,0,0,0,0,0,0,0,0,0,0,0,0,0,0,0,0,0,0,0,0,0,0,0,0,0,0,0,0,0,0,0,0,0,0,0,0,0,0.00281967921182513,0.00293894717469811,4.13973575632554e-05,0,0,0,0,0,0,0,0,0,0,0,0,0,0,0,0,0,0,0,0,0.0188934486359358,0.0565239824354649,0.0683604180812836,0.0719132423400879,0.0673377215862274,0.0522662587463856,0.0500500723719597,0.0739988014101982,0.0937218219041824,0.107433870434761,0.129810243844986,0.106638714671135,0,0.12316282838583,0.142082735896111,0.196428284049034,0.258241951465607,0.279359102249146,0.279379725456238,0.273034632205963,0.224559530615807,0.0823734626173973,0.13065280020237,0.142279416322708,0.131109312176704,0.204042673110962,0.260672450065613,0.326003611087799,0.268453449010849,0.190362334251404,0,0,0.215128123760223,0.266033500432968,0.234929829835892,0.282857805490494,0.267754644155502,0.242528721690178,0.0323619544506073,0.234142050147057,0.259502589702606,0.327092468738556,0.343010604381561,0.229036971926689,0.269534051418304,0.295833021402359,0.333561658859253,0.317026495933533,0.204241052269936,0.132172286510468,0.203407257795334,0.273101300001144,0.266161412000656,0.369084000587463,0.379953026771545,0.372801214456558,0.341543644666672,0.285660177469254,0.252281665802002,0.302901118993759,0.267593055963516,0.168025985360146,0.16751554608345,0.116085164248943,0.189867973327637,0.176839902997017,0.186221450567245,0.268313467502594,0.186976075172424,0.153365761041641,0.16573092341423,0.228567555546761,0.340186357498169,0.4159115254879,0.360271871089935,0.334975868463516,0.164039328694344,0,0.094457745552063,0.210494995117188,0.220148578286171,0.272218525409698,0.2137800604105,0.0852437242865562,0,0.00268263532780111,0,0,0,0,0,0.0424701385200024,0.00782711245119572,0.00840451195836067,0.144961103796959,0,0,0.0682517364621162,0.197796732187271,0.204691454768181,0.286938309669495,0.326370060443878,0.257184475660324,0.162033066153526,0.00284108053892851,0.201859951019287,0.255389213562012,0.0964983105659485,0,0,0,0,0,0,0.0019751398358494,0.00660037435591221,0.113824285566807,0.200552359223366,0.20144484937191,0,0,0,0,0.00210372149012983,0.196328908205032,0,0,0,0,0,0,0,0,0,0,0,0,0,0,0,0,0.00166284095030278,0,0,0,0,0,0,0,0,0,0,0,0,0,0,0,0,0,0,0,0,0,0,0,0,0,0,0,0,0,0,0,0,0,0,0,0,0,385
Wartburgkreis,0,0,0,0,0,0,0,0,0,0,0,0,0,0,0,0,0,0,0,0,0,0,0,0,0,0,0,0,0,0,0,0,0,0,0,0,0,0,0,0,0,0,0,0,0,0,0,0,0,0,0,0,0,0,0,0,0,0,0,0,0,0,0,0,0,0,0,0,0,0,0,0,0,0,0,0,0,0,0,0,0,0,0,0,0,0,0,0,0,0,0,0,0,0,0,0,0,0,0,0,0,0,0,0,0,0,0,0,0,0,0,0,0,0,0,0,0,0,0,0,0,0,0,0,0,0,0,0,0,0,0,0,0,0,0,0,0,0,0,0,0,0,0,0,0,0,0,0,0,0,0,0,0,0,0,0,0,0,0,0,0,0,0,0.00310086668469012,0.00286887772381306,0,0,0,0,0,0,0,0,0,0,0,0,0,0,0,0,0,0,0,0,0,0.0045824721455574,0.0477161705493927,0.0649381950497627,0.0651038885116577,0.0604773201048374,0.0435465760529041,0.0505168661475182,0.075243167579174,0.0874334871768951,0.102488614618778,0.132226675748825,0.113752819597721,0,0.126361340284348,0.175507768988609,0.215698063373566,0.260076224803925,0.280357241630554,0.29057502746582,0.279722571372986,0.227814555168152,0.074748158454895,0.173368558287621,0.128542512655258,0.164014801383018,0.213245674967766,0.288455903530121,0.361428290605545,0.264626920223236,0.179145753383636,0,0,0.232218891382217,0.23826602101326,0.237544029951096,0.277666121721268,0.283716052770615,0.262788653373718,0.0534292235970497,0.233848884701729,0.189270555973053,0.309325695037842,0.31288731098175,0.17822602391243,0.224460661411285,0.27873021364212,0.335207790136337,0.322633892297745,0.264743745326996,0.156704947352409,0.152316436171532,0.263079613447189,0.313039094209671,0.377841681241989,0.349075466394424,0.342961519956589,0.321419388055801,0.26604163646698,0.243986889719963,0.312931835651398,0.264623522758484,0.146281406283379,0.0854759141802788,0,0.158237785100937,0.218116015195847,0.223222449421883,0.243280619382858,0.122326448559761,0.135803863406181,0.144704505801201,0.259816944599152,0.337633520364761,0.404817432165146,0.373434096574783,0.343685775995255,0.140674278140068,0,0.00610889540985227,0.231394022703171,0.246326938271523,0.284178525209427,0.206008613109589,0,0,0,0,0,0,0,0,0.00248767738230526,0,0,0.174822196364403,0.0603431947529316,0.00789838284254074,0.171340867877007,0.205242455005646,0.207749769091606,0.285128802061081,0.316021502017975,0.254351079463959,0.14203767478466,0,0.214416891336441,0.240601748228073,0.0392696373164654,0,0,0,0,0,0,0,0.0758076086640358,0.0778603628277779,0.19520278275013,0.185837969183922,0,0,0,0,0,0.169796317815781,0,0,0,0,0,0,0,0,0,0,0,0,0,0,0,0,0,0,0,0,0,0,0,0,0,0,0,0,0,0,0,0,0,0,0,0,0,0,0,0,0,0,0,0,0,0,0,0,0,0,0,0,0,0,386
Unstrut-Hainich-Kreis,0,0,0,0,0,0,0,0,0,0,0,0,0,0,0,0,0,0,0,0,0,0,0,0,0,0,0,0,0,0,0,0,0,0,0,0,0,0,0,0,0,0,0,0,0,0,0,0,0,0,0,0,0,0,0,0,0,0,0,0,0,0,0,0,0,0,0,0,0,0,0,0,0,0,0,0,0,0,0,0,0,0,0,0,0,0,0,0,0,0,0,0,0,0,0,0,0,0,0,0,0,0,0,0,0,0,0,0,0,0,0,0,0,0,0,0,0,0,0,0,0,0,0,0,0,0,0,0,0,0,0,0,0,0,0,0,0,0,0,0,0,0,0,0,0,0,0,0,0,0,0,0,0,0,0,0,0,0,0,0,0,0,0,0.00438209576532245,0.00422576116397977,0.000511579331941903,0,0,0,0,0,0,0,0,0,0,0,0,0,0,0,0,0,0,0,0,0.0173711031675339,0.0684454292058945,0.0836972594261169,0.0892506018280983,0.0815600976347923,0.064751610159874,0.0690374821424484,0.0875021293759346,0.111285291612148,0.124398924410343,0.155751094222069,0.132766157388687,0,0.141888305544853,0.184721425175667,0.229159116744995,0.284550279378891,0.304981559514999,0.312379866838455,0.304825812578201,0.256175875663757,0.114240095019341,0.179517239332199,0.152682229876518,0.169631719589233,0.247747749090195,0.301533758640289,0.369371145963669,0.297304004430771,0.232229799032211,0.00261084316298366,0.00285162054933608,0.247746109962463,0.284197181463242,0.274251610040665,0.317085415124893,0.306352168321609,0.274093717336655,0.111320778727531,0.27479875087738,0.261962711811066,0.360705643892288,0.361269444227219,0.236896425485611,0.285929977893829,0.32072925567627,0.368055403232574,0.358617752790451,0.283622920513153,0.195351794362068,0.19853650033474,0.297036558389664,0.333645522594452,0.410530894994736,0.398228138685226,0.389672726392746,0.378504604101181,0.317159473896027,0.293877154588699,0.350098520517349,0.317127734422684,0.199792891740799,0.197553962469101,0.0900691002607346,0.213517725467682,0.228454992175102,0.250712841749191,0.3063904941082,0.216878458857536,0.19211108982563,0.173741951584816,0.277368634939194,0.376125395298004,0.458636283874512,0.417857110500336,0.390181869268417,0.200310528278351,0,0.13688100874424,0.267055779695511,0.284372955560684,0.313975274562836,0.266088545322418,0,0,0.0778327435255051,0,0,0,0,0,0.127267017960548,0.077131599187851,0.0864637866616249,0.225000932812691,0,0,0.155595153570175,0.242133006453514,0.242142707109451,0.323162347078323,0.374165862798691,0.297558337450027,0.198152795433998,0.03382408618927,0.242683917284012,0.281546026468277,0.117950387299061,0,0,0,0,0,0,0.0247041992843151,0.104506023228168,0.146553546190262,0.233464479446411,0.231961280107498,0,0,0,0,0.026819534599781,0.222950622439384,0,0,0,0,0,0,0,0,0,0,0,0,0,0,0,0,0.0214621592313051,0,0,0,0,0,0,0,0,0,0,0,0,0,0,0,0,0,0,0,0,0,0,0,0,0,0,0,0,0,0,0,0,0,0,0,0,0,387
Kyffhäuserkreis,0,0,0,0,0,0,0,0,0,0,0,0,0,0,0,0,0,0,0,0,0,0,0,0,0,0,0,0,0,0,0,0,0,0,0,0,0,0,0,0,0,0,0,0,0,0,0,0,0,0,0,0,0,0,0,0,0,0,0,0,0,0,0,0,0,0,0,0,0,0,0,0,0,0,0,0,0,0,0,0,0,0,0,0,0,0,0,0,0,0,0,0,0,0,0,0,0,0,0,0,0,0,0,0,0,0,0,0,0,0,0,0,0,0,0,0,0,0,0,0,0,0,0,0,0,0,0,0,0,0,0,0,0,0,0,0,0,0,0,0,0,0,0,0,0,0,0,0,0,0,0,0,0,0,0,0,0,0,0,0,0,0,0,0.00701576797291636,0.0069864341057837,0.00257486151531339,0,0,0,0,0,0,0,0,0,0,0,0,0,0,0,0,0,0,0,0,0.0374473966658115,0.0898006334900856,0.10806505382061,0.113365985453129,0.102643452584743,0.0907835215330124,0.0934216529130936,0.11331220716238,0.135158747434616,0.145472794771194,0.182074755430222,0.154778838157654,0,0.162051051855087,0.204547315835953,0.258772373199463,0.324024826288223,0.343665599822998,0.346824049949646,0.345419824123383,0.29757621884346,0.144748285412788,0.189234152436256,0.167223230004311,0.182014301419258,0.273836940526962,0.33130145072937,0.409633785486221,0.347623229026794,0.273084402084351,0.0475276559591293,0.0645823031663895,0.283556282520294,0.344130337238312,0.325963139533997,0.363156050443649,0.330500572919846,0.292792737483978,0.103978022933006,0.317759901285172,0.334957331418991,0.414032101631165,0.420339494943619,0.302549362182617,0.349339962005615,0.381343632936478,0.421917796134949,0.405081927776337,0.309538900852203,0.235806047916412,0.241523787379265,0.351516574621201,0.382624834775925,0.472697138786316,0.47284671664238,0.452900409698486,0.448582619428635,0.378722578287125,0.358289808034897,0.406916528940201,0.381274789571762,0.250965088605881,0.275732517242432,0.214649066329002,0.28227236866951,0.253762006759644,0.289969474077225,0.362012535333633,0.294365584850311,0.248496368527412,0.263639092445374,0.324216663837433,0.444510698318481,0.543284058570862,0.491631478071213,0.458512276411057,0.267424076795578,0,0.215422511100769,0.322508484125137,0.342155396938324,0.375893294811249,0.325041949748993,0,0,0.127846777439117,0,0,0,0,0,0.181797444820404,0.17195750772953,0.188615590333939,0.2613725066185,0,0,0.174786984920502,0.298066914081573,0.289535671472549,0.389941364526749,0.445199966430664,0.363195896148682,0.261098355054855,0.141518473625183,0.289473682641983,0.343352645635605,0.200439587235451,0,0,0,0,0,0,0.0998855605721474,0.145989507436752,0.217441245913506,0.286249190568924,0.279513597488403,0,0,0,0,0.0965929701924324,0.273829430341721,0,0,0,0,0,0,0,0,0,0,0,0,0,0,0,0,0.0791209265589714,0,0,0,0,0,0,0,0,0,0,0,0,0,0,0,0,0,0,0,0,0,0,0,0,0,0,0,0,0,0,0,0,0,0,0,0,0,388
Schmalkalden-Meiningen,0,0,0,0,0,0,0,0,0,0,0,0,0,0,0,0,0,0,0,0,0,0,0,0,0,0,0,0,0,0,0,0,0,0,0,0,0,0,0,0,0,0,0,0,0,0,0,0,0,0,0,0,0,0,0,0,0,0,0,0,0,0,0,0,0,0,0,0,0,0,0,0,0,0,0,0,0,0,0,0,0,0,0,0,0,0,0,0,0,0,0,0,0,0,0,0,0,0,0,0,0,0,0,0,0,0,0,0,0,0,0,0,0,0,0,0,0,0,0,0,0,0,0,0,0,0,0,0,0,0,0,0,0,0,0,0,0,0,0,0,0,0,0,0,0,0,0,0,0,0,0,0,0,0,0,0,0,0,0,0,0,0,0,0.00244913506321609,0.00256606610491872,0,0,0,0,0,0,0,0,0,0,0,0,0,0,0,0,0,0,0,0,0,0.00767461303621531,0.031124122440815,0.0448595359921455,0.0456431359052658,0.0404815562069416,0.0268796905875206,0.0372975170612335,0.0592477880418301,0.0626407638192177,0.0754950344562531,0.103293247520924,0.0913221463561058,0,0.0944723784923553,0.146119117736816,0.180025964975357,0.21194252371788,0.231240078806877,0.232784986495972,0.231068894267082,0.187862813472748,0.0643195658922195,0.127752557396889,0.0687199681997299,0.121649049222469,0.172359094023705,0.244913935661316,0.309315264225006,0.208262607455254,0.119948707520962,0,0,0.19351390004158,0.194325372576714,0.175314128398895,0.209552019834518,0.212219163775444,0.200488120317459,0,0.164862364530563,0.137037813663483,0.236690625548363,0.256366401910782,0.102483034133911,0.140817552804947,0.230018094182014,0.270277887582779,0.270163029432297,0.213843747973442,0.0988358706235886,0.111465662717819,0.219462856650352,0.269655615091324,0.318254172801971,0.283241987228394,0.267381697893143,0.265102595090866,0.196154788136482,0.19062964618206,0.254665613174438,0.207425564527512,0.0852826237678528,0.019265478476882,0,0.0576887018978596,0.150213807821274,0.150791957974434,0.149287939071655,0.0568071976304054,0.0267527718096972,0.142255574464798,0.201798975467682,0.276153445243835,0.337560802698135,0.312884092330933,0.29352879524231,0.108255065977573,0,0.0153460586443543,0.165477976202965,0.19079402089119,0.234198078513145,0.142949238419533,0,0,0,0,0,0,0,0,0,0,0,0.152043461799622,0.15033994615078,0.0842162519693375,0.17632982134819,0.17726868391037,0.179130420088768,0.229684010148048,0.244950920343399,0.198230743408203,0.0748003348708153,0.0159073192626238,0.188078865408897,0.185004711151123,0.0192073360085487,0,0,0,0,0,0,0,0.0444864854216576,0.00559059903025627,0.16034422814846,0.135917320847511,0,0,0,0,0,0.0929343998432159,0,0,0,0,0,0,0,0,0,0,0,0,0,0,0,0,0,0,0,0,0,0,0,0,0,0,0,0,0,0,0,0,0,0,0,0,0,0,0,0,0,0,0,0,0,0,0,0,0,0,0,0,0,0,389
Gotha,0,0,0,0,0,0,0,0,0,0,0,0,0,0,0,0,0,0,0,0,0,0,0,0,0,0,0,0,0,0,0,0,0,0,0,0,0,0,0,0,0,0,0,0,0,0,0,0,0,0,0,0,0,0,0,0,0,0,0,0,0,0,0,0,0,0,0,0,0,0,0,0,0,0,0,0,0,0,0,0,0,0,0,0,0,0,0,0,0,0,0,0,0,0,0,0,0,0,0,0,0,0,0,0,0,0,0,0,0,0,0,0,0,0,0,0,0,0,0,0,0,0,0,0,0,0,0,0,0,0,0,0,0,0,0,0,0,0,0,0,0,0,0,0,0,0,0,0,0,0,0,0,0,0,0,0,0,0,0,0,0,0,0,0.003522485261783,0.0034251653123647,0.000128908664919436,0,0,0,0,0,0,0,0,0,0,0,0,0,0,0,0,0,0,0,0,0.00203686719760299,0.0499885119497776,0.0647619739174843,0.0671565979719162,0.0593936815857887,0.0429450161755085,0.0515699163079262,0.0701026171445847,0.08375084400177,0.0948736146092415,0.127198725938797,0.110055759549141,0,0.116923451423645,0.163293153047562,0.198127239942551,0.244005665183067,0.260659635066986,0.264716029167175,0.263549149036407,0.218067079782486,0.0607828348875046,0.127619847655296,0.072466753423214,0.125817820429802,0.198984757065773,0.259398609399796,0.332025289535522,0.247992500662804,0.18454821407795,0.000123583624372259,0.000134980771690607,0.210484281182289,0.230237990617752,0.226314395666122,0.264888554811478,0.247637555003166,0.218575045466423,0.00835504103451967,0.225880473852158,0.20622307062149,0.299493461847305,0.296916753053665,0.163393884897232,0.223577156662941,0.274778515100479,0.3051817715168,0.299758017063141,0.236439347267151,0.135170832276344,0.0994592756032944,0.244261637330055,0.299123376607895,0.353830367326736,0.331135839223862,0.314138680696487,0.316924721002579,0.248340845108032,0.239488795399666,0.299611955881119,0.254963308572769,0.111610345542431,0.10175146907568,0.0510025359690189,0.122010976076126,0.147656619548798,0.200641676783562,0.235878571867943,0.131139874458313,0.143687009811401,0.14722940325737,0.231119513511658,0.316362589597702,0.387670010328293,0.353448778390884,0.330275177955627,0.155910819768906,0,0.0860926285386086,0.211579084396362,0.22727744281292,0.266233682632446,0.202210694551468,0,0,0.00988498702645302,0,0,0,0,0,0.0503770522773266,0.0104658678174019,0.0520714409649372,0.183972224593163,0.0208292361348867,0,0.148463189601898,0.191850364208221,0.193167567253113,0.269501209259033,0.304218113422394,0.238415196537971,0.131214365363121,0.043166171759367,0.202125832438469,0.232780173420906,0.0797768831253052,0,0,0,0,0,0,0.00641963630914688,0.0721519067883492,0.107503667473793,0.199659124016762,0.176823377609253,0,0,0,0,0.0395273417234421,0.172320500016212,0,0,0,0,0,0,0,0,0,0,0,0,0,0,0,0,0.026586351916194,0,0,0,0,0,0,0,0,0,0,0,0,0,0,0,0,0,0,0,0,0,0,0,0,0,0,0,0,0,0,0,0,0,0,0,0,0,390
Sömmerda,0,0,0,0,0,0,0,0,0,0,0,0,0,0,0,0,0,0,0,0,0,0,0,0,0,0,0,0,0,0,0,0,0,0,0,0,0,0,0,0,0,0,0,0,0,0,0,0,0,0,0,0,0,0,0,0,0,0,0,0,0,0,0,0,0,0,0,0,0,0,0,0,0,0,0,0,0,0,0,0,0,0,0,0,0,0,0,0,0,0,0,0,0,0,0,0,0,0,0,0,0,0,0,0,0,0,0,0,0,0,0,0,0,0,0,0,0,0,0,0,0,0,0,0,0,0,0,0,0,0,0,0,0,0,0,0,0,0,0,0,0,0,0,0,0,0,0,0,0,0,0,0,0,0,0,0,0,0,0,0,0,0,0,0.00892253872007132,0.00878824852406979,0.00396549701690674,0,0,0,0,0,0,0,0,0,0,0,0,0,0,0,0,0,0,0,0,0.0394457690417767,0.101831175386906,0.123528152704239,0.127320259809494,0.115948855876923,0.10603005439043,0.108752176165581,0.127896592020988,0.150857210159302,0.156765982508659,0.1981001496315,0.17078323662281,0,0.173651456832886,0.226050689816475,0.279299974441528,0.347976297140121,0.364481210708618,0.366727858781815,0.368754714727402,0.323299139738083,0.16388563811779,0.203766480088234,0.167312473058701,0.195744320750237,0.291354537010193,0.351233035326004,0.439536660909653,0.374149173498154,0.303476095199585,0.075545534491539,0.0913581624627113,0.303356826305389,0.361703127622604,0.357535719871521,0.387752443552017,0.345161348581314,0.302924901247025,0.145571902394295,0.346740067005157,0.357292205095291,0.43993729352951,0.442201375961304,0.33235701918602,0.372544974088669,0.412507355213165,0.446023941040039,0.426580667495728,0.341656118631363,0.272544205188751,0.244760170578957,0.373346835374832,0.425216764211655,0.504718244075775,0.502321183681488,0.471203774213791,0.481215238571167,0.41024923324585,0.39813169836998,0.441854864358902,0.423435151576996,0.277860105037689,0.301428139209747,0.259856939315796,0.313200086355209,0.277750492095947,0.334354370832443,0.387776166200638,0.328035026788712,0.292717099189758,0.304123908281326,0.350123137235641,0.479060977697372,0.580047428607941,0.531006395816803,0.497566431760788,0.312237471342087,0,0.271635591983795,0.365668505430222,0.379435449838638,0.41032674908638,0.366350561380386,0,0,0.164319023489952,0,0,0,0,0,0.211392536759377,0.189580127596855,0.236196130514145,0.290852218866348,0,0,0.200437247753143,0.327834576368332,0.322829961776733,0.430696129798889,0.481090843677521,0.394067496061325,0.293202936649323,0.210363864898682,0.322799384593964,0.377002030611038,0.253649055957794,0,0,0,0,0,0,0.138677299022675,0.193060740828514,0.261317700147629,0.326720595359802,0.300455182790756,0,0,0,0,0.157816514372826,0.29552173614502,0,0,0,0,0,0,0,0,0,0,0,0,0,0,0,0,0.130048424005508,0,0,0,0,0,0,0,0,0,0,0,0,0,0,0,0,0,0,0,0,0,0,0,0,0,0,0,0,0,0,0,0,0,0,0,0,0,391
Hildburghausen,0,0,0,0,0,0,0,0,0,0,0,0,0,0,0,0,0,0,0,0,0,0,0,0,0,0,0,0,0,0,0,0,0,0,0,0,0,0,0,0,0,0,0,0,0,0,0,0,0,0,0,0,0,0,0,0,0,0,0,0,0,0,0,0,0,0,0,0,0,0,0,0,0,0,0,0,0,0,0,0,0,0,0,0,0,0,0,0,0,0,0,0,0,0,0,0,0,0,0,0,0,0,0,0,0,0,0,0,0,0,0,0,0,0,0,0,0,0,0,0,0,0,0,0,0,0,0,0,0,0,0,0,0,0,0,0,0,0,0,0,0,0,0,0,0,0,0,0,0,0,0,0,0,0,0,0,0,0,0,0,0,0,0,0.00214631948620081,0.00259225280024111,0,0,0,0,0,0,0,0,0,0,0,0,0,0,0,0,0,0,0,0,0,0,0.0301684252917767,0.0433060601353645,0.0455974079668522,0.0409988686442375,0.0361401923000813,0.0494123436510563,0.0677197352051735,0.0635645017027855,0.0684376209974289,0.099794052541256,0.0945206508040428,0,0.0865929946303368,0.149305507540703,0.18310658633709,0.211777582764626,0.229516446590424,0.230471223592758,0.230546444654465,0.193947046995163,0.109847135841846,0.119278430938721,0.0870323479175568,0.0999114662408829,0.170922100543976,0.246092423796654,0.31123811006546,0.213836282491684,0.118544332683086,0,0,0.194249629974365,0.200016647577286,0.179310098290443,0.224925577640533,0.191350176930428,0.181889623403549,0.0215623881667852,0.15961417555809,0.113019227981567,0.226681560277939,0.258904337882996,0.0696134716272354,0.113197445869446,0.237718597054482,0.268522977828979,0.280270099639893,0.21612748503685,0.137449726462364,0.142129957675934,0.228766217827797,0.270392745733261,0.322799921035767,0.29195761680603,0.265034765005112,0.266374856233597,0.210712194442749,0.205440238118172,0.255972802639008,0.220698460936546,0.0677769333124161,0.0319764986634254,0,0.0743846222758293,0.159450441598892,0.127978399395943,0.110675200819969,0.0759459659457207,0.0977331027388573,0.187020406126976,0.211340978741646,0.273746579885483,0.341146975755692,0.317625790834427,0.299611121416092,0.14020399749279,0,0.0182744599878788,0.159649521112442,0.202377706766129,0.225740313529968,0.130589514970779,0,0,0,0,0,0,0,0,0,0,0.00900992378592491,0.147125944495201,0.169116720557213,0.140729814767838,0.184513434767723,0.171777993440628,0.176315546035767,0.221257716417313,0.241236582398415,0.199268504977226,0.116202376782894,0.05170838534832,0.197031065821648,0.184362411499023,0.0571328587830067,0,0,0,0,0,0,0,0.0522920787334442,0,0.163153350353241,0.132948160171509,0,0,0,0,0,0.101740434765816,0,0,0,0,0,0,0,0,0,0,0,0,0,0,0,0,0,0,0,0,0,0,0,0,0,0,0,0,0,0,0,0,0,0,0,0,0,0,0,0,0,0,0,0,0,0,0,0,0,0,0,0,0,0,392
Ilm-Kreis,0,0,0,0,0,0,0,0,0,0,0,0,0,0,0,0,0,0,0,0,0,0,0,0,0,0,0,0,0,0,0,0,0,0,0,0,0,0,0,0,0,0,0,0,0,0,0,0,0,0,0,0,0,0,0,0,0,0,0,0,0,0,0,0,0,0,0,0,0,0,0,0,0,0,0,0,0,0,0,0,0,0,0,0,0,0,0,0,0,0,0,0,0,0,0,0,0,0,0,0,0,0,0,0,0,0,0,0,0,0,0,0,0,0,0,0,0,0,0,0,0,0,0,0,0,0,0,0,0,0,0,0,0,0,0,0,0,0,0,0,0,0,0,0,0,0,0,0,0,0,0,0,0,0,0,0,0,0,0,0,0,0,0,0.00218730350024998,0.00244258251041174,3.07698574033566e-05,0,0,0,0,0,0,0,0,0,0,0,0,0,0,0,0,0,0,0,0,0,0.0320138521492481,0.0432683154940605,0.0421920940279961,0.0382212102413177,0.0305042378604412,0.0390373133122921,0.0559921152889729,0.0599269233644009,0.0692508816719055,0.0977497324347496,0.0862838625907898,0,0.088873952627182,0.138386398553848,0.167305260896683,0.205691441893578,0.222296789288521,0.222395479679108,0.21997831761837,0.183622181415558,0.041218176484108,0.0677039846777916,0.00460938364267349,0.0740292891860008,0.152416154742241,0.216775804758072,0.294339835643768,0.211833983659744,0.120631664991379,0,0,0.174701020121574,0.185888856649399,0.178431376814842,0.22370108962059,0.182907089591026,0.159896552562714,0,0.177230402827263,0.147913157939911,0.24463577568531,0.247776046395302,0.113854013383389,0.161589980125427,0.232666879892349,0.246296569705009,0.248068675398827,0.188659057021141,0.0967311337590218,0.0624481029808521,0.20649679005146,0.257109314203262,0.301784664392471,0.290035516023636,0.264259576797485,0.259936451911926,0.200117275118828,0.193631544709206,0.24537493288517,0.204288125038147,0.00825172290205956,0.00773391639813781,0.00676548946648836,0.0777128413319588,0.0913592055439949,0.125388890504837,0.135651484131813,0.0869528502225876,0.0982895344495773,0.142506808042526,0.184969946742058,0.260540395975113,0.325135201215744,0.299926698207855,0.277051329612732,0.118008531630039,0,0.00725243287160993,0.132384315133095,0.174826428294182,0.215610384941101,0.124204069375992,0,0,0,0,0,0,0,0,0.00369210308417678,0,0.00642071338370442,0.140782043337822,0.0286871958523989,0,0.147175893187523,0.146814808249474,0.150480344891548,0.217892497777939,0.235448360443115,0.182997018098831,0.0962458923459053,0.0056012375280261,0.170741081237793,0.18308724462986,0.0247701797634363,0,0,0,0,0,0,0,0.00571690732613206,0.0719582512974739,0.166304141283035,0.125233367085457,0,0,0,0,0.00470216339454055,0.128866627812386,0,0,0,0,0,0,0,0,0,0,0,0,0,0,0,0,0.00362985371612012,0,0,0,0,0,0,0,0,0,0,0,0,0,0,0,0,0,0,0,0,0,0,0,0,0,0,0,0,0,0,0,0,0,0,0,0,0,393
Weimarer Land,0,0,0,0,0,0,0,0,0,0,0,0,0,0,0,0,0,0,0,0,0,0,0,0,0,0,0,0,0,0,0,0,0,0,0,0,0,0,0,0,0,0,0,0,0,0,0,0,0,0,0,0,0,0,0,0,0,0,0,0,0,0,0,0,0,0,0,0,0,0,0,0,0,0,0,0,0,0,0,0,0,0,0,0,0,0,0,0,0,0,0,0,0,0,0,0,0,0,0,0,0,0,0,0,0,0,0,0,0,0,0,0,0,0,0,0,0,0,0,0,0,0,0,0,0,0,0,0,0,0,0,0,0,0,0,0,0,0,0,0,0,0,0,0,0,0,0,0,0,0,0,0,0,0,0,0,0,0,0,0,0,0,0,0.0058737937361002,0.00647369166836143,0.0024856636300683,0,0,0,0,0,0,0,0,0,0,0,0,0,0,0,0,0,0,0,0,0.00801062863320112,0.0705080702900887,0.0888697281479836,0.0880948305130005,0.081184595823288,0.0763899311423302,0.0799701809883118,0.0991515293717384,0.115346796810627,0.120377659797668,0.155505791306496,0.139416009187698,0,0.137434080243111,0.194718062877655,0.236684709787369,0.293650954961777,0.312585890293121,0.311104536056519,0.310950428247452,0.274325609207153,0.11964938044548,0.15136830508709,0.0725376531481743,0.151466965675354,0.234908819198608,0.298456132411957,0.388798803091049,0.3175368309021,0.250150501728058,0.00642542587593198,0.0157819408923388,0.250607699155807,0.298063784837723,0.296838313341141,0.329898655414581,0.276567876338959,0.24232429265976,0.0250612925738096,0.284754574298859,0.279642134904861,0.364764720201492,0.366209506988525,0.265483915805817,0.287640780210495,0.347747564315796,0.360036551952362,0.354284107685089,0.275090038776398,0.215104326605797,0.178508713841438,0.311598896980286,0.364898443222046,0.425626397132874,0.433118790388107,0.388995409011841,0.394285976886749,0.334311097860336,0.328545182943344,0.369416743516922,0.349383592605591,0.167976185679436,0.1715457290411,0.146042734384537,0.239582285284996,0.20996567606926,0.2717345058918,0.294065773487091,0.251422703266144,0.239826038479805,0.248820543289185,0.280546486377716,0.394793689250946,0.481139987707138,0.448816746473312,0.411325186491013,0.26119327545166,0,0.154095619916916,0.292897820472717,0.30679714679718,0.336067736148834,0.293439596891403,0,0,0.0127789862453938,0,0,0,0,0,0.0314058437943459,0.03152946382761,0.139749050140381,0.228856325149536,0,0,0.198082163929939,0.25134152173996,0.256525367498398,0.346723079681396,0.378552585840225,0.307047545909882,0.234969273209572,0.148560106754303,0.263127833604813,0.294667750597,0.181581377983093,0,0,0,0,0,0,0.0582635179162025,0.105673052370548,0.198514521121979,0.262003213167191,0.221295461058617,0,0,0,0,0.0710337311029434,0.219507932662964,0,0,0,0,0,0,0,0,0,0,0,0,0,0,0,0,0.0846869200468063,0,0,0,0,0,0,0,0,0,0,0,0,0,0,0,0,0,0,0,0,0,0,0,0,0,0,0,0,0,0,0,0,0,0,0,0,0,394
Sonneberg,0,0,0,0,0,0,0,0,0,0,0,0,0,0,0,0,0,0,0,0,0,0,0,0,0,0,0,0,0,0,0,0,0,0,0,0,0,0,0,0,0,0,0,0,0,0,0,0,0,0,0,0,0,0,0,0,0,0,0,0,0,0,0,0,0,0,0,0,0,0,0,0,0,0,0,0,0,0,0,0,0,0,0,0,0,0,0,0,0,0,0,0,0,0,0,0,0,0,0,0,0,0,0,0,0,0,0,0,0,0,0,0,0,0,0,0,0,0,0,0,0,0,0,0,0,0,0,0,0,0,0,0,0,0,0,0,0,0,0,0,0,0,0,0,0,0,0,0,0,0,0,0,0,0,0,0,0,0,0,0,0,0,0,0.00106022309046239,0.00146040914114565,0.000201222181203775,0,0,0,0,0,0,0,0,0,0,0,0,0,0,0,0,0,0,0,0,0,0.0194503851234913,0.02755206823349,0.0295379627496004,0.0265740007162094,0.0240177512168884,0.0339970625936985,0.0482905842363834,0.0432270243763924,0.0476521477103233,0.0739149004220963,0.0694683864712715,0,0.0639550089836121,0.119911007583141,0.146690934896469,0.172071292996407,0.186709582805634,0.189490586519241,0.182048976421356,0.153102219104767,0.0385881252586842,0.0389683395624161,0.0192586313933134,0.0180105157196522,0.129159599542618,0.195959731936455,0.257838815450668,0.168746829032898,0.0426364801824093,0,0,0.145659193396568,0.158683210611343,0.131086990237236,0.190242975950241,0.131080374121666,0.128734394907951,0,0.122758314013481,0.0225921235978603,0.180231615900993,0.206916302442551,0.0180219728499651,0.0258760023862123,0.200329348444939,0.2030960470438,0.218145146965981,0.154535204172134,0.0527005679905415,0.0993438363075256,0.183740898966789,0.222172290086746,0.262876003980637,0.240037515759468,0.210217088460922,0.210349842905998,0.163701415061951,0.150185346603394,0.201412215828896,0.167817786335945,0.0183058921247721,0,0,0.0206813253462315,0.0530198812484741,0.0273282043635845,0.0279319453984499,0.020892396569252,0.0226751714944839,0.143764942884445,0.1656873524189,0.224025294184685,0.283364146947861,0.261618137359619,0.247292280197144,0.109122931957245,0,0,0.0615848824381828,0.141758233308792,0.177709430456161,0.0476081259548664,0,0,0,0,0,0,0,0,0,0,2.30957011808641e-05,0.109670542180538,0.125962734222412,0.111824184656143,0.151355087757111,0.125331163406372,0.137763738632202,0.172881886363029,0.183013290166855,0.14030984044075,0.096406452357769,0.0166089124977589,0.154815375804901,0.13897705078125,0.015538009814918,0,0,0,0,0,0,0,2.01873135665664e-05,0,0.126539900898933,0.0802965685725212,0,0,0,0,0,0.0754962041974068,0,0,0,0,0,0,0,0,0,0,0,0,0,0,0,0,0,0,0,0,0,0,0,0,0,0,0,0,0,0,0,0,0,0,0,0,0,0,0,0,0,0,0,0,0,0,0,0,0,0,0,0,0,0,395
Saalfeld-Rudolstadt,0,0,0,0,0,0,0,0,0,0,0,0,0,0,0,0,0,0,0,0,0,0,0,0,0,0,0,0,0,0,0,0,0,0,0,0,0,0,0,0,0,0,0,0,0,0,0,0,0,0,0,0,0,0,0,0,0,0,0,0,0,0,0,0,0,0,0,0,0,0,0,0,0,0,0,0,0,0,0,0,0,0,0,0,0,0,0,0,0,0,0,0,0,0,0,0,0,0,0,0,0,0,0,0,0,0,0,0,0,0,0,0,0,0,0,0,0,0,0,0,0,0,0,0,0,0,0,0,0,0,0,0,0,0,0,0,0,0,0,0,0,0,0,0,0,0,0,0,0,0,0,0,0,0,0,0,0,0,0,0,0,0,0,0.00220061745494604,0.00274632591754198,0.000433577952207997,0,0,0,0,0,0,0,0,0,0,0,0,0,0,0,0,0,0,0,0,0,0.0319434814155102,0.0437626428902149,0.0427012965083122,0.0393814034759998,0.0379949249327183,0.0453860759735107,0.0615543276071548,0.0650938525795937,0.0716225579380989,0.0993319004774094,0.0934946611523628,0,0.0900007113814354,0.14511813223362,0.174499690532684,0.212948679924011,0.231073543429375,0.23154890537262,0.22503861784935,0.197229385375977,0.0361314155161381,0.0630837008357048,0.00503600994125009,0.0761632099747658,0.159496888518333,0.223265632987022,0.306011110544205,0.224975496530533,0.145438149571419,0,0,0.178647413849831,0.200711950659752,0.193047314882278,0.244620010256767,0.185217678546906,0.162957742810249,0,0.184714749455452,0.144716173410416,0.248241573572159,0.251352518796921,0.108566991984844,0.146577149629593,0.253407120704651,0.250304669141769,0.257215738296509,0.184333369135857,0.119965128600597,0.0871331170201302,0.220544531941414,0.26454946398735,0.312582165002823,0.314960479736328,0.272031188011169,0.273098468780518,0.219759449362755,0.208634778857231,0.256215751171112,0.22863894701004,0.0087785292416811,0.00794984679669142,0.00770586216822267,0.0971148908138275,0.0949660837650299,0.13728840649128,0.159374848008156,0.109207190573215,0.113173045217991,0.165638983249664,0.197698965668678,0.269770085811615,0.3424172103405,0.324761211872101,0.297248363494873,0.162340223789215,0,0.00904264859855175,0.171328485012054,0.196501269936562,0.223219677805901,0.157442271709442,0,0,0,0,0,0,0,0,0,0,0.00790916755795479,0.139987051486969,0.0303542874753475,0.00671316031366587,0.167372897267342,0.153475791215897,0.157115519046783,0.221250802278519,0.241585731506348,0.193837478756905,0.14554937183857,0.0602655299007893,0.175133779644966,0.18362794816494,0.0319780372083187,0,0,0,0,0,0,0,0.00629769219085574,0.0516153462231159,0.163390263915062,0.124464623630047,0,0,0,0,0.00546450959518552,0.131227880716324,0,0,0,0,0,0,0,0,0,0,0,0,0,0,0,0,0.00541170500218868,0,0,0,0,0,0,0,0,0,0,0,0,0,0,0,0,0,0,0,0,0,0,0,0,0,0,0,0,0,0,0,0,0,0,0,0,0,396
Saale-Holzland-Kreis,0,0,0,0,0,0,0,0,0,0,0,0,0,0,0,0,0,0,0,0,0,0,0,0,0,0,0,0,0,0,0,0,0,0,0,0,0,0,0,0,0,0,0,0,0,0,0,0,0,0,0,0,0,0,0,0,0,0,0,0,0,0,0,0,0,0,0,0,0,0,0,0,0,0,0,0,0,0,0,0,0,0,0,0,0,0,0,0,0,0,0,0,0,0,0,0,0,0,0,0,0,0,0,0,0,0,0,0,0,0,0,0,0,0,0,0,0,0,0,0,0,0,0,0,0,0,0,0,0,0,0,0,0,0,0,0,0,0,0,0,0,0,0,0,0,0,0,0,0,0,0,0,0,0,0,0,0,0,0,0,0,0,0,0.00729342922568321,0.00836721993982792,0.00401807110756636,0,0,0,0,0,0,0,0,0,0,0,0,0,0,0,0,0,0,0,0,0.0194185525178909,0.0746649503707886,0.0955176427960396,0.0957285538315773,0.0877304673194885,0.0856119394302368,0.087943471968174,0.108773306012154,0.127650767564774,0.129500418901443,0.165065288543701,0.154396221041679,0,0.147399589419365,0.213341072201729,0.256207048892975,0.319313853979111,0.336857885122299,0.340077668428421,0.336751848459244,0.297969847917557,0.124781534075737,0.149579703807831,0.0750318616628647,0.160033583641052,0.255414634943008,0.322550266981125,0.423123985528946,0.337183088064194,0.268116980791092,0.000534962164238095,0.000683992228005081,0.270286917686462,0.331841498613358,0.324027746915817,0.373958468437195,0.293781965970993,0.26163911819458,0.000579580024350435,0.313290625810623,0.287206888198853,0.383136123418808,0.388653635978699,0.289638668298721,0.308431953191757,0.380808055400848,0.36912789940834,0.381109178066254,0.281984716653824,0.233680859208107,0.2113156914711,0.337612628936768,0.390526682138443,0.457145363092422,0.479274094104767,0.425634175539017,0.427293330430984,0.362838357686996,0.366429001092911,0.41386017203331,0.389836132526398,0.196053951978683,0.14689464867115,0.15440708398819,0.274698078632355,0.231963500380516,0.301854461431503,0.332840591669083,0.305174767971039,0.309663355350494,0.288953989744186,0.32225239276886,0.430181324481964,0.528483390808105,0.508030414581299,0.461479276418686,0.31306666135788,0,0.191082835197449,0.331479787826538,0.356484800577164,0.385267078876495,0.345220297574997,0,0,0,0,0,0,0,0,0.000706490711309016,0.000778259476646781,0.130355596542358,0.255961775779724,0,0,0.246223866939545,0.272749543190002,0.299098938703537,0.393876284360886,0.427569448947906,0.341915309429169,0.284749329090118,0.195342659950256,0.304679334163666,0.335206061601639,0.199649751186371,0,0,0,0,0,0,0.0859990268945694,0.0865660309791565,0.224941790103912,0.288042455911636,0.241324245929718,0,0,0,0,0.118431396782398,0.228362232446671,0,0,0,0,0,0,0,0,0,0,0,0,0,0,0,0,0.11219360679388,0,0,0,0,0,0,0,0,0,0,0,0,0,0,0,0,0,0,0,0,0,0,0,0,0,0,0,0,0,0,0,0,0,0,0,0,0,397
Saale-Orla-Kreis,0,0,0,0,0,0,0,0,0,0,0,0,0,0,0,0,0,0,0,0,0,0,0,0,0,0,0,0,0,0,0,0,0,0,0,0,0,0,0,0,0,0,0,0,0,0,0,0,0,0,0,0,0,0,0,0,0,0,0,0,0,0,0,0,0,0,0,0,0,0,0,0,0,0,0,0,0,0,0,0,0,0,0,0,0,0,0,0,0,0,0,0,0,0,0,0,0,0,0,0,0,0,0,0,0,0,0,0,0,0,0,0,0,0,0,0,0,0,0,0,0,0,0,0,0,0,0,0,0,0,0,0,0,0,0,0,0,0,0,0,0,0,0,0,0,0,0,0,0,0,0,0,0,0,0,0,0,0,0,0,0,0,0,0.00320378132164478,0.00404116557911038,0.00179871800355613,0,0,0,0,0,0,0,0,0,0,0,0,0,0,0,0,0,0,0,0,0,0.034816101193428,0.0477780625224113,0.048265065997839,0.0438623912632465,0.0450391955673695,0.0518569871783257,0.0673955380916595,0.0756689161062241,0.0766476988792419,0.105710580945015,0.103520415723324,0,0.0961396396160126,0.155561521649361,0.188214182853699,0.232266828417778,0.24725204706192,0.251480489969254,0.242859184741974,0.214698627591133,0.0244929026812315,0.0582479499280453,0.00270531675778329,0.0718463659286499,0.173665270209312,0.237885743379593,0.325777620077133,0.24163119494915,0.155754759907722,0,0,0.185224324464798,0.2299894541502,0.215096265077591,0.278071939945221,0.198886469006538,0.173971951007843,0,0.211104243993759,0.144705355167389,0.257641911506653,0.264199465513229,0.133557945489883,0.158400610089302,0.275177448987961,0.252451390028,0.268861651420593,0.167247131466866,0.097375750541687,0.0993737429380417,0.228677660226822,0.278754621744156,0.334025353193283,0.346930414438248,0.297714233398438,0.298106998205185,0.245483547449112,0.236885085701942,0.288869857788086,0.258656531572342,0.0264233183115721,0.00427061412483454,0.0142321772873402,0.116337098181248,0.105906754732132,0.142262116074562,0.197414472699165,0.142505183815956,0.155534759163857,0.202125430107117,0.214827865362167,0.289972096681595,0.374647527933121,0.358608812093735,0.328272253274918,0.206068933010101,0,0.0261535756289959,0.201044365763664,0.223219513893127,0.242234140634537,0.198607265949249,0,0,0,0,0,0,0,0,0,0,0.00424876157194376,0.142782494425774,0.00945849251002073,0.0345676094293594,0.174071103334427,0.158645585179329,0.176034525036812,0.251700460910797,0.277783274650574,0.220763683319092,0.17881241440773,0.0749296694993973,0.196951791644096,0.216667145490646,0.0271190050989389,0,0,0,0,0,0,0,0.00338308559730649,0.0781300961971283,0.178039461374283,0.139064937829971,0,0,0,0,0.0164454691112041,0.113366894423962,0,0,0,0,0,0,0,0,0,0,0,0,0,0,0,0,0.015185889787972,0,0,0,0,0,0,0,0,0,0,0,0,0,0,0,0,0,0,0,0,0,0,0,0,0,0,0,0,0,0,0,0,0,0,0,0,0,398
Greiz,0,0,0,0,0,0,0,0,0,0,0,0,0,0,0,0,0,0,0,0,0,0,0,0,0,0,0,0,0,0,0,0,0,0,0,0,0,0,0,0,0,0,0,0,0,0,0,0,0,0,0,0,0,0,0,0,0,0,0,0,0,0,0,0,0,0,0,0,0,0,0,0,0,0,0,0,0,0,0,0,0,0,0,0,0,0,0,0,0,0,0,0,0,0,0,0,0,0,0,0,0,0,0,0,0,0,0,0,0,0,0,0,0,0,0,0,0,0,0,0,0,0,0,0,0,0,0,0,0,0,0,0,0,0,0,0,0,0,0,0,0,0,0,0,0,0,0,0,0,0,0,0,0,0,0,0,0,0,0,0,0,0,0,0.00573292747139931,0.00687731336802244,0.00373246916569769,0,0,0,0,0,0,0,0,0,0,0,0,0,0,0,0,0,0,0,0,0.00965994875878096,0.0536977499723434,0.0699404925107956,0.0730621144175529,0.0668362379074097,0.0680239349603653,0.0736925154924393,0.0875558331608772,0.103781148791313,0.105260439217091,0.134043082594872,0.130289554595947,0,0.114976599812508,0.18423031270504,0.223465546965599,0.274859517812729,0.291519582271576,0.29627326130867,0.288171768188477,0.260357618331909,0.0756053999066353,0.121858850121498,0.0313475914299488,0.12521605193615,0.216959863901138,0.275692641735077,0.366353124380112,0.292959898710251,0.225145801901817,0.00705774547532201,0.00790045689791441,0.228471636772156,0.292934268712997,0.273747026920319,0.334000617265701,0.245144262909889,0.219090834259987,0,0.267827302217484,0.222318544983864,0.313155770301819,0.333522111177444,0.245104104280472,0.256177842617035,0.333667904138565,0.301439762115479,0.318155139684677,0.215225383639336,0.171411976218224,0.17038831114769,0.274216204881668,0.332004845142365,0.390165865421295,0.406662970781326,0.370800971984863,0.363615542650223,0.308783501386642,0.308708220720291,0.357089310884476,0.333186894655228,0.102150455117226,0.0251027122139931,0.0218201316893101,0.213141545653343,0.178540974855423,0.242464050650597,0.274200826883316,0.251488924026489,0.264393508434296,0.271834015846252,0.274869680404663,0.356286555528641,0.455156177282333,0.44003239274025,0.397635728120804,0.280193239450455,0,0.0950816422700882,0.277126729488373,0.295146137475967,0.31500643491745,0.293184340000153,0,0,0,0,0,0,0,0,0,0,0.0423916578292847,0.207419916987419,0,0,0.215446799993515,0.212381586432457,0.230001091957092,0.328414678573608,0.357893109321594,0.283040702342987,0.244309186935425,0.156273901462555,0.247442618012428,0.282352685928345,0.141780033707619,0,0,0,0,0,0,0.0666995719075203,0.00891377869993448,0.172582447528839,0.229783803224564,0.189920917153358,0,0,0,0,0.0323210246860981,0.169311076402664,0,0,0,0,0,0,0,0,0,0,0,0,0,0,0,0,0.0678199157118797,0,0,0,0,0,0,0,0,0,0,0,0,0,0,0,0,0,0,0,0,0,0,0,0,0,0,0,0,0,0,0,0,0,0,0,0,0,399
Altenburger Land,0,0,0,0,0,0,0,0,0,0,0,0,0,0,0,0,0,0,0,0,0,0,0,0,0,0,0,0,0,0,0,0,0,0,0,0,0,0,0,0,0,0,0,0,0,0,0,0,0,0,0,0,0,0,0,0,0,0,0,0,0,0,0,0,0,0,0,0,0,0,0,0,0,0,0,0,0,0,0,0,0,0,0,0,0,0,0,0,0,0,0,0,0,0,0,0,0,0,0,0,0,0,0,0,0,0,0,0,0,0,0,0,0,0,0,0,0,0,0,0,0,0,0,0,0,0,0,0,0,0,0,0,0,0,0,0,0,0,0,0,0,0,0,0,0,0,0,0,0,0,0,0,0,0,0,0,0,0,0,0,0,0,0,0.00926711410284042,0.0105919856578112,0.00717964861541986,0,0,0,0,0,0,0,0,0,0,0,0,0.00267770839855075,0,0,0,0,0,0,0,0.0481702908873558,0.0915266945958138,0.108206726610661,0.118736237287521,0.113014496862888,0.112582072615623,0.120044469833374,0.13085600733757,0.15407806634903,0.156873926520348,0.193288460373878,0.180892065167427,0,0.158702194690704,0.242310836911201,0.288121819496155,0.348203927278519,0.367161422967911,0.385529607534409,0.375670969486237,0.351919442415237,0.165960565209389,0.186383977532387,0.156833171844482,0.214572116732597,0.300386548042297,0.353483498096466,0.449009984731674,0.38617417216301,0.304710000753403,0.137447506189346,0.158214882016182,0.313974052667618,0.387780487537384,0.37422713637352,0.434417128562927,0.335835844278336,0.307725995779037,0.114525869488716,0.363807708024979,0.336127817630768,0.41885769367218,0.460221409797668,0.369895040988922,0.389317482709885,0.44624650478363,0.419595003128052,0.432209402322769,0.316978067159653,0.269170373678207,0.265876770019531,0.38447505235672,0.439984112977982,0.51308137178421,0.530830442905426,0.506614029407501,0.493921428918839,0.438880920410156,0.440259784460068,0.471903115510941,0.470767706632614,0.239316955208778,0.223030999302864,0.195855334401131,0.33196172118187,0.271907091140747,0.382862061262131,0.412226557731628,0.400716155767441,0.382908582687378,0.359360158443451,0.387870728969574,0.484137296676636,0.623337507247925,0.597620487213135,0.527633905410767,0.405508190393448,0,0.23884516954422,0.407752215862274,0.41329100728035,0.435533165931702,0.42296952009201,0,0,0.0182096865028143,0,0,0,0,0.0177053064107895,0.0226877424865961,0.0193911585956812,0.101958058774471,0.297206193208694,0,0,0.291489034891129,0.300391793251038,0.317795276641846,0.444326937198639,0.514249861240387,0.412821471691132,0.363541603088379,0.237122371792793,0.325841158628464,0.398370623588562,0.274382829666138,0.0151942260563374,0,0,0,0,0,0.188074812293053,0.0977254509925842,0.271305799484253,0.306011587381363,0.291983664035797,0,0,0,0,0.0198631640523672,0.278197020292282,0,0,0,0,0,0,0,0,0,0,0,0,0,0,0,0,0.166182294487953,0,0,0,0,0,0,0,0,0,0,0,0,0,0,0,0,0,0,0,0,0,0,0,0,0,0,0,0,0,0,0,0,0,0,0,0,0,400
