GeografischerName_GEN,mean.day_1,mean.day_2,mean.day_3,mean.day_4,mean.day_5,mean.day_6,mean.day_7,mean.day_8,mean.day_9,mean.day_10,mean.day_11,mean.day_12,mean.day_13,mean.day_14,mean.day_15,mean.day_16,mean.day_17,mean.day_18,mean.day_19,mean.day_20,mean.day_21,mean.day_22,mean.day_23,mean.day_24,mean.day_25,mean.day_26,mean.day_27,mean.day_28,mean.day_29,mean.day_30,mean.day_31,mean.day_32,mean.day_33,mean.day_34,mean.day_35,mean.day_36,mean.day_37,mean.day_38,mean.day_39,mean.day_40,mean.day_41,mean.day_42,mean.day_43,mean.day_44,mean.day_45,mean.day_46,mean.day_47,mean.day_48,mean.day_49,mean.day_50,mean.day_51,mean.day_52,mean.day_53,mean.day_54,mean.day_55,mean.day_56,mean.day_57,mean.day_58,mean.day_59,mean.day_60,mean.day_61,mean.day_62,mean.day_63,mean.day_64,mean.day_65,mean.day_66,mean.day_67,mean.day_68,mean.day_69,mean.day_70,mean.day_71,mean.day_72,mean.day_73,mean.day_74,mean.day_75,mean.day_76,mean.day_77,mean.day_78,mean.day_79,mean.day_80,mean.day_81,mean.day_82,mean.day_83,mean.day_84,mean.day_85,mean.day_86,mean.day_87,mean.day_88,mean.day_89,mean.day_90,mean.day_91,mean.day_92,mean.day_93,mean.day_94,mean.day_95,mean.day_96,mean.day_97,mean.day_98,mean.day_99,mean.day_100,mean.day_101,mean.day_102,mean.day_103,mean.day_104,mean.day_105,mean.day_106,mean.day_107,mean.day_108,mean.day_109,mean.day_110,mean.day_111,mean.day_112,mean.day_113,mean.day_114,mean.day_115,mean.day_116,mean.day_117,mean.day_118,mean.day_119,mean.day_120,mean.day_121,mean.day_122,mean.day_123,mean.day_124,mean.day_125,mean.day_126,mean.day_127,mean.day_128,mean.day_129,mean.day_130,mean.day_131,mean.day_132,mean.day_133,mean.day_134,mean.day_135,mean.day_136,mean.day_137,mean.day_138,mean.day_139,mean.day_140,mean.day_141,mean.day_142,mean.day_143,mean.day_144,mean.day_145,mean.day_146,mean.day_147,mean.day_148,mean.day_149,mean.day_150,mean.day_151,mean.day_152,mean.day_153,mean.day_154,mean.day_155,mean.day_156,mean.day_157,mean.day_158,mean.day_159,mean.day_160,mean.day_161,mean.day_162,mean.day_163,mean.day_164,mean.day_165,mean.day_166,mean.day_167,mean.day_168,mean.day_169,mean.day_170,mean.day_171,mean.day_172,mean.day_173,mean.day_174,mean.day_175,mean.day_176,mean.day_177,mean.day_178,mean.day_179,mean.day_180,mean.day_181,mean.day_182,mean.day_183,mean.day_184,mean.day_185,mean.day_186,mean.day_187,mean.day_188,mean.day_189,mean.day_190,mean.day_191,mean.day_192,mean.day_193,mean.day_194,mean.day_195,mean.day_196,mean.day_197,mean.day_198,mean.day_199,mean.day_200,mean.day_201,mean.day_202,mean.day_203,mean.day_204,mean.day_205,mean.day_206,mean.day_207,mean.day_208,mean.day_209,mean.day_210,mean.day_211,mean.day_212,mean.day_213,mean.day_214,mean.day_215,mean.day_216,mean.day_217,mean.day_218,mean.day_219,mean.day_220,mean.day_221,mean.day_222,mean.day_223,mean.day_224,mean.day_225,mean.day_226,mean.day_227,mean.day_228,mean.day_229,mean.day_230,mean.day_231,mean.day_232,mean.day_233,mean.day_234,mean.day_235,mean.day_236,mean.day_237,mean.day_238,mean.day_239,mean.day_240,mean.day_241,mean.day_242,mean.day_243,mean.day_244,mean.day_245,mean.day_246,mean.day_247,mean.day_248,mean.day_249,mean.day_250,mean.day_251,mean.day_252,mean.day_253,mean.day_254,mean.day_255,mean.day_256,mean.day_257,mean.day_258,mean.day_259,mean.day_260,mean.day_261,mean.day_262,mean.day_263,mean.day_264,mean.day_265,mean.day_266,mean.day_267,mean.day_268,mean.day_269,mean.day_270,mean.day_271,mean.day_272,mean.day_273,mean.day_274,mean.day_275,mean.day_276,mean.day_277,mean.day_278,mean.day_279,mean.day_280,mean.day_281,mean.day_282,mean.day_283,mean.day_284,mean.day_285,mean.day_286,mean.day_287,mean.day_288,mean.day_289,mean.day_290,mean.day_291,mean.day_292,mean.day_293,mean.day_294,mean.day_295,mean.day_296,mean.day_297,mean.day_298,mean.day_299,mean.day_300,mean.day_301,mean.day_302,mean.day_303,mean.day_304,mean.day_305,mean.day_306,mean.day_307,mean.day_308,mean.day_309,mean.day_310,mean.day_311,mean.day_312,mean.day_313,mean.day_314,mean.day_315,mean.day_316,mean.day_317,mean.day_318,mean.day_319,mean.day_320,mean.day_321,mean.day_322,mean.day_323,mean.day_324,mean.day_325,mean.day_326,mean.day_327,mean.day_328,mean.day_329,mean.day_330,mean.day_331,mean.day_332,mean.day_333,mean.day_334,mean.day_335,mean.day_336,mean.day_337,mean.day_338,mean.day_339,mean.day_340,mean.day_341,mean.day_342,mean.day_343,mean.day_344,mean.day_345,mean.day_346,mean.day_347,mean.day_348,mean.day_349,mean.day_350,mean.day_351,mean.day_352,mean.day_353,mean.day_354,mean.day_355,mean.day_356,mean.day_357,mean.day_358,mean.day_359,mean.day_360,mean.day_361,mean.day_362,mean.day_363,mean.day_364,mean.day_365,ID
Flensburg,0,0,0,0,0,0,0,0,0,0,0,0,0,0,0,0,0,0,0,0,0,0,0,0,0,0,0,0,0,0,0,0,0,0,0,0,0,0,0,0,0,0,0,0,0,0,0,0,0,0,0,0,0,0,0,0,0,0,0,0,0,0,0,0,0,0,0,0,0,0,0,0,0,0,0,0,0,0,0,0,0,0,0,0,0,0,0,0,0,0,0,0,0,0,0,0,0,0,0,0,0,0,0,0,0,0,0,0,0,0,0,0,0,0,0,0,0,0,0,0,0,0,0,0,0,0,0,0,0,0,0,0,0,0,0,0,0,0,0,0,0,0,0,0,0,0,0,0,0,0,0,0,0,0,0,0,0,0,0,0,0,0,0,0,0,0,0,0,0,0,0,0,0,0,0,0,0,0,0,0,0,0,0,0,0,0,0,0,0,0,0,0,0,0,0,0,0,0,0,0,0,0,0,0,0,0,0,0,0,0,0,0,0,0,0,0,0,0,0,0,0,0,0,0,0,0,0,0,0,0,0,0,0,0,0,0,0,0,0,0,0,0,0,0,0,0,0,0,0,0,0,0,0,0,0,0,0,0,0,0,0,0,0,0,0,0,0,0,0,0,0,0,0,0,0,0,0,0,0,0,0,0,0,0,0,0,0,0,0,0,0,0,0,0,0,0,0,0,0,0,0,0,0,0,0,0,0,0,0,0,0,0,0,0,0,0,0,0,0,0,0,0,0,0,0,0,0,0,0,0,0,0,0,0,0,0,0,0,0,0,0,0,0,0,0,0,0,0,0,0,0,0,0,0,0,0,0,0,0,0,0,0,0,0,0,1
Kiel,0,0,0,0,0,0,0,0,0,0,0,0,0,0,0,0,0,0,0,0,0,0,0,0,0,0,0,0,0,0,0,0,0,0,0,0,0,0,0,0,0,0,0,0,0,0,0,0,0,0,0,0,0,0,0,0,0,0,0,0,0,0,0,0,0,0,0,0,0,0,0,0,0,0,0,0,0,0,0,0,0,0,0,0,0,0,0,0,0,0,0,0,0,0,0,0,0,0,0,0,0,0,0,0,0,0,0,0,0,0,0,0,0,0,0,0,0,0,0,0,0,0,0,0,0,0,0,0,0,0,0,0,0,0,0,0,0,0,0,0,0,0,0,0,0,0,0,0,0,0,0,0,0,0,0,0,0,0,0,0,0,0,0,0,0,0,0,0,0,0,0,0.012765153311193,0.0151714812964201,0.00938513968139887,0,0,0,0.0218704082071781,0,0.0166126228868961,0.0329398587346077,0.0502894856035709,0.0553789995610714,0.03928567096591,0.0495413430035114,0,0,0,0.0457910820841789,0.028453815728426,0.041094359010458,0.0566334016621113,0,0,0.059156097471714,0.0577554069459438,0.112308450043201,0.0506655238568783,0,0.0548077486455441,0.0927355736494064,0.0464105419814587,0.0680435299873352,0.115517862141132,0.135331302881241,0.0934666618704796,0.0220595151185989,0.0960948392748833,0.0806615129113197,0.0709388554096222,0.0522713214159012,0,0,0.101658582687378,0.104574985802174,0,0.0747894868254662,0,0.0568380206823349,0,0.0576667264103889,0.0686017200350761,0.131169617176056,0.112794280052185,0.0539620779454708,0.066486120223999,0.0920708477497101,0,0,0,0.0746072977781296,0.0692327469587326,0.0267143305391073,0.0701487585902214,0.130340158939362,0.149799451231956,0.125646367669106,0.103644728660583,0.117580160498619,0.0961776152253151,0.0736794397234917,0.120079547166824,0.0950082913041115,0.0727827623486519,0.105439618229866,0.1498092263937,0.134937092661858,0.122761860489845,0.122272416949272,0.134993895888329,0.11596142500639,0.105917133390903,0.0608307458460331,0.104796297848225,0.131477370858192,0.123452752828598,0.0981696844100952,0.0302335787564516,0,0.0550781264901161,0.0300828982144594,0.173381879925728,0.125297352671623,0.121874883770943,0.131116896867752,0,0,0,0,0,0.101389244198799,0.0814740583300591,0.0834969356656075,0.0927626192569733,0.0889135748147964,0.156358748674393,0.148034945130348,0.0598547384142876,0,0,0,0,0.0700149238109589,0.0874616727232933,0,0,0,0,0,0,0,0,0,0,0,0,0,0,0,0,0,0,0.0415151976048946,0,0,0,0.0736436545848846,0,0,0,0,0,0,0,0,0,0,0,0,0,0,0.0477056130766869,0.04389663413167,0.0326371565461159,0,0,0,0,0,0,0,0,0,0,0,0,0,0,0,0,0,0,0,0,0,0,0,0,0,0,0,0,0,0,0,0,0,0,0,0,0,0,0,0,0,2
Lübeck,0,0,0,0,0,0,0,0,0,0,0,0,0,0,0,0,0,0,0,0,0,0,0,0,0,0,0,0,0,0,0,0,0,0,0,0,0,0,0,0,0,0,0,0,0,0,0,0,0,0,0,0,0,0,0,0,0,0,0,0,0,0,0,0,0,0,0,0,0,0,0,0,0,0,0,0,0,0,0,0,0,0,0,0,0,0,0,0,0,0,0,0,0,0,0,0,0,0,0,0,0,0,0,0,0,0,0,0,0,0,0,0,0,0,0,0,0,0,0,0,0,0,0,0,0,0,0,0,0,0,0,0,0,0,0,0,0,0,0,0,0,0,0,0,0,0,0,0,0,0,0,0,0,0,0,0,0,0,0,0,0,0,0,0,0,0,0,0,0.000200200651306659,0,0,0.00137021113187075,0.00190576491877437,0.00122843740973622,0,0,0,0.00224180449731648,0,0.00199373462237418,0.00277747656218708,0.00532256625592709,0.00674685370177031,0.00450116116553545,0.00619879784062505,0.00282902526669204,0,0.00291369669139385,0.00460562203079462,0.00387894944287837,0.00424050632864237,0.00625398522242904,0,0,0.00727150402963161,0.00666533131152391,0.0121912099421024,0.00653050281107426,0,0.00585487997159362,0.0103877084329724,0.00646619079634547,0.00796811655163765,0.0116726914420724,0.0147766144946218,0.0114080347120762,0.00624997401610017,0.0110837938264012,0.00992316659539938,0.00819146353751421,0.00608551828190684,0.00544491596519947,0,0.0126112578436732,0.0103750713169575,0,0.0055228229612112,0.00535976700484753,0.00731394719332457,0,0.00791735202074051,0.0107793211936951,0.0138827590271831,0.0139470733702183,0.00694357929751277,0.00515037635341287,0.00953994411975145,0,0,0,0.00899622868746519,0.00847285985946655,0.00916999857872725,0.00782786775380373,0.0146930320188403,0.0155291184782982,0.0143695995211601,0.012204647064209,0.0131669612601399,0.010940189473331,0.00717258686199784,0.0107097979635,0.011206928640604,0.00943689700216055,0.0106401741504669,0.0176798831671476,0.0156626254320145,0.0141654266044497,0.0145594999194145,0.0154898911714554,0.013466470874846,0.0118449423462152,0.00856718700379133,0.0122603718191385,0.0148759763687849,0.0138295916840434,0.00993546470999718,0.00824585650116205,0.00710592791438103,0.00882545113563538,0.00890325661748648,0.0185804981738329,0.0142451170831919,0.0146154351532459,0.0141858076676726,0.00703110918402672,0,0,0,0.00615369947627187,0.010949932038784,0.00989438872784376,0.00965692382305861,0.0121712312102318,0.0100720869377255,0.0162013787776232,0.0176697429269552,0.0102628096938133,0,0,0,0,0.0082499161362648,0.00901125278323889,0,0,0,0,0,0,0,0,0,0,0,0,0,0,0,0,0,0,0.00424035964533687,0,0,0,0.00713611673563719,0,0,0,0,0,0,0,0,0,0,0,0,0,0,0.00507600838318467,0.00372810941189528,0.0030698177870363,0,0,0,0,0,0,0,0,0,0,0,0,0,0,0,0,0,0,0,0,0,0,0,0,0,0,0,0,0,0,0,0,0,0,0,0,0,0,0,0,0,3
Neumünster,0,0,0,0,0,0,0,0,0,0,0,0,0,0,0,0,0,0,0,0,0,0,0,0,0,0,0,0,0,0,0,0,0,0,0,0,0,0,0,0,0,0,0,0,0,0,0,0,0,0,0,0,0,0,0,0,0,0,0,0,0,0,0,0,0,0,0,0,0,0,0,0,0,0,0,0,0,0,0,0,0,0,0,0,0,0,0,0,0,0,0,0,0,0,0,0,0,0,0,0,0,0,0,0,0,0,0,0,0,0,0,0,0,0,0,0,0,0,0,0,0,0,0,0,0,0,0,0,0,0,0,0,0,0,0,0,0,0,0,0,0,0,0,0,0,0,0,0,0,0,0,0,0,0,0,0,0,0,0,0,0,0,0,0,0,0,0,0,0,0,0,0.0392795763909817,0.0441588908433914,0.0289464332163334,0,0,0,0.0616163946688175,0,0.0176597125828266,0.102476194500923,0.149133741855621,0.154020249843597,0.120865471661091,0.143214240670204,0,0,0.063070073723793,0.125454783439636,0.0824905782938004,0.105548098683357,0.147383466362953,0,0,0.159400567412376,0.156533047556877,0.311144173145294,0.136578634381294,0,0.150923356413841,0.266049146652222,0.121623940765858,0.183523342013359,0.317888170480728,0.390366613864899,0.264009296894073,0.0369294211268425,0.263287216424942,0.227963268756866,0.194482043385506,0.146611273288727,0,0,0.293079823255539,0.320857375860214,0,0.209026649594307,0,0.154954433441162,0,0.136110797524452,0.22879447042942,0.390454262495041,0.31694433093071,0.178717404603958,0.16744801402092,0.261677742004395,0,0,0,0.186367720365524,0.199593216180801,0.134834840893745,0.203817322850227,0.378099888563156,0.423164516687393,0.342660754919052,0.302033364772797,0.315210819244385,0.260760545730591,0.20252288877964,0.334519356489182,0.269437253475189,0.196721732616425,0.281725883483887,0.418619781732559,0.376230686903,0.352980583906174,0.347944766283035,0.39190086722374,0.326226145029068,0.290824472904205,0.160870939493179,0.288943588733673,0.345747917890549,0.336037993431091,0.268389791250229,0,0,0.16463029384613,0.0399499386548996,0.484383910894394,0.345300555229187,0.332985162734985,0.366431653499603,0,0,0,0,0,0.281560689210892,0.231308832764626,0.251926243305206,0.251930564641953,0.23225311934948,0.428658992052078,0.436653673648834,0.169311866164207,0,0,0,0,0.169282183051109,0.222295418381691,0,0,0,0,0,0,0,0,0,0,0,0,0,0,0,0,0,0,0.11741878092289,0,0,0,0.224773183465004,0,0,0,0,0,0,0,0,0,0,0,0,0,0,0.134208813309669,0.118128776550293,0.100544825196266,0,0,0,0,0,0,0,0,0,0,0,0,0,0,0,0,0,0,0,0,0,0,0,0,0,0,0,0,0,0,0,0,0,0,0,0,0,0,0,0,0,4
Dithmarschen,0,0,0,0,0,0,0,0,0,0,0,0,0,0,0,0,0,0,0,0,0,0,0,0,0,0,0,0,0,0,0,0,0,0,0,0,0,0,0,0,0,0,0,0,0,0,0,0,0,0,0,0,0,0,0,0,0,0,0,0,0,0,0,0,0,0,0,0,0,0,0,0,0,0,0,0,0,0,0,0,0,0,0,0,0,0,0,0,0,0,0,0,0,0,0,0,0,0,0,0,0,0,0,0,0,0,0,0,0,0,0,0,0,0,0,0,0,0,0,0,0,0,0,0,0,0,0,0,0,0,0,0,0,0,0,0,0,0,0,0,0,0,0,0,0,0,0,0,0,0,0,0,0,0,0,0,0,0,0,0,0,0,0,0,0,0,0,0,0,0,0,0.0214588660746813,0.0184352826327085,0.00290251453407109,0,0,0.0129250651225448,0.0260803531855345,0,0,0.0425446480512619,0.0885377451777458,0.073924794793129,0.0478400103747845,0.0575365349650383,0,0,0.0493651628494263,0.0855912491679192,0.0459036789834499,0.0659285709261894,0.0809508189558983,0,0,0.0751496106386185,0.0792097672820091,0.158614709973335,0.0623994544148445,0,0.0703929662704468,0.139399722218513,0.0582586154341698,0.0938727259635925,0.162773817777634,0.197520136833191,0.114222250878811,0,0.135295525193214,0.113517217338085,0.108608603477478,0.0873481184244156,0,0,0.137687459588051,0.172604992985725,0,0.128910914063454,0.0793976187705994,0.103150255978107,0,0,0.106018282473087,0.194015517830849,0.144488975405693,0.0765167698264122,0.107358165085316,0.140949621796608,0,0,0,0.105279877781868,0.109624646604061,0.0910317301750183,0.139529719948769,0.184436157345772,0.210100635886192,0.162035688757896,0.144823417067528,0.150697723031044,0.117792718112469,0.106520943343639,0.174191027879715,0.139056652784348,0.100404411554337,0.154393270611763,0.193234607577324,0.17264723777771,0.184926673769951,0.166879460215569,0.185115084052086,0.163655579090118,0.15155465900898,0.0923936143517494,0.143031716346741,0.163368135690689,0.161644950509071,0.139130979776382,0,0.0952145531773567,0.087227463722229,0.0526916645467281,0.231650039553642,0.171162962913513,0.156131118535995,0.177478179335594,0,0,0.0309461560100317,0,0.0786974802613258,0.132767796516418,0.124235339462757,0.118873201310635,0.127986967563629,0.127252191305161,0.209570929408073,0.184773504734039,0,0,0,0,0,0.105041354894638,0.114520959556103,0,0,0,0,0.000126794882817194,0,0,0,0,0,0,0,0,0,0,0,0,0,0.000109636945126113,0,0,0,0.0987966805696487,0,0,0,0,0,0,0,0,0,0,0,0,0,0,0.0591956079006195,0.0581670626997948,0.0601273477077484,0,0,0,0,0,0,0,0,0,0,0,0,0,0,0,0,0,0,0,0,0,0,0,0,0,0,0,0,0,0,0,0,0,0,0,0,0,0,0,0,0,5
Herzogtum Lauenburg,0,0,0,0,0,0,0,0,0,0,0,0,0,0,0,0,0,0,0,0,0,0,0,0,0,0,0,0,0,0,0,0,0,0,0,0,0,0,0,0,0,0,0,0,0,0,0,0,0,0,0,0,0,0,0,0,0,0,0,0,0,0,0,0,0,0,0,0,0,0,0,0,0,0,0,0,0,0,0,0,0,0,0,0,0,0,0,0,0,0,0,0,0,0,0,0,0,0,0,0,0,0,0,0,0,0,0,0,0,0,0,0,0,0,0,0,0,0,0,0,0,0,0,0,0.000109280052129179,0,0,0,0,0,0,0,0,0,0,0,0,0,0,0,0,0,0,0,0,0,0,0,0,0,0,0,0,0,0,0,0,0,0,0,0,0,0,0,0,0,0,0.00236392067745328,0.00980581901967525,0.000128324696561322,0,0.043057844042778,0.0517155677080154,0.0398428812623024,0,0.000563569192308933,0.0478421784937382,0.0572970509529114,0,0.0414295978844166,0.0950948745012283,0.136645913124084,0.156863763928413,0.133116140961647,0.15740992128849,0.0732414796948433,0,0.0960586667060852,0.0969405695796013,0.090839296579361,0.0894487723708153,0.125481888651848,0,0,0.163942843675613,0.156573116779327,0.266440987586975,0.141575425863266,0.000955680559854954,0.144397959113121,0.24202199280262,0.134168371558189,0.173274725675583,0.261551767587662,0.350819647312164,0.275540173053741,0.144888922572136,0.239939332008362,0.231440156698227,0.183140411973,0.144560575485229,0.103801809251308,0.00331012834794819,0.29604560136795,0.267665803432465,0,0.13317297399044,0.020171144977212,0.163290783762932,0.0720153599977493,0.171234473586082,0.285862803459167,0.354798316955566,0.304152578115463,0.195950612425804,0.0768962576985359,0.226422876119614,0,0,0.00248594698496163,0.170714870095253,0.183433070778847,0.199916183948517,0.182542085647583,0.358930051326752,0.352273136377335,0.322325110435486,0.270109593868256,0.298265516757965,0.218012005090714,0.145781323313713,0.260464698076248,0.251587837934494,0.195885583758354,0.239705488085747,0.40242937207222,0.364237308502197,0.339650094509125,0.325399100780487,0.356394231319427,0.302916824817657,0.242605090141296,0.1813143491745,0.269286066293716,0.319156378507614,0.290258646011353,0.225444316864014,0.0558104999363422,0.0746053159236908,0.172548592090607,0.20028355717659,0.411510556936264,0.318648546934128,0.316196620464325,0.310643792152405,0.10217160731554,0,0,0,0,0.238912835717201,0.220717057585716,0.264457702636719,0.256951659917831,0.205268636345863,0.35013410449028,0.422541856765747,0.231611892580986,0,0,0,0,0.179706335067749,0.188590288162231,0,0,0,0,0,0,0,0,0,0,0,0,0,0,0,0,0,0,0.00615423638373613,0,0,0,0.177750185132027,0,0,0,0,0,0,0,0,0,0,0,0,0,0,0.115775741636753,0.0821073055267334,0.0883895978331566,0,0,0,0,0,0,0,0,0,0,0,0,0,0,0,0,0,0,0,0,0,0,0,0,0,0,0,0,0,0,0,0,0,0,0,0,0,0,0,0,0,6
Nordfriesland,0,0,0,0,0,0,0,0,0,0,0,0,0,0,0,0,0,0,0,0,0,0,0,0,0,0,0,0,0,0,0,0,0,0,0,0,0,0,0,0,0,0,0,0,0,0,0,0,0,0,0,0,0,0,0,0,0,0,0,0,0,0,0,0,0,0,0,0,0,0,0,0,0,0,0,0,0,0,0,0,0,0,0,0,0,0,0,0,0,0,0,0,0,0,0,0,0,0,0,0,0,0,0,0,0,0,0,0,0,0,0,0,0,0,0,0,0,0,0,0,0,0,0,0,0,0,0,0,0,0,0,0,0,0,0,0,0,0,0,0,0,0,0,0,0,0,0,0,0,0,0,0,0,0,0,0,0,0,0,0,0,0,0,0,0,0,0,0,0,0,0,0.0273769907653332,0.0242209527641535,0.000566579692531377,0,0,3.08776216115803e-05,0.0211863927543163,0,0,0.0439679659903049,0.125888794660568,0.106304213404655,0.0220329966396093,0.0635105222463608,0,0,0.026166869327426,0.126292631030083,0.0265148933976889,0.0916174277663231,0.123635597527027,0,0,0.0901350155472755,0.10663003474474,0.221459537744522,0.0338645875453949,0,0.0945778414607048,0.201659351587296,0.0540732219815254,0.143032073974609,0.245650485157967,0.290921062231064,0.152778819203377,0,0.188194766640663,0.169306769967079,0.154101088643074,0.127226188778877,0,0,0.185932278633118,0.25067275762558,0,0.205087214708328,0.112555287778378,0.134407714009285,0,0,0.0799955800175667,0.281831085681915,0.20684888958931,0.0318146608769894,0.152349099516869,0.226146325469017,0,0,0.0258621070533991,0.162315532565117,0.166583895683289,0.120024025440216,0.197244554758072,0.266284912824631,0.314833670854568,0.24698643386364,0.207379192113876,0.23027403652668,0.175933510065079,0.168045163154602,0.276401966810226,0.216101169586182,0.0797332227230072,0.243120819330215,0.290188312530518,0.256252437829971,0.283448070287704,0.258185416460037,0.28241828083992,0.261643260717392,0.230687499046326,0.145609527826309,0.204871490597725,0.248356774449348,0.250616282224655,0.217577904462814,0,0.171600550413132,0.0572559125721455,0.000127668710774742,0.357853680849075,0.26143279671669,0.241057187318802,0.276663482189178,0,0.0506762117147446,0.0635766386985779,0,0.0557197704911232,0.203955739736557,0.20083774626255,0.162731111049652,0.192736953496933,0.179204821586609,0.32356783747673,0.250765323638916,0,0,0,0,0,0.150994226336479,0.17871418595314,0.0678620636463165,0,0,0,0.00218274886719882,0,0,0,0,0,0,0,0,0,0,0,0,0,0.0406955368816853,0,0.0219150763005018,0,0.148048907518387,0,0,0,0,0,0,0,0,0,0,0,0,0,0,0.0855389460921288,0.099775142967701,0.0888228639960289,0,0,0,0,0,0,0,0,0,0,0,0,0,0,0,0,0,0,0,0,0,0,0,0,0,0,0,0,0,0,0,0,0,0,0,0,0,0,0,0,0,7
Ostholstein,0,0,0,0,0,0,0,0,0,0,0,0,0,0,0,0,0,0,0,0,0,0,0,0,0,0,0,0,0,0,0,0,0,0,0,0,0,0,0,0,0,0,0,0,0,0,0,0,0,0,0,0,0,0,0,0,0,0,0,0,0,0,0,0,0,0,0,0,0,0,0,0,0,0,0,0,0,0,0,0,0,0,0,0,0,0,0,0,0,0,0,0,0,0,0,0,0,0,0,0,0,0,0,0,0,0,0,0,0,0,0,0,0,0,0,0,0,0,0,0,0,0,0,0,0,0,0,0,0,0,0,0,0,0,0,0,0,0,0,0,0,0,0,0,0,0,0,0,0,0,0,0,0,0,0,0,0,0,0,0,0,0,0,0,0,0,0,0,0,0,0,0.00954111199826002,0.0133787300437689,0.00359418196603656,0,0,0,0.0184924826025963,0,0.0159823521971703,0.0188660267740488,0.0398231074213982,0.052641686052084,0.032748855650425,0.0480957180261612,0,0,0.00308623746968806,0.0387719869613647,0.0270234271883965,0.0357303097844124,0.0507589094340801,0,0,0.056534044444561,0.0512717068195343,0.103545509278774,0.0512928515672684,0,0.0493672005832195,0.083222009241581,0.0474589057266712,0.0624112226068974,0.0997431352734566,0.119566962122917,0.0898143127560616,0.0445093996822834,0.0934680476784706,0.0770641565322876,0.0663183778524399,0.048358790576458,0,0,0.092493548989296,0.0850280076265335,0,0.0551151745021343,0,0.0502588078379631,0,0.064784400165081,0.0667865425348282,0.114097267389297,0.111300244927406,0.0486120469868183,0.0514394715428352,0.0783779472112656,0,0,0,0.0698251351714134,0.0661702379584312,0.0705121830105782,0.0620464086532593,0.11741079390049,0.131816744804382,0.118114225566387,0.0921405106782913,0.109220512211323,0.0931467562913895,0.0649741739034653,0.0990234762430191,0.0920954644680023,0.0723571926355362,0.090739332139492,0.140905976295471,0.126254037022591,0.108706302940845,0.117535293102264,0.122869424521923,0.107895404100418,0.100952848792076,0.0657124370336533,0.102411761879921,0.121742054820061,0.113606974482536,0.0847898721694946,0.0623841024935246,0.0436184778809547,0.0625169053673744,0.0629741027951241,0.154158413410187,0.115056306123734,0.116208530962467,0.116527520120144,0.042935848236084,0,0,0,0.0262303631752729,0.0921403765678406,0.0805933177471161,0.0737487301230431,0.092633843421936,0.0822663977742195,0.135348185896873,0.13722936809063,0.0699455216526985,0,0,0,0,0.0608619377017021,0.0765587165951729,0,0,0,0,0,0,0,0,0,0,0,0,0,0,0,0,0,0,0.00101045006886125,0,0,0,0.0563236996531487,0,0,0,0,0,0,0,0,0,0,0,0,0,0,0.0394535958766937,0.0286304727196693,0,0,0,0,0,0,0,0,0,0,0,0,0,0,0,0,0,0,0,0,0,0,0,0,0,0,0,0,0,0,0,0,0,0,0,0,0,0,0,0,0,0,8
Pinneberg,0,0,0,0,0,0,0,0,0,0,0,0,0,0,0,0,0,0,0,0,0,0,0,0,0,0,0,0,0,0,0,0,0,0,0,0,0,0,0,0,0,0,0,0,0,0,0,0,0,0,0,0,0,0,0,0,0,0,0,0,0,0,0,0,0,0,0,0,0,0,0,0,0,0,0,0,0,0,0,0,0,0,0,0,0,0,0,0,0,0,0,0,0,0,0,0,0,0,0,0,0,0,0,0,0,0,0,0,0,0,0,0,0,0,0,0,0,0,0,0,0,0,0,0,5.094156585983e-05,0,0,0,0,0,0,0,0,0,0,0,0,0,0,0,0,0,0,0,0,0,0,0,0,0,0,0,0,0,0,0,0,0,0,0,0,0,0,0,0,0,0,0,0.00854077842086554,0,0.000132172004668973,0.0618175677955151,0.0637102946639061,0.0440615899860859,0,0,0.0624299235641956,0.0847213640809059,0,0,0.141675069928169,0.203123450279236,0.209242627024651,0.180893316864967,0.208176001906395,0.000598428945522755,0,0.127213418483734,0.167200103402138,0.132385894656181,0.139728963375092,0.1850206553936,0,0,0.213226199150085,0.208700567483902,0.388449102640152,0.17841699719429,0,0.211798712611198,0.346487402915955,0.179052159190178,0.239360570907593,0.395855128765106,0.504061460494995,0.352431774139404,0.126653134822845,0.35304519534111,0.320340186357498,0.257011085748672,0.216900080442429,0,0.000990326981991529,0.419471859931946,0.433710426092148,0,0.253634095191956,0.000160089359269477,0.244468852877617,0.00110233516898006,0.208651214838028,0.366740733385086,0.526254653930664,0.412160158157349,0.289449065923691,0.24543285369873,0.327304869890213,0,0,0,0.219908908009529,0.2934889793396,0.261528879404068,0.301230370998383,0.529202163219452,0.547199547290802,0.441208362579346,0.421904325485229,0.416422009468079,0.296072036027908,0.270371496677399,0.411826968193054,0.370446801185608,0.257185488939285,0.390996515750885,0.561158418655396,0.50377357006073,0.477332562208176,0.463169872760773,0.538737893104553,0.45648518204689,0.362089604139328,0.233022257685661,0.378579407930374,0.434609770774841,0.42859759926796,0.335920959711075,0,0.138215944170952,0.23307079076767,0.250785171985626,0.631901204586029,0.44570380449295,0.445901960134506,0.458141326904297,0,0,0,0,0,0.383050858974457,0.31849393248558,0.376682817935944,0.329399675130844,0.308136701583862,0.548255622386932,0.610269665718079,0.273697227239609,0,0,0,0,0.250147998332977,0.287168055772781,0,0,0,0,0.199150919914246,0,0,0,0,0,0,0,0,0,0,0,0,0,0.17583179473877,0,0,0,0.308210164308548,0,0,0,0,0,0,0,0,0,0,0,0,0,0,0.178945794701576,0.151597708463669,0.176930457353592,0,0,0,0,0,0,0,0,0,0,0,0,0,0,0,0,0,0,0,0,0,0,0,0,0,0,0,0,0,0,0,0,0,0,0,0,0,0,0,0,0,9
Plön,0,0,0,0,0,0,0,0,0,0,0,0,0,0,0,0,0,0,0,0,0,0,0,0,0,0,0,0,0,0,0,0,0,0,0,0,0,0,0,0,0,0,0,0,0,0,0,0,0,0,0,0,0,0,0,0,0,0,0,0,0,0,0,0,0,0,0,0,0,0,0,0,0,0,0,0,0,0,0,0,0,0,0,0,0,0,0,0,0,0,0,0,0,0,0,0,0,0,0,0,0,0,0,0,0,0,0,0,0,0,0,0,0,0,0,0,0,0,0,0,0,0,0,0,0,0,0,0,0,0,0,0,0,0,0,0,0,0,0,0,0,0,0,0,0,0,0,0,0,0,0,0,0,0,0,0,0,0,0,0,0,0,0,0,0,0,0,0,0,0,0,0.027926180511713,0.0346982777118683,0.0209695342928171,0,0,0,0.0492242462933064,0,0.0400370806455612,0.0691311359405518,0.110469177365303,0.128329485654831,0.0893976241350174,0.116585239768028,0,0,0.00727912690490484,0.102297015488148,0.0656742453575134,0.0929679498076439,0.130109801888466,0,0,0.137343659996986,0.133437901735306,0.257670760154724,0.122367791831493,0,0.127203777432442,0.212139412760735,0.111992806196213,0.157630696892738,0.261963099241257,0.309650540351868,0.220632046461105,0.0982368215918541,0.225212037563324,0.188789457082748,0.163899049162865,0.12425322830677,0,0,0.238677769899368,0.23701000213623,0,0.162701219320297,0,0.132576987147331,0,0.142287373542786,0.166477650403976,0.301348775625229,0.268171340227127,0.125257357954979,0.1516003459692,0.209642753005028,0,0,0,0.175645530223846,0.162512943148613,0.126170456409454,0.159730866551399,0.30368372797966,0.346959710121155,0.295227140188217,0.240476474165916,0.277385264635086,0.231952011585236,0.170608565211296,0.273853003978729,0.225852087140083,0.17455367743969,0.242936119437218,0.354283541440964,0.317602097988129,0.283690482378006,0.28846201300621,0.317763924598694,0.27365916967392,0.249078884720802,0.15052442252636,0.247640207409859,0.31281366944313,0.289677381515503,0.228258028626442,0.12039914727211,0.0415876694023609,0.138211235404015,0.130527958273888,0.40451592206955,0.295367449522018,0.291743487119675,0.307275265455246,0.0121275885030627,0,0,0,0.000681020552292466,0.240185528993607,0.193436726927757,0.199934408068657,0.22457854449749,0.209510788321495,0.363196015357971,0.354704856872559,0.161570489406586,0,0,0,0,0.165239632129669,0.206660389900208,0,0,0,0,0,0,0,0,0,0,0,0,0,0,0,0,0,0,0.086981289088726,0,0,0,0.171203523874283,0,0,0,0,0,0,0,0,0,0,0,0,0,0,0.11313534528017,0.098621629178524,0.045049536973238,0,0,0,0,0,0,0,0,0,0,0,0,0,0,0,0,0,0,0,0,0,0,0,0,0,0,0,0,0,0,0,0,0,0,0,0,0,0,0,0,0,10
Rendsburg-Eckernförde,0,0,0,0,0,0,0,0,0,0,0,0,0,0,0,0,0,0,0,0,0,0,0,0,0,0,0,0,0,0,0,0,0,0,0,0,0,0,0,0,0,0,0,0,0,0,0,0,0,0,0,0,0,0,0,0,0,0,0,0,0,0,0,0,0,0,0,0,0,0,0,0,0,0,0,0,0,0,0,0,0,0,0,0,0,0,0,0,0,0,0,0,0,0,0,0,0,0,0,0,0,0,0,0,0,0,0,0,0,0,0,0,0,0,0,0,0,0,0,0,0,0,0,0,0,0,0,0,0,0,0,0,0,0,0,0,0,0,0,0,0,0,0,0,0,0,0,0,0,0,0,0,0,0,0,0,0,0,0,0,0,0,0,0,0,0,0,0,0,0,0,0.0252105724066496,0.0270343292504549,0.0166743788868189,0,0,0.00077657331712544,0.0385351069271564,0,0.00582085596397519,0.0687182247638702,0.10324988514185,0.0994632095098495,0.0706311464309692,0.0840267762541771,0,0,0.0212967284023762,0.0934628024697304,0.0550291799008846,0.075119249522686,0.102618306875229,0,0,0.105422295629978,0.101326264441013,0.207336634397507,0.083700880408287,0,0.0973716899752617,0.173672765493393,0.074720486998558,0.121868044137955,0.213406607508659,0.252638936042786,0.161071136593819,0,0.169885337352753,0.145654886960983,0.1330796033144,0.0966031700372696,0,0,0.176288336515427,0.205477878451347,0,0.153465583920479,0.0220412388443947,0.105167672038078,0,0.0390558391809464,0.118524119257927,0.246075928211212,0.19509781897068,0.10504561662674,0.114991068840027,0.169837579131126,0,0,0,0.128927409648895,0.125670611858368,0.023179929703474,0.144085064530373,0.230093628168106,0.269797325134277,0.214872762560844,0.181631296873093,0.197223514318466,0.153412565588951,0.130224600434303,0.219688042998314,0.167861595749855,0.123872332274914,0.191801175475121,0.256084680557251,0.229377746582031,0.226573139429092,0.213636636734009,0.237662494182587,0.205586984753609,0.187606662511826,0.099572516977787,0.182260096073151,0.2153480052948,0.213693931698799,0.172021090984344,0,0.0484797395765781,0.0908299311995506,0.00312977051362395,0.304821610450745,0.215809687972069,0.200866743922234,0.230898603796959,0,0,0,0,0.0175878200680017,0.168156132102013,0.146042138338089,0.139347061514854,0.153152421116829,0.150541633367538,0.270945906639099,0.245931282639503,0.0228895600885153,0,0,0,0,0.114704199135303,0.143137261271477,0,0,0,0,0.033045120537281,0,0,0,0,0,0,0,0,0,0,0,0,0,0.0616675652563572,0,0,0,0.12658628821373,0,0,0,0,0,0,0,0,0,0,0,0,0,0,0.0796163007616997,0.0756700113415718,0.0664123743772507,0,0,0,0,0,0,0,0,0,0,0,0,0,0,0,0,0,0,0,0,0,0,0,0,0,0,0,0,0,0,0,0,0,0,0,0,0,0,0,0,0,11
Schleswig-Flensburg,0,0,0,0,0,0,0,0,0,0,0,0,0,0,0,0,0,0,0,0,0,0,0,0,0,0,0,0,0,0,0,0,0,0,0,0,0,0,0,0,0,0,0,0,0,0,0,0,0,0,0,0,0,0,0,0,0,0,0,0,0,0,0,0,0,0,0,0,0,0,0,0,0,0,0,0,0,0,0,0,0,0,0,0,0,0,0,0,0,0,0,0,0,0,0,0,0,0,0,0,0,0,0,0,0,0,0,0,0,0,0,0,0,0,0,0,0,0,0,0,0,0,0,0,0,0,0,0,0,0,0,0,0,0,0,0,0,0,0,0,0,0,0,0,0,0,0,0,0,0,0,0,0,0,0,0,0,0,0,0,0,0,0,0,0,0,0,0,0,0,0,0.0147379171103239,0.0151211880147457,0.0070930477231741,0,0,0,0.0183758214116096,0,0,0.0395972467958927,0.0671123787760735,0.0592579022049904,0.0294376239180565,0.0421972870826721,0,0,0.0207413714379072,0.0647456124424934,0.0296473689377308,0.0499342083930969,0.0662365779280663,0,0,0.0583749823272228,0.0600960403680801,0.125076994299889,0.0380636118352413,0,0.0581519082188606,0.108019672334194,0.0389021560549736,0.0775898769497871,0.134626552462578,0.1573536247015,0.0913857519626617,0,0.102076344192028,0.0897934511303902,0.0824066624045372,0.0619939565658569,0,0,0.0987618193030357,0.129219546914101,0,0.105903059244156,0.0435036718845367,0.0673066675662994,0,0,0.0639857351779938,0.151886001229286,0.115758560597897,0.0553441755473614,0.0778186470270157,0.11077543348074,0,0,0,0.0850354954600334,0.0796984285116196,0.0178879592567682,0.0997606664896011,0.136716350913048,0.165968105196953,0.133122533559799,0.105933450162411,0.120487064123154,0.0926621109247208,0.0817438960075378,0.143062278628349,0.107009395956993,0.0567123927175999,0.125015214085579,0.153278961777687,0.136164054274559,0.144882753491402,0.130004376173019,0.142242088913918,0.127126857638359,0.118507951498032,0.0669279024004936,0.11032073199749,0.130708754062653,0.130318090319633,0.111262835562229,0,0.0688486322760582,0.0189181882888079,0,0.1882513910532,0.136619061231613,0.123991720378399,0.143048092722893,0,0.000222312883124687,0.000229791679885238,0,0.0190657544881105,0.100611314177513,0.0969236567616463,0.0840093344449997,0.0956731289625168,0.0935544595122337,0.1670241355896,0.138407915830612,0,0,0,0,0,0.0767313167452812,0.0903008133172989,0.000200421331101097,0,0,0,0.0136654758825898,0,0,0,0,0,0,0,0,0,0,0,0,0,0.0241093263030052,0,0,0,0.0742664337158203,0,0,0,0,0,0,0,0,0,0,0,0,0,0,0.0460134483873844,0.0478844940662384,0.0413122065365314,0,0,0,0,0,0,0,0,0,0,0,0,0,0,0,0,0,0,0,0,0,0,0,0,0,0,0,0,0,0,0,0,0,0,0,0,0,0,0,0,0,12
Segeberg,0,0,0,0,0,0,0,0,0,0,0,0,0,0,0,0,0,0,0,0,0,0,0,0,0,0,0,0,0,0,0,0,0,0,0,0,0,0,0,0,0,0,0,0,0,0,0,0,0,0,0,0,0,0,0,0,0,0,0,0,0,0,0,0,0,0,0,0,0,0,0,0,0,0,0,0,0,0,0,0,0,0,0,0,0,0,0,0,0,0,0,0,0,0,0,0,0,0,0,0,0,0,0,0,0,0,0,0,0,0,0,0,0,0,0,0,0,0,0,0,0,0,0,0,1.61643347382778e-05,0,0,0,0,0,0,0,0,0,0,0,0,0,0,0,0,0,0,0,0,0,0,0,0,0,0,0,0,0,0,0,0,0,0,0,0,0,0,0,0,0,0,0,0.0017101566772908,0,0,0.0368008613586426,0.0422496274113655,0.0291067957878113,0,0,0.0204899702221155,0.0561251938343048,0,0.0286515131592751,0.0900115743279457,0.13069823384285,0.14095763862133,0.113416515290737,0.134350016713142,0,0,0.0709500089287758,0.104424931108952,0.0786338150501251,0.0908639132976532,0.127073377370834,0,0,0.139500871300697,0.140536993741989,0.266041934490204,0.123651295900345,0,0.135107174515724,0.229898437857628,0.115014135837555,0.161316901445389,0.268736243247986,0.33665531873703,0.239009350538254,0.100915215909481,0.229456007480621,0.201448634266853,0.167136549949646,0.133326023817062,0,0,0.25934636592865,0.270892530679703,0,0.162676215171814,0,0.141303509473801,0,0.131518051028252,0.217552423477173,0.33087295293808,0.275007247924805,0.159870281815529,0.144145637750626,0.215074136853218,0,0,0,0.15102119743824,0.171683043241501,0.152053892612457,0.170417085289955,0.321085095405579,0.348334014415741,0.28824570775032,0.256273955106735,0.269159913063049,0.215955838561058,0.161378219723701,0.268206030130386,0.227748215198517,0.169276997447014,0.232363134622574,0.353271514177322,0.316682010889053,0.292710512876511,0.290924608707428,0.329039663076401,0.273532837629318,0.231888085603714,0.14174410700798,0.236670613288879,0.286863207817078,0.272884279489517,0.218287244439125,0.0184954740107059,0.00778979482129216,0.147733613848686,0.125822767615318,0.389725536108017,0.285009533166885,0.277902722358704,0.29039278626442,0.00582451047375798,0,0,0,0,0.227895438671112,0.187685042619705,0.216593012213707,0.213018476963043,0.188129231333733,0.333865821361542,0.364095628261566,0.167615935206413,0,0,0,0,0.148079290986061,0.175939962267876,0,0,0,0,0.0248134974390268,0,0,0,0,0,0,0,0,0,0,0,0,0,0.0851449593901634,0,0,0,0.174280643463135,0,0,0,0,0,0,0,0,0,0,0,0,0,0,0.103092081844807,0.0840649902820587,0.0599557794630527,0,0,0,0,0,0,0,0,0,0,0,0,0,0,0,0,0,0,0,0,0,0,0,0,0,0,0,0,0,0,0,0,0,0,0,0,0,0,0,0,0,13
Steinburg,0,0,0,0,0,0,0,0,0,0,0,0,0,0,0,0,0,0,0,0,0,0,0,0,0,0,0,0,0,0,0,0,0,0,0,0,0,0,0,0,0,0,0,0,0,0,0,0,0,0,0,0,0,0,0,0,0,0,0,0,0,0,0,0,0,0,0,0,0,0,0,0,0,0,0,0,0,0,0,0,0,0,0,0,0,0,0,0,0,0,0,0,0,0,0,0,0,0,0,0,0,0,0,0,0,0,0,0,0,0,0,0,0,0,0,0,0,0,0,0,0,0,0,0,0,0,0,0,0,0,0,0,0,0,0,0,0,0,0,0,0,0,0,0,0,0,0,0,0,0,0,0,0,0,0,0,0,0,0,0,0,0,0,0,0,0,0,0,0,0,0,0.0297615695744753,0.0291780978441238,0.0177827104926109,0,0,0.0164549332112074,0.0396595261991024,0,0,0.0723606795072556,0.111108466982841,0.102622382342815,0.0827505812048912,0.0955498367547989,0,0,0.0586961582303047,0.0981711521744728,0.0614658631384373,0.0767624825239182,0.101333074271679,0,0,0.107064962387085,0.10713205486536,0.209890753030777,0.0894816294312477,0,0.101638048887253,0.180547967553139,0.0789636820554733,0.11945366859436,0.212342157959938,0.259977459907532,0.165931224822998,1.11981362351798e-05,0.178381651639938,0.153624638915062,0.13247537612915,0.107914045453072,0,0,0.198007479310036,0.222920000553131,0,0.148966863751411,0.0422693006694317,0.119304589927197,0,0.0381808318197727,0.15407557785511,0.258075356483459,0.197569817304611,0.124653086066246,0.122030951082706,0.173716872930527,0,0,0,0.128212630748749,0.13766998052597,0.106039337813854,0.150783658027649,0.246548876166344,0.270514875650406,0.210802614688873,0.195930108428001,0.19281268119812,0.152831479907036,0.136010989546776,0.213052973151207,0.177184000611305,0.123442769050598,0.187910571694374,0.258591324090958,0.230701699852943,0.230324730277061,0.216886952519417,0.246321439743042,0.20789822936058,0.18371456861496,0.101861715316772,0.182742595672607,0.210004657506943,0.209932550787926,0.163772135972977,0,0.077670082449913,0.107691735029221,0.0592007413506508,0.297200977802277,0.208601281046867,0.200501322746277,0.226009532809258,0,0,0,0,0.0171991232782602,0.172069534659386,0.14527752995491,0.157504141330719,0.14564223587513,0.151414141058922,0.26177129149437,0.257844984531403,0.0606170669198036,0,0,0,0,0.11477405577898,0.133959129452705,0,0,0,0,0.0542996563017368,0,0,0,0,0,0,0,0,0,0,0,0,0,0.0320760495960712,0,0,0,0.131049662828445,0,0,0,0,0,0,0,0,0,0,0,0,0,0,0.0786583572626114,0.0699360519647598,0.0685916617512703,0,0,0,0,0,0,0,0,0,0,0,0,0,0,0,0,0,0,0,0,0,0,0,0,0,0,0,0,0,0,0,0,0,0,0,0,0,0,0,0,0,14
Stormarn,0,0,0,0,0,0,0,0,0,0,0,0,0,0,0,0,0,0,0,0,0,0,0,0,0,0,0,0,0,0,0,0,0,0,0,0,0,0,0,0,0,0,0,0,0,0,0,0,0,0,0,0,0,0,0,0,0,0,0,0,0,0,0,0,0,0,0,0,0,0,0,0,0,0,0,0,0,0,0,0,0,0,0,0,0,0,0,0,0,0,0,0,0,0,0,0,0,0,0,0,0,0,0,0,0,0,0,0,0,0,0,0,0,0,0,0,0,0,0,0,0,0,0,0,0.000140089701744728,0,0,0,0,0,0,0,0,0,0,0,0,0,0,0,0,0,0,0,0,0,0,0,0,0,0,0,0,0,0,0,0,0,0,0,0,0,0,0,0,0,0,0,0.00842256564646959,0.000122470853966661,0,0.0432422384619713,0.0500301904976368,0.0364191420376301,0,0,0.0433002337813377,0.062375895678997,0,0.0352697670459747,0.10056558996439,0.144131615757942,0.15933084487915,0.134122207760811,0.15688568353653,0.019018366932869,0,0.0936746075749397,0.107672832906246,0.0924842283129692,0.0979428812861443,0.133975774049759,0,0,0.159397125244141,0.158038452267647,0.285134762525558,0.140105471014977,0,0.1515893638134,0.254455238580704,0.132877036929131,0.17815899848938,0.286085695028305,0.370622396469116,0.277390092611313,0.140580832958221,0.255195498466492,0.232935503125191,0.187390208244324,0.153022363781929,0.0156222404912114,0.00138818786945194,0.299644589424133,0.295618057250977,0,0.160297855734825,0,0.168238922953606,0.0180304478853941,0.166015729308128,0.277039676904678,0.374995410442352,0.311790555715561,0.197455137968063,0.149136453866959,0.238755345344543,0,0,0,0.165839836001396,0.197240442037582,0.198675915598869,0.198984980583191,0.370621979236603,0.38105309009552,0.32878041267395,0.289366900920868,0.307649791240692,0.232462659478188,0.16655595600605,0.287449598312378,0.262446343898773,0.197507530450821,0.259378343820572,0.410156935453415,0.370325773954391,0.342796385288239,0.336720436811447,0.376752614974976,0.314139038324356,0.255044609308243,0.175390377640724,0.277609169483185,0.328125,0.304888606071472,0.242276668548584,0.0221536569297314,0.0236499886959791,0.178464204072952,0.193342417478561,0.436167359352112,0.328858613967896,0.32403889298439,0.3227718770504,0.0378793478012085,0,0,0,0,0.258349388837814,0.225195184350014,0.267290443181992,0.257388263940811,0.219646006822586,0.372719496488571,0.43249922990799,0.218197777867317,0,0,0,0,0.186205983161926,0.195289000868797,0,0,0,0,0.0112526770681143,0,0,0,0,0,0,0,0,0,0,0,0,0,0.0901474729180336,0,0,0,0.195480465888977,0,0,0,0,0,0,0,0,0,0,0,0,0,0,0.117696188390255,0.0905846804380417,0.0895826891064644,0,0,0,0,0,0,0,0,0,0,0,0,0,0,0,0,0,0,0,0,0,0,0,0,0,0,0,0,0,0,0,0,0,0,0,0,0,0,0,0,0,15
Hamburg,0,0,0,0,0,0,0,0,0,0,0,0,0,0,0,0,0,0,0,0,0,0,0,0,0,0,0,0,0,0,0,0,0,0,0,0,0,0,0,0,0,0,0,0,0,0,0,0,0,0,0,0,0,0,0,0,0,0,0,0,0,0,0,0,0,0,0,0,0,0,0,0,0,0,0,0,0,0,0,0,0,0,0,0,0,0,0,0,0,0,0,0,0,0,0,0,0,0,0,0,0,0,0,0,0,0,0,0,0,0,0,0,0,0,0,0,0,0,0,0,0,0,0,0,0.000658628647215664,0,0,0,0,0,0,0,0,0,0,0,0,0,0,0,0,0,0,0,0,0,0,0,0,0,0,0,0,0,0,0,0,0,0,0,0,0,0,0,0,0,0,4.3545358494157e-05,0.0234509445726871,0.0133486045524478,0.000393460999475792,0.0961984619498253,0.100984133780003,0.0723223760724068,0,0,0.105343975126743,0.130337163805962,0,0.00175872503314167,0.206525519490242,0.295713871717453,0.313063651323318,0.280976891517639,0.317426204681396,0.102477483451366,0,0.225458562374115,0.23508720099926,0.203145325183868,0.213668778538704,0.258387416601181,0,0,0.328493237495422,0.307456582784653,0.538113296031952,0.274144679307938,0.000430329266237095,0.307246446609497,0.49730983376503,0.257465481758118,0.334652066230774,0.538984000682831,0.701990962028503,0.522653162479401,0.261474370956421,0.513877153396606,0.467453122138977,0.366275042295456,0.322392702102661,0.159273788332939,0.152145355939865,0.596913278102875,0.587249457836151,0,0.302657961845398,0,0.351481407880783,0.191556513309479,0.328345566987991,0.568553745746613,0.745657563209534,0.577918529510498,0.439082503318787,0.338594555854797,0.458521991968155,0,0,0,0.317332595586777,0.423572957515717,0.413848012685776,0.445325076580048,0.736108899116516,0.728327989578247,0.626191735267639,0.576780378818512,0.585663080215454,0.407396227121353,0.330572605133057,0.540106892585754,0.533975720405579,0.392418205738068,0.539784014225006,0.799608051776886,0.720048069953918,0.679744601249695,0.657146155834198,0.741951107978821,0.623379290103912,0.488464415073395,0.366149514913559,0.568190038204193,0.627861618995667,0.582840621471405,0.472264468669891,0,0.108063034713268,0.338759064674377,0.429204940795898,0.845982074737549,0.620922029018402,0.637242674827576,0.611065983772278,0.0183130111545324,0,0,0,0,0.537047207355499,0.475318104028702,0.559310674667358,0.501962661743164,0.456432849168777,0.747890770435333,0.855426907539368,0.421844154596329,0,0,0,0,0.406882762908936,0.385675668716431,0,0,0,0,0.152721434831619,0,0,0,0,0,0,0,0,0,0,0,0,0,0.212512597441673,0,0,0,0.393245458602905,0,0,0,0,0,0,0,0,0,0,0,0,0,0,0.230104073882103,0.192824691534042,0.277430385351181,0,0,0,0,0,0,0,0,0,0,0,0,0,0,0,0,0,0,0,0,0,0,0,0,0,0,0,0,0,0,0,0,0,0,0,0,0,0,0,0,0,16
Braunschweig,0,0,0,0,0,0,0,0,0,0,0,0,0,0,0,0,0,0,0,0,0,0,0,0,0,0,0,0,0,0,0,0,0,0,0,0,0,0,0,0,0,0,0,0,0,0,0,0,0,0,0,0,0,0,0,0,0,0,0,0,0,0,0,0,0,0,0,0,0,0,0,0,0,0,0,0,0,0,0,0,0,0,0,0,0,0,0,0,0,0,0,0,0,0,0,0,0,0,0,0,0,0,0,0,0,0,0,0,0,0,0,0,0,0,0,0,0,0,0,0,0,0,0,0.000166229379829019,0.00148112431634218,0,0,0,0,0,0,0,0,0,0,0,0,0,0,0,0,0,0,0,0,0,0,0,0,0,0,0,0,0,0,0,0,0,0,0,0,0,0,0,0,0,0.0256355293095112,0.0254296828061342,0.0216632578521967,0.0108115701004863,0.0463804490864277,0.0879711657762527,0.0918196216225624,0.0611653253436089,0,0,0.067943811416626,0.116045482456684,0,0,0.154876902699471,0.212843477725983,0.255860686302185,0.267901003360748,0.261645525693893,0.171552255749702,0,0.232388898730278,0.23657688498497,0.182742565870285,0.169564887881279,0.176851958036423,0,0.160608440637589,0.279752850532532,0.255355179309845,0.404299706220627,0.288574665784836,0.190873697400093,0.225469201803207,0.391166865825653,0.24066287279129,0.219789028167725,0.401748925447464,0.505524694919586,0.472353786230087,0.310693800449371,0.451524555683136,0.441040426492691,0.369329065084457,0.324871122837067,0.256500214338303,0.246617436408997,0.422376483678818,0.356780201196671,0.302616149187088,0.206595927476883,0.210670322179794,0.324482619762421,0.295333802700043,0.320002406835556,0.519454061985016,0.61497300863266,0.508468508720398,0.407373875379562,0.378993809223175,0.450809091329575,0.205476433038712,0,0.289588212966919,0.25249108672142,0.409809917211533,0.416653484106064,0.445008635520935,0.627126097679138,0.547639966011047,0.548443615436554,0.496934175491333,0.477009743452072,0.261372238397598,0,0.326151430606842,0.454515099525452,0.405747503042221,0.595421314239502,0.724308133125305,0.619570314884186,0.5926913022995,0.587704062461853,0.639948070049286,0.57965886592865,0.340179532766342,0.341689258813858,0.479500830173492,0.58807510137558,0.526427686214447,0.349381148815155,0,0,0.398752689361572,0.477849125862122,0.754639267921448,0.568920493125916,0.631301164627075,0.51129549741745,0.333168148994446,0,0,0,0.199733719229698,0.522110819816589,0.470751911401749,0.546484291553497,0.442698329687119,0.360107570886612,0.665904879570007,0.836058080196381,0.477103501558304,0,0,0,0,0.39180800318718,0.374387621879578,0,0,0.252608090639114,0,0.128601089119911,0,0,0,0,0,0,0,0,0,0,0,0,0,0,0,0,0,0.358957260847092,0.224993199110031,0,0,0,0,0,0,0,0,0,0,0,0,0,0.249247461557388,0.238399162888527,0.297152489423752,0.167679384350777,0,0,0,0,0,0,0,0,0,0,0,0,0,0,0,0,0,0,0,0,0,0,0,0,0,0,0,0,0,0,0,0,0,0,0,0,0,0,0,0,17
Salzgitter,0,0,0,0,0,0,0,0,0,0,0,0,0,0,0,0,0,0,0,0,0,0,0,0,0,0,0,0,0,0,0,0,0,0,0,0,0,0,0,0,0,0,0,0,0,0,0,0,0,0,0,0,0,0,0,0,0,0,0,0,0,0,0,0,0,0,0,0,0,0,0,0,0,0,0,0,0,0,0,0,0,0,0,0,0,0,0,0,0,0,0,0,0,0,0,0,0,0,0,0,0,0,0,0,0,0,0,0,0,0,0,0,0,0,0,0,0,0,0,0,0,0,0,0.000106547333416529,0.00147142668720335,0,0,0,0,0,0,0,0,0,0,0,0,0,0,0,0,0,0,0,0,0,0,0,0,0,0,0,0,0,0,0,0,0,0,0,0,0,0,0,0,0,0.0175067558884621,0.0209210366010666,0.0169545896351337,0.00812959112226963,0.0402634739875793,0.0720101371407509,0.0752030313014984,0.0452245697379112,0,0,0.0445129498839378,0.0978952273726463,0,0,0.125253304839134,0.17598021030426,0.213600039482117,0.223364934325218,0.220992863178253,0.138589337468147,0,0.196118220686913,0.196093410253525,0.142768830060959,0.135098785161972,0.13490404188633,0,0.142075717449188,0.234337911009789,0.212283462285995,0.339796304702759,0.236666053533554,0.151068896055222,0.188698455691338,0.320177882909775,0.188454329967499,0.165020495653152,0.331440389156342,0.420450359582901,0.398817241191864,0.268112242221832,0.40117159485817,0.366279453039169,0.306643933057785,0.28215891122818,0.209813103079796,0.197267189621925,0.333686500787735,0.276195168495178,0.253985047340393,0.164682060480118,0.138143971562386,0.270809650421143,0.246400237083435,0.288018196821213,0.434932082891464,0.507922291755676,0.428571879863739,0.345891505479813,0.327994257211685,0.374692022800446,0.134922102093697,0,0.219161480665207,0.186292186379433,0.335567861795425,0.333451449871063,0.368133813142776,0.511794865131378,0.447430521249771,0.442688226699829,0.412422120571136,0.386675000190735,0.149067357182503,0,0.239610776305199,0.367995500564575,0.316293090581894,0.490667313337326,0.589822232723236,0.498605221509933,0.475733667612076,0.469253033399582,0.514657735824585,0.460660099983215,0.265247285366058,0.266053885221481,0.376451730728149,0.459326893091202,0.419914931058884,0.255629777908325,0,0,0.314100354909897,0.376940339803696,0.589256584644318,0.454620033502579,0.502873182296753,0.407165259122849,0.243135616183281,0,0,0,0.185362294316292,0.413781970739365,0.372362166643143,0.436946719884872,0.343931287527084,0.289485573768616,0.526412546634674,0.660179615020752,0.371008604764938,0,0,0,0,0.317687690258026,0.291346669197083,0,0,0.155200481414795,0,0.0838784202933311,0,0,0,0,0,0,0,0,0,0,0,0,0,0,0,0,0,0.268926650285721,0.186692029237747,0,0,0,0,0,0,0,0,0,0,0,0,0,0.194331645965576,0.196084201335907,0.240798935294151,0.143709942698479,0,0,0,0,0,0,0,0,0,0,0,0,0,0,0,0,0,0,0,0,0,0,0,0,0,0,0,0,0,0,0,0,0,0,0,0,0,0,0,0,18
Wolfsburg,0,0,0,0,0,0,0,0,0,0,0,0,0,0,0,0,0,0,0,0,0,0,0,0,0,0,0,0,0,0,0,0,0,0,0,0,0,0,0,0,0,0,0,0,0,0,0,0,0,0,0,0,0,0,0,0,0,0,0,0,0,0,0,0,0,0,0,0,0,0,0,0,0,0,0,0,0,0,0,0,0,0,0,0,0,0,0,0,0,0,0,0,0,0,0,0,0,0,0,0,0,0,0,0,0,0,0,0,0,0,0,0,0,0,0,0,0,0,0,0,0,0,0,0,0.000944846076890826,0,0,0,0,0,0,0,0,0,0,0,0,0,0,0,0,0,0,0,0,0,0,0,0,0,0,0,0,0,0,0,0,0,0,0,0,0,0,0,0,0,0.0236921776086092,0.0201282948255539,0.0157323759049177,0,0.0344082042574883,0.0748971402645111,0.0789653658866882,0.0575957149267197,0,0,0.0522725954651833,0.0920283123850822,0,0,0.129315674304962,0.174113139510155,0.212545126676559,0.224308684468269,0.213051930069923,0.143126979470253,0,0.184684336185455,0.196292325854301,0.153099581599236,0.14190798997879,0.153826534748077,0,0.117496490478516,0.230116352438927,0.201636001467705,0.327724605798721,0.23992657661438,0.147601127624512,0.163635104894638,0.319539159536362,0.191623881459236,0.184987932443619,0.323438137769699,0.408538907766342,0.375031501054764,0.239341214299202,0.337227523326874,0.351962774991989,0.293023496866226,0.253925770521164,0.203764259815216,0.198389768600464,0.356099426746368,0.296514868736267,0.231044933199883,0.163449093699455,0.157659888267517,0.250415623188019,0.231282353401184,0.228632971644402,0.406652063131332,0.484661281108856,0.396260052919388,0.314947843551636,0.286651015281677,0.35269957780838,0.157417118549347,0,0.229670435190201,0.208288609981537,0.306522011756897,0.323888212442398,0.336895704269409,0.497612744569778,0.430379122495651,0.433156311511993,0.384506613016129,0.369765371084213,0.228016629815102,0,0.263431787490845,0.340894103050232,0.322178244590759,0.45055627822876,0.556667566299438,0.481226533651352,0.454432606697083,0.450531959533691,0.490291833877563,0.443714529275894,0.261240184307098,0.257258534431458,0.368150323629379,0.458736568689346,0.407306849956512,0.294865936040878,0,0,0.305071741342545,0.361783593893051,0.577934086322784,0.428625851869583,0.474155813455582,0.394161999225616,0.255630046129227,0,0,0,0,0.377102941274643,0.345978170633316,0.398660808801651,0.333846658468246,0.250278621912003,0.48178431391716,0.615569531917572,0.360947161912918,0,0,0,0,0.258665323257446,0.282058537006378,0,0,0.184463918209076,0,0.0198971275240183,0,0,0,0,0,0,0,0,0,0,0,0,0,0,0,0,0,0.25275194644928,0.143478572368622,0,0,0,0,0,0,0,0,0,0,0,0,0,0.168311014771461,0.146934628486633,0.195174291729927,0.0886313170194626,0,0,0,0,0,0,0,0,0,0,0,0,0,0,0,0,0,0,0,0,0,0,0,0,0,0,0,0,0,0,0,0,0,0,0,0,0,0,0,0,19
Gifhorn,0,0,0,0,0,0,0,0,0,0,0,0,0,0,0,0,0,0,0,0,0,0,0,0,0,0,0,0,0,0,0,0,0,0,0,0,0,0,0,0,0,0,0,0,0,0,0,0,0,0,0,0,0,0,0,0,0,0,0,0,0,0,0,0,0,0,0,0,0,0,0,0,0,0,0,0,0,0,0,0,0,0,0,0,0,0,0,0,0,0,0,0,0,0,0,0,0,0,0,0,0,0,0,0,0,0,0,0,0,0,0,0,0,0,0,0,0,0,0,0,0,0,0,5.9019260589821e-08,0.000654586008749902,0,0,0,0,0,0,0,0,0,0,0,0,0,0,0,0,0,0,0,0,0,0,0,0,0,0,0,0,0,0,0,0,0,0,0,0,0,0,0,0,0,0.0212098248302937,0.0174003932625055,0.0153729571029544,0.00889991410076618,0.0276586003601551,0.0710126832127571,0.0762158185243607,0.0545314215123653,0,0,0.0527025274932384,0.0895516574382782,0,0,0.131480917334557,0.17460335791111,0.211598768830299,0.218224823474884,0.210828527808189,0.143834576010704,0,0.175228983163834,0.193103328347206,0.152767524123192,0.139712154865265,0.150653257966042,0,0.0907694473862648,0.225672975182533,0.196161568164825,0.322721540927887,0.232771903276443,0.142103344202042,0.154243990778923,0.319440513849258,0.187794521450996,0.19720558822155,0.321355819702148,0.416209191083908,0.371540457010269,0.230854406952858,0.343731105327606,0.353060960769653,0.281461298465729,0.237906947731972,0.196180701255798,0.180014505982399,0.35597351193428,0.307541221380234,0.200338140130043,0.141394689679146,0.131038263440132,0.237504914402962,0.226122796535492,0.234943315386772,0.412151753902435,0.490831017494202,0.391208440065384,0.310299932956696,0.251927524805069,0.337282240390778,0.0992770045995712,0,0.209935128688812,0.205243483185768,0.291962176561356,0.328714609146118,0.321006774902344,0.492309659719467,0.430882304906845,0.427242010831833,0.368045270442963,0.363519847393036,0.217755436897278,0.00573787512257695,0.279329210519791,0.344569474458694,0.310131460428238,0.441763162612915,0.555562913417816,0.474316269159317,0.454418212175369,0.44259712100029,0.48538064956665,0.432323634624481,0.263420790433884,0.252078801393509,0.350290179252625,0.438348591327667,0.385546416044235,0.264095962047577,0,0,0.276831179857254,0.337838798761368,0.571914732456207,0.42383348941803,0.452754974365234,0.384944319725037,0.233292669057846,0,0,0,3.81231839128304e-05,0.372217983007431,0.340330719947815,0.390024125576019,0.323313266038895,0.228384301066399,0.471531510353088,0.603632032871246,0.33829402923584,0,0,0,0,0.232989549636841,0.26960700750351,0,0,0.0652512162923813,0,0.0507053472101688,0,0,0,0,0,0,0,0,0,0,0,0,0,0,0,0,0,0.241488516330719,0.112854242324829,0,0,0,0,0,0,0,0,0,0,0,0,0,0.148760408163071,0.105351388454437,0.179478421807289,0.0318864211440086,0,0,0,0,0,0,0,0,0,0,0,0,0,0,0,0,0,0,0,0,0,0,0,0,0,0,0,0,0,0,0,0,0,0,0,0,0,0,0,0,20
Goslar,0,0,0,0,0,0,0,0,0,0,0,0,0,0,0,0,0,0,0,0,0,0,0,0,0,0,0,0,0,0,0,0,0,0,0,0,0,0,0,0,0,0,0,0,0,0,0,0,0,0,0,0,0,0,0,0,0,0,0,0,0,0,0,0,0,0,0,0,0,0,0,0,0,0,0,0,0,0,0,0,0,0,0,0,0,0,0,0,0,0,0,0,0,0,0,0,0,0,0,0,0,0,0,0,0,0,0,0,0,0,0,0,0,0,0,0,0,0,0,0,0,0,0,5.03591854794649e-06,0.000347689929185435,0,0,0,0,0,0,0,0,0,0,0,0,0,0,0,0,0,0,0,0,0,0,0,0,0,0,0,0,0,0,0,0,0,0,0,0,0,0,0,0,0,0.00207420368678868,0.00348128750920296,0.0021223658695817,0,0.0139897810295224,0.0285809729248285,0.0306875221431255,0.00593390874564648,0,0,0.0043313349597156,0.0378231629729271,0,0,0.0554425604641438,0.0811308994889259,0.105760507285595,0.117054723203182,0.112669587135315,0.0526278242468834,0,0.102680414915085,0.104886621236801,0.0370890349149704,0.0245183911174536,0.0178940817713737,0,0.0205855257809162,0.105395868420601,0.0891849994659424,0.194031655788422,0.117911860346794,0.0200271289795637,0.0796540603041649,0.183597341179848,0.0332013107836246,0.0215042047202587,0.184471547603607,0.247545123100281,0.245955049991608,0.172151774168015,0.257305979728699,0.201084956526756,0.171866044402122,0.158884033560753,0.0600996389985085,0.0605066679418087,0.183203816413879,0.111081048846245,0.0721735656261444,0.0228029377758503,0.0141975376754999,0.0969559773802757,0.116572350263596,0.179574027657509,0.263092398643494,0.313505679368973,0.266099274158478,0.221057906746864,0.212740898132324,0.221296221017838,0.0142739536240697,0,0.0295785889029503,0.0240048486739397,0.159284293651581,0.180479288101196,0.216837704181671,0.319484949111938,0.266858220100403,0.26296079158783,0.250492334365845,0.201348632574081,0.0140406526625156,0,0.0306823551654816,0.167364895343781,0.102210693061352,0.272945076227188,0.346588164567947,0.29613846540451,0.274394303560257,0.274284452199936,0.296930938959122,0.249950855970383,0.130647674202919,0.0473824962973595,0.18235194683075,0.248248621821404,0.217002436518669,0.0453656949102879,0,0,0.104418009519577,0.187412738800049,0.317625761032104,0.24769127368927,0.271582812070847,0.217413946986198,0.0317238420248032,0,0,0,0.026391264051199,0.196261793375015,0.181290164589882,0.233343422412872,0.17433212697506,0.11965948343277,0.273113071918488,0.3543441593647,0.178554818034172,0,0,0,0,0.0933324918150902,0.077148899435997,0,0.00226820050738752,0.015686422586441,0,0,0,0,0,0,0,0,0,0,0,0,0,0,0,0,0,0,0,0.101443894207478,0.0508081316947937,0,0,0,0,0,0,0,0,0,0,0,0,0,0.073579840362072,0.0751683935523033,0.107088528573513,0.0575327984988689,0,0,0,0,0,0,0,0,0,0,0,0,0,0,0,0,0,0,0,0,0,0,0,0,0,0,0,0,0,0,0,0,0,0,0,0,0,0,0,0,21
Helmstedt,0,0,0,0,0,0,0,0,0,0,0,0,0,0,0,0,0,0,0,0,0,0,0,0,0,0,0,0,0,0,0,0,0,0,0,0,0,0,0,0,0,0,0,0,0,0,0,0,0,0,0,0,0,0,0,0,0,0,0,0,0,0,0,0,0,0,0,0,0,0,0,0,0,0,0,0,0,0,0,0,0,0,0,0,0,0,0,0,0,0,0,0,0,0,0,0,0,0,0,0,0,0,0,0,0,0,0,0,0,0,0,0,0,0,0,0,0,0,0,0,0,0,0,4.99667585245334e-05,0.000979689415544271,0,0,0,0,0,0,0,0,0,0,0,0,0,0,0,0,0,0,0,0,0,0,0,0,0,0,0,0,0,0,0,0,0,0,0,0,0,0,0,0,0,0.0193857979029417,0.0190148241817951,0.00706539629027247,0,0.0327025316655636,0.0688294991850853,0.073195718228817,0.0527308657765388,0,0,0.0439763627946377,0.0871117934584618,0,0,0.117834776639938,0.160831838846207,0.202067628502846,0.216453090310097,0.205562561750412,0.136722072958946,0,0.174342036247253,0.179016888141632,0.141718775033951,0.129323795437813,0.138204604387283,0,0.116279266774654,0.22272577881813,0.194769024848938,0.320039838552475,0.232700154185295,0.130966767668724,0.163898080587387,0.307514697313309,0.171434462070465,0.160809502005577,0.306115955114365,0.394130229949951,0.370345264673233,0.241500481963158,0.336058497428894,0.338389873504639,0.297112613916397,0.265192061662674,0.201430171728134,0.197659611701965,0.341571360826492,0.27531823515892,0.235317811369896,0.163589313626289,0.157332956790924,0.249392852187157,0.228319570422173,0.236815646290779,0.399898082017899,0.475992381572723,0.393759369850159,0.309572249650955,0.299934327602386,0.354641437530518,0.16303476691246,0,0.223792120814323,0.18901215493679,0.306530505418777,0.311889350414276,0.338622897863388,0.485367566347122,0.42861333489418,0.42214447259903,0.389339864253998,0.370852798223495,0.218899235129356,0,0.243761494755745,0.333045363426208,0.314620673656464,0.450754672288895,0.551522374153137,0.486138135194778,0.453000724315643,0.452450543642044,0.486723780632019,0.434286773204803,0.256360203027725,0.245209202170372,0.36870938539505,0.450095921754837,0.41551285982132,0.302207767963409,0,0,0.307704538106918,0.363370388746262,0.567015826702118,0.426618695259094,0.474258244037628,0.397386908531189,0.250750064849854,0.0253886338323355,0.0166761707514524,0,0.0353982001543045,0.369647264480591,0.342265903949738,0.395558029413223,0.342756658792496,0.268988370895386,0.479876577854156,0.610123753547668,0.370366632938385,0,0,0,0,0.26588848233223,0.285307645797729,0,0.0280289314687252,0.20081415772438,0,0.00853338185697794,0,0,0,0,0,0,0,0,0,0,0,0,0,0,0,0,0,0.244526565074921,0.137844026088715,0,0,0,0,0,0,0,0,0,0,0,0,0,0.164073452353477,0.155414506793022,0.190107047557831,0.0828160047531128,0,0,0,0,0,0,0,0.0126907173544168,0,0,0,0,0,0,0,0,0,0,0,0,0,0,0,0,0,0,0,0,0,0,0,0,0,0,0,0,0,0,0,0,22
Northeim,0,0,0,0,0,0,0,0,0,0,0,0,0,0,0,0,0,0,0,0,0,0,0,0,0,0,0,0,0,0,0,0,0,0,0,0,0,0,0,0,0,0,0,0,0,0,0,0,0,0,0,0,0,0,0,0,0,0,0,0,0,0,0,0,0,0,0,0,0,0,0,0,0,0,0,0,0,0,0,0,0,0,0,0,0,0,0,0,0,0,0,0,0,0,0,0,0,0,0,0,0,0,0,0,0,0,0,0,0,0,0,0,0,0,0,0,0,0,0,0,0,0,0,0,5.38094609510154e-05,0,0,0,0,0,0,0,0,0,0,0,0,0,0,0,0,0,0,0,0,0,0,0,0,0,0,0,0,0,0,0,0,0,0,0,0,0,0,0,0,0,0,0.00224537961184978,0,0,0.0265283808112144,0.053635947406292,0.0527921654284,0,0,0,0,0.068724736571312,0,0,0.105681493878365,0.142168074846268,0.168734416365623,0.201942250132561,0.180681586265564,0.108174122869968,0.054685041308403,0.174625903367996,0.199244201183319,0.107428871095181,0.070895180106163,0,0,0.0121312597766519,0.125204622745514,0.148645862936974,0.293657660484314,0.211739510297775,0.0184497889131308,0.16096442937851,0.28991287946701,0.136732324957848,0,0.301319420337677,0.379999816417694,0.383662074804306,0.300004541873932,0.403685718774796,0.331611216068268,0.277265608310699,0.273823767900467,0.192345932126045,0.199783802032471,0.299933016300201,0.187204226851463,0.197938293218613,0,0,0.246057108044624,0.254630416631699,0.335265874862671,0.416089951992035,0.483473777770996,0.429093033075333,0.391188234090805,0.367509216070175,0.357645779848099,0,0,0,0,0.283930450677872,0.322990596294403,0.376000702381134,0.505232870578766,0.416669279336929,0.424450516700745,0.416471421718597,0.337450563907623,0,0,0.000482985691633075,0.291416466236115,0.252908676862717,0.440144270658493,0.548069059848785,0.470629155635834,0.432036370038986,0.447830677032471,0.469115495681763,0.406463295221329,0.221522569656372,0.129161521792412,0.276833981275558,0.361520320177078,0.333592981100082,0.133681729435921,0,0,0.271898120641708,0.342899531126022,0.507425487041473,0.420274913311005,0.444676250219345,0.331877380609512,0,0,0,0,0.0564386136829853,0.323535770177841,0.301575183868408,0.398387759923935,0.319058030843735,0.253713190555573,0.432459503412247,0.542620718479156,0.283411741256714,0,0,0,0,0.144362926483154,0.207111492753029,0,0,0,0,0,0,0,0,0,0,0,0,0,0,0,0,0,0,0,0,0,0,0.155739605426788,0.0969921872019768,0,0,0,0,0,0,0,0,0,0,0,0,0,0.088030718266964,0.0109642809256911,0.0539838783442974,0,0,0,0,0,0,0,0,0,0,0,0,0,0,0,0,0,0,0,0,0,0,0,0,0,0,0,0,0,0,0,0,0,0,0,0,0,0,0,0,0,23
Peine,0,0,0,0,0,0,0,0,0,0,0,0,0,0,0,0,0,0,0,0,0,0,0,0,0,0,0,0,0,0,0,0,0,0,0,0,0,0,0,0,0,0,0,0,0,0,0,0,0,0,0,0,0,0,0,0,0,0,0,0,0,0,0,0,0,0,0,0,0,0,0,0,0,0,0,0,0,0,0,0,0,0,0,0,0,0,0,0,0,0,0,0,0,0,0,0,0,0,0,0,0,0,0,0,0,0,0,0,0,0,0,0,0,0,0,0,0,0,0,0,0,0,0,5.40690125490073e-05,0.00120137818157673,0,0,0,0,0,0,0,0,0,0,0,0,0,0,0,0,0,0,0,0,0,0,0,0,0,0,0,0,0,0,0,0,0,0,0,0,0,0,0,0,0,0.0213661901652813,0.0213219746947289,0.0207248795777559,0.0175003632903099,0.0416934713721275,0.0785331502556801,0.0811413526535034,0.0518470630049706,0,0,0.0603112578392029,0.103064030408859,0,0,0.140625908970833,0.192597970366478,0.226722851395607,0.236996874213219,0.231055110692978,0.15191051363945,0,0.207038298249245,0.215694069862366,0.163925543427467,0.153139665722847,0.156413152813911,0,0.145601823925972,0.240199014544487,0.224024474620819,0.352288156747818,0.249594077467918,0.17406702041626,0.19496214389801,0.340903908014297,0.208149775862694,0.192548960447311,0.353576183319092,0.44781368970871,0.412322282791138,0.277932733297348,0.406933784484863,0.387801080942154,0.316801339387894,0.276732236146927,0.224648401141167,0.202067509293556,0.359100908041,0.304978609085083,0.253786623477936,0.173073932528496,0.176061972975731,0.274130761623383,0.257351100444794,0.285720020532608,0.450513035058975,0.530121326446533,0.436751872301102,0.352017611265182,0.316167324781418,0.379639893770218,0.152847036719322,0,0.229621961712837,0.215674489736557,0.34086611866951,0.356838464736938,0.37048664689064,0.525478780269623,0.460011512041092,0.458075881004333,0.419973075389862,0.400981307029724,0.195749506354332,0,0.279656559228897,0.387599438428879,0.334099560976028,0.499833703041077,0.606645345687866,0.51047682762146,0.49057012796402,0.482508838176727,0.528631448745728,0.475115120410919,0.272325307130814,0.279827177524567,0.382803976535797,0.465096890926361,0.423130452632904,0.267382174730301,0,0,0.310229778289795,0.378849178552628,0.614218771457672,0.465303540229797,0.507139682769775,0.413844496011734,0.254584670066833,0,0,0,0.109540022909641,0.419122785329819,0.375463008880615,0.441613972187042,0.345269978046417,0.284124374389648,0.531688392162323,0.665443480014801,0.366836935281754,0,0,0,0,0.308167159557343,0.297401070594788,0,0,0.108924455940723,0,0.133909240365028,0,0,0,0,0,0,0,0,0,0,0,0,0,0,0,0,0,0.274133741855621,0.174979761242867,0,0,0,0,0,0,0,0,0,0,0,0,0,0.190266132354736,0.171194329857826,0.223757743835449,0.0891412645578384,0,0,0,0,0,0,0,0,0,0,0,0,0,0,0,0,0,0,0,0,0,0,0,0,0,0,0,0,0,0,0,0,0,0,0,0,0,0,0,0,24
Wolfenbüttel,0,0,0,0,0,0,0,0,0,0,0,0,0,0,0,0,0,0,0,0,0,0,0,0,0,0,0,0,0,0,0,0,0,0,0,0,0,0,0,0,0,0,0,0,0,0,0,0,0,0,0,0,0,0,0,0,0,0,0,0,0,0,0,0,0,0,0,0,0,0,0,0,0,0,0,0,0,0,0,0,0,0,0,0,0,0,0,0,0,0,0,0,0,0,0,0,0,0,0,0,0,0,0,0,0,0,0,0,0,0,0,0,0,0,0,0,0,0,0,0,0,0,0,0.000130998858367093,0.00135468551889062,0,0,0,0,0,0,0,0,0,0,0,0,0,0,0,0,0,0,0,0,0,0,0,0,0,0,0,0,0,0,0,0,0,0,0,0,0,0,0,0,0,0.0178053397685289,0.0205708127468824,0.0152947017922997,0.000743727257940918,0.0379985347390175,0.0707654505968094,0.0746781453490257,0.0473716109991074,0,0,0.0432801209390163,0.0948400124907494,0,0,0.122509345412254,0.170512855052948,0.21135413646698,0.222354754805565,0.218871131539345,0.139574244618416,0,0.189367651939392,0.189720705151558,0.143337532877922,0.131175965070724,0.138131126761436,0,0.138133227825165,0.235488474369049,0.210647523403168,0.338263481855392,0.239016681909561,0.146250575780869,0.185806110501289,0.319746375083923,0.184890598058701,0.16300106048584,0.327105015516281,0.413720160722733,0.393433272838593,0.2628473341465,0.383985161781311,0.360574215650558,0.309995234012604,0.285112887620926,0.21038493514061,0.201696559786797,0.34062534570694,0.279627054929733,0.255424052476883,0.170194879174232,0.148578032851219,0.27356219291687,0.246658444404602,0.278174340724945,0.429450750350952,0.504880905151367,0.42422342300415,0.339507400989532,0.328653573989868,0.374790608882904,0.14900167286396,0,0.22455045580864,0.189258277416229,0.333950221538544,0.328643083572388,0.365482687950134,0.514224886894226,0.447908759117126,0.443625152111053,0.410473138093948,0.386615246534348,0.175804316997528,0,0.237990513443947,0.36023285984993,0.324334472417831,0.484927654266357,0.585605382919312,0.503634333610535,0.476184904575348,0.473003804683685,0.514899075031281,0.45955166220665,0.268653333187103,0.263850659132004,0.382772982120514,0.466119945049286,0.427439987659454,0.279512256383896,0,0,0.322382241487503,0.382377415895462,0.592202007770538,0.453974992036819,0.504576861858368,0.413738340139389,0.253059506416321,0.0192289371043444,0,0,0.16051921248436,0.410222828388214,0.371653079986572,0.431739509105682,0.355484366416931,0.29157492518425,0.523918569087982,0.657213449478149,0.381570279598236,0,0,0,0,0.309147208929062,0.297898083925247,0,0.0568159110844135,0.180093333125114,0,0.00752768246456981,0,0,0,0,0,0,0,0,0,0,0,0,0,0,0,0,0,0.268316894769669,0.176727846264839,0,0,0,0,0,0,0,0,0,0,0,0,0,0.19093219935894,0.18793448805809,0.231081441044807,0.137330070137978,0,0,0,0,0,0,0,0.0100948708131909,0,0,0,0,0,0,0,0,0,0,0,0,0,0,0,0,0,0,0,0,0,0,0,0,0,0,0,0,0,0,0,0,25
Göttingen,0,0,0,0,0,0,0,0,0,0,0,0,0,0,0,0,0,0,0,0,0,0,0,0,0,0,0,0,0,0,0,0,0,0,0,0,0,0,0,0,0,0,0,0,0,0,0,0,0,0,0,0,0,0,0,0,0,0,0,0,0,0,0,0,0,0,0,0,0,0,0,0,0,0,0,0,0,0,0,0,0,0,0,0,0,0,0,0,0,0,0,0,0,0,0,0,0,0,0,0,0,0,0,0,0,0,0,0,0,0,0,0,0,0,0,0,0,0,0,0,0,0,0,0,6.42254281046917e-06,0,0,0,0,0,0,0,0,0,0,0,0,0,0,0,0,0,0,0,0,0,0,0,0,0,0,0,0,0,0,0,0,0,0,0,0,0,0,0,0,0,0,0.000216098211240023,0,0,0.0269863177090883,0.0529187992215157,0.0544550716876984,0.000396260089473799,0,0,0,0.0688527300953865,0,0,0.106045551598072,0.142988190054893,0.179188713431358,0.212485268712044,0.187173470854759,0.111496448516846,0.0841197520494461,0.187096744775772,0.202199012041092,0.100056782364845,0.0753475725650787,0,0,0.0150218876078725,0.102720715105534,0.139760702848434,0.318155258893967,0.235018163919449,0,0.166181683540344,0.311907172203064,0.124072648584843,0,0.319123506546021,0.402994990348816,0.422993361949921,0.343850344419479,0.431082874536514,0.347463816404343,0.296971529722214,0.297149658203125,0.194516152143478,0.214284643530846,0.326811879873276,0.173670560121536,0.184647709131241,0,0,0.242890894412994,0.2785784304142,0.37235626578331,0.45079842209816,0.517137885093689,0.466902405023575,0.452349483966827,0.406372636556625,0.38849076628685,0,0,0.0196272227913141,0,0.283929198980331,0.358568161725998,0.418443143367767,0.558230698108673,0.456084370613098,0.461458057165146,0.46271625161171,0.350124716758728,0,0,0,0.284886479377747,0.251509100198746,0.46820655465126,0.582268059253693,0.524148344993591,0.475136578083038,0.492524892091751,0.516431987285614,0.450596928596497,0.292139768600464,0.17194364964962,0.3023541867733,0.405762434005737,0.366180449724197,0.116394534707069,0,0,0.278929561376572,0.374157100915909,0.529933750629425,0.453488171100616,0.480000853538513,0.377623826265335,0,0,0,0,0.160187482833862,0.336638987064362,0.33684241771698,0.43451189994812,0.352715492248535,0.279855728149414,0.459914147853851,0.577388823032379,0.313373655080795,0,0,0,0,0.148347243666649,0.215016260743141,0,0,0,0,0,0,0,0,0,0,0,0,0,0,0,0,0,0,0,0,0,0,0.127359613776207,0.0359990634024143,0,0,0,0,0,0,0,0,0,0,0,0,0,0.0558595061302185,0.0105524659156799,0.0615386925637722,0.00414094608277082,0,0,0,0,0,0,0,0,0,0,0,0,0,0,0,0,0,0,0,0,0,0,0,0,0,0,0,0,0,0,0,0,0,0,0,0,0,0,0,0,26
Region Hannover,0,0,0,0,0,0,0,0,0,0,0,0,0,0,0,0,0,0,0,0,0,0,0,0,0,0,0,0,0,0,0,0,0,0,0,0,0,0,0,0,0,0,0,0,0,0,0,0,0,0,0,0,0,0,0,0,0,0,0,0,0,0,0,0,0,0,0,0,0,0,0,0,0,0,0,0,0,0,0,0,0,0,0,0,0,0,0,0,0,0,0,0,0,0,0,0,0,0,0,0,0,0,0,0,0,0,0,0,0,0,0,0,0,0,0,0,0,0,0,0,0,0,0,0.000155853689648211,0.000878871418535709,0,0,0,0,0,0,0,0,0,0,0,0,0,0,0,0,0,0,0,0,0,0,0,0,0,0,0,0,0,0,0,0,0,0,0,0,0,0,0,0,0,0.0154642909765244,0.0222873762249947,0.0287332702428102,0.0238493643701077,0.0509794726967812,0.0895315334200859,0.0889086350798607,0.0453509949147701,0,0,0.0755674839019775,0.118232578039169,0,0.0160146486014128,0.161066934466362,0.226946592330933,0.251646965742111,0.267299264669418,0.25621086359024,0.172789633274078,2.5733237634995e-05,0.244142979383469,0.278326630592346,0.196297332644463,0.179131045937538,0.181446880102158,0,0.182306662201881,0.254656702280045,0.254060655832291,0.392263859510422,0.269059062004089,0.202066004276276,0.229884594678879,0.389446586370468,0.233714431524277,0.179767802357674,0.409884363412857,0.516184747219086,0.456817984580994,0.331413626670837,0.499826699495316,0.440420627593994,0.352538049221039,0.29895094037056,0.266801118850708,0.21082691848278,0.382865250110626,0.329857707023621,0.284588068723679,0.203816205263138,0.229280292987823,0.309464156627655,0.309455364942551,0.361147999763489,0.514851927757263,0.592933297157288,0.486305058002472,0.410377085208893,0.361501723527908,0.409601718187332,0.103202790021896,0,0.233494028449059,0.272106260061264,0.386368244886398,0.420910239219666,0.429141312837601,0.593298435211182,0.503517389297485,0.495572686195374,0.478661388158798,0.44590362906456,0.153031334280968,0.0958637073636055,0.338211983442307,0.454314053058624,0.373502939939499,0.552320599555969,0.670708119869232,0.56394749879837,0.541153788566589,0.536976873874664,0.582833409309387,0.518728673458099,0.306001901626587,0.327898144721985,0.433811992406845,0.473153650760651,0.445030063390732,0.309574455022812,0,0.0230481047183275,0.308252245187759,0.437391489744186,0.688260197639465,0.526537895202637,0.556926906108856,0.457602173089981,0.244053184986115,0,0.0472159832715988,0,0.225488349795341,0.496002495288849,0.429958462715149,0.495855540037155,0.405138224363327,0.374059498310089,0.611260235309601,0.720587551593781,0.357835948467255,0,0,0,0,0.363005459308624,0.319087833166122,0,0,0,0,0.110516048967838,0,0,0,0,0,0,0,0,0,0,0,0,0,0,0,0,0,0.288437992334366,0.202428460121155,0,0,0,0,0,0,0,0,0,0,0,0,0,0.219596102833748,0.162113517522812,0.243706777691841,0.0329865179955959,0,0,0,0,0,0,0,0,0,0,0,0,0,0,0,0,0,0,0,0,0,0,0,0,0,0,0,0,0,0,0,0,0,0,0,0,0,0,0,0,27
Diepholz,0,0,0,0,0,0,0,0,0,0,0,0,0,0,0,0,0,0,0,0,0,0,0,0,0,0,0,0,0,0,0,0,0,0,0,0,0,0,0,0,0,0,0,0,0,0,0,0,0,0,0,0,0,0,0,0,0,0,0,0,0,0,0,0,0,0,0,0,0,0,0,0,0,0,0,0,0,0,0,0,0,0,0,0,0,0,0,0,0,0,0,0,0,0,0,0,0,0,0,0,0,0,0,0,0,0,0,0,0,0,0,0,0,0,0,0,0,0,0,0,0,0,0,8.53629608172923e-05,0.000889751187060028,0,0,0,0,0,0,0,0,0,0,0,0,0,0,0,0,0,0,0,0,0,0,0,0,0,0,0,0,0,0,0,0,0,0,0,0,0,0,0,0,0,0.000289432529825717,0.0101712243631482,0.0208389796316624,0.0167161505669355,0.0516474582254887,0.0844704583287239,0.075348474085331,0.000646808242890984,0,0,0.0846921056509018,0.0968252047896385,0,0.0296569839119911,0.123112842440605,0.218298971652985,0.222637444734573,0.233459278941154,0.23005037009716,0.144466802477837,0.00119276402983814,0.22801248729229,0.265211760997772,0.165302991867065,0.135245680809021,0.163873255252838,0,0.166011780500412,0.206183403730392,0.216196060180664,0.341784298419952,0.205173686146736,0.176089569926262,0.201492667198181,0.351706862449646,0.189108237624168,0.17825885117054,0.368905901908875,0.474768251180649,0.376466155052185,0.290183842182159,0.482688933610916,0.381056278944016,0.284194380044937,0.251667410135269,0.218961104750633,0.181147709488869,0.321580708026886,0.299495726823807,0.245621055364609,0.233225181698799,0.198784753680229,0.251058399677277,0.262612074613571,0.311620891094208,0.435163706541061,0.519083499908447,0.399863868951797,0.349905908107758,0.336524158716202,0.347589462995529,0.00238595088012516,0,0.177531585097313,0.26580685377121,0.345517009496689,0.362093240022659,0.363228887319565,0.526303827762604,0.45738422870636,0.410012274980545,0.450465470552444,0.368708044290543,0.0758650451898575,0.221925094723701,0.37116327881813,0.416294395923615,0.296423375606537,0.442909002304077,0.542878866195679,0.481560736894608,0.460521012544632,0.428427159786224,0.496109187602997,0.413772732019424,0.225591525435448,0.251811295747757,0.375944823026657,0.355027943849564,0.346554189920425,0.318193674087524,0,0.200119957327843,0.151693359017372,0.355360388755798,0.554267466068268,0.432400315999985,0.442500531673431,0.373304009437561,0.00320637179538608,0,0.00264356634579599,0.00259259226731956,0.260862171649933,0.432778835296631,0.344765990972519,0.437707483768463,0.339145004749298,0.359344840049744,0.52364456653595,0.561352372169495,0.253913044929504,0,0,0,0,0.303592443466187,0.247528359293938,0,0,0,0,0.161883920431137,0,0,0,0,0,0,0,0,0,0,0,0,0,0,0,0,0,0.238699018955231,0.0708681866526604,0,0,0,0,0,0,0,0,0,0,0,0,0,0.168288305401802,0.110089793801308,0.204408556222916,0,0,0,0,0,0,0,0,0,0,0,0,0,0,0,0,0,0,0,0,0,0,0,0,0,0,0,0,0,0,0,0,0,0,0,0,0,0,0,0,0,28
Hameln-Pyrmont,0,0,0,0,0,0,0,0,0,0,0,0,0,0,0,0,0,0,0,0,0,0,0,0,0,0,0,0,0,0,0,0,0,0,0,0,0,0,0,0,0,0,0,0,0,0,0,0,0,0,0,0,0,0,0,0,0,0,0,0,0,0,0,0,0,0,0,0,0,0,0,0,0,0,0,0,0,0,0,0,0,0,0,0,0,0,0,0,0,0,0,0,0,0,0,0,0,0,0,0,0,0,0,0,0,0,0,0,0,0,0,0,0,0,0,0,0,0,0,0,0,0,0,1.16617338790093e-05,0.00014934764476493,0,0,0,0,0,0,0,0,0,0,0,0,0,0,0,0,0,0,0,0,0,0,0,0,0,0,0,0,0,0,0,0,0,0,0,0,0,0,0,0,0,0,0.0112086189910769,0.0196100473403931,0.0111718298867345,0.0402055494487286,0.0717319697141647,0.0703829601407051,0,0,0,0.0492393933236599,0.0981747359037399,0,0.0141014382243156,0.126680433750153,0.185175910592079,0.2019062936306,0.234038293361664,0.215849488973618,0.135129541158676,0.0487926825881004,0.206767484545708,0.254086494445801,0.146910294890404,0.125491857528687,0.0722561329603195,0,0.141419097781181,0.192924752831459,0.201660990715027,0.336898565292358,0.226146191358566,0.144711956381798,0.195327088236809,0.33006426692009,0.183124795556068,0,0.349290162324905,0.434008628129959,0.407903671264648,0.315122723579407,0.474035084247589,0.380741894245148,0.305453479290009,0.267559170722961,0.237156167626381,0.212468519806862,0.319833070039749,0.234297886490822,0.256375312805176,0.0966766029596329,0.17269079387188,0.276949524879456,0.286570072174072,0.36556950211525,0.463227361440659,0.519804239273071,0.45070618391037,0.394234389066696,0.377542972564697,0.365322530269623,0.00695639010518789,0,0.141018226742744,0.15703658759594,0.338067352771759,0.371679365634918,0.414325922727585,0.548345804214478,0.441573977470398,0.443380951881409,0.452788352966309,0.382812350988388,0,0,0.243958830833435,0.369818836450577,0.301974892616272,0.48465695977211,0.596181333065033,0.494645923376083,0.469729989767075,0.479952186346054,0.506042420864105,0.450191527605057,0.247494027018547,0.248370453715324,0.359428226947784,0.394425332546234,0.361406683921814,0.224837720394135,0,0,0.272431671619415,0.405611783266068,0.601085186004639,0.469878196716309,0.495478600263596,0.369060486555099,0.0261803269386292,0,0,0,0.268697410821915,0.43993866443634,0.367326587438583,0.450418770313263,0.360793918371201,0.343916237354279,0.52993255853653,0.623421669006348,0.28716579079628,0,0,0,0,0.294218748807907,0.233077749609947,0,0,0,0,0,0,0,0,0,0,0,0,0,0,0,0,0,0,0,0,0,0,0.218524113297462,0.164825201034546,0,0,0,0,0,0,0,0,0,0,0,0,0,0.167969167232513,0.130887240171432,0.178317904472351,0.0266093239188194,0,0,0,0,0,0,0,0,0,0,0,0,0,0,0,0,0,0,0,0,0,0,0,0,0,0,0,0,0,0,0,0,0,0,0,0,0,0,0,0,29
Hildesheim,0,0,0,0,0,0,0,0,0,0,0,0,0,0,0,0,0,0,0,0,0,0,0,0,0,0,0,0,0,0,0,0,0,0,0,0,0,0,0,0,0,0,0,0,0,0,0,0,0,0,0,0,0,0,0,0,0,0,0,0,0,0,0,0,0,0,0,0,0,0,0,0,0,0,0,0,0,0,0,0,0,0,0,0,0,0,0,0,0,0,0,0,0,0,0,0,0,0,0,0,0,0,0,0,0,0,0,0,0,0,0,0,0,0,0,0,0,0,0,0,0,0,0,0,0.000663175480440259,0,0,0,0,0,0,0,0,0,0,0,0,0,0,0,0,0,0,0,0,0,0,0,0,0,0,0,0,0,0,0,0,0,0,0,0,0,0,0,0,0,0.00512768654152751,0.0116704804822803,0.0143380397930741,0.00571181764826179,0.034017276018858,0.0638253465294838,0.0639011710882187,0.0251300521194935,0,0,0.0174837447702885,0.0832551941275597,0,0,0.115403138101101,0.158461973071098,0.186051592230797,0.206933155655861,0.195056393742561,0.120855569839478,7.83920477260835e-05,0.17861020565033,0.203121691942215,0.131468698382378,0.115871712565422,0.0659155696630478,0,0.111560635268688,0.185545563697815,0.180808067321777,0.301374435424805,0.214794248342514,0.133158400654793,0.165532857179642,0.288904160261154,0.163306638598442,0.0781484171748161,0.307068020105362,0.386272668838501,0.367397159337997,0.267138093709946,0.395085066556931,0.340066492557526,0.2795070707798,0.259295731782913,0.203122332692146,0.177390486001968,0.291678190231323,0.226261377334595,0.228875562548637,0.128109708428383,0.0996022447943687,0.249286875128746,0.241210371255875,0.299290657043457,0.406848967075348,0.468779116868973,0.403469204902649,0.338669806718826,0.321130007505417,0.344436466693878,0.0465251058340073,0,0.145915031433105,0.0719943344593048,0.296836972236633,0.314225852489471,0.346924096345901,0.473842918872833,0.404543071985245,0.406123608350754,0.387131899595261,0.345607161521912,0.0207515191286802,0,0.184487387537956,0.326157420873642,0.275418341159821,0.440924108028412,0.53590714931488,0.449829041957855,0.425312101840973,0.426768988370895,0.457696676254272,0.407267868518829,0.221731498837471,0.213812112808228,0.305078774690628,0.369026213884354,0.34694042801857,0.209765091538429,0,0,0.260988712310791,0.332104682922363,0.524840474128723,0.409755647182465,0.442446410655975,0.348967730998993,0.106740765273571,0,0,0,0.0882813557982445,0.357696056365967,0.315781772136688,0.389166384935379,0.303084313869476,0.25645312666893,0.45031926035881,0.56163477897644,0.297929167747498,0,0,0,0,0.238517194986343,0.238714307546616,0,0,0.00541525846347213,0,0.00489197485148907,0,0,0,0,0,0,0,0,0,0,0,0,0,0,0,0,0,0.202211454510689,0.156642690300941,0,0,0,0,0,0,0,0,0,0,0,0,0,0.152861177921295,0.121630288660526,0.171391576528549,0.0362519696354866,0,0,0,0,0,0,0,0,0,0,0,0,0,0,0,0,0,0,0,0,0,0,0,0,0,0,0,0,0,0,0,0,0,0,0,0,0,0,0,0,30
Holzminden,0,0,0,0,0,0,0,0,0,0,0,0,0,0,0,0,0,0,0,0,0,0,0,0,0,0,0,0,0,0,0,0,0,0,0,0,0,0,0,0,0,0,0,0,0,0,0,0,0,0,0,0,0,0,0,0,0,0,0,0,0,0,0,0,0,0,0,0,0,0,0,0,0,0,0,0,0,0,0,0,0,0,0,0,0,0,0,0,0,0,0,0,0,0,0,0,0,0,0,0,0,0,0,0,0,0,0,0,0,0,0,0,0,0,0,0,0,0,0,0,0,0,0,0,0,0,0,0,0,0,0,0,0,0,0,0,0,0,0,0,0,0,0,0,0,0,0,0,0,0,0,0,0,0,0,0,0,0,0,0,0,0,0,0,0,0,0,0.000198615802219138,0.00334477517753839,0.00024494415265508,0.0239299517124891,0.0469422489404678,0.045808058232069,0,0,0,0.00422982824966311,0.0616625472903252,0,0,0.0913293287158012,0.127152487635612,0.141126841306686,0.173389077186584,0.154233157634735,0.0899638384580612,0.0575018152594566,0.149150058627129,0.180524632334709,0.0921245589852333,0.0475193075835705,0.00136754754930735,0,0.0255418047308922,0.0999288707971573,0.13206373155117,0.247524306178093,0.16911481320858,0.0405035391449928,0.139047548174858,0.245916575193405,0.11726825684309,0,0.258742123842239,0.321520149707794,0.318625122308731,0.252748221158981,0.352566659450531,0.281080007553101,0.226257562637329,0.214360952377319,0.167883545160294,0.167475417256355,0.249330133199692,0.152439102530479,0.174323707818985,0.00363892689347267,0.0186365004628897,0.206057250499725,0.216788664460182,0.283883333206177,0.350283980369568,0.401642173528671,0.355132520198822,0.320254981517792,0.308166056871414,0.285606026649475,0,0,0.0173397548496723,0.0163417477160692,0.239984557032585,0.273342460393906,0.316826313734055,0.422422647476196,0.336781948804855,0.346745669841766,0.350980341434479,0.280092716217041,0,0,0.0534006394445896,0.245019659399986,0.205342561006546,0.361244022846222,0.453636080026627,0.378147572278976,0.352649539709091,0.365851312875748,0.379969358444214,0.3299640417099,0.158172607421875,0.128268703818321,0.234438613057137,0.284793794155121,0.258447915315628,0.0845399275422096,0,0,0.208869576454163,0.292208701372147,0.430022269487381,0.346415102481842,0.364125192165375,0.259262472391129,0,0,0,0,0.148468762636185,0.287472605705261,0.245552703738213,0.331041067838669,0.260783761739731,0.219670251011848,0.3666852414608,0.44374206662178,0.205496340990067,0,0,0,0,0.154706373810768,0.150553598999977,0,0,0,0,0,0,0,0,0,0,0,0,0,0,0,0,0,0,0,0,0,0,0.128718256950378,0.0936707556247711,0,0,0,0,0,0,0,0,0,0,0,0,0,0.0845040380954742,0.0119764721021056,0.0230930987745523,0,0,0,0,0,0,0,0,0,0,0,0,0,0,0,0,0,0,0,0,0,0,0,0,0,0,0,0,0,0,0,0,0,0,0,0,0,0,0,0,0,31
Nienburg (Weser),0,0,0,0,0,0,0,0,0,0,0,0,0,0,0,0,0,0,0,0,0,0,0,0,0,0,0,0,0,0,0,0,0,0,0,0,0,0,0,0,0,0,0,0,0,0,0,0,0,0,0,0,0,0,0,0,0,0,0,0,0,0,0,0,0,0,0,0,0,0,0,0,0,0,0,0,0,0,0,0,0,0,0,0,0,0,0,0,0,0,0,0,0,0,0,0,0,0,0,0,0,0,0,0,0,0,0,0,0,0,0,0,0,0,0,0,0,0,0,0,0,0,0,0.000346540473401546,0.00110554089769721,0,0,0,0,0,0,0,0,0,0,0,0,0,0,0,0,0,0,0,0,0,0,0,0,0,0,0,0,0,0,0,0,0,0,0,0,0,0,0,0,0,0.012847495265305,0.0233661513775587,0.0294276010245085,0.0246936529874802,0.05606609582901,0.0923343822360039,0.0884992629289627,0.0317192301154137,0,0,0.0870849043130875,0.117034442722797,0,0.0334391035139561,0.145077735185623,0.234272539615631,0.245808973908424,0.26194304227829,0.25165981054306,0.168223857879639,0,0.245684862136841,0.287931382656097,0.194078505039215,0.173271656036377,0.188122779130936,0,0.194727286696434,0.245595589280128,0.245012849569321,0.380022257566452,0.248139768838882,0.204218357801437,0.228702858090401,0.38743332028389,0.22693158686161,0.190840482711792,0.390432208776474,0.50078547000885,0.425088495016098,0.321019619703293,0.5065558552742,0.424514561891556,0.332165837287903,0.289676070213318,0.268290638923645,0.223509356379509,0.362065941095352,0.318168461322784,0.284890741109848,0.232022628188133,0.23896536231041,0.295564442873001,0.301540672779083,0.350162386894226,0.484778165817261,0.560253024101257,0.455321699380875,0.401440054178238,0.356204688549042,0.380466818809509,0.106740489602089,0,0.219447791576385,0.289715319871902,0.378932118415833,0.403983235359192,0.411394506692886,0.566572964191437,0.487018913030624,0.457978039979935,0.468950271606445,0.422739326953888,0.16735477745533,0.206061214208603,0.372525572776794,0.45167401432991,0.353581011295319,0.521524429321289,0.625550866127014,0.530721127986908,0.511195600032806,0.490516096353531,0.548400044441223,0.483046621084213,0.289344370365143,0.316734999418259,0.423335641622543,0.438574641942978,0.417278289794922,0.333765983581543,0,0.155476152896881,0.288614422082901,0.419944018125534,0.643734872341156,0.493603318929672,0.524862170219421,0.428444534540176,0.177541196346283,0,0.0997356995940208,0,0.286477416753769,0.491478741168976,0.41068035364151,0.48361948132515,0.392703503370285,0.398656100034714,0.594726324081421,0.667616903781891,0.324590355157852,0,0,0,0,0.362425535917282,0.310469895601273,0,0,0,0,0.206219792366028,0,0,0,0,0,0,0,0,0,0,0,0,0,0,0,0,0,0.28907185792923,0.181113079190254,0,0,0,0,0,0,0,0,0,0,0,0,0,0.210782572627068,0.172978118062019,0.24077881872654,0.0272735301405191,0,0,0,0,0,0,0,0,0,0,0,0,0,0,0,0,0,0,0,0,0,0,0,0,0,0,0,0,0,0,0,0,0,0,0,0,0,0,0,0,32
Schaumburg,0,0,0,0,0,0,0,0,0,0,0,0,0,0,0,0,0,0,0,0,0,0,0,0,0,0,0,0,0,0,0,0,0,0,0,0,0,0,0,0,0,0,0,0,0,0,0,0,0,0,0,0,0,0,0,0,0,0,0,0,0,0,0,0,0,0,0,0,0,0,0,0,0,0,0,0,0,0,0,0,0,0,0,0,0,0,0,0,0,0,0,0,0,0,0,0,0,0,0,0,0,0,0,0,0,0,0,0,0,0,0,0,0,0,0,0,0,0,0,0,0,0,0,0.00028884140192531,0.00115098140668124,0,0,0,0,0,0,0,0,0,0,0,0,0,0,0,0,0,0,0,0,0,0,0,0,0,0,0,0,0,0,0,0,0,0,0,0,0,0,0,0,0,0.00783480983227491,0.0257066935300827,0.0322965309023857,0.0271688438951969,0.060337632894516,0.100788146257401,0.0985530689358711,0.0208809934556484,0,0,0.0906856134533882,0.140243530273438,0,0.0724590495228767,0.167152374982834,0.258054137229919,0.277902662754059,0.304613590240479,0.287322163581848,0.193642646074295,0.0363796353340149,0.281501829624176,0.33737775683403,0.215174689888954,0.192043840885162,0.192965105175972,0,0.217547833919525,0.283498525619507,0.283932834863663,0.446450382471085,0.294103145599365,0.219729125499725,0.269459545612335,0.442605048418045,0.255968242883682,0.107934795320034,0.458069115877151,0.576260626316071,0.517697513103485,0.392623603343964,0.610001564025879,0.500069975852966,0.397686451673508,0.342551618814468,0.320550143718719,0.256340444087982,0.415309697389603,0.342293381690979,0.340715378522873,0.224240094423294,0.276364386081696,0.364015221595764,0.367197155952454,0.449529945850372,0.589342057704926,0.667187094688416,0.564266383647919,0.491320431232452,0.456430584192276,0.461142152547836,0.150297686457634,0,0.249425545334816,0.306513041257858,0.454686045646667,0.489365816116333,0.522087872028351,0.693518877029419,0.578817367553711,0.560679256916046,0.578285336494446,0.503826975822449,0.0910416319966316,0.093156710267067,0.394877135753632,0.525422394275665,0.415744364261627,0.632299423217773,0.766993343830109,0.642828702926636,0.616828382015228,0.613402307033539,0.664052307605743,0.593667209148407,0.355205833911896,0.377945482730865,0.516024768352509,0.537126839160919,0.498763859272003,0.356433182954788,0,0,0.362583637237549,0.530093431472778,0.79274320602417,0.615202903747559,0.657487392425537,0.506439864635468,0.183478236198425,0,0.102651812136173,0,0.38677653670311,0.61555552482605,0.513999700546265,0.59183943271637,0.487687051296234,0.498740047216415,0.735678970813751,0.836566865444183,0.39283150434494,0,0,0,0,0.455394357442856,0.353487879037857,0,0,0,0,0.106122322380543,0,0,0,0,0,0,0,0,0,0,0,0,0,0,0,0,0,0.34123370051384,0.228564858436584,0,0,0,0,0,0,0,0,0,0,0,0,0,0.262191832065582,0.227912709116936,0.302811831235886,0.12591926753521,0,0,0,0,0,0,0,0,0,0,0,0,0,0,0,0,0,0,0,0,0,0,0,0,0,0,0,0,0,0,0,0,0,0,0,0,0,0,0,0,33
Celle,0,0,0,0,0,0,0,0,0,0,0,0,0,0,0,0,0,0,0,0,0,0,0,0,0,0,0,0,0,0,0,0,0,0,0,0,0,0,0,0,0,0,0,0,0,0,0,0,0,0,0,0,0,0,0,0,0,0,0,0,0,0,0,0,0,0,0,0,0,0,0,0,0,0,0,0,0,0,0,0,0,0,0,0,0,0,0,0,0,0,0,0,0,0,0,0,0,0,0,0,0,0,0,0,0,0,0,0,0,0,0,0,0,0,0,0,0,0,0,0,0,0,0,0,6.89592270646244e-05,0,0,0,0,0,0,0,0,0,0,0,0,0,0,0,0,0,0,0,0,0,0,0,0,0,0,0,0,0,0,0,0,0,0,0,0,0,0,0,0,0,0.014113093726337,0.00591488415375352,0.0167944077402353,0.00994438491761684,0.0246278792619705,0.0590719543397427,0.0623018480837345,0.0397416800260544,0,0,0.048757404088974,0.0743276625871658,0,0,0.117477685213089,0.155766636133194,0.181481599807739,0.184980630874634,0.183078080415726,0.117327474057674,0,0.151033118367195,0.169362351298332,0.132105946540833,0.115087047219276,0.126291126012802,0,0.0579024143517017,0.181152567267418,0.164928421378136,0.274620950222015,0.18526566028595,0.125346109271049,0.139807909727097,0.276494979858398,0.147670105099678,0.163304209709167,0.283376783132553,0.372527688741684,0.321694076061249,0.202355414628983,0.311879307031631,0.30172011256218,0.231954231858253,0.187827050685883,0.155585259199142,0.078654944896698,0.304361253976822,0.266121655702591,0.141412124037743,0.0713264942169189,0.0546831451356411,0.17728216946125,0.187788426876068,0.213051736354828,0.35648912191391,0.425302237272263,0.323547005653381,0.262030422687531,0.181595012545586,0.266935616731644,0.000272022210992873,0,0.0898556709289551,0.159121617674828,0.226609736680984,0.280911386013031,0.257220357656479,0.413971424102783,0.350750744342804,0.344810307025909,0.306911736726761,0.298459142446518,0.117730334401131,0.00508497795090079,0.231751456856728,0.284700393676758,0.243311375379562,0.356392920017242,0.461886048316956,0.387756437063217,0.374259054660797,0.355047225952148,0.396590352058411,0.338285773992538,0.198863208293915,0.192798733711243,0.268230348825455,0.319978952407837,0.288643300533295,0.166505232453346,0,0,0.171461582183838,0.249299421906471,0.459006249904633,0.336819678544998,0.346325606107712,0.308771073818207,0.0728062987327576,0,0,0,0.00285127735696733,0.296685487031937,0.252650141716003,0.306926250457764,0.252325057983398,0.171397089958191,0.367870926856995,0.464354574680328,0.230606913566589,0,0,0,0,0.154951542615891,0.206516146659851,0,0,0,0,0.0030187361408025,0,0,0,0,0,0,0,0,0,0,0,0,0,0,0,0,0,0.182845011353493,0.0173666197806597,0,0,0,0,0,0,0,0,0,0,0,0,0,0.105272084474564,0.00538630364462733,0.120104216039181,0,0,0,0,0,0,0,0,0,0,0,0,0,0,0,0,0,0,0,0,0,0,0,0,0,0,0,0,0,0,0,0,0,0,0,0,0,0,0,0,0,34
Cuxhaven,0,0,0,0,0,0,0,0,0,0,0,0,0,0,0,0,0,0,0,0,0,0,0,0,0,0,0,0,0,0,0,0,0,0,0,0,0,0,0,0,0,0,0,0,0,0,0,0,0,0,0,0,0,0,0,0,0,0,0,0,0,0,0,0,0,0,0,0,0,0,0,0,0,0,0,0,0,0,0,0,0,0,0,0,0,0,0,0,0,0,0,0,0,0,0,0,0,0,0,0,0,0,0,0,0,0,0,0,0,0,0,0,0,0,0,0,0,0,0,0,0,0,0,0,7.47071226214757e-06,0,0,0,0,0,0,0,0,0,0,0,0,0,0,0,0,0,0,0,0,0,0,0,0,0,0,0,0,0,0,0,0,0,0,0,0,0,0,0,0,0,0,0,0.00315279653295875,0,0.020829226821661,0.0478177331387997,0.0357287786900997,0,0,0,0.0474133528769016,0.0450043715536594,0,0,0.0252005290240049,0.142517551779747,0.122278772294521,0.109389699995518,0.126314520835876,0.00155354512389749,0,0.101464934647083,0.152264997363091,0.0818650722503662,0.104626782238483,0.11823608726263,0,0.0120584070682526,0.129798293113708,0.131872177124023,0.240380316972733,0.108315087854862,0.0140544390305877,0.101223200559616,0.222419574856758,0.109520003199577,0.122780658304691,0.229997202754021,0.301375061273575,0.177993953227997,0.0560410134494305,0.244482964277267,0.199753165245056,0.16999052464962,0.144898027181625,0.00466169882565737,0.0656911581754684,0.236623212695122,0.256280601024628,0.0176452826708555,0.161619067192078,0.0965865179896355,0.159277901053429,0.0177709236741066,0.0449701547622681,0.218204617500305,0.29840475320816,0.228970438241959,0.158291399478912,0.198679089546204,0.225345507264137,0.00264092674478889,0.00273163849487901,0,0.15461753308773,0.181171208620071,0.182762533426285,0.201283663511276,0.311027109622955,0.303620278835297,0.241566896438599,0.256120771169662,0.223901614546776,0.161902248859406,0.180335432291031,0.246892333030701,0.228633031249046,0.160540193319321,0.225952476263046,0.299348324537277,0.274027556180954,0.280357837677002,0.270279556512833,0.300377130508423,0.247186824679375,0.206003025174141,0.156312808394432,0.240055501461029,0.234472259879112,0.230592474341393,0.187622398138046,0.107383981347084,0.144727125763893,0.136131420731544,0.174265176057816,0.34411284327507,0.258556187152863,0.240198150277138,0.247922286391258,0,0,0.0600105300545692,0,0.0232691429555416,0.224457427859306,0.191350176930428,0.222487092018127,0.190044939517975,0.22269307076931,0.316808789968491,0.30895733833313,0.149761497974396,0,0,0,0,0.17363540828228,0.159538507461548,0,0,0,0,0.113736815750599,0,0,0,0,0,0,0,0,0,0,0,0,0,0,0,0,0,0.155727937817574,0.0981839299201965,0,0,0,0,0,0,0,0,0,0,0,0,0,0.0905979797244072,0.0782789587974548,0.112023785710335,0,0,0,0,0,0,0,0,0,0,0,0,0,0,0,0,0,0,0,0,0,0,0,0,0,0,0,0,0,0,0,0,0,0,0,0,0,0,0,0,0,35
Harburg,0,0,0,0,0,0,0,0,0,0,0,0,0,0,0,0,0,0,0,0,0,0,0,0,0,0,0,0,0,0,0,0,0,0,0,0,0,0,0,0,0,0,0,0,0,0,0,0,0,0,0,0,0,0,0,0,0,0,0,0,0,0,0,0,0,0,0,0,0,0,0,0,0,0,0,0,0,0,0,0,0,0,0,0,0,0,0,0,0,0,0,0,0,0,0,0,0,0,0,0,0,0,0,0,0,0,0,0,0,0,0,0,0,0,0,0,0,0,0,0,0,0,0,0,0.000405158352805302,0,0,0,0,0,0,0,0,0,0,0,0,0,0,0,0,0,0,0,0,0,0,0,0,0,0,0,0,0,0,0,0,0,0,0,0,0,0,0,0,0,0.00123647565487772,0.00169827090576291,0.0173042863607407,0.00904954504221678,0.0132078230381012,0.0641013085842133,0.0669396370649338,0.0451656691730022,0,0,0.0670524537563324,0.0833050236105919,0,0.00167090154718608,0.130358919501305,0.184211045503616,0.200883254408836,0.188202619552612,0.20695224404335,0.101262450218201,0,0.152210876345634,0.159503117203712,0.131280973553658,0.129900336265564,0.150718986988068,0,0,0.206865906715393,0.191082745790482,0.323843061923981,0.178165093064308,0.0415158458054066,0.182187348604202,0.306688994169235,0.155835315585136,0.196483060717583,0.319704800844193,0.426610916852951,0.331539154052734,0.18185929954052,0.327883064746857,0.30028772354126,0.227796465158463,0.197338864207268,0.131473362445831,0.115924693644047,0.357413172721863,0.339530527591705,0.00138656061608344,0.145803958177567,0,0.20207405090332,0.167403787374496,0.214664250612259,0.367281019687653,0.461224853992462,0.343807131052017,0.274124920368195,0.191573724150658,0.282210439443588,0,0,0,0.18205751478672,0.24817082285881,0.268811076879501,0.27057358622551,0.449131369590759,0.417846232652664,0.375303506851196,0.338736981153488,0.342137187719345,0.210007861256599,0.1624925583601,0.298379302024841,0.316349923610687,0.242267787456512,0.335555702447891,0.488549262285233,0.432141780853271,0.410952478647232,0.390264332294464,0.43938073515892,0.365520626306534,0.263827353715897,0.217639297246933,0.325955718755722,0.361270278692245,0.331548541784286,0.252769410610199,0,0.0142555544152856,0.180949851870537,0.258329540491104,0.497500836849213,0.366129904985428,0.375777900218964,0.352167159318924,0.0266664810478687,0,0,0,0,0.320523589849472,0.284854352474213,0.336163371801376,0.293173611164093,0.241593062877655,0.427952796220779,0.505378603935242,0.248216241598129,0,0,0,0,0.22095213830471,0.222896352410316,0,0,0,0,0.0164419393986464,0,0,0,0,0,0,0,0,0,0,0,0,0,0.0219451952725649,0,0,0,0.216523036360741,0,0,0,0,0,0,0,0,0,0,0,0,0,0,0.118323519825935,0.0391587391495705,0.160448387265205,0,0,0,0,0,0,0,0,0,0,0,0,0,0,0,0,0,0,0,0,0,0,0,0,0,0,0,0,0,0,0,0,0,0,0,0,0,0,0,0,0,36
Lüchow-Dannenberg,0,0,0,0,0,0,0,0,0,0,0,0,0,0,0,0,0,0,0,0,0,0,0,0,0,0,0,0,0,0,0,0,0,0,0,0,0,0,0,0,0,0,0,0,0,0,0,0,0,0,0,0,0,0,0,0,0,0,0,0,0,0,0,0,0,0,0,0,0,0,0,0,0,0,0,0,0,0,0,0,0,0,0,0,0,0,0,0,0,0,0,0,0,0,0,0,0,0,0,0,0,0,0,0,0,0,0,0,0,0,0,0,0,0,0,0,0,0,0,0,0,0,0,0,6.30984577583149e-05,0,0,0,0,0,0,0,0,0,0,0,0,0,0,0,0,0,0,0,0,0,0,0,0,0,0,0,0,0,0,0,0,0,0,0,0,0,0,0,0,0,0.0202065762132406,0.00925370957702398,0.0135308764874935,0,0,0.074235200881958,0.086754709482193,0.0766042396426201,0,6.99787560733967e-05,0.0669532492756844,0.0886760354042053,0,0.000261094101006165,0.141921669244766,0.194283008575439,0.239123299717903,0.236900046467781,0.236969172954559,0.156422898173332,0,0.165400132536888,0.172142922878265,0.15517070889473,0.172429397702217,0.179675251245499,0,0.0303169339895248,0.26556733250618,0.227311596274376,0.366117656230927,0.257783800363541,0.140194937586784,0.174684107303619,0.357526332139969,0.205866828560829,0.244974389672279,0.352539241313934,0.483388334512711,0.418655186891556,0.237159729003906,0.372228622436523,0.387364268302917,0.316303908824921,0.270149350166321,0.216943860054016,0.193221271038055,0.445308864116669,0.383191794157028,0.119323223829269,0.180617675185204,0.0409726276993752,0.265908747911453,0.249175563454628,0.261326521635056,0.478571593761444,0.546371877193451,0.441144615411758,0.352888882160187,0.230983421206474,0.380739152431488,0.0839151442050934,0,0.224106937646866,0.259892493486404,0.314046710729599,0.362455248832703,0.337116748094559,0.554208993911743,0.529552936553955,0.503003895282745,0.408644378185272,0.429393440485001,0.310749590396881,0.198260471224785,0.341348886489868,0.401479363441467,0.346348345279694,0.471632868051529,0.642379701137543,0.57831335067749,0.551385700702667,0.523593842983246,0.572618067264557,0.489153683185577,0.364703983068466,0.328093886375427,0.439593732357025,0.509424924850464,0.480842232704163,0.387944638729095,0.170982643961906,0.0935866013169289,0.32488676905632,0.397497177124023,0.675724625587463,0.498493164777756,0.523214876651764,0.490807771682739,0.297392606735229,0,0.011162961833179,0,0,0.375350773334503,0.416762828826904,0.448200583457947,0.42468723654747,0.288277208805084,0.527267873287201,0.705171167850494,0.438622176647186,0,0,0,0,0.25084975361824,0.335579335689545,0,0,0,0,0,0,0,0,0,0,0,0,0,0,0,0,0,0,0,0,0.0733546540141106,0.0103294551372528,0.275615364313126,0.0986212342977524,0,0,0,0,0,0,0,0,0,0,0,0,0,0.10474805533886,0.000538430758751929,0.16278974711895,0,0,0,0,0,0,0,0,0,0,0,0,0,0,0,0,0,0,0,0,0,0,0,0,0,0,0,0,0,0,0,0,0,0,0,0,0,0,0,0,0,37
Lüneburg,0,0,0,0,0,0,0,0,0,0,0,0,0,0,0,0,0,0,0,0,0,0,0,0,0,0,0,0,0,0,0,0,0,0,0,0,0,0,0,0,0,0,0,0,0,0,0,0,0,0,0,0,0,0,0,0,0,0,0,0,0,0,0,0,0,0,0,0,0,0,0,0,0,0,0,0,0,0,0,0,0,0,0,0,0,0,0,0,0,0,0,0,0,0,0,0,0,0,0,0,0,0,0,0,0,0,0,0,0,0,0,0,0,0,0,0,0,0,0,0,0,0,0,0,0.000398476695409045,0,0,0,0,0,0,0,0,0,0,0,0,0,0,0,0,0,0,0,0,0,0,0,0,0,0,0,0,0,0,0,0,0,0,0,0,0,0,0,0,0,0.00557566108182073,0.0108561590313911,0.0172809418290854,0.00595032097771764,0.000817502674181014,0.0607107579708099,0.069076769053936,0.0535752587020397,0,0.00802102405577898,0.0657954216003418,0.0783842802047729,0,0.0233799163252115,0.128695294260979,0.172140702605247,0.199446991086006,0.186700448393822,0.203618943691254,0.11769725382328,0,0.13798913359642,0.138560250401497,0.127194851636887,0.129236608743668,0.147408813238144,0,0,0.211654335260391,0.193519920110703,0.310717582702637,0.189993143081665,0.0651193186640739,0.166462704539299,0.298657685518265,0.164764970541,0.206126496195793,0.30414155125618,0.416245609521866,0.34334060549736,0.187884852290154,0.308267503976822,0.307169526815414,0.235203713178635,0.200638830661774,0.159849807620049,0.112160585820675,0.356431365013123,0.326340645551682,0.00465713767334819,0.124254778027534,0,0.201082706451416,0.183401480317116,0.210668385028839,0.37675529718399,0.448350727558136,0.351018041372299,0.275306463241577,0.152706176042557,0.287549287080765,0.0042556906118989,0,0.085785411298275,0.197535663843155,0.239675626158714,0.272776991128922,0.257335245609283,0.438898772001266,0.410741657018661,0.387883186340332,0.321001410484314,0.349095582962036,0.233947202563286,0.142877548933029,0.288815557956696,0.314003765583038,0.254257440567017,0.336841642856598,0.502284944057465,0.446920275688171,0.422890037298203,0.399414867162704,0.439696222543716,0.372802585363388,0.270997434854507,0.242068767547607,0.331504046916962,0.378866016864777,0.349952220916748,0.259894251823425,0.0668084323406219,0.0534243881702423,0.22175145149231,0.275418311357498,0.504308342933655,0.381231397390366,0.388680934906006,0.371120423078537,0.167874976992607,0,0,0,0,0.312329947948456,0.303069114685059,0.353010982275009,0.314919620752335,0.233138099312782,0.426658034324646,0.532272636890411,0.298919141292572,0,0,0,0,0.220992475748062,0.239748820662498,0,0,0,0,0,0,0,0,0,0,0,0,0,0,0,0,0,0,0,0,0.00401410972699523,0,0.207420736551285,0.0039352928288281,0,0,0,0,0,0,0,0,0,0,0,0,0,0.119227848947048,0.0547545403242111,0.159177377820015,0,0,0,0,0,0,0,0,0,0,0,0,0,0,0,0,0,0,0,0,0,0,0,0,0,0,0,0,0,0,0,0,0,0,0,0,0,0,0,0,0,38
Osterholz,0,0,0,0,0,0,0,0,0,0,0,0,0,0,0,0,0,0,0,0,0,0,0,0,0,0,0,0,0,0,0,0,0,0,0,0,0,0,0,0,0,0,0,0,0,0,0,0,0,0,0,0,0,0,0,0,0,0,0,0,0,0,0,0,0,0,0,0,0,0,0,0,0,0,0,0,0,0,0,0,0,0,0,0,0,0,0,0,0,0,0,0,0,0,0,0,0,0,0,0,0,0,0,0,0,0,0,0,0,0,0,0,0,0,0,0,0,0,0,0,0,0,0,0,0.000296423939289525,0,0,0,0,0,0,0,0,0,0,0,0,0,0,0,0,0,0,0,0,0,0,0,0,0,0,0,0,0,0,0,0,0,0,0,0,0,0,0,0,0,0.0037504518404603,0,0.0156144946813583,0.00401189876720309,0.041319876909256,0.0792523548007011,0.0650870129466057,0,0,0,0.080655999481678,0.0828066766262054,0,0,0.101484164595604,0.212537154555321,0.20138493180275,0.195865094661713,0.215506330132484,0.0774486064910889,0,0.192868664860725,0.238235741853714,0.140745744109154,0.141068980097771,0.175562039017677,0,0.114360235631466,0.202375203371048,0.206365078687668,0.344293981790543,0.180975571274757,0.137498080730438,0.179250031709671,0.334255903959274,0.173661783337593,0.188567534089088,0.349815607070923,0.464482396841049,0.319052845239639,0.204518601298332,0.402970612049103,0.328333586454391,0.25983652472496,0.225635781884193,0.105525366961956,0.154719948768616,0.344258546829224,0.356525719165802,0.161159425973892,0.229148998856544,0.0864496976137161,0.219660744071007,0.172449141740799,0.211166217923164,0.365999579429626,0.480600535869598,0.345762699842453,0.274046778678894,0.299028694629669,0.344039589166641,0.00849674362689257,0.00878859311342239,0,0.236515283584595,0.292335420846939,0.29586461186409,0.293485254049301,0.48933619260788,0.446574479341507,0.373019218444824,0.393582284450531,0.35348317027092,0.191600069403648,0.264610111713409,0.367174178361893,0.371183544397354,0.255716443061829,0.352946490049362,0.475475281476974,0.4386305809021,0.440073817968369,0.411419928073883,0.464459508657455,0.378386497497559,0.279225081205368,0.245381087064743,0.358957022428513,0.341886222362518,0.335246622562408,0.284869581460953,0.0352535359561443,0.216876402497292,0.0384379290044308,0.277155458927155,0.516819357872009,0.397262185811996,0.381212294101715,0.360553622245789,0,0,0.00983139593154192,0,0.0108936680480838,0.361246764659882,0.309634476900101,0.36652210354805,0.284902364015579,0.326182723045349,0.482767850160599,0.493647068738937,0.225476548075676,0,0,0,0,0.248666733503342,0.229740455746651,0,0,0,0,0.17697286605835,0,0,0,0,0,0,0,0,0,0,0,0,0,0,0,0,0,0.235695689916611,0.142188429832458,0,0,0,0,0,0,0,0,0,0,0,0,0,0.126221060752869,0.0337188504636288,0.173613399267197,0,0,0,0,0,0,0,0,0,0,0,0,0,0,0,0,0,0,0,0,0,0,0,0,0,0,0,0,0,0,0,0,0,0,0,0,0,0,0,0,0,39
Rotenburg (Wümme),0,0,0,0,0,0,0,0,0,0,0,0,0,0,0,0,0,0,0,0,0,0,0,0,0,0,0,0,0,0,0,0,0,0,0,0,0,0,0,0,0,0,0,0,0,0,0,0,0,0,0,0,0,0,0,0,0,0,0,0,0,0,0,0,0,0,0,0,0,0,0,0,0,0,0,0,0,0,0,0,0,0,0,0,0,0,0,0,0,0,0,0,0,0,0,0,0,0,0,0,0,0,0,0,0,0,0,0,0,0,0,0,0,0,0,0,0,0,0,0,0,0,0,0,0.000356907839886844,0,0,0,0,0,0,0,0,0,0,0,0,0,0,0,0,0,0,0,0,0,0,0,0,0,0,0,0,0,0,0,0,0,0,0,0,0,0,0,0,0,0.00171606056392193,0.00269498280249536,0.0153350867331028,0.0050597907975316,0.0315440632402897,0.0674264654517174,0.0617809407413006,0.0241156369447708,0,0,0.0674221888184547,0.0771599039435387,0,0,0.111759409308434,0.183749407529831,0.18504810333252,0.180526852607727,0.195789203047752,0.0779815763235092,0,0.16285152733326,0.191960364580154,0.12505179643631,0.121431335806847,0.15129354596138,0,0.048696331679821,0.186860367655754,0.180833011865616,0.303549617528915,0.16299207508564,0.0924069210886955,0.164269417524338,0.293516784906387,0.15326289832592,0.17022979259491,0.30150231719017,0.404909640550613,0.290810167789459,0.169142857193947,0.33626252412796,0.286995977163315,0.222339883446693,0.1916843354702,0.0631018280982971,0.102777004241943,0.31618943810463,0.311317324638367,0.0871433243155479,0.176835641264915,0.0134641509503126,0.181134641170502,0.131697282195091,0.19583623111248,0.331363946199417,0.428735733032227,0.303796678781509,0.243616178631783,0.219956547021866,0.286779850721359,0,0,0.0132980449125171,0.188491299748421,0.242217361927032,0.254537999629974,0.245763540267944,0.423030763864517,0.382113099098206,0.332919389009476,0.324409455060959,0.307138919830322,0.166055426001549,0.200914651155472,0.292417615652084,0.310398191213608,0.2199567258358,0.310412675142288,0.431131660938263,0.385098487138748,0.375594884157181,0.355235248804092,0.40317490696907,0.326054304838181,0.231807664036751,0.201227396726608,0.300744712352753,0.308321058750153,0.292731583118439,0.2403314858675,0.000124572892673314,0.104245752096176,0.0693513005971909,0.2320396900177,0.452398747205734,0.330991208553314,0.335029661655426,0.311565726995468,0,0,0,0,0.00020498366211541,0.299960941076279,0.256728529930115,0.306830734014511,0.249807253479958,0.243642240762711,0.399372339248657,0.440489530563354,0.200683459639549,0,0,0,0,0.200465053319931,0.192327886819839,0,0,0,0,0.103186219930649,0,0,0,0,0,0,0,0,0,0,0,0,0,0,0,0,0,0.200938016176224,0.082900658249855,0,0,0,0,0,0,0,0,0,0,0,0,0,0.0981433540582657,0.0327956080436707,0.14015731215477,0,0,0,0,0,0,0,0,0,0,0,0,0,0,0,0,0,0,0,0,0,0,0,0,0,0,0,0,0,0,0,0,0,0,0,0,0,0,0,0,0,40
Heidekreis,0,0,0,0,0,0,0,0,0,0,0,0,0,0,0,0,0,0,0,0,0,0,0,0,0,0,0,0,0,0,0,0,0,0,0,0,0,0,0,0,0,0,0,0,0,0,0,0,0,0,0,0,0,0,0,0,0,0,0,0,0,0,0,0,0,0,0,0,0,0,0,0,0,0,0,0,0,0,0,0,0,0,0,0,0,0,0,0,0,0,0,0,0,0,0,0,0,0,0,0,0,0,0,0,0,0,0,0,0,0,0,0,0,0,0,0,0,0,0,0,0,0,0,1.8427022951073e-05,0.00018543319310993,0,0,0,0,0,0,0,0,0,0,0,0,0,0,0,0,0,0,0,0,0,0,0,0,0,0,0,0,0,0,0,0,0,0,0,0,0,0,0,0,0,0.0129509577527642,0.00604843208566308,0.019555838778615,0.00942101422697306,0.0296965427696705,0.0653430670499802,0.0667078569531441,0.0395845770835876,0,0,0.0598784536123276,0.080422654747963,0,0,0.123534880578518,0.173347041010857,0.193938836455345,0.195650205016136,0.199646458029747,0.117082834243774,0,0.169445663690567,0.184403240680695,0.138188749551773,0.121872320771217,0.135655701160431,0,0.0670792311429977,0.188473656773567,0.179307579994202,0.294011116027832,0.184152439236641,0.124541223049164,0.157219812273979,0.293737322092056,0.150223314762115,0.165700599551201,0.292720973491669,0.397317379713058,0.329379618167877,0.20776142179966,0.340140551328659,0.309575796127319,0.233841240406036,0.195993602275848,0.153678089380264,0.0889118909835815,0.31671416759491,0.278919667005539,0.130599156022072,0.0784934535622597,0.0636026933789253,0.184046283364296,0.191035479307175,0.224958300590515,0.370405793190002,0.442109256982803,0.328512758016586,0.276498436927795,0.196289703249931,0.272060334682465,0.00132906588260084,0,0.0686373710632324,0.172014281153679,0.241093307733536,0.285916835069656,0.273301303386688,0.432945549488068,0.366818964481354,0.350213795900345,0.323187172412872,0.311438739299774,0.106845840811729,0.0878467038273811,0.252480834722519,0.302890717983246,0.244112268090248,0.359352737665176,0.475577354431152,0.403853207826614,0.389867663383484,0.363060981035233,0.41135373711586,0.346233695745468,0.201897263526917,0.201414808630943,0.283349484205246,0.32621756196022,0.292965650558472,0.20047053694725,0,0.0101460013538599,0.148264661431313,0.261522650718689,0.469697415828705,0.346325695514679,0.358010351657867,0.318971484899521,0.0392726585268974,0,0,0,0.0180428642779589,0.314027696847916,0.265536814928055,0.323851227760315,0.270117491483688,0.205108150839806,0.390827745199203,0.475512355566025,0.228112310171127,0,0,0,0,0.170370519161224,0.211791545152664,0,0,0,0,0.0351864919066429,0,0,0,0,0,0,0,0,0,0,0,0,0,0,0,0,0,0.19860203564167,0.0510507933795452,0,0,0,0,0,0,0,0,0,0,0,0,0,0.109411135315895,0.025499427691102,0.132457002997398,0,0,0,0,0,0,0,0,0,0,0,0,0,0,0,0,0,0,0,0,0,0,0,0,0,0,0,0,0,0,0,0,0,0,0,0,0,0,0,0,0,41
Stade,0,0,0,0,0,0,0,0,0,0,0,0,0,0,0,0,0,0,0,0,0,0,0,0,0,0,0,0,0,0,0,0,0,0,0,0,0,0,0,0,0,0,0,0,0,0,0,0,0,0,0,0,0,0,0,0,0,0,0,0,0,0,0,0,0,0,0,0,0,0,0,0,0,0,0,0,0,0,0,0,0,0,0,0,0,0,0,0,0,0,0,0,0,0,0,0,0,0,0,0,0,0,0,0,0,0,0,0,0,0,0,0,0,0,0,0,0,0,0,0,0,0,0,0,8.97676218301058e-05,0,0,0,0,0,0,0,0,0,0,0,0,0,0,0,0,0,0,0,0,0,0,0,0,0,0,0,0,0,0,0,0,0,0,0,0,0,0,0,0,0,0,0,0.00469938013702631,0,0.00944567937403917,0.0262617785483599,0.024133488535881,0.0111840153113008,0,0,0.0263240728527308,0.0310166459530592,0,0,0.0451245307922363,0.0764802023768425,0.0759549736976624,0.0700937286019325,0.0791549161076546,0.01390191167593,0,0.0584760345518589,0.0730108469724655,0.0491798371076584,0.0529921352863312,0.0645803436636925,0,0,0.0789203196763992,0.0769448354840279,0.132756501436234,0.063932478427887,0.00200696848332882,0.0725000277161598,0.123232573270798,0.0642174854874611,0.0749475508928299,0.131952077150345,0.172736585140228,0.117871426045895,0.0569253340363503,0.133450239896774,0.11493194103241,0.0915113836526871,0.0789280608296394,0.000151635409565642,0.021927397698164,0.138052329421043,0.142145961523056,0,0.0800503641366959,0.00506427977234125,0.0815786048769951,0.0250977482646704,0.0724693462252617,0.132562682032585,0.179272845387459,0.131411418318748,0.0970707684755325,0.089373841881752,0.120422437787056,0,0,0,0.0768903866410255,0.0986334607005119,0.0996604338288307,0.101979941129684,0.177238941192627,0.16947366297245,0.141642361879349,0.137628614902496,0.13128973543644,0.0835039392113686,0.0889585539698601,0.129223302006721,0.127580270171165,0.0905760526657104,0.125381425023079,0.179870694875717,0.163554340600967,0.158366605639458,0.153872355818748,0.171582773327827,0.139497816562653,0.109723165631294,0.0825294703245163,0.12929268181324,0.131930664181709,0.130315274000168,0.105868346989155,0.00545364525169134,0.0391069874167442,0.0587283745408058,0.0915545597672462,0.19482809305191,0.140831619501114,0.140842154622078,0.136554047465324,0,0,0,0,0,0.12282869964838,0.106585614383221,0.12271149456501,0.107232585549355,0.105741910636425,0.17145824432373,0.186008989810944,0.0831738859415054,0,0,0,0,0.0837195888161659,0.0826943814754486,0,0,0,0,0.0398082658648491,0,0,0,0,0,0,0,0,0,0,0,0,0,0,0,0,0,0.0862840041518211,0.00955869443714619,0,0,0,0,0,0,0,0,0,0,0,0,0,0.0458483658730984,0.0384138524532318,0.0599936880171299,0,0,0,0,0,0,0,0,0,0,0,0,0,0,0,0,0,0,0,0,0,0,0,0,0,0,0,0,0,0,0,0,0,0,0,0,0,0,0,0,0,42
Uelzen,0,0,0,0,0,0,0,0,0,0,0,0,0,0,0,0,0,0,0,0,0,0,0,0,0,0,0,0,0,0,0,0,0,0,0,0,0,0,0,0,0,0,0,0,0,0,0,0,0,0,0,0,0,0,0,0,0,0,0,0,0,0,0,0,0,0,0,0,0,0,0,0,0,0,0,0,0,0,0,0,0,0,0,0,0,0,0,0,0,0,0,0,0,0,0,0,0,0,0,0,0,0,0,0,0,0,0,0,0,0,0,0,0,0,0,0,0,0,0,0,0,0,0,0,0.000145094745676033,0,0,0,0,0,0,0,0,0,0,0,0,0,0,0,0,0,0,0,0,0,0,0,0,0,0,0,0,0,0,0,0,0,0,0,0,0,0,0,0,0,0.0128633975982666,0.0109479678794742,0.015614265576005,0.00862258393317461,0.00266765919514,0.0577320866286755,0.0651498883962631,0.0475297830998898,0,0,0.0531467385590076,0.0755750089883804,0,0,0.121388614177704,0.1548220962286,0.187931284308434,0.186315879225731,0.190776288509369,0.121380433440208,0,0.132561415433884,0.149712488055229,0.126969337463379,0.12108264118433,0.131885468959808,0,0,0.199154049158096,0.172793179750443,0.285075426101685,0.190793886780739,0.0945561453700066,0.141351297497749,0.278316229581833,0.146783426403999,0.185486152768135,0.285928606987,0.381518125534058,0.325478196144104,0.182194620370865,0.302058547735214,0.303213447332382,0.230204716324806,0.194286525249481,0.155552119016647,0.111813493072987,0.326161921024323,0.296130567789078,0.0562577806413174,0.0842236801981926,0.00323385931551456,0.193171322345734,0.181261464953423,0.212666615843773,0.36753910779953,0.432215571403503,0.32982936501503,0.262233346700668,0.15308403968811,0.276137471199036,0,0,0.0891468748450279,0.172097325325012,0.220833748579025,0.28019455075264,0.253422319889069,0.424340426921844,0.381640434265137,0.370645642280579,0.30216982960701,0.318876534700394,0.200828030705452,0.0797256380319595,0.257984787225723,0.29134738445282,0.251258015632629,0.355058491230011,0.484074801206589,0.419803708791733,0.399888724088669,0.37983426451683,0.419972032308578,0.355650901794434,0.242319241166115,0.218649968504906,0.29386031627655,0.350133866071701,0.321012228727341,0.212110757827759,0,0,0.208007514476776,0.259766459465027,0.486672550439835,0.361250519752502,0.366669982671738,0.340995192527771,0.15873210132122,0,0,0,0,0.309222131967545,0.284970372915268,0.32555478811264,0.285609215497971,0.18731002509594,0.390848010778427,0.508415043354034,0.277243822813034,0,0,0,0,0.163619175553322,0.226121574640274,0,0,0,0,0,0,0,0,0,0,0,0,0,0,0,0,0,0,0,0,0,0,0.186987534165382,0.00282042310573161,0,0,0,0,0,0,0,0,0,0,0,0,0,0.0994847416877747,0,0.148659020662308,0,0,0,0,0,0,0,0,0,0,0,0,0,0,0,0,0,0,0,0,0,0,0,0,0,0,0,0,0,0,0,0,0,0,0,0,0,0,0,0,0,43
Verden,0,0,0,0,0,0,0,0,0,0,0,0,0,0,0,0,0,0,0,0,0,0,0,0,0,0,0,0,0,0,0,0,0,0,0,0,0,0,0,0,0,0,0,0,0,0,0,0,0,0,0,0,0,0,0,0,0,0,0,0,0,0,0,0,0,0,0,0,0,0,0,0,0,0,0,0,0,0,0,0,0,0,0,0,0,0,0,0,0,0,0,0,0,0,0,0,0,0,0,0,0,0,0,0,0,0,0,0,0,0,0,0,0,0,0,0,0,0,0,0,0,0,0,3.01891777780838e-05,0.000696820672601461,0,0,0,0,0,0,0,0,0,0,0,0,0,0,0,0,0,0,0,0,0,0,0,0,0,0,0,0,0,0,0,0,0,0,0,0,0,0,0,0,0,0.00960222724825144,0.0102657796815038,0.0221560169011354,0.0155370216816664,0.0456614941358566,0.0819123983383179,0.0762399807572365,0.0252528879791498,0,0,0.0816502049565315,0.0952694416046143,0,0,0.133634343743324,0.211842969059944,0.217924848198891,0.222004517912865,0.228876724839211,0.129056885838509,0,0.212115868926048,0.239188119769096,0.160146817564964,0.145269185304642,0.171039700508118,0,0.141351968050003,0.214510843157768,0.212321519851685,0.337640881538391,0.202353864908218,0.166963398456573,0.193829417228699,0.341097861528397,0.184381380677223,0.191412165760994,0.344736844301224,0.458560407161713,0.360364198684692,0.248875796794891,0.418842941522598,0.351007759571075,0.270736217498779,0.234150767326355,0.18859501183033,0.176948219537735,0.341622918844223,0.322109967470169,0.200330495834351,0.209228277206421,0.148394167423248,0.225194081664085,0.223922416567802,0.260860949754715,0.408169090747833,0.49797996878624,0.364591836929321,0.317396938800812,0.279758185148239,0.331246882677078,0,0,0.135291308164597,0.244777783751488,0.308681100606918,0.329202681779861,0.320086747407913,0.492275983095169,0.429388731718063,0.393702894449234,0.389497876167297,0.362350732088089,0.180245563387871,0.219594419002533,0.338628351688385,0.384661853313446,0.279286175966263,0.401550710201263,0.519269824028015,0.457273542881012,0.444329023361206,0.412888318300247,0.471510618925095,0.390762001276016,0.25120422244072,0.258129239082336,0.360187649726868,0.369187325239182,0.347693800926208,0.293973863124847,0,0.139719635248184,0.14784961938858,0.314789831638336,0.534442842006683,0.403422802686691,0.414961338043213,0.364885091781616,0.0198678746819496,0,0,0,0.0992895886301994,0.383640199899673,0.326055884361267,0.395613640546799,0.315073639154434,0.312771767377853,0.486649662256241,0.537742674350739,0.255915969610214,0,0,0,0,0.2743099629879,0.247956395149231,0,0,0,0,0.166695535182953,0,0,0,0,0,0,0,0,0,0,0,0,0,0,0,0,0,0.240638077259064,0.144236624240875,0,0,0,0,0,0,0,0,0,0,0,0,0,0.137028589844704,0.0859027653932571,0.181691229343414,0,0,0,0,0,0,0,0,0,0,0,0,0,0,0,0,0,0,0,0,0,0,0,0,0,0,0,0,0,0,0,0,0,0,0,0,0,0,0,0,0,44
Delmenhorst,0,0,0,0,0,0,0,0,0,0,0,0,0,0,0,0,0,0,0,0,0,0,0,0,0,0,0,0,0,0,0,0,0,0,0,0,0,0,0,0,0,0,0,0,0,0,0,0,0,0,0,0,0,0,0,0,0,0,0,0,0,0,0,0,0,0,0,0,0,0,0,0,0,0,0,0,0,0,0,0,0,0,0,0,0,0,0,0,0,0,0,0,0,0,0,0,0,0,0,0,0,0,0,0,0,0,0,0,0,0,0,0,0,0,0,0,0,0,0,0,0,0,0,0,0.000732211221475154,0,0,0,0,0,0,0,0,0,0,0,0,0,0,0,0,0,0,0,0,0,0,0,0,0,0,0,0,0,0,0,0,0,0,0,0,0,0,0,0,0,0,0,0.0211545284837484,0.0212340280413628,0.0592105500400066,0.103169538080692,0.0863087922334671,0,0,0,0.106018163263798,0.112147748470306,0,0,0.148225083947182,0.270220667123795,0.266969054937363,0.263863682746887,0.281795293092728,0.146336600184441,0,0.27076518535614,0.316039443016052,0.191119849681854,0.173877909779549,0.213626340031624,0,0.176722183823586,0.254639148712158,0.266960978507996,0.43367663025856,0.235367894172668,0.196757078170776,0.238859727978706,0.43015056848526,0.213675677776337,0.239693403244019,0.460750132799149,0.603603363037109,0.446062386035919,0.318041622638702,0.560297548770905,0.437618166208267,0.334035962820053,0.294803738594055,0.208987101912498,0.209525525569916,0.421415060758591,0.425140410661697,0.24617874622345,0.302272289991379,0.192582279443741,0.277486056089401,0.271218359470367,0.314370691776276,0.507370233535767,0.640568494796753,0.461772441864014,0.387276500463486,0.411458253860474,0.444883406162262,0,0,0.0533356703817844,0.32633975148201,0.405540734529495,0.409744173288345,0.405922800302505,0.64836311340332,0.579468488693237,0.494227468967438,0.541270971298218,0.459004551172256,0.15565137565136,0.333193510770798,0.487758606672287,0.506854116916656,0.33976611495018,0.477430105209351,0.628490924835205,0.589927315711975,0.583893239498138,0.533603012561798,0.613378643989563,0.49429526925087,0.326050817966461,0.316854387521744,0.465995848178864,0.43689638376236,0.427374362945557,0.381747454404831,0,0.281811743974686,0,0.381344825029373,0.667287647724152,0.528125524520874,0.508023738861084,0.461844950914383,0,0,0,0,0.0635563433170319,0.497721433639526,0.411944389343262,0.509691178798676,0.383548200130463,0.442863911390305,0.639394044876099,0.649983644485474,0.289425939321518,0,0,0,0,0.341905564069748,0.297116905450821,0,0,0,0,0.221684217453003,0,0,0,0,0,0,0,0,0,0,0,0,0,0,0,0,0,0.298733979463577,0.162535756826401,0,0,0,0,0,0,0,0,0,0,0,0,0,0.171307593584061,0.120485790073872,0.244475573301315,0,0,0,0,0,0,0,0,0,0,0,0,0,0,0,0,0,0,0,0,0,0,0,0,0,0,0,0,0,0,0,0,0,0,0,0,0,0,0,0,0,45
Emden,0,0,0,0,0,0,0,0,0,0,0,0,0,0,0,0,0,0,0,0,0,0,0,0,0,0,0,0,0,0,0,0,0,0,0,0,0,0,0,0,0,0,0,0,0,0,0,0,0,0,0,0,0,0,0,0,0,0,0,0,0,0,0,0,0,0,0,0,0,0,0,0,0,0,0,0,0,0,0,0,0,0,0,0,0,0,0,0,0,0,0,0,0,0,0,0,0,0,0,0,0,0,0,0,0,0,0,0,0,0,0,0,0,0,0,0,0,0,0,0,0,0,0,0,0,0,0,0,0,0,0,0,0,0,0,0,0,0,0,0,0,0,0,0,0,0,0,0,0,0,0,0,0,0,0,0,0,0,0,0,0,0,0,0,0,0,0,0,0,0,0.00878615397959948,0.012894107028842,0.00564728630706668,0,0,0,0.0136260315775871,0,0,0,0,0.0393837951123714,0.0305438730865717,0.0216680373996496,0.0282563976943493,0,0,0.0309692900627851,0.0395460054278374,0.0225147046148777,0.0273978188633919,0.026946933940053,0,0.0199918430298567,0.0197292845696211,0.034065768122673,0.0583733171224594,0.0271148700267076,0,0.0309809893369675,0.0563941709697247,0.0291539393365383,0.0354728065431118,0.061545979231596,0.0762161687016487,0.039347019046545,0.0318951979279518,0.0716091990470886,0.0502885691821575,0.0461108535528183,0.0388806872069836,0.0223575513809919,0,0.0535737052559853,0.0515293255448341,0.0323764383792877,0.0384036861360073,0.0332712084054947,0.0411535874009132,0.0255654715001583,0,0.0546513237059116,0.0727299600839615,0.0543479770421982,0.0355963632464409,0.0639211386442184,0.0618379265069962,0.0257036853581667,0.0265292171388865,0,0.0525196455419064,0.057353563606739,0.0464647151529789,0.0493584908545017,0.0839817747473717,0.0741632133722305,0.0595469921827316,0.0749487727880478,0.057658426463604,0.0359823144972324,0.0553197227418423,0.0676374211907387,0.0626123547554016,0.0565085858106613,0.0647503361105919,0.0689087063074112,0.0664723068475723,0.068692684173584,0.0711549893021584,0.0715754702687263,0.0622699595987797,0.0547864735126495,0.0479290336370468,0.058303814381361,0.0652467682957649,0.0568719729781151,0.0469794496893883,0.0425526164472103,0.048707764595747,0.0402240268886089,0.0538723357021809,0.0802910402417183,0.0706087201833725,0.0600844100117683,0.0624560825526714,0,0,0.0314953699707985,0,0.0436261482536793,0.0669793784618378,0.0578381791710854,0.0591113865375519,0.0566952675580978,0.0649744942784309,0.0811199024319649,0.0682272240519524,0.0308756846934557,0,0,0,0.0294419676065445,0.0551441758871078,0.0371873937547207,0.0296900644898415,0,0,0,0.0244117416441441,0,0,0,0,0,0,0,0,0,0,0,0,0,0,0,0,0,0.0390386767685413,0,0,0,0,0,0,0,0,0,0,0,0,0,0,0.0234236884862185,0.0220091268420219,0.0329291112720966,0,0,0,0,0,0,0,0,0,0,0,0,0,0,0,0,0,0,0,0,0,0,0,0,0,0,0,0,0,0,0,0,0,0,0,0,0,0,0,0,0,46
Oldenburg (Oldb),0,0,0,0,0,0,0,0,0,0,0,0,0,0,0,0,0,0,0,0,0,0,0,0,0,0,0,0,0,0,0,0,0,0,0,0,0,0,0,0,0,0,0,0,0,0,0,0,0,0,0,0,0,0,0,0,0,0,0,0,0,0,0,0,0,0,0,0,0,0,0,0,0,0,0,0,0,0,0,0,0,0,0,0,0,0,0,0,0,0,0,0,0,0,0,0,0,0,0,0,0,0,0,0,0,0,0,0,0,0,0,0,0,0,0,0,0,0,0,0,0,0,0,0,0.000890172319486737,0,0,0,0,0,0,0,0,0,0,0,0,0,0,0,0,0,0,0,0,0,0,0,0,0,0,0,0,0,0,0,0,0,0,0,0,0,0,0,0,0,0,0.0208512507379055,0.0272428821772337,0.0283730216324329,0.0849637612700462,0.137723982334137,0.100353054702282,0,0,0,0.145765960216522,0.14264802634716,0,0,0.148672834038734,0.372199952602386,0.344399183988571,0.30990943312645,0.344702869653702,0.177072137594223,0,0.352154970169067,0.437583088874817,0.246704444289207,0.24869966506958,0.274993568658829,0,0.239027038216591,0.316599488258362,0.346439272165298,0.589670956134796,0.295991659164429,0.242375895380974,0.289581656455994,0.57908046245575,0.285413980484009,0.313687771558762,0.585802853107452,0.770476222038269,0.513920426368713,0.386652737855911,0.733876824378967,0.537911534309387,0.438425183296204,0.371025681495667,0.219260424375534,0.240653425455093,0.51528263092041,0.547975540161133,0.32041472196579,0.390856951475143,0.291792094707489,0.363401830196381,0.317436754703522,0.341367781162262,0.605832993984222,0.76448518037796,0.563946485519409,0.454658299684525,0.58661937713623,0.566876769065857,0,0,0,0.413993924856186,0.514018177986145,0.476915895938873,0.506616771221161,0.795100629329681,0.730594873428345,0.592952251434326,0.70172518491745,0.548448204994202,0.213369280099869,0.440022677183151,0.62047678232193,0.615141630172729,0.42607569694519,0.584185659885406,0.721080183982849,0.664888143539429,0.700864791870117,0.649434924125671,0.744194447994232,0.607473254203796,0.448205202817917,0.384084582328796,0.564239025115967,0.529573678970337,0.503839254379272,0.448623865842819,0.201940819621086,0.392820328474045,0,0.464735716581345,0.782507240772247,0.648799419403076,0.588739097118378,0.57073563337326,0,0,0,0,0.256347328424454,0.618204534053802,0.485523074865341,0.595123052597046,0.464674264192581,0.577623546123505,0.778048276901245,0.731746554374695,0.321423918008804,0,0,0,0,0.441013008356094,0.341461420059204,0,0,0,0,0.251225352287292,0,0,0,0,0,0,0,0,0,0,0,0,0,0,0,0,0,0.346838355064392,0.14214089512825,0,0,0,0,0,0,0,0,0,0,0,0,0,0.216208711266518,0.202720150351524,0.330192595720291,0,0,0,0,0,0,0,0,0,0,0,0,0,0,0,0,0,0,0,0,0,0,0,0,0,0,0,0,0,0,0,0,0,0,0,0,0,0,0,0,0,47
Osnabrück,0,0,0,0,0,0,0,0,0,0,0,0,0,0,0,0,0,0,0,0,0,0,0,0,0,0,0,0,0,0,0,0,0,0,0,0,0,0,0,0,0,0,0,0,0,0,0,0,0,0,0,0,0,0,0,0,0,0,0,0,0,0,0,0,0,0,0,0,0,0,0,0,0,0,0,0,0,0,0,0,0,0,0,0,0,0,0,0,0,0,0,0,0,0,0,0,0,0,0,0,0,0,0,0,0,0,0,0,0,0,0,0,0,0,0,0,0,0,0,0,0,0,0,0.000145966550917365,0.00112418970093131,0,0,0,0,0,0,0,0,0,0,0,0,0,0,0,0,0,0,0,0,0,0,0,0,0,0,0,0,0,0,0,0,0,0,0,0,0,0,0,0,0,0,0.0194577015936375,0.0185408387333155,0.0154271339997649,0.0511396303772926,0.0792295560240746,0.0679933801293373,0,0,0,0.0848199874162674,0.0957260802388191,0,0.0630280375480652,0.136001959443092,0.211643561720848,0.209900587797165,0.238925009965897,0.215514376759529,0.150023609399796,0.0955720394849777,0.231477558612823,0.258150666952133,0.132395833730698,0.0923548713326454,0.11376591771841,0,0.184614688158035,0.177995622158051,0.199787944555283,0.33209827542305,0.191409140825272,0.158972561359406,0.203672274947166,0.343287885189056,0.176276490092278,0.156345084309578,0.347126960754395,0.446227461099625,0.382419258356094,0.315193384885788,0.496640712022781,0.380466014146805,0.267049551010132,0.25129908323288,0.24630232155323,0.193448752164841,0.304117560386658,0.258846551179886,0.251782536506653,0.202433228492737,0.203616961836815,0.242706522345543,0.281938999891281,0.365490525960922,0.44650810956955,0.500376522541046,0.407872647047043,0.379933714866638,0.370095133781433,0.317375898361206,0,0,0.141690582036972,0.250364243984222,0.34795817732811,0.373124241828918,0.406842082738876,0.526256859302521,0.45293653011322,0.396810054779053,0.471793562173843,0.315156042575836,0,0.150899350643158,0.36149936914444,0.389751374721527,0.283803313970566,0.453905522823334,0.532130479812622,0.44035679101944,0.422375202178955,0.400711268186569,0.471803069114685,0.397116899490356,0.185080736875534,0.194273293018341,0.361176311969757,0.31573697924614,0.291123151779175,0.31102728843689,0,0.170740827918053,0.230437740683556,0.403620958328247,0.527455806732178,0.438229411840439,0.434023320674896,0.330814450979233,0,0,0,0.157469019293785,0.345232278108597,0.424478143453598,0.336588799953461,0.43389043211937,0.340994894504547,0.385955691337585,0.517088234424591,0.537698984146118,0.00141314684879035,0,0,0,0,0.336195915937424,0.191244348883629,0,0,0,0,0,0,0,0,0,0,0,0,0,0,0,0,0,0,0,0,0,0,0.230756685137749,0,0,0,0,0,0,0,0,0,0,0,0,0,0,0.166730165481567,0.1179408878088,0.218062922358513,0,0,0,0,0,0,0,0,0,0,0,0,0,0,0,0,0,0,0,0,0,0,0,0,0,0,0,0,0,0,0,0,0,0,0,0,0,0,0,0,0,48
Wilhelmshaven,0,0,0,0,0,0,0,0,0,0,0,0,0,0,0,0,0,0,0,0,0,0,0,0,0,0,0,0,0,0,0,0,0,0,0,0,0,0,0,0,0,0,0,0,0,0,0,0,0,0,0,0,0,0,0,0,0,0,0,0,0,0,0,0,0,0,0,0,0,0,0,0,0,0,0,0,0,0,0,0,0,0,0,0,0,0,0,0,0,0,0,0,0,0,0,0,0,0,0,0,0,0,0,0,0,0,0,0,0,0,0,0,0,0,0,0,0,0,0,0,0,0,0,0,0,0,0,0,0,0,0,0,0,0,0,0,0,0,0,0,0,0,0,0,0,0,0,0,0,0,0,0,0,0,0,0,0,0,0,0,0,0,0,0,0,0,0,0,0,0,0,0,0,0,0,0,0,0,0,0,0,0,0,0,0,0,0,0,0,0,0,0,0,0,0,0,0,0,0,0,0,0,0,0,0,0,0,0,0,0,0,0,0,0,0,0,0,0,0,0,0,0,0,0,0,0,0,0,0,0,0,0,0,0,0,0,0,0,0,0,0,0,0,0,0,0,0,0,0,0,0,0,0,0,0,0,0,0,0,0,0,0,0,0,0,0,0,0,0,0,0,0,0,0,0,0,0,0,0,0,0,0,0,0,0,0,0,0,0,0,0,0,0,0,0,0,0,0,0,0,0,0,0,0,0,0,0,0,0,0,0,0,0,0,0,0,0,0,0,0,0,0,0,0,0,0,0,0,0,0,0,0,0,0,0,0,0,0,0,0,0,0,0,0,0,0,0,0,0,0,0,0,0,0,0,0,0,0,0,0,0,0,0,0,0,49
Ammerland,0,0,0,0,0,0,0,0,0,0,0,0,0,0,0,0,0,0,0,0,0,0,0,0,0,0,0,0,0,0,0,0,0,0,0,0,0,0,0,0,0,0,0,0,0,0,0,0,0,0,0,0,0,0,0,0,0,0,0,0,0,0,0,0,0,0,0,0,0,0,0,0,0,0,0,0,0,0,0,0,0,0,0,0,0,0,0,0,0,0,0,0,0,0,0,0,0,0,0,0,0,0,0,0,0,0,0,0,0,0,0,0,0,0,0,0,0,0,0,0,0,0,0,0,0.000450144230853766,0,0,0,0,0,0,0,0,0,0,0,0,0,0,0,0,0,0,0,0,0,0,0,0,0,0,0,0,0,0,0,0,0,0,0,0,0,0,0,0,0,0,0.0128517262637615,0.0100188571959734,0.0117013435810804,0.0594220645725727,0.0941190123558044,0.0654914975166321,0,0,0,0.0991999432444572,0.0946173146367073,0,0.018152991309762,0.0795174539089203,0.257396399974823,0.234421953558922,0.203626528382301,0.231970682740211,0.110879026353359,0,0.236920863389969,0.304909080266953,0.172416403889656,0.167770475149155,0.189123064279556,0,0.162827357649803,0.209470331668854,0.233348608016968,0.411544740200043,0.198409676551819,0.160888910293579,0.196285828948021,0.400686770677567,0.199916571378708,0.220761448144913,0.402861744165421,0.531733334064484,0.33938792347908,0.261860221624374,0.508760869503021,0.365742594003677,0.306132882833481,0.259032607078552,0.0869668424129486,0.101199306547642,0.354308784008026,0.365584075450897,0.22408664226532,0.268997460603714,0.207555666565895,0.258283883333206,0.210692137479782,0.229165822267532,0.41429939866066,0.526534557342529,0.38727131485939,0.299972057342529,0.419922202825546,0.397202461957932,0.0113392891362309,0.0388338528573513,0,0.292697459459305,0.364538878202438,0.324656546115875,0.345346122980118,0.555684685707092,0.508567273616791,0.405325174331665,0.488967537879944,0.377213001251221,0.0961878225207329,0.313563138246536,0.434437215328217,0.427422851324081,0.302319496870041,0.409786880016327,0.492687821388245,0.452478379011154,0.479046255350113,0.450268179178238,0.512673079967499,0.422045081853867,0.32536593079567,0.275943279266357,0.397320330142975,0.381954282522202,0.351959735155106,0.30219978094101,0.100648388266563,0.282311797142029,0.0826059952378273,0.328206300735474,0.542832136154175,0.452459722757339,0.40843477845192,0.401420682668686,0,0,0.0138474199920893,0,0.198254585266113,0.44035416841507,0.343191742897034,0.41191092133522,0.327780812978745,0.420824199914932,0.551811695098877,0.505266308784485,0.203491553664207,0,0,0,0,0.315741926431656,0.232196256518364,0,0,0,0,0.164060845971107,0,0,0,0,0,0,0,0,0,0,0,0,0,0,0,0,0,0.246846541762352,0.0168826542794704,0,0,0,0,0,0,0,0,0,0,0,0,0,0.151996448636055,0.137441232800484,0.236404806375504,0,0,0,0,0,0,0,0,0,0,0,0,0,0,0,0,0,0,0,0,0,0,0,0,0,0,0,0,0,0,0,0,0,0,0,0,0,0,0,0,0,50
Aurich,0,0,0,0,0,0,0,0,0,0,0,0,0,0,0,0,0,0,0,0,0,0,0,0,0,0,0,0,0,0,0,0,0,0,0,0,0,0,0,0,0,0,0,0,0,0,0,0,0,0,0,0,0,0,0,0,0,0,0,0,0,0,0,0,0,0,0,0,0,0,0,0,0,0,0,0,0,0,0,0,0,0,0,0,0,0,0,0,0,0,0,0,0,0,0,0,0,0,0,0,0,0,0,0,0,0,0,0,0,0,0,0,0,0,0,0,0,0,0,0,0,0,0,0,1.96130531548988e-05,0,0,0,0,0,0,0,0,0,0,0,0,0,0,0,0,0,0,0,0,0,0,0,0,0,0,0,0,0,0,0,0,0,0,0,0,0,0,0,0,0,0,0.00158227584324777,0,0.000996628310531378,0.0408654808998108,0.0616847276687622,0.0318314731121063,0,0,0,0.0654718056321144,0.0365208610892296,0,0,0.00872059538960457,0.185857117176056,0.152266666293144,0.11092384159565,0.141455784440041,0.0101806037127972,0,0.14889669418335,0.198128014802933,0.112879045307636,0.125024124979973,0.131590291857719,0,0.0961945280432701,0.106647834181786,0.15765243768692,0.285928070545197,0.123451016843319,0.0148467058315873,0.138244166970253,0.276019930839539,0.139724627137184,0.166858986020088,0.29422914981842,0.376013666391373,0.195022717118263,0.14454248547554,0.347716957330704,0.246402382850647,0.220327019691467,0.1814896017313,0.0266537126153708,0,0.256562203168869,0.249661564826965,0.146680489182472,0.181236773729324,0.145927533507347,0.190136924386024,0.0833234190940857,0.0210170336067677,0.266475945711136,0.362048596143723,0.269352644681931,0.175143390893936,0.310852557420731,0.299506962299347,0.0306428279727697,0.0667454898357391,0,0.241811737418175,0.273995637893677,0.224542662501335,0.236697271466255,0.412963032722473,0.366111010313034,0.287001669406891,0.361754924058914,0.298044919967651,0.154578059911728,0.258751541376114,0.325825065374374,0.30758062005043,0.26155012845993,0.314882308244705,0.337840586900711,0.322145134210587,0.338414967060089,0.340750575065613,0.358239740133286,0.303288042545319,0.262632548809052,0.231094837188721,0.288170248270035,0.315554648637772,0.278911054134369,0.216985464096069,0.182579651474953,0.225156337022781,0.17080083489418,0.249622017145157,0.403420567512512,0.346254497766495,0.296103060245514,0.306793004274368,0,0,0.0785449519753456,0,0.191155910491943,0.331881910562515,0.275075525045395,0.292071223258972,0.269373029470444,0.326418399810791,0.408249825239182,0.351568162441254,0.13332399725914,0,0,0,0.0755946040153503,0.264848589897156,0.173413217067719,0.0737248882651329,0,0,0,0.0384386740624905,0,0,0,0,0,0,0,0,0,0,0,0,0,0,0,0,0,0.197855189442635,0,0,0,0,0,0,0,0,0,0,0,0,0,0,0.122971341013908,0.108319409191608,0.170731663703918,0,0,0,0,0,0,0,0,0,0,0,0,0,0,0,0,0,0,0,0,0,0,0,0,0,0,0,0,0,0,0,0,0,0,0,0,0,0,0,0,0,51
Cloppenburg,0,0,0,0,0,0,0,0,0,0,0,0,0,0,0,0,0,0,0,0,0,0,0,0,0,0,0,0,0,0,0,0,0,0,0,0,0,0,0,0,0,0,0,0,0,0,0,0,0,0,0,0,0,0,0,0,0,0,0,0,0,0,0,0,0,0,0,0,0,0,0,0,0,0,0,0,0,0,0,0,0,0,0,0,0,0,0,0,0,0,0,0,0,0,0,0,0,0,0,0,0,0,0,0,0,0,0,0,0,0,0,0,0,0,0,0,0,0,0,0,0,0,0,6.15554235992022e-05,0.000772245752159506,0,0,0,0,0,0,0,0,0,0,0,0,0,0,0,0,0,0,0,0,0,0,0,0,0,0,0,0,0,0,0,0,0,0,0,0,0,0,0,0,0,0,0.0193613097071648,0.0184453073889017,0.0204568617045879,0.0602364912629128,0.0909423604607582,0.0695146694779396,0,0,0,0.09349574893713,0.0972610712051392,0,0.0774578973650932,0.125124543905258,0.236727431416512,0.22897644340992,0.222460925579071,0.224234506487846,0.144318550825119,0,0.23925119638443,0.289624750614166,0.164920449256897,0.137589871883392,0.145383641123772,0,0.174730509519577,0.192823246121407,0.21969299018383,0.368697941303253,0.196978077292442,0.179441437125206,0.203750446438789,0.365226268768311,0.19793201982975,0.200502157211304,0.379496514797211,0.491972506046295,0.358406096696854,0.293052613735199,0.496096134185791,0.360325157642365,0.286186099052429,0.246596321463585,0.177349671721458,0.156650811433792,0.31153067946434,0.311023265123367,0.243920505046844,0.249835431575775,0.2032730281353,0.234375223517418,0.244135826826096,0.290411561727524,0.41908323764801,0.505736887454987,0.369732320308685,0.31085678935051,0.383150964975357,0.34944811463356,0,0.0420840829610825,0.113383494317532,0.280635565519333,0.350644379854202,0.329753816127777,0.338940411806107,0.522198557853699,0.461149513721466,0.383328557014465,0.461244821548462,0.334069699048996,0.00160524912644178,0.253962844610214,0.394384473562241,0.400971323251724,0.279691249132156,0.388174593448639,0.464841514825821,0.424960732460022,0.440832704305649,0.406960159540176,0.47457155585289,0.386768937110901,0.249350845813751,0.22582146525383,0.356509298086166,0.326880306005478,0.307890266180038,0.288209110498428,0.00174794334452599,0.257590681314468,0.0214463546872139,0.325435757637024,0.48438024520874,0.408894658088684,0.374851554632187,0.347627490758896,0,0,0,0.00029247225029394,0.238415524363518,0.41296124458313,0.312487304210663,0.393172144889832,0.309374183416367,0.378326714038849,0.499801814556122,0.473414212465286,0.164718270301819,0,0,0,0,0.279771059751511,0.190795212984085,0,0,0,0,0.0302667804062366,0,0,0,0,0,0,0,0,0,0,0,0,0,0,0,0,0,0.213858127593994,0,0,0,0,0,0,0,0,0,0,0,0,0,0,0.136302724480629,0.0642710477113724,0.212525248527527,0,0,0,0,0,0,0,0,0,0,0,0,0,0,0,0,0,0,0,0,0,0,0,0,0,0,0,0,0,0,0,0,0,0,0,0,0,0,0,0,0,52
Emsland,0,0,0,0,0,0,0,0,0,0,0,0,0,0,0,0,0,0,0,0,0,0,0,0,0,0,0,0,0,0,0,0,0,0,0,0,0,0,0,0,0,0,0,0,0,0,0,0,0,0,0,0,0,0,0,0,0,0,0,0,0,0,0,0,0,0,0,0,0,0,0,0,0,0,0,0,0,0,0,0,0,0,0,0,0,0,0,0,0,0,0,0,0,0,0,0,0,0,0,0,0,0,0,0,0,0,0,0,0,0,0,0,0,0,0,0,0,0,0,0,0,0,0,0.000124320955364965,0.000566834816709161,0,0,0,0,0,0,0,0,0,0,0,0,0,0,0,0,0,0,0,0,0,0,0,0,0,0,0,0,0,0,0,0,0,0,0,0,0,0,0,0,0,0.00174941658042371,0.0160477068275213,0.0093778558075428,0.00922233983874321,0.0465544126927853,0.0668936744332314,0.049264669418335,0,0,0,0.0701396465301514,0.0725325644016266,0,0.0613860450685024,0.101331114768982,0.174492359161377,0.163836196064949,0.171182364225388,0.161375194787979,0.11287683993578,0.023350128903985,0.181928589940071,0.206148460507393,0.11723081022501,0.0945482701063156,0.0981879085302353,0,0.140976622700691,0.132860630750656,0.161953404545784,0.26799339056015,0.142904102802277,0.136761501431465,0.155972257256508,0.269453972578049,0.154769584536552,0.158223688602448,0.276119738817215,0.354840964078903,0.277918756008148,0.235091283917427,0.364349007606506,0.270639181137085,0.209415808320045,0.187769949436188,0.134849578142166,0.109890542924404,0.231986850500107,0.214178338646889,0.192494437098503,0.183741375803947,0.157516300678253,0.174501672387123,0.197765618562698,0.24482299387455,0.324155420064926,0.370769262313843,0.274058222770691,0.23945352435112,0.286291301250458,0.245972856879234,0.00147896120324731,0.0402063354849815,0.118928775191307,0.220648795366287,0.268217921257019,0.256745010614395,0.268923044204712,0.389835596084595,0.340476542711258,0.275699734687805,0.346080482006073,0.232258334755898,0.0287289880216122,0.184868559241295,0.297500908374786,0.293056756258011,0.215063259005547,0.29351931810379,0.341170489788055,0.300858318805695,0.315150588750839,0.290917992591858,0.345500826835632,0.284458190202713,0.182804480195045,0.163503631949425,0.258291840553284,0.255735754966736,0.221372932195663,0.219520777463913,0.0570627860724926,0.194656744599342,0.0698017701506615,0.272709786891937,0.352993220090866,0.302457869052887,0.271235376596451,0.253342777490616,0,0.0238006692379713,0,0.0631702318787575,0.234889462590218,0.312411487102509,0.235343128442764,0.290967911481857,0.238954409956932,0.291204631328583,0.375384241342545,0.349796384572983,0.0107495477423072,0,0,0,3.96093018935062e-05,0.232075020670891,0.132415235042572,0.015650549903512,0,0,0,0.0602404549717903,0,0,0,0,0,0,0,0,0,0,0,0,0,0,0,0,0,0.170261085033417,0,0,0.0187231935560703,0,0,0,0,0,0,0,0,0,0,0,0.104334510862827,0.0514561608433723,0.154965847730637,0,0,0,0,0,0,0,0,0,0,0,0,0,0,0,0,0,0,0,0,0,0,0,0,0,0,0,0,0,0,0,0,0,0,0,0,0,0,0,0,0,53
Friesland,0,0,0,0,0,0,0,0,0,0,0,0,0,0,0,0,0,0,0,0,0,0,0,0,0,0,0,0,0,0,0,0,0,0,0,0,0,0,0,0,0,0,0,0,0,0,0,0,0,0,0,0,0,0,0,0,0,0,0,0,0,0,0,0,0,0,0,0,0,0,0,0,0,0,0,0,0,0,0,0,0,0,0,0,0,0,0,0,0,0,0,0,0,0,0,0,0,0,0,0,0,0,0,0,0,0,0,0,0,0,0,0,0,0,0,0,0,0,0,0,0,0,0,0,4.80473063362297e-05,0,0,0,0,0,0,0,0,0,0,0,0,0,0,0,0,0,0,0,0,0,0,0,0,0,0,0,0,0,0,0,0,0,0,0,0,0,0,0,0,0,0,0.00209193374030292,0,0,0.0175054855644703,0.0280714780092239,0.0185049548745155,0,0,0,0.029915314167738,0.0275549814105034,0,0,0.0108601367101073,0.0793155059218407,0.0704349055886269,0.0581955537199974,0.0693592131137848,0.0288962218910456,0,0.0695442259311676,0.0919435173273087,0.0519167371094227,0.053571380674839,0.0601155422627926,0,0.0455601401627064,0.0627149567008018,0.0697488039731979,0.127082273364067,0.0576927289366722,0.0441498607397079,0.0574092641472816,0.12316583096981,0.0603740550577641,0.0674204751849174,0.121722251176834,0.162268027663231,0.0990211665630341,0.0743933767080307,0.152380928397179,0.109952598810196,0.0932624712586403,0.0784424319863319,0,0.00153930683154613,0.110275827348232,0.113388530910015,0.0632602572441101,0.0809187367558479,0.0612871050834656,0.0796932131052017,0.0576368905603886,0.0608761385083199,0.122760571539402,0.158345103263855,0.11800592392683,0.0885163024067879,0.129161641001701,0.12274407595396,0.00142384239006788,0.0260050408542156,0,0.0899113640189171,0.109985373914242,0.0976519957184792,0.105870127677917,0.169367894530296,0.155655652284622,0.122498542070389,0.148202076554298,0.118060559034348,0.0599618293344975,0.100165911018848,0.132670044898987,0.128514632582664,0.0933136194944382,0.125166043639183,0.148388713598251,0.136677950620651,0.145920962095261,0.138288736343384,0.154640316963196,0.127564042806625,0.10298303514719,0.087223693728447,0.123995408415794,0.122800633311272,0.110092498362064,0.0932356119155884,0.0639953911304474,0.0842764899134636,0.0598768256604671,0.100982062518597,0.168154492974281,0.139976128935814,0.124892391264439,0.124528713524342,0,0,0.00173878122586757,0,0.0633352026343346,0.133758038282394,0.107034765183926,0.124174289405346,0.101895324885845,0.131722271442413,0.168878853321075,0.152865722775459,0.0638224557042122,0,0,0,0,0.10050967335701,0.0713185593485832,0,0,0,0,0.0503687039017677,0,0,0,0,0,0,0,0,0,0,0,0,0,0,0,0,0,0.0760086998343468,0.00139180151745677,0,0,0,0,0,0,0,0,0,0,0,0,0,0.0474005900323391,0.044758066534996,0.0708325207233429,0,0,0,0,0,0,0,0,0,0,0,0,0,0,0,0,0,0,0,0,0,0,0,0,0,0,0,0,0,0,0,0,0,0,0,0,0,0,0,0,0,54
Grafschaft Bentheim,0,0,0,0,0,0,0,0,0,0,0,0,0,0,0,0,0,0,0,0,0,0,0,0,0,0,0,0,0,0,0,0,0,0,0,0,0,0,0,0,0,0,0,0,0,0,0,0,0,0,0,0,0,0,0,0,0,0,0,0,0,0,0,0,0,0,0,0,0,0,0,0,0,0,0,0,0,0,0,0,0,0,0,0,0,0,0,0,0,0,0,0,0,0,0,0,0,0,0,0,0,0,0,0,0,0,0,0,0,0,0,0,0,0,0,0,0,0,0,0,0,0,0,4.45947080152109e-05,0.000152527645695955,0,0,0,0,0,0,0,0,0,0,0,0,0,0,0,0,0,0,0,0,0,0,0,0,0,0,0,0,0,0,0,0,0,0,0,0,0,0,0,0,0,0.00288756564259529,0.00314825493842363,0.00210004020482302,0,0.00930050853639841,0.012900261208415,0.00939201936125755,0,0,0,0.0147330733016133,0.0152746001258492,0,0.0130629567429423,0.0236318875104189,0.0336157158017159,0.0309138745069504,0.037029892206192,0.0320087485015392,0.0247401110827923,0.0185243990272284,0.0374577306210995,0.0381145216524601,0.021132642403245,0.0178847424685955,0.0175366252660751,0,0.0313324816524982,0.0285177920013666,0.0333629958331585,0.0506795533001423,0.0284429993480444,0.0261207427829504,0.0317113138735294,0.0538060404360294,0.0291555821895599,0.0338940136134624,0.0529913790524006,0.0660546869039536,0.0605282224714756,0.0523287504911423,0.0722467973828316,0.0568852350115776,0.0385949201881886,0.0374346114695072,0.0402870774269104,0.0324996337294579,0.0467974208295345,0.0402877889573574,0.0381562560796738,0.0345093607902527,0.0321829207241535,0.0355923399329185,0.0490331165492535,0.0585272386670113,0.0692534148693085,0.0706850811839104,0.0596074424684048,0.0571425780653954,0.0569577589631081,0.0479877218604088,0.00129114568699151,0,0.00138842267915606,0.0413535907864571,0.0545542612671852,0.0560242384672165,0.0624702498316765,0.0807876214385033,0.0684661492705345,0.0550898835062981,0.0716357380151749,0.0417665913701057,0.0216575209051371,0.0303707607090473,0.0587408468127251,0.0571500323712826,0.0440038330852985,0.0671549215912819,0.0738410502672195,0.0616355091333389,0.0609793961048126,0.0580384731292725,0.0690978690981865,0.057545680552721,0.0306360218673944,0.0291066579520702,0.0503392666578293,0.0509254932403564,0.0414897985756397,0.0459822304546833,0.0220504570752382,0.0361433513462543,0.0336457416415215,0.0642915666103363,0.073578879237175,0.0638989880681038,0.0583756156265736,0.0494338683784008,0,0.0237194243818521,0,0.0379738062620163,0.0599363557994366,0.062963604927063,0.0501330718398094,0.0584082268178463,0.0485623553395271,0.0595392994582653,0.0784133225679398,0.0751280188560486,0,0,0,0,0.0211506653577089,0.059234619140625,0.0319687090814114,0.0226808413863182,0,0,0,0.00139391259290278,0,0,0,0,0,0,0,0,0,0,0,0,0,0,0,0,0,0.0419569760560989,0,0,0.0201396066695452,0,0,0,0,0,0,0,0,0,0,0,0.0221682973206043,0.0176464766263962,0.0322456285357475,0,0,0,0,0,0,0,0,0,0,0,0,0,0,0,0,0,0,0,0,0,0,0,0,0,0,0,0,0,0,0,0,0,0,0,0,0,0,0,0,0,55
Leer,0,0,0,0,0,0,0,0,0,0,0,0,0,0,0,0,0,0,0,0,0,0,0,0,0,0,0,0,0,0,0,0,0,0,0,0,0,0,0,0,0,0,0,0,0,0,0,0,0,0,0,0,0,0,0,0,0,0,0,0,0,0,0,0,0,0,0,0,0,0,0,0,0,0,0,0,0,0,0,0,0,0,0,0,0,0,0,0,0,0,0,0,0,0,0,0,0,0,0,0,0,0,0,0,0,0,0,0,0,0,0,0,0,0,0,0,0,0,0,0,0,0,0,0,0.000195632906979881,0,0,0,0,0,0,0,0,0,0,0,0,0,0,0,0,0,0,0,0,0,0,0,0,0,0,0,0,0,0,0,0,0,0,0,0,0,0,0,0,0,0,0.00895199365913868,0.000298372295219451,0.0069091240875423,0.032589565962553,0.0489139147102833,0.0319472886621952,0,0,0,0.0510806888341904,0.0455187410116196,0,0.0138335758820176,0.0517662577331066,0.134516969323158,0.119526617228985,0.103637851774693,0.114802144467831,0.0584732033312321,0,0.121600337326527,0.154204204678535,0.0882581323385239,0.0829996317625046,0.0907693281769753,0,0.0867049172520638,0.0936134308576584,0.116305120289326,0.208636924624443,0.0967519208788872,0.0813464820384979,0.102290399372578,0.201392665505409,0.10518154501915,0.117299944162369,0.210023626685143,0.27233549952507,0.166765004396439,0.133367076516151,0.260705530643463,0.183895736932755,0.156987950205803,0.132158473134041,0.0296981018036604,0.00260667898692191,0.177253410220146,0.174461916089058,0.120414100587368,0.133458510041237,0.104478016495705,0.128521174192429,0.105685867369175,0.119350165128708,0.207830533385277,0.265946418046951,0.190503805875778,0.141189113259315,0.215254992246628,0.19988077878952,0,0,0.0290091168135405,0.161482319235802,0.191655650734901,0.161764472723007,0.169403627514839,0.284457951784134,0.253649443387985,0.199151560664177,0.249806508421898,0.192126959562302,0.0829514116048813,0.162202402949333,0.221478536725044,0.21566841006279,0.163553208112717,0.210177272558212,0.238208770751953,0.218131184577942,0.232103750109673,0.22330379486084,0.250993192195892,0.208164528012276,0.16460283100605,0.142801076173782,0.193892598152161,0.197644263505936,0.176583021879196,0.143761321902275,0.092089906334877,0.147174745798111,0.034546073526144,0.168318435549736,0.264947265386581,0.224879994988441,0.195288896560669,0.197418913245201,0,0,0,0,0.123012684285641,0.224382445216179,0.173997730016708,0.202349990606308,0.16737125813961,0.215291768312454,0.274382293224335,0.244960144162178,0.0289547275751829,0,0,0,0,0.161942079663277,0.105968192219734,0,0,0,0,0.0601409003138542,0,0,0,0,0,0,0,0,0,0,0,0,0,0,0,0,0,0.125999704003334,0,0,0,0,0,0,0,0,0,0,0,0,0,0,0.0763557627797127,0.0655226483941078,0.11639428883791,0,0,0,0,0,0,0,0,0,0,0,0,0,0,0,0,0,0,0,0,0,0,0,0,0,0,0,0,0,0,0,0,0,0,0,0,0,0,0,0,0,56
Oldenburg,0,0,0,0,0,0,0,0,0,0,0,0,0,0,0,0,0,0,0,0,0,0,0,0,0,0,0,0,0,0,0,0,0,0,0,0,0,0,0,0,0,0,0,0,0,0,0,0,0,0,0,0,0,0,0,0,0,0,0,0,0,0,0,0,0,0,0,0,0,0,0,0,0,0,0,0,0,0,0,0,0,0,0,0,0,0,0,0,0,0,0,0,0,0,0,0,0,0,0,0,0,0,0,0,0,0,0,0,0,0,0,0,0,0,0,0,0,0,0,0,0,0,0,0,0.000785785843618214,0,0,0,0,0,0,0,0,0,0,0,0,0,0,0,0,0,0,0,0,0,0,0,0,0,0,0,0,0,0,0,0,0,0,0,0,0,0,0,0,0,0,0.00753306597471237,0.0209581069648266,0.0211326498538256,0.0593633577227592,0.0971800088882446,0.0770674198865891,0,0,0,0.100277245044708,0.104791305959225,0,0.0191456917673349,0.127318739891052,0.255379378795624,0.249076783657074,0.237711310386658,0.251777976751328,0.139636069536209,0,0.254175871610641,0.303923457860947,0.173830270767212,0.161460608243942,0.18378272652626,0,0.1705721616745,0.225508660078049,0.244248673319817,0.402666062116623,0.212301820516586,0.175980746746063,0.213976815342903,0.400757640600204,0.197910249233246,0.210539013147354,0.419026374816895,0.543799698352814,0.3883196413517,0.291856914758682,0.52706241607666,0.391829013824463,0.304586946964264,0.261020451784134,0.173618659377098,0.172424167394638,0.358972817659378,0.373542249202728,0.231214076280594,0.270087689161301,0.193258717656136,0.246728092432022,0.243298128247261,0.278631955385208,0.448031961917877,0.558897495269775,0.407730311155319,0.336168557405472,0.390542656183243,0.394222497940063,0,0,0.0263612996786833,0.288493424654007,0.363710224628448,0.353500753641129,0.361112534999847,0.57035368680954,0.511307179927826,0.429160565137863,0.495309293270111,0.389490336179733,0.0673765391111374,0.285853654146194,0.428729265928268,0.441464871168137,0.297788143157959,0.417627930641174,0.530588090419769,0.491635352373123,0.500199198722839,0.459434151649475,0.532481014728546,0.430321872234344,0.281389653682709,0.25614920258522,0.392166942358017,0.356783151626587,0.352704375982285,0.320532858371735,0.0253759920597076,0.256558239459991,0,0.329506129026413,0.55658358335495,0.454452365636826,0.424393504858017,0.391955614089966,0,0,0,0,0.0850099623203278,0.437725871801376,0.343943655490875,0.431152880191803,0.329509824514389,0.388011187314987,0.543987512588501,0.537512242794037,0.228032723069191,0,0,0,0,0.295149564743042,0.236171022057533,0,0,0,0,0.162481650710106,0,0,0,0,0,0,0,0,0,0,0,0,0,0,0,0,0,0.241315752267838,0.0610617846250534,0,0,0,0,0,0,0,0,0,0,0,0,0,0.153216764330864,0.124713771045208,0.225209906697273,0,0,0,0,0,0,0,0,0,0,0,0,0,0,0,0,0,0,0,0,0,0,0,0,0,0,0,0,0,0,0,0,0,0,0,0,0,0,0,0,0,57
Osnabrück,0,0,0,0,0,0,0,0,0,0,0,0,0,0,0,0,0,0,0,0,0,0,0,0,0,0,0,0,0,0,0,0,0,0,0,0,0,0,0,0,0,0,0,0,0,0,0,0,0,0,0,0,0,0,0,0,0,0,0,0,0,0,0,0,0,0,0,0,0,0,0,0,0,0,0,0,0,0,0,0,0,0,0,0,0,0,0,0,0,0,0,0,0,0,0,0,0,0,0,0,0,0,0,0,0,0,0,0,0,0,0,0,0,0,0,0,0,0,0,0,0,0,0,0.000239005094044842,0.00110663520172238,0,0,0,0,0,0,0,0,0,0,0,0,0,0,0,0,0,0,0,0,0,0,0,0,0,0,0,0,0,0,0,0,0,0,0,0,0,0,0,0,0,0.000358203978976235,0.0218245685100555,0.0210000034421682,0.0120359612628818,0.058027870953083,0.08891611546278,0.0757815986871719,0,0,0,0.0938704013824463,0.104136519134045,0,0.0729197040200233,0.145243033766747,0.235799580812454,0.232583284378052,0.25897479057312,0.237399205565453,0.165025323629379,0.06900504976511,0.253491401672363,0.289388686418533,0.158601239323616,0.113624028861523,0.13304577767849,0,0.203834593296051,0.200510993599892,0.224051281809807,0.367252618074417,0.216273978352547,0.190236166119576,0.220319777727127,0.377932846546173,0.205544218420982,0.182114973664284,0.385923087596893,0.49733105301857,0.417520701885223,0.344739377498627,0.54310804605484,0.418952465057373,0.300264418125153,0.278699517250061,0.263548493385315,0.207711428403854,0.33757284283638,0.294179439544678,0.285523146390915,0.240821793675423,0.232183933258057,0.27002626657486,0.309161305427551,0.387592405080795,0.484974294900894,0.555235326290131,0.444552958011627,0.409915894269943,0.411495059728622,0.357406914234161,0,0.00140562304295599,0.15386751294136,0.290540307760239,0.387835264205933,0.409997969865799,0.435062080621719,0.577436625957489,0.501518368721008,0.436386227607727,0.51882666349411,0.361503124237061,0,0.196174025535583,0.409667730331421,0.438064813613892,0.31986677646637,0.497903078794479,0.580113887786865,0.488740622997284,0.477377861738205,0.444907128810883,0.526472568511963,0.442827701568604,0.205531612038612,0.225423008203506,0.396324992179871,0.361733704805374,0.339140981435776,0.353681266307831,0,0.180820912122726,0.24654133617878,0.431843787431717,0.580959022045135,0.481175541877747,0.473228514194489,0.37844705581665,0,0.00077687221346423,0,0.139875635504723,0.371244668960571,0.473363965749741,0.369462490081787,0.481489926576614,0.373908966779709,0.421154856681824,0.5708367228508,0.59142792224884,0.147223651409149,0,0,0,0.0134277874603868,0.368906855583191,0.219141185283661,0,0,0,0,0.0109933037310839,0,0,0,0,0,0,0,0,0,0,0,0,0,0,0,0,0,0.252531737089157,0,0,0.00385384424589574,0,0,0,0,0,0,0,0,0,0,0,0.186532571911812,0.092161126434803,0.240564376115799,0,0,0,0,0,0,0,0,0,0,0,0,0,0,0,0,0,0,0,0,0,0,0,0,0,0,0,0,0,0,0,0,0,0,0,0,0,0,0,0,0,58
Vechta,0,0,0,0,0,0,0,0,0,0,0,0,0,0,0,0,0,0,0,0,0,0,0,0,0,0,0,0,0,0,0,0,0,0,0,0,0,0,0,0,0,0,0,0,0,0,0,0,0,0,0,0,0,0,0,0,0,0,0,0,0,0,0,0,0,0,0,0,0,0,0,0,0,0,0,0,0,0,0,0,0,0,0,0,0,0,0,0,0,0,0,0,0,0,0,0,0,0,0,0,0,0,0,0,0,0,0,0,0,0,0,0,0,0,0,0,0,0,0,0,0,0,0,0.00011966085730819,0.000882617430761456,0,0,0,0,0,0,0,0,0,0,0,0,0,0,0,0,0,0,0,0,0,0,0,0,0,0,0,0,0,0,0,0,0,0,0,0,0,0,0,0,0,0,0.0168325677514076,0.0202614385634661,0.0192297771573067,0.0566225908696651,0.0877562984824181,0.0729230269789696,0,0,0,0.091249592602253,0.0990555584430695,0,0.0678238868713379,0.130223974585533,0.229484975337982,0.230571523308754,0.239527270197868,0.233206003904343,0.153925329446793,0.00747121823951602,0.24286313354969,0.282537877559662,0.165214627981186,0.125474855303764,0.148535802960396,0,0.177829205989838,0.194920182228088,0.22222925722599,0.352400600910187,0.207098066806793,0.185821086168289,0.209911316633224,0.366647720336914,0.199974045157433,0.188560768961906,0.383739620447159,0.492818027734756,0.385864764451981,0.314061522483826,0.51398891210556,0.391576141119003,0.28653672337532,0.256258249282837,0.220148459076881,0.181164100766182,0.315458804368973,0.305652499198914,0.262306898832321,0.246379271149635,0.213666915893555,0.250159651041031,0.272704422473907,0.331573963165283,0.448199838399887,0.531936943531036,0.407129675149918,0.358143717050552,0.376044452190399,0.352530181407928,0,0,0.173696160316467,0.278573989868164,0.359405010938644,0.371022015810013,0.382189959287643,0.543432176113129,0.47434338927269,0.415139257907867,0.485649675130844,0.357895076274872,0,0.228967428207397,0.395673334598541,0.420895904302597,0.288801938295364,0.440780371427536,0.527758836746216,0.470018148422241,0.462312787771225,0.424507439136505,0.499721080064774,0.407234519720078,0.197984591126442,0.218835338950157,0.373866021633148,0.330475836992264,0.32431560754776,0.333063870668411,0,0.231235757470131,0.118673264980316,0.364336103200912,0.534996628761292,0.440258741378784,0.425814032554626,0.36438924074173,0,0,0,0.0158495530486107,0.30106845498085,0.443072825670242,0.336723864078522,0.444128781557083,0.343739360570908,0.377483069896698,0.526708900928497,0.540242969989777,0.210791543126106,0,0,0,0,0.315860480070114,0.21464940905571,0,0,0,0,0.0903018489480019,0,0,0,0,0,0,0,0,0,0,0,0,0,0,0,0,0,0.225560545921326,0,0,0,0,0,0,0,0,0,0,0,0,0,0,0.170382335782051,0.055751021951437,0.214737355709076,0,0,0,0,0,0,0,0,0,0,0,0,0,0,0,0,0,0,0,0,0,0,0,0,0,0,0,0,0,0,0,0,0,0,0,0,0,0,0,0,0,59
Wesermarsch,0,0,0,0,0,0,0,0,0,0,0,0,0,0,0,0,0,0,0,0,0,0,0,0,0,0,0,0,0,0,0,0,0,0,0,0,0,0,0,0,0,0,0,0,0,0,0,0,0,0,0,0,0,0,0,0,0,0,0,0,0,0,0,0,0,0,0,0,0,0,0,0,0,0,0,0,0,0,0,0,0,0,0,0,0,0,0,0,0,0,0,0,0,0,0,0,0,0,0,0,0,0,0,0,0,0,0,0,0,0,0,0,0,0,0,0,0,0,0,0,0,0,0,0,0.000206210184842348,0,0,0,0,0,0,0,0,0,0,0,0,0,0,0,0,0,0,0,0,0,0,0,0,0,0,0,0,0,0,0,0,0,0,0,0,0,0,0,0,0,0,0.00082309782737866,0.00973891466856003,0.00679463520646095,0.0409811474382877,0.0715658888220787,0.0517702996730804,0,0,0,0.0768248289823532,0.0724963396787643,0,0,0.0408733822405338,0.20007511973381,0.178843945264816,0.160549536347389,0.183685138821602,0.0442151427268982,0,0.179671227931976,0.227737233042717,0.128833308815956,0.141198262572289,0.157570049166679,0,0.114976018667221,0.176216796040535,0.186635419726372,0.321552217006683,0.158693253993988,0.12302403151989,0.152645036578178,0.311959952116013,0.155416890978813,0.168841958045959,0.312865108251572,0.418254137039185,0.274932205677032,0.194621175527573,0.38187113404274,0.289983958005905,0.240026324987411,0.204952463507652,0.0897559970617294,0.146899789571762,0.29650405049324,0.316100835800171,0.159481048583984,0.215237155556679,0.155832126736641,0.20892533659935,0.156550824642181,0.169556379318237,0.327378571033478,0.414828032255173,0.310870289802551,0.249812409281731,0.312236666679382,0.31428650021553,0.0714854374527931,0.0764271840453148,0,0.228594809770584,0.276013672351837,0.266392648220062,0.287209451198578,0.435879468917847,0.406200438737869,0.330163091421127,0.377630442380905,0.309218943119049,0.177669018507004,0.252778917551041,0.344198435544968,0.335243999958038,0.237320587038994,0.320787340402603,0.405862003564835,0.376644194126129,0.394627422094345,0.367928057909012,0.413261413574219,0.339582830667496,0.261098921298981,0.224743962287903,0.327636808156967,0.312505304813385,0.295642614364624,0.261979073286057,0.115380756556988,0.21457627415657,0.108783021569252,0.263935476541519,0.452592879533768,0.367218166589737,0.337283700704575,0.327493190765381,0,0,0.0850682780146599,0,0.108233369886875,0.337998330593109,0.280341893434525,0.333889365196228,0.267692536115646,0.328245252370834,0.441539585590363,0.418448746204376,0.199427291750908,0,0,0,0,0.258142173290253,0.209011539816856,0,0,0,0,0.154057413339615,0,0,0,0,0,0,0,0,0,0,0,0,0,0,0,0,0,0.206021368503571,0.1199961155653,0,0,0,0,0,0,0,0,0,0,0,0,0,0.121206194162369,0.116813600063324,0.177024126052856,0,0,0,0,0,0,0,0,0,0,0,0,0,0,0,0,0,0,0,0,0,0,0,0,0,0,0,0,0,0,0,0,0,0,0,0,0,0,0,0,0,60
Wittmund,0,0,0,0,0,0,0,0,0,0,0,0,0,0,0,0,0,0,0,0,0,0,0,0,0,0,0,0,0,0,0,0,0,0,0,0,0,0,0,0,0,0,0,0,0,0,0,0,0,0,0,0,0,0,0,0,0,0,0,0,0,0,0,0,0,0,0,0,0,0,0,0,0,0,0,0,0,0,0,0,0,0,0,0,0,0,0,0,0,0,0,0,0,0,0,0,0,0,0,0,0,0,0,0,0,0,0,0,0,0,0,0,0,0,0,0,0,0,0,0,0,0,0,0,6.57657574265613e-06,0,0,0,0,0,0,0,0,0,0,0,0,0,0,0,0,0,0,0,0,0,0,0,0,0,0,0,0,0,0,0,0,0,0,0,0,0,0,0,0,0,0,0.000288196839392185,0,0,0.0165981631726027,0.0257999505847692,0.0146297039464116,0,0,0,0.0275786519050598,0.0219207387417555,0,0,0.0015156987356022,0.0770710930228233,0.065745510160923,0.046784233301878,0.0609254240989685,0.00207439600490034,0,0.0610657930374146,0.0853555873036385,0.0489451140165329,0.0506333820521832,0.0566874779760838,0,0.0382010862231255,0.0484083257615566,0.0629496201872826,0.120602257549763,0.0481035113334656,0.0028615752235055,0.052195817232132,0.116270013153553,0.0570004396140575,0.067244254052639,0.119901195168495,0.157687842845917,0.0805331841111183,0.0522854253649712,0.142630249261856,0.102084569633007,0.0893578007817268,0.0721868500113487,0,0,0.105356462299824,0.103317454457283,0.0537558905780315,0.0718187689781189,0.0533059686422348,0.073878288269043,0.00776284513995051,0.00407565897330642,0.106940969824791,0.14959391951561,0.11214392632246,0.0715669691562653,0.126325517892838,0.121899761259556,0,0.00415969314053655,0,0.0915625691413879,0.107577480375767,0.0892484933137894,0.0939967781305313,0.166905164718628,0.148923739790916,0.114076249301434,0.143127337098122,0.126698821783066,0.0557660050690174,0.100525684654713,0.128762200474739,0.123120427131653,0.0988658741116524,0.125183179974556,0.135214895009995,0.1274284273386,0.13597771525383,0.13367722928524,0.144780814647675,0.119762286543846,0.102904833853245,0.0908342227339745,0.115363620221615,0.12467385828495,0.111525237560272,0.081253245472908,0.0637646093964577,0.0825448855757713,0.0643557235598564,0.0923848301172256,0.162764877080917,0.13662326335907,0.117460735142231,0.121386252343655,0,0,0.00485604908317327,0,0.0628243312239647,0.129704162478447,0.104051113128662,0.11365033686161,0.101383671164513,0.129378780722618,0.161214649677277,0.141225844621658,0.0547687858343124,0,0,0,0.00479654455557466,0.100393235683441,0.0636715218424797,0.00454004807397723,0,0,0,0.00237874127924442,0,0,0,0,0,0,0,0,0,0,0,0,0,0,0,0,0,0.0752605050802231,0,0,0,0,0,0,0,0,0,0,0,0,0,0,0.0486864559352398,0.0403757430613041,0.0655676126480103,0,0,0,0,0,0,0,0,0,0,0,0,0,0,0,0,0,0,0,0,0,0,0,0,0,0,0,0,0,0,0,0,0,0,0,0,0,0,0,0,0,61
Bremen,0,0,0,0,0,0,0,0,0,0,0,0,0,0,0,0,0,0,0,0,0,0,0,0,0,0,0,0,0,0,0,0,0,0,0,0,0,0,0,0,0,0,0,0,0,0,0,0,0,0,0,0,0,0,0,0,0,0,0,0,0,0,0,0,0,0,0,0,0,0,0,0,0,0,0,0,0,0,0,0,0,0,0,0,0,0,0,0,0,0,0,0,0,0,0,0,0,0,0,0,0,0,0,0,0,0,0,0,0,0,0,0,0,0,0,0,0,0,0,0,0,0,0,0,0.00062807003268972,0,0,0,0,0,0,0,0,0,0,0,0,0,0,0,0,0,0,0,0,0,0,0,0,0,0,0,0,0,0,0,0,0,0,0,0,0,0,0,0,0,0.00838972721248865,0,0.0205083172768354,0.0169747527688742,0.0533197559416294,0.0954295620322227,0.0806857347488403,0,0,0,0.0980762615799904,0.103701531887054,0,0,0.140834107995033,0.249077007174492,0.244502127170563,0.242767378687859,0.261622548103333,0.131403550505638,0,0.245300903916359,0.286612004041672,0.175750359892845,0.160383492708206,0.201908513903618,0,0.158237650990486,0.239005491137505,0.247113585472107,0.399422526359558,0.220505431294441,0.183557435870171,0.220851689577103,0.394866734743118,0.201849788427353,0.228180050849915,0.42052087187767,0.554521024227142,0.407368004322052,0.281670898199081,0.501349270343781,0.400853365659714,0.308152884244919,0.272378206253052,0.188738793134689,0.192929640412331,0.398248672485352,0.400936454534531,0.219555661082268,0.275624424219131,0.172299221158028,0.255908191204071,0.239925175905228,0.28307643532753,0.459233224391937,0.588606536388397,0.420619606971741,0.352495402097702,0.367907613515854,0.408561497926712,0.00064885476604104,0.000671141897328198,0.0119974324479699,0.29539680480957,0.366595715284348,0.373010367155075,0.364201247692108,0.594303071498871,0.53337037563324,0.454469054937363,0.48665726184845,0.429103255271912,0.206460535526276,0.312065750360489,0.446844756603241,0.463563114404678,0.3111791908741,0.437612563371658,0.582785308361053,0.542388737201691,0.538802862167358,0.493110984563828,0.56435364484787,0.456864058971405,0.312176942825317,0.29999041557312,0.432827651500702,0.412186980247498,0.402630090713501,0.353872388601303,0.00110747700091451,0.261423915624619,0.00537009397521615,0.346931546926498,0.623571336269379,0.487779229879379,0.471419751644135,0.431985139846802,0,0,0.000961446552537382,0,0.0148006230592728,0.455496579408646,0.384211361408234,0.46831539273262,0.353547960519791,0.402894884347916,0.593693614006042,0.61091136932373,0.274311542510986,0,0,0,0,0.314278334379196,0.282864362001419,0,0,0,0,0.217866942286491,0,0,0,0,0,0,0,0,0,0,0,0,0,0,0,0,0,0.287402242422104,0.163704603910446,0,0,0,0,0,0,0,0,0,0,0,0,0,0.15716028213501,0.0516529716551304,0.222970485687256,0,0,0,0,0,0,0,0,0,0,0,0,0,0,0,0,0,0,0,0,0,0,0,0,0,0,0,0,0,0,0,0,0,0,0,0,0,0,0,0,0,62
Bremerhaven,0,0,0,0,0,0,0,0,0,0,0,0,0,0,0,0,0,0,0,0,0,0,0,0,0,0,0,0,0,0,0,0,0,0,0,0,0,0,0,0,0,0,0,0,0,0,0,0,0,0,0,0,0,0,0,0,0,0,0,0,0,0,0,0,0,0,0,0,0,0,0,0,0,0,0,0,0,0,0,0,0,0,0,0,0,0,0,0,0,0,0,0,0,0,0,0,0,0,0,0,0,0,0,0,0,0,0,0,0,0,0,0,0,0,0,0,0,0,0,0,0,0,0,0,0,0,0,0,0,0,0,0,0,0,0,0,0,0,0,0,0,0,0,0,0,0,0,0,0,0,0,0,0,0,0,0,0,0,0,0,0,0,0,0,0,0,0,0,0,0,0.00500659318640828,0.011555889621377,0.00774394348263741,0,0,0,0.0120736174285412,0.00965902768075466,0,0,0,0.0357251614332199,0.0285765025764704,0.0233465023338795,0.0284861717373133,0,0,0.0246575511991978,0.0379972495138645,0.0196557883173227,0.0274467933923006,0.0285094287246466,0,0,0.0309704653918743,0.0317886956036091,0.0599388815462589,0.0255990829318762,0,0.0212515890598297,0.0547833926975727,0.0262889266014099,0.0285509265959263,0.0548677258193493,0.073088675737381,0.0413391068577766,0.0215705633163452,0.0593102350831032,0.0472062155604362,0.0415740869939327,0.0359961800277233,0,0.0252619199454784,0.0569150671362877,0.0631601437926292,0,0.0402051545679569,0.028850145637989,0.0420599803328514,0,0,0.0515101961791515,0.0699196457862854,0.0552544817328453,0.038774162530899,0.0527881942689419,0.055373203009367,0,0,0,0.0398284792900085,0.0448720715939999,0.0456911772489548,0.0528204627335072,0.0746586248278618,0.074956938624382,0.0588350035250187,0.0633099973201752,0.0540400668978691,0.0429248213768005,0.0465061068534851,0.061801765114069,0.0555525273084641,0.0396195724606514,0.0557993464171886,0.0707684978842735,0.0658896937966347,0.0691826790571213,0.0661116167902946,0.0726328045129776,0.0607210360467434,0.0533535219728947,0.0410311073064804,0.0615327879786491,0.0598708316683769,0.0578734837472439,0.0485239773988724,0.0336320847272873,0.0378773249685764,0.0394304171204567,0.0455788820981979,0.08465576171875,0.0653167963027954,0.0590939447283745,0.0618344359099865,0,0,0.0334874726831913,0,0.0300544649362564,0.0562742985785007,0.0491273291409016,0.0557441376149654,0.049027357250452,0.0595251135528088,0.0801815986633301,0.0741127356886864,0.0381857343018055,0,0,0,0,0.0481484867632389,0.0417494550347328,0,0,0,0,0.0286028273403645,0,0,0,0,0,0,0,0,0,0,0,0,0,0,0,0,0,0.0384544283151627,0.0265740435570478,0,0,0,0,0,0,0,0,0,0,0,0,0,0.0228305384516716,0.0233178175985813,0.0299552828073502,0,0,0,0,0,0,0,0,0,0,0,0,0,0,0,0,0,0,0,0,0,0,0,0,0,0,0,0,0,0,0,0,0,0,0,0,0,0,0,0,0,63
Düsseldorf,0,0,0,0,0,0,0,0,0,0,0,0,0,0,0,0,0,0,0,0,0,0,0,0,0,0,0,0,0,0,0,0,0,0,0,0,0,0,0,0,0,0,0,0,0,0,0,0,0,0,0,0,0,0,0,0,0,0,0,0,0,0,0,0,0,0,0,0,0,0,0,0,0,0,0,0,0,0,0,0,0,0,0,0,0,0,0,0,0,0,0,0,0,0,0,0,0,0,0,0,0,0,0,0,0,0,0,0,0,0,0,0,0,0,0,0,0,0,0,0,0,0,0,0.00262535130605102,0.00541588850319386,0,0,0,0,0,0,0,0,0,0,0,0,0,0,0,0,0,0,0,0,0,0,0,0,0,0,0,0,0,0,0,0,0,0,0,0,0,0,0,0,0.0521102845668793,0.077247142791748,0.0807446092367172,0.0623254142701626,0.0863784849643707,0.182678118348122,0.241791591048241,0.164314851164818,0,0,0.106777884066105,0.270207554101944,0.315669327974319,0.241832569241524,0.258357435464859,0.429407596588135,0.59159791469574,0.538995265960693,0.679982960224152,0.547490119934082,0.439468622207642,0.506323516368866,0.677110254764557,0.635124981403351,0.386709362268448,0.450955510139465,0.341492563486099,0,0.648695349693298,0.559513807296753,0.624800741672516,0.939186632633209,0.55857640504837,0.518494725227356,0.715444505214691,0.927992343902588,0.567521095275879,0.605259239673615,0.962257444858551,1.10639774799347,1.12951028347015,1.08487844467163,1.26040124893188,0.985199987888336,0.717907249927521,0.849439382553101,0.864382147789001,0.783606231212616,0.914283514022827,0.852017223834991,0.817788660526276,0.53297358751297,0.634899139404297,0.769749879837036,0.988968312740326,1.19422841072083,1.21402907371521,1.34885478019714,1.25380790233612,1.21330595016479,1.17242467403412,0.990630090236664,0.564588010311127,0.418139934539795,0.532625496387482,0.796490907669067,1.07949805259705,1.12047135829926,1.30702412128448,1.46664547920227,1.3007105588913,1.11818051338196,1.41012811660767,0.881675601005554,0.475652784109116,0.510016918182373,1.09362077713013,1.0819548368454,0.931936919689178,1.43726062774658,1.55528569221497,1.29035425186157,1.12590551376343,1.15706646442413,1.36385107040405,1.21555078029633,0.716570675373077,0.755825996398926,1.14839935302734,0.934374034404755,1.02342593669891,0.652820885181427,0.678913593292236,0.736808717250824,1.0918527841568,1.3011429309845,1.46036064624786,1.35815179347992,1.27667343616486,1.01964259147644,0.291316777467728,0.535182118415833,0.766350448131561,1.07306349277496,1.43891775608063,1.26304137706757,1.23003304004669,1.41920363903046,1.32183611392975,1.42676281929016,1.75748550891876,1.63746643066406,0.560230851173401,0.0611611865460873,0,0,0.89155501127243,1.38553524017334,0.864050924777985,0.590526521205902,0.586979448795319,0,0,0.299363374710083,0,0.249166935682297,0,0,0,0,0,0,0,0,0,0,0,0,0,0.0355038158595562,0.794771254062653,1.00845527648926,0,0,0.512311160564423,0,0,0,0,0,0,0,0,0,0,0.322463989257813,0.518326640129089,0.559437811374664,0.706159114837646,0,0,0.410201400518417,0,0,0,0,0,0.157177463173866,0,0,0,0,0,0,0,0,0,0,0,0,0,0,0,0,0,0,0,0,0,0,0,0,0,0,0,0,0,0,0,0,64
Duisburg,0,0,0,0,0,0,0,0,0,0,0,0,0,0,0,0,0,0,0,0,0,0,0,0,0,0,0,0,0,0,0,0,0,0,0,0,0,0,0,0,0,0,0,0,0,0,0,0,0,0,0,0,0,0,0,0,0,0,0,0,0,0,0,0,0,0,0,0,0,0,0,0,0,0,0,0,0,0,0,0,0,0,0,0,0,0,0,0,0,0,0,0,0,0,0,0,0,0,0,0,0,0,0,0,0,0,0,0,0,0,0,0,0,0,0,0,0,0,0,0,0,0,0,0.00230126664973795,0.00448293378576636,0,0,0,0,0,0,0,0,0,0,0,0,0,0,0,0,0,0,0,0,0,0,0,0,0,0,0,0,0,0,0,0,0,0,0,0,0,0,0,0,0.0372775867581367,0.0621824562549591,0.0613460056483746,0.0491217561066151,0.0671945065259933,0.146648541092873,0.19310574233532,0.131315723061562,0,0,0.0944481194019318,0.225221306085587,0.248249620199203,0.186474099755287,0.21052123606205,0.353632122278214,0.481323450803757,0.421987891197205,0.545486867427826,0.434344410896301,0.349302142858505,0.39777347445488,0.560056030750275,0.502599060535431,0.307770013809204,0.366477936506271,0.291115790605545,0,0.518450558185577,0.454324424266815,0.509970247745514,0.752262830734253,0.424231737852097,0.412951678037643,0.574161946773529,0.748016774654388,0.439719051122665,0.499118328094482,0.767719984054565,0.907014906406403,0.905857920646667,0.858781337738037,1.01052737236023,0.789428472518921,0.547195851802826,0.6521897315979,0.693947434425354,0.599191129207611,0.735906541347504,0.677006304264069,0.651603758335114,0.442922115325928,0.510370910167694,0.604095160961151,0.79037606716156,0.938104808330536,0.991392135620117,1.06784355640411,0.995110094547272,0.966179430484772,0.951913475990295,0.804734528064728,0.423348009586334,0.349124014377594,0.409164577722549,0.661968469619751,0.882947325706482,0.914385497570038,1.05602240562439,1.19559514522552,1.04766047000885,0.892946839332581,1.15536737442017,0.700895845890045,0.401753604412079,0.459357708692551,0.910626173019409,0.878423929214478,0.74259340763092,1.16448450088501,1.25604248046875,1.04034602642059,0.909356415271759,0.928022027015686,1.1083220243454,0.979802548885345,0.559048533439636,0.614454090595245,0.941842079162598,0.772698163986206,0.825743198394775,0.573807120323181,0.591816127300262,0.634795427322388,0.872537016868591,1.08022546768188,1.21179556846619,1.10331428050995,1.03738594055176,0.832734882831573,0.0908164978027344,0.470733821392059,0.636020183563232,0.916911244392395,1.19459438323975,1.04856407642365,1.0241402387619,1.1601927280426,1.0938161611557,1.18798053264618,1.46463990211487,1.32779181003571,0.439212173223495,0.215565130114555,0,0,0.778256356716156,1.16178250312805,0.725028455257416,0.472305208444595,0.460994482040405,0,0,0.208679780364037,0,0,0,0,0,0,0,0,0,0,0,0,0,0,0,0.32024410367012,0.676150739192963,0.855232357978821,0,0,0.450006186962128,0,0,0,0,0,0,0,0,0,0,0.290849924087524,0.460936784744263,0.487360298633575,0.63208532333374,0,0,0.375613182783127,0,0,0,0,0,0.0450129956007004,0,0,0,0,0,0,0,0,0,0,0,0,0,0,0,0,0,0,0,0,0,0,0,0,0,0,0,0,0,0,0,0,65
Essen,0,0,0,0,0,0,0,0,0,0,0,0,0,0,0,0,0,0,0,0,0,0,0,0,0,0,0,0,0,0,0,0,0,0,0,0,0,0,0,0,0,0,0,0,0,0,0,0,0,0,0,0,0,0,0,0,0,0,0,0,0,0,0,0,0,0,0,0,0,0,0,0,0,0,0,0,0,0,0,0,0,0,0,0,0,0,0,0,0,0,0,0,0,0,0,0,0,0,0,0,0,0,0,0,0,0,0,0,0,0,0,0,0,0,0,0,0,0,0,0,0,0,0,0.00155901547987014,0.00366652198135853,0,0,0,0,0,0,0,0,0,0,0,0,0,0,0,0,0,0,0,0,0,0,0,0,0,0,0,0,0,0,0,0,0,0,0,0,0,0,0,0,0.0335699543356895,0.0486986823379993,0.0502970889210701,0.0385102443397045,0.048343800008297,0.121964678168297,0.165736094117165,0.114687144756317,0,0,0.00549649260938168,0.185602486133575,0.213606014847755,0.147891610860825,0.17078161239624,0.305099725723267,0.417466759681702,0.382963985204697,0.48950120806694,0.389653354883194,0.302563726902008,0.351314455270767,0.487156957387924,0.454047828912735,0.259921789169312,0.289508521556854,0.158778622746468,0,0.448674947023392,0.39084529876709,0.43533194065094,0.680525720119476,0.382104337215424,0.351432114839554,0.501742422580719,0.677272319793701,0.39369460940361,0.424170047044754,0.707290410995483,0.837621450424194,0.838730692863464,0.771829664707184,0.93695342540741,0.72385448217392,0.485608965158463,0.587550461292267,0.619349479675293,0.528431832790375,0.661873638629913,0.607350170612335,0.57261735200882,0.367083996534348,0.431228935718536,0.530482530593872,0.711863934993744,0.859852492809296,0.906407117843628,0.991038858890533,0.924939572811127,0.895846545696259,0.870532691478729,0.717303216457367,0.334415763616562,0.01913957670331,0.30251356959343,0.565165162086487,0.785709977149963,0.822884321212769,0.946788609027863,1.10442507266998,0.970627307891846,0.821577131748199,1.04748845100403,0.622471749782562,0.213772773742676,0.2293401658535,0.787862718105316,0.794537425041199,0.6614870429039,1.05442106723785,1.16489887237549,0.953408658504486,0.840384960174561,0.85264128446579,1.01657032966614,0.895732879638672,0.444143027067184,0.519788801670074,0.842875719070435,0.688141703605652,0.731266379356384,0.48600247502327,0.269381105899811,0.47106197476387,0.772720813751221,0.971683502197266,1.10564804077148,1.03428137302399,0.956952095031738,0.736309170722961,0,0.256120651960373,0.447302669286728,0.767309248447418,1.04772984981537,0.933222591876984,0.897299587726593,1.0593101978302,0.958017528057098,1.03755271434784,1.30003476142883,1.23037385940552,0.0256114397197962,0,0,0,0.635790586471558,1.01518940925598,0.598899304866791,0.210206091403961,0.204878866672516,0,0,0,0,0,0,0,0,0,0,0,0,0,0,0,0,0,0,0.0155927455052733,0.544187963008881,0.737315237522125,0,0,0.228145107626915,0,0,0,0,0,0,0,0,0,0,0.0166205503046513,0.401034981012344,0.419562518596649,0.576959729194641,0,0,0.295828461647034,0,0,0,0,0,0.10725013166666,0,0,0,0,0,0,0,0,0,0,0,0,0,0,0,0,0,0,0,0,0,0,0,0,0,0,0,0,0,0,0,0,66
Krefeld,0,0,0,0,0,0,0,0,0,0,0,0,0,0,0,0,0,0,0,0,0,0,0,0,0,0,0,0,0,0,0,0,0,0,0,0,0,0,0,0,0,0,0,0,0,0,0,0,0,0,0,0,0,0,0,0,0,0,0,0,0,0,0,0,0,0,0,0,0,0,0,0,0,0,0,0,0,0,0,0,0,0,0,0,0,0,0,0,0,0,0,0,0,0,0,0,0,0,0,0,0,0,0,0,0,0,0,0,0,0,0,0,0,0,0,0,0,0,0,0,0,0,0,0.00229892460629344,0.00429453747346997,0,0,0,0,0,0,0,0,0,0,0,0,0,0,0,0,0,0,0,0,0,0,0,0,0,0,0,0,0,0,0,0,0,0,0,0,0,0,0,0,0.0345723144710064,0.0690283328294754,0.0675023570656776,0.0562078580260277,0.0800493806600571,0.164698302745819,0.21266171336174,0.145419403910637,0,0,0.102250322699547,0.245534420013428,0.278111487627029,0.223830819129944,0.241093695163727,0.396623104810715,0.532080352306366,0.471430093050003,0.607294142246246,0.488818109035492,0.391970753669739,0.446846663951874,0.625713050365448,0.554644823074341,0.342501848936081,0.414548993110657,0.3062364757061,0,0.586330890655518,0.499502092599869,0.581527709960938,0.842902898788452,0.47594690322876,0.461949288845062,0.644829571247101,0.831037402153015,0.493641018867493,0.572796285152435,0.857866287231445,1.00952076911926,1.01030516624451,0.966878056526184,1.12568235397339,0.882433116436005,0.61446475982666,0.739585757255554,0.779901444911957,0.669725775718689,0.822582185268402,0.75602388381958,0.737337827682495,0.488704323768616,0.567290365695953,0.687347412109375,0.884167909622192,1.06100904941559,1.10187327861786,1.19699215888977,1.11050057411194,1.06083965301514,1.06147503852844,0.901956081390381,0.476982265710831,0.445939123630524,0.456763684749603,0.730760455131531,0.988727033138275,1.01674604415894,1.19058060646057,1.32387626171112,1.15827178955078,0.990779459476471,1.26978588104248,0.777505576610565,0.490055590867996,0.541682660579681,1.02590453624725,0.972822546958923,0.830282628536224,1.30144810676575,1.38297557830811,1.14968585968018,0.996575593948364,1.02906095981598,1.21975719928741,1.08271467685699,0.653833031654358,0.704133749008179,1.02901709079742,0.817808747291565,0.904260456562042,0.600477933883667,0.702593088150024,0.725982904434204,0.966098964214325,1.17877125740051,1.31192636489868,1.19914042949677,1.12049508094788,0.924792647361755,0.192267596721649,0.490097731351852,0.74094569683075,1.03990924358368,1.33577764034271,1.14969682693481,1.13012862205505,1.26633012294769,1.22221231460571,1.31071102619171,1.61415767669678,1.42108917236328,0.504270315170288,0.451098263263702,0,0,0.824178516864777,1.28447151184082,0.80716747045517,0.563114643096924,0.535807847976685,0,0,0.413649439811707,0,0,0,0,0,0,0,0,0,0,0,0,0,0,0,0.368075281381607,0.728151500225067,0.941426694393158,0,0,0.513563573360443,0,0,0,0,0,0,0,0,0,0,0.337439090013504,0.509090185165405,0.490210920572281,0.651253759860992,0,0,0.38160029053688,0,0,0,0,0,0,0,0,0,0,0,0,0,0,0,0,0,0,0,0,0,0,0,0,0,0,0,0,0,0,0,0,0,0,0,0,0,0,67
Mönchengladbach,0,0,0,0,0,0,0,0,0,0,0,0,0,0,0,0,0,0,0,0,0,0,0,0,0,0,0,0,0,0,0,0,0,0,0,0,0,0,0,0,0,0,0,0,0,0,0,0,0,0,0,0,0,0,0,0,0,0,0,0,0,0,0,0,0,0,0,0,0,0,0,0,0,0,0,0,0,0,0,0,0,0,0,0,0,0,0,0,0,0,0,0,0,0,0,0,0,0,0,0,0,0,0,0,0,0,0,0,0,0,0,0,0,0,0,0,0,0,0,0,0,0,0,0.00205427361652255,0.00367204868234694,0,0,0,0,0,0,0,0,0,0,0,0,0,0,0,0,0,0,0,0,0,0,0,0,0,0,0,0,0,0,0,0,0,0,0,0,0,0,0,0,0.0237828865647316,0.0675490722060204,0.0658073872327805,0.0568131953477859,0.0814057141542435,0.164402186870575,0.209073647856712,0.14268559217453,0,0,0.0622371956706047,0.233228772878647,0.278745204210281,0.233078137040138,0.242298677563667,0.390888273715973,0.521540403366089,0.480585277080536,0.606323957443237,0.492027431726456,0.396104961633682,0.452026754617691,0.613249182701111,0.557098388671875,0.329691052436829,0.408208340406418,0.2714564204216,0,0.586095809936523,0.483801305294037,0.584465801715851,0.851596832275391,0.485576719045639,0.451156795024872,0.644502997398376,0.836757063865662,0.492993801832199,0.573933720588684,0.858815014362335,0.99925297498703,1.01381003856659,0.98221218585968,1.13358247280121,0.882603883743286,0.647794365882874,0.755711853504181,0.781135201454163,0.686427354812622,0.825848579406738,0.750959694385529,0.733079433441162,0.455859512090683,0.546133100986481,0.696691989898682,0.877167880535126,1.08468246459961,1.1024421453476,1.21617126464844,1.11618435382843,1.04457330703735,1.04660761356354,0.902316391468048,0.505104780197144,0.461667954921722,0.482865542173386,0.708217024803162,0.98317939043045,0.997825562953949,1.2034375667572,1.32236242294312,1.14168131351471,0.991115510463715,1.24301588535309,0.751352250576019,0.465437144041061,0.509681105613708,1.00675165653229,0.957069993019104,0.833805441856384,1.29178953170776,1.36404621601105,1.1401025056839,0.970184147357941,1.03207957744598,1.21190202236176,1.07469499111176,0.6756951212883,0.681246936321259,0.986106693744659,0.767471611499786,0.879810214042664,0.489735633134842,0.67647385597229,0.694909989833832,0.924542486667633,1.14230036735535,1.25294041633606,1.16019904613495,1.08932185173035,0.885227501392365,0,0.310860812664032,0.737160742282867,0.989127695560455,1.32114958763123,1.10385918617249,1.08181321620941,1.22816920280457,1.17779409885406,1.27993512153625,1.54707098007202,1.34945523738861,0.451990783214569,0.443784296512604,0,0,0.700811624526978,1.25419557094574,0.776331961154938,0.552763342857361,0.527025878429413,0,0,0.282001942396164,0,0,0,0,0,0,0,0,0,0,0,0,0,0,0,0.000200165828573518,0.660141229629517,0.88928234577179,0,0,0.483385443687439,0,0,0,0,0,0,0,0,0,0,0.319442719221115,0.472640961408615,0.42289987206459,0.59610253572464,0,0,0.319978892803192,0,0,0,0,0,0,0,0,0,0,0,0,0,0,0,0,0,0,0,0,0,0,0,0,0,0,0,0,0,0,0,0,0,0,0,0,0,0,68
Mülheim an der Ruhr,0,0,0,0,0,0,0,0,0,0,0,0,0,0,0,0,0,0,0,0,0,0,0,0,0,0,0,0,0,0,0,0,0,0,0,0,0,0,0,0,0,0,0,0,0,0,0,0,0,0,0,0,0,0,0,0,0,0,0,0,0,0,0,0,0,0,0,0,0,0,0,0,0,0,0,0,0,0,0,0,0,0,0,0,0,0,0,0,0,0,0,0,0,0,0,0,0,0,0,0,0,0,0,0,0,0,0,0,0,0,0,0,0,0,0,0,0,0,0,0,0,0,0,0.00231760554015636,0.00484675820916891,0,0,0,0,0,0,0,0,0,0,0,0,0,0,0,0,0,0,0,0,0,0,0,0,0,0,0,0,0,0,0,0,0,0,0,0,0,0,0,0,0.0432148650288582,0.0666219294071198,0.0675500109791756,0.0524605922400951,0.0712227523326874,0.159571841359138,0.213130235671997,0.145089790225029,0,0,0.0911445617675781,0.245123505592346,0.27585643529892,0.20070493221283,0.225090399384499,0.38722488284111,0.532960116863251,0.475340247154236,0.611401617527008,0.486060589551926,0.387171417474747,0.445388168096542,0.618443965911865,0.566958427429199,0.34107780456543,0.396876662969589,0.305911034345627,0,0.576413929462433,0.506931364536285,0.560347139835358,0.8460653424263,0.481059640645981,0.456724345684052,0.641653716564178,0.839960694313049,0.49651300907135,0.544970691204071,0.8677778840065,1.02032554149628,1.02592766284943,0.966432273387909,1.14641141891479,0.891031265258789,0.617955088615417,0.741219758987427,0.778628051280975,0.678071975708008,0.826043903827667,0.765498459339142,0.731227040290833,0.48396772146225,0.566895127296448,0.677770555019379,0.889037728309631,1.06540608406067,1.11718130111694,1.21230494976044,1.13177883625031,1.10023272037506,1.0747629404068,0.897603511810303,0.471992701292038,0.325279146432877,0.447164535522461,0.729047775268555,0.985879242420197,1.02816760540009,1.18126451969147,1.34932208061218,1.18676257133484,1.01034533977509,1.29848873615265,0.789081394672394,0.403888761997223,0.454010218381882,1.00276100635529,0.982266962528229,0.83217465877533,1.30505800247192,1.42144739627838,1.17194652557373,1.02333128452301,1.04508030414581,1.2449676990509,1.10044980049133,0.606887996196747,0.671883702278137,1.05794370174408,0.863214433193207,0.920836687088013,0.627630829811096,0.590838849544525,0.664829552173615,0.979012310504913,1.20475935935974,1.36067831516266,1.24776577949524,1.17246747016907,0.926823854446411,0,0.489803552627563,0.670522212982178,0.98861300945282,1.31476628780365,1.16177260875702,1.13333666324615,1.29746603965759,1.20753657817841,1.30948960781097,1.62114679813385,1.5023353099823,0.431803464889526,0,0,0,0.845967948436737,1.27106583118439,0.781329870223999,0.472271203994751,0.472197026014328,0,0,0,0,0,0,0,0,0,0,0,0,0,0,0,0,0,0,0.144057601690292,0.731049716472626,0.926822185516357,0,0,0.448414921760559,0,0,0,0,0,0,0,0,0,0,0.266404330730438,0.491863042116165,0.535681962966919,0.693465113639832,0,0,0.403883755207062,0,0,0,0,0,0.0778621733188629,0,0,0,0,0,0,0,0,0,0,0,0,0,0,0,0,0,0,0,0,0,0,0,0,0,0,0,0,0,0,0,0,69
Oberhausen,0,0,0,0,0,0,0,0,0,0,0,0,0,0,0,0,0,0,0,0,0,0,0,0,0,0,0,0,0,0,0,0,0,0,0,0,0,0,0,0,0,0,0,0,0,0,0,0,0,0,0,0,0,0,0,0,0,0,0,0,0,0,0,0,0,0,0,0,0,0,0,0,0,0,0,0,0,0,0,0,0,0,0,0,0,0,0,0,0,0,0,0,0,0,0,0,0,0,0,0,0,0,0,0,0,0,0,0,0,0,0,0,0,0,0,0,0,0,0,0,0,0,0,0.00234335754066706,0.00459163263440132,0,0,0,0,0,0,0,0,0,0,0,0,0,0,0,0,0,0,0,0,0,0,0,0,0,0,0,0,0,0,0,0,0,0,0,0,0,0,0,0,0.0390788950026035,0.0618033558130264,0.0609227456152439,0.048496425151825,0.0636919885873795,0.14617070555687,0.193921029567719,0.132366821169853,0,0,0.0940093621611595,0.228964626789093,0.247072711586952,0.179111495614052,0.209761440753937,0.357017874717712,0.486984699964523,0.424759745597839,0.551038444042206,0.436925619840622,0.35059517621994,0.396759867668152,0.567131638526917,0.510720014572144,0.309862077236176,0.366005599498749,0.305517494678497,0,0.519608736038208,0.462268024682999,0.514638900756836,0.761273384094238,0.426034986972809,0.418045580387115,0.575757443904877,0.762800276279449,0.443266451358795,0.505608379840851,0.780530691146851,0.931133925914764,0.921265065670013,0.865683794021606,1.02892374992371,0.80521947145462,0.551979184150696,0.650940835475922,0.701763987541199,0.599350273609161,0.750868499279022,0.688558161258698,0.656345963478088,0.459953188896179,0.520246088504791,0.606804966926575,0.80411159992218,0.944905519485474,1.01734161376953,1.08903563022614,1.01463162899017,0.993109881877899,0.975687444210052,0.824423372745514,0.420645207166672,0.315834701061249,0.408470630645752,0.687043249607086,0.905208945274353,0.936405003070831,1.07651197910309,1.23411095142365,1.0814425945282,0.918683230876923,1.19727683067322,0.718963205814362,0.401180148124695,0.46714648604393,0.93618106842041,0.911141574382782,0.762933254241943,1.19735705852509,1.30261254310608,1.07328188419342,0.946810126304626,0.956826090812683,1.15164661407471,1.01728928089142,0.547647058963776,0.619473397731781,0.972000479698181,0.819921493530273,0.857851028442383,0.616768538951874,0.58829140663147,0.649814605712891,0.892427682876587,1.12671279907227,1.27087616920471,1.15573942661285,1.08637750148773,0.860747039318085,0,0.502299547195435,0.627974331378937,0.940401256084442,1.22910964488983,1.09550285339355,1.05931580066681,1.20986461639404,1.11947011947632,1.22727739810944,1.51851916313171,1.39535641670227,0.427684187889099,0,0,0,0.816612362861633,1.21093261241913,0.753390729427338,0.463719993829727,0.448680251836777,0,0,0,0,0,0,0,0,0,0,0,0,0,0,0,0,0,0,0.433644980192184,0.697492301464081,0.89291250705719,0,0,0.462750464677811,0,0,0,0,0,0,0,0,0,0,0.297687977552414,0.488162040710449,0.525182783603668,0.688434839248657,0,0,0.399983137845993,0,0,0,0,0,0.200617611408234,0,0,0,0,0,0,0,0,0,0,0,0,0,0,0,0,0,0,0,0,0,0,0,0,0,0,0,0,0,0,0,0,70
Remscheid,0,0,0,0,0,0,0,0,0,0,0,0,0,0,0,0,0,0,0,0,0,0,0,0,0,0,0,0,0,0,0,0,0,0,0,0,0,0,0,0,0,0,0,0,0,0,0,0,0,0,0,0,0,0,0,0,0,0,0,0,0,0,0,0,0,0,0,0,0,0,0,0,0,0,0,0,0,0,0,0,0,0,0,0,0,0,0,0,0,0,0,0,0,0,0,0,0,0,0,0,0,0,0,0,0,0,0,0,0,0,0,0,0,0,0,0,0,0,0,0,0,0,0,0.000506936223246157,0.00240499270148575,0,0,0,0,0,0,0,0,0,0,0,0,0,0,0,0,0,0,0,0,0,0,0,0,0,0,0,0,0,0,0,0,0,0,0,0,0,0,0,0,0.0253732409328222,0.0255101677030325,0.0332082696259022,0,0.023670170456171,0.0839026570320129,0.116317681968212,0.0819707363843918,0,0,0,0.12327216565609,0.149954706430435,0.0807815715670586,0.116572648286819,0.212777450680733,0.297000229358673,0.293899923563004,0.362800538539886,0.292349308729172,0.220955774188042,0.273957550525665,0.352589190006256,0.339211165904999,0.147673740983009,0.190533682703972,0,0,0.311099290847778,0.249661833047867,0.297401696443558,0.524194598197937,0.274729341268539,0.199487045407295,0.384463429450989,0.530427157878876,0.265251576900482,0.238355591893196,0.554115116596222,0.641293942928314,0.677749156951904,0.635927736759186,0.750261604785919,0.557545185089111,0.377118706703186,0.465796917676926,0.476181268692017,0.459007978439331,0.509171307086945,0.424606144428253,0.391252428293228,0,0.211760804057121,0.372125387191772,0.546429097652435,0.70843893289566,0.704883694648743,0.795707166194916,0.740926206111908,0.711642861366272,0.646273612976074,0.522752106189728,0,0,0,0.341677308082581,0.548223078250885,0.602060616016388,0.75693279504776,0.858726441860199,0.739079177379608,0.626951396465302,0.773154973983765,0.403279066085815,0,0,0.513287901878357,0.550165474414825,0.439044803380966,0.782778978347778,0.884225845336914,0.735460102558136,0.640442848205566,0.678088307380676,0.774909734725952,0.642520427703857,0.302965492010117,0.314507037401199,0.605267524719238,0.489207148551941,0.503110945224762,0,0,0,0.535729765892029,0.720131933689117,0.790144503116608,0.767612755298615,0.688902497291565,0.479533731937408,0,0,0,0.480253040790558,0.769989848136902,0.638000845909119,0.632421553134918,0.780860185623169,0.696014285087585,0.759073555469513,0.940427780151367,0.92942863702774,0,0,0,0,0.318857610225677,0.687525868415833,0.297004580497742,0,0,0,0,0,0,0,0,0,0,0,0,0,0,0,0,0,0,0,0,0,0.357495009899139,0.498025000095367,0,0,0,0,0,0,0,0,0,0,0,0,0,0,0.232928231358528,0.271415412425995,0.353520661592484,0,0,0,0,0,0,0,0,0,0,0,0,0,0,0,0,0,0,0,0,0,0,0,0,0,0,0,0,0,0,0,0,0,0,0,0,0,0,0,0,0,71
Solingen,0,0,0,0,0,0,0,0,0,0,0,0,0,0,0,0,0,0,0,0,0,0,0,0,0,0,0,0,0,0,0,0,0,0,0,0,0,0,0,0,0,0,0,0,0,0,0,0,0,0,0,0,0,0,0,0,0,0,0,0,0,0,0,0,0,0,0,0,0,0,0,0,0,0,0,0,0,0,0,0,0,0,0,0,0,0,0,0,0,0,0,0,0,0,0,0,0,0,0,0,0,0,0,0,0,0,0,0,0,0,0,0,0,0,0,0,0,0,0,0,0,0,0,0.00117629335727543,0.0032250052317977,0,0,0,0,0,0,0,0,0,0,0,0,0,0,0,0,0,0,0,0,0,0,0,0,0,0,0,0,0,0,0,0,0,0,0,0,0,0,0,0,0.0343173705041409,0.0411659777164459,0.0462104715406895,0.0287659298628569,0.0430366210639477,0.1078250259161,0.146309956908226,0.102425642311573,0,0,0,0.155780524015427,0.192019015550613,0.131217435002327,0.157689943909645,0.26303818821907,0.361249655485153,0.348452389240265,0.428385853767395,0.34871432185173,0.273422807455063,0.32733541727066,0.41705921292305,0.403642028570175,0.223636969923973,0.255994141101837,0.126052916049957,0,0.39241036772728,0.32204458117485,0.369257241487503,0.599933922290802,0.351521342992783,0.297968000173569,0.458795040845871,0.606810629367828,0.353201508522034,0.338788658380508,0.631569445133209,0.720297753810883,0.754822969436646,0.720773756504059,0.839048981666565,0.642981827259064,0.462566524744034,0.552310764789581,0.558002173900604,0.527827739715576,0.585820138454437,0.524300098419189,0.493606626987457,0.245966732501984,0.347447723150253,0.468181282281876,0.639930605888367,0.800676584243774,0.795741140842438,0.904342591762543,0.84353095293045,0.807927846908569,0.752988338470459,0.629014432430267,0.273232489824295,0,0.263649672269821,0.461535423994064,0.668922483921051,0.711255550384521,0.865187346935272,0.973989605903625,0.856744408607483,0.734409511089325,0.90595954656601,0.536210179328918,0,0,0.655420303344727,0.686802744865417,0.574579119682312,0.931398570537567,1.03145372867584,0.858888626098633,0.753482401371002,0.784720420837402,0.906635344028473,0.787624061107635,0.443592131137848,0.44842591881752,0.727999210357666,0.59954309463501,0.651104032993317,0.302783519029617,0.24084834754467,0.318362474441528,0.683914721012115,0.856960415840149,0.945074141025543,0.919023513793945,0.838522672653198,0.625698149204254,0,0,0.343143939971924,0.635026812553406,0.936117172241211,0.808091759681702,0.785032093524933,0.946604073047638,0.859772682189941,0.93085503578186,1.13720917701721,1.10542500019073,0.245341628789902,0,0,0,0.491891384124756,0.880053579807281,0.495913773775101,0.258979141712189,0.253582864999771,0,0,0,0,0,0,0,0,0,0,0,0,0,0,0,0,0,0,0,0.484771728515625,0.6435786485672,0,0,0.19805534183979,0,0,0,0,0,0,0,0,0,0,0,0.319496303796768,0.348839074373245,0.449895292520523,0,0,0.169936433434486,0,0,0,0,0,0,0,0,0,0,0,0,0,0,0,0,0,0,0,0,0,0,0,0,0,0,0,0,0,0,0,0,0,0,0,0,0,0,72
Wuppertal,0,0,0,0,0,0,0,0,0,0,0,0,0,0,0,0,0,0,0,0,0,0,0,0,0,0,0,0,0,0,0,0,0,0,0,0,0,0,0,0,0,0,0,0,0,0,0,0,0,0,0,0,0,0,0,0,0,0,0,0,0,0,0,0,0,0,0,0,0,0,0,0,0,0,0,0,0,0,0,0,0,0,0,0,0,0,0,0,0,0,0,0,0,0,0,0,0,0,0,0,0,0,0,0,0,0,0,0,0,0,0,0,0,0,0,0,0,0,0,0,0,0,0,0.000705713988281786,0.00255306740291417,0,0,0,0,0,0,0,0,0,0,0,0,0,0,0,0,0,0,0,0,0,0,0,0,0,0,0,0,0,0,0,0,0,0,0,0,0,0,0,0,0.0248164385557175,0.0286634210497141,0.0330630093812943,0.0143939582630992,0.0261621344834566,0.0818895325064659,0.113646946847439,0.0796328634023666,0,0,0,0.119501076638699,0.146092265844345,0.0863697230815887,0.112415179610252,0.204831257462502,0.28454002737999,0.276964455842972,0.34440678358078,0.276223093271255,0.210029646754265,0.254469782114029,0.334485918283463,0.319437205791473,0.156133249402046,0.185285344719887,0.0160198155790567,0,0.300134152173996,0.248382523655891,0.28332257270813,0.485616564750671,0.258962988853455,0.205734476447105,0.353948473930359,0.485909551382065,0.256720751523972,0.249237820506096,0.506310701370239,0.590916574001312,0.613222718238831,0.568882644176483,0.683761298656464,0.511495172977448,0.342819333076477,0.422204732894897,0.435829669237137,0.40071377158165,0.465335816144943,0.401477128267288,0.374832987785339,0.122851617634296,0.235816136002541,0.352684646844864,0.497431486845016,0.634162068367004,0.640454292297363,0.714134812355042,0.666203737258911,0.639438569545746,0.596402227878571,0.481380194425583,0.0601033121347427,0,0.05865528434515,0.337177276611328,0.51458877325058,0.553193509578705,0.671926021575928,0.773909330368042,0.670376718044281,0.567546725273132,0.704281032085419,0.38532292842865,0,0,0.485090166330338,0.511500120162964,0.415405541658401,0.710368514060974,0.798230588436127,0.66068834066391,0.576496660709381,0.601559281349182,0.696181118488312,0.588657557964325,0.285317093133926,0.308289766311646,0.550659954547882,0.442454516887665,0.463753342628479,0.152698591351509,0.0306089371442795,0.0725042670965195,0.494103252887726,0.646986305713654,0.72194492816925,0.695611119270325,0.630158364772797,0.452339470386505,0,0,0.0784211456775665,0.449899286031723,0.695486903190613,0.589437544345856,0.57572740316391,0.702249348163605,0.630576252937317,0.681551933288574,0.850770652294159,0.83037269115448,0.0311799813061953,0,0,0,0.333982527256012,0.635270595550537,0.312239229679108,0.0329131484031677,0.0322273448109627,0,0,0,0,0,0,0,0,0,0,0,0,0,0,0,0,0,0,0,0.331558465957642,0.45534884929657,0,0,0.0251704603433609,0,0,0,0,0,0,0,0,0,0,0,0.226283594965935,0.252042829990387,0.336493939161301,0,0,0.0943183377385139,0,0,0,0,0,0,0,0,0,0,0,0,0,0,0,0,0,0,0,0,0,0,0,0,0,0,0,0,0,0,0,0,0,0,0,0,0,0,73
Kleve,0,0,0,0,0,0,0,0,0,0,0,0,0,0,0,0,0,0,0,0,0,0,0,0,0,0,0,0,0,0,0,0,0,0,0,0,0,0,0,0,0,0,0,0,0,0,0,0,0,0,0,0,0,0,0,0,0,0,0,0,0,0,0,0,0,0,0,0,0,0,0,0,0,0,0,0,0,0,0,0,0,0,0,0,0,0,0,0,0,0,0,0,0,0,0,0,0,0,0,0,0,0,0,0,0,0,0,0,0,0,0,0,0,0,0,0,0,0,0,0,0,0,0,0.0012032532831654,0.00216680392622948,0,0,0,0,0,0,0,0,0,0,0,0,0,0,0,0,0,0,0,0,0,0,0,0,0,0,0,0,0,0,0,0,0,0,0,0,0,0,0,0,0.00306243658997118,0.0396310351788998,0.0359983518719673,0.0294777695089579,0.0417374968528748,0.0949239805340767,0.121944278478622,0.0817219391465187,0,0,0.0527168735861778,0.143676847219467,0.151569753885269,0.126244127750397,0.148388087749481,0.233983770012856,0.305323004722595,0.267525255680084,0.339399456977844,0.274559527635574,0.223816022276878,0.24613730609417,0.357482224702835,0.30584853887558,0.186728119850159,0.225373417139053,0.156648188829422,0,0.324125617742538,0.263748586177826,0.32355934381485,0.471391558647156,0.256005495786667,0.259649306535721,0.35361123085022,0.473846197128296,0.268822103738785,0.330929696559906,0.481305807828903,0.573922574520111,0.567172110080719,0.534023344516754,0.621777474880219,0.494307398796082,0.326115906238556,0.394084095954895,0.433472782373428,0.35442641377449,0.444911271333694,0.398854613304138,0.383873820304871,0.276712536811829,0.299585044384003,0.37133377790451,0.477206528186798,0.570572912693024,0.60022896528244,0.644012033939362,0.595451653003693,0.564003825187683,0.564031958580017,0.486068844795227,0.234854236245155,0.254758328199387,0.240761429071426,0.39688766002655,0.531150937080383,0.541272461414337,0.636403501033783,0.718579351902008,0.612753331661224,0.522044360637665,0.673398792743683,0.387444496154785,0.274980157613754,0.314448833465576,0.557910740375519,0.525187432765961,0.42372927069664,0.683479428291321,0.711338698863983,0.595459580421448,0.536736786365509,0.55022931098938,0.648886680603027,0.557258486747742,0.330703347921371,0.369381070137024,0.533959269523621,0.412676930427551,0.469285637140274,0.31725800037384,0.39416030049324,0.412874341011047,0.466598868370056,0.617515087127686,0.664986670017242,0.606084525585175,0.554996967315674,0.467441767454147,0,0.253046214580536,0.390083223581314,0.566268444061279,0.700475513935089,0.590518772602081,0.572221279144287,0.653856217861176,0.624338626861572,0.677078723907471,0.824621438980103,0.69762134552002,0.166992127895355,0.204582050442696,0,0,0.417433708906174,0.660016238689423,0.40648427605629,0.27420911192894,0.234387218952179,0,0,0.222317025065422,0,0,0,0,0,0,0,0,0,0,0,0,0,0,0,0.16821014881134,0.34076064825058,0.467785567045212,0,0,0.26424852013588,0,0,0,0,0,0,0,0,0,0,0.111112661659718,0.247870057821274,0.216679230332375,0.324098199605942,0,0,0.172491058707237,0,0,0,0,0,0,0,0,0,0,0,0,0,0,0,0,0,0,0,0,0,0,0,0,0,0,0,0,0,0,0,0,0,0,0,0,0,0,74
Mettmann,0,0,0,0,0,0,0,0,0,0,0,0,0,0,0,0,0,0,0,0,0,0,0,0,0,0,0,0,0,0,0,0,0,0,0,0,0,0,0,0,0,0,0,0,0,0,0,0,0,0,0,0,0,0,0,0,0,0,0,0,0,0,0,0,0,0,0,0,0,0,0,0,0,0,0,0,0,0,0,0,0,0,0,0,0,0,0,0,0,0,0,0,0,0,0,0,0,0,0,0,0,0,0,0,0,0,0,0,0,0,0,0,0,0,0,0,0,0,0,0,0,0,0,0.00168010708875954,0.00403545005246997,0,0,0,0,0,0,0,0,0,0,0,0,0,0,0,0,0,0,0,0,0,0,0,0,0,0,0,0,0,0,0,0,0,0,0,0,0,0,0,0,0.0388265699148178,0.0531586110591888,0.0564069487154484,0.0419848635792732,0.0563333220779896,0.132240146398544,0.178247660398483,0.122503951191902,0,0,0.035541694611311,0.196036070585251,0.23247292637825,0.164843246340752,0.187404274940491,0.320639371871948,0.441234141588211,0.4112648665905,0.517004430294037,0.414530098438263,0.325914353132248,0.384852468967438,0.510938882827759,0.48174586892128,0.278564274311066,0.317049711942673,0.153719708323479,0,0.47893014550209,0.409163266420364,0.457399040460587,0.717740893363953,0.412454873323441,0.370839565992355,0.545599281787872,0.715000152587891,0.420659363269806,0.434581696987152,0.745031177997589,0.862564861774445,0.884840488433838,0.834939002990723,0.987062990665436,0.75852507352829,0.533079922199249,0.64262455701828,0.658670902252197,0.594090938568115,0.69613128900528,0.639028906822205,0.606242835521698,0.369074881076813,0.449217885732651,0.566832304000854,0.754833996295929,0.929554462432861,0.945676684379578,1.04922449588776,0.980369031429291,0.94372421503067,0.904731631278992,0.749942779541016,0.374650925397873,0.135245800018311,0.360013335943222,0.577996790409088,0.815191626548767,0.858458697795868,1.00939953327179,1.14944088459015,1.00909662246704,0.862485468387604,1.08509814739227,0.651953399181366,0.154125526547432,0.166621387004852,0.80932742357254,0.820269644260406,0.692694365978241,1.10072553157806,1.21028769016266,1.00112473964691,0.873600125312805,0.901958465576172,1.05726754665375,0.930424630641937,0.514606058597565,0.548981606960297,0.881385326385498,0.712094306945801,0.767397999763489,0.465992540121078,0.298681765794754,0.472667098045349,0.819676101207733,1.00938808917999,1.13115584850311,1.06942987442017,0.99042284488678,0.76182496547699,0.0590514168143272,0.177655503153801,0.501273155212402,0.792088389396667,1.10344254970551,0.96189284324646,0.939340233802795,1.10243570804596,1.0158953666687,1.09860217571259,1.35126948356628,1.28182661533356,0.259594917297363,0,0,0,0.648719072341919,1.04790997505188,0.61858594417572,0.27137017250061,0.270303606987,0,0,0.0604372881352901,0,0.0573925003409386,0,0,0,0,0,0,0,0,0,0,0,0,0,0,0.58796101808548,0.760698854923248,0,0,0.229090347886086,0,0,0,0,0,0,0,0,0,0,0.103151127696037,0.393889009952545,0.428197741508484,0.555667817592621,0,0,0.291643410921097,0,0,0,0,0,0.0364575833082199,0,0,0,0,0,0,0,0,0,0,0,0,0,0,0,0,0,0,0,0,0,0,0,0,0,0,0,0,0,0,0,0,75
Rhein-Kreis Neuss,0,0,0,0,0,0,0,0,0,0,0,0,0,0,0,0,0,0,0,0,0,0,0,0,0,0,0,0,0,0,0,0,0,0,0,0,0,0,0,0,0,0,0,0,0,0,0,0,0,0,0,0,0,0,0,0,0,0,0,0,0,0,0,0,0,0,0,0,0,0,0,0,0,0,0,0,0,0,0,0,0,0,0,0,0,0,0,0,0,0,0,0,0,0,0,0,0,0,0,0,0,0,0,0,0,0,0,0,0,0,0,0,0,0,0,0,0,0,0,0,0,0,0,0.00219822488725185,0.00417915172874928,0,0,0,0,0,0,0,0,0,0,0,0,0,0,0,0,0,0,0,0,0,0,0,0,0,0,0,0,0,0,0,0,0,0,0,0,0,0,0,0,0.0387309193611145,0.0645711943507195,0.0660653337836266,0.0526806190609932,0.0746700018644333,0.153111636638641,0.198786810040474,0.134882032871246,0,0,0.0764135718345642,0.220279961824417,0.261890858411789,0.21127761900425,0.220037087798119,0.357656955718994,0.486738204956055,0.445675164461136,0.561167538166046,0.455331206321716,0.366684108972549,0.419800788164139,0.558506846427917,0.522858142852783,0.316527962684631,0.378111571073532,0.271569550037384,0,0.540326595306396,0.456687748432159,0.53076046705246,0.781481325626373,0.462636381387711,0.428772866725922,0.592087507247925,0.767650365829468,0.467572927474976,0.516972005367279,0.795713841915131,0.91385281085968,0.93157571554184,0.904063820838928,1.04011929035187,0.815383195877075,0.607954740524292,0.708141267299652,0.717714905738831,0.650757133960724,0.762835204601288,0.703962862491608,0.679886281490326,0.437368482351303,0.524251818656921,0.647394001483917,0.820768713951111,0.996987819671631,1.00750029087067,1.1253080368042,1.03712785243988,0.990343034267426,0.966666579246521,0.83321613073349,0.484552204608917,0.391240060329437,0.456206947565079,0.662884414196014,0.904214859008789,0.924750626087189,1.10164797306061,1.22010171413422,1.0726615190506,0.928986549377441,1.16655850410461,0.726548969745636,0.420071601867676,0.452685385942459,0.921095609664917,0.903057336807251,0.786741852760315,1.20379602909088,1.285031914711,1.07547426223755,0.927841067314148,0.967965126037598,1.13681817054749,1.01550030708313,0.623252809047699,0.639936745166779,0.940424263477325,0.758071303367615,0.847406268119812,0.505905389785767,0.601254165172577,0.641523480415344,0.898783504962921,1.07526028156281,1.19553625583649,1.1139110326767,1.04832422733307,0.848587393760681,0.239797294139862,0.417917311191559,0.673528909683228,0.910558879375458,1.22086155414581,1.05264246463776,1.01898849010468,1.17830431461334,1.10634446144104,1.20155668258667,1.46663045883179,1.33226549625397,0.468276977539063,0.318413972854614,0,0,0.705084502696991,1.17461407184601,0.737534165382385,0.52442991733551,0.513665676116943,0,0,0.378384649753571,0,0.243524804711342,0,0,0,0,0,0,0,0,0,0,0,0,0,0.0382270850241184,0.655168235301971,0.854838252067566,0,0,0.456588268280029,0,0,0,0,0,0,0,0,0,0,0.300315231084824,0.444787919521332,0.443340510129929,0.578345894813538,0,0,0.327375650405884,0,0,0,0,0,0.148765102028847,0,0,0,0,0,0,0,0,0,0,0,0,0,0,0,0,0,0,0,0,0,0,0,0,0,0,0,0,0,0,0,0,76
Viersen,0,0,0,0,0,0,0,0,0,0,0,0,0,0,0,0,0,0,0,0,0,0,0,0,0,0,0,0,0,0,0,0,0,0,0,0,0,0,0,0,0,0,0,0,0,0,0,0,0,0,0,0,0,0,0,0,0,0,0,0,0,0,0,0,0,0,0,0,0,0,0,0,0,0,0,0,0,0,0,0,0,0,0,0,0,0,0,0,0,0,0,0,0,0,0,0,0,0,0,0,0,0,0,0,0,0,0,0,0,0,0,0,0,0,0,0,0,0,0,0,0,0,0,0.00198657810688019,0.00356804323382676,0,0,0,0,0,0,0,0,0,0,0,0,0,0,0,0,0,0,0,0,0,0,0,0,0,0,0,0,0,0,0,0,0,0,0,0,0,0,0,0,0.0160156190395355,0.0649644210934639,0.0620087459683418,0.0537415556609631,0.0769378021359444,0.157778024673462,0.200632616877556,0.137586116790771,0,0,0.079614594578743,0.230580136179924,0.263413161039352,0.220004126429558,0.236362755298615,0.382143676280975,0.504419267177582,0.452900320291519,0.579003632068634,0.469164818525314,0.376197963953018,0.427211910486221,0.598905622959137,0.524767458438873,0.319123655557632,0.393798917531967,0.270536303520203,0,0.560434281826019,0.46417498588562,0.561240434646606,0.808663308620453,0.450211405754089,0.43620365858078,0.616068840026855,0.798050463199615,0.466895401477814,0.556947588920593,0.8214510679245,0.96850061416626,0.968401610851288,0.930286407470703,1.07764148712158,0.845224916934967,0.587400436401367,0.704712569713593,0.747366011142731,0.634410738945007,0.784369289875031,0.712072789669037,0.69746458530426,0.456095278263092,0.525486707687378,0.655639708042145,0.839089930057526,1.01943671703339,1.05199563503265,1.14530611038208,1.05804133415222,0.995755553245544,1.00530695915222,0.861090362071991,0.446855157613754,0.44600647687912,0.435600459575653,0.687528610229492,0.941718578338623,0.960876047611237,1.14206886291504,1.26175773143768,1.09093260765076,0.938926577568054,1.19342637062073,0.717152237892151,0.480628401041031,0.526542723178864,0.978844881057739,0.91955178976059,0.782515466213226,1.23491823673248,1.2995662689209,1.08140003681183,0.934650480747223,0.978450953960419,1.15491461753845,1.01800274848938,0.629679679870605,0.667222738265991,0.954298496246338,0.740120589733124,0.841534733772278,0.527779698371887,0.679380118846893,0.694714069366455,0.886870741844177,1.10278594493866,1.21085965633392,1.1138162612915,1.03190171718597,0.85884016752243,0.00884908065199852,0.378736615180969,0.71033388376236,0.991064786911011,1.27039062976837,1.07092118263245,1.05611050128937,1.18088281154633,1.14791238307953,1.23076903820038,1.50556015968323,1.29395794868469,0.445236474275589,0.440892279148102,0,0,0.729905486106873,1.20993065834045,0.754737198352814,0.531452119350433,0.489091157913208,0,0,0.346853286027908,0,0.0005906131118536,0,0,0,0,0,0,0,0,0,0,0,0,0,0.159484997391701,0.650034606456757,0.87346875667572,0,0,0.481069028377533,0,0,0,0,0,0,0,0,0,0,0.311584860086441,0.476653963327408,0.414103120565414,0.588499307632446,0,0,0.321180641651154,0,0,0,0,0,0.000343811261700466,0,0,0,0,0,0,0,0,0,0,0,0,0,0,0,0,0,0,0,0,0,0,0,0,0,0,0,0,0,0,0,0,77
Wesel,0,0,0,0,0,0,0,0,0,0,0,0,0,0,0,0,0,0,0,0,0,0,0,0,0,0,0,0,0,0,0,0,0,0,0,0,0,0,0,0,0,0,0,0,0,0,0,0,0,0,0,0,0,0,0,0,0,0,0,0,0,0,0,0,0,0,0,0,0,0,0,0,0,0,0,0,0,0,0,0,0,0,0,0,0,0,0,0,0,0,0,0,0,0,0,0,0,0,0,0,0,0,0,0,0,0,0,0,0,0,0,0,0,0,0,0,0,0,0,0,0,0,0,0.00179480144288391,0.0033499919809401,0,0,0,0,0,0,0,0,0,0,0,0,0,0,0,0,0,0,0,0,0,0,0,0,0,0,0,0,0,0,0,0,0,0,0,0,0,0,0,0,0.0208535473793745,0.0527398325502872,0.0492985770106316,0.039095863699913,0.0535954907536507,0.126584932208061,0.165830552577972,0.112450651824474,0,0,0.065793052315712,0.197700694203377,0.206772699952126,0.156992107629776,0.193367347121239,0.312471777200699,0.419038832187653,0.363729298114777,0.465796440839767,0.373859643936157,0.302989661693573,0.330313622951508,0.484907925128937,0.429368883371353,0.258126378059387,0.307446748018265,0.2430120408535,0,0.43839356303215,0.377952337265015,0.437722891569138,0.642689526081085,0.351783782243729,0.350255012512207,0.477571696043015,0.648780822753906,0.368084877729416,0.43869936466217,0.654533207416534,0.785988628864288,0.770130455493927,0.724181711673737,0.855536639690399,0.67597484588623,0.457500040531158,0.531138956546783,0.582394957542419,0.486054748296738,0.614441871643066,0.55182808637619,0.526127815246582,0.387711524963379,0.420096188783646,0.499063462018967,0.657247424125671,0.773782908916473,0.834072947502136,0.885950326919556,0.814584195613861,0.788247585296631,0.780910611152649,0.666658937931061,0.320372700691223,0.261763840913773,0.314862370491028,0.556604385375977,0.732572078704834,0.749685108661652,0.868132710456848,0.996169924736023,0.857958316802979,0.724093377590179,0.948960304260254,0.551559746265411,0.344479233026505,0.412126690149307,0.763968586921692,0.726619362831116,0.595166683197021,0.94516909122467,1.00227618217468,0.831989705562592,0.753102481365204,0.76147472858429,0.906066834926605,0.786012828350067,0.442236006259918,0.490821212530136,0.743539214134216,0.61974972486496,0.652612566947937,0.476661682128906,0.505005657672882,0.546465873718262,0.649584531784058,0.87081241607666,0.962969064712524,0.870702087879181,0.804040491580963,0.658296227455139,0.00615748669952154,0.374330073595047,0.499217540025711,0.74735951423645,0.957408547401428,0.840994894504547,0.796443521976471,0.910505950450897,0.850117206573486,0.940284073352814,1.15485799312592,1.02457118034363,0.208721444010735,0.119529969990253,0,0,0.596716523170471,0.926418900489807,0.565084099769592,0.374197125434875,0.293767005205154,0,0,0.25410658121109,0,0,0,0,0,0,0,0,0,0,0,0,0,0,0,0.307648032903671,0.49355161190033,0.668390810489655,0,0,0.36023211479187,0,0,0,0,0,0,0,0,0,0,0.179090946912766,0.354144603013992,0.352974385023117,0.493105709552765,0,0,0.274291425943375,0,0,0,0,0,0.00753433909267187,0,0,0,0,0,0,0,0,0,0,0,0,0,0,0,0,0,0,0,0,0,0,0,0,0,0,0,0,0,0,0,0,78
Bonn,0,0,0,0,0,0,0,0,0,0,0,0,0,0,0,0,0,0,0,0,0,0,0,0,0,0,0,0,0,0,0,0,0,0,0,0,0,0,0,0,0,0,0,0,0,0,0,0,0,0,0,0,0,0,0,0,0,0,0,0,0,0,0,0,0,0,0,0,0,0,0,0,0,0,0,0,0,0,0,0,0,0,0,0,0,0,0,0,0,0,0,0,0,0,0,0,0,0,0,0,0,0,0,0,0,0,0,0,0,0,0,0,0,0,0,0,0,0,0,0,0,0,0,0.00177317159250379,0.00401299772784114,0,0,0,0,0,0,0,0,0,0,0,0,0,0,0,0,0,0,0,0,0,0,0,0,0,0,0,0,0,0,0,0,0,0,0,0,0,0,0,0,0.0443767569959164,0.0556251518428326,0.0739695057272911,0.0518645234405994,0.0658690631389618,0.155021831393242,0.202890604734421,0.152580395340919,0,0,0,0.206666857004166,0.276367515325546,0.201329171657562,0.236802592873573,0.351876497268677,0.497258871793747,0.488178938627243,0.593853175640106,0.491183578968048,0.392600983381271,0.463068306446075,0.535350561141968,0.558302581310272,0.280518561601639,0.359943866729736,0.135146126151085,0,0.544028162956238,0.433541566133499,0.55776709318161,0.846431195735931,0.561860620975494,0.441786140203476,0.623278617858887,0.869059443473816,0.515937209129333,0.471985548734665,0.873897194862366,0.969681203365326,1.04922068119049,1.04265427589417,1.13709759712219,0.913445293903351,0.76525753736496,0.823024809360504,0.787239670753479,0.764779329299927,0.836243510246277,0.73323929309845,0.655943036079407,0.39642807841301,0.535342395305634,0.717892348766327,0.915873765945435,1.11297702789307,1.07234823703766,1.29003763198853,1.17775630950928,1.12250030040741,0.95454466342926,0.930518925189972,0.53117823600769,0.0901128053665161,0.530949354171753,0.596783816814423,0.924557030200958,0.96746027469635,1.24399423599243,1.33877551555634,1.1975519657135,1.06452214717865,1.2527449131012,0.804749727249146,0.116183497011662,0.115294963121414,0.886616945266724,0.971400260925293,0.86366069316864,1.33072865009308,1.43756985664368,1.23783302307129,1.06777107715607,1.15889990329742,1.30106031894684,1.14043021202087,0.7505983710289,0.6081423163414,1.00569653511047,0.851945638656616,0.959028363227844,0.140121459960938,0.140494331717491,0.315313994884491,0.935258328914642,1.15600037574768,1.24268138408661,1.23639559745789,1.14373528957367,0.864916622638702,0,0,0.579913198947906,0.83827418088913,1.27624261379242,1.12067592144012,1.01369524002075,1.31756770610809,1.13891839981079,1.27321207523346,1.49690878391266,1.49193692207336,0.35525506734848,0,0,0,0.318094342947006,1.15057134628296,0.727254390716553,0.311608225107193,0.470388531684875,0,0,0.145749047398567,0,0.132649660110474,0,0,0,0,0,0,0,0,0,0,0,0,0,0,0.59545373916626,0.854390501976013,0,0,0.211551621556282,0,0,0,0,0,0,0,0,0,0,0.0766028016805649,0.350997060537338,0.208139792084694,0.441573143005371,0,0,0,0,0,0,0,0,0.280216664075851,0,0,0,0,0,0,0,0,0,0,0,0,0,0,0,0,0,0,0,0,0,0,0,0,0,0,0,0,0,0,0,0,79
Köln,0,0,0,0,0,0,0,0,0,0,0,0,0,0,0,0,0,0,0,0,0,0,0,0,0,0,0,0,0,0,0,0,0,0,0,0,0,0,0,0,0,0,0,0,0,0,0,0,0,0,0,0,0,0,0,0,0,0,0,0,0,0,0,0,0,0,0,0,0,0,0,0,0,0,0,0,0,0,0,0,0,0,0,0,0,0,0,0,0,0,0,0,0,0,0,0,0,0,0,0,0,0,0,0,0,0,0,0,0,0,0,0,0,0,0,0,0,0,0,0,0,0,0,0.00300446432083845,0.00596272479742765,0,0,0,0,0,0,0,0,0,0,0,0,0,0,0,0,0,0,0,0,0,0,0,0,0,0,0,0,0,0,0,0,0,0,0,0,0,0,0,0,0.067546620965004,0.0825303718447685,0.0961542204022408,0.0715995654463768,0.0952714309096336,0.198115661740303,0.256599843502045,0.183713331818581,0,0,0.00155011168681085,0.270684093236923,0.33905217051506,0.267271727323532,0.29056441783905,0.440983802080154,0.603999078273773,0.581718325614929,0.70089316368103,0.582264840602875,0.475544989109039,0.546254575252533,0.663838088512421,0.669122338294983,0.395825415849686,0.478653937578201,0.328890204429626,0,0.676468372344971,0.555419623851776,0.663606464862823,0.978240251541138,0.640601336956024,0.560169100761414,0.744297623634338,0.990688741207123,0.627489924430847,0.612592339515686,1.02324271202087,1.1258624792099,1.18742656707764,1.18443274497986,1.30866420269012,1.04777503013611,0.849479079246521,0.946102678775787,0.913740634918213,0.895946681499481,0.971723914146423,0.888946354389191,0.837740123271942,0.552212655544281,0.673668265342712,0.846733450889587,1.07125997543335,1.28726398944855,1.23992204666138,1.47584092617035,1.35331571102142,1.30797636508942,1.18093061447144,1.0842057466507,0.669107615947723,0.400026708841324,0.658739268779755,0.819649755954742,1.1184458732605,1.14603185653687,1.42305159568787,1.54341804981232,1.39823687076569,1.2410147190094,1.4872305393219,0.970123946666718,0.491831332445145,0.475083231925964,1.12868320941925,1.19593667984009,1.05072605609894,1.5712468624115,1.69531261920929,1.44371950626373,1.26325333118439,1.31251275539398,1.51734209060669,1.35918128490448,0.859382688999176,0.83127635717392,1.22137343883514,1.04297256469727,1.18180894851685,0.609412848949432,0.615234196186066,0.772133350372314,1.18949282169342,1.39948570728302,1.53178715705872,1.49926710128784,1.40161573886871,1.08492994308472,0.38199520111084,0.417171537876129,0.833353877067566,1.10293352603912,1.56835067272186,1.38308775424957,1.29012548923492,1.59202206134796,1.40878415107727,1.55273878574371,1.87337577342987,1.82185065746307,0.649670720100403,0,0,0,0.834900140762329,1.49134814739227,0.963848412036896,0.719295501708984,0.692847967147827,0,0,0.571894586086273,0,0.508087694644928,0,0,0,0,0,0,0,0,0,0,0,0,0,0,0.831044316291809,1.10489892959595,0,0,0.527637660503387,0,0,0,0,0,0,0,0,0,0,0.335203051567078,0.556797027587891,0.55767285823822,0.685592293739319,0,0,0.280483394861221,0.120723158121109,0,0,0,0,0.36873385310173,0,0,0,0,0,0,0,0,0,0,0,0,0,0,0,0,0,0,0,0,0,0,0,0,0,0,0,0,0,0,0,0,80
Leverkusen,0,0,0,0,0,0,0,0,0,0,0,0,0,0,0,0,0,0,0,0,0,0,0,0,0,0,0,0,0,0,0,0,0,0,0,0,0,0,0,0,0,0,0,0,0,0,0,0,0,0,0,0,0,0,0,0,0,0,0,0,0,0,0,0,0,0,0,0,0,0,0,0,0,0,0,0,0,0,0,0,0,0,0,0,0,0,0,0,0,0,0,0,0,0,0,0,0,0,0,0,0,0,0,0,0,0,0,0,0,0,0,0,0,0,0,0,0,0,0,0,0,0,0,0.00308064022101462,0.00636274041607976,0,0,0,0,0,0,0,0,0,0,0,0,0,0,0,0,0,0,0,0,0,0,0,0,0,0,0,0,0,0,0,0,0,0,0,0,0,0,0,0,0.0699278712272644,0.0833948850631714,0.0963189452886581,0.0723993554711342,0.0956416726112366,0.199758216738701,0.259769022464752,0.185825198888779,0,0,0.00343855516985059,0.275255739688873,0.341291278600693,0.265137821435928,0.293193638324738,0.44657900929451,0.607840895652771,0.586479604244232,0.70481812953949,0.584133863449097,0.476261645555496,0.549714326858521,0.675197064876556,0.669775128364563,0.400527209043503,0.47920486330986,0.334411293268204,0,0.674792051315308,0.556746244430542,0.653380572795868,0.971876859664917,0.630550503730774,0.555269062519073,0.748036086559296,0.986498832702637,0.624624252319336,0.604564726352692,1.01799035072327,1.12425899505615,1.18295896053314,1.17332243919373,1.30376517772675,1.03765475749969,0.82230132818222,0.926784157752991,0.905480265617371,0.884492933750153,0.954233944416046,0.874021589756012,0.828495562076569,0.542193174362183,0.658241987228394,0.826255083084106,1.05429112911224,1.2710280418396,1.22810900211334,1.44932496547699,1.33683502674103,1.29101014137268,1.17361533641815,1.0550252199173,0.636761426925659,0.350358933210373,0.632791757583618,0.806638896465302,1.09410238265991,1.13121473789215,1.39162802696228,1.51275503635406,1.36930572986603,1.21310043334961,1.45316338539124,0.941032111644745,0.441540151834488,0.413751244544983,1.1013251543045,1.1626228094101,1.01267838478088,1.52655184268951,1.6567440032959,1.40204751491547,1.23334097862244,1.27147114276886,1.47357952594757,1.31812560558319,0.82340270280838,0.814088106155396,1.19093859195709,1.01680850982666,1.14517116546631,0.634287714958191,0.603248536586761,0.736937582492828,1.15654611587524,1.3676381111145,1.49930644035339,1.46650421619415,1.36491847038269,1.05009746551514,0.400170236825943,0.431571632623672,0.788950204849243,1.07050263881683,1.51834261417389,1.34190130233765,1.2678542137146,1.54022407531738,1.37555706501007,1.5016838312149,1.81687712669373,1.77130174636841,0.633929014205933,0,0,0,0.838151574134827,1.44078230857849,0.922033667564392,0.684739530086517,0.652230799198151,0,0,0.49130842089653,0,0.426489949226379,0,0,0,0,0,0,0,0,0,0,0,0,0,0,0.805953323841095,1.0606392621994,0,0,0.48674476146698,0,0,0,0,0,0,0,0,0,0,0.27997300028801,0.540671348571777,0.552846193313599,0.670864939689636,0,0,0.321728855371475,0.19619482755661,0,0,0,0,0.298900634050369,0,0,0,0,0,0,0,0,0,0,0,0,0,0,0,0,0,0,0,0,0,0,0,0,0,0,0,0,0,0,0,0,81
Städteregion Aachen,0,0,0,0,0,0,0,0,0,0,0,0,0,0,0,0,0,0,0,0,0,0,0,0,0,0,0,0,0,0,0,0,0,0,0,0,0,0,0,0,0,0,0,0,0,0,0,0,0,0,0,0,0,0,0,0,0,0,0,0,0,0,0,0,0,0,0,0,0,0,0,0,0,0,0,0,0,0,0,0,0,0,0,0,0,0,0,0,0,0,0,0,0,0,0,0,0,0,0,0,0,0,0,0,0,0,0,0,0,0,0,0,0,0,0,0,0,0,0,0,0,0,0,0.000571786426007748,0.00142921565566212,0,0,0,0,0,0,0,0,0,0,0,0,0,0,0,0,0,0,0,0,0,0,0,0,0,0,0,0,0,0,0,0,0,0,0,0,0,0,0,0,0,0.0219342298805714,0.0194305758923292,0.0143357077613473,0.0229352246969938,0.0572489202022552,0.0752784684300423,0.0483019948005676,0,0,0,0.0787238702178001,0.0957091897726059,0.0789611339569092,0.0809748768806458,0.138275727629662,0.196937546133995,0.186510294675827,0.227473378181458,0.178435832262039,0.141609072685242,0.173954680562019,0.222904220223427,0.208664700388908,0.0881988406181335,0.137664347887039,0.00100284919608384,0,0.216633602976799,0.171672359108925,0.220949620008469,0.341845840215683,0.173437878489494,0.148143649101257,0.245624408125877,0.344281733036041,0.16180919110775,0.219822853803635,0.337495297193527,0.39881306886673,0.418107211589813,0.405265331268311,0.47181248664856,0.335439831018448,0.270729213953018,0.297538489103317,0.30574232339859,0.281734079122543,0.330916941165924,0.294637560844421,0.261346578598022,0.0017138528637588,0.148794516921043,0.252011626958847,0.336544126272202,0.453101605176926,0.448503494262695,0.504239439964294,0.447455525398254,0.416965872049332,0.397189944982529,0.33937019109726,0.19858905673027,0.0972757413983345,0.199485495686531,0.240917578339577,0.374865084886551,0.36913138628006,0.490544676780701,0.556282758712769,0.456535458564758,0.382229059934616,0.478627741336823,0.236758351325989,0.00156421051360667,0.0912223383784294,0.383849233388901,0.369708150625229,0.324478715658188,0.520396947860718,0.53823846578598,0.456506967544556,0.36249902844429,0.429531067609787,0.495804220438004,0.432501614093781,0.246628403663635,0.217862382531166,0.381723880767822,0.268535971641541,0.327085733413696,0.00157282361760736,0.186727494001389,0.19991934299469,0.347903817892075,0.460752248764038,0.480133414268494,0.443452179431915,0.437640756368637,0.328189522027969,0,0,0.287761449813843,0.388542681932449,0.557194709777832,0.402837514877319,0.413913041353226,0.506431400775909,0.450409740209579,0.533634603023529,0.632940828800201,0.564921498298645,0.00162714801263064,0.00183579372242093,0,0,0.164816007018089,0.501151978969574,0.261644959449768,0.00222836621105671,0.00218260637484491,0,0,0,0,0,0,0,0,0,0,0,0,0,0,0,0,0,0,0,0.260003447532654,0.362304449081421,0,0,0.15103143453598,0,0,0,0,0,0,0,0,0,0,0.12148778885603,0.199753642082214,0.230004459619522,0.290232717990875,0.114634327590466,0.0760550945997238,0.145771697163582,0,0,0,0,0,0.00090945593547076,0,0,0,0,0,0,0,0,0,0,0,0,0,0,0,0,0,0,0,0,0,0,0,0,0,0,0,0,0,0,0,0,82
Düren,0,0,0,0,0,0,0,0,0,0,0,0,0,0,0,0,0,0,0,0,0,0,0,0,0,0,0,0,0,0,0,0,0,0,0,0,0,0,0,0,0,0,0,0,0,0,0,0,0,0,0,0,0,0,0,0,0,0,0,0,0,0,0,0,0,0,0,0,0,0,0,0,0,0,0,0,0,0,0,0,0,0,0,0,0,0,0,0,0,0,0,0,0,0,0,0,0,0,0,0,0,0,0,0,0,0,0,0,0,0,0,0,0,0,0,0,0,0,0,0,0,0,0,0.000963190046604723,0.00210836203768849,0,0,0,0,0,0,0,0,0,0,0,0,0,0,0,0,0,0,0,0,0,0,0,0,0,0,0,0,0,0,0,0,0,0,0,0,0,0,0,0,0.0123490402474999,0.0347699522972107,0.0346147976815701,0.023607524111867,0.0363375023007393,0.0875152349472046,0.114524364471436,0.0757430642843246,0,0,0,0.118054322898388,0.150026574730873,0.121499247848988,0.123568698763847,0.205083891749382,0.290938228368759,0.270290821790695,0.337041437625885,0.26997447013855,0.214757308363914,0.254161953926086,0.31740939617157,0.316255986690521,0.146042913198471,0.20336888730526,0.0557554438710213,0,0.321739166975021,0.250662058591843,0.328435778617859,0.493592739105225,0.274985492229462,0.220262497663498,0.352576673030853,0.486128062009811,0.25114518404007,0.314038693904877,0.491658747196198,0.564720511436462,0.591965079307556,0.582510769367218,0.6597820520401,0.499795883893967,0.407629936933517,0.445002049207687,0.437659204006195,0.414298474788666,0.480045199394226,0.422732263803482,0.388777107000351,0.18119640648365,0.251401394605637,0.383042246103287,0.50060909986496,0.636352896690369,0.625985443592072,0.721682071685791,0.645138084888458,0.604900121688843,0.5637526512146,0.505786061286926,0.298462510108948,0.124806277453899,0.264562696218491,0.361335813999176,0.540352404117584,0.535102427005768,0.691713273525238,0.773900806903839,0.649965643882751,0.558425843715668,0.702117204666138,0.392070174217224,0.0863490924239159,0.131784677505493,0.534615039825439,0.54017698764801,0.471481949090958,0.738215625286102,0.773552656173706,0.657349765300751,0.541883289813995,0.60457170009613,0.704342365264893,0.613743722438812,0.366946697235107,0.312261283397675,0.5449578166008,0.414947837591171,0.484439879655838,0.0890731513500214,0.26394909620285,0.317606806755066,0.499488055706024,0.627244293689728,0.676639139652252,0.640251934528351,0.61308228969574,0.473240464925766,0,0,0.385651022195816,0.501406252384186,0.747165858745575,0.590225517749786,0.559768378734589,0.709034979343414,0.622079253196716,0.720488131046295,0.862584233283997,0.783536553382874,0.12186349183321,0.0976069569587708,0,0,0.260170310735703,0.682756841182709,0.386765718460083,0.160171613097191,0.221862643957138,0,0,0.0357572138309479,0,0.0350708849728107,0,0,0,0,0,0,0,0,0,0,0,0,0,0,0.346295565366745,0.488997966051102,0,0,0.223162934184074,0,0,0,0,0,0,0,0,0,0,0.153461501002312,0.246924892067909,0.256358921527863,0.348406404256821,0.012828703969717,0,0.148593962192535,0,0,0,0,0,0.10617034137249,0,0,0,0,0,0,0,0,0,0,0,0,0,0,0,0,0,0,0,0,0,0,0,0,0,0,0,0,0,0,0,0,83
Rhein-Erft-Kreis,0,0,0,0,0,0,0,0,0,0,0,0,0,0,0,0,0,0,0,0,0,0,0,0,0,0,0,0,0,0,0,0,0,0,0,0,0,0,0,0,0,0,0,0,0,0,0,0,0,0,0,0,0,0,0,0,0,0,0,0,0,0,0,0,0,0,0,0,0,0,0,0,0,0,0,0,0,0,0,0,0,0,0,0,0,0,0,0,0,0,0,0,0,0,0,0,0,0,0,0,0,0,0,0,0,0,0,0,0,0,0,0,0,0,0,0,0,0,0,0,0,0,0,0.00183523539453745,0.00339666148647666,0,0,0,0,0,0,0,0,0,0,0,0,0,0,0,0,0,0,0,0,0,0,0,0,0,0,0,0,0,0,0,0,0,0,0,0,0,0,0,0,0.0380377620458603,0.0540691278874874,0.0592708513140678,0.0426344908773899,0.0607430264353752,0.129744455218315,0.16828665137291,0.115143664181232,0,0,8.52633729664376e-06,0.176170408725739,0.222904190421104,0.181320011615753,0.185965776443481,0.293683886528015,0.406499236822128,0.384449303150177,0.472368031740189,0.389035761356354,0.315499991178513,0.362482815980911,0.440878003835678,0.452720910310745,0.258467435836792,0.312997698783875,0.179400712251663,0,0.458538860082626,0.367417007684708,0.456788003444672,0.673951685428619,0.419649124145508,0.366374790668488,0.498284548521042,0.665053844451904,0.402915328741074,0.431902021169662,0.694546401500702,0.770524203777313,0.807234704494476,0.802728950977325,0.898402452468872,0.709637880325317,0.582544922828674,0.644962847232819,0.618853688240051,0.599627673625946,0.671884894371033,0.610326588153839,0.573336243629456,0.360507696866989,0.445554196834564,0.57470965385437,0.724880754947662,0.883968234062195,0.860547661781311,1.01147592067719,0.917450904846191,0.878951072692871,0.809160649776459,0.740913093090057,0.467841237783432,0.302361071109772,0.440824568271637,0.557208001613617,0.776782512664795,0.777887463569641,0.977913022041321,1.07862567901611,0.947810113430023,0.83380526304245,1.0243353843689,0.644365429878235,0.286383390426636,0.336051136255264,0.779192805290222,0.814202725887299,0.718065977096558,1.0785984992981,1.14480745792389,0.982055902481079,0.839078962802887,0.893187165260315,1.03371906280518,0.920739769935608,0.577440500259399,0.545843183994293,0.825888574123383,0.676986157894135,0.77830708026886,0.338595926761627,0.445701956748962,0.54776930809021,0.796061396598816,0.943428814411163,1.03173983097076,0.998738527297974,0.943329572677612,0.739351749420166,0.076733224093914,0.170296058058739,0.596948981285095,0.755613148212433,1.08658540248871,0.929597496986389,0.862299084663391,1.08251285552979,0.953760147094727,1.07492697238922,1.29078233242035,1.2159161567688,0.395645499229431,0.119533941149712,0,0,0.525742173194885,1.03643226623535,0.650691151618958,0.468117564916611,0.47297728061676,0,0,0.334953844547272,0,0.316198974847794,0,0,0,0,0,0,0,0,0,0,0,0,0,0,0.562189280986786,0.763408958911896,0,0,0.396245419979095,0,0,0,0,0,0,0,0,0,0,0.256712585687637,0.378356546163559,0.378912150859833,0.496819585561752,0,0,0.233024016022682,0,0,0,0,0,0.249186918139458,0,0,0,0,0,0,0,0,0,0,0,0,0,0,0,0,0,0,0,0,0,0,0,0,0,0,0,0,0,0,0,0,84
Euskirchen,0,0,0,0,0,0,0,0,0,0,0,0,0,0,0,0,0,0,0,0,0,0,0,0,0,0,0,0,0,0,0,0,0,0,0,0,0,0,0,0,0,0,0,0,0,0,0,0,0,0,0,0,0,0,0,0,0,0,0,0,0,0,0,0,0,0,0,0,0,0,0,0,0,0,0,0,0,0,0,0,0,0,0,0,0,0,0,0,0,0,0,0,0,0,0,0,0,0,0,0,0,0,0,0,0,0,0,0,0,0,0,0,0,0,0,0,0,0,0,0,0,0,0,0.000175589259015396,0.000756340916268528,0,0,0,0,0,0,0,0,0,0,0,0,0,0,0,0,0,0,0,0,0,0,0,0,0,0,0,0,0,0,0,0,0,0,0,0,0,0,0,0,0.00499425828456879,0.0120718469843268,0.0144509961828589,0.00242491462267935,0.0077265496365726,0.0420475117862225,0.0570793636143208,0.0387532152235508,0,0,0,0.0550837963819504,0.0759054720401764,0.0435807257890701,0.0598970726132393,0.103784486651421,0.157442480325699,0.146031931042671,0.187360033392906,0.149825662374496,0.107510641217232,0.143381059169769,0.169585227966309,0.180768370628357,0.0341376550495625,0.0790167823433876,0.00744699127972126,0,0.166780740022659,0.104879327118397,0.182828009128571,0.295402675867081,0.155165776610374,0.0817531868815422,0.20668138563633,0.296041280031204,0.112254813313484,0.155793339014053,0.295645087957382,0.340364903211594,0.372737288475037,0.368058621883392,0.410734444856644,0.301195919513702,0.249387189745903,0.263161361217499,0.261273831129074,0.251492589712143,0.28023087978363,0.221066504716873,0.158883631229401,0.0216112788766623,0.0648601353168488,0.184224352240562,0.301287919282913,0.39813295006752,0.392821162939072,0.453203409910202,0.405196040868759,0.382900506258011,0.31802761554718,0.27831095457077,0.127272874116898,0.0172988716512918,0.102132745087147,0.138583764433861,0.303080946207047,0.31268897652626,0.431229889392853,0.495073050260544,0.391915708780289,0.33350533246994,0.422280788421631,0.188305124640465,0.0127934655174613,0.0184376258403063,0.277450799942017,0.30294281244278,0.2474544942379,0.439832359552383,0.463593333959579,0.399193912744522,0.333007544279099,0.382005244493484,0.431208223104477,0.356041967868805,0.22119428217411,0.0756473988294601,0.320945411920547,0.227472499012947,0.264503300189972,0.0152358030900359,0.0244003683328629,0.0336384363472462,0.257211089134216,0.363896578550339,0.385084211826324,0.375130444765091,0.353498637676239,0.25720477104187,0,0,0.1419887393713,0.25178050994873,0.427962303161621,0.332361340522766,0.314555376768112,0.423880159854889,0.347914695739746,0.420487314462662,0.500552654266357,0.477395921945572,0.0227033142000437,0,0,0,0.0299126524478197,0.360793322324753,0.15065598487854,0.0281270407140255,0.0295034293085337,0,0,0.0172596778720617,0,0.0163868591189384,0,0,0,0,0,0,0,0,0,0,0,0,0,0,0.180785894393921,0.26952400803566,0,0,0.0244039222598076,0,0,0,0,0,0,0,0,0,0,0.0151131143793464,0.0946848541498184,0.119547285139561,0.188237518072128,0,0,0.0138639360666275,0,0,0,0,0,0.016819404438138,0,0,0,0,0,0,0,0,0,0,0,0,0,0,0,0,0,0,0,0,0,0,0,0,0,0,0,0,0,0,0,0,85
Heinsberg,0,0,0,0,0,0,0,0,0,0,0,0,0,0,0,0,0,0,0,0,0,0,0,0,0,0,0,0,0,0,0,0,0,0,0,0,0,0,0,0,0,0,0,0,0,0,0,0,0,0,0,0,0,0,0,0,0,0,0,0,0,0,0,0,0,0,0,0,0,0,0,0,0,0,0,0,0,0,0,0,0,0,0,0,0,0,0,0,0,0,0,0,0,0,0,0,0,0,0,0,0,0,0,0,0,0,0,0,0,0,0,0,0,0,0,0,0,0,0,0,0,0,0,0.000827934010885656,0.00145489349961281,0,0,0,0,0,0,0,0,0,0,0,0,0,0,0,0,0,0,0,0,0,0,0,0,0,0,0,0,0,0,0,0,0,0,0,0,0,0,0,0,0.00188132340554148,0.0266141202300787,0.0254715103656054,0.0222763959318399,0.0318558216094971,0.0648471489548683,0.0819278061389923,0.0555758737027645,0,0,0.00246135960333049,0.0895785465836525,0.108894616365433,0.0926986038684845,0.0939308404922485,0.151984095573425,0.203875616192818,0.190129101276398,0.237198367714882,0.191828414797783,0.155309394001961,0.177152171730995,0.236825942993164,0.21787041425705,0.124064110219479,0.15755133330822,0.100370243191719,0,0.229469731450081,0.184785723686218,0.229547217488289,0.335446804761887,0.189969941973686,0.174313336610794,0.24946865439415,0.330272316932678,0.188620418310165,0.22582533955574,0.335058301687241,0.390165627002716,0.398244261741638,0.38717594742775,0.4453404545784,0.34398365020752,0.259618639945984,0.296819388866425,0.305185914039612,0.270104020833969,0.324714750051498,0.292873859405518,0.284536808729172,0.170960381627083,0.206454232335091,0.272118240594864,0.340533316135406,0.426925748586655,0.431198924779892,0.47912672162056,0.436030268669128,0.405495285987854,0.405146598815918,0.352471917867661,0.199963420629501,0.179881200194359,0.194702282547951,0.273793876171112,0.383028954267502,0.384982049465179,0.472051441669464,0.519150257110596,0.444205105304718,0.38644814491272,0.48231303691864,0.285999059677124,0.168778270483017,0.193650335073471,0.393025308847427,0.374468892812729,0.326663255691528,0.50665670633316,0.532880246639252,0.445189595222473,0.374740362167358,0.40509358048439,0.47618904709816,0.421663671731949,0.264144748449326,0.260110080242157,0.381047487258911,0.293249219655991,0.342803299427032,0.169607177376747,0.260027706623077,0.268343329429626,0.355363935232162,0.444755077362061,0.48420125246048,0.449506402015686,0.424627602100372,0.340022683143616,0,0.0122948093339801,0.293277561664581,0.383199214935303,0.522835433483124,0.425824791193008,0.417250633239746,0.482534885406494,0.455736398696899,0.502307593822479,0.603466868400574,0.524651408195496,0.162767052650452,0.174626797437668,0,0,0.251214653253555,0.495362967252731,0.301411300897598,0.213809549808502,0.204250082373619,0,0,0.0210363585501909,0,0.00969298742711544,0,0,0,0,0,0,0,0,0,0,0,0,0,0,0.253224104642868,0.348559200763702,0,0,0.190174520015717,0,0,0,0,0,0,0,0,0,0,0.127838775515556,0.185720205307007,0.166405752301216,0.240186542272568,0,0,0.121832467615604,0,0,0,0,0,0.0363313481211662,0,0,0,0,0,0,0,0,0,0,0,0,0,0,0,0,0,0,0,0,0,0,0,0,0,0,0,0,0,0,0,0,86
Oberbergischer Kreis,0,0,0,0,0,0,0,0,0,0,0,0,0,0,0,0,0,0,0,0,0,0,0,0,0,0,0,0,0,0,0,0,0,0,0,0,0,0,0,0,0,0,0,0,0,0,0,0,0,0,0,0,0,0,0,0,0,0,0,0,0,0,0,0,0,0,0,0,0,0,0,0,0,0,0,0,0,0,0,0,0,0,0,0,0,0,0,0,0,0,0,0,0,0,0,0,0,0,0,0,0,0,0,0,0,0,0,0,0,0,0,0,0,0,0,0,0,0,0,0,0,0,0,1.11659974209033e-05,0.000957260373979807,0,0,0,0,0,0,0,0,0,0,0,0,0,0,0,0,0,0,0,0,0,0,0,0,0,0,0,0,0,0,0,0,0,0,0,0,0,0,0,0,0.00607980042695999,0.00258543668314815,0.0170129500329494,0.00021884984744247,0.000443366181571037,0.0441220588982105,0.0620008371770382,0.0469109453260899,0,0,0,0.0637853369116783,0.081183984875679,0.0120810810476542,0.0638838410377502,0.117400445044041,0.166027665138245,0.170274242758751,0.208672344684601,0.167899191379547,0.119311518967152,0.155579432845116,0.196749284863472,0.193772301077843,0.0162533242255449,0.077342689037323,0,0,0.154583916068077,0.117335118353367,0.159831747412682,0.310984820127487,0.162030607461929,0.0400460623204708,0.212049677968025,0.31518217921257,0.132237687706947,0.0344914980232716,0.318527072668076,0.375379979610443,0.402738153934479,0.39052152633667,0.429466933012009,0.325619697570801,0.229959651827812,0.265959590673447,0.267001569271088,0.277298450469971,0.294623255729675,0.225875437259674,0.19413560628891,0.0017997840186581,0.0459040105342865,0.178937867283821,0.306600868701935,0.402326017618179,0.393894642591476,0.465430289506912,0.426926523447037,0.413658976554871,0.339984625577927,0.294942617416382,0.00220150710083544,0,0.00228693801909685,0.0728950798511505,0.281386613845825,0.327451765537262,0.426293909549713,0.474301040172577,0.406864196062088,0.352713108062744,0.412679761648178,0.209773927927017,0,0,0.246873289346695,0.286080926656723,0.216072037816048,0.42659530043602,0.486349046230316,0.404339253902435,0.355739742517471,0.382697403430939,0.426111489534378,0.341882675886154,0.134225502610207,0.0561553612351418,0.307028025388718,0.257515698671341,0.255322426557541,0,0,0.00187905202619731,0.273012429475784,0.374863505363464,0.407519668340683,0.391741871833801,0.348936259746552,0.236010268330574,0,0,0.00237690866924822,0.200937703251839,0.37720400094986,0.316219955682755,0.307717233896255,0.403593361377716,0.34083554148674,0.37371227145195,0.462301284074783,0.479268789291382,0,0,0,0,0.00479517504572868,0.321410566568375,0.0453841239213943,0,0,0,0,0,0,0,0,0,0,0,0,0,0,0,0,0,0,0,0,0,0.144642353057861,0.234932944178581,0,0,0,0,0,0,0,0,0,0,0,0,0,0,0.0498491749167442,0.0829077139496803,0.127618566155434,0,0,0,0,0,0,0,0,0.00103429972659796,0,0,0,0,0,0,0,0,0,0,0,0,0,0,0,0,0,0,0,0,0,0,0,0,0,0,0,0,0,0,0,0,87
Rheinisch-Bergischer Kreis,0,0,0,0,0,0,0,0,0,0,0,0,0,0,0,0,0,0,0,0,0,0,0,0,0,0,0,0,0,0,0,0,0,0,0,0,0,0,0,0,0,0,0,0,0,0,0,0,0,0,0,0,0,0,0,0,0,0,0,0,0,0,0,0,0,0,0,0,0,0,0,0,0,0,0,0,0,0,0,0,0,0,0,0,0,0,0,0,0,0,0,0,0,0,0,0,0,0,0,0,0,0,0,0,0,0,0,0,0,0,0,0,0,0,0,0,0,0,0,0,0,0,0,0.000961791491135955,0.00297580705955625,0,0,0,0,0,0,0,0,0,0,0,0,0,0,0,0,0,0,0,0,0,0,0,0,0,0,0,0,0,0,0,0,0,0,0,0,0,0,0,0,0.0311181116849184,0.0339437834918499,0.0432797186076641,0.0219439379870892,0.0355285257101059,0.0986039564013481,0.132512494921684,0.0963465571403503,0,0,0,0.139414057135582,0.174393996596336,0.110978215932846,0.143343076109886,0.235468626022339,0.32745948433876,0.320466846227646,0.391378462314606,0.322842836380005,0.250222623348236,0.300248056650162,0.368981719017029,0.366919666528702,0.183983832597733,0.227774068713188,0.0343926101922989,0,0.348172634840012,0.284567087888718,0.339615225791931,0.552795886993408,0.333590596914291,0.262843549251556,0.410046011209488,0.563911020755768,0.320495456457138,0.285115957260132,0.579791128635406,0.654840171337128,0.698183715343475,0.67653477191925,0.761704444885254,0.594185769557953,0.446553170681,0.517496466636658,0.51047694683075,0.498101890087128,0.540606737136841,0.46711140871048,0.429951995611191,0.17808723449707,0.302467197179794,0.429553776979446,0.587374567985535,0.730040013790131,0.712209403514862,0.837284862995148,0.772889316082001,0.739212870597839,0.655306458473206,0.583167910575867,0.213282853364944,0.0188650730997324,0.217718511819839,0.387132555246353,0.590961515903473,0.632456421852112,0.797241747379303,0.878112852573395,0.779044330120087,0.676546394824982,0.813199043273926,0.48089662194252,0.0239346195012331,0.0222750548273325,0.568573534488678,0.613694906234741,0.518054783344269,0.846584856510162,0.936559736728668,0.786957919597626,0.685512959957123,0.728684484958649,0.829050302505493,0.711312830448151,0.403380244970322,0.384019643068314,0.64996612071991,0.544987082481384,0.585682809352875,0.0666053220629692,0.0581319779157639,0.204794362187386,0.600954174995422,0.764046192169189,0.828313589096069,0.813218832015991,0.73871648311615,0.538891673088074,0.0216651689261198,0.0232210699468851,0.244268164038658,0.531744182109833,0.825141370296478,0.709976494312286,0.67495185136795,0.845349788665771,0.74336314201355,0.816935837268829,0.995302140712738,0.989691734313965,0.0664319843053818,0,0,0,0.3565813601017,0.750189304351807,0.409952849149704,0.071257695555687,0.0685655996203423,0,0,0.0267368983477354,0,0.0230995267629623,0,0,0,0,0,0,0,0,0,0,0,0,0,0,0.406416833400726,0.557361483573914,0,0,0.0513720698654652,0,0,0,0,0,0,0,0,0,0,0.0150359133258462,0.265087991952896,0.279822558164597,0.35254180431366,0,0,0.0352837964892387,0.0113878855481744,0,0,0,0,0.0885590836405754,0,0,0,0,0,0,0,0,0,0,0,0,0,0,0,0,0,0,0,0,0,0,0,0,0,0,0,0,0,0,0,0,88
Rhein-Sieg-Kreis,0,0,0,0,0,0,0,0,0,0,0,0,0,0,0,0,0,0,0,0,0,0,0,0,0,0,0,0,0,0,0,0,0,0,0,0,0,0,0,0,0,0,0,0,0,0,0,0,0,0,0,0,0,0,0,0,0,0,0,0,0,0,0,0,0,0,0,0,0,0,0,0,0,0,0,0,0,0,0,0,0,0,0,0,0,0,0,0,0,0,0,0,0,0,0,0,0,0,0,0,0,0,0,0,0,0,0,0,0,0,0,0,0,0,0,0,0,0,0,0,0,0,0,0.000982943223789334,0.00294934585690498,0,0,0,0,0,0,0,0,0,0,0,0,0,0,0,0,0,0,0,0,0,0,0,0,0,0,0,0,0,0,0,0,0,0,0,0,0,0,0,0,0.0315587855875492,0.0355234518647194,0.0528249740600586,0.0320624671876431,0.0410965979099274,0.112669363617897,0.148682907223701,0.112249702215195,0,0,0,0.152215182781219,0.201490327715874,0.136255189776421,0.171995207667351,0.259967982769012,0.368377566337585,0.362553119659424,0.442041039466858,0.365559786558151,0.286547482013702,0.342238664627075,0.397471725940704,0.412520796060562,0.186658650636673,0.256501346826553,0.0786522328853607,0,0.392768889665604,0.314550518989563,0.40315306186676,0.630042850971222,0.412154823541641,0.314205974340439,0.45906925201416,0.646429359912872,0.373863607645035,0.329674959182739,0.649357259273529,0.725791335105896,0.786541283130646,0.780432522296906,0.8446004986763,0.678941965103149,0.561018049716949,0.604608833789825,0.581287562847137,0.571017980575562,0.620561838150024,0.536332070827484,0.474283844232559,0.242608681321144,0.378446757793427,0.516759991645813,0.67461484670639,0.824074506759644,0.794248402118683,0.958097219467163,0.874941349029541,0.832601845264435,0.699651181697845,0.68294233083725,0.340073794126511,0.0497257150709629,0.340916574001312,0.41319477558136,0.671749591827393,0.712850153446198,0.918771207332611,0.98954826593399,0.881745398044586,0.782296061515808,0.915353775024414,0.580205917358398,0.061798233538866,0.0620272122323513,0.635797560214996,0.703513383865356,0.61748993396759,0.973915338516235,1.05865263938904,0.906416356563568,0.783580899238586,0.853293180465698,0.953859210014343,0.829753875732422,0.536194562911987,0.430995166301727,0.731677353382111,0.620259881019592,0.686217784881592,0.0744091123342514,0.0764405503869057,0.191034704446793,0.677842438220978,0.847090721130371,0.907296121120453,0.900098443031311,0.827238857746124,0.620310664176941,0,0,0.319236874580383,0.592980861663818,0.92212450504303,0.806222498416901,0.73430997133255,0.959128677845001,0.822768211364746,0.920879364013672,1.08773338794708,1.0906662940979,0.187102496623993,0,0,0,0.23382955789566,0.824471652507782,0.497723996639252,0.184182822704315,0.2461007386446,0,0,0.0782857686281204,0,0.0716765001416206,0,0,0,0,0,0,0,0,0,0,0,0,0,0,0.42459037899971,0.614567995071411,0,0,0.126237004995346,0,0,0,0,0,0,0,0,0,0,0.0426187291741371,0.248686298727989,0.173919633030891,0.319370180368423,0,0,0.00651196483522654,0,0,0,0,0,0.14790952205658,0,0,0,0,0,0,0,0,0,0,0,0,0,0,0,0,0,0,0,0,0,0,0,0,0,0,0,0,0,0,0,0,89
Bottrop,0,0,0,0,0,0,0,0,0,0,0,0,0,0,0,0,0,0,0,0,0,0,0,0,0,0,0,0,0,0,0,0,0,0,0,0,0,0,0,0,0,0,0,0,0,0,0,0,0,0,0,0,0,0,0,0,0,0,0,0,0,0,0,0,0,0,0,0,0,0,0,0,0,0,0,0,0,0,0,0,0,0,0,0,0,0,0,0,0,0,0,0,0,0,0,0,0,0,0,0,0,0,0,0,0,0,0,0,0,0,0,0,0,0,0,0,0,0,0,0,0,0,0,0.00188598525710404,0.00382087775506079,0,0,0,0,0,0,0,0,0,0,0,0,0,0,0,0,0,0,0,0,0,0,0,0,0,0,0,0,0,0,0,0,0,0,0,0,0,0,0,0,0.0338282994925976,0.05332325771451,0.0531245432794094,0.0416688993573189,0.053366482257843,0.129516780376434,0.17333459854126,0.119441457092762,0,0,0.0418656915426254,0.202073156833649,0.220322698354721,0.156209260225296,0.186477065086365,0.320511043071747,0.437978059053421,0.386867225170135,0.499075770378113,0.398165047168732,0.315933138132095,0.351134091615677,0.506330907344818,0.464803427457809,0.274922072887421,0.314881652593613,0.267926305532455,0,0.463070243597031,0.411266654729843,0.457211047410965,0.688345372676849,0.386588603258133,0.371266305446625,0.505584180355072,0.689157128334045,0.401202291250229,0.452712446451187,0.705853462219238,0.845000624656677,0.831240296363831,0.771436810493469,0.929846584796906,0.729629397392273,0.496327042579651,0.579270482063293,0.623911738395691,0.524197280406952,0.669620513916016,0.611828744411469,0.578165173530579,0.411029636859894,0.458528101444244,0.538569450378418,0.715324759483337,0.842436790466309,0.910163283348083,0.977858364582062,0.904623210430145,0.884370028972626,0.867678642272949,0.728914320468903,0.356521487236023,0.140652358531952,0.304717630147934,0.603116631507874,0.800706624984741,0.826465010643005,0.943888247013092,1.09777367115021,0.964398622512817,0.814057588577271,1.05606889724731,0.630910217761993,0.343744516372681,0.396880984306335,0.821485579013824,0.806061804294586,0.671038329601288,1.05426943302155,1.14971101284027,0.941572844982147,0.840196371078491,0.843899428844452,1.01555347442627,0.894680559635162,0.459742069244385,0.529530346393585,0.838337421417236,0.710391283035278,0.740842223167419,0.535549819469452,0.481324225664139,0.551692128181458,0.757745683193207,0.977921009063721,1.11003065109253,1.01591181755066,0.945992827415466,0.747879922389984,0,0.421695798635483,0.4998799264431,0.793278932571411,1.05255103111267,0.953354358673096,0.900972902774811,1.04507219791412,0.949734032154083,1.04207527637482,1.30256474018097,1.21236002445221,0.190462872385979,0,0,0,0.670346915721893,1.03901445865631,0.633836925029755,0.377287238836288,0.294733285903931,0,0,0,0,0,0,0,0,0,0,0,0,0,0,0,0,0,0,0.227701008319855,0.561639428138733,0.759762704372406,0,0,0.383198797702789,0,0,0,0,0,0,0,0,0,0,0.13257098197937,0.413565516471863,0.432542145252228,0.591192483901978,0,0,0.321311801671982,0,0,0,0,0,0.140931248664856,0,0,0,0,0,0,0,0,0,0,0,0,0,0,0,0,0,0,0,0,0,0,0,0,0,0,0,0,0,0,0,0,90
Gelsenkirchen,0,0,0,0,0,0,0,0,0,0,0,0,0,0,0,0,0,0,0,0,0,0,0,0,0,0,0,0,0,0,0,0,0,0,0,0,0,0,0,0,0,0,0,0,0,0,0,0,0,0,0,0,0,0,0,0,0,0,0,0,0,0,0,0,0,0,0,0,0,0,0,0,0,0,0,0,0,0,0,0,0,0,0,0,0,0,0,0,0,0,0,0,0,0,0,0,0,0,0,0,0,0,0,0,0,0,0,0,0,0,0,0,0,0,0,0,0,0,0,0,0,0,0,0.00155561114661396,0.00342896720394492,0,0,0,0,0,0,0,0,0,0,0,0,0,0,0,0,0,0,0,0,0,0,0,0,0,0,0,0,0,0,0,0,0,0,0,0,0,0,0,0,0.0322329476475716,0.0491960272192955,0.0502905435860157,0.0397236309945583,0.0474792569875717,0.121214352548122,0.165234193205833,0.115465588867664,0,0,0,0.184835314750671,0.211612850427628,0.148350670933723,0.169585019350052,0.304887861013412,0.416746318340302,0.377829849720001,0.485591858625412,0.389098078012466,0.302992790937424,0.337943464517593,0.482211142778397,0.452481359243393,0.262069195508957,0.288486838340759,0.248457878828049,0,0.446959763765335,0.392021864652634,0.433643788099289,0.672552466392517,0.386623829603195,0.357723772525787,0.478789031505585,0.668220639228821,0.398189038038254,0.435791701078415,0.693938493728638,0.828463494777679,0.817181348800659,0.747052371501923,0.915642619132996,0.719624400138855,0.482980906963348,0.571559309959412,0.610162496566772,0.505579829216003,0.654308140277863,0.600796699523926,0.567706286907196,0.390320181846619,0.444632560014725,0.530124604701996,0.699111938476563,0.824207723140717,0.886715292930603,0.969741523265839,0.898387014865875,0.875710070133209,0.855180382728577,0.712572753429413,0.337939500808716,0,0.22749999165535,0.577985823154449,0.7803595662117,0.807122051715851,0.913600862026215,1.07586324214935,0.956304311752319,0.806940078735352,1.02751207351685,0.623081207275391,0.331255108118057,0.350196480751038,0.789216816425323,0.792354583740234,0.660441756248474,1.0379467010498,1.14253079891205,0.930740416049957,0.830213248729706,0.82977420091629,1.00122511386871,0.88443922996521,0.42252054810524,0.514613091945648,0.809871435165405,0.674632430076599,0.724202930927277,0.510531961917877,0.355197668075562,0.503597676753998,0.749441504478455,0.944727718830109,1.08689618110657,1.0109452009201,0.937335431575775,0.730832934379578,0,0.393107682466507,0.377798855304718,0.744154930114746,1.0104386806488,0.925370395183563,0.866858005523682,1.03024411201477,0.913665413856506,0.985722899436951,1.26010251045227,1.19473087787628,0,0,0,0,0.617638289928436,1.00308609008789,0.603980481624603,0.277107506990433,0.24444879591465,0,0,0,0,0,0,0,0,0,0,0,0,0,0,0,0,0,0,0,0.50990903377533,0.728476047515869,0,0,0.348611921072006,0,0,0,0,0,0,0,0,0,0,0,0.400341033935547,0.400904774665833,0.575604617595673,0,0,0.284563362598419,0,0,0,0,0,0.161455303430557,0,0,0,0,0,0,0,0,0,0,0,0,0,0,0,0,0,0,0,0,0,0,0,0,0,0,0,0,0,0,0,0,91
Münster,0,0,0,0,0,0,0,0,0,0,0,0,0,0,0,0,0,0,0,0,0,0,0,0,0,0,0,0,0,0,0,0,0,0,0,0,0,0,0,0,0,0,0,0,0,0,0,0,0,0,0,0,0,0,0,0,0,0,0,0,0,0,0,0,0,0,0,0,0,0,0,0,0,0,0,0,0,0,0,0,0,0,0,0,0,0,0,0,0,0,0,0,0,0,0,0,0,0,0,0,0,0,0,0,0,0,0,0,0,0,0,0,0,0,0,0,0,0,0,0,0,0,0,0.000996570684947073,0.00202347128652036,0,0,0,0,0,0,0,0,0,0,0,0,0,0,0,0,0,0,0,0,0,0,0,0,0,0,0,0,0,0,0,0,0,0,0,0,0,0,0,0,0.00511693395674229,0.0276950895786285,0.0395140498876572,0.032720185816288,0.0306939333677292,0.0945525318384171,0.136289611458778,0.104544788599014,0,0,0,0.152357682585716,0.167889952659607,0,0.126801922917366,0.241382732987404,0.349508225917816,0.321437299251556,0.405115485191345,0.344887882471085,0.258458584547043,0.219445899128914,0.391006380319595,0.401459068059921,0.218979850411415,0.208982706069946,0.203452050685883,0,0.344738185405731,0.311420232057571,0.348783165216446,0.548317611217499,0.33453494310379,0.28734102845192,0.352444410324097,0.561736881732941,0.327960252761841,0.340467721223831,0.566055119037628,0.69562816619873,0.647820591926575,0.565929532051086,0.787507295608521,0.624163389205933,0.44282004237175,0.440607607364655,0.476585805416107,0.376986771821976,0.533010363578796,0.451089680194855,0.450981140136719,0.365450143814087,0.369922310113907,0.433481752872467,0.546110391616821,0.642489492893219,0.745655417442322,0.807925641536713,0.699573278427124,0.686307907104492,0.650712311267853,0.554564714431763,0.18095526099205,0,0.175756543874741,0.452186971902847,0.627583146095276,0.642440855503082,0.708695292472839,0.889013886451721,0.78368216753006,0.655939042568207,0.800946831703186,0.518906831741333,0,0.301087498664856,0.646553933620453,0.663821756839752,0.526010572910309,0.800761878490448,0.908545732498169,0.741595447063446,0.697668790817261,0.680760264396667,0.81631475687027,0.704926192760468,0.33820453286171,0.393242478370667,0.615840911865234,0.552309572696686,0.531206369400024,0.501669049263,0,0.392382025718689,0.502586483955383,0.742368757724762,0.893093645572662,0.787399709224701,0.764710903167725,0.579266905784607,0,0.284232556819916,0,0.424599260091782,0.691308736801147,0.751364529132843,0.630587160587311,0.772973895072937,0.605877935886383,0.693196654319763,0.926772654056549,0.934210181236267,0.0532983355224133,0,0,0,0.292438894510269,0.687828838825226,0.439262926578522,0.144332110881805,0,0,0,0.0519374422729015,0,0,0,0,0,0,0,0,0,0,0,0,0,0,0,0,0.102689169347286,0.494386523962021,0,0,0.245971843600273,0,0,0,0,0,0,0,0,0,0,0,0.294909089803696,0.217575505375862,0.375843524932861,0,0,0,0,0,0,0,0,0,0,0,0,0,0,0,0,0,0,0,0,0,0,0,0,0,0,0,0,0,0,0,0,0,0,0,0,0,0,0,0,0,92
Borken,0,0,0,0,0,0,0,0,0,0,0,0,0,0,0,0,0,0,0,0,0,0,0,0,0,0,0,0,0,0,0,0,0,0,0,0,0,0,0,0,0,0,0,0,0,0,0,0,0,0,0,0,0,0,0,0,0,0,0,0,0,0,0,0,0,0,0,0,0,0,0,0,0,0,0,0,0,0,0,0,0,0,0,0,0,0,0,0,0,0,0,0,0,0,0,0,0,0,0,0,0,0,0,0,0,0,0,0,0,0,0,0,0,0,0,0,0,0,0,0,0,0,0,0.000271711614914238,0.000732740096282214,0,0,0,0,0,0,0,0,0,0,0,0,0,0,0,0,0,0,0,0,0,0,0,0,0,0,0,0,0,0,0,0,0,0,0,0,0,0,0,0,0.00424418784677982,0.014221322722733,0.014401625841856,0.00530441896989942,0.010094772092998,0.0415226183831692,0.0563932992517948,0.0400600805878639,0,0,0.00027610280085355,0.065902553498745,0.0686412081122398,0.0307270977646112,0.0622105710208416,0.1065519079566,0.148769229650497,0.133592918515205,0.166251301765442,0.1389040350914,0.108195528388023,0.0953481793403625,0.165009781718254,0.163497015833855,0.0886585265398026,0.0854222401976585,0.0762260034680367,0,0.142676264047623,0.130099877715111,0.145352125167847,0.227962628006935,0.123739056289196,0.110671617090702,0.146078407764435,0.23619419336319,0.128225475549698,0.14865842461586,0.23311673104763,0.287553340196609,0.27140200138092,0.240083754062653,0.313578009605408,0.247225567698479,0.168507233262062,0.1721470952034,0.187221899628639,0.148255452513695,0.2104402333498,0.182803362607956,0.167285710573196,0.142524182796478,0.134478762745857,0.159347712993622,0.223383352160454,0.265511810779572,0.301894783973694,0.312229812145233,0.270256787538528,0.26284795999527,0.260737299919128,0.217821061611176,0.0141639811918139,0.000947263848502189,0.010350639000535,0.181409478187561,0.243951663374901,0.249829038977623,0.2832872569561,0.352626413106918,0.299721121788025,0.24445715546608,0.319188982248306,0.179388374090195,0.0446427315473557,0.124412588775158,0.252587378025055,0.245021060109138,0.193113043904305,0.305916309356689,0.331665694713593,0.269916892051697,0.262054800987244,0.257316082715988,0.303791701793671,0.25640743970871,0.129486083984375,0.127068638801575,0.224662840366364,0.214752003550529,0.188572883605957,0.172876432538033,0.0986111089587212,0.157226085662842,0.159284055233002,0.282106131315231,0.32067283987999,0.289152145385742,0.255943387746811,0.210337966680527,0,0.0863606408238411,0.0164782665669918,0.187437981367111,0.279508680105209,0.277210593223572,0.2262012809515,0.26717084646225,0.228412076830864,0.269605696201324,0.346407175064087,0.332628667354584,0,0,0,0,0.12322560697794,0.275451600551605,0.145499989390373,0.0813402459025383,0.00112481624819338,0,0,0.00107968400698155,0,0,0,0,0,0,0,0,0,0,0,0,0,0,0,0.0103719541803002,0.053144421428442,0.197258800268173,0,0,0.0911868885159492,0,0,0,0,0,0,0,0,0,0,0.000687025487422943,0.0985307395458221,0.0895144864916801,0.154298067092896,0,0,0.0295395199209452,0,0,0,0,0,0,0,0,0,0,0,0,0,0,0,0,0,0,0,0,0,0,0,0,0,0,0,0,0,0,0,0,0,0,0,0,0,0,93
Coesfeld,0,0,0,0,0,0,0,0,0,0,0,0,0,0,0,0,0,0,0,0,0,0,0,0,0,0,0,0,0,0,0,0,0,0,0,0,0,0,0,0,0,0,0,0,0,0,0,0,0,0,0,0,0,0,0,0,0,0,0,0,0,0,0,0,0,0,0,0,0,0,0,0,0,0,0,0,0,0,0,0,0,0,0,0,0,0,0,0,0,0,0,0,0,0,0,0,0,0,0,0,0,0,0,0,0,0,0,0,0,0,0,0,0,0,0,0,0,0,0,0,0,0,0,0.000643926323391497,0.00146990129724145,0,0,0,0,0,0,0,0,0,0,0,0,0,0,0,0,0,0,0,0,0,0,0,0,0,0,0,0,0,0,0,0,0,0,0,0,0,0,0,0,0.0111825447529554,0.0251813512295485,0.030141357332468,0.0211926605552435,0.0193342883139849,0.0754521042108536,0.106749191880226,0.0789663195610046,0,0,0,0.117597006261349,0.129769667983055,0.0293004922568798,0.103413842618465,0.193446382880211,0.273879110813141,0.247282788157463,0.315987229347229,0.263849079608917,0.200069278478622,0.179875880479813,0.306388974189758,0.307875692844391,0.164252936840057,0.164210096001625,0.148906871676445,0,0.270149171352386,0.241954445838928,0.266580045223236,0.428137123584747,0.248828709125519,0.212867721915245,0.270762205123901,0.429791122674942,0.25019571185112,0.268566727638245,0.436514526605606,0.532002925872803,0.508287191390991,0.447783768177032,0.60137814283371,0.47605288028717,0.32944929599762,0.339504897594452,0.37483936548233,0.290842682123184,0.410629242658615,0.350672721862793,0.339815855026245,0.266746819019318,0.26998433470726,0.328409224748611,0.429097026586533,0.497476011514664,0.568813145160675,0.61329573392868,0.538214921951294,0.52806282043457,0.509526610374451,0.431438595056534,0.145628422498703,0,0.0106801772490144,0.346835523843765,0.478934675455093,0.490995526313782,0.544514358043671,0.674361288547516,0.592201173305511,0.492726892232895,0.607169032096863,0.374378889799118,0.0407399572432041,0.216449901461601,0.481527239084244,0.487241834402084,0.389887154102325,0.6087287068367,0.678951978683472,0.550029516220093,0.510520815849304,0.511091530323029,0.609291136264801,0.522841453552246,0.248364582657814,0.280018001794815,0.447131752967834,0.402307093143463,0.3907490670681,0.336219936609268,0.00992940925061703,0.289099276065826,0.372636437416077,0.555486083030701,0.646997332572937,0.588667392730713,0.546458899974823,0.424034923315048,0,0.193204209208488,0,0.347107917070389,0.538179874420166,0.55310982465744,0.47199559211731,0.560119390487671,0.458585619926453,0.514733493328094,0.680905878543854,0.67536872625351,0.00896825827658176,0,0,0,0.209672719240189,0.530906438827515,0.311103343963623,0.030854070559144,0.00651058787479997,0,0,0,0,0,0,0,0,0,0,0,0,0,0,0,0,0,0,0,0.142584383487701,0.382306545972824,0,0,0.178331166505814,0,0,0,0,0,0,0,0,0,0,0,0.207073226571083,0.163105875253677,0.291386991739273,0,0,0.00353811634704471,0,0,0,0,0,0,0,0,0,0,0,0,0,0,0,0,0,0,0,0,0,0,0,0,0,0,0,0,0,0,0,0,0,0,0,0,0,0,94
Recklinghausen,0,0,0,0,0,0,0,0,0,0,0,0,0,0,0,0,0,0,0,0,0,0,0,0,0,0,0,0,0,0,0,0,0,0,0,0,0,0,0,0,0,0,0,0,0,0,0,0,0,0,0,0,0,0,0,0,0,0,0,0,0,0,0,0,0,0,0,0,0,0,0,0,0,0,0,0,0,0,0,0,0,0,0,0,0,0,0,0,0,0,0,0,0,0,0,0,0,0,0,0,0,0,0,0,0,0,0,0,0,0,0,0,0,0,0,0,0,0,0,0,0,0,0,0.00100617064163089,0.00224103289656341,0,0,0,0,0,0,0,0,0,0,0,0,0,0,0,0,0,0,0,0,0,0,0,0,0,0,0,0,0,0,0,0,0,0,0,0,0,0,0,0,0.0224281195551157,0.0361144505441189,0.0383494384586811,0.0294866375625134,0.0323565006256104,0.0939277112483978,0.130012080073357,0.0931667536497116,0,0,8.41393630253151e-05,0.143412411212921,0.162402704358101,0.102343089878559,0.131147846579552,0.238441705703735,0.329167932271957,0.297112703323364,0.382001608610153,0.311276227235794,0.240214243531227,0.246714755892754,0.373309731483459,0.360100001096725,0.200829461216927,0.213719934225082,0.193359851837158,0,0.340607166290283,0.299574673175812,0.325861990451813,0.521330893039703,0.302506238222122,0.269379049539566,0.346084922552109,0.517605602741241,0.310948818922043,0.335459679365158,0.529182970523834,0.638647973537445,0.621146559715271,0.558541357517242,0.707665383815765,0.562148809432983,0.380399793386459,0.424944460391998,0.463080435991287,0.368969768285751,0.498029291629791,0.443123042583466,0.41968697309494,0.305658012628555,0.333579361438751,0.400134980678558,0.524406969547272,0.609850525856018,0.673812925815582,0.733751535415649,0.666932582855225,0.651444256305695,0.633698642253876,0.532248735427856,0.236538901925087,0.000282675377093256,0.0209168717265129,0.429877787828445,0.58298933506012,0.598540782928467,0.667355120182037,0.803134381771088,0.713429570198059,0.597328424453735,0.748126983642578,0.454156190156937,0.223733857274055,0.240154653787613,0.580783069133759,0.584710121154785,0.481422632932663,0.75670462846756,0.833477973937988,0.674096286296844,0.611653566360474,0.611505568027496,0.737216055393219,0.642715334892273,0.297643601894379,0.355330348014832,0.559635400772095,0.481077700853348,0.506033182144165,0.374058187007904,0.189433366060257,0.360827535390854,0.502232491970062,0.674218952655792,0.781597375869751,0.727658808231354,0.668090462684631,0.519677817821503,0,0.274719148874283,0.109004698693752,0.487204164266586,0.697655260562897,0.670521020889282,0.596158802509308,0.714603185653687,0.60981410741806,0.662222027778625,0.864751815795898,0.836568295955658,0.00038278178544715,0,0,0,0.37312451004982,0.695125043392181,0.41020330786705,0.121899656951427,0.0174545310437679,0,0,0,0,0,0,0,0,0,0,0,0,0,0,0,0,0,0,0.00508390925824642,0.299762785434723,0.500008821487427,0,0,0.240513041615486,0,0,0,0,0,0,0,0,0,0,0.000266433838987723,0.269326716661453,0.243208676576614,0.389479845762253,0,0,0.138345181941986,0,0,0,0,0,0.0198321361094713,0,0,0,0,0,0,0,0,0,0,0,0,0,0,0,0,0,0,0,0,0,0,0,0,0,0,0,0,0,0,0,0,95
Steinfurt,0,0,0,0,0,0,0,0,0,0,0,0,0,0,0,0,0,0,0,0,0,0,0,0,0,0,0,0,0,0,0,0,0,0,0,0,0,0,0,0,0,0,0,0,0,0,0,0,0,0,0,0,0,0,0,0,0,0,0,0,0,0,0,0,0,0,0,0,0,0,0,0,0,0,0,0,0,0,0,0,0,0,0,0,0,0,0,0,0,0,0,0,0,0,0,0,0,0,0,0,0,0,0,0,0,0,0,0,0,0,0,0,0,0,0,0,0,0,0,0,0,0,0,0.00055434339446947,0.00147862487938255,0,0,0,0,0,0,0,0,0,0,0,0,0,0,0,0,0,0,0,0,0,0,0,0,0,0,0,0,0,0,0,0,0,0,0,0,0,0,0,0,0,0.0143487630411983,0.0285795815289021,0.0225371718406677,0.012630739249289,0.0746946483850479,0.107406884431839,0.0827400535345078,0,0,0,0.120600968599319,0.130015581846237,0,0.100822448730469,0.189166054129601,0.278207629919052,0.263436943292618,0.312639564275742,0.275079190731049,0.205892264842987,0.151712954044342,0.308526903390884,0.32567036151886,0.179676204919815,0.145940169692039,0.158876299858093,0,0.260165095329285,0.2379399985075,0.272851437330246,0.425355583429337,0.255172550678253,0.226196736097336,0.27221867442131,0.451347768306732,0.254984587430954,0.263135969638824,0.446525245904922,0.559186041355133,0.502231299877167,0.431754916906357,0.618718862533569,0.484868049621582,0.340961456298828,0.327260583639145,0.344037175178528,0.276913911104202,0.39880844950676,0.340577572584152,0.335431784391403,0.291391313076019,0.284627258777618,0.313772886991501,0.399551719427109,0.48857656121254,0.579477906227112,0.619808793067932,0.519680440425873,0.495326936244965,0.482063084840775,0.409709274768829,0.0410189442336559,0,0.159010693430901,0.346050709486008,0.465491652488708,0.482641041278839,0.530057370662689,0.683436036109924,0.586882650852203,0.486625343561172,0.607663035392761,0.382367461919785,0.0361432619392872,0.243390500545502,0.492504864931107,0.501822531223297,0.380567967891693,0.581186473369598,0.660581946372986,0.549943268299103,0.532068967819214,0.502521395683289,0.603164970874786,0.509372174739838,0.252028942108154,0.262862116098404,0.44983834028244,0.419999867677689,0.371679872274399,0.402025431394577,0.0171173848211765,0.293177932500839,0.313252538442612,0.541731297969818,0.655657112598419,0.561407923698425,0.541631758213043,0.428675621747971,0,0.141082510352135,0,0.278332650661469,0.488141566514969,0.548366129398346,0.435527682304382,0.542271912097931,0.428277909755707,0.506918728351593,0.673454225063324,0.670443713665009,0.00609259400516748,0,0,0,0.0728353261947632,0.480484932661057,0.289610952138901,0.112431764602661,0,0,0,0.0776315331459045,0,0,0,0,0,0,0,0,0,0,0,0,0,0,0,0,0,0.332720398902893,0,0,0.14196702837944,0,0,0,0,0,0,0,0,0,0,0,0.203914508223534,0.128120705485344,0.259935230016708,0,0,0,0,0,0,0,0,0,0,0,0,0,0,0,0,0,0,0,0,0,0,0,0,0,0,0,0,0,0,0,0,0,0,0,0,0,0,0,0,0,96
Warendorf,0,0,0,0,0,0,0,0,0,0,0,0,0,0,0,0,0,0,0,0,0,0,0,0,0,0,0,0,0,0,0,0,0,0,0,0,0,0,0,0,0,0,0,0,0,0,0,0,0,0,0,0,0,0,0,0,0,0,0,0,0,0,0,0,0,0,0,0,0,0,0,0,0,0,0,0,0,0,0,0,0,0,0,0,0,0,0,0,0,0,0,0,0,0,0,0,0,0,0,0,0,0,0,0,0,0,0,0,0,0,0,0,0,0,0,0,0,0,0,0,0,0,0,0.000769320176914334,0.00182502216193825,0,0,0,0,0,0,0,0,0,0,0,0,0,0,0,0,0,0,0,0,0,0,0,0,0,0,0,0,0,0,0,0,0,0,0,0,0,0,0,0,7.60033581173047e-05,0.0176538843661547,0.0321907997131348,0.0300062950700521,0.029194813221693,0.0751961767673492,0.110187351703644,0.0911637395620346,0,0,0,0.119558051228523,0.140992879867554,0,0.0951724722981453,0.188375905156136,0.279678463935852,0.259122103452682,0.334071516990662,0.284516960382462,0.204166620969772,0.175233155488968,0.317570954561234,0.323813140392303,0.176880463957787,0.173643305897713,0.15114463865757,0,0.271019488573074,0.248439639806747,0.282524764537811,0.453005313873291,0.271511167287827,0.22339129447937,0.271468818187714,0.445762068033218,0.254296272993088,0.243337213993073,0.450521409511566,0.558785736560822,0.521092176437378,0.446799695491791,0.633958041667938,0.499573081731796,0.35596552491188,0.354027897119522,0.36672455072403,0.293944120407104,0.429349362850189,0.357113063335419,0.359010457992554,0.274444043636322,0.285083502531052,0.349850952625275,0.42133629322052,0.508614659309387,0.582916557788849,0.643315732479095,0.561735570430756,0.549024403095245,0.516163468360901,0.441039651632309,0.136317491531372,0,0.146667718887329,0.32349106669426,0.487851709127426,0.502642810344696,0.54684442281723,0.692268669605255,0.62107640504837,0.527264475822449,0.633890211582184,0.425673753023148,0,0.1865014731884,0.49005976319313,0.515605866909027,0.415068835020065,0.634183049201965,0.726121604442596,0.589581847190857,0.564222395420074,0.541747510433197,0.641608357429504,0.556431293487549,0.25369518995285,0.321877866983414,0.495056748390198,0.452380210161209,0.448723703622818,0.401976555585861,0,0.27269521355629,0.422861218452454,0.566342234611511,0.719051659107208,0.625164210796356,0.618182063102722,0.454237461090088,0.0137656293809414,0.0712639316916466,0,0.318642526865005,0.523214101791382,0.585687696933746,0.505042195320129,0.617443203926086,0.478861123323441,0.53939026594162,0.731803417205811,0.755538940429688,0.19985456764698,0,0,0,0.259747624397278,0.535279214382172,0.335168331861496,0.0256777107715607,0.0488033443689346,0,0,0.058043971657753,0,0,0,0,0,0,0,0,0,0,0,0,0,0,0,0,0.0497237034142017,0.385646909475327,0,0,0.170735508203506,0,0,0,0,0,0,0,0,0,0,0,0.239325195550919,0.205346509814262,0.310853719711304,0,0,0,0,0,0,0,0,0.00750449346378446,0,0,0,0,0,0,0,0,0,0,0,0,0,0,0,0,0,0,0,0,0,0,0,0,0,0,0,0,0,0,0,0,97
Bielefeld,0,0,0,0,0,0,0,0,0,0,0,0,0,0,0,0,0,0,0,0,0,0,0,0,0,0,0,0,0,0,0,0,0,0,0,0,0,0,0,0,0,0,0,0,0,0,0,0,0,0,0,0,0,0,0,0,0,0,0,0,0,0,0,0,0,0,0,0,0,0,0,0,0,0,0,0,0,0,0,0,0,0,0,0,0,0,0,0,0,0,0,0,0,0,0,0,0,0,0,0,0,0,0,0,0,0,0,0,0,0,0,0,0,0,0,0,0,0,0,0,0,0,0,0.000345491571351886,0.00162065227050334,0,0,0,0,0,0,0,0,0,0,0,0,0,0,0,0,0,0,0,0,0,0,0,0,0,0,0,0,0,0,0,0,0,0,0,0,0,0,0,0,0,0,0.0248922575265169,0.0322896726429462,0.0254839546978474,0.0668705478310585,0.108718723058701,0.101675070822239,0,0,0,0.11116860806942,0.136340335011482,0,0.0419902317225933,0.172650694847107,0.285034477710724,0.277009069919586,0.343025535345078,0.298768609762192,0.195130124688148,0.127018049359322,0.309331446886063,0.36360839009285,0.180455401539803,0.144744873046875,0.075529545545578,0,0.25970458984375,0.27450829744339,0.280148148536682,0.490680575370789,0.290271252393723,0.210549801588058,0.259127467870712,0.479886621236801,0.253813743591309,0.0149691747501493,0.477914243936539,0.605500221252441,0.542452991008759,0.445147573947906,0.693487763404846,0.534893393516541,0.39810836315155,0.360670655965805,0.354473233222961,0.279279351234436,0.459129065275192,0.32837438583374,0.357904613018036,0.252446383237839,0.27730268239975,0.368821948766708,0.420012533664703,0.533325791358948,0.631677627563477,0.713269054889679,0.608595311641693,0.571033656597137,0.542795419692993,0.470966249704361,0.0159386582672596,0,0.10139936953783,0.303194105625153,0.493753224611282,0.53889262676239,0.570727407932281,0.738903045654297,0.658486068248749,0.588437378406525,0.662944972515106,0.47443288564682,0,0,0.462228864431381,0.554832279682159,0.434889227151871,0.68247652053833,0.807887732982635,0.652887880802155,0.628586828708649,0.597776114940643,0.699357032775879,0.619013071060181,0.329684644937515,0.32683140039444,0.507359862327576,0.519237458705902,0.480923265218735,0.397896826267242,0,0,0.401046931743622,0.567360818386078,0.824358582496643,0.665242850780487,0.683389961719513,0.490323930978775,0,0,0,0.0204511638730764,0.486288487911224,0.62308943271637,0.511594653129578,0.662790298461914,0.490413248538971,0.543747305870056,0.761255860328674,0.838863730430603,0.288355588912964,0,0,0,0,0.468052446842194,0.295591741800308,0,0,0,0,0.0174584966152906,0,0,0,0,0,0,0,0,0,0,0,0,0,0,0,0,0,0.359417587518692,0,0,0,0,0,0,0,0,0,0,0,0,0,0,0.265884667634964,0.198137551546097,0.325019985437393,0,0,0,0,0,0,0,0,0,0,0,0,0,0,0,0,0,0,0,0,0,0,0,0,0,0,0,0,0,0,0,0,0,0,0,0,0,0,0,0,0,98
Gütersloh,0,0,0,0,0,0,0,0,0,0,0,0,0,0,0,0,0,0,0,0,0,0,0,0,0,0,0,0,0,0,0,0,0,0,0,0,0,0,0,0,0,0,0,0,0,0,0,0,0,0,0,0,0,0,0,0,0,0,0,0,0,0,0,0,0,0,0,0,0,0,0,0,0,0,0,0,0,0,0,0,0,0,0,0,0,0,0,0,0,0,0,0,0,0,0,0,0,0,0,0,0,0,0,0,0,0,0,0,0,0,0,0,0,0,0,0,0,0,0,0,0,0,0,0.000446928723249584,0.00151174375787377,0,0,0,0,0,0,0,0,0,0,0,0,0,0,0,0,0,0,0,0,0,0,0,0,0,0,0,0,0,0,0,0,0,0,0,0,0,0,0,0,0,0.000396614777855575,0.0248422753065825,0.0290337912738323,0.0252225529402494,0.0636567398905754,0.0986283123493195,0.0901802703738213,0,0,0,0.1034941598773,0.126471474766731,0,0.0647781789302826,0.160713583230972,0.255030930042267,0.244624361395836,0.309289753437042,0.268626153469086,0.182367131114006,0.134016588330269,0.286785453557968,0.316921293735504,0.164280757308006,0.144696772098541,0.11923898011446,0,0.242832615971565,0.237131789326668,0.257187217473984,0.436962366104126,0.259512633085251,0.194549277424812,0.233380228281021,0.423609912395477,0.231255322694778,0.138326838612556,0.422327160835266,0.535101592540741,0.487893730401993,0.40521165728569,0.613245368003845,0.478040844202042,0.349501222372055,0.33144536614418,0.323224693536758,0.260657489299774,0.410476267337799,0.311278104782104,0.330379635095596,0.236219301819801,0.258897036314011,0.334760546684265,0.382690101861954,0.47639274597168,0.555543184280396,0.627646863460541,0.541361212730408,0.517230987548828,0.4868985414505,0.422193229198456,0.0838138684630394,0,0.113296829164028,0.281091779470444,0.451744198799133,0.477119088172913,0.511586546897888,0.659888744354248,0.592304587364197,0.519069969654083,0.600980401039124,0.423079133033752,0,0.0532505959272385,0.431889027357101,0.496214747428894,0.396931499242783,0.611686527729034,0.715444266796112,0.577890515327454,0.558223605155945,0.529865026473999,0.623397767543793,0.548647820949554,0.275393635034561,0.30212676525116,0.464345067739487,0.455759853124619,0.438083380460739,0.379413723945618,0,0.0731371641159058,0.386351764202118,0.520764052867889,0.728724658489227,0.602566659450531,0.609269857406616,0.44508570432663,0.0117013966664672,0,0,0.184682250022888,0.461770415306091,0.561777651309967,0.470224976539612,0.599211513996124,0.448244631290436,0.499182432889938,0.694289326667786,0.751013457775116,0.251418918371201,0,0,0,0.0704794973134995,0.458920389413834,0.2905493080616,0,0.00612727645784616,0,0,0.0810189917683601,0,0,0,0,0,0,0,0,0,0,0,0,0,0,0,0,0,0.345204800367355,0,0,0.0388815850019455,0,0,0,0,0,0,0,0,0,0,0,0.241402626037598,0.190669059753418,0.300017565488815,0,0,0,0,0,0,0,0,0,0,0,0,0,0,0,0,0,0,0,0,0,0,0,0,0,0,0,0,0,0,0,0,0,0,0,0,0,0,0,0,0,99
Herford,0,0,0,0,0,0,0,0,0,0,0,0,0,0,0,0,0,0,0,0,0,0,0,0,0,0,0,0,0,0,0,0,0,0,0,0,0,0,0,0,0,0,0,0,0,0,0,0,0,0,0,0,0,0,0,0,0,0,0,0,0,0,0,0,0,0,0,0,0,0,0,0,0,0,0,0,0,0,0,0,0,0,0,0,0,0,0,0,0,0,0,0,0,0,0,0,0,0,0,0,0,0,0,0,0,0,0,0,0,0,0,0,0,0,0,0,0,0,0,0,0,0,0,0.000324949302012101,0.00156307104043663,0,0,0,0,0,0,0,0,0,0,0,0,0,0,0,0,0,0,0,0,0,0,0,0,0,0,0,0,0,0,0,0,0,0,0,0,0,0,0,0,0,0,0.0230534840375185,0.0294239018112421,0.0233632437884808,0.0612142980098724,0.0994199141860008,0.0923392549157143,0,0,0,0.0996055826544762,0.122924409806728,0,0.0494199581444263,0.153605625033379,0.259690403938293,0.255734801292419,0.302190780639648,0.26931431889534,0.177564054727554,0.0983335301280022,0.275432109832764,0.330384939908981,0.174180537462234,0.142037317156792,0.140769481658936,0,0.225431725382805,0.254417032003403,0.257421165704727,0.432126998901367,0.259821087121964,0.203323870897293,0.238200515508652,0.428672045469284,0.22950579226017,0.1037662550807,0.434518814086914,0.548584997653961,0.477443933486938,0.388127237558365,0.61608350276947,0.47770032286644,0.356716811656952,0.317722886800766,0.312003672122955,0.241075918078423,0.401543766260147,0.300660163164139,0.320389062166214,0.23632250726223,0.25399461388588,0.328840464353561,0.363905549049377,0.456030339002609,0.558461248874664,0.631800830364227,0.531799674034119,0.490722179412842,0.46968150138855,0.416423410177231,0.000702807388734072,0,0.17204162478447,0.280565857887268,0.433284848928452,0.471001505851746,0.495277255773544,0.653222799301147,0.573198974132538,0.515479564666748,0.580068230628967,0.431565374135971,0,0.0946772769093513,0.415560245513916,0.495876997709274,0.378645718097687,0.598716557025909,0.709568560123444,0.579353034496307,0.556223630905151,0.528182625770569,0.614503681659698,0.542506814002991,0.28747084736824,0.296610713005066,0.450274437665939,0.461616575717926,0.424613267183304,0.349317938089371,0,0,0.332872658967972,0.491952151060104,0.721039593219757,0.572941720485687,0.596320390701294,0.437461763620377,0,0,0,0,0.405371010303497,0.552477478981018,0.44633874297142,0.572062253952026,0.426596790552139,0.471102595329285,0.667109906673431,0.738733649253845,0.27412211894989,0,0,0,0,0.403309106826782,0.271086722612381,0,0,0,0,0,0,0,0,0,0,0,0,0,0,0,0,0,0,0,0,0,0,0.310698717832565,0.000754357955884188,0,0,0,0,0,0,0,0,0,0,0,0,0,0.234181478619576,0.178120911121368,0.282778233289719,0,0,0,0,0,0,0,0,0,0,0,0,0,0,0,0,0,0,0,0,0,0,0,0,0,0,0,0,0,0,0,0,0,0,0,0,0,0,0,0,0,100
Höxter,0,0,0,0,0,0,0,0,0,0,0,0,0,0,0,0,0,0,0,0,0,0,0,0,0,0,0,0,0,0,0,0,0,0,0,0,0,0,0,0,0,0,0,0,0,0,0,0,0,0,0,0,0,0,0,0,0,0,0,0,0,0,0,0,0,0,0,0,0,0,0,0,0,0,0,0,0,0,0,0,0,0,0,0,0,0,0,0,0,0,0,0,0,0,0,0,0,0,0,0,0,0,0,0,0,0,0,0,0,0,0,0,0,0,0,0,0,0,0,0,0,0,0,0,4.72302162961569e-05,0,0,0,0,0,0,0,0,0,0,0,0,0,0,0,0,0,0,0,0,0,0,0,0,0,0,0,0,0,0,0,0,0,0,0,0,0,0,0,0,0,0,0,0.00470720464363694,0,0.0266950186342001,0.0480632595717907,0.0459198206663132,0,0,0,0.0255509167909622,0.0658509284257889,0,0,0.0934635400772095,0.135228306055069,0.144005239009857,0.183166891336441,0.157914340496063,0.097541518509388,0.0844927504658699,0.159718334674835,0.180802240967751,0.0720943436026573,0.077263243496418,0,0,0.0633488446474075,0.100281283259392,0.136316701769829,0.25949627161026,0.178357854485512,0.069412425160408,0.144798532128334,0.256854355335236,0.128583863377571,0,0.268889904022217,0.332400023937225,0.33161461353302,0.281942069530487,0.363324284553528,0.294463753700256,0.224284693598747,0.227077066898346,0.190341979265213,0.182441011071205,0.259084939956665,0.16265381872654,0.194622486829758,0,0.063152477145195,0.216696456074715,0.24229134619236,0.305953085422516,0.356442213058472,0.409952044487,0.367699235677719,0.346883893013,0.324202984571457,0.296349316835403,0,0,0,0,0.242222338914871,0.286779075860977,0.323474496603012,0.42900475859642,0.355400145053864,0.34821605682373,0.369580626487732,0.28247144818306,0,0,0.15214729309082,0.264169454574585,0.22181598842144,0.380641520023346,0.463985651731491,0.379323899745941,0.355067372322083,0.372208535671234,0.394503206014633,0.340967983007431,0.120677217841148,0.119710110127926,0.244503706693649,0.280764907598495,0.25971931219101,0.107346765697002,0,0,0.229470819234848,0.299419373273849,0.429803520441055,0.363456159830093,0.368808686733246,0.256094872951508,0,0,0,0,0.205905213952065,0.303773492574692,0.258617162704468,0.3559610247612,0.270139366388321,0.250683188438416,0.38752618432045,0.451412826776505,0.187447771430016,0,0,0,0,0.194773524999619,0.137085765600204,0,0,0,0,0,0,0,0,0,0,0,0,0,0,0,0,0,0,0,0,0,0,0.151942074298859,0.0744768008589745,0,0,0,0,0,0,0,0,0,0,0,0,0,0.103806011378765,0.0130286710336804,0.0287587903439999,0,0,0,0,0,0,0,0,0,0,0,0,0,0,0,0,0,0,0,0,0,0,0,0,0,0,0,0,0,0,0,0,0,0,0,0,0,0,0,0,0,101
Lippe,0,0,0,0,0,0,0,0,0,0,0,0,0,0,0,0,0,0,0,0,0,0,0,0,0,0,0,0,0,0,0,0,0,0,0,0,0,0,0,0,0,0,0,0,0,0,0,0,0,0,0,0,0,0,0,0,0,0,0,0,0,0,0,0,0,0,0,0,0,0,0,0,0,0,0,0,0,0,0,0,0,0,0,0,0,0,0,0,0,0,0,0,0,0,0,0,0,0,0,0,0,0,0,0,0,0,0,0,0,0,0,0,0,0,0,0,0,0,0,0,0,0,0,7.99519984866492e-05,0.000953979848418385,0,0,0,0,0,0,0,0,0,0,0,0,0,0,0,0,0,0,0,0,0,0,0,0,0,0,0,0,0,0,0,0,0,0,0,0,0,0,0,0,0,0,0.00820820312947035,0.0178740844130516,0.00823669228702784,0.0402619801461697,0.0672282502055168,0.0638899430632591,0,0,0,0.0606596805155277,0.0897335484623909,0,0.0016118980711326,0.112753562629223,0.179148390889168,0.18106210231781,0.221900418400764,0.193297535181046,0.118339166045189,0.0832238495349884,0.199698016047478,0.238778620958328,0.112894415855408,0.107456997036934,0.0342958234250546,0,0.138958930969238,0.177031710743904,0.18364879488945,0.320858746767044,0.193739414215088,0.111250475049019,0.177321821451187,0.318879038095474,0.158976763486862,0.00331956031732261,0.315508604049683,0.39978489279747,0.372783601284027,0.305218070745468,0.453181058168411,0.345191180706024,0.260235279798508,0.234984949231148,0.222738862037659,0.202585324645042,0.300849407911301,0.20296023786068,0.226830750703812,0.0496126152575016,0.139334350824356,0.248431757092476,0.27314829826355,0.353680521249771,0.423184216022491,0.470150083303452,0.409677863121033,0.377747535705566,0.363738477230072,0.317436754703522,0.00370700983330607,0,0.0454781018197536,0.0580748580396175,0.304700821638107,0.337761521339417,0.379848003387451,0.50005704164505,0.417580664157867,0.391006290912628,0.430733323097229,0.32193061709404,0,0,0.246812492609024,0.338464677333832,0.263361066579819,0.439623326063156,0.533346056938171,0.434463918209076,0.415118515491486,0.409485220909119,0.457267045974731,0.398310899734497,0.192244485020638,0.191361412405968,0.326015383005142,0.360945492982864,0.303985416889191,0.200413689017296,0,0,0.24814660847187,0.372988611459732,0.538196086883545,0.424847602844238,0.449710756540298,0.310878962278366,0,0,0,0,0.298205226659775,0.395325422286987,0.326631426811218,0.423804610967636,0.31635382771492,0.340116530656815,0.489690840244293,0.552247643470764,0.198562398552895,0,0,0,0,0.271939873695374,0.173814848065376,0,0,0,0,0,0,0,0,0,0,0,0,0,0,0,0,0,0,0,0,0,0,0.217296525835991,0.0274714604020119,0,0,0,0,0,0,0,0,0,0,0,0,0,0.151016190648079,0.114710949361324,0.167873933911324,0,0,0,0,0,0,0,0,0,0,0,0,0,0,0,0,0,0,0,0,0,0,0,0,0,0,0,0,0,0,0,0,0,0,0,0,0,0,0,0,0,102
Minden-Lübbecke,0,0,0,0,0,0,0,0,0,0,0,0,0,0,0,0,0,0,0,0,0,0,0,0,0,0,0,0,0,0,0,0,0,0,0,0,0,0,0,0,0,0,0,0,0,0,0,0,0,0,0,0,0,0,0,0,0,0,0,0,0,0,0,0,0,0,0,0,0,0,0,0,0,0,0,0,0,0,0,0,0,0,0,0,0,0,0,0,0,0,0,0,0,0,0,0,0,0,0,0,0,0,0,0,0,0,0,0,0,0,0,0,0,0,0,0,0,0,0,0,0,0,0,0.000349049601936713,0.00138601160142571,0,0,0,0,0,0,0,0,0,0,0,0,0,0,0,0,0,0,0,0,0,0,0,0,0,0,0,0,0,0,0,0,0,0,0,0,0,0,0,0,0,0.00258542085066438,0.0226517133414745,0.0277970023453236,0.0222072601318359,0.0578535795211792,0.0925321578979492,0.0859512612223625,0.00596851157024503,0,0,0.0913633033633232,0.114530116319656,0,0.0641542971134186,0.137651488184929,0.23876565694809,0.240956291556358,0.268248498439789,0.248409286141396,0.170386761426926,0.033972293138504,0.250898718833923,0.301461070775986,0.178494513034821,0.148918583989143,0.170454800128937,0,0.203648209571838,0.238891124725342,0.240083679556847,0.383849233388901,0.241813793778419,0.201143488287926,0.223630845546722,0.387201309204102,0.217891246080399,0.163138553500175,0.397184818983078,0.503043830394745,0.427136242389679,0.340359777212143,0.548184275627136,0.435111433267593,0.328850537538528,0.292688965797424,0.279728502035141,0.212910264730453,0.356594055891037,0.291063815355301,0.299597918987274,0.23348343372345,0.246521785855293,0.301668554544449,0.319714546203613,0.388449370861053,0.494907051324844,0.566689848899841,0.471116721630096,0.425275295972824,0.403688788414001,0.380263984203339,0.0544320344924927,0,0.200870409607887,0.275166124105453,0.391990125179291,0.416026771068573,0.431525319814682,0.585548102855682,0.507300913333893,0.457625895738602,0.512197375297546,0.408807098865509,0.0282053034752607,0.15079365670681,0.384456425905228,0.454276382923126,0.343263953924179,0.535914540290833,0.633279740810394,0.525925874710083,0.504726409912109,0.482241660356522,0.552249372005463,0.484482824802399,0.258656620979309,0.288287192583084,0.414246082305908,0.419203966856003,0.393161296844482,0.3243687748909,0,0.0927211567759514,0.287783473730087,0.43262991309166,0.642638266086578,0.502567172050476,0.530594527721405,0.411301642656326,0.0370813272893429,0,0.0310439188033342,0.00416037999093533,0.343523144721985,0.503417372703552,0.399908006191254,0.500186681747437,0.38250195980072,0.415800839662552,0.598741352558136,0.667123079299927,0.283628761768341,0,0,0,0,0.366365522146225,0.279463440179825,0,0,0,0,0.109547317028046,0,0,0,0,0,0,0,0,0,0,0,0,0,0,0,0,0,0.281403452157974,0.0580656975507736,0,0,0,0,0,0,0,0,0,0,0,0,0,0.211777716875076,0.164781510829926,0.248596176505089,0.0187606178224087,0,0,0,0,0,0,0,0,0,0,0,0,0,0,0,0,0,0,0,0,0,0,0,0,0,0,0,0,0,0,0,0,0,0,0,0,0,0,0,0,103
Paderborn,0,0,0,0,0,0,0,0,0,0,0,0,0,0,0,0,0,0,0,0,0,0,0,0,0,0,0,0,0,0,0,0,0,0,0,0,0,0,0,0,0,0,0,0,0,0,0,0,0,0,0,0,0,0,0,0,0,0,0,0,0,0,0,0,0,0,0,0,0,0,0,0,0,0,0,0,0,0,0,0,0,0,0,0,0,0,0,0,0,0,0,0,0,0,0,0,0,0,0,0,0,0,0,0,0,0,0,0,0,0,0,0,0,0,0,0,0,0,0,0,0,0,0,0.00012657034676522,0.000635728356428444,0,0,0,0,0,0,0,0,0,0,0,0,0,0,0,0,0,0,0,0,0,0,0,0,0,0,0,0,0,0,0,0,0,0,0,0,0,0,0,0,0,0,0.0064199180342257,0.0124129978939891,0.00739610241726041,0.0373525805771351,0.0592712983489037,0.0558352433145046,0,0,0,0.0529121123254299,0.0816209688782692,0,0.00486058462411165,0.103012353181839,0.161450266838074,0.165015637874603,0.210742071270943,0.179030239582062,0.114712573587894,0.103093795478344,0.191380888223648,0.209203004837036,0.0687393695116043,0.0818646773695946,0.0431912615895271,0,0.126084178686142,0.134040668606758,0.166992262005806,0.308413177728653,0.18819023668766,0.0613769963383675,0.165318951010704,0.307381123304367,0.145825520157814,0.0115307383239269,0.294917851686478,0.377491593360901,0.369637936353683,0.31799054145813,0.431313425302505,0.332024455070496,0.242524176836014,0.248605370521545,0.227247640490532,0.204299882054329,0.290601074695587,0.199961334466934,0.223749667406082,0.0685516595840454,0.118133947253227,0.246749818325043,0.275801688432693,0.360789835453033,0.403701305389404,0.456356406211853,0.40652534365654,0.391667187213898,0.366956740617752,0.321358233690262,0.0138181978836656,0,0.0621056742966175,0.0743971019983292,0.298174440860748,0.322905540466309,0.372057139873505,0.488931983709335,0.419829428195953,0.377547860145569,0.428270757198334,0.299755752086639,0,0,0.23470963537693,0.32514026761055,0.25681084394455,0.437320291996002,0.516696453094482,0.42293706536293,0.401759386062622,0.404696106910706,0.451641142368317,0.381369799375534,0.125944629311562,0.132602289319038,0.31157860159874,0.326279252767563,0.292008429765701,0.154472902417183,0,0,0.270052671432495,0.360777586698532,0.505356907844543,0.421137243509293,0.432863533496857,0.293532818555832,0.0129350535571575,0,0,0.0158334877341986,0.318006694316864,0.370448499917984,0.315229207277298,0.424302816390991,0.30984091758728,0.33522841334343,0.478580057621002,0.531980156898499,0.142153024673462,0,0,0,0,0.281615525484085,0.13430842757225,0,0,0,0,0.00205303961411119,0,0,0,0,0,0,0,0,0,0,0,0,0,0,0,0,0,0.220656007528305,0,0,0,0,0,0,0,0,0,0,0,0,0,0,0.125661954283714,0.0608885996043682,0.154444217681885,0,0,0,0,0,0,0,0,0,0,0,0,0,0,0,0,0,0,0,0,0,0,0,0,0,0,0,0,0,0,0,0,0,0,0,0,0,0,0,0,0,104
Bochum,0,0,0,0,0,0,0,0,0,0,0,0,0,0,0,0,0,0,0,0,0,0,0,0,0,0,0,0,0,0,0,0,0,0,0,0,0,0,0,0,0,0,0,0,0,0,0,0,0,0,0,0,0,0,0,0,0,0,0,0,0,0,0,0,0,0,0,0,0,0,0,0,0,0,0,0,0,0,0,0,0,0,0,0,0,0,0,0,0,0,0,0,0,0,0,0,0,0,0,0,0,0,0,0,0,0,0,0,0,0,0,0,0,0,0,0,0,0,0,0,0,0,0,0.00104907189961523,0.00267731887288392,0,0,0,0,0,0,0,0,0,0,0,0,0,0,0,0,0,0,0,0,0,0,0,0,0,0,0,0,0,0,0,0,0,0,0,0,0,0,0,0,0.0270513724535704,0.0401637926697731,0.0420776084065437,0.0333321988582611,0.0349430441856384,0.10001902282238,0.140977159142494,0.101488910615444,0,0,0,0.14592806994915,0.179878398776054,0.116860158741474,0.13392835855484,0.254469215869904,0.350257873535156,0.325692296028137,0.418222218751907,0.339135974645615,0.259623885154724,0.27968567609787,0.404449760913849,0.389468491077423,0.216320410370827,0.231190487742424,0.194777384400368,0,0.376901060342789,0.323795706033707,0.349063396453857,0.576310753822327,0.339337944984436,0.291322141885757,0.382360726594925,0.566989004611969,0.345118701457977,0.362484484910965,0.587390661239624,0.70331484079361,0.695539474487305,0.62590104341507,0.788438022136688,0.621971666812897,0.414376616477966,0.485501229763031,0.52205616235733,0.422075867652893,0.556160390377045,0.500731408596039,0.480481296777725,0.314054757356644,0.374040186405182,0.456727743148804,0.587945222854614,0.692616581916809,0.747738182544708,0.83076274394989,0.766776502132416,0.743886053562164,0.721598088741302,0.603464841842651,0.257997781038284,0,0.000141819153213874,0.475309580564499,0.655621528625488,0.677732944488525,0.759315073490143,0.905421316623688,0.811894714832306,0.687280714511871,0.845824897289276,0.520652770996094,0.259431600570679,0.195019319653511,0.637309432029724,0.65882021188736,0.550640225410461,0.870729625225067,0.96723598241806,0.789382219314575,0.70121556520462,0.702244222164154,0.848426759243011,0.740137696266174,0.332332700490952,0.416619747877121,0.644067406654358,0.528974115848541,0.592173635959625,0.401902616024017,0.000201305621885695,0.37010857462883,0.616747856140137,0.768200576305389,0.899030148983002,0.851383864879608,0.786194503307343,0.596990644931793,0,0.289616584777832,0.00021798002126161,0.552805483341217,0.81736421585083,0.763025283813477,0.699067413806915,0.849324882030487,0.729685246944427,0.766655445098877,1.01951169967651,0.986240267753601,0,0,0,0,0.450660556554794,0.817997932434082,0.479618906974792,0.000156647176481783,0.000152384731336497,0,0,0,0,0,0,0,0,0,0,0,0,0,0,0,0,0,0,0,0.37295538187027,0.588519096374512,0,0,0.253075897693634,0,0,0,0,0,0,0,0,0,0,0,0.321588546037674,0.295851916074753,0.466101139783859,0,0,0.191402643918991,0,0,0,0,0,0.111611887812614,0,0,0,0,0,0,0,0,0,0,0,0,0,0,0,0,0,0,0,0,0,0,0,0,0,0,0,0,0,0,0,0,105
Dortmund,0,0,0,0,0,0,0,0,0,0,0,0,0,0,0,0,0,0,0,0,0,0,0,0,0,0,0,0,0,0,0,0,0,0,0,0,0,0,0,0,0,0,0,0,0,0,0,0,0,0,0,0,0,0,0,0,0,0,0,0,0,0,0,0,0,0,0,0,0,0,0,0,0,0,0,0,0,0,0,0,0,0,0,0,0,0,0,0,0,0,0,0,0,0,0,0,0,0,0,0,0,0,0,0,0,0,0,0,0,0,0,0,0,0,0,0,0,0,0,0,0,0,0,0.00111570698209107,0.00293111382052302,0,0,0,0,0,0,0,0,0,0,0,0,0,0,0,0,0,0,0,0,0,0,0,0,0,0,0,0,0,0,0,0,0,0,0,0,0,0,0,0,0.0279327444732189,0.0433504246175289,0.0496312342584133,0.0392543040215969,0.0370781719684601,0.118991404771805,0.171774446964264,0.128638938069344,0,0,0,0.17679788172245,0.219007685780525,0.110708266496658,0.153228893876076,0.304097324609756,0.431786358356476,0.402162134647369,0.518679976463318,0.424784362316132,0.317636072635651,0.326387226581573,0.49773296713829,0.483061581850052,0.254476398229599,0.27960067987442,0.232661753892899,0,0.456295251846313,0.392717897891998,0.419364809989929,0.713501930236816,0.41996431350708,0.337942659854889,0.447704881429672,0.691098988056183,0.414440214633942,0.419019103050232,0.713237881660461,0.859093189239502,0.848233819007874,0.75447952747345,0.982551038265228,0.772983551025391,0.524299323558807,0.593555212020874,0.638588726520538,0.505107879638672,0.687719762325287,0.594434976577759,0.579507768154144,0.376046299934387,0.435946583747864,0.555854022502899,0.703911542892456,0.840036451816559,0.912234485149384,1.0188809633255,0.933312356472015,0.899174273014069,0.867377996444702,0.731297791004181,0.30370706319809,0,0,0.542842090129852,0.785146653652191,0.80993378162384,0.896773040294647,1.09586453437805,0.9837726354599,0.824262797832489,0.996620059013367,0.621651232242584,0.148417845368385,0,0.749325573444366,0.782844424247742,0.648470818996429,1.03166782855988,1.15201580524445,0.937998235225677,0.843578398227692,0.84971159696579,1.01468014717102,0.871885478496552,0.389673680067062,0.475298196077347,0.741798639297485,0.621699869632721,0.689528107643127,0.468851864337921,0,0.420787125825882,0.706355929374695,0.892690896987915,1.06276822090149,0.997118830680847,0.929477334022522,0.688646972179413,0,0.156359955668449,0,0.569175958633423,0.923566699028015,0.892345130443573,0.792125880718231,0.97154825925827,0.81111466884613,0.851796329021454,1.15598714351654,1.1448518037796,0,0,0,0,0.443253725767136,0.9036745429039,0.522749245166779,0,0,0,0,0,0,0,0,0,0,0,0,0,0,0,0,0,0,0,0,0,0.376264482736588,0.643500745296478,0,0,0.266516447067261,0,0,0,0,0,0,0,0,0,0,0,0.341774731874466,0.306416898965836,0.495876163244247,0,0,0.0850628539919853,0,0,0,0,0,0,0,0,0,0,0,0,0,0,0,0,0,0,0,0,0,0,0,0,0,0,0,0,0,0,0,0,0,0,0,0,0,0,106
Hagen,0,0,0,0,0,0,0,0,0,0,0,0,0,0,0,0,0,0,0,0,0,0,0,0,0,0,0,0,0,0,0,0,0,0,0,0,0,0,0,0,0,0,0,0,0,0,0,0,0,0,0,0,0,0,0,0,0,0,0,0,0,0,0,0,0,0,0,0,0,0,0,0,0,0,0,0,0,0,0,0,0,0,0,0,0,0,0,0,0,0,0,0,0,0,0,0,0,0,0,0,0,0,0,0,0,0,0,0,0,0,0,0,0,0,0,0,0,0,0,0,0,0,0,0.000118989803013392,0.00147911987733096,0,0,0,0,0,0,0,0,0,0,0,0,0,0,0,0,0,0,0,0,0,0,0,0,0,0,0,0,0,0,0,0,0,0,0,0,0,0,0,0,0.00498503260314465,0.0142190949991345,0.0189642682671547,0,0,0.0523491911590099,0.0768023505806923,0.0573176704347134,0,0,0,0.0760126635432243,0.0996387973427773,0.0152531759813428,0.0650643780827522,0.139918372035027,0.204224348068237,0.204296872019768,0.255808502435684,0.205003187060356,0.145053073763847,0.173743739724159,0.248061344027519,0.23870275914669,0.032193947583437,0.119225464761257,0,0,0.210547015070915,0.175437539815903,0.202560633420944,0.380665421485901,0.182544007897377,0.0404743067920208,0.241851300001144,0.373687893152237,0.162868782877922,0.143494322896004,0.386415243148804,0.468991190195084,0.478482455015182,0.441211044788361,0.547355234622955,0.40342053771019,0.25530207157135,0.31524071097374,0.330421388149261,0.300328582525253,0.366739690303802,0.288250893354416,0.273935437202454,0,0.0487948581576347,0.25302729010582,0.375001430511475,0.489870816469193,0.503564119338989,0.567696571350098,0.522367298603058,0.508558094501495,0.464791148900986,0.367260664701462,0,0,0,0.205308824777603,0.385141551494598,0.413758248090744,0.50346451997757,0.606465041637421,0.524520874023438,0.436699479818344,0.536541521549225,0.267319530248642,0,0,0.349755078554153,0.379975378513336,0.289543628692627,0.546788036823273,0.622916162014008,0.511649072170258,0.456217020750046,0.467265278100967,0.54399973154068,0.434933632612228,0.0502184443175793,0.0608744993805885,0.383602917194366,0.311862289905548,0.333877295255661,0,0,0,0.349768787622452,0.470665812492371,0.559885144233704,0.526510238647461,0.482563227415085,0.327521353960037,0,0,0,0.243175342679024,0.498021513223648,0.433736383914948,0.403303951025009,0.525449395179749,0.441099882125854,0.472173899412155,0.632351934909821,0.64290326833725,0,0,0,0,0.064144603908062,0.460289269685745,0.0569093525409698,0,0,0,0,0,0,0,0,0,0,0,0,0,0,0,0,0,0,0,0,0,0.202993005514145,0.334317535161972,0,0,0,0,0,0,0,0,0,0,0,0,0,0,0.153226912021637,0.182292073965073,0.25901472568512,0,0,0,0,0,0,0,0,0,0,0,0,0,0,0,0,0,0,0,0,0,0,0,0,0,0,0,0,0,0,0,0,0,0,0,0,0,0,0,0,0,107
Hamm,0,0,0,0,0,0,0,0,0,0,0,0,0,0,0,0,0,0,0,0,0,0,0,0,0,0,0,0,0,0,0,0,0,0,0,0,0,0,0,0,0,0,0,0,0,0,0,0,0,0,0,0,0,0,0,0,0,0,0,0,0,0,0,0,0,0,0,0,0,0,0,0,0,0,0,0,0,0,0,0,0,0,0,0,0,0,0,0,0,0,0,0,0,0,0,0,0,0,0,0,0,0,0,0,0,0,0,0,0,0,0,0,0,0,0,0,0,0,0,0,0,0,0,0.000810098950751126,0.00176377466414124,0,0,0,0,0,0,0,0,0,0,0,0,0,0,0,0,0,0,0,0,0,0,0,0,0,0,0,0,0,0,0,0,0,0,0,0,0,0,0,0,0,0.020876556634903,0.031030148267746,0.0282403528690338,0.0266615115106106,0.0720028430223465,0.105497635900974,0.0849149152636528,0,0,0,0.11019529402256,0.136252507567406,0,0.0900349095463753,0.179433733224869,0.267336666584015,0.244487941265106,0.321715742349625,0.269196182489395,0.191991731524467,0.177908003330231,0.309842467308044,0.302607327699661,0.162235036492348,0.177685633301735,0.144665956497192,0,0.270184814929962,0.244964778423309,0.272701650857925,0.440116286277771,0.261576384305954,0.212564691901207,0.261645048856735,0.417747437953949,0.240966111421585,0.24238957464695,0.433714926242828,0.530085265636444,0.509389698505402,0.444755524396896,0.609667479991913,0.482145398855209,0.341355472803116,0.354804337024689,0.377035409212112,0.29437255859375,0.426804155111313,0.358152091503143,0.35720756649971,0.258241891860962,0.272563457489014,0.354391396045685,0.422772496938705,0.504979372024536,0.561147093772888,0.632182419300079,0.563768625259399,0.55005806684494,0.527533650398254,0.450597524642944,0.180317863821983,0,0.176355123519897,0.321245491504669,0.49097016453743,0.497437059879303,0.539507329463959,0.679543256759644,0.618452072143555,0.519227623939514,0.627021312713623,0.421240448951721,0,0.194426596164703,0.485711246728897,0.509701550006866,0.416091620922089,0.641044795513153,0.726351380348206,0.585733234882355,0.556821763515472,0.544567286968231,0.645342111587524,0.55728667974472,0.253367602825165,0.333847343921661,0.488792896270752,0.439848870038986,0.463044732809067,0.367174983024597,0,0.275329560041428,0.455363720655441,0.564795732498169,0.703980684280396,0.631875038146973,0.616963028907776,0.453188866376877,0,0.105000346899033,0,0.343499660491943,0.546443164348602,0.589165568351746,0.518341481685638,0.62121170759201,0.490801364183426,0.537663280963898,0.738839268684387,0.75901186466217,0.219180330634117,0,0,0,0.282578557729721,0.564368903636932,0.348635613918304,0,0.206272095441818,0,0,0,0,0,0,0,0,0,0,0,0,0,0,0,0,0,0,0,0.186479300260544,0.409944206476212,0,0,0.194395378232002,0,0,0,0,0,0,0,0,0,0,0,0.24057038128376,0.222978785634041,0.331858485937119,0,0,0,0,0,0,0,0,0.0481853373348713,0,0,0,0,0,0,0,0,0,0,0,0,0,0,0,0,0,0,0,0,0,0,0,0,0,0,0,0,0,0,0,0,108
Herne,0,0,0,0,0,0,0,0,0,0,0,0,0,0,0,0,0,0,0,0,0,0,0,0,0,0,0,0,0,0,0,0,0,0,0,0,0,0,0,0,0,0,0,0,0,0,0,0,0,0,0,0,0,0,0,0,0,0,0,0,0,0,0,0,0,0,0,0,0,0,0,0,0,0,0,0,0,0,0,0,0,0,0,0,0,0,0,0,0,0,0,0,0,0,0,0,0,0,0,0,0,0,0,0,0,0,0,0,0,0,0,0,0,0,0,0,0,0,0,0,0,0,0,0.00104346044827253,0.00260273413732648,0,0,0,0,0,0,0,0,0,0,0,0,0,0,0,0,0,0,0,0,0,0,0,0,0,0,0,0,0,0,0,0,0,0,0,0,0,0,0,0,0.0263621732592583,0.0394787490367889,0.0408744737505913,0.0327907763421535,0.034734696149826,0.0970408096909523,0.136348709464073,0.0977830067276955,0,0,0,0.141226708889008,0.174304857850075,0.116580471396446,0.130820363759995,0.247115179896355,0.338813304901123,0.314395099878311,0.404014438390732,0.327345281839371,0.25132429599762,0.271607488393784,0.391635745763779,0.376705944538116,0.21143451333046,0.224916070699692,0.197444915771484,0,0.366401344537735,0.315276652574539,0.340604662895203,0.557696402072906,0.3299500644207,0.286249905824661,0.372096866369247,0.549734711647034,0.336513757705688,0.356052875518799,0.570246398448944,0.682683229446411,0.6743483543396,0.607881128787994,0.762477397918701,0.603094279766083,0.401494830846786,0.471460491418839,0.507114708423615,0.409708470106125,0.539862036705017,0.489587754011154,0.469485104084015,0.310434490442276,0.369278728961945,0.446484059095383,0.5736163854599,0.672699868679047,0.726885855197906,0.808176755905151,0.746078431606293,0.72504448890686,0.704876959323883,0.590036034584045,0.263231754302979,0,0,0.469638973474503,0.642377376556396,0.662872076034546,0.742855966091156,0.883432447910309,0.793445885181427,0.6729536652565,0.830679953098297,0.513115406036377,0.267152696847916,0.244648963212967,0.628483831882477,0.648489117622375,0.54309070110321,0.855384349822998,0.949028193950653,0.77447235584259,0.688305735588074,0.687579274177551,0.832773506641388,0.728893756866455,0.326866537332535,0.413691073656082,0.636131048202515,0.522020936012268,0.586327493190765,0.401798665523529,0,0.380628794431686,0.61122715473175,0.757380068302155,0.886161804199219,0.839184820652008,0.775177240371704,0.591922163963318,0,0.301888942718506,0,0.555441856384277,0.808803260326385,0.755045652389526,0.693806052207947,0.84141993522644,0.72407603263855,0.761105537414551,1.01102256774902,0.975483894348145,0,0,0,0,0.456672936677933,0.816676437854767,0.482337027788162,0,0,0,0,0,0,0,0,0,0,0,0,0,0,0,0,0,0,0,0,0,0.375324040651321,0.590065062046051,0,0,0.264157116413116,0,0,0,0,0,0,0,0,0,0,0,0.324677139520645,0.299555420875549,0.471114993095398,0,0,0.198779612779617,0,0,0,0,0,0.140032768249512,0,0,0,0,0,0,0,0,0,0,0,0,0,0,0,0,0,0,0,0,0,0,0,0,0,0,0,0,0,0,0,0,109
Ennepe-Ruhr-Kreis,0,0,0,0,0,0,0,0,0,0,0,0,0,0,0,0,0,0,0,0,0,0,0,0,0,0,0,0,0,0,0,0,0,0,0,0,0,0,0,0,0,0,0,0,0,0,0,0,0,0,0,0,0,0,0,0,0,0,0,0,0,0,0,0,0,0,0,0,0,0,0,0,0,0,0,0,0,0,0,0,0,0,0,0,0,0,0,0,0,0,0,0,0,0,0,0,0,0,0,0,0,0,0,0,0,0,0,0,0,0,0,0,0,0,0,0,0,0,0,0,0,0,0,0.000523215916473418,0.00212477799504995,0,0,0,0,0,0,0,0,0,0,0,0,0,0,0,0,0,0,0,0,0,0,0,0,0,0,0,0,0,0,0,0,0,0,0,0,0,0,0,0,0.0185239613056183,0.0234073922038078,0.0269536003470421,0.0102582825347781,0.0111613357439637,0.0683061107993126,0.0974889248609543,0.0700894594192505,0,0,0,0.0991996377706528,0.123995520174503,0.0618068091571331,0.0880018994212151,0.173661231994629,0.245519116520882,0.238969072699547,0.300050228834152,0.240721091628075,0.178517118096352,0.20758481323719,0.288920402526855,0.276797950267792,0.123192302882671,0.152534663677216,0.027548436075449,0,0.255808770656586,0.215037956833839,0.239345133304596,0.423700720071793,0.218786180019379,0.15802113711834,0.282717853784561,0.416378676891327,0.212926417589188,0.2083490639925,0.430146962404251,0.514823794364929,0.522230625152588,0.474862962961197,0.592034757137299,0.443549156188965,0.285704970359802,0.349790453910828,0.369440793991089,0.323037445545197,0.400477319955826,0.338025212287903,0.318613439798355,0.0902233645319939,0.19230629503727,0.297781556844711,0.416187912225723,0.525885581970215,0.545438408851624,0.604748249053955,0.560613393783569,0.541457414627075,0.508128702640533,0.406492471694946,0.0355210416018963,0,0,0.279608309268951,0.436408072710037,0.462533414363861,0.545920431613922,0.649993360042572,0.566294372081757,0.474594593048096,0.585142016410828,0.316450566053391,0.0343292020261288,0.000933324918150902,0.401458501815796,0.425063669681549,0.340561240911484,0.590847671031952,0.667014539241791,0.547992706298828,0.482298403978348,0.494280368089676,0.580587446689606,0.483314603567123,0.190703228116035,0.227797046303749,0.433673948049545,0.349119007587433,0.372606337070465,0.110159382224083,0,0.0492433980107307,0.392927497625351,0.518193125724792,0.600175261497498,0.570208132266998,0.520919501781464,0.369488269090652,0,0.036244198679924,0,0.326638787984848,0.550189793109894,0.480277329683304,0.452162057161331,0.563894033432007,0.489211559295654,0.520138025283813,0.682571947574615,0.673551142215729,0,0,0,0,0.239183306694031,0.509431719779968,0.227096319198608,0,0,0,0,0,0,0,0,0,0,0,0,0,0,0,0,0,0,0,0,0,0.242147013545036,0.361173301935196,0,0,0.0314669720828533,0,0,0,0,0,0,0,0,0,0,0,0.182181835174561,0.195076704025269,0.279104739427567,0,0,0.0556968823075294,0,0,0,0,0,0.000534218735992908,0,0,0,0,0,0,0,0,0,0,0,0,0,0,0,0,0,0,0,0,0,0,0,0,0,0,0,0,0,0,0,0,110
Hochsauerlandkreis,0,0,0,0,0,0,0,0,0,0,0,0,0,0,0,0,0,0,0,0,0,0,0,0,0,0,0,0,0,0,0,0,0,0,0,0,0,0,0,0,0,0,0,0,0,0,0,0,0,0,0,0,0,0,0,0,0,0,0,0,0,0,0,0,0,0,0,0,0,0,0,0,0,0,0,0,0,0,0,0,0,0,0,0,0,0,0,0,0,0,0,0,0,0,0,0,0,0,0,0,0,0,0,0,0,0,0,0,0,0,0,0,0,0,0,0,0,0,0,0,0,0,0,0,1.71942538145231e-05,0,0,0,0,0,0,0,0,0,0,0,0,0,0,0,0,0,0,0,0,0,0,0,0,0,0,0,0,0,0,0,0,0,0,0,0,0,0,0,0,0,0,0.00100444443523884,0.000706576916854829,0,0.0133476490154862,0.0227408800274134,0.0201641470193863,0,0,0,0.00551587250083685,0.0328374803066254,0,0.0021946884226054,0.0462347641587257,0.0762865394353867,0.0847545862197876,0.110851898789406,0.0903722420334816,0.0463259369134903,0.0627464652061462,0.10375440120697,0.0999843329191208,0.00401291996240616,0.00452875718474388,0,0,0.026350449770689,0.00970885157585144,0.0265789944678545,0.180952072143555,0.0689189806580544,0.00523922638967633,0.0905577018857002,0.184084072709084,0.0159750729799271,0.00572734558954835,0.177895918488503,0.230612054467201,0.244489654898643,0.223886892199516,0.266674667596817,0.191076189279556,0.122704468667507,0.147122919559479,0.133091762661934,0.119207613170147,0.171994298696518,0.0750006958842278,0.0659382194280624,0.00691390410065651,0.00831942725926638,0.0566352382302284,0.159944921731949,0.237824663519859,0.252651482820511,0.291066944599152,0.259545385837555,0.266448527574539,0.231251820921898,0.183799594640732,0,0,0,0.00430236617103219,0.140251353383064,0.176851272583008,0.232368543744087,0.308427959680557,0.254498511552811,0.213628619909286,0.252280533313751,0.112233012914658,0,0,0.0731054693460464,0.157294824719429,0.043737668544054,0.258237838745117,0.309983342885971,0.253246784210205,0.236598804593086,0.248248815536499,0.268729329109192,0.195853590965271,0.00635774387046695,0.00906145852059126,0.13851672410965,0.0945420786738396,0.101499862968922,0.00938072800636292,0,0,0.0958298817276955,0.189957365393639,0.259180873632431,0.227029025554657,0.219451144337654,0.139068499207497,0,0,0,0.00432361802086234,0.171574726700783,0.174543917179108,0.153108224272728,0.233547553420067,0.167271852493286,0.174118801951408,0.26177766919136,0.287625581026077,0.00243770820088685,0,0,0,0,0.152549311518669,0.0108296107500792,0,0,0,0,0,0,0,0,0,0,0,0,0,0,0,0,0,0,0,0,0,0,0.0902539640665054,0,0,0,0,0,0,0,0,0,0,0,0,0,0,0.00901097990572453,0.00522576738148928,0.0337290465831757,0,0,0,0,0,0,0,0,0,0,0,0,0,0,0,0,0,0,0,0,0,0,0,0,0,0,0,0,0,0,0,0,0,0,0,0,0,0,0,0,0,111
Märkischer Kreis,0,0,0,0,0,0,0,0,0,0,0,0,0,0,0,0,0,0,0,0,0,0,0,0,0,0,0,0,0,0,0,0,0,0,0,0,0,0,0,0,0,0,0,0,0,0,0,0,0,0,0,0,0,0,0,0,0,0,0,0,0,0,0,0,0,0,0,0,0,0,0,0,0,0,0,0,0,0,0,0,0,0,0,0,0,0,0,0,0,0,0,0,0,0,0,0,0,0,0,0,0,0,0,0,0,0,0,0,0,0,0,0,0,0,0,0,0,0,0,0,0,0,0,4.77525136375334e-05,0.000280945154372603,0,0,0,0,0,0,0,0,0,0,0,0,0,0,0,0,0,0,0,0,0,0,0,0,0,0,0,0,0,0,0,0,0,0,0,0,0,0,0,0,0.000311084935674444,0.00273347785696387,0.00858916621655226,0.00229420699179173,0.000181914889253676,0.031530786305666,0.0480941012501717,0.0378344058990479,0,0,0,0.0445206090807915,0.0638899207115173,0.000485078926431015,0.0343952514231205,0.0924830138683319,0.138681173324585,0.141196310520172,0.179171189665794,0.143679335713387,0.0942762270569801,0.117269657552242,0.175749525427818,0.168850630521774,0.0143252918496728,0.0281850248575211,0.0108015201985836,0,0.129287391901016,0.0639140531420708,0.125618413090706,0.276966392993927,0.128581449389458,0.0190354287624359,0.167147040367126,0.273739546537399,0.0619483627378941,0.0341111980378628,0.280883580446243,0.34301820397377,0.354901820421219,0.334027111530304,0.402153164148331,0.294872373342514,0.188911944627762,0.228344619274139,0.232948020100594,0.222828805446625,0.267934501171112,0.188939303159714,0.178369656205177,0.0228935033082962,0.0255574975162745,0.113870367407799,0.262983441352844,0.357421070337296,0.363365292549133,0.422468245029449,0.382415026426315,0.379065126180649,0.334148377180099,0.261405557394028,0.00154445448424667,0,0,0.0490127578377724,0.255734980106354,0.285307109355927,0.360064536333084,0.439210563898087,0.375161468982697,0.31201183795929,0.37856462597847,0.176285430788994,0,0,0.227634087204933,0.259959191083908,0.148898005485535,0.385854154825211,0.444676697254181,0.360319823026657,0.332409858703613,0.340081751346588,0.387460649013519,0.295837432146072,0.0236033909022808,0.0293776802718639,0.249479174613953,0.206524774432182,0.220617353916168,0.0301970951259136,0,0.0204513408243656,0.231800764799118,0.31776350736618,0.384954184293747,0.356910794973373,0.325442641973495,0.216183379292488,0,0,0,0.0764195173978806,0.317115873098373,0.283446997404099,0.25925549864769,0.354824662208557,0.283621937036514,0.305601000785828,0.413038372993469,0.434398919343948,0,0,0,0,0.0206170734018087,0.292045563459396,0.0313771367073059,0,0,0,0,0,0,0,0,0,0,0,0,0,0,0,0,0,0,0,0,0,0.053590290248394,0.20832858979702,0,0,0.0135235544294119,0,0,0,0,0,0,0,0,0,0,0,0.0348373800516129,0.07248255610466,0.136730924248695,0,0,0,0,0,0,0,0,0,0,0,0,0,0,0,0,0,0,0,0,0,0,0,0,0,0,0,0,0,0,0,0,0,0,0,0,0,0,0,0,0,112
Olpe,0,0,0,0,0,0,0,0,0,0,0,0,0,0,0,0,0,0,0,0,0,0,0,0,0,0,0,0,0,0,0,0,0,0,0,0,0,0,0,0,0,0,0,0,0,0,0,0,0,0,0,0,0,0,0,0,0,0,0,0,0,0,0,0,0,0,0,0,0,0,0,0,0,0,0,0,0,0,0,0,0,0,0,0,0,0,0,0,0,0,0,0,0,0,0,0,0,0,0,0,0,0,0,0,0,0,0,0,0,0,0,0,0,0,0,0,0,0,0,0,0,0,0,0,0,0,0,0,0,0,0,0,0,0,0,0,0,0,0,0,0,0,0,0,0,0,0,0,0,0,0,0,0,0,0,0,0,0,0,0,0,0,0,0,0,0,0,0.00239708530716598,0,0,0.0174650847911835,0.0276346318423748,0.0230656135827303,0,0,0,0.0169781856238842,0.0385169498622417,0,0.0117276180535555,0.0598038621246815,0.0901788324117661,0.0990364253520966,0.125417873263359,0.100522965192795,0.060736145824194,0.0861639901995659,0.121501505374908,0.115026019513607,0,0,0,0,0.044231865555048,0.0088161313906312,0.0502411685883999,0.204638481140137,0.093671627342701,0,0.122861318290234,0.210499703884125,0.0104732224717736,0,0.21103036403656,0.257543474435806,0.277734607458115,0.26988822221756,0.295644760131836,0.216744512319565,0.146366462111473,0.168474122881889,0.167445436120033,0.1742182970047,0.200214713811874,0.123934686183929,0.0694485977292061,0,0,0.0454712174832821,0.197147771716118,0.279499650001526,0.276465237140656,0.328613698482513,0.296281188726425,0.304623872041702,0.248177260160446,0.193706333637238,0,0,0,0,0.163960874080658,0.21075327694416,0.279471665620804,0.335617333650589,0.279472559690475,0.238690406084061,0.274807035923004,0.119852803647518,0,0,0.13049404323101,0.174439072608948,0.0433100089430809,0.286362677812576,0.338334798812866,0.275244295597076,0.255917221307755,0.270348131656647,0.293286979198456,0.216813042759895,0.0480505675077438,0,0.159058332443237,0.126440197229385,0.137812897562981,0,0,0,0.151805013418198,0.226673826575279,0.27434778213501,0.254560470581055,0.225714519619942,0.151373207569122,0,0,0,0.0153698530048132,0.214027538895607,0.185897797346115,0.176664352416992,0.260802775621414,0.207432806491852,0.215858861804008,0.28845551609993,0.310105592012405,0,0,0,0,0,0.188496738672256,0,0,0,0,0,0,0,0,0,0,0,0,0,0,0,0,0,0,0,0,0,0,0.0103701734915376,0.128056675195694,0,0,0,0,0,0,0,0,0,0,0,0,0,0,0,0,0.010704068467021,0,0,0,0,0,0,0,0,0,0,0,0,0,0,0,0,0,0,0,0,0,0,0,0,0,0,0,0,0,0,0,0,0,0,0,0,0,0,0,0,0,113
Siegen-Wittgenstein,0,0,0,0,0,0,0,0,0,0,0,0,0,0,0,0,0,0,0,0,0,0,0,0,0,0,0,0,0,0,0,0,0,0,0,0,0,0,0,0,0,0,0,0,0,0,0,0,0,0,0,0,0,0,0,0,0,0,0,0,0,0,0,0,0,0,0,0,0,0,0,0,0,0,0,0,0,0,0,0,0,0,0,0,0,0,0,0,0,0,0,0,0,0,0,0,0,0,0,0,0,0,0,0,0,0,0,0,0,0,0,0,0,0,0,0,0,0,0,0,0,0,0,0,0,0,0,0,0,0,0,0,0,0,0,0,0,0,0,0,0,0,0,0,0,0,0,0,0,0,0,0,0,0,0,0,0,0,0,0,0,0,0,0,0,0,0,0.0011952358763665,0,0,0.0144276889041066,0.0227571688592434,0.0197945777326822,0,0,0,0.00505526643246412,0.033446591347456,0,0.0119143333286047,0.0477448329329491,0.0762421861290932,0.0891342684626579,0.112144462764263,0.0912001207470894,0.050544485449791,0.080707736313343,0.1053706407547,0.103876829147339,0,0,0,0,0.0126520385965705,0,0.0423774980008602,0.186776429414749,0.0861001312732697,0,0.108823545277119,0.193231731653214,0.00555837852880359,0,0.185020357370377,0.234126925468445,0.262476444244385,0.252585709095001,0.264969915151596,0.196795463562012,0.140302374958992,0.146950170397758,0.152057528495789,0.150680378079414,0.175757706165314,0.100463442504406,0.0198316015303135,0,0,0.0764806717634201,0.187201127409935,0.26222151517868,0.263770788908005,0.308421671390533,0.283220380544662,0.29228463768959,0.225027471780777,0.182539001107216,0,0,0,0,0.139610812067986,0.203483179211617,0.268532931804657,0.31497186422348,0.258882611989975,0.227509319782257,0.251322686672211,0.117674134671688,0,0,0.0680801793932915,0.152867317199707,0.049114964902401,0.26533716917038,0.315375149250031,0.266459137201309,0.234627708792686,0.260699927806854,0.274606049060822,0.213524088263512,0.0909475162625313,0,0.152791231870651,0.0880662947893143,0.112115234136581,0,0,0,0.13057205080986,0.211053282022476,0.249997138977051,0.23361200094223,0.211764201521873,0.138087600469589,0,0,0,0.00846697296947241,0.185225486755371,0.171088993549347,0.172827959060669,0.246385172009468,0.201699569821358,0.200570151209831,0.263168841600418,0.281687885522842,0.000201519011170603,0,0,0,0,0.159180164337158,0,0,0,0,0,0,0,0,0,0,0,0,0,0,0,0,0,0,0,0,0,0,0,0.096446268260479,0,0,0,0,0,0,0,0,0,0,0,0,0,0,0,0,0,0,0,0,0,0,0,0,0,0,0,0,0,0,0,0,0,0,0,0,0,0,0,0,0,0,0,0,0,0,0,0,0,0,0,0,0,0,0,0,0,0,114
Soest,0,0,0,0,0,0,0,0,0,0,0,0,0,0,0,0,0,0,0,0,0,0,0,0,0,0,0,0,0,0,0,0,0,0,0,0,0,0,0,0,0,0,0,0,0,0,0,0,0,0,0,0,0,0,0,0,0,0,0,0,0,0,0,0,0,0,0,0,0,0,0,0,0,0,0,0,0,0,0,0,0,0,0,0,0,0,0,0,0,0,0,0,0,0,0,0,0,0,0,0,0,0,0,0,0,0,0,0,0,0,0,0,0,0,0,0,0,0,0,0,0,0,0,0.000232925740419887,0.000647590670268983,0,0,0,0,0,0,0,0,0,0,0,0,0,0,0,0,0,0,0,0,0,0,0,0,0,0,0,0,0,0,0,0,0,0,0,0,0,0,0,0,0,0.00240582856349647,0.0150830261409283,0.0168615356087685,0.00890597514808178,0.0445389337837696,0.068679191172123,0.0614619888365269,0,0,0,0.0625199377536774,0.0957570746541023,0,0.0403319485485554,0.114605717360973,0.183728188276291,0.18123234808445,0.238384008407593,0.200712338089943,0.133323386311531,0.123426727950573,0.225949302315712,0.225367486476898,0.0819670110940933,0.0885995179414749,0.0452504232525826,0,0.182810232043266,0.152785256505013,0.182207345962524,0.345692008733749,0.202155902981758,0.101271063089371,0.181826815009117,0.332713037729263,0.168528169393539,0.101666435599327,0.329441487789154,0.412593811750412,0.410296380519867,0.360022395849228,0.488026350736618,0.376334011554718,0.268522202968597,0.285153061151505,0.280108660459518,0.229697093367577,0.336863487958908,0.248599693179131,0.264992415904999,0.127568751573563,0.143898025155067,0.268439382314682,0.316500216722488,0.408630341291428,0.441618531942368,0.507882714271545,0.45614367723465,0.440582662820816,0.414754062891006,0.352414786815643,0.0586291998624802,0,0.0417589843273163,0.108382277190685,0.358526021242142,0.366244822740555,0.413769215345383,0.546764075756073,0.481639713048935,0.406225979328156,0.485722541809082,0.317339926958084,0,0.00759706040844321,0.32366618514061,0.376514166593552,0.293345838785172,0.49436742067337,0.569519340991974,0.460753709077835,0.446623593568802,0.442573100328445,0.503329634666443,0.415695697069168,0.100102514028549,0.165874019265175,0.350393772125244,0.329781472682953,0.336838275194168,0.190520703792572,0,0.0519342347979546,0.327170610427856,0.41114354133606,0.549629092216492,0.474558740854263,0.470089763402939,0.329775184392929,0.0361407920718193,0,0,0.103728219866753,0.385744154453278,0.418339014053345,0.357096165418625,0.470249146223068,0.349422484636307,0.38214573264122,0.540264189243317,0.581490576267242,0.0776764303445816,0,0,0,0.055052362382412,0.385082513093948,0.196081653237343,0,0.0432347021996975,0,0,0.0156114529818296,0,0,0,0,0,0,0,0,0,0,0,0,0,0,0,0,0.00722407130524516,0.279835283756256,0,0,0.0371129922568798,0,0,0,0,0,0,0,0,0,0,0,0.114073634147644,0.102586708962917,0.207356378436089,0,0,0,0,0,0,0,0,0.00396813126280904,0,0,0,0,0,0,0,0,0,0,0,0,0,0,0,0,0,0,0,0,0,0,0,0,0,0,0,0,0,0,0,0,115
Unna,0,0,0,0,0,0,0,0,0,0,0,0,0,0,0,0,0,0,0,0,0,0,0,0,0,0,0,0,0,0,0,0,0,0,0,0,0,0,0,0,0,0,0,0,0,0,0,0,0,0,0,0,0,0,0,0,0,0,0,0,0,0,0,0,0,0,0,0,0,0,0,0,0,0,0,0,0,0,0,0,0,0,0,0,0,0,0,0,0,0,0,0,0,0,0,0,0,0,0,0,0,0,0,0,0,0,0,0,0,0,0,0,0,0,0,0,0,0,0,0,0,0,0,0.00078253768151626,0.00193831685464829,0,0,0,0,0,0,0,0,0,0,0,0,0,0,0,0,0,0,0,0,0,0,0,0,0,0,0,0,0,0,0,0,0,0,0,0,0,0,0,0,0.00921540521085262,0.0267866384238005,0.0353808142244816,0.0290484186261892,0.0171383209526539,0.0862028747797012,0.126675397157669,0.0983942076563835,0,0,0,0.129468977451324,0.162122577428818,0.0368831157684326,0.108550406992435,0.221579506993294,0.325484663248062,0.30149644613266,0.392134964466095,0.323325455188751,0.234069630503654,0.231664478778839,0.378128260374069,0.36802276968956,0.181435778737068,0.207867562770844,0.161809474229813,0,0.338141947984695,0.293035686016083,0.320700258016586,0.543793320655823,0.319147080183029,0.241580083966255,0.329734623432159,0.521125674247742,0.299518287181854,0.296810120344162,0.540295422077179,0.655019998550415,0.644203960895538,0.571673810482025,0.75975489616394,0.596102893352509,0.41286700963974,0.450334578752518,0.482639282941818,0.377376347780228,0.531248092651367,0.443554371595383,0.440686732530594,0.286778748035431,0.314827799797058,0.430009186267853,0.532342076301575,0.639649748802185,0.699266254901886,0.790542542934418,0.713546752929688,0.69126957654953,0.663950800895691,0.56093430519104,0.136954724788666,0,0.0186146833002567,0.392629891633987,0.601157486438751,0.613259494304657,0.679400742053986,0.847234129905701,0.762205839157104,0.63586950302124,0.767657458782196,0.488131880760193,0.0603271275758743,0.0879234969615936,0.580692946910858,0.610277593135834,0.495962679386139,0.79166054725647,0.89016330242157,0.720109283924103,0.664602756500244,0.668385863304138,0.789043188095093,0.67083328962326,0.28757506608963,0.35890793800354,0.573971390724182,0.495089083909988,0.53649628162384,0.371636062860489,0,0.303688675165176,0.540578365325928,0.686803162097931,0.832632601261139,0.766414821147919,0.727691531181335,0.532417714595795,0,0.0981022790074348,0,0.406681835651398,0.684374868869781,0.693856835365295,0.608526527881622,0.746040642261505,0.601199448108673,0.643556416034698,0.880714416503906,0.896230518817902,0.0218085553497076,0,0,0,0.29159015417099,0.680866777896881,0.386264443397522,0.00821528211236,0.0212921183556318,0,0,0,0,0,0,0,0,0,0,0,0,0,0,0,0,0,0,0,0.247694686055183,0.488708049058914,0,0,0.199792444705963,0,0,0,0,0,0,0,0,0,0,0,0.25718879699707,0.236392334103584,0.381038546562195,0,0,0.00231792498379946,0,0,0,0,0,0,0,0,0,0,0,0,0,0,0,0,0,0,0,0,0,0,0,0,0,0,0,0,0,0,0,0,0,0,0,0,0,0,116
Darmstadt,0,0,0,0,0,0,0,0,0,0,0,0,0,0,0,0,0,0,0,0,0,0,0,0,0,0,0,0,0,0,0,0,0,0,0,0,0,0,0,0,0,0,0,0,0,0,0,0,0,0,0,0,0,0,0,0,0,0,0,0,0,0,0,0,0,0,0,0,0,0,0,0,0,0,0,0,0,0,0,0,0,0,0,0,0,0,0,0,0,0,0,0,0,0,0,0,0,0,0,0,0,0,0,0,0,0,0,0,0,0,0,0,0,0,0,0,0,0,0,0,0,0,0,0,0,0,0,0,0,0,0,0,0,0,0,0,0,0,0,0,0,0,0,0,0,0,0,0,0,0,0,0,0,0,0,0,0,0,0,0,0,0,0,0,0,0,0.0441853813827038,0.0624290332198143,0.0548116862773895,0.0528303422033787,0.103162087500095,0.160387948155403,0.152546212077141,0,0,0,0.155816599726677,0.239307016134262,0.161366745829582,0.212152346968651,0.275195509195328,0.362590283155441,0.415920794010162,0.464521825313568,0.408285588026047,0.344834327697754,0.39410126209259,0.465185791254044,0.452176243066788,0.333137571811676,0.300992608070374,0,0,0.342563956975937,0.355539500713348,0.409727305173874,0.663987457752228,0.633382856845856,0.409898310899734,0.549891591072083,0.703255176544189,0.570970714092255,0.404168903827667,0.662667572498322,0.751636683940887,0.857019305229187,0.877850830554962,0.881520688533783,0.80959165096283,0.695569097995758,0.724303126335144,0.829414248466492,0.793223083019257,0.743448913097382,0.554447770118713,0.584575951099396,0.425132602453232,0.580035507678986,0.726824223995209,0.85500556230545,1.00955450534821,1.01626992225647,1.06884706020355,1.09165096282959,1.08240330219269,0.933122515678406,0.81971937417984,0.603075623512268,0.412942290306091,0.638742864131927,0.488394737243652,0.830887198448181,1.06141710281372,1.18871533870697,1.32176923751831,1.05557715892792,1.09753882884979,1.06271708011627,0.908726572990417,0.43961039185524,0,0.720246553421021,0.873359978199005,0.882435202598572,1.1989119052887,1.25679612159729,1.21576821804047,1.19314420223236,1.27300238609314,1.26832842826843,1.19839608669281,1.06916904449463,0.783047437667847,0.990480005741119,1.00255441665649,1.00145506858826,0.384323835372925,0,0.467528641223907,1.07651150226593,1.20537805557251,1.20041537284851,1.26826536655426,1.32380247116089,1.16405689716339,0.801287591457367,0.395682811737061,0.643401205539703,0.849252700805664,1.15505528450012,1.17535543441772,1.22480928897858,1.36720979213715,1.27456021308899,1.27274894714355,1.38295066356659,1.48842406272888,0.972819805145264,0,0,0,0.414258897304535,1.1897474527359,1.01899003982544,0.642619132995605,0.729177713394165,0.544589817523956,0,0,0,0,0,0,0,0,0,0,0,0,0,0,0,0,0,0,0.495978713035583,0.777197122573853,0.452596485614777,0,0,0,0,0,0,0,0,0,0,0,0,0,0,0,0,0,0,0,0,0,0,0,0,0,0,0,0,0,0,0,0,0,0,0,0,0,0,0,0,0,0,0,0,0,0,0,0,0,0,0,0,0,0,0,0,0,117
Frankfurt am Main,0,0,0,0,0,0,0,0,0,0,0,0,0,0,0,0,0,0,0,0,0,0,0,0,0,0,0,0,0,0,0,0,0,0,0,0,0,0,0,0,0,0,0,0,0,0,0,0,0,0,0,0,0,0,0,0,0,0,0,0,0,0,0,0,0,0,0,0,0,0,0,0,0,0,0,0,0,0,0,0,0,0,0,0,0,0,0,0,0,0,0,0,0,0,0,0,0,0,0,0,0,0,0,0,0,0,0,0,0,0,0,0,0,0,0,0,0,0,0,0,0,0,0,0.00118139537516981,0.00171877292450517,0,0,0,0,0,0,0,0,0,0,0,0,0,0,0,0,0,0,0,0,0,0,0,0,0,0,0,0,0,0,0,0,0,0,0,0,0,0,0,0,0.0313421785831451,0.0613711103796959,0.0831617191433907,0.0667461454868317,0.0589635111391544,0.145685955882072,0.219220295548439,0.208681225776672,0,0,0,0.214950039982796,0.322088062763214,0.2062608897686,0.288063794374466,0.37645560503006,0.493117809295654,0.563084661960602,0.631279349327087,0.53746634721756,0.452961951494217,0.53418493270874,0.61655867099762,0.598967313766479,0.44705656170845,0.427505880594254,0.0250025037676096,0,0.446218878030777,0.465686529874802,0.55412769317627,0.89076179265976,0.822053253650665,0.534251928329468,0.722799241542816,0.932462275028229,0.735069811344147,0.515425443649292,0.879607737064362,1.01342988014221,1.14443123340607,1.1523106098175,1.14537334442139,1.04907155036926,0.899235963821411,0.929260492324829,1.04769849777222,1.01323223114014,0.963113129138947,0.699305236339569,0.750938892364502,0.529787361621857,0.707443177700043,0.920720160007477,1.10788416862488,1.31611931324005,1.30541503429413,1.38136494159698,1.39645683765411,1.40136122703552,1.17274844646454,1.06512677669525,0.72721928358078,0.461022943258286,0.789321959018707,0.612898707389832,1.04979038238525,1.36321485042572,1.50979971885681,1.66208207607269,1.33846342563629,1.40952336788177,1.32264566421509,1.11542129516602,0.505529463291168,0,0.906925618648529,1.08051228523254,1.10944056510925,1.51188981533051,1.59282386302948,1.55008184909821,1.47165787220001,1.59827637672424,1.59076464176178,1.48881733417511,1.32515525817871,0.985211133956909,1.25201964378357,1.22753798961639,1.23423516750336,0.405904650688171,0,0.437062203884125,1.36101281642914,1.50885272026062,1.4710807800293,1.56539475917816,1.63604521751404,1.41347694396973,0.889696419239044,0.0631183683872223,0.763099193572998,1.05168116092682,1.41879189014435,1.430579662323,1.48050463199615,1.65497553348541,1.56170117855072,1.56200814247131,1.7042647600174,1.82586801052094,1.1643158197403,0.421428322792053,0,0,0.528198421001434,1.43079650402069,1.20659208297729,0.695222496986389,0.838786005973816,0.594081878662109,0,0,0,0,0,0,0,0,0,0,0,0,0,0,0,0,0,0,0.580411076545715,0.932233035564423,0.528597176074982,0,0,0,0,0,0,0,0,0,0,0,0,0,0.264615535736084,0,0,0,0,0,0,0,0,0,0,0,0,0,0,0,0,0,0,0,0,0,0,0,0,0,0,0,0,0,0,0,0,0,0,0,0,0,0,0,0,0,0,0,118
Offenbach am Main,0,0,0,0,0,0,0,0,0,0,0,0,0,0,0,0,0,0,0,0,0,0,0,0,0,0,0,0,0,0,0,0,0,0,0,0,0,0,0,0,0,0,0,0,0,0,0,0,0,0,0,0,0,0,0,0,0,0,0,0,0,0,0,0,0,0,0,0,0,0,0,0,0,0,0,0,0,0,0,0,0,0,0,0,0,0,0,0,0,0,0,0,0,0,0,0,0,0,0,0,0,0,0,0,0,0,0,0,0,0,0,0,0,0,0,0,0,0,0,0,0,0,0,0.00135844922624528,1.62070282385685e-05,0,0,0,0,0,0,0,0,0,0,0,0,0,0,0,0,0,0,0,0,0,0,0,0,0,0,0,0,0,0,0,0,0,0,0,0,0,0,0,0,0.000324644846841693,0.0706411153078079,0.095074824988842,0.0785769820213318,0.0669191852211952,0.157877862453461,0.239671066403389,0.241118550300598,0,0,0,0.2253727465868,0.360330760478973,0.221467360854149,0.305825889110565,0.413032621145248,0.538812041282654,0.628897070884705,0.703924953937531,0.606118619441986,0.51512736082077,0.579755127429962,0.67419046163559,0.682696223258972,0.514185965061188,0.486975759267807,0.232934877276421,0,0.524781405925751,0.524104177951813,0.6212477684021,0.99143773317337,0.934952616691589,0.603432953357697,0.792121291160583,1.0249832868576,0.848817229270935,0.575077891349792,0.972028911113739,1.10320365428925,1.25377821922302,1.27769649028778,1.28265511989594,1.18402826786041,1.01800215244293,1.04634416103363,1.18310403823853,1.13220369815826,1.08180475234985,0.783628463745117,0.853878855705261,0.620392382144928,0.808003187179565,1.04861104488373,1.22581934928894,1.43651211261749,1.44691729545593,1.53343856334686,1.5522004365921,1.55111813545227,1.32295036315918,1.20338106155396,0.846173763275146,0.54503458738327,0.902535438537598,0.691319167613983,1.1885381937027,1.5232982635498,1.67201089859009,1.83407890796661,1.50443148612976,1.56335246562958,1.47776889801025,1.2743604183197,0.662842750549316,0,0.990251362323761,1.21510779857635,1.25783276557922,1.69224536418915,1.79703772068024,1.73016202449799,1.6704033613205,1.80124020576477,1.77844059467316,1.6845794916153,1.50327396392822,1.09233283996582,1.35292375087738,1.38949644565582,1.4379073381424,0.573729932308197,0,0.621554791927338,1.5528838634491,1.6680018901825,1.66472494602203,1.75814116001129,1.84221839904785,1.63553416728973,1.11960387229919,0.588039815425873,0.84076988697052,1.12408566474915,1.56997537612915,1.61374080181122,1.66409134864807,1.86701309680939,1.74663531780243,1.73303365707397,1.87953877449036,2.04278588294983,1.38458693027496,0.560566604137421,0,0,0.621143281459808,1.64679408073425,1.40995907783508,0.902928173542023,1.03994286060333,0.809019565582275,0,0,0,0,0,0,0,0,0,0,0,0,0,0,0,0,0,0,0.630973637104034,1.05665397644043,0.650492787361145,0,0,0,0,0,0,0,0,0,0,0,0,0,0.378569394350052,0,0,0,0,0,0,0,0,0,0,0,0,0,0,0,0,0,0,0,0,0,0,0,0,0,0,0,0,0,0,0,0,0,0,0,0,0,0,0,0,0,0,0,119
Wiesbaden,0,0,0,0,0,0,0,0,0,0,0,0,0,0,0,0,0,0,0,0,0,0,0,0,0,0,0,0,0,0,0,0,0,0,0,0,0,0,0,0,0,0,0,0,0,0,0,0,0,0,0,0,0,0,0,0,0,0,0,0,0,0,0,0,0,0,0,0,0,0,0,0,0,0,0,0,0,0,0,0,0,0,0,0,0,0,0,0,0,0,0,0,0,0,0,0,0,0,0,0,0,0,0,0,0,0,0,0,0,0,0,0,0,0,0,0,0,0,0,0,0,0,0,0,0.00106175697874278,0,0,0,0,0,0,0,0,0,0,0,0,0,0,0,0,0,0,0,0,0,0,0,0,0,0,0,0,0,0,0,0,0,0,0,0,0,0,0,0,0,0.000816742074675858,0.0356179513037205,0.0207916013896465,0.000927017827052623,0.0765986070036888,0.113657273352146,0.10410300642252,0,0,0,0.110326334834099,0.167279988527298,0.105900198221207,0.153117775917053,0.19749653339386,0.27650648355484,0.306381583213806,0.345936328172684,0.297268182039261,0.231383413076401,0.294350147247314,0.339745253324509,0.325613260269165,0.208338648080826,0.205930948257446,0,0,0.213744193315506,0.249402090907097,0.311348855495453,0.5058473944664,0.439587563276291,0.263311833143234,0.398586690425873,0.54116690158844,0.373773187398911,0.250901728868484,0.497235596179962,0.589045464992523,0.671929895877838,0.672376751899719,0.660354256629944,0.569471597671509,0.483946919441223,0.504936873912811,0.574891746044159,0.552436709403992,0.529071152210236,0.387891948223114,0.359986126422882,0.243965312838554,0.363561451435089,0.481387466192245,0.606187880039215,0.749533772468567,0.725533187389374,0.78276789188385,0.791090488433838,0.790199756622314,0.62542861700058,0.553392648696899,0.348891586065292,0.0071146828122437,0.37705010175705,0.281796276569366,0.557258307933807,0.736289203166962,0.835117220878601,0.919678747653961,0.735842883586884,0.751405775547028,0.744227886199951,0.559298932552338,0.00680537847802043,0,0.472091645002365,0.579852759838104,0.558341205120087,0.808527886867523,0.859975159168243,0.828687906265259,0.747491300106049,0.844375491142273,0.854520738124847,0.762407779693604,0.685363411903381,0.470099955797195,0.655865013599396,0.600578129291534,0.572076499462128,0,0,0,0.665502846240997,0.77260023355484,0.782679378986359,0.801741540431976,0.825581252574921,0.696136236190796,0.241028189659119,0,0.361245304346085,0.519734621047974,0.727624297142029,0.734004735946655,0.738800823688507,0.848999202251434,0.797014772891998,0.811398983001709,0.88908439874649,0.933111250400543,0.470904976129532,0,0,0,0.00794357899576426,0.680794477462769,0.533422231674194,0.00982912909239531,0.226151183247566,0.00760569516569376,0,0,0,0,0,0,0,0,0,0,0,0,0,0,0,0,0,0,0.26044562458992,0.46278178691864,0.0069407275877893,0,0,0,0,0,0,0,0,0,0,0,0,0,0,0,0,0,0,0,0,0,0,0,0,0,0,0,0,0,0,0,0,0,0,0,0,0,0,0,0,0,0,0,0,0,0,0,0,0,0,0,0,0,0,0,0,0,120
Bergstraße,0,0,0,0,0,0,0,0,0,0,0,0,0,0,0,0,0,0,0,0,0,0,0,0,0,0,0,0,0,0,0,0,0,0,0,0,0,0,0,0,0,0,0,0,0,0,0,0,0,0,0,0,0,0,0,0,0,0,0,0,0,0,0,0,0,0,0,0,0,0,0,0,0,0,0,0,0,0,0,0,0,0,0,0,0,0,0,0,0,0,0,0,0,0,0,0,0,0,0,0,0,0,0,0,0,0,0,0,0,0,0,0,0,0,0,0,0,0,0,0,0,0,0,0,0,0,0,0,0,0,0,0,0,0,0,0,0,0,0,0,0,0,0,0,0,0,0,0,0,0,0,0,0,0,0,0,0,0,0,0,0,0,0,0,0,0,0.0411222018301487,0.0569762885570526,0.043535590171814,0.0564016997814178,0.100588120520115,0.157258152961731,0.147482916712761,0,0,0,0.154607564210892,0.238846465945244,0.171583160758018,0.20766669511795,0.273907005786896,0.364302635192871,0.420988023281097,0.46773973107338,0.409202575683594,0.35334038734436,0.406324148178101,0.477869868278503,0.453517019748688,0.304817348718643,0.223672911524773,0.0207284595817327,0,0.334395080804825,0.333029240369797,0.415113598108292,0.6816765666008,0.653969883918762,0.434043496847153,0.582235395908356,0.727073013782501,0.590227782726288,0.415858775377274,0.664531409740448,0.76563024520874,0.872406959533691,0.899329006671906,0.941028773784637,0.841698110103607,0.717081665992737,0.744540929794312,0.875889778137207,0.825909316539764,0.763531088829041,0.581591069698334,0.586363852024078,0.35399404168129,0.586505651473999,0.749558925628662,0.883194386959076,1.04004907608032,1.08773612976074,1.112025141716,1.1736649274826,1.13108491897583,0.963507771492004,0.789019346237183,0.665327966213226,0.411130309104919,0.694367587566376,0.515566229820251,0.865413784980774,1.08425450325012,1.25366079807281,1.3874751329422,1.08688473701477,1.12827503681183,1.14142787456512,0.954662561416626,0.39205065369606,0.0460784956812859,0.679155945777893,0.87591552734375,0.909003973007202,1.21051573753357,1.30119049549103,1.24058270454407,1.27639544010162,1.32199561595917,1.32531905174255,1.20895433425903,1.09825193881989,0.79397451877594,1.02393424510956,1.03440952301025,0.999364793300629,0.219761237502098,0,0.456111073493958,1.00354969501495,1.24403119087219,1.29664611816406,1.27573883533478,1.36019563674927,1.2145174741745,0.863103628158569,0.485913932323456,0.648022770881653,0.877277255058289,1.21228325366974,1.25599849224091,1.2931991815567,1.44181740283966,1.32746613025665,1.30930364131927,1.41638422012329,1.51785457134247,0.947205722332001,0.199430108070374,0,0,0,1.1715339422226,1.0244334936142,0.547259449958801,0.606323897838593,0.413787007331848,0,0,0,0,0,0,0,0,0,0,0,0,0,0,0,0,0,0,0.499071419239044,0.74211847782135,0.351787805557251,0,0,0,0,0,0,0,0,0,0,0,0,0,0,0,0,0,0,0,0,0,0,0,0,0,0,0,0,0,0,0,0,0,0,0,0,0,0,0,0,0,0,0,0,0,0,0,0,0,0,0,0,0,0,0,0,0,121
Darmstadt-Dieburg,0,0,0,0,0,0,0,0,0,0,0,0,0,0,0,0,0,0,0,0,0,0,0,0,0,0,0,0,0,0,0,0,0,0,0,0,0,0,0,0,0,0,0,0,0,0,0,0,0,0,0,0,0,0,0,0,0,0,0,0,0,0,0,0,0,0,0,0,0,0,0,0,0,0,0,0,0,0,0,0,0,0,0,0,0,0,0,0,0,0,0,0,0,0,0,0,0,0,0,0,0,0,0,0,0,0,0,0,0,0,0,0,0,0,0,0,0,0,0,0,0,0,0,8.50181004352635e-06,1.33162666315911e-05,0,0,0,0,0,0,0,0,0,0,0,0,0,0,0,0,0,0,0,0,0,0,0,0,0,0,0,0,0,0,0,0,0,0,0,0,0,0,0,0,0,0.0327648632228374,0.0528279766440392,0.0401762686669827,0.0374636687338352,0.0889462605118752,0.141992479562759,0.142662614583969,0,0,0,0.131683975458145,0.220143496990204,0.125866428017616,0.177182048559189,0.244549244642258,0.33224481344223,0.394170224666595,0.439861625432968,0.387228459119797,0.323216050863266,0.363110512495041,0.435293197631836,0.437663912773132,0.301660925149918,0.256496369838715,0.00180834636557847,0,0.321337223052979,0.330421656370163,0.382905900478363,0.635137736797333,0.605863034725189,0.37217766046524,0.51160591840744,0.66963130235672,0.548671782016754,0.352802723646164,0.617498159408569,0.704015374183655,0.816257357597351,0.841128587722778,0.858984410762787,0.778027236461639,0.668831169605255,0.689499080181122,0.794699966907501,0.743634581565857,0.703069925308228,0.507933914661407,0.527059555053711,0.35149547457695,0.531389236450195,0.682021141052246,0.789848506450653,0.939339280128479,0.961807787418365,1.00620114803314,1.03242003917694,1.02339136600494,0.87743067741394,0.756116032600403,0.555224597454071,0.255299240350723,0.580278635025024,0.396540135145187,0.768535196781158,0.978893756866455,1.1017701625824,1.23399758338928,0.981285691261292,1.00314509868622,0.987091064453125,0.837890625,0.342982262372971,0,0.597947120666504,0.783305883407593,0.793123066425323,1.09032642841339,1.16205656528473,1.11206066608429,1.11061632633209,1.16872978210449,1.16094136238098,1.09012961387634,0.977014780044556,0.682970345020294,0.868213653564453,0.905579328536987,0.903015851974487,0.0662784576416016,0,0.359865039587021,0.947160661220551,1.07551884651184,1.1124495267868,1.13086426258087,1.19072353839874,1.06011819839478,0.725683927536011,0.133153423666954,0.506235718727112,0.700599610805511,1.01846432685852,1.04643547534943,1.1009726524353,1.23843371868134,1.1301121711731,1.11823844909668,1.22028779983521,1.32751929759979,0.861380338668823,0.00501671386882663,0,0,0.0643418952822685,1.04510486125946,0.885419189929962,0.48877227306366,0.605398297309875,0.426300227642059,0,0,0,0,0,0,0,0,0,0,0,0,0,0,0,0,0,0,0.404855787754059,0.653284013271332,0.383720606565475,0,0,0,0,0,0,0,0,0,0,0,0,0,0.00305943214334548,0,0,0,0,0,0,0,0,0,0,0,0,0,0,0,0,0,0,0,0,0,0,0,0,0,0,0,0,0,0,0,0,0,0,0,0,0,0,0,0,0,0,0,122
Groß-Gerau,0,0,0,0,0,0,0,0,0,0,0,0,0,0,0,0,0,0,0,0,0,0,0,0,0,0,0,0,0,0,0,0,0,0,0,0,0,0,0,0,0,0,0,0,0,0,0,0,0,0,0,0,0,0,0,0,0,0,0,0,0,0,0,0,0,0,0,0,0,0,0,0,0,0,0,0,0,0,0,0,0,0,0,0,0,0,0,0,0,0,0,0,0,0,0,0,0,0,0,0,0,0,0,0,0,0,0,0,0,0,0,0,0,0,0,0,0,0,0,0,0,0,0,0.000649435562081635,0.00138497538864613,0,0,0,0,0,0,0,0,0,0,0,0,0,0,0,0,0,0,0,0,0,0,0,0,0,0,0,0,0,0,0,0,0,0,0,0,0,0,0,0,0.00198286958038807,0.0547328889369965,0.0724470391869545,0.065349206328392,0.0686928927898407,0.123263321816921,0.186569288372993,0.170317471027374,0,0,0,0.187371879816055,0.273051887750626,0.203715473413467,0.253406018018723,0.320673793554306,0.417321175336838,0.467041820287704,0.521355211734772,0.457694441080093,0.385305494070053,0.454093754291534,0.527075171470642,0.493544489145279,0.36821973323822,0.344081372022629,0,0,0.382043272256851,0.393419831991196,0.472476273775101,0.741481006145477,0.699186682701111,0.468540132045746,0.62492573261261,0.789347171783447,0.625240683555603,0.463614344596863,0.743879437446594,0.847489774227142,0.950986564159393,0.972223103046417,0.975432634353638,0.881340146064758,0.754973530769348,0.794201076030731,0.91160523891449,0.88065367937088,0.820940315723419,0.636949419975281,0.65469765663147,0.48786261677742,0.649686813354492,0.804928779602051,0.958859086036682,1.12988531589508,1.12895929813385,1.18861544132233,1.22346818447113,1.19701766967773,1.01796281337738,0.889279305934906,0.682397425174713,0.501442909240723,0.719945549964905,0.585746347904205,0.924075722694397,1.16912567615509,1.32338345050812,1.45694148540497,1.17263579368591,1.21944689750671,1.19793176651001,1.00054848194122,0.494053959846497,0,0.840583741664886,0.990770220756531,0.988661885261536,1.32659840583801,1.39067363739014,1.3433221578598,1.300572514534,1.40509223937988,1.40983057022095,1.30343866348267,1.17084395885468,0.881116509437561,1.11863815784454,1.08998548984528,1.08151257038116,0.454435586929321,0,0.523284614086151,1.17330622673035,1.33781373500824,1.32806050777435,1.39182615280151,1.45172011852264,1.26489615440369,0.865139544010162,0.473634362220764,0.772965133190155,0.975449562072754,1.28738152980804,1.31764268875122,1.33479130268097,1.49721086025238,1.41091024875641,1.40929579734802,1.53001797199249,1.62251853942871,1.02298438549042,0.391179025173187,0,0,0.380592375993729,1.28159296512604,1.10440194606781,0.711702227592468,0.774839878082275,0.592104911804199,0,0,0,0,0,0,0,0,0,0,0,0,0,0,0,0,0,0,0.554977595806122,0.856770038604736,0.438818961381912,0,0,0,0,0,0,0,0,0,0,0,0,0,0.0138055672869086,0,0,0,0,0,0,0,0,0,0,0,0,0,0,0,0,0,0,0,0,0,0,0,0,0,0,0,0,0,0,0,0,0,0,0,0,0,0,0,0,0,0,0,123
Hochtaunuskreis,0,0,0,0,0,0,0,0,0,0,0,0,0,0,0,0,0,0,0,0,0,0,0,0,0,0,0,0,0,0,0,0,0,0,0,0,0,0,0,0,0,0,0,0,0,0,0,0,0,0,0,0,0,0,0,0,0,0,0,0,0,0,0,0,0,0,0,0,0,0,0,0,0,0,0,0,0,0,0,0,0,0,0,0,0,0,0,0,0,0,0,0,0,0,0,0,0,0,0,0,0,0,0,0,0,0,0,0,0,0,0,0,0,0,0,0,0,0,0,0,0,0,0,6.86002886141068e-06,1.31241422423045e-05,0,0,0,0,0,0,0,0,0,0,0,0,0,0,0,0,0,0,0,0,0,0,0,0,0,0,0,0,0,0,0,0,0,0,0,0,0,0,0,0,0.000207389515708201,0.00673009315505624,0.0235083624720573,0.000424840138293803,0.000384411658160388,0.0555419698357582,0.0849686712026596,0.0803509801626205,0,0,0,0.0771205723285675,0.127382665872574,0.0303444620221853,0.10957345366478,0.150023818016052,0.21578423678875,0.248459175229073,0.279428511857986,0.233476832509041,0.179556041955948,0.234057739377022,0.267964035272598,0.272382169961929,0.161902233958244,0.154387414455414,0,0,0.152886211872101,0.153789773583412,0.236386105418205,0.421774744987488,0.352140367031097,0.181982010602951,0.31543231010437,0.445975095033646,0.296362489461899,0.0817502588033676,0.40789607167244,0.496345430612564,0.572158575057983,0.566243648529053,0.551833391189575,0.478686720132828,0.401258140802383,0.411787658929825,0.465599685907364,0.452129513025284,0.438424855470657,0.283635020256042,0.264468371868134,0.0782753378152847,0.255513310432434,0.383762031793594,0.489473760128021,0.620880246162415,0.613439440727234,0.666076481342316,0.658440172672272,0.675582349300385,0.52007257938385,0.464715898036957,0.245400607585907,0.00293564330786467,0.243070259690285,0.0955334901809692,0.453531593084335,0.611092209815979,0.697983205318451,0.771222412586212,0.617604494094849,0.631969392299652,0.60502415895462,0.453559041023254,0.00312006217427552,0,0.343879580497742,0.446396768093109,0.446340322494507,0.675520300865173,0.732091307640076,0.70408970117569,0.634242415428162,0.711252331733704,0.724098265171051,0.642854034900665,0.568910002708435,0.357977330684662,0.534556269645691,0.493784606456757,0.472007036209106,0.00228089792653918,0,0.00245329015888274,0.546902775764465,0.643086612224579,0.654518365859985,0.666533708572388,0.693192899227142,0.58058887720108,0.116526007652283,0,0.100650601089001,0.39048570394516,0.596560120582581,0.588232576847076,0.606264591217041,0.717889428138733,0.665018141269684,0.661366641521454,0.736061155796051,0.795240163803101,0.388874351978302,0.00239309086464345,0,0,0.00341205880977213,0.570196509361267,0.424545884132385,0.00431760307401419,0.112543523311615,0.00362428952939808,0,0,0,0,0,0,0,0,0,0,0,0,0,0,0,0,0,0,0.168799221515656,0.370551615953445,0.0731689557433128,0,0,0,0,0,0,0,0,0,0,0,0,0,0.00144393253140152,0,0,0,0,0,0,0,0,0,0,0,0,0,0,0,0,0,0,0,0,0,0,0,0,0,0,0,0,0,0,0,0,0,0,0,0,0,0,0,0,0,0,0,124
Main-Kinzig-Kreis,0,0,0,0,0,0,0,0,0,0,0,0,0,0,0,0,0,0,0,0,0,0,0,0,0,0,0,0,0,0,0,0,0,0,0,0,0,0,0,0,0,0,0,0,0,0,0,0,0,0,0,0,0,0,0,0,0,0,0,0,0,0,0,0,0,0,0,0,0,0,0,0,0,0,0,0,0,0,0,0,0,0,0,0,0,0,0,0,0,0,0,0,0,0,0,0,0,0,0,0,0,0,0,0,0,0,0,0,0,0,0,0,0,0,0,0,0,0,0,0,0,0,0,4.33378118032124e-05,0,0,0,0,0,0,0,0,0,0,0,0,0,0,0,0,0,0,0,0,0,0,0,0,0,0,0,0,0,0,0,0,0,0,0,0,0,0,0,0,0,0,0.00794543605297804,0.0215180087834597,0.00870472006499767,0.00535989413037896,0.0462511219084263,0.076547771692276,0.0830461159348488,0,0,0,0.0584672093391418,0.121788837015629,0.0380843318998814,0.0738256201148033,0.144781693816185,0.197207018733025,0.236662060022354,0.268011897802353,0.223684340715408,0.187772378325462,0.214777991175652,0.261047601699829,0.27067106962204,0.178103342652321,0.114212386310101,0.0220300536602736,0,0.123653583228588,0.148378923535347,0.228631645441055,0.40253883600235,0.361956834793091,0.161320045590401,0.300142824649811,0.426542818546295,0.323140025138855,0.105616845190525,0.392011940479279,0.469429820775986,0.542503178119659,0.549877882003784,0.551822543144226,0.48339831829071,0.398778200149536,0.395706683397293,0.479478389024734,0.456478953361511,0.436858117580414,0.249666884541512,0.275228172540665,0.125923559069633,0.259623289108276,0.40046751499176,0.480164051055908,0.591998219490051,0.609764337539673,0.631247878074646,0.637339353561401,0.659654319286346,0.53321385383606,0.462038546800613,0.261752545833588,0.0673597231507301,0.204433903098106,0.12431688606739,0.44498935341835,0.592635691165924,0.688571870326996,0.760220646858215,0.612256526947021,0.62667590379715,0.60888534784317,0.483507126569748,0.121498286724091,0,0.193015351891518,0.406198352575302,0.447992771863937,0.646037220954895,0.725301742553711,0.691588580608368,0.682412624359131,0.705708980560303,0.7033931016922,0.646151483058929,0.554684460163116,0.322089701890945,0.479066222906113,0.531028032302856,0.525326728820801,0.054553709924221,0,0.0552673116326332,0.545526683330536,0.634259402751923,0.663479030132294,0.657145917415619,0.701384484767914,0.624230325222015,0.324914157390594,0.0189093723893166,0.107607617974281,0.256727993488312,0.539344906806946,0.572319328784943,0.616356909275055,0.709672331809998,0.652506768703461,0.61957049369812,0.687317907810211,0.780649423599243,0.475081652402878,0.0179054643958807,0,0,0.0198303870856762,0.531768500804901,0.459375321865082,0.165644928812981,0.229380458593369,0.156287312507629,0,0,0,0,0,0,0,0,0,0,0,0,0,0,0,0,0,0,0.121227599680424,0.287237465381622,0.153294757008553,0,0,0,0,0,0,0,0,0,0,0,0,0,0.0775839388370514,0,0,0,0,0,0,0,0,0,0,0,0,0,0,0,0,0,0,0,0,0,0,0,0,0,0,0,0,0,0,0,0,0,0,0,0,0,0,0,0,0,0,0,125
Main-Taunus-Kreis,0,0,0,0,0,0,0,0,0,0,0,0,0,0,0,0,0,0,0,0,0,0,0,0,0,0,0,0,0,0,0,0,0,0,0,0,0,0,0,0,0,0,0,0,0,0,0,0,0,0,0,0,0,0,0,0,0,0,0,0,0,0,0,0,0,0,0,0,0,0,0,0,0,0,0,0,0,0,0,0,0,0,0,0,0,0,0,0,0,0,0,0,0,0,0,0,0,0,0,0,0,0,0,0,0,0,0,0,0,0,0,0,0,0,0,0,0,0,0,0,0,0,0,8.02309805294499e-05,0.00151569163426757,0,0,0,0,0,0,0,0,0,0,0,0,0,0,0,0,0,0,0,0,0,0,0,0,0,0,0,0,0,0,0,0,0,0,0,0,0,0,0,0,0.00242550927214324,0.0300896856933832,0.048852451145649,0.038784321397543,0.0337422229349613,0.0926871970295906,0.138887375593185,0.126728355884552,0,0,0,0.138362213969231,0.201200127601624,0.126955568790436,0.185272544622421,0.237953960895538,0.32001805305481,0.357915431261063,0.400985300540924,0.341233551502228,0.279005497694016,0.343545973300934,0.398334324359894,0.377166658639908,0.266229510307312,0.256959497928619,0,0,0.259768635034561,0.296273410320282,0.352171272039413,0.573617994785309,0.514718472957611,0.323185741901398,0.463532835245132,0.609315872192383,0.450196593999863,0.306278109550476,0.568096101284027,0.665957987308502,0.752004325389862,0.752311170101166,0.741054594516754,0.66192901134491,0.564118027687073,0.585404813289642,0.664358556270599,0.648369312286377,0.61382532119751,0.446484744548798,0.453489780426025,0.305327773094177,0.438920795917511,0.572875797748566,0.708313822746277,0.858150720596313,0.838427126407623,0.893814504146576,0.90133273601532,0.904367804527283,0.736793220043182,0.663775980472565,0.434312283992767,0.258793771266937,0.480069518089294,0.360324382781982,0.658250451087952,0.865150630474091,0.972411394119263,1.07191061973572,0.852881133556366,0.895204424858093,0.852283239364624,0.686111152172089,0.251192420721054,0,0.573592066764832,0.684330224990845,0.68554162979126,0.956222653388977,1.00917291641235,0.981605172157288,0.912759363651276,1.00536501407623,1.0112212896347,0.925504088401794,0.824985206127167,0.6027552485466,0.803699612617493,0.75981742143631,0.733092129230499,0.0266760773956776,0,0.0286922808736563,0.83020955324173,0.952488720417023,0.933473825454712,0.980796098709106,1.01996684074402,0.861218810081482,0.461141467094421,0,0.461434870958328,0.664410889148712,0.896878659725189,0.897061169147491,0.922599494457245,1.03635096549988,0.979833722114563,0.992225408554077,1.08794891834259,1.15096235275269,0.661564528942108,0.0279882252216339,0,0,0.290516406297684,0.869021475315094,0.714934885501862,0.360594123601913,0.435477048158646,0.282338708639145,0,0,0,0,0,0,0,0,0,0,0,0,0,0,0,0,0,0,0.365775614976883,0.581170320510864,0.255179882049561,0,0,0,0,0,0,0,0,0,0,0,0,0,0.0168874096125364,0,0,0,0,0,0,0,0,0,0,0,0,0,0,0,0,0,0,0,0,0,0,0,0,0,0,0,0,0,0,0,0,0,0,0,0,0,0,0,0,0,0,0,126
Odenwaldkreis,0,0,0,0,0,0,0,0,0,0,0,0,0,0,0,0,0,0,0,0,0,0,0,0,0,0,0,0,0,0,0,0,0,0,0,0,0,0,0,0,0,0,0,0,0,0,0,0,0,0,0,0,0,0,0,0,0,0,0,0,0,0,0,0,0,0,0,0,0,0,0,0,0,0,0,0,0,0,0,0,0,0,0,0,0,0,0,0,0,0,0,0,0,0,0,0,0,0,0,0,0,0,0,0,0,0,0,0,0,0,0,0,0,0,0,0,0,0,0,0,0,0,0,0,0,0,0,0,0,0,0,0,0,0,0,0,0,0,0,0,0,0,0,0,0,0,0,0,0,0,0,0,0,0,0,0,0,0,0,0,0,0,0,0,0,0,0.00097604189068079,0.0198210403323174,0.00120803352911025,0.00169189414009452,0.0424851216375828,0.0681306198239326,0.0689988732337952,0,0,0,0.0631405264139175,0.108954071998596,0.0137818632647395,0.0756986364722252,0.116217762231827,0.172510221600533,0.21127761900425,0.240815937519073,0.201151415705681,0.165500372648239,0.192514464259148,0.240968808531761,0.237213894724846,0.123763255774975,0.0236011613160372,0,0,0.139289647340775,0.160877674818039,0.202364474534988,0.359124034643173,0.32745885848999,0.186770796775818,0.277176529169083,0.382918626070023,0.288920611143112,0.14512000977993,0.325861513614655,0.398138821125031,0.472780525684357,0.472892075777054,0.50778204202652,0.432613968849182,0.367735236883163,0.36673492193222,0.445253610610962,0.396684616804123,0.379305183887482,0.246408134698868,0.245649978518486,0.0119118429720402,0.23463062942028,0.349157184362411,0.428138077259064,0.530071318149567,0.550603210926056,0.553961098194122,0.587426543235779,0.577550232410431,0.468668609857559,0.374429821968079,0.258730262517929,0,0.291502058506012,0.043802946805954,0.400928735733032,0.521856904029846,0.605811834335327,0.684698879718781,0.511866271495819,0.527642488479614,0.532127976417542,0.426548838615417,0.0109820710495114,0,0.162342175841331,0.357385158538818,0.38224533200264,0.55327045917511,0.612842381000519,0.579789340496063,0.601273119449615,0.60900753736496,0.607590556144714,0.53996217250824,0.485391736030579,0.334209352731705,0.450016558170319,0.456692785024643,0.419117718935013,0,0,0.0116192139685154,0.408234775066376,0.555253684520721,0.596726715564728,0.555946588516235,0.607522130012512,0.534115135669708,0.311900228261948,0,0.186416864395142,0.332383155822754,0.509018063545227,0.533762633800507,0.56896436214447,0.636533319950104,0.566946804523468,0.554643034934998,0.625719964504242,0.669895172119141,0.37711963057518,0,0,0,0,0.476248949766159,0.376661479473114,0.0150119187310338,0.0557197406888008,0.0150212058797479,0,0,0,0,0,0,0,0,0,0,0,0,0,0,0,0,0,0,0.163544431328773,0.275170862674713,0.0378250777721405,0,0,0,0,0,0,0,0,0,0,0,0,0,0,0,0,0,0,0,0,0,0,0,0,0,0,0,0,0,0,0,0,0,0,0,0,0,0,0,0,0,0,0,0,0,0,0,0,0,0,0,0,0,0,0,0,0,127
Offenbach,0,0,0,0,0,0,0,0,0,0,0,0,0,0,0,0,0,0,0,0,0,0,0,0,0,0,0,0,0,0,0,0,0,0,0,0,0,0,0,0,0,0,0,0,0,0,0,0,0,0,0,0,0,0,0,0,0,0,0,0,0,0,0,0,0,0,0,0,0,0,0,0,0,0,0,0,0,0,0,0,0,0,0,0,0,0,0,0,0,0,0,0,0,0,0,0,0,0,0,0,0,0,0,0,0,0,0,0,0,0,0,0,0,0,0,0,0,0,0,0,0,0,0,0.000856366415973753,0.000480563467135653,0,0,0,0,0,0,0,0,0,0,0,0,0,0,0,0,0,0,0,0,0,0,0,0,0,0,0,0,0,0,0,0,0,0,0,0,0,0,0,0,0.00962622091174126,0.0596991069614887,0.0842155888676643,0.0686246007680893,0.0604011788964272,0.140872046351433,0.216069772839546,0.215888634324074,0,0,0,0.204491004347801,0.325856268405914,0.19808854162693,0.275624722242355,0.374182760715485,0.491679400205612,0.573590159416199,0.641137659549713,0.553981423377991,0.469121187925339,0.530703365802765,0.621922492980957,0.62531989812851,0.463893920183182,0.433167308568954,0.135664880275726,0,0.474041968584061,0.483477383852005,0.565417349338531,0.911809146404266,0.858513951301575,0.548058211803436,0.731405735015869,0.949595510959625,0.779548287391663,0.520800769329071,0.89751935005188,1.02119016647339,1.16338968276978,1.18814861774445,1.19205212593079,1.09558951854706,0.939763784408569,0.966915428638458,1.10012578964233,1.05251133441925,1.00231766700745,0.723211407661438,0.781163811683655,0.563845455646515,0.749484002590179,0.96830290555954,1.13460469245911,1.33807742595673,1.34802746772766,1.42492628097534,1.44397377967834,1.44457542896271,1.22949206829071,1.1090407371521,0.78009569644928,0.487024754285812,0.829818427562714,0.620995819568634,1.10149359703064,1.41199207305908,1.56114315986633,1.71890449523926,1.39886891841888,1.45198106765747,1.38125991821289,1.18400883674622,0.589692711830139,0,0.905093848705292,1.12879157066345,1.16059076786041,1.57077252864838,1.6715897321701,1.60691738128662,1.55916953086853,1.67405021190643,1.65731287002563,1.56452429294586,1.39527463912964,1.00893402099609,1.26115870475769,1.2969114780426,1.3260372877121,0.469033390283585,0,0.556110858917236,1.42901515960693,1.55531895160675,1.56058287620544,1.63691997528076,1.71452593803406,1.51795530319214,1.0279552936554,0.264258712530136,0.767793476581573,1.04280245304108,1.46384835243225,1.50040483474731,1.55596840381622,1.74395787715912,1.62631154060364,1.61707675457001,1.75736737251282,1.90733659267426,1.2724187374115,0.333337783813477,0,0,0.409976810216904,1.52515733242035,1.30259692668915,0.811815559864044,0.942149102687836,0.725205421447754,0,0,0,0,0,0,0,0,0,0,0,0,0,0,0,0,0,0,0.591949582099915,0.977093040943146,0.594522416591644,0,0,0,0,0,0,0,0,0,0,0,0,0,0.289448201656342,0,0,0,0,0,0,0,0,0,0,0,0,0,0,0,0,0,0,0,0,0,0,0,0,0,0,0,0,0,0,0,0,0,0,0,0,0,0,0,0,0,0,0,128
Rheingau-Taunus-Kreis,0,0,0,0,0,0,0,0,0,0,0,0,0,0,0,0,0,0,0,0,0,0,0,0,0,0,0,0,0,0,0,0,0,0,0,0,0,0,0,0,0,0,0,0,0,0,0,0,0,0,0,0,0,0,0,0,0,0,0,0,0,0,0,0,0,0,0,0,0,0,0,0,0,0,0,0,0,0,0,0,0,0,0,0,0,0,0,0,0,0,0,0,0,0,0,0,0,0,0,0,0,0,0,0,0,0,0,0,0,0,0,0,0,0,0,0,0,0,0,0,0,0,0,0,4.68390171590727e-05,0,0,0,0,0,0,0,0,0,0,0,0,0,0,0,0,0,0,0,0,0,0,0,0,0,0,0,0,0,0,0,0,0,0,0,0,0,0,0,0,0,0.000387094303732738,0.0196556206792593,0.0014615977415815,0.000685461505781859,0.0521834753453732,0.0770298466086388,0.0725453421473503,0,0,0,0.0638658627867699,0.118599034845829,0.0561731494963169,0.102167449891567,0.138396933674812,0.204789534211159,0.228551208972931,0.262819349765778,0.226763516664505,0.164335653185844,0.21861720085144,0.251201510429382,0.253713458776474,0.132298141717911,0.133957773447037,0,0,0.140247657895088,0.166876256465912,0.235212400555611,0.403640031814575,0.333439320325851,0.151235267519951,0.30143740773201,0.433754950761795,0.274758785963058,0.119783349335194,0.395482182502747,0.468460351228714,0.549475491046906,0.549387574195862,0.53936380147934,0.452294707298279,0.375075072050095,0.397675067186356,0.453890711069107,0.420697003602982,0.41317543387413,0.297040313482285,0.243783071637154,0.0804156363010406,0.250009030103683,0.351257622241974,0.467501729726791,0.595837831497192,0.582039952278137,0.627890706062317,0.632382392883301,0.63781476020813,0.488990902900696,0.427193969488144,0.239389330148697,0.00542549509555101,0.235107466578484,0.0909488126635551,0.433624655008316,0.579204738140106,0.658485651016235,0.732065737247467,0.588575541973114,0.577906906604767,0.592419445514679,0.417766690254211,5.07174408994615e-05,0,0.336161524057388,0.445709645748138,0.405990928411484,0.640354037284851,0.688988029956818,0.653441786766052,0.571358263492584,0.658972978591919,0.670300602912903,0.58565878868103,0.530056357383728,0.314543783664703,0.480280190706253,0.424647122621536,0.417788773775101,0,0,0.00629724888131022,0.49337375164032,0.570806443691254,0.60530424118042,0.609316349029541,0.616735696792603,0.527381777763367,0.0185991525650024,0,0.175588607788086,0.346020013093948,0.542797863483429,0.543145596981049,0.543720185756683,0.653071582317352,0.594672858715057,0.611592173576355,0.669797420501709,0.705295920372009,0.297471046447754,0,0,0,5.91999414609745e-05,0.50587797164917,0.36375504732132,0.00657486962154508,0.017483364790678,0.00510070426389575,0,0,0,0,0,0,0,0,0,0,0,0,0,0,0,0,0,0,0.0819962695240974,0.343211650848389,5.17261360073462e-05,0,0,0,0,0,0,0,0,0,0,0,0,0,0,0,0,0,0,0,0,0,0,0,0,0,0,0,0,0,0,0,0,0,0,0,0,0,0,0,0,0,0,0,0,0,0,0,0,0,0,0,0,0,0,0,0,0,129
Wetteraukreis,0,0,0,0,0,0,0,0,0,0,0,0,0,0,0,0,0,0,0,0,0,0,0,0,0,0,0,0,0,0,0,0,0,0,0,0,0,0,0,0,0,0,0,0,0,0,0,0,0,0,0,0,0,0,0,0,0,0,0,0,0,0,0,0,0,0,0,0,0,0,0,0,0,0,0,0,0,0,0,0,0,0,0,0,0,0,0,0,0,0,0,0,0,0,0,0,0,0,0,0,0,0,0,0,0,0,0,0,0,0,0,0,0,0,0,0,0,0,0,0,0,0,0,7.58908981879358e-07,2.58652676166093e-07,0,0,0,0,0,0,0,0,0,0,0,0,0,0,0,0,0,0,0,0,0,0,0,0,0,0,0,0,0,0,0,0,0,0,0,0,0,0,0,0,5.18110164193786e-06,0.00960842985659838,0.0351132340729237,0.00828463491052389,3.69214649253991e-05,0.0712045580148697,0.113154076039791,0.116422273218632,0,0,0,0.109477683901787,0.171566426753998,0.0727595388889313,0.137088790535927,0.210146814584732,0.282126039266586,0.330915093421936,0.371728777885437,0.308404922485352,0.25615319609642,0.303539782762527,0.355700522661209,0.359761983156204,0.248239263892174,0.227110370993614,0.000101546938822139,0,0.23523785173893,0.244225412607193,0.309898614883423,0.54138845205307,0.476919561624527,0.264900267124176,0.413369745016098,0.563242554664612,0.419180244207382,0.187315791845322,0.532279551029205,0.633245766162872,0.716284513473511,0.718567073345184,0.70494556427002,0.627866148948669,0.532087206840515,0.533328592777252,0.614687502384186,0.590986132621765,0.579510986804962,0.36494842171669,0.384568005800247,0.223629131913185,0.353375464677811,0.530944883823395,0.643815100193024,0.784142076969147,0.785864889621735,0.837726771831512,0.837170481681824,0.861280858516693,0.690773665904999,0.627789258956909,0.364429980516434,0.0686236470937729,0.361811280250549,0.23989337682724,0.602983951568604,0.79233705997467,0.90207827091217,0.982829988002777,0.805212914943695,0.826123595237732,0.796907722949982,0.633076250553131,0.133036449551582,0,0.417053699493408,0.587805092334747,0.616442620754242,0.873232781887054,0.965958058834076,0.920853555202484,0.862274646759033,0.93065470457077,0.942387759685516,0.862808585166931,0.742779195308685,0.48971039056778,0.667722344398499,0.70065712928772,0.694347977638245,0.000305540947010741,0,0.000330579146975651,0.746316850185394,0.858672738075256,0.870286285877228,0.885842561721802,0.929822742938995,0.805007338523865,0.383755326271057,0.000256353407166898,0.127047806978226,0.51569926738739,0.766387939453125,0.76945024728775,0.809271812438965,0.945003271102905,0.878338158130646,0.837899327278137,0.93688291311264,1.04210269451141,0.638354003429413,0.00030252878786996,0,0,0.000340048543876037,0.763418912887573,0.614759802818298,0.233370661735535,0.363968789577484,0.169508069753647,0,0,0,0,0,0,0,0,0,0,0,0,0,0,0,0,0,0,0.151172429323196,0.490797400474548,0.246665313839912,0,0,0,0,0,0,0,0,0,0,0,0,0,0.0879968926310539,0,0,0,0,0,0,0,0,0,0,0,0,0,0,0,0,0,0,0,0,0,0,0,0,0,0,0,0,0,0,0,0,0,0,0,0,0,0,0,0,0,0,0,130
Gießen,0,0,0,0,0,0,0,0,0,0,0,0,0,0,0,0,0,0,0,0,0,0,0,0,0,0,0,0,0,0,0,0,0,0,0,0,0,0,0,0,0,0,0,0,0,0,0,0,0,0,0,0,0,0,0,0,0,0,0,0,0,0,0,0,0,0,0,0,0,0,0,0,0,0,0,0,0,0,0,0,0,0,0,0,0,0,0,0,0,0,0,0,0,0,0,0,0,0,0,0,0,0,0,0,0,0,0,0,0,0,0,0,0,0,0,0,0,0,0,0,0,0,0,0,0,0,0,0,0,0,0,0,0,0,0,0,0,0,0,0,0,0,0,0,0,0,0,0,0,0,0,0,0,0,0,0,0,0,0,0,0,0,0,0,0,0,0,0.0175489168614149,0,0,0.0438840277493,0.0735779106616974,0.0747745186090469,0,0,0,0.0643129497766495,0.112658627331257,0.0183961521834135,0.0901012346148491,0.139575898647308,0.195337876677513,0.231954902410507,0.264713436365128,0.220692917704582,0.176179125905037,0.213953658938408,0.246039733290672,0.260256916284561,0.164963230490685,0.150963366031647,0,0,0.144118055701256,0.106918513774872,0.209708988666534,0.389780879020691,0.324496150016785,0.153760194778442,0.281805962324142,0.397070974111557,0.275592654943466,0.0464933775365353,0.387225896120071,0.465077012777328,0.527643620967865,0.522340536117554,0.500433206558228,0.444081902503967,0.368633687496185,0.37452444434166,0.417957603931427,0.386893838644028,0.405332446098328,0.269982308149338,0.269368916749954,0.0569497607648373,0.234424978494644,0.35698664188385,0.450496912002563,0.553777933120728,0.553665459156036,0.622363448143005,0.601855218410492,0.625075161457062,0.491830408573151,0.444634854793549,0.228710979223251,0,0.135269954800606,0.0632920414209366,0.406135588884354,0.535327970981598,0.621928632259369,0.685574889183044,0.570143163204193,0.567061007022858,0.549838304519653,0.43289053440094,0,0,0.306581348180771,0.40097588300705,0.415590971708298,0.611059367656708,0.684466421604156,0.645997583866119,0.575395941734314,0.635056853294373,0.653739094734192,0.591809391975403,0.489668786525726,0.322576701641083,0.425212860107422,0.437390983104706,0.453420400619507,0,0,0,0.481791615486145,0.566262125968933,0.588024199008942,0.60370945930481,0.610563278198242,0.512171626091003,0.0806934610009193,0,0,0.323786109685898,0.485118925571442,0.488288283348083,0.510220110416412,0.641833961009979,0.586808204650879,0.526219129562378,0.610611975193024,0.690426647663116,0.403305053710938,0,0,0,0,0.478064030408859,0.356478750705719,0.0462588332593441,0.129160955548286,0,0,0,0,0,0,0,0,0,0,0,0,0,0,0,0,0,0,0,0,0.305640906095505,0.0585730969905853,0,0,0,0,0,0,0,0,0,0,0,0,0,0,0,0,0,0,0,0,0,0,0,0,0,0,0,0,0,0,0,0,0,0,0,0,0,0,0,0,0,0,0,0,0,0,0,0,0,0,0,0,0,0,0,0,0,131
Lahn-Dill-Kreis,0,0,0,0,0,0,0,0,0,0,0,0,0,0,0,0,0,0,0,0,0,0,0,0,0,0,0,0,0,0,0,0,0,0,0,0,0,0,0,0,0,0,0,0,0,0,0,0,0,0,0,0,0,0,0,0,0,0,0,0,0,0,0,0,0,0,0,0,0,0,0,0,0,0,0,0,0,0,0,0,0,0,0,0,0,0,0,0,0,0,0,0,0,0,0,0,0,0,0,0,0,0,0,0,0,0,0,0,0,0,0,0,0,0,0,0,0,0,0,0,0,0,0,0,0,0,0,0,0,0,0,0,0,0,0,0,0,0,0,0,0,0,0,0,0,0,0,0,0,0,0,0,0,0,0,0,0,0,0,0,0,0,0,0,0,0,0,0.00663836766034365,0,0,0.0250708051025867,0.0408481732010841,0.0383932888507843,0,0,0,0.0168723948299885,0.0633725449442863,0.00112527934834361,0.0500936321914196,0.0750211626291275,0.116608880460262,0.139856025576591,0.164127036929131,0.137285351753235,0.0956986099481583,0.130375012755394,0.146498471498489,0.161782473325729,0.0631444081664085,0.0403880476951599,0,0,0.0464003272354603,0.00308138271793723,0.118727400898933,0.251796066761017,0.182797104120255,0.0475631691515446,0.165851160883904,0.26080122590065,0.118281185626984,0.00306531391106546,0.252448290586472,0.302694082260132,0.354625344276428,0.352063655853271,0.335353016853333,0.283927142620087,0.230104610323906,0.221257030963898,0.253643423318863,0.240178927779198,0.250544279813766,0.164926275610924,0.114552356302738,0,0.0981907919049263,0.195800811052322,0.279009491205215,0.365114957094193,0.360493332147598,0.420349389314651,0.39525631070137,0.411091417074203,0.311202943325043,0.270717680454254,0.0310238152742386,0,0.00488803768530488,0.00394145213067532,0.24162720143795,0.328774034976959,0.393999099731445,0.434488415718079,0.363982260227203,0.344553798437119,0.338010877370834,0.242832273244858,0,0,0.182232737541199,0.243788823485374,0.215773060917854,0.384936451911926,0.433849632740021,0.394189476966858,0.33792832493782,0.384449899196625,0.394706726074219,0.347164899110794,0.271187126636505,0.116988509893417,0.243013367056847,0.204943403601646,0.222627148032188,0,0,0,0.267493337392807,0.323789358139038,0.349118202924728,0.357968956232071,0.336903125047684,0.264018535614014,0,0,0,0.0913388133049011,0.277874201536179,0.268960922956467,0.279674142599106,0.380362242460251,0.334368288516998,0.31192621588707,0.365214943885803,0.397718489170074,0.141806930303574,0,0,0,0,0.266854137182236,0.124680131673813,0,0,0,0,0,0,0,0,0,0,0,0,0,0,0,0,0,0,0,0,0,0,0.165512025356293,0,0,0,0,0,0,0,0,0,0,0,0,0,0,0,0,0,0,0,0,0,0,0,0,0,0,0,0,0,0,0,0,0,0,0,0,0,0,0,0,0,0,0,0,0,0,0,0,0,0,0,0,0,0,0,0,0,0,132
Limburg-Weilburg,0,0,0,0,0,0,0,0,0,0,0,0,0,0,0,0,0,0,0,0,0,0,0,0,0,0,0,0,0,0,0,0,0,0,0,0,0,0,0,0,0,0,0,0,0,0,0,0,0,0,0,0,0,0,0,0,0,0,0,0,0,0,0,0,0,0,0,0,0,0,0,0,0,0,0,0,0,0,0,0,0,0,0,0,0,0,0,0,0,0,0,0,0,0,0,0,0,0,0,0,0,0,0,0,0,0,0,0,0,0,0,0,0,0,0,0,0,0,0,0,0,0,0,0,0,0,0,0,0,0,0,0,0,0,0,0,0,0,0,0,0,0,0,0,0,0,0,0,0,0,0,0,0,0,0,0,0,0,0,0,0,0,0,0,0,0,0,0.013889629393816,0,0,0.0362899526953697,0.0557284206151962,0.0521418079733849,0,0,0,0.0388954021036625,0.0857745930552483,0.0168947242200375,0.0734925791621208,0.0987274795770645,0.151989564299583,0.174913868308067,0.202236875891685,0.169749453663826,0.11917769908905,0.157634362578392,0.182740047574043,0.199941724538803,0.0993178635835648,0.0810642540454865,0,0,0.0900728181004524,0.0183862317353487,0.151817217469215,0.304668784141541,0.236522480845451,0.0851338058710098,0.207334667444229,0.321389198303223,0.19065697491169,0,0.306246340274811,0.35947859287262,0.421909749507904,0.425064444541931,0.404568612575531,0.345251202583313,0.279662489891052,0.277781665325165,0.320978224277496,0.308745443820953,0.30767560005188,0.216328710317612,0.170004189014435,0,0.174333676695824,0.238482758402824,0.333893477916718,0.436687231063843,0.429401367902756,0.494331628084183,0.469182431697845,0.48580202460289,0.367778778076172,0.32913464307785,0.134980320930481,0,0.0250457059592009,0,0.315945982933044,0.417946040630341,0.484625160694122,0.535844385623932,0.446224540472031,0.425664305686951,0.423741281032562,0.31257489323616,0,0,0.245055332779884,0.327195763587952,0.295141488313675,0.477775901556015,0.529345035552979,0.486582815647125,0.417725831270218,0.477716088294983,0.489328771829605,0.435142159461975,0.369356095790863,0.192243590950966,0.319877117872238,0.283757090568542,0.300751298666,0,0,0,0.349974423646927,0.406008988618851,0.437641859054565,0.451825678348541,0.433481693267822,0.363756775856018,0,0,0,0.179308861494064,0.373203724622726,0.360470771789551,0.366927653551102,0.48255130648613,0.423284322023392,0.420361429452896,0.467885464429855,0.505163967609406,0.207486197352409,0,0,0,0,0.374542027711868,0.250533372163773,0,0,0,0,0,0,0,0,0,0,0,0,0,0,0,0,0,0,0,0,0,0,0.23161406815052,0,0,0,0,0,0,0,0,0,0,0,0,0,0,0,0,0,0,0,0,0,0,0,0,0,0,0,0,0,0,0,0,0,0,0,0,0,0,0,0,0,0,0,0,0,0,0,0,0,0,0,0,0,0,0,0,0,0,133
Marburg-Biedenkopf,0,0,0,0,0,0,0,0,0,0,0,0,0,0,0,0,0,0,0,0,0,0,0,0,0,0,0,0,0,0,0,0,0,0,0,0,0,0,0,0,0,0,0,0,0,0,0,0,0,0,0,0,0,0,0,0,0,0,0,0,0,0,0,0,0,0,0,0,0,0,0,0,0,0,0,0,0,0,0,0,0,0,0,0,0,0,0,0,0,0,0,0,0,0,0,0,0,0,0,0,0,0,0,0,0,0,0,0,0,0,0,0,0,0,0,0,0,0,0,0,0,0,0,0,0,0,0,0,0,0,0,0,0,0,0,0,0,0,0,0,0,0,0,0,0,0,0,0,0,0,0,0,0,0,0,0,0,0,0,0,0,0,0,0,0,0,0,0.00310548488050699,0,0,0.023161293938756,0.0419009923934937,0.0407149717211723,0,0,0,0.00756697217002511,0.0672922879457474,0,0.0355656258761883,0.082659050822258,0.122592687606812,0.14831517636776,0.178578779101372,0.151248604059219,0.113187462091446,0.136999189853668,0.160014614462852,0.179121807217598,0.0793684050440788,0.0573711879551411,0,0,0.0482992418110371,0.00133792648557574,0.135394126176834,0.275662392377853,0.211556434631348,0.0255141649395227,0.177743971347809,0.272570610046387,0.154803559184074,0,0.275675684213638,0.335481137037277,0.382841914892197,0.37352654337883,0.365715861320496,0.313515096902847,0.255780071020126,0.267636090517044,0.279521644115448,0.239305749535561,0.280666887760162,0.195828750729561,0.181799739599228,0,0.099899522960186,0.224268421530724,0.309435546398163,0.391939371824265,0.395522356033325,0.46472629904747,0.435471147298813,0.457091748714447,0.364657938480377,0.318072706460953,0.0529263652861118,0,0.00181440310552716,0,0.262376815080643,0.350487262010574,0.419522225856781,0.483235985040665,0.405547976493835,0.388734430074692,0.391881614923477,0.295815616846085,0,0,0.188926577568054,0.277398437261581,0.257687032222748,0.429831445217133,0.492940545082092,0.452836096286774,0.389526426792145,0.436807930469513,0.456305891275406,0.405942618846893,0.309710621833801,0.173526242375374,0.261602848768234,0.255591571331024,0.286153435707092,0,0,0,0.29919296503067,0.362005174160004,0.397963106632233,0.41064977645874,0.397426277399063,0.316313207149506,0,0,0,0.119076088070869,0.288574874401093,0.312694787979126,0.318924695253372,0.431468725204468,0.374324202537537,0.321137189865112,0.401315599679947,0.457807093858719,0.236307218670845,0,0,0,0,0.279667854309082,0.159360662102699,0,0.0020519255194813,0,0,0,0,0,0,0,0,0,0,0,0,0,0,0,0,0,0,0,0,0.165369957685471,0,0,0,0,0,0,0,0,0,0,0,0,0,0,0,0,0,0,0,0,0,0,0,0,0,0,0,0,0,0,0,0,0,0,0,0,0,0,0,0,0,0,0,0,0,0,0,0,0,0,0,0,0,0,0,0,0,0,134
Vogelsbergkreis,0,0,0,0,0,0,0,0,0,0,0,0,0,0,0,0,0,0,0,0,0,0,0,0,0,0,0,0,0,0,0,0,0,0,0,0,0,0,0,0,0,0,0,0,0,0,0,0,0,0,0,0,0,0,0,0,0,0,0,0,0,0,0,0,0,0,0,0,0,0,0,0,0,0,0,0,0,0,0,0,0,0,0,0,0,0,0,0,0,0,0,0,0,0,0,0,0,0,0,0,0,0,0,0,0,0,0,0,0,0,0,0,0,0,0,0,0,0,0,0,0,0,0,0,0,0,0,0,0,0,0,0,0,0,0,0,0,0,0,0,0,0,0,0,0,0,0,0,0,0,0,0,0,0,0,0,0,0,0,0,0,0,0,0,0,0,0,0.00276975752785802,0,0,0.0174187142401934,0.0325770750641823,0.036215353757143,0,0,0,0.00549104576930404,0.0536820888519287,0,0.00580514222383499,0.0659327954053879,0.0988387539982796,0.124369561672211,0.144068002700806,0.118252865970135,0.0882037505507469,0.107295587658882,0.135885566473007,0.15017394721508,0.0428851284086704,0.0108123170211911,0,0,0.0122420424595475,0.0130685744807124,0.0734873339533806,0.229868531227112,0.180867984890938,0.00134517485275865,0.146153494715691,0.231181621551514,0.138055428862572,0,0.21401658654213,0.280487805604935,0.322127103805542,0.309611856937408,0.311558276414871,0.251897513866425,0.196466386318207,0.203882798552513,0.233025968074799,0.214809089899063,0.231110364198685,0.0711271017789841,0.0898438990116119,0.0011750606354326,0.047205675393343,0.179985672235489,0.25186824798584,0.321707129478455,0.333573579788208,0.368687868118286,0.35377112030983,0.375986129045486,0.29449325799942,0.244771867990494,0.0345487035810947,0,0.00179940648376942,0,0.206158742308617,0.289875954389572,0.358108818531036,0.41457998752594,0.329915195703506,0.325237661600113,0.333665788173676,0.227107271552086,0,0,0.0212926492094994,0.178487360477448,0.201222896575928,0.33755761384964,0.398690015077591,0.376118868589401,0.346241116523743,0.36269474029541,0.381480634212494,0.332994043827057,0.264434009790421,0.0431029833853245,0.220179110765457,0.253702163696289,0.231545463204384,0,0,0,0.219568103551865,0.302609741687775,0.340804129838943,0.320726990699768,0.341911137104034,0.291370570659637,0.00178051216062158,0,0,0.0646291226148605,0.231615632772446,0.257419437170029,0.28022363781929,0.346317738294601,0.295702904462814,0.258404701948166,0.325107902288437,0.390775293111801,0.199386492371559,0,0,0,0,0.195861592888832,0.132998526096344,0,0.00177581247407943,0,0,0,0,0,0,0,0,0,0,0,0,0,0,0,0,0,0,0,0,0.114149756729603,0.00148726254701614,0,0,0,0,0,0,0,0,0,0,0,0,0,0,0,0,0,0,0,0,0,0,0,0,0,0,0,0,0,0,0,0,0,0,0,0,0,0,0,0,0,0,0,0,0,0,0,0,0,0,0,0,0,0,0,0,0,135
Kassel,0,0,0,0,0,0,0,0,0,0,0,0,0,0,0,0,0,0,0,0,0,0,0,0,0,0,0,0,0,0,0,0,0,0,0,0,0,0,0,0,0,0,0,0,0,0,0,0,0,0,0,0,0,0,0,0,0,0,0,0,0,0,0,0,0,0,0,0,0,0,0,0,0,0,0,0,0,0,0,0,0,0,0,0,0,0,0,0,0,0,0,0,0,0,0,0,0,0,0,0,0,0,0,0,0,0,0,0,0,0,0,0,0,0,0,0,0,0,0,0,0,0,0,0,0,0,0,0,0,0,0,0,0,0,0,0,0,0,0,0,0,0,0,0,0,0,0,0,0,0,0,0,0,0,0,0,0,0,0,0,0,0,0,0,0,0,0,0,0,0,0.021841898560524,0.0435771159827709,0.042389988899231,0,0,0,0,0.0605353079736233,0,0,0.0923938378691673,0.125460296869278,0.144113212823868,0.178211808204651,0.149080872535706,0.103921934962273,0.107881411910057,0.151993200182915,0.166521608829498,0.0715239942073822,0,0,0,0,0,0.106554634869099,0.260006278753281,0.203907117247581,0,0.163148105144501,0.260225594043732,0.128208577632904,0,0.260573476552963,0.330482512712479,0.350001037120819,0.313963502645493,0.355310440063477,0.300009518861771,0.240707382559776,0.257923036813736,0.216145664453506,0.20524899661541,0.269789814949036,0.158357754349709,0.183130115270615,0,0,0.216419488191605,0.2556172311306,0.331879317760468,0.369540512561798,0.42514705657959,0.39272552728653,0.402894765138626,0.343085259199142,0.317601472139359,0,0,0,0,0.230544909834862,0.317030906677246,0.37030965089798,0.463809937238693,0.37469482421875,0.379434317350388,0.388518691062927,0.288433372974396,0,0,0,0.244082883000374,0.226616188883781,0.391979187726974,0.480709314346313,0.425938665866852,0.380300015211105,0.399952977895737,0.430307060480118,0.378672897815704,0.239514455199242,0.157287508249283,0.254329979419708,0.306450605392456,0.289399445056915,0,0,0,0.250540018081665,0.325845420360565,0.411470770835876,0.385779052972794,0.390327483415604,0.299398869276047,0,0,0,0,0.22168917953968,0.301100373268127,0.288849771022797,0.381057292222977,0.314263373613358,0.27596977353096,0.381759971380234,0.460720628499985,0.235119566321373,0,0,0,0,0.182263150811195,0.188103437423706,0,0,0,0,0,0,0,0,0,0,0,0,0,0,0,0,0,0,0,0,0,0,0.12530317902565,0,0,0,0,0,0,0,0,0,0,0,0,0,0,0,0,0,0,0,0,0,0,0,0,0,0,0,0,0,0,0,0,0,0,0,0,0,0,0,0,0,0,0,0,0,0,0,0,0,0,0,0,0,0,0,0,0,0,136
Fulda,0,0,0,0,0,0,0,0,0,0,0,0,0,0,0,0,0,0,0,0,0,0,0,0,0,0,0,0,0,0,0,0,0,0,0,0,0,0,0,0,0,0,0,0,0,0,0,0,0,0,0,0,0,0,0,0,0,0,0,0,0,0,0,0,0,0,0,0,0,0,0,0,0,0,0,0,0,0,0,0,0,0,0,0,0,0,0,0,0,0,0,0,0,0,0,0,0,0,0,0,0,0,0,0,0,0,0,0,0,0,0,0,0,0,0,0,0,0,0,0,0,0,0,0,0,0,0,0,0,0,0,0,0,0,0,0,0,0,0,0,0,0,0,0,0,0,0,0,0,0,0,0,0,0,0,0,0,0,0,0,0,0,0,0,0,0,0,0.00198377831839025,0,0,0.0145021975040436,0.0287400614470243,0.0337844863533974,0,0,0,0,0.0493053905665874,0,0,0.0589765533804893,0.0892055109143257,0.114085413515568,0.134114190936089,0.111928559839725,0.0863843113183975,0.0985318720340729,0.12697446346283,0.140754982829094,0.0469436086714268,0,0,0,0.0318889059126377,0,0.0903018042445183,0.21802918612957,0.182923391461372,0,0.135629996657372,0.224729925394058,0.137834563851357,0,0.20207704603672,0.264750927686691,0.31035640835762,0.300846099853516,0.311217993497849,0.243791073560715,0.197774648666382,0.191868737339973,0.230916753411293,0.20846500992775,0.217826277017593,0.0606022998690605,0.0709020867943764,0,0.0623010620474815,0.189931124448776,0.258853197097778,0.315444082021713,0.338177174329758,0.361088931560516,0.346415340900421,0.376004189252853,0.289427191019058,0.231426298618317,0.061442032456398,0,0,0,0.200322762131691,0.291129350662231,0.352099627256393,0.412828505039215,0.322890102863312,0.331740498542786,0.333682775497437,0.232959717512131,0,0,0,0.0993326604366302,0.195269420742989,0.319846034049988,0.386925488710403,0.370332509279251,0.370389819145203,0.362164855003357,0.363991796970367,0.322560966014862,0.257391661405563,0.0351798385381699,0.205455929040909,0.252760708332062,0.246213227510452,0,0,0,0.203792497515678,0.29362228512764,0.343572437763214,0.311029076576233,0.343261063098907,0.307111442089081,0,0,0,0,0.19649438560009,0.25330114364624,0.280621260404587,0.343985617160797,0.293794840574265,0.246575385332108,0.309199094772339,0.383958101272583,0.200254783034325,0,0,0,0,0.0996268838644028,0.138761311769485,0,0,0,0,0,0,0,0,0,0,0,0,0,0,0,0,0,0,0,0,0,0,0.00817328784614801,0,0,0,0,0,0,0,0,0,0,0,0,0,0,0,0,0,0,0,0,0,0,0,0,0,0,0,0,0,0,0,0,0,0,0,0,0,0,0,0,0,0,0,0,0,0,0,0,0,0,0,0,0,0,0,0,0,0,137
Hersfeld-Rotenburg,0,0,0,0,0,0,0,0,0,0,0,0,0,0,0,0,0,0,0,0,0,0,0,0,0,0,0,0,0,0,0,0,0,0,0,0,0,0,0,0,0,0,0,0,0,0,0,0,0,0,0,0,0,0,0,0,0,0,0,0,0,0,0,0,0,0,0,0,0,0,0,0,0,0,0,0,0,0,0,0,0,0,0,0,0,0,0,0,0,0,0,0,0,0,0,0,0,0,0,0,0,0,0,0,0,0,0,0,0,0,0,0,0,0,0,0,0,0,0,0,0,0,0,0,0,0,0,0,0,0,0,0,0,0,0,0,0,0,0,0,0,0,0,0,0,0,0,0,0,0,0,0,0,0,0,0,0,0,0,0,0,0,0,0,0,0,0,0.00181550346314907,0,0,0.0206907298415899,0.0411471761763096,0.0465252809226513,0,0,0,0,0.0640850588679314,0,0,0.0819653272628784,0.118761777877808,0.150287851691246,0.176528647542,0.151664391160011,0.113342218101025,0.123306348919868,0.156996786594391,0.176076367497444,0.0805168971419334,0,0,0,0.0841722562909126,0.00721517903730273,0.122336335480213,0.274713069200516,0.232303962111473,0,0.164832010865211,0.267349898815155,0.168929100036621,0,0.259824633598328,0.330798327922821,0.373519420623779,0.358292102813721,0.373384058475494,0.304152071475983,0.245456010103226,0.25460147857666,0.269157707691193,0.233407855033875,0.277079075574875,0.152672275900841,0.184497937560081,0,0.136411070823669,0.23905511200428,0.30864679813385,0.37156143784523,0.400644063949585,0.440027803182602,0.415981292724609,0.455045342445374,0.367094248533249,0.322564154863358,0.126976564526558,0,0,0,0.256733566522598,0.358677506446838,0.421577781438828,0.504351675510406,0.401228904724121,0.411690235137939,0.417273730039597,0.28979879617691,0,0,0,0.200989440083504,0.254865348339081,0.408521622419357,0.493229299783707,0.473412811756134,0.444424360990524,0.449905723333359,0.461892127990723,0.421001046895981,0.324789047241211,0.0848652943968773,0.253579467535019,0.324195355176926,0.320360153913498,0,0,0,0.250464648008347,0.358291834592819,0.430866003036499,0.397865653038025,0.426764011383057,0.377985090017319,0.0101669682189822,0,0,0,0.239677608013153,0.311275213956833,0.335413098335266,0.429622381925583,0.349360853433609,0.286243468523026,0.383372038602829,0.489651799201965,0.288118362426758,0,0,0,0,0.0884942039847374,0.218702256679535,0,0,0,0,0,0,0,0,0,0,0,0,0,0,0,0,0,0,0,0,0,0,0.0216576382517815,0,0,0,0,0,0,0,0,0,0,0,0,0,0,0,0,0,0,0,0,0,0,0,0,0,0,0,0,0,0,0,0,0,0,0,0,0,0,0,0,0,0,0,0,0,0,0,0,0,0,0,0,0,0,0,0,0,0,138
Kassel,0,0,0,0,0,0,0,0,0,0,0,0,0,0,0,0,0,0,0,0,0,0,0,0,0,0,0,0,0,0,0,0,0,0,0,0,0,0,0,0,0,0,0,0,0,0,0,0,0,0,0,0,0,0,0,0,0,0,0,0,0,0,0,0,0,0,0,0,0,0,0,0,0,0,0,0,0,0,0,0,0,0,0,0,0,0,0,0,0,0,0,0,0,0,0,0,0,0,0,0,0,0,0,0,0,0,0,0,0,0,0,0,0,0,0,0,0,0,0,0,0,0,0,0,0,0,0,0,0,0,0,0,0,0,0,0,0,0,0,0,0,0,0,0,0,0,0,0,0,0,0,0,0,0,0,0,0,0,0,0,0,0,0,0,0,0,0,0,0,0,0.0217269621789455,0.0429889783263206,0.041424136608839,0,0,0,0.00104803079739213,0.0593550354242325,0,0,0.0897910073399544,0.122904106974602,0.139511063694954,0.174289524555206,0.147332698106766,0.100371412932873,0.100406780838966,0.149220243096352,0.164399862289429,0.0732555091381073,0.0180161613970995,0,0,0.00258248462341726,0.0178194157779217,0.11158549785614,0.250799030065536,0.192909151315689,0.0177661497145891,0.154016762971878,0.250817626714706,0.124278254806995,0,0.256063938140869,0.320096582174301,0.3360555768013,0.297573745250702,0.343611925840378,0.289713114500046,0.231620833277702,0.245347395539284,0.203452870249748,0.192636206746101,0.258724540472031,0.15437576174736,0.178105637431145,0,0.0335651151835918,0.211729690432549,0.24359829723835,0.315180569887161,0.353710055351257,0.409441351890564,0.375261515378952,0.376023590564728,0.328622728586197,0.303401291370392,0.00127623020671308,0,0,0,0.225030034780502,0.298573106527328,0.345124989748001,0.438435196876526,0.356083601713181,0.359959900379181,0.368230223655701,0.276704162359238,0,0,0.0264522545039654,0.237786784768105,0.217242106795311,0.373145073652267,0.457694590091705,0.398565381765366,0.359175801277161,0.380253881216049,0.403854638338089,0.35347706079483,0.205164477229118,0.141070827841759,0.237200409173965,0.283099770545959,0.269573181867599,0.0277665872126818,0,0,0.237145632505417,0.30160865187645,0.394418716430664,0.363518625497818,0.366171926259995,0.272964954376221,0,0,0,0,0.199159577488899,0.282935291528702,0.265230178833008,0.354514420032501,0.289634704589844,0.251525044441223,0.361085772514343,0.432858407497406,0.213361039757729,0,0,0,0,0.161582663655281,0.169087260961533,0,0,0,0,0,0,0,0,0,0,0,0,0,0,0,0,0,0,0,0,0,0,0.115300662815571,0.0256585385650396,0,0,0,0,0,0,0,0,0,0,0,0,0,0.018420634791255,0,0,0,0,0,0,0,0,0,0,0,0,0,0,0,0,0,0,0,0,0,0,0,0,0,0,0,0,0,0,0,0,0,0,0,0,0,0,0,0,0,0,0,139
Schwalm-Eder-Kreis,0,0,0,0,0,0,0,0,0,0,0,0,0,0,0,0,0,0,0,0,0,0,0,0,0,0,0,0,0,0,0,0,0,0,0,0,0,0,0,0,0,0,0,0,0,0,0,0,0,0,0,0,0,0,0,0,0,0,0,0,0,0,0,0,0,0,0,0,0,0,0,0,0,0,0,0,0,0,0,0,0,0,0,0,0,0,0,0,0,0,0,0,0,0,0,0,0,0,0,0,0,0,0,0,0,0,0,0,0,0,0,0,0,0,0,0,0,0,0,0,0,0,0,0,0,0,0,0,0,0,0,0,0,0,0,0,0,0,0,0,0,0,0,0,0,0,0,0,0,0,0,0,0,0,0,0,0,0,0,0,0,0,0,0,0,0,0,0.000384359795134515,0,0,0.0187190435826778,0.0383811555802822,0.0400798246264458,0,0,0,0,0.0593650415539742,0,0,0.0784272626042366,0.11172342300415,0.134886920452118,0.161740198731422,0.136203691363335,0.100649118423462,0.109591491520405,0.14133495092392,0.160071760416031,0.0620347261428833,0,0,0,0.00211621494963765,0,0.0905067920684814,0.242629811167717,0.196337074041367,0,0.148964896798134,0.238377928733826,0.139887452125549,0,0.235177427530289,0.298504441976547,0.330514430999756,0.310179352760315,0.325212717056274,0.271820217370987,0.216562703251839,0.233805686235428,0.228595748543739,0.19953291118145,0.246919006109238,0.150196388363838,0.165085390210152,0,0.0665147751569748,0.195871204137802,0.253224760293961,0.32043594121933,0.341806888580322,0.394292712211609,0.366343468427658,0.38947319984436,0.315368056297302,0.281097143888474,0.0227629356086254,0,0,0,0.209076702594757,0.297461211681366,0.352579355239868,0.430002450942993,0.347736567258835,0.345491945743561,0.357079714536667,0.252711415290833,0,0,0.00334111088886857,0.212288349866867,0.218455821275711,0.359476953744888,0.431090712547302,0.396343976259232,0.351815640926361,0.370847046375275,0.399392277002335,0.353821098804474,0.258869886398315,0.10818438231945,0.224748328328133,0.270057082176208,0.258991807699203,0.0217937957495451,0,0,0.226741716265678,0.3042131960392,0.357416719198227,0.346130788326263,0.352916181087494,0.292370676994324,0,0,0,0.00465515302494168,0.220830917358398,0.270510941743851,0.277855694293976,0.358987987041473,0.29218327999115,0.252625703811646,0.334422081708908,0.406241655349731,0.224961891770363,0,0,0,0,0.176361888647079,0.173453658819199,0,0,0,0,0,0,0,0,0,0,0,0,0,0,0,0,0,0,0,0,0,0,0.107508078217506,0.0439214631915092,0,0,0,0,0,0,0,0,0,0,0,0,0,0,0,0,0,0,0,0,0,0,0,0,0,0,0,0,0,0,0,0,0,0,0,0,0,0,0,0,0,0,0,0,0,0,0,0,0,0,0,0,0,0,0,0,0,140
Waldeck-Frankenberg,0,0,0,0,0,0,0,0,0,0,0,0,0,0,0,0,0,0,0,0,0,0,0,0,0,0,0,0,0,0,0,0,0,0,0,0,0,0,0,0,0,0,0,0,0,0,0,0,0,0,0,0,0,0,0,0,0,0,0,0,0,0,0,0,0,0,0,0,0,0,0,0,0,0,0,0,0,0,0,0,0,0,0,0,0,0,0,0,0,0,0,0,0,0,0,0,0,0,0,0,0,0,0,0,0,0,0,0,0,0,0,0,0,0,0,0,0,0,0,0,0,0,0,0,0,0,0,0,0,0,0,0,0,0,0,0,0,0,0,0,0,0,0,0,0,0,0,0,0,0,0,0,0,0,0,0,0,0,0,0,0,0,0,0,0,0,0,0,0,0,0.0145856915041804,0.0279500763863325,0.026152241975069,0,0,0,0.00157088506966829,0.0436045825481415,0,0,0.0604823231697083,0.0871508792042732,0.103121638298035,0.130704462528229,0.110144026577473,0.0749564990401268,0.084617592394352,0.114339426159859,0.123537711799145,0.0168750658631325,0.000638484838418663,0,0,0.000588323047850281,0.000658464210573584,0.0793307647109032,0.201909467577934,0.14176270365715,0.000687975087203085,0.116109766066074,0.20111471414566,0.0696520805358887,0,0.203776732087135,0.255398958921432,0.281240940093994,0.259240388870239,0.282255500555038,0.228269219398499,0.174594521522522,0.195428982377052,0.17538882791996,0.144643753767014,0.199835851788521,0.125198036432266,0.122728794813156,0,0.0141735710203648,0.144035473465919,0.199094578623772,0.274439752101898,0.289553612470627,0.339694738388062,0.308290362358093,0.320562213659286,0.272760987281799,0.236405745148659,0,0,0,0,0.175152614712715,0.231468707323074,0.28067946434021,0.352970719337463,0.29446929693222,0.27464833855629,0.294146031141281,0.205039754509926,0,0,0.0382899269461632,0.19478665292263,0.150461822748184,0.305837959051132,0.362927258014679,0.319031268358231,0.282421857118607,0.30864429473877,0.32683727145195,0.27297654747963,0.147417008876801,0.0756550654768944,0.176194101572037,0.178289532661438,0.187093839049339,0.000923029670957476,0,0,0.179580613970757,0.232265278697014,0.294457286596298,0.284477174282074,0.279200196266174,0.205161094665527,0,0,0,0,0.182581037282944,0.221567362546921,0.209357425570488,0.291105508804321,0.231829270720482,0.206128865480423,0.293773651123047,0.335090130567551,0.122839391231537,0,0,0,0,0.162539646029472,0.0561736114323139,0,0,0,0,0,0,0,0,0,0,0,0,0,0,0,0,0,0,0,0,0,0,0.0947268605232239,0.000709167681634426,0,0,0,0,0,0,0,0,0,0,0,0,0,0.00511749181896448,0,0.00322337285615504,0,0,0,0,0,0,0,0,0,0,0,0,0,0,0,0,0,0,0,0,0,0,0,0,0,0,0,0,0,0,0,0,0,0,0,0,0,0,0,0,0,141
Werra-Meißner-Kreis,0,0,0,0,0,0,0,0,0,0,0,0,0,0,0,0,0,0,0,0,0,0,0,0,0,0,0,0,0,0,0,0,0,0,0,0,0,0,0,0,0,0,0,0,0,0,0,0,0,0,0,0,0,0,0,0,0,0,0,0,0,0,0,0,0,0,0,0,0,0,0,0,0,0,0,0,0,0,0,0,0,0,0,0,0,0,0,0,0,0,0,0,0,0,0,0,0,0,0,0,0,0,0,0,0,0,0,0,0,0,0,0,0,0,0,0,0,0,0,0,0,0,0,0,0,0,0,0,0,0,0,0,0,0,0,0,0,0,0,0,0,0,0,0,0,0,0,0,0,0,0,0,0,0,0,0,0,0,0,0,0,0,0,0,0,0,0,0,0,0,0.0257094167172909,0.0514955446124077,0.05565045773983,0,0,0,0,0.0725712478160858,0,0,0.106576941907406,0.143890157341957,0.185085520148277,0.221643567085266,0.190783336758614,0.13322713971138,0.138534992933273,0.194626927375793,0.210964381694794,0.104644477367401,0,0,0,0.0404830016195774,0.0443430989980698,0.161863178014755,0.342807531356812,0.28025621175766,0,0.191760540008545,0.330373734235764,0.177849382162094,0,0.331802368164063,0.416472494602203,0.465070635080338,0.421831279993057,0.470462173223495,0.382131010293961,0.312883883714676,0.326260805130005,0.285544902086258,0.264706194400787,0.348868846893311,0.180242821574211,0.228713363409042,0,0.064001627266407,0.288750976324081,0.354548215866089,0.440853655338287,0.49550199508667,0.542697906494141,0.512897133827209,0.553468644618988,0.460624217987061,0.417022794485092,0.0674683004617691,0,0,0,0.318862527608871,0.434021800756454,0.503468632698059,0.626765668392181,0.498648762702942,0.516615331172943,0.523630917072296,0.363404631614685,0,0,0,0.272637814283371,0.293880671262741,0.508553087711334,0.629448175430298,0.594832897186279,0.547553181648254,0.556239128112793,0.576737701892853,0.520070254802704,0.394855111837387,0.12953770160675,0.316689789295197,0.419792592525482,0.4074367582798,0.00207561464048922,0,0,0.314539045095444,0.436347037553787,0.555014133453369,0.499949634075165,0.533279001712799,0.461597353219986,0.0202797893434763,0,0,0,0.25826171040535,0.378658592700958,0.400723427534103,0.513129472732544,0.421629041433334,0.341748744249344,0.490727424621582,0.624550580978394,0.36256217956543,0,0,0,0,0,0.263173162937164,0,0,0,0,0,0,0,0,0,0,0,0,0,0,0,0,0,0,0,0,0,0,0,0,0,0,0,0,0,0,0,0,0,0,0,0,0,0.00336401979438961,0,0.00202116253785789,0,0,0,0,0,0,0,0,0,0,0,0,0,0,0,0,0,0,0,0,0,0,0,0,0,0,0,0,0,0,0,0,0,0,0,0,0,0,0,0,0,142
Koblenz,0,0,0,0,0,0,0,0,0,0,0,0,0,0,0,0,0,0,0,0,0,0,0,0,0,0,0,0,0,0,0,0,0,0,0,0,0,0,0,0,0,0,0,0,0,0,0,0,0,0,0,0,0,0,0,0,0,0,0,0,0,0,0,0,0,0,0,0,0,0,0,0,0,0,0,0,0,0,0,0,0,0,0,0,0,0,0,0,0,0,0,0,0,0,0,0,0,0,0,0,0,0,0,0,0,0,0,0,0,0,0,0,0,0,0,0,0,0,0,0,0,0,0,0,0,0,0,0,0,0,0,0,0,0,0,0,0,0,0,0,0,0,0,0,0,0,0,0,0,0,0,0,0,0,0,0,0,0,0,0,0,0,0,0,0,0,0.00792303308844566,0.0238920506089926,0.00944384187459946,0,0.0555401816964149,0.0769228339195251,0.0655687898397446,0,0,0,0.0695399045944214,0.115913972258568,0.0720856785774231,0.103142894804478,0.141106843948364,0.205988749861717,0.220350757241249,0.265320241451263,0.228514954447746,0.161336526274681,0.208107054233551,0.233114078640938,0.240962326526642,0.115789704024792,0.131579741835594,0,0,0.20574976503849,0.149593114852905,0.222505822777748,0.390145421028137,0.292035430669785,0.177898287773132,0.285659492015839,0.418692260980606,0.247211530804634,0.17494723200798,0.39983931183815,0.449855417013168,0.516870856285095,0.519467949867249,0.531434059143066,0.438953638076782,0.363946169614792,0.373847723007202,0.40245857834816,0.362200379371643,0.387716978788376,0.325352907180786,0.267171651124954,0.09782774746418,0.244220554828644,0.338212430477142,0.44323855638504,0.54350745677948,0.538197576999664,0.611186563968658,0.588668465614319,0.565703570842743,0.441873967647552,0.420898050069809,0.226670324802399,0,0.211256802082062,0.198305547237396,0.426146477460861,0.508172035217285,0.607604622840881,0.669106066226959,0.571863770484924,0.52121114730835,0.565971553325653,0.383101731538773,0,0,0.355489075183868,0.43508768081665,0.378566771745682,0.6121985912323,0.674665033817291,0.59588211774826,0.519511103630066,0.588904917240143,0.620423257350922,0.547303795814514,0.445017278194427,0.27675861120224,0.432425677776337,0.372826725244522,0.416700273752213,0,0,0,0.438660323619843,0.519832193851471,0.573589384555817,0.574870765209198,0.531782269477844,0.442221641540527,0,0,0.190686017274857,0.319006025791168,0.524696707725525,0.496644645929337,0.476891070604324,0.624916672706604,0.537031412124634,0.579113900661469,0.637107193470001,0.662011623382568,0.241461023688316,0,0,0,0,0.488715529441833,0.335512399673462,0,0.0993298813700676,0,0,0,0,0,0,0,0,0,0,0,0,0,0,0,0,0,0,0,0.147320255637169,0.349393844604492,0,0,0,0,0,0,0,0,0,0,0,0,0,0,0,0,0,0,0,0,0,0,0,0,0,0,0,0,0,0,0,0,0,0,0,0,0,0,0,0,0,0,0,0,0,0,0,0,0,0,0,0,0,0,0,0,0,0,143
Ahrweiler,0,0,0,0,0,0,0,0,0,0,0,0,0,0,0,0,0,0,0,0,0,0,0,0,0,0,0,0,0,0,0,0,0,0,0,0,0,0,0,0,0,0,0,0,0,0,0,0,0,0,0,0,0,0,0,0,0,0,0,0,0,0,0,0,0,0,0,0,0,0,0,0,0,0,0,0,0,0,0,0,0,0,0,0,0,0,0,0,0,0,0,0,0,0,0,0,0,0,0,0,0,0,0,0,0,0,0,0,0,0,0,0,0,0,0,0,0,0,0,0,0,0,0,0.000216798536712304,0.000618977413978428,0,0,0,0,0,0,0,0,0,0,0,0,0,0,0,0,0,0,0,0,0,0,0,0,0,0,0,0,0,0,0,0,0,0,0,0,0,0,0,0,0.00693895248696208,0.00949254352599382,0.0223671738058329,0.00925850681960583,0.0109723620116711,0.0589792877435684,0.0797024518251419,0.0600626021623611,0,0,0,0.0760471299290657,0.112689703702927,0.0529631786048412,0.094004899263382,0.145074650645256,0.217974185943604,0.219599738717079,0.269559144973755,0.220601141452789,0.160326972603798,0.2154860496521,0.247589826583862,0.256466329097748,0.0525172129273415,0.0945620536804199,0,0,0.223900303244591,0.158547550439835,0.252309888601303,0.421400725841522,0.259323924779892,0.124444164335728,0.303008079528809,0.438525497913361,0.203992456197739,0.189665749669075,0.421157449483871,0.488766193389893,0.546935379505157,0.540253221988678,0.587961614131927,0.443291425704956,0.363527178764343,0.379923492670059,0.397615283727646,0.364203184843063,0.391666740179062,0.303987771272659,0.182026207447052,0.0714808478951454,0.144381076097488,0.314995318651199,0.445881366729736,0.578091323375702,0.575686991214752,0.653429687023163,0.605952382087708,0.569331645965576,0.44896873831749,0.405836850404739,0.147362619638443,0,0.156983509659767,0.115735679864883,0.429894179105759,0.481236517429352,0.634307026863098,0.707162737846375,0.577913999557495,0.510744571685791,0.602794349193573,0.326413214206696,0,0,0.379812568426132,0.426564902067184,0.35347118973732,0.635592401027679,0.687438428401947,0.591434121131897,0.504236996173859,0.576764583587646,0.627640008926392,0.529750287532806,0.377932757139206,0.168675661087036,0.469987779855728,0.357941687107086,0.394359976053238,0,0,0,0.383857905864716,0.538787126541138,0.572395384311676,0.560796856880188,0.517462551593781,0.37808421254158,0,0,0.111492246389389,0.355508893728256,0.592362284660339,0.499068766832352,0.472213745117188,0.617286860942841,0.528135716915131,0.601745963096619,0.697962820529938,0.693116784095764,0.0502372421324253,0,0,0,0,0.491139262914658,0.202572762966156,0,0.0786181464791298,0,0,0,0,0,0,0,0,0,0,0,0,0,0,0,0,0,0,0,0.223704755306244,0.369615912437439,0,0,0,0,0,0,0,0,0,0,0,0,0,0,0.0553083270788193,0.000368067703675479,0.180377155542374,0,0,0,0,0,0,0,0,0.052620604634285,0,0,0,0,0,0,0,0,0,0,0,0,0,0,0,0,0,0,0,0,0,0,0,0,0,0,0,0,0,0,0,0,144
Altenkirchen (Westerwald),0,0,0,0,0,0,0,0,0,0,0,0,0,0,0,0,0,0,0,0,0,0,0,0,0,0,0,0,0,0,0,0,0,0,0,0,0,0,0,0,0,0,0,0,0,0,0,0,0,0,0,0,0,0,0,0,0,0,0,0,0,0,0,0,0,0,0,0,0,0,0,0,0,0,0,0,0,0,0,0,0,0,0,0,0,0,0,0,0,0,0,0,0,0,0,0,0,0,0,0,0,0,0,0,0,0,0,0,0,0,0,0,0,0,0,0,0,0,0,0,0,0,0,0,0.000311101757688448,0,0,0,0,0,0,0,0,0,0,0,0,0,0,0,0,0,0,0,0,0,0,0,0,0,0,0,0,0,0,0,0,0,0,0,0,0,0,0,0,0.00125588686205447,7.23213961464353e-05,0.0168874878436327,0.000198152600205503,8.98714206414297e-05,0.0406948812305927,0.0572004429996014,0.0465066730976105,0,0,0,0.0548761673271656,0.0794099196791649,0.0147819127887487,0.067556232213974,0.108505308628082,0.156863987445831,0.167412102222443,0.20357084274292,0.164157927036285,0.116092301905155,0.156493216753006,0.184054926037788,0.184532821178436,0.00122142327018082,0.0632282197475433,0,0,0.136691078543663,0.0833239406347275,0.15599536895752,0.302800983190536,0.182084679603577,0.0770354866981506,0.209820285439491,0.314468145370483,0.136414095759392,0.0387820042669773,0.306596428155899,0.362351804971695,0.402384370565414,0.396609574556351,0.411169677972794,0.324136942625046,0.253992706537247,0.258967846632004,0.26810485124588,0.2756128013134,0.293911099433899,0.224142149090767,0.173163503408432,0.000564745278097689,0.0947134643793106,0.210448503494263,0.312872886657715,0.403795719146729,0.394037634134293,0.468790501356125,0.434367030858994,0.419291168451309,0.323608934879303,0.301503837108612,0.00221140705980361,0,0.0297185853123665,0.0152660682797432,0.281858831644058,0.342427879571915,0.438034683465958,0.478043973445892,0.410859048366547,0.367833137512207,0.405006617307663,0.242860242724419,0,0,0.226836949586868,0.284391522407532,0.227222695946693,0.432673633098602,0.493734955787659,0.419721662998199,0.367170125246048,0.408275723457336,0.437403082847595,0.366680026054382,0.238879710435867,0.112950950860977,0.310248166322708,0.253299355506897,0.260200619697571,0,0,0,0.278196692466736,0.375660449266434,0.404273986816406,0.391660183668137,0.354644328355789,0.25372502207756,0,0,0,0.198475509881973,0.365894824266434,0.319906413555145,0.313204437494278,0.418115586042404,0.354318529367447,0.38109102845192,0.449797809123993,0.471617698669434,0,0,0,0,0.000678600335959345,0.31600421667099,0.0656435191631317,0,0,0,0,0,0,0,0,0,0,0,0,0,0,0,0,0,0,0,0,0,0.0865534693002701,0.225137054920197,0,0,0,0,0,0,0,0,0,0,0,0,0,0,0.00897332560271025,0.000495517218951136,0.0358990058302879,0,0,0,0,0,0,0,0,0,0,0,0,0,0,0,0,0,0,0,0,0,0,0,0,0,0,0,0,0,0,0,0,0,0,0,0,0,0,0,0,0,145
Bad Kreuznach,0,0,0,0,0,0,0,0,0,0,0,0,0,0,0,0,0,0,0,0,0,0,0,0,0,0,0,0,0,0,0,0,0,0,0,0,0,0,0,0,0,0,0,0,0,0,0,0,0,0,0,0,0,0,0,0,0,0,0,0,0,0,0,0,0,0,0,0,0,0,0,0,0,0,0,0,0,0,0,0,0,0,0,0,0,0,0,0,0,0,0,0,0,0,0,0,0,0,0,0,0,0,0,0,0,0,0,0,0,0,0,0,0,0,0,0,0,0,0,0,0,0,0,0,5.03643932461273e-05,0,0,0,0,0,0,0,0,0,0,0,0,0,0,0,0,0,0,0,0,0,0,0,0,0,0,0,0,0,0,0,0,0,0,0,0,0,0,0,0,0,0.00344795710407197,0.0188876762986183,0.00969080626964569,0.0129629438742995,0.0542930886149406,0.0785566344857216,0.0724412053823471,0,0,0,0.0723144114017487,0.125658944249153,0.0792625024914742,0.107600837945938,0.143922865390778,0.206059888005257,0.235423773527145,0.270214229822159,0.24348883330822,0.175843790173531,0.227047428488731,0.264058083295822,0.258410602807999,0.113532073795795,0.121295280754566,0,0,0.201184213161469,0.176376760005951,0.255799651145935,0.409523487091064,0.348771452903748,0.202007070183754,0.325273811817169,0.429196417331696,0.290351778268814,0.195381864905357,0.396463572978973,0.462247520685196,0.543984889984131,0.542706847190857,0.562131822109222,0.454496532678604,0.377952486276627,0.410970717668533,0.491411030292511,0.422625422477722,0.402711749076843,0.303012013435364,0.234543278813362,0.0868360847234726,0.231255799531937,0.394540071487427,0.495811402797699,0.614539206027985,0.624987006187439,0.641568064689636,0.662493050098419,0.618277311325073,0.492073267698288,0.408697992563248,0.296754330396652,0.135182499885559,0.3110511302948,0.226687461137772,0.455798417329788,0.599109709262848,0.68690437078476,0.767591118812561,0.60658186674118,0.585304319858551,0.62512195110321,0.417877018451691,0,0,0.388141185045242,0.477338999509811,0.425121694803238,0.669126689434052,0.694395244121552,0.661221861839294,0.578873455524445,0.681786954402924,0.698019206523895,0.604180753231049,0.546019554138184,0.369469106197357,0.512832343578339,0.430630654096603,0.443297117948532,0,0,0.0569874532520771,0.512071490287781,0.593757271766663,0.644562721252441,0.630209147930145,0.643610179424286,0.543753981590271,0.150816097855568,0,0.318310171365738,0.408683091402054,0.609704256057739,0.592134058475494,0.588925421237946,0.682673096656799,0.623849630355835,0.650493979454041,0.724158704280853,0.731720566749573,0.337510079145432,0,0,0,0,0.539659023284912,0.356474965810776,0.0699793249368668,0.130103945732117,0.045646283775568,0,0,0,0,0,0,0,0,0,0,0,0,0,0,0,0,0,0,0.182103544473648,0.39183047413826,0,0,0,0,0,0,0,0,0,0,0,0,0,0,0,0,0.0144968684762716,0,0,0,0,0,0,0,0,0,0,0,0,0,0,0,0,0,0,0,0,0,0,0,0,0,0,0,0,0,0,0,0,0,0,0,0,0,0,0,0,0,146
Birkenfeld,0,0,0,0,0,0,0,0,0,0,0,0,0,0,0,0,0,0,0,0,0,0,0,0,0,0,0,0,0,0,0,0,0,0,0,0,0,0,0,0,0,0,0,0,0,0,0,0,0,0,0,0,0,0,0,0,0,0,0,0,0,0,0,0,0,0,0,0,0,0,0,0,0,0,0,0,0,0,0,0,0,0,0,0,0,0,0,0,0,0,0,0,0,0,0,0,0,0,0,0,0,0,0,0,0,0,0,0,0,0,0,0,0,0,0,0,0,0,0,0,0,0,0,0,0,0,0,0,0,0,0,0,0,0,0,0,0,0,0,0,0,0,0,0,0,0,0,0,0,0,0,0,0,0,0,0,0,0,0,0,0,0,0,0,0,0,0,0.000371819129213691,0,0,0.0309361647814512,0.0445904992520809,0.0363482385873795,0,0,0,0.0392385311424732,0.0729604512453079,0.0263185240328312,0.0573901124298573,0.0852895602583885,0.132093995809555,0.153522685170174,0.175743252038956,0.154795289039612,0.10561079531908,0.152522459626198,0.178164258599281,0.184628859162331,0.0022622779943049,0.00253488821908832,0,0,0.11656030267477,0.0585181750357151,0.158868387341499,0.29069259762764,0.219186350703239,0.108823664486408,0.227788731455803,0.304843932390213,0.167739972472191,0.0770937874913216,0.271241664886475,0.33547306060791,0.400435209274292,0.394796818494797,0.414819896221161,0.308229893445969,0.239660754799843,0.264575332403183,0.343806147575378,0.279939234256744,0.249881356954575,0.15941546857357,0.0165392197668552,0,0.0164481867104769,0.250360727310181,0.331204921007156,0.430937737226486,0.470121890306473,0.449452877044678,0.465446591377258,0.423209398984909,0.310861647129059,0.229137241840363,0.110715486109257,0.0315173640847206,0.168661549687386,0.0768443122506142,0.289993941783905,0.405664801597595,0.475783228874207,0.529619157314301,0.400995820760727,0.370308846235275,0.401860535144806,0.217952683568001,0,0,0.22186490893364,0.269277215003967,0.213982284069061,0.42904794216156,0.447051197290421,0.407847076654434,0.357893407344818,0.427801340818405,0.447594225406647,0.366799354553223,0.321859061717987,0.178942337632179,0.311002254486084,0.215301349759102,0.218591824173927,0,0,0,0.255070507526398,0.358241230249405,0.401343256235123,0.370971232652664,0.370762020349503,0.307436913251877,0,0,0.00594618730247021,0.239927843213081,0.386671513319016,0.330442041158676,0.346443206071854,0.411474078893661,0.367340236902237,0.403343856334686,0.455191940069199,0.441376388072968,0.0645734816789627,0,0,0,0,0.292721897363663,0.0813302397727966,0,0,0,0,0,0,0,0,0,0,0,0,0,0,0,0,0,0,0,0,0,0.0423994064331055,0.222496286034584,0,0,0,0,0,0,0,0,0,0,0,0,0,0,0,0,0.0691733732819557,0.0280975941568613,0,0,0,0,0,0,0,0,0,0,0,0,0,0,0,0,0,0,0,0,0,0,0,0,0,0,0,0,0,0,0,0,0,0,0,0,0,0,0,0,147
Cochem-Zell,0,0,0,0,0,0,0,0,0,0,0,0,0,0,0,0,0,0,0,0,0,0,0,0,0,0,0,0,0,0,0,0,0,0,0,0,0,0,0,0,0,0,0,0,0,0,0,0,0,0,0,0,0,0,0,0,0,0,0,0,0,0,0,0,0,0,0,0,0,0,0,0,0,0,0,0,0,0,0,0,0,0,0,0,0,0,0,0,0,0,0,0,0,0,0,0,0,0,0,0,0,0,0,0,0,0,0,0,0,0,0,0,0,0,0,0,0,0,0,0,0,0,0,0,0,0,0,0,0,0,0,0,0,0,0,0,0,0,0,0,0,0,0,0,0,0,0,0,0,0,0,0,0,0,0,0,0,0,0,0,0,0,0,0,0,0,0,0.00947370287030935,0,0,0.0415756292641163,0.0577600486576557,0.0471315458416939,0,0,0,0.0527954250574112,0.0884395614266396,0.0336868688464165,0.0727194175124168,0.109210461378098,0.163963139057159,0.18064372241497,0.210075333714485,0.183275014162064,0.11875869333744,0.174082174897194,0.207925528287888,0.206330090761185,0.00425590015947819,0.0668174847960472,0,0,0.156418308615685,0.103503905236721,0.184702754020691,0.339760065078735,0.238097757101059,0.090281255543232,0.249870806932449,0.357535481452942,0.185294032096863,0.137962594628334,0.326054364442825,0.385241657495499,0.455516278743744,0.447211146354675,0.487227231264114,0.351173222064972,0.281000524759293,0.302754461765289,0.361754357814789,0.297995299100876,0.29333084821701,0.213917195796967,0.13730588555336,0,0.00882971938699484,0.2656210064888,0.371776670217514,0.479454636573792,0.503995180130005,0.515796005725861,0.514988481998444,0.475361168384552,0.354155272245407,0.299696505069733,0.150373727083206,0,0.178682386875153,0.0951170921325684,0.338996738195419,0.43044650554657,0.529113113880157,0.594571352005005,0.465769201517105,0.4114970266819,0.46651417016983,0.255896687507629,0,0,0.300916463136673,0.329220145940781,0.261106640100479,0.503833055496216,0.53645396232605,0.462386399507523,0.397761851549149,0.479525089263916,0.5013467669487,0.418664544820786,0.359337985515594,0.162922084331512,0.372491478919983,0.271203219890594,0.281797081232071,0,0,0,0.304982244968414,0.424374043941498,0.470216751098633,0.437188535928726,0.408528715372086,0.317857682704926,0,0,0.163904622197151,0.277612447738647,0.449331879615784,0.374945491552353,0.385006219148636,0.475146353244781,0.416960507631302,0.467800974845886,0.537624061107635,0.531960189342499,0.131951287388802,0,0,0,0,0.359498977661133,0.157963931560516,0,0,0,0,0,0,0,0,0,0,0,0,0,0,0,0,0,0,0,0,0,0.153688386082649,0.275042235851288,0,0,0,0,0,0,0,0,0,0,0,0,0,0,0,0,0.106589749455452,0,0,0,0,0,0,0,0,0,0,0,0,0,0,0,0,0,0,0,0,0,0,0,0,0,0,0,0,0,0,0,0,0,0,0,0,0,0,0,0,0,148
Mayen-Koblenz,0,0,0,0,0,0,0,0,0,0,0,0,0,0,0,0,0,0,0,0,0,0,0,0,0,0,0,0,0,0,0,0,0,0,0,0,0,0,0,0,0,0,0,0,0,0,0,0,0,0,0,0,0,0,0,0,0,0,0,0,0,0,0,0,0,0,0,0,0,0,0,0,0,0,0,0,0,0,0,0,0,0,0,0,0,0,0,0,0,0,0,0,0,0,0,0,0,0,0,0,0,0,0,0,0,0,0,0,0,0,0,0,0,0,0,0,0,0,0,0,0,0,0,0,0,0,0,0,0,0,0,0,0,0,0,0,0,0,0,0,0,0,0,0,0,0,0,0,0,0,0,0,0,0,0,0,0,0,0,0,0,0,0,0,0,0,0.00472891936078668,0.0200254619121552,0.00547799374908209,0,0.0525810457766056,0.0721945464611053,0.058939665555954,0,0,0,0.0677162483334541,0.107528187334538,0.0597961209714413,0.0929944813251495,0.132404193282127,0.194750100374222,0.207959413528442,0.248910531401634,0.212770536541939,0.148477613925934,0.199310645461082,0.227839142084122,0.23003377020359,0.0719930902123451,0.108259990811348,0,0,0.192547559738159,0.138257473707199,0.214886620640755,0.377065479755402,0.26611316204071,0.14606374502182,0.27684074640274,0.400516360998154,0.219861268997192,0.166252732276917,0.377094238996506,0.433204054832458,0.498453557491302,0.494218170642853,0.523252129554749,0.407665938138962,0.334685653448105,0.347763985395432,0.382459402084351,0.337967932224274,0.354376047849655,0.282443642616272,0.213872790336609,0.0522214435040951,0.165963903069496,0.310089290142059,0.417743802070618,0.524569630622864,0.527937412261963,0.582330226898193,0.562206506729126,0.526997327804565,0.407101720571518,0.375936895608902,0.186831057071686,0,0.203675672411919,0.143246710300446,0.395611613988876,0.470289796590805,0.580020010471344,0.643436372280121,0.532016456127167,0.480227172374725,0.537194728851318,0.327075153589249,0,0,0.340816259384155,0.392661929130554,0.333215117454529,0.573772609233856,0.624476313591003,0.543740570545197,0.470278203487396,0.543618857860565,0.576277315616608,0.49658864736557,0.399102777242661,0.220705091953278,0.42127451300621,0.339554369449615,0.366861045360565,0,0,0,0.381489098072052,0.487735331058502,0.533019959926605,0.520561456680298,0.482013791799545,0.379679381847382,0,0,0.169920086860657,0.313662946224213,0.50929719209671,0.455841153860092,0.441769301891327,0.568019866943359,0.492597430944443,0.542512834072113,0.61026406288147,0.61920440196991,0.169329166412354,0,0,0,0,0.439555644989014,0.256268709897995,0,0.0195320378988981,0,0,0,0,0,0,0,0,0,0,0,0,0,0,0,0,0,0,0,0.172985807061195,0.323971480131149,0,0,0,0,0,0,0,0,0,0,0,0,0,0,0,0,0.0456892848014832,0,0,0,0,0,0,0,0,0.0191785618662834,0,0,0,0,0,0,0,0,0,0,0,0,0,0,0,0,0,0,0,0,0,0,0,0,0,0,0,0,0,0,0,0,149
Neuwied,0,0,0,0,0,0,0,0,0,0,0,0,0,0,0,0,0,0,0,0,0,0,0,0,0,0,0,0,0,0,0,0,0,0,0,0,0,0,0,0,0,0,0,0,0,0,0,0,0,0,0,0,0,0,0,0,0,0,0,0,0,0,0,0,0,0,0,0,0,0,0,0,0,0,0,0,0,0,0,0,0,0,0,0,0,0,0,0,0,0,0,0,0,0,0,0,0,0,0,0,0,0,0,0,0,0,0,0,0,0,0,0,0,0,0,0,0,0,0,0,0,0,0,5.31821460754145e-05,0.000867740891408175,0,0,0,0,0,0,0,0,0,0,0,0,0,0,0,0,0,0,0,0,0,0,0,0,0,0,0,0,0,0,0,0,0,0,0,0,0,0,0,0,0.0070669143460691,0.00779755972325802,0.030227854847908,0.0144885685294867,0.00277198432013392,0.0657463371753693,0.0889959260821342,0.0713190957903862,0,0,0,0.0882126688957214,0.126554116606712,0.0762633234262466,0.112350471317768,0.15963040292263,0.230621144175529,0.238174691796303,0.289632856845856,0.240773126482964,0.178912937641144,0.226880207657814,0.254062712192535,0.25958588719368,0.0951143726706505,0.14337158203125,0,0,0.231436848640442,0.176176175475121,0.247284427285194,0.416276037693024,0.284526646137238,0.195738166570663,0.30546960234642,0.441132664680481,0.242931678891182,0.181883156299591,0.427067250013351,0.486368000507355,0.541360914707184,0.537801384925842,0.563959956169128,0.458718210458755,0.378466546535492,0.386866450309753,0.395578354597092,0.380830138921738,0.410245925188065,0.343259692192078,0.284596353769302,0.0805799886584282,0.24350705742836,0.345352977514267,0.454706728458405,0.560536921024323,0.544988453388214,0.643352091312408,0.601821422576904,0.568066358566284,0.449840217828751,0.44189640879631,0.179045528173447,0,0.21257421374321,0.186659395694733,0.437032759189606,0.496396452188492,0.622664570808411,0.673157215118408,0.586311042308807,0.530703246593475,0.590897560119629,0.380668431520462,0,0,0.372290909290314,0.439130157232285,0.385049968957901,0.631434798240662,0.699070811271667,0.604747772216797,0.525676429271698,0.585380733013153,0.632651805877686,0.552146732807159,0.399664700031281,0.27398744225502,0.466076195240021,0.394868731498718,0.427370190620422,0,0,0,0.433002054691315,0.545422255992889,0.583426117897034,0.582415461540222,0.533685684204102,0.410688877105713,0,0,0.100328139960766,0.352054387331009,0.562256693840027,0.51167219877243,0.475793033838272,0.629594326019287,0.540620386600494,0.592888236045837,0.671321451663971,0.690040528774261,0.107642002403736,0,0,0,0.00157720956485718,0.496276706457138,0.308656543493271,0,0.056188952177763,0,0,0,0,0,0,0,0,0,0,0,0,0,0,0,0,0,0,0,0.198825433850288,0.362756252288818,0,0,0,0,0,0,0,0,0,0,0,0,0,0,0.0130276251584291,0.00115168583579361,0.0860953107476234,0,0,0,0,0,0,0,0,0.0261589996516705,0,0,0,0,0,0,0,0,0,0,0,0,0,0,0,0,0,0,0,0,0,0,0,0,0,0,0,0,0,0,0,0,150
Rhein-Hunsrück-Kreis,0,0,0,0,0,0,0,0,0,0,0,0,0,0,0,0,0,0,0,0,0,0,0,0,0,0,0,0,0,0,0,0,0,0,0,0,0,0,0,0,0,0,0,0,0,0,0,0,0,0,0,0,0,0,0,0,0,0,0,0,0,0,0,0,0,0,0,0,0,0,0,0,0,0,0,0,0,0,0,0,0,0,0,0,0,0,0,0,0,0,0,0,0,0,0,0,0,0,0,0,0,0,0,0,0,0,0,0,0,0,0,0,0,0,0,0,0,0,0,0,0,0,0,0,0,0,0,0,0,0,0,0,0,0,0,0,0,0,0,0,0,0,0,0,0,0,0,0,0,0,0,0,0,0,0,0,0,0,0,0,0,0,0,0,0,0,0,0.00220370735041797,0,0,0.032528780400753,0.0466852486133575,0.0406708791851997,0,0,0,0.0377144850790501,0.0750345140695572,0.0157777424901724,0.0563288703560829,0.0902662053704262,0.136939406394958,0.155318304896355,0.182412967085838,0.161060139536858,0.100606173276901,0.147602468729019,0.179096832871437,0.176679253578186,0.0119943851605058,0.0225784219801426,0,0,0.12702289223671,0.0842087268829346,0.161365181207657,0.296692430973053,0.22318659722805,0.0406051762402058,0.215574190020561,0.31635183095932,0.170989632606506,0.066556416451931,0.282894492149353,0.336552262306213,0.406191110610962,0.399093300104141,0.426539480686188,0.315996766090393,0.251192510128021,0.280443638563156,0.331222742795944,0.276317030191422,0.271598756313324,0.200761735439301,0.0708116069436073,0,0.0423328652977943,0.245381236076355,0.335409432649612,0.43254280090332,0.448134154081345,0.46186363697052,0.464955717325211,0.438611954450607,0.330101668834686,0.274864733219147,0.146866396069527,0,0.157435849308968,0.0219083651900291,0.303865164518356,0.401704013347626,0.478530734777451,0.541980922222137,0.424140065908432,0.385364860296249,0.424399554729462,0.248344138264656,0,0,0.240308314561844,0.301199674606323,0.242282450199127,0.459409147500992,0.488215088844299,0.440164893865585,0.371797233819962,0.447312474250793,0.467564612627029,0.389626383781433,0.349715054035187,0.165536552667618,0.32503867149353,0.253726214170456,0.256109088659286,0,0,0,0.299967080354691,0.377570360898972,0.433105319738388,0.401802271604538,0.391958087682724,0.323575615882874,0,0,0.0917178392410278,0.235093995928764,0.392948806285858,0.343824058771133,0.352677226066589,0.433556228876114,0.379867970943451,0.418091654777527,0.47498893737793,0.480858147144318,0.0653600543737411,0,0,0,0,0.326380848884583,0.142668396234512,0,0,0,0,0,0,0,0,0,0,0,0,0,0,0,0,0,0,0,0,0,0.0450586825609207,0.240131795406342,0,0,0,0,0,0,0,0,0,0,0,0,0,0,0,0,0.0458300746977329,0,0,0,0,0,0,0,0,0,0,0,0,0,0,0,0,0,0,0,0,0,0,0,0,0,0,0,0,0,0,0,0,0,0,0,0,0,0,0,0,0,151
Rhein-Lahn-Kreis,0,0,0,0,0,0,0,0,0,0,0,0,0,0,0,0,0,0,0,0,0,0,0,0,0,0,0,0,0,0,0,0,0,0,0,0,0,0,0,0,0,0,0,0,0,0,0,0,0,0,0,0,0,0,0,0,0,0,0,0,0,0,0,0,0,0,0,0,0,0,0,0,0,0,0,0,0,0,0,0,0,0,0,0,0,0,0,0,0,0,0,0,0,0,0,0,0,0,0,0,0,0,0,0,0,0,0,0,0,0,0,0,0,0,0,0,0,0,0,0,0,0,0,0,0,0,0,0,0,0,0,0,0,0,0,0,0,0,0,0,0,0,0,0,0,0,0,0,0,0,0,0,0,0,0,0,0,0,0,0,0,0,0,0,0,0,0,0.0123210893943906,0,0,0.0372994244098663,0.0539018251001835,0.0504096001386642,0,0,0,0.03048225492239,0.0851725041866302,0.0424839742481709,0.0708756670355797,0.100103169679642,0.152982756495476,0.16866834461689,0.200332775712013,0.1729696393013,0.117872998118401,0.157505288720131,0.180695161223412,0.192616358399391,0.0791795998811722,0.0923380777239799,0,0,0.135771080851555,0.0965953767299652,0.169117942452431,0.310398787260056,0.242170587182045,0.110941492021084,0.21856315433979,0.334176450967789,0.197152927517891,0.0675544217228889,0.311761885881424,0.355246424674988,0.424028843641281,0.426682442426682,0.422445684671402,0.349409848451614,0.284432798624039,0.301792353391647,0.339031517505646,0.29924613237381,0.310315608978271,0.241219490766525,0.183337807655334,0,0.175927206873894,0.250307977199554,0.349266529083252,0.444425821304321,0.441011756658554,0.482427179813385,0.478048473596573,0.480019927024841,0.364719271659851,0.329306423664093,0.166691333055496,0,0.100656054913998,0.00685450714081526,0.330386012792587,0.429866701364517,0.491889774799347,0.550189256668091,0.455239742994308,0.419977128505707,0.445386797189713,0.308338344097137,0,0,0.252670705318451,0.342378497123718,0.289820373058319,0.490088135004044,0.536824107170105,0.489348918199539,0.417687773704529,0.48619744181633,0.498317152261734,0.435104519128799,0.383461236953735,0.202206641435623,0.327298849821091,0.282335638999939,0.309922337532043,0,0,0,0.352111995220184,0.403565526008606,0.450666785240173,0.453450471162796,0.434796929359436,0.37777516245842,0,0,0.0836676061153412,0.214583098888397,0.390919029712677,0.380388200283051,0.379246324300766,0.487812638282776,0.422175645828247,0.446280360221863,0.485427349805832,0.512553155422211,0.184763252735138,0,0,0,0,0.376578211784363,0.254305481910706,0,0,0,0,0,0,0,0,0,0,0,0,0,0,0,0,0,0,0,0,0,0.00511782057583332,0.255086600780487,0,0,0,0,0,0,0,0,0,0,0,0,0,0,0,0,0,0,0,0,0,0,0,0,0,0,0,0,0,0,0,0,0,0,0,0,0,0,0,0,0,0,0,0,0,0,0,0,0,0,0,0,0,0,0,0,0,0,152
Westerwaldkreis,0,0,0,0,0,0,0,0,0,0,0,0,0,0,0,0,0,0,0,0,0,0,0,0,0,0,0,0,0,0,0,0,0,0,0,0,0,0,0,0,0,0,0,0,0,0,0,0,0,0,0,0,0,0,0,0,0,0,0,0,0,0,0,0,0,0,0,0,0,0,0,0,0,0,0,0,0,0,0,0,0,0,0,0,0,0,0,0,0,0,0,0,0,0,0,0,0,0,0,0,0,0,0,0,0,0,0,0,0,0,0,0,0,0,0,0,0,0,0,0,0,0,0,0,0,0,0,0,0,0,0,0,0,0,0,0,0,0,0,0,0,0,0,0,0,0,0,0,0,0,0,0,0,0,0,0,0,0,0,0,0,0,0,0,0,0,0.000187257333891466,0.0118315825238824,0.000223200957407244,0,0.0319849923253059,0.0458965972065926,0.0395145267248154,0,0,0,0.0328548029065132,0.0677734240889549,0.0173578523099422,0.0574248284101486,0.0860618203878403,0.131367027759552,0.146502941846848,0.176329925656319,0.144671708345413,0.0968467444181442,0.137110859155655,0.155025333166122,0.165315076708794,0.0315988324582577,0.0531111396849155,0,0,0.102360278367996,0.0440922230482101,0.131420597434044,0.270117551088333,0.176600947976112,0.0674713402986526,0.183684751391411,0.287634283304214,0.102202951908112,0.0257431901991367,0.271706014871597,0.320557922124863,0.371766895055771,0.3690105676651,0.370719403028488,0.297748684883118,0.237124055624008,0.233759179711342,0.256441861391068,0.248267278075218,0.262586206197739,0.192907989025116,0.110839530825615,0.00231211469508708,0.0968564599752426,0.193279236555099,0.289489954710007,0.376403540372849,0.371622502803802,0.428791612386703,0.40519991517067,0.400833338499069,0.302919566631317,0.271562129259109,0.0568921193480492,0,0.0030048571061343,0.00307209813036025,0.262021154165268,0.334340393543243,0.411303967237473,0.453102439641953,0.382087916135788,0.343227922916412,0.360550820827484,0.235305622220039,0,0,0.17327481508255,0.264526218175888,0.208233654499054,0.398794889450073,0.454058796167374,0.399310320615768,0.341410607099533,0.390206903219223,0.407000929117203,0.350974142551422,0.267385393381119,0.108805321156979,0.274374067783356,0.217545703053474,0.234507098793983,0,0,0,0.261936247348785,0.335756719112396,0.368975460529327,0.363718152046204,0.33453956246376,0.262180864810944,0,0,0.0026360135525465,0.169583827257156,0.319696873426437,0.29337465763092,0.295835644006729,0.394204527139664,0.336335301399231,0.355601489543915,0.402141362428665,0.421891242265701,0.0647141709923744,0,0,0,0,0.292097687721252,0.121031731367111,0,0.00234761694446206,0,0,0,0,0,0,0,0,0,0,0,0,0,0,0,0,0,0,0,0.00482369540259242,0.19431608915329,0,0,0,0,0,0,0,0,0,0,0,0,0,0,0,0,0,0,0,0,0,0,0,0,0,0,0,0,0,0,0,0,0,0,0,0,0,0,0,0,0,0,0,0,0,0,0,0,0,0,0,0,0,0,0,0,0,0,153
Trier,0,0,0,0,0,0,0,0,0,0,0,0,0,0,0,0,0,0,0,0,0,0,0,0,0,0,0,0,0,0,0,0,0,0,0,0,0,0,0,0,0,0,0,0,0,0,0,0,0,0,0,0,0,0,0,0,0,0,0,0,0,0,0,0,0,0,0,0,0,0,0,0,0,0,0,0,0,0,0,0,0,0,0,0,0,0,0,0,0,0,0,0,0,0,0,0,0,0,0,0,0,0,0,0,0,0,0,0,0,0,0,0,0,0,0,0,0,0,0,0,0,0,0,0,0,0,0,0,0,0,0,0,0,0,0,0,0,0,0,0,0,0,0,0,0,0,0,0,0,0,0,0,0,0,0,0,0,0,0,0,0,0,0,0,0,0.015131494961679,0,0,0,0,0.0757556334137917,0.106122978031635,0.0860428288578987,0,0,0,0.116887606680393,0.149336531758308,0.113788992166519,0.143967926502228,0.199170857667923,0.273834675550461,0.293760567903519,0.317978709936142,0.282094985246658,0.219462960958481,0.301756680011749,0.33417946100235,0.344583719968796,0,0.146792069077492,0,0,0.262793570756912,0.191234603524208,0.305193990468979,0.508677661418915,0.372573494911194,0.281914800405502,0.450925052165985,0.531399846076965,0.321321368217468,0.296338826417923,0.515366077423096,0.595499634742737,0.669874846935272,0.686936318874359,0.720393300056458,0.514891803264618,0.427373200654984,0.459287762641907,0.593311846256256,0.464864283800125,0.428428590297699,0.358267515897751,0.218363612890244,0,0.145387142896652,0.481369495391846,0.575223445892334,0.729730188846588,0.797361075878143,0.768151342868805,0.781449198722839,0.730413258075714,0.558092176914215,0.391990274190903,0.321583122014999,0.209794282913208,0.339121371507645,0.292298823595047,0.554701209068298,0.725298225879669,0.841884672641754,0.9163778424263,0.684640288352966,0.642361581325531,0.709477543830872,0.431157678365707,0,0,0.512310802936554,0.498720318078995,0.446890503168106,0.766085028648376,0.805001318454742,0.701460063457489,0.625034213066101,0.733874440193176,0.759560763835907,0.652973651885986,0.591265201568604,0.379806697368622,0.58524364233017,0.418169647455215,0.464482933282852,0,0,0,0.481559872627258,0.674532890319824,0.686367511749268,0.674844563007355,0.622287929058075,0.520079016685486,0,0,0.222954347729683,0.58139443397522,0.766337454319,0.586747944355011,0.626891911029816,0.758892178535461,0.683597147464752,0.769636631011963,0.841326117515564,0.795062184333801,0.279164701700211,0,0,0,0,0.568587243556976,0.302166819572449,0,0,0,0,0,0,0,0,0,0,0,0,0,0,0,0,0,0,0,0,0,0.290935665369034,0.439531594514847,0,0,0,0,0,0,0,0,0,0,0,0,0,0,0,0,0.10821158438921,0,0,0,0,0,0,0,0,0,0,0,0,0,0,0,0,0,0,0,0,0,0,0,0,0,0,0,0,0,0,0,0,0,0,0,0,0,0,0,0,0,154
Bernkastel-Wittlich,0,0,0,0,0,0,0,0,0,0,0,0,0,0,0,0,0,0,0,0,0,0,0,0,0,0,0,0,0,0,0,0,0,0,0,0,0,0,0,0,0,0,0,0,0,0,0,0,0,0,0,0,0,0,0,0,0,0,0,0,0,0,0,0,0,0,0,0,0,0,0,0,0,0,0,0,0,0,0,0,0,0,0,0,0,0,0,0,0,0,0,0,0,0,0,0,0,0,0,0,0,0,0,0,0,0,0,0,0,0,0,0,0,0,0,0,0,0,0,0,0,0,0,0,0,0,0,0,0,0,0,0,0,0,0,0,0,0,0,0,0,0,0,0,0,0,0,0,0,0,0,0,0,0,0,0,0,0,0,0,0,0,0,0,0,0,0.0027822395786643,0.00439131259918213,0,0,0.0549724474549294,0.0778962299227715,0.0615594387054443,0,0,0,0.0772505402565002,0.116983018815517,0.0610315054655075,0.103250443935394,0.14922046661377,0.221470206975937,0.239854276180267,0.27235135436058,0.238601177930832,0.165617093443871,0.24116986989975,0.279981464147568,0.286135137081146,0,0.0705528855323792,0,0,0.214174136519432,0.123619168996811,0.246043741703033,0.449324548244476,0.31866642832756,0.176955863833427,0.356748133897781,0.469354152679443,0.249825820326805,0.207900241017342,0.43844348192215,0.517630636692047,0.601075351238251,0.603398025035858,0.64609569311142,0.456116735935211,0.370243966579437,0.397928059101105,0.50409060716629,0.400629788637161,0.376505672931671,0.276925086975098,0.1205138489604,0,0.0323263965547085,0.366421848535538,0.495073616504669,0.641482532024384,0.690925717353821,0.680304348468781,0.68909078836441,0.642954766750336,0.475848883390427,0.365735620260239,0.212969228625298,0.0320338644087315,0.206377074122429,0.143803849816322,0.452342599630356,0.599478900432587,0.71807062625885,0.796389400959015,0.605272710323334,0.541071534156799,0.611273348331451,0.335810720920563,0,0,0.408321738243103,0.429252982139587,0.344584167003632,0.661990821361542,0.701115071773529,0.599642872810364,0.532112002372742,0.628153562545776,0.655952572822571,0.549255788326263,0.481127351522446,0.212179258465767,0.479209423065186,0.340445309877396,0.361399918794632,0,0,0,0.380768448114395,0.566854953765869,0.605186462402344,0.568382799625397,0.523316264152527,0.428196877241135,0,0,0.127504408359528,0.403910279273987,0.611060678958893,0.485294669866562,0.510429561138153,0.627954065799713,0.554043769836426,0.627702414989471,0.705023288726807,0.683219075202942,0.144027546048164,0,0,0,0,0.464593499898911,0.14583183825016,0,0,0,0,0,0,0,0,0,0,0,0,0,0,0,0,0,0,0,0,0,0.173305675387383,0.363507330417633,0,0,0,0,0,0,0,0,0,0,0,0,0,0,0,0,0.0837422385811806,0.0119494535028934,0,0,0,0,0,0,0,0,0,0,0,0,0,0,0,0,0,0,0,0,0,0,0,0,0,0,0,0,0,0,0,0,0,0,0,0,0,0,0,0,155
Eifelkreis Bitburg-Prüm,0,0,0,0,0,0,0,0,0,0,0,0,0,0,0,0,0,0,0,0,0,0,0,0,0,0,0,0,0,0,0,0,0,0,0,0,0,0,0,0,0,0,0,0,0,0,0,0,0,0,0,0,0,0,0,0,0,0,0,0,0,0,0,0,0,0,0,0,0,0,0,0,0,0,0,0,0,0,0,0,0,0,0,0,0,0,0,0,0,0,0,0,0,0,0,0,0,0,0,0,0,0,0,0,0,0,0,0,0,0,0,0,0,0,0,0,0,0,0,0,0,0,0,0,0,0,0,0,0,0,0,0,0,0,0,0,0,0,0,0,0,0,0,0,0,0,0,0,0,0,0,0,0,0,0,0,0,0,0,0,0,0,0,0,0,0,0,0,0,0,0.0123462360352278,0.0179508272558451,0.0131942285224795,0,0,0,0.0181708950549364,0.0254085212945938,0.0158975813537836,0.0250205509364605,0.036641675978899,0.0524681098759174,0.0540118701756001,0.0623412914574146,0.0548431351780891,0.0361881479620934,0.0558873862028122,0.0646985992789268,0.0675220489501953,0,0.0106540648266673,0,0,0.0466020107269287,0.0134065402671695,0.0578056089580059,0.107440814375877,0.0694901049137115,0.0310423504561186,0.0887864157557487,0.113103851675987,0.0528691820800304,0.0542163886129856,0.110696829855442,0.128762632608414,0.146023645997047,0.150578573346138,0.160584807395935,0.110043004155159,0.0892760753631592,0.0925785675644875,0.120713800191879,0.0988625064492226,0.094258613884449,0.0708530321717262,0.0196178257465363,0,0,0.0783096328377724,0.115220464766026,0.157782316207886,0.168610349297523,0.169418409466743,0.165317580103874,0.158340737223625,0.120132572948933,0.0860879719257355,0.0471231825649738,0,0.025309456512332,0.0236580222845078,0.111502312123775,0.142578393220901,0.177030950784683,0.196279942989349,0.147083252668381,0.125228703022003,0.150262400507927,0.0726865977048874,0,0,0.103646077215672,0.100214295089245,0.0791657865047455,0.160194844007492,0.170129209756851,0.139626696705818,0.131062343716621,0.148041263222694,0.154630795121193,0.130104333162308,0.108519650995731,0.0297832638025284,0.105809547007084,0.0664989128708839,0.0841407775878906,0,0,0,0.0865738764405251,0.130709901452065,0.131388232111931,0.134567871689796,0.115142047405243,0.0959881544113159,0,0,0,0.101882874965668,0.14952327311039,0.109909661114216,0.118816122412682,0.150615081191063,0.132338002324104,0.151475116610527,0.167606666684151,0.158423557877541,0.0235125720500946,0,0,0,0,0.10449606180191,0.02514005638659,0,0,0,0,0,0,0,0,0,0,0,0,0,0,0,0,0,0,0,0,0,0.022090720012784,0.0842770636081696,0,0,0,0,0,0,0,0,0,0,0,0,0,0,0,0,0.000354760413756594,0,0,0,0,0,0,0,0,0,0,0,0,0,0,0,0,0,0,0,0,0,0,0,0,0,0,0,0,0,0,0,0,0,0,0,0,0,0,0,0,0,156
Vulkaneifel,0,0,0,0,0,0,0,0,0,0,0,0,0,0,0,0,0,0,0,0,0,0,0,0,0,0,0,0,0,0,0,0,0,0,0,0,0,0,0,0,0,0,0,0,0,0,0,0,0,0,0,0,0,0,0,0,0,0,0,0,0,0,0,0,0,0,0,0,0,0,0,0,0,0,0,0,0,0,0,0,0,0,0,0,0,0,0,0,0,0,0,0,0,0,0,0,0,0,0,0,0,0,0,0,0,0,0,0,0,0,0,0,0,0,0,0,0,0,0,0,0,0,0,0,0,0,0,0,0,0,0,0,0,0,0,0,0,0,0,0,0,0,0,0,0,0,0,0,0,0,0,0,0,0,0,0,0,0,0,0,0,0,0,0,0,0,0,0.000424829806433991,0,0,0.0241312123835087,0.0345629304647446,0.0243313238024712,0,0,0,0.0284300874918699,0.0501834489405155,0.0100458236411214,0.0422415845096111,0.0693510621786118,0.1109489351511,0.112467840313911,0.13768744468689,0.115856878459454,0.0699537917971611,0.11749479174614,0.138385728001595,0.14322355389595,0,0.00277975061908364,0,0,0.0982260853052139,0.00424450496211648,0.125286996364594,0.24607041478157,0.140297055244446,0.0325498022139072,0.177333429455757,0.257339000701904,0.0547592900693417,0.0941837131977081,0.239013642072678,0.288987010717392,0.334008693695068,0.333462715148926,0.363215446472168,0.248128697276115,0.194932699203491,0.200201690196991,0.247184529900551,0.203267589211464,0.20395103096962,0.118284605443478,0.00472922157496214,0,0,0.106198810040951,0.250305116176605,0.353804856538773,0.368675798177719,0.384377926588058,0.365469366312027,0.347657084465027,0.253244042396545,0.185693487524986,0.026720954105258,0,0.00639471737667918,0.0051877973601222,0.227277129888535,0.285287916660309,0.379009604454041,0.434599667787552,0.319784253835678,0.268490821123123,0.328947424888611,0.100597687065601,0,0,0.198051661252975,0.210183769464493,0.138789534568787,0.347690522670746,0.374245285987854,0.308024913072586,0.274622589349747,0.319262832403183,0.341157168149948,0.276021748781204,0.210974216461182,0.00599261885508895,0.234295338392258,0.140520930290222,0.158090084791183,0,0,0,0.151624694466591,0.284165650606155,0.295134216547012,0.281977742910385,0.248517230153084,0.18646003305912,0,0,0.00572956074029207,0.176633596420288,0.312419801950455,0.237610712647438,0.247970327734947,0.321778535842896,0.270458996295929,0.318248063325882,0.369152784347534,0.355545461177826,0.00564486905932426,0,0,0,0,0.224255219101906,0.00536616099998355,0,0,0,0,0,0,0,0,0,0,0,0,0,0,0,0,0,0,0,0,0,0.0179637596011162,0.176675796508789,0,0,0,0,0,0,0,0,0,0,0,0,0,0,0,0.00156498828437179,0.067876823246479,0,0,0,0,0,0,0,0,0,0,0,0,0,0,0,0,0,0,0,0,0,0,0,0,0,0,0,0,0,0,0,0,0,0,0,0,0,0,0,0,0,157
Trier-Saarburg,0,0,0,0,0,0,0,0,0,0,0,0,0,0,0,0,0,0,0,0,0,0,0,0,0,0,0,0,0,0,0,0,0,0,0,0,0,0,0,0,0,0,0,0,0,0,0,0,0,0,0,0,0,0,0,0,0,0,0,0,0,0,0,0,0,0,0,0,0,0,0,0,0,0,0,0,0,0,0,0,0,0,0,0,0,0,0,0,0,0,0,0,0,0,0,0,0,0,0,0,0,0,0,0,0,0,0,0,0,0,0,0,0,0,0,0,0,0,0,0,0,0,0,0,0,0,0,0,0,0,0,0,0,0,0,0,0,0,0,0,0,0,0,0,0,0,0,0,0,0,0,0,0,0,0,0,0,0,0,0,0,0,0,0,0,0.00307112280279398,0.00138851744122803,0.00154021882917732,0,0.00411364575847983,0.0529987253248692,0.0743567496538162,0.0597120001912117,0,0,0,0.0817968100309372,0.106532156467438,0.0754821822047234,0.100050322711468,0.140222147107124,0.197661101818085,0.215048968791962,0.23502317070961,0.204813182353973,0.156184419989586,0.219748198986053,0.244243264198303,0.251198649406433,0,0.0750390812754631,0,0,0.182583272457123,0.139239847660065,0.221383929252625,0.379006028175354,0.270157188177109,0.198399513959885,0.328522533178329,0.394028961658478,0.223867788910866,0.20348247885704,0.373842507600784,0.441954344511032,0.501789629459381,0.509145319461823,0.534247636795044,0.37999439239502,0.309588313102722,0.333858728408813,0.435885399580002,0.346492290496826,0.308262050151825,0.238284707069397,0.0859077349305153,0,0.0456410683691502,0.339195281267166,0.423905700445175,0.543618381023407,0.594274938106537,0.566313743591309,0.580208420753479,0.538913607597351,0.401525646448135,0.283723294734955,0.209514558315277,0.103639885783195,0.242402881383896,0.187558069825172,0.398435682058334,0.529532551765442,0.617933750152588,0.674191355705261,0.498745083808899,0.467786520719528,0.51261430978775,0.299360275268555,0,0,0.349546670913696,0.352615743875504,0.306750059127808,0.554007470607758,0.580273747444153,0.509614884853363,0.450983285903931,0.536525666713715,0.557095527648926,0.469915896654129,0.421673864126205,0.263842880725861,0.430962890386581,0.300025671720505,0.31596428155899,0,0,0,0.332435429096222,0.493384122848511,0.506906449794769,0.483521729707718,0.457476824522018,0.374512583017349,0,0,0.107549294829369,0.410268127918243,0.549661636352539,0.423480361700058,0.461219847202301,0.550731420516968,0.497261643409729,0.559327781200409,0.613773226737976,0.578953385353088,0.10727459192276,0,0,0,0,0.400877833366394,0.151686996221542,0,0,0,0,0,0,0,0,0,0,0,0,0,0,0,0,0,0,0,0,0,0.208159536123276,0.312331587076187,0,0,0,0,0,0,0,0,0,0,0,0,0,0,0,0,0.0904984399676323,0.027731254696846,0,0,0,0,0,0,0,0,0,0,0,0,0,0,0,0,0,0,0,0,0,0,0,0,0,0,0,0,0,0,0,0,0,0,0,0,0,0,0,0,158
Frankenthal (Pfalz),0,0,0,0,0,0,0,0,0,0,0,0,0,0,0,0,0,0,0,0,0,0,0,0,0,0,0,0,0,0,0,0,0,0,0,0,0,0,0,0,0,0,0,0,0,0,0,0,0,0,0,0,0,0,0,0,0,0,0,0,0,0,0,0,0,0,0,0,0,0,0,0,0,0,0,0,0,0,0,0,0,0,0,0,0,0,0,0,0,0,0,0,0,0,0,0,0,0,0,0,0,0,0,0,0,0,0,0,0,0,0,0,0,0,0,0,0,0,0,0,0,0,0,0,0,0,0,0,0,0,0,0,0,0,0,0,0,0,0,0,0,0,0,0,0,0,0,0,0,0,0,0,0,0,0,0,0,0,0,0,0,0,0,0,0,0,0.0778930708765984,0.0893997475504875,0.0811401829123497,0.0994405522942543,0.149731382727623,0.227377727627754,0.207261890172958,0,0,0,0.227250248193741,0.347105622291565,0.288177102804184,0.317718088626862,0.402387470006943,0.516159474849701,0.59026175737381,0.64715701341629,0.585486710071564,0.500562489032745,0.584323883056641,0.667644023895264,0.627601027488708,0.449462682008743,0.409758299589157,0.0798327103257179,0,0.5134437084198,0.470781624317169,0.609492480754852,0.956282734870911,0.931634187698364,0.650797486305237,0.84113073348999,1.02090549468994,0.846550941467285,0.642483592033386,0.952552914619446,1.07806122303009,1.21379661560059,1.26725172996521,1.32658755779266,1.19023728370667,1.00099575519562,1.07202863693237,1.25912165641785,1.20525252819061,1.09626173973083,0.888145446777344,0.907334923744202,0.683583796024323,0.911720275878906,1.12204170227051,1.31421840190887,1.51544559001923,1.59746253490448,1.63823652267456,1.73317742347717,1.6399462223053,1.4116142988205,1.15872383117676,1.07621383666992,0.812697052955627,1.10499536991119,0.905059516429901,1.31234526634216,1.61249184608459,1.87418472766876,2.06400847434998,1.6709793806076,1.71213054656982,1.75412547588348,1.46385443210602,0.789720356464386,0.17746476829052,1.18945789337158,1.43617379665375,1.43494081497192,1.87993216514587,1.9858021736145,1.89890336990356,1.93548989295959,2.05739760398865,2.06360578536987,1.86192440986633,1.72538065910339,1.26378512382507,1.60186266899109,1.58565533161163,1.57201814651489,0.729393184185028,0,0.970318794250488,1.62948441505432,1.93918538093567,2.017165184021,2.00478100776672,2.13250851631165,1.91277611255646,1.43510711193085,1.03137862682343,1.17204320430756,1.41998934745789,1.93504357337952,2.04109382629395,2.01860785484314,2.27433252334595,2.1135561466217,2.07668423652649,2.22873854637146,2.37180209159851,1.53775656223297,0.688900411128998,0,0,0,1.89558708667755,1.69437611103058,1.14608883857727,1.140141248703,0.831948816776276,0,0,0,0,0,0,0,0,0,0,0,0,0,0,0,0,0,0,0.841930627822876,1.26649308204651,0.614863395690918,0,0,0,0,0,0,0,0,0,0,0,0,0,0,0,0,0,0,0,0,0,0,0,0,0,0,0,0,0,0,0,0,0,0,0,0,0,0,0,0,0,0,0,0,0,0,0,0,0,0,0,0,0,0,0,0,0,159
Kaiserslautern,0,0,0,0,0,0,0,0,0,0,0,0,0,0,0,0,0,0,0,0,0,0,0,0,0,0,0,0,0,0,0,0,0,0,0,0,0,0,0,0,0,0,0,0,0,0,0,0,0,0,0,0,0,0,0,0,0,0,0,0,0,0,0,0,0,0,0,0,0,0,0,0,0,0,0,0,0,0,0,0,0,0,0,0,0,0,0,0,0,0,0,0,0,0,0,0,0,0,0,0,0,0,0,0,0,0,0,0,0,0,0,0,0,0,0,0,0,0,0,0,0,0,0,0,0.000777981884311885,0,0,0,0,0,0,0,0,0,0,0,0,0,0,0,0,0,0,0,0,0,0,0,0,0,0,0,0,0,0,0,0,0,0,0,0,0,0,0,0,0,0,0.0270974989980459,0.00594694819301367,0.0279685128480196,0.0629531964659691,0.0898352041840553,0.0818638205528259,0,0,0,0.0876003578305244,0.142139211297035,0.0957682952284813,0.122730910778046,0.162503868341446,0.227292641997337,0.267676413059235,0.295483291149139,0.264859288930893,0.203286394476891,0.256334483623505,0.287968695163727,0.279296427965164,0.0372111685574055,0.141087472438812,0,0,0.229028597474098,0.202504321932793,0.283890932798386,0.445409595966339,0.375151783227921,0.262757539749146,0.37413626909256,0.450615078210831,0.311173170804977,0.224712282419205,0.411674082279205,0.496894478797913,0.581673800945282,0.571058869361877,0.607882857322693,0.504009306430817,0.420175999403,0.441071927547455,0.542610883712769,0.488643795251846,0.426516443490982,0.297098517417908,0.274120986461639,0,0.250649064779282,0.436018228530884,0.545981228351593,0.665697038173676,0.715256989002228,0.692740321159363,0.730794548988342,0.668993592262268,0.519222140312195,0.405984491109848,0.352121770381927,0.274524599313736,0.410608172416687,0.297594845294952,0.48897597193718,0.649858593940735,0.750890612602234,0.839929699897766,0.634896397590637,0.632619321346283,0.663649082183838,0.459034651517868,0,0,0.383802533149719,0.48385825753212,0.470316261053085,0.706894338130951,0.735402405261993,0.703295886516571,0.646562039852142,0.750524342060089,0.76152890920639,0.654357135295868,0.579718112945557,0.435934215784073,0.593117237091064,0.487045139074326,0.461083114147186,0,0,0,0.498191475868225,0.676849067211151,0.70505154132843,0.666211664676666,0.730786740779877,0.603271842002869,0.320318162441254,0,0.332205176353455,0.488020271062851,0.696459949016571,0.681674718856812,0.707806527614594,0.775103211402893,0.700332403182983,0.717930674552917,0.804930627346039,0.784691512584686,0.350723117589951,0,0,0,0,0.590121567249298,0.395930528640747,0,0.0790796503424644,0,0,0,0,0,0,0,0,0,0,0,0,0,0,0,0,0,0,0,0.305880725383759,0.41714209318161,0,0,0,0,0,0,0,0,0,0,0,0,0,0,0,0,0.162695899605751,0.10625771433115,0,0,0,0,0,0,0,0,0,0,0,0,0,0,0,0,0,0,0,0,0,0,0,0,0,0,0,0,0,0,0,0,0,0,0,0,0,0,0,0,160
Landau in der Pfalz,0,0,0,0,0,0,0,0,0,0,0,0,0,0,0,0,0,0,0,0,0,0,0,0,0,0,0,0,0,0,0,0,0,0,0,0,0,0,0,0,0,0,0,0,0,0,0,0,0,0,0,0,0,0,0,0,0,0,0,0,0,0,0,0,0,0,0,0,0,0,0,0,0,0,0,0,0,0,0,0,0,0,0,0,0,0,0,0,0,0,0,0,0,0,0,0,0,0,0,0,0,0,0,0,0,0,0,0,0,0,0,0,0,0,0,0,0,0,0,0,0,0,0,0,0.00201543886214495,0,0,0,0,0,0,0,0,0,0.00797961372882128,0,0,0,0,0,0,0,0,0,0,0,0,0,0,0,0,0,0,0,0,0,0,0,0,0,0,0,0,0,0,0,0.035966545343399,0.0542213208973408,0.0427752174437046,0.0657775849103928,0.10084393620491,0.143245071172714,0.123402282595634,0,0,0,0.151233777403831,0.21001523733139,0.17450724542141,0.192278236150742,0.242221251130104,0.321960419416428,0.36904188990593,0.405157446861267,0.356955885887146,0.30690997838974,0.361475706100464,0.39383926987648,0.378865569829941,0.161687925457954,0.213056743144989,0,0,0.305714219808578,0.313483864068985,0.396905332803726,0.580970048904419,0.527491211891174,0.396007716655731,0.507408201694489,0.59410035610199,0.448352932929993,0.3653684258461,0.548846960067749,0.647420287132263,0.741966664791107,0.729980111122131,0.787166833877563,0.693901360034943,0.589442431926727,0.600533962249756,0.725328028202057,0.679504752159119,0.604377329349518,0.449902147054672,0.469482034444809,0.230291441082954,0.412298917770386,0.617654204368591,0.758831143379211,0.885213077068329,0.956325948238373,0.947632670402527,1.00018179416656,0.910721242427826,0.738632261753082,0.615973174571991,0.572941482067108,0.478792607784271,0.63812267780304,0.510281980037689,0.70394903421402,0.916688621044159,1.05869400501251,1.15385591983795,0.894207537174225,0.908660352230072,0.943505346775055,0.722464680671692,0.270380079746246,0,0.581723034381866,0.733191728591919,0.758732199668884,0.993090987205505,1.05426979064941,0.997481942176819,1.02145528793335,1.10145378112793,1.10976445674896,0.974798619747162,0.876378834247589,0.724550545215607,0.91093111038208,0.793801069259644,0.757003664970398,0,0,0.388246327638626,0.809345602989197,1.06701505184174,1.12071454524994,1.04352986812592,1.12672412395477,0.956925570964813,0.640430390834808,0.410016179084778,0.586344540119171,0.768728375434875,1.04838669300079,1.09808278083801,1.12032353878021,1.22042548656464,1.10853064060211,1.12389171123505,1.22651445865631,1.21964716911316,0.673347413539886,0.335587501525879,0,0,0,0.975887656211853,0.764977276325226,0.367313176393509,0.380987614393234,0.248095959424973,0,0,0,0,0,0,0,0,0,0,0,0,0,0,0,0,0,0,0.518502295017242,0.633025884628296,0,0,0,0,0,0,0,0,0,0,0,0,0,0,0,0,0.254675328731537,0.0537629537284374,0,0,0,0,0,0,0,0,0,0,0,0,0,0,0,0,0,0,0,0,0,0,0,0,0,0,0,0,0,0,0,0,0,0,0,0,0,0,0,0,161
Ludwigshafen am Rhein,0,0,0,0,0,0,0,0,0,0,0,0,0,0,0,0,0,0,0,0,0,0,0,0,0,0,0,0,0,0,0,0,0,0,0,0,0,0,0,0,0,0,0,0,0,0,0,0,0,0,0,0,0,0,0,0,0,0,0,0,0,0,0,0,0,0,0,0,0,0,0,0,0,0,0,0,0,0,0,0,0,0,0,0,0,0,0,0,0,0,0,0,0,0,0,0,0,0,0,0,0,0,0,0,0,0,0,0,0,0,0,0,0,0,0,0,0,0,0,0,0,0,0,0,0,0,0,0,0,0,0,0,0,0,0,0,0,0,0,0,0,0,0,0,0,0,0,0,0,0,0,0,0,0,0,0,0,0,0,0,0,0,0,0,0,0,0.0880647599697113,0.0993050783872604,0.0907593220472336,0.110593348741531,0.161080494523048,0.247502937912941,0.225546598434448,0,0,0,0.247869089245796,0.371590971946716,0.312344580888748,0.341462463140488,0.431566148996353,0.551345646381378,0.627244293689728,0.686871647834778,0.616695463657379,0.540085196495056,0.619412362575531,0.708493113517761,0.666590809822083,0.485037624835968,0.426690578460693,0.162005379796028,0,0.544689416885376,0.499401539564133,0.638169407844543,1.0025839805603,0.986405551433563,0.695599973201752,0.890212178230286,1.06765568256378,0.902752041816711,0.690120458602905,1.00451910495758,1.12841904163361,1.2647739648819,1.32682085037231,1.38767838478088,1.25776338577271,1.06833827495575,1.13201582431793,1.32710134983063,1.2748795747757,1.16096532344818,0.945014774799347,0.963048934936523,0.727424323558807,0.969058334827423,1.18209409713745,1.37431788444519,1.57838809490204,1.67337727546692,1.71711587905884,1.81766200065613,1.72636353969574,1.49701392650604,1.23076987266541,1.14421963691711,0.886408448219299,1.17709016799927,0.971538066864014,1.38382720947266,1.7015495300293,1.97679460048676,2.16949892044067,1.75110554695129,1.8103928565979,1.84894514083862,1.566890001297,0.874392032623291,0.42175504565239,1.24528241157532,1.50370979309082,1.53033721446991,1.96563458442688,2.09497094154358,1.99671399593353,2.06722283363342,2.16142725944519,2.17047691345215,1.97474503517151,1.82440423965454,1.3455171585083,1.69305467605591,1.71122825145721,1.68452370166779,0.802234172821045,0,1.05844509601593,1.70946907997131,2.06402826309204,2.14946317672729,2.12662696838379,2.25476145744324,2.03757786750793,1.56409323215485,1.14354491233826,1.22632086277008,1.52973437309265,2.05672860145569,2.16091346740723,2.16395258903503,2.41726756095886,2.24847674369812,2.2122745513916,2.35971307754517,2.52252221107483,1.66051304340363,0.803334176540375,0,0,0,2.0310845375061,1.83803522586823,1.26456391811371,1.24013984203339,0.947851181030273,0,0,0,0,0,0,0,0,0,0,0,0,0,0,0,0,0,0,0.908883452415466,1.33013236522675,0.704449772834778,0,0,0,0,0,0,0,0,0,0,0,0,0,0,0,0,0,0,0,0,0,0,0,0,0,0,0,0,0,0,0,0,0,0,0,0,0,0,0,0,0,0,0,0,0,0,0,0,0,0,0,0,0,0,0,0,0,162
Mainz,0,0,0,0,0,0,0,0,0,0,0,0,0,0,0,0,0,0,0,0,0,0,0,0,0,0,0,0,0,0,0,0,0,0,0,0,0,0,0,0,0,0,0,0,0,0,0,0,0,0,0,0,0,0,0,0,0,0,0,0,0,0,0,0,0,0,0,0,0,0,0,0,0,0,0,0,0,0,0,0,0,0,0,0,0,0,0,0,0,0,0,0,0,0,0,0,0,0,0,0,0,0,0,0,0,0,0,0,0,0,0,0,0,0,0,0,0,0,0,0,0,0,0,0,0.00210718368180096,0,0,0,0,0,0,0,0,0,0,0,0,0,0,0,0,0,0,0,0,0,0,0,0,0,0,0,0,0,0,0,0,0,0,0,0,0,0,0,0,0,0.0438660979270935,0.0725908055901527,0.0617152005434036,0.0627691224217415,0.133186787366867,0.196199908852577,0.17971833050251,0,0,0,0.199099436402321,0.288410663604736,0.213967576622963,0.270797461271286,0.340711295604706,0.452932864427567,0.502063095569611,0.565203368663788,0.496201425790787,0.402945458889008,0.492025256156921,0.564491808414459,0.526820361614227,0.374914169311523,0.367344856262207,0,0,0.400313794612885,0.429390162229538,0.531984031200409,0.811733663082123,0.740971684455872,0.489991456270218,0.672791659832001,0.865326642990112,0.647700011730194,0.479493319988251,0.811028659343719,0.93552029132843,1.05172777175903,1.06854903697968,1.06686508655548,0.933432519435883,0.802998661994934,0.84537398815155,0.969484508037567,0.928781092166901,0.877863764762878,0.684122741222382,0.67452347278595,0.5035320520401,0.67634916305542,0.85032707452774,1.03476297855377,1.23487329483032,1.2067905664444,1.28821647167206,1.32617557048798,1.29225850105286,1.06756114959717,0.93475079536438,0.694127023220062,0.436860173940659,0.729422569274902,0.603757500648499,0.978685557842255,1.24532234668732,1.41374051570892,1.54919695854187,1.25435614585876,1.28511130809784,1.29217457771301,1.01797950267792,0.377932637929916,0,0.894434690475464,1.06171631813049,1.02628529071808,1.40777516365051,1.47521162033081,1.42565512657166,1.32524061203003,1.48101139068604,1.49146902561188,1.34857678413391,1.21774899959564,0.917178630828857,1.17324030399323,1.08923721313477,1.07933080196381,0.412131786346436,0,0.485736101865768,1.22015750408173,1.38835251331329,1.39352893829346,1.44311988353729,1.49444770812988,1.2817690372467,0.771767854690552,0.436049610376358,0.813947975635529,1.00279641151428,1.33425629138947,1.37421071529388,1.35535180568695,1.54092621803284,1.45853972434998,1.46586227416992,1.59826719760895,1.66749548912048,0.967628657817841,0.323148906230927,0,0,0.339179456233978,1.28193235397339,1.0627213716507,0.568509042263031,0.6972376704216,0.483369201421738,0,0,0,0,0,0,0,0,0,0,0,0,0,0,0,0,0,0,0.544441342353821,0.886042952537537,0.28692701458931,0,0,0,0,0,0,0,0,0,0,0,0,0,0,0,0,0,0,0,0,0,0,0,0,0,0,0,0,0,0,0,0,0,0,0,0,0,0,0,0,0,0,0,0,0,0,0,0,0,0,0,0,0,0,0,0,0,163
Neustadt an der Weinstraße,0,0,0,0,0,0,0,0,0,0,0,0,0,0,0,0,0,0,0,0,0,0,0,0,0,0,0,0,0,0,0,0,0,0,0,0,0,0,0,0,0,0,0,0,0,0,0,0,0,0,0,0,0,0,0,0,0,0,0,0,0,0,0,0,0,0,0,0,0,0,0,0,0,0,0,0,0,0,0,0,0,0,0,0,0,0,0,0,0,0,0,0,0,0,0,0,0,0,0,0,0,0,0,0,0,0,0,0,0,0,0,0,0,0,0,0,0,0,0,0,0,0,0,0,0.00111180427484214,0,0,0,0,0,0,0,0,0,0,0,0,0,0,0,0,0,0,0,0,0,0,0,0,0,0,0,0,0,0,0,0,0,0,0,0,0,0,0,0,0,0.0425529256463051,0.0562906302511692,0.0472674742341042,0.0655055418610573,0.104233160614967,0.150634974241257,0.133651450276375,0,0,0,0.155737474560738,0.229924842715263,0.184674128890038,0.20735926926136,0.262705773115158,0.346731930971146,0.40303099155426,0.440529525279999,0.392573684453964,0.327876091003418,0.393102735280991,0.440195858478546,0.417306482791901,0.237168222665787,0.244539827108383,0,0,0.333460748195648,0.333723276853561,0.421178877353668,0.644476592540741,0.598802447319031,0.42984202504158,0.559382677078247,0.671552836894989,0.51954048871994,0.403258204460144,0.614062249660492,0.719843864440918,0.824552178382874,0.827845394611359,0.889290452003479,0.78130966424942,0.651177942752838,0.680709421634674,0.817085683345795,0.770743906497955,0.687448561191559,0.526937127113342,0.544259071350098,0.337264150381088,0.512523889541626,0.704413294792175,0.859453737735748,1.00404119491577,1.06950986385345,1.06705546379089,1.13196742534637,1.04927551746368,0.862157881259918,0.699609398841858,0.656848013401031,0.510563313961029,0.717755377292633,0.568003952503204,0.815633058547974,1.0335339307785,1.20126366615295,1.32742261886597,1.04215836524963,1.06067621707916,1.09257340431213,0.859217643737793,0.170687854290009,0,0.690154850482941,0.86311149597168,0.864009439945221,1.16342008113861,1.22323715686798,1.17148423194885,1.18538641929626,1.28593039512634,1.28813743591309,1.13373875617981,1.041876912117,0.801539897918701,1.02827847003937,0.942765533924103,0.89598160982132,0.126426443457603,0,0.483626306056976,0.961968064308167,1.22207772731781,1.28389942646027,1.21822273731232,1.31664741039276,1.13791871070862,0.775802612304688,0.533934056758881,0.693042755126953,0.885533332824707,1.21799349784851,1.27902901172638,1.28237473964691,1.4151064157486,1.29823660850525,1.29729473590851,1.42117297649384,1.45281410217285,0.850257635116577,0.169042244553566,0,0,0,1.13711392879486,0.939942896366119,0.525780081748962,0.538475573062897,0.164553254842758,0,0,0,0,0,0,0,0,0,0,0,0,0,0,0,0,0,0,0.586382448673248,0.773343563079834,0.13213574886322,0,0,0,0,0,0,0,0,0,0,0,0,0,0,0,0.000745272089261562,0.000542774156201631,0,0,0,0,0,0,0,0,0,0,0,0,0,0,0,0,0,0,0,0,0,0,0,0,0,0,0,0,0,0,0,0,0,0,0,0,0,0,0,0,164
Pirmasens,0,0,0,0,0,0,0,0,0,0,0,0,0,0,0,0,0,0,0,0,0,0,0,0,0,0,0,0,0,0,0,0,0,0,0,0,0,0,0,0,0,0,0,0,0,0,0,0,0,0,0,0,0,0,0,0,0,0,0,0,0,0,0,0,0,0,0,0,0,0,0,0,0,0,0,0,0,0,0,0,0,0,0,0,0,0,0,0,0,0,0,0,0,0,0,0,0,0,0,0,0,0,0,0,0,0,0,0,0,0,0,0,0,0,0,0,0,0,0,0,0,0,0,0,0.000103315695014317,0,0,0,0,0,0,0,0,0,0,0,0,0,0,0,0,0,0,0,0,0,0,0,0,0,0,0,0,0,0,0,0,0,0,0,0,0,0,0,0,0,0,0.00224027642980218,0,0.00249390280805528,0.00531295733526349,0.0075375884771347,0.00673816213384271,0,0,0,0.00763375218957663,0.011562186293304,0.00824351981282234,0.0101568344980478,0.0135295353829861,0.0187532678246498,0.0219159610569477,0.023855023086071,0.0211720671504736,0.0170085169374943,0.0213314462453127,0.0229654386639595,0.0222966615110636,0,0.011127115227282,0,0,0.018121674656868,0.0166054330766201,0.0235161334276199,0.0359888002276421,0.0297082364559174,0.022074144333601,0.0311710294336081,0.036003228276968,0.0240404866635799,0.0190463252365589,0.0328661799430847,0.0403317101299763,0.0472065471112728,0.0461244434118271,0.0492132678627968,0.0412509739398956,0.0345872789621353,0.0355101116001606,0.0438046641647816,0.0404199101030827,0.0344652496278286,0.0232775378972292,0.0224939119070768,0,0.0186149161309004,0.0350535064935684,0.0442937277257442,0.0539225451648235,0.0588325560092926,0.0569213032722473,0.0598030872642994,0.0545660741627216,0.0419853217899799,0.03362637758255,0.0299827307462692,0.0251231677830219,0.0354038663208485,0.0249787997454405,0.040101446211338,0.053872462362051,0.0618713200092316,0.0684933140873909,0.0506943874061108,0.0513025671243668,0.05361108481884,0.0371406264603138,0,0,0.0299842655658722,0.0381646752357483,0.0395987555384636,0.0570306368172169,0.0598203130066395,0.0569898001849651,0.0545312203466892,0.0617960765957832,0.0625675767660141,0.0534328520298004,0.0475846529006958,0.0365254804491997,0.0499760508537292,0.0401063337922096,0.03689269348979,0,0,0,0.0389870367944241,0.0573778338730335,0.0589978136122227,0.0549555905163288,0.0606057420372963,0.0497856810688972,0.026804119348526,0,0.0257327351719141,0.0418645590543747,0.0582981780171394,0.0567665807902813,0.0604408867657185,0.0654972419142723,0.0587863624095917,0.0602086186408997,0.0667316243052483,0.0645011812448502,0.0258869882673025,0,0,0,0,0.0491029396653175,0.0322942733764648,0,0,0,0,0,0,0,0,0,0,0,0,0,0,0,0,0,0,0,0,0,0.026800399646163,0.0334943495690823,0,0,0,0,0,0,0,0,0,0,0,0,0,0,0,0,0.0208209194242954,0.0141300708055496,0,0.011798145249486,0,0,0,0,0,0,0,0,0,0,0,0,0,0,0,0,0,0,0,0,0,0,0,0,0,0,0,0,0,0,0,0,0,0,0,0,0,0,165
Speyer,0,0,0,0,0,0,0,0,0,0,0,0,0,0,0,0,0,0,0,0,0,0,0,0,0,0,0,0,0,0,0,0,0,0,0,0,0,0,0,0,0,0,0,0,0,0,0,0,0,0,0,0,0,0,0,0,0,0,0,0,0,0,0,0,0,0,0,0,0,0,0,0,0,0,0,0,0,0,0,0,0,0,0,0,0,0,0,0,0,0,0,0,0,0,0,0,0,0,0,0,0,0,0,0,0,0,0,0,0,0,0,0,0,0,0,0,0,0,0,0,0,0,0,0,0,0,0,0,0,0,0,0,0,0,0,0,0,0,0,0,0,0,0,0,0,0,0,0,0,0,0,0,0,0,0,0,0,0,0,0,0,0,0,0,0,0,0.113227784633636,0.130451440811157,0.11989963799715,0.148534342646599,0.20457898080349,0.309117525815964,0.277707815170288,0,0,0,0.321407556533813,0.452215015888214,0.387840509414673,0.418586522340775,0.517769515514374,0.665356874465942,0.757554113864899,0.827225863933563,0.729109764099121,0.655378222465515,0.738819003105164,0.836001932621002,0.796520233154297,0.552117228507996,0.466882109642029,0,0,0.638881921768188,0.623944997787476,0.752973914146423,1.17051804065704,1.14362049102783,0.82908833026886,1.03751790523529,1.21015167236328,1.03259432315826,0.813773453235626,1.15496444702148,1.2932254076004,1.44625723361969,1.50493323802948,1.58796882629395,1.44583737850189,1.23489236831665,1.28472828865051,1.5096640586853,1.44949781894684,1.32282090187073,1.06120610237122,1.10637271404266,0.812551200389862,1.06808578968048,1.32798779010773,1.56656742095947,1.77620935440063,1.90900802612305,1.93156778812408,2.04462552070618,1.93888545036316,1.67229759693146,1.38166284561157,1.30363714694977,1.06156432628632,1.36409187316895,1.14758610725403,1.54014778137207,1.92400681972504,2.23284316062927,2.43155694007874,1.93994796276093,2.01843094825745,2.07045245170593,1.75283443927765,1.01198387145996,0.539862334728241,1.33866691589355,1.65500998497009,1.73101460933685,2.16141176223755,2.319504737854,2.18942952156067,2.327068567276,2.40162634849548,2.41683745384216,2.17882871627808,2.01002979278564,1.55937778949738,1.91652882099152,1.92816841602325,1.84564173221588,0.802293300628662,0,1.20992469787598,1.86343455314636,2.34839606285095,2.45676827430725,2.37415218353271,2.49322915077209,2.2502326965332,1.71790814399719,1.32392847537994,1.34551572799683,1.74007403850555,2.31977820396423,2.43784999847412,2.45614624023438,2.69482827186584,2.49107217788696,2.46692967414856,2.64188289642334,2.79179978370667,1.82444250583649,1.00012719631195,0,0,0,2.26948261260986,2.01849889755249,1.38489401340485,1.30965232849121,1.03424406051636,0,0,0,0,0,0,0,0,0,0,0,0,0,0,0,0,0,0,1.06615674495697,1.43000912666321,0.819416522979736,0,0,0,0,0,0,0,0,0,0,0,0,0,0,0,0,0,0,0,0,0,0,0,0,0,0,0,0,0,0,0,0,0,0,0,0,0,0,0,0,0,0,0,0,0,0,0,0,0,0,0,0,0,0,0,0,0,166
Worms,0,0,0,0,0,0,0,0,0,0,0,0,0,0,0,0,0,0,0,0,0,0,0,0,0,0,0,0,0,0,0,0,0,0,0,0,0,0,0,0,0,0,0,0,0,0,0,0,0,0,0,0,0,0,0,0,0,0,0,0,0,0,0,0,0,0,0,0,0,0,0,0,0,0,0,0,0,0,0,0,0,0,0,0,0,0,0,0,0,0,0,0,0,0,0,0,0,0,0,0,0,0,0,0,0,0,0,0,0,0,0,0,0,0,0,0,0,0,0,0,0,0,0,0,0,0,0,0,0,0,0,0,0,0,0,0,0,0,0,0,0,0,0,0,0,0,0,0,0,0,0,0,0,0,0,0,0,0,0,0,0,0,0,0,0,0,0.0636350139975548,0.0760587230324745,0.0690251365303993,0.0825065597891808,0.129559680819511,0.195364475250244,0.178756505250931,0,0,0,0.195067256689072,0.297787457704544,0.24157352745533,0.272404283285141,0.345166265964508,0.444610923528671,0.506251513957977,0.558549821376801,0.504242479801178,0.423964530229568,0.501487255096436,0.572291493415833,0.536925971508026,0.386405050754547,0.359315097332001,0.0141784660518169,0,0.434838354587555,0.406394183635712,0.526075601577759,0.817995488643646,0.787579298019409,0.542636156082153,0.708624005317688,0.872660458087921,0.710164725780487,0.533986330032349,0.814391016960144,0.922329246997833,1.03959906101227,1.07953023910522,1.11800146102905,0.99515962600708,0.837278604507446,0.899854600429535,1.05335891246796,1.00705420970917,0.921590566635132,0.740675389766693,0.753699243068695,0.572695672512054,0.759619474411011,0.935642421245575,1.10205340385437,1.27827978134155,1.32505548000336,1.36885368824005,1.44092655181885,1.3661527633667,1.17130064964294,0.973080098628998,0.874347448348999,0.646382093429565,0.88856315612793,0.726466000080109,1.08651316165924,1.33851253986359,1.54833376407623,1.70516729354858,1.38290369510651,1.41204595565796,1.44648218154907,1.19158864021301,0.621710658073425,0.0315181352198124,0.989447355270386,1.1914975643158,1.1742582321167,1.56199657917023,1.63958716392517,1.57087826728821,1.5662933588028,1.687744140625,1.69598150253296,1.52794146537781,1.40918123722076,1.037917137146,1.31732654571533,1.27628064155579,1.28020870685577,0.595662295818329,0,0.770129859447479,1.35494005680084,1.57927882671356,1.62526845932007,1.64288902282715,1.74234974384308,1.55113875865936,1.13231647014618,0.79068124294281,0.969302892684937,1.14637064933777,1.56919002532959,1.64983284473419,1.61875104904175,1.84232699871063,1.71516859531403,1.687952876091,1.81836831569672,1.93289828300476,1.23122107982635,0.312591046094894,0,0,0,1.53576374053955,1.35191547870636,0.903088390827179,0.929415285587311,0.680022239685059,0,0,0,0,0,0,0,0,0,0,0,0,0,0,0,0,0,0,0.668989777565002,1.04465401172638,0.480121433734894,0,0,0,0,0,0,0,0,0,0,0,0,0,0,0,0,0,0,0,0,0,0,0,0,0,0,0,0,0,0,0,0,0,0,0,0,0,0,0,0,0,0,0,0,0,0,0,0,0,0,0,0,0,0,0,0,0,167
Zweibrücken,0,0,0,0,0,0,0,0,0,0,0,0,0,0,0,0,0,0,0,0,0,0,0,0,0,0,0,0,0,0,0,0,0,0,0,0,0,0,0,0,0,0,0,0,0,0,0,0,0,0,0,0,0,0,0,0,0,0,0,0,0,0,0,0,0,0,0,0,0,0,0,0,0,0,0,0,0,0,0,0,0,0,0,0,0,0,0,0,0,0,0,0,0,0,0,0,0,0,0,0,0,0,0,0,0,0,0,0,0,0,0,0,0,0,0,0,0,0,0,0,0,0,0,0,0,0,0,0,0,0,0,0,0,0,0,0,0,0,0,0,0,0,0,0,0,0,0,0,0,0,0,0,0,0,0,0,0,0,0,0,0,0,0,0,0,0,0,0.0048822034150362,0,0.00553729757666588,0.0150746386498213,0.0219492316246033,0.0188302248716354,0,0,0,0.0217744763940573,0.0343300923705101,0.0250661764293909,0.0308070350438356,0.0410093255341053,0.0570701211690903,0.0663165152072906,0.0723809450864792,0.0647976323962212,0.0520627982914448,0.0647693946957588,0.0695459693670273,0.073773093521595,0,0.0294959265738726,0,0,0.0522851012647152,0.0392325520515442,0.0673422738909721,0.110163472592831,0.0898279249668121,0.0658747479319572,0.0963949859142303,0.109904460608959,0.0727456733584404,0.0595524236559868,0.106581591069698,0.125229641795158,0.146047160029411,0.147729828953743,0.147496193647385,0.123016774654388,0.0994072556495667,0.105544030666351,0.13886895775795,0.122067347168922,0.103850767016411,0.0737027376890182,0.0592475794255733,0,0.0592521764338017,0.107378102838993,0.131737321615219,0.161700204014778,0.180689260363579,0.172634780406952,0.179322689771652,0.161602437496185,0.126365184783936,0.102621749043465,0.0843104869127274,0.0711638405919075,0.0985466614365578,0.0737668126821518,0.121610015630722,0.166266992688179,0.189881712198257,0.203124731779099,0.152306690812111,0.151597246527672,0.162210538983345,0.107472285628319,0,0,0.103958658874035,0.119581803679466,0.113252602517605,0.172243133187294,0.173249989748001,0.166122257709503,0.153211861848831,0.181535333395004,0.18573771417141,0.154633596539497,0.13414478302002,0.0963011384010315,0.134545147418976,0.101593680679798,0.104707136750221,0,0,0,0.111015006899834,0.158784821629524,0.162735477089882,0.163363963365555,0.16954605281353,0.140514031052589,0.0624135509133339,0,0.061158824712038,0.110640868544579,0.167907670140266,0.15691165626049,0.170141413807869,0.185660570859909,0.166116297245026,0.172948241233826,0.188162997364998,0.18015144765377,0.0703588351607323,0,0,0,0,0.137289300560951,0.0879199132323265,0,0,0,0,0,0,0,0,0,0,0,0,0,0,0,0,0,0,0,0,0,0.058935709297657,0.10002326965332,0,0,0,0,0,0,0,0,0,0,0,0,0,0,0,0,0.0368006303906441,0,0,0,0,0,0,0,0,0,0,0,0,0,0,0,0,0,0,0,0,0,0,0,0,0,0,0,0,0,0,0,0,0,0,0,0,0,0,0,0,0,168
Alzey-Worms,0,0,0,0,0,0,0,0,0,0,0,0,0,0,0,0,0,0,0,0,0,0,0,0,0,0,0,0,0,0,0,0,0,0,0,0,0,0,0,0,0,0,0,0,0,0,0,0,0,0,0,0,0,0,0,0,0,0,0,0,0,0,0,0,0,0,0,0,0,0,0,0,0,0,0,0,0,0,0,0,0,0,0,0,0,0,0,0,0,0,0,0,0,0,0,0,0,0,0,0,0,0,0,0,0,0,0,0,0,0,0,0,0,0,0,0,0,0,0,0,0,0,0,0,0.000916266115382314,0,0,0,0,0,0,0,0,0,0,0,0,0,0,0,0,0,0,0,0,0,0,0,0,0,0,0,0,0,0,0,0,0,0,0,0,0,0,0,0,0,0.0396410934627056,0.0569201782345772,0.0495065040886402,0.0607093162834644,0.103136524558067,0.15190377831459,0.141850292682648,0,0,0,0.151069074869156,0.232100293040276,0.178779453039169,0.211623549461365,0.267634928226471,0.352636903524399,0.400848031044006,0.447659581899643,0.401808112859726,0.325833708047867,0.395718574523926,0.448668569326401,0.423346132040024,0.290315091609955,0.282643020153046,0,0,0.337385147809982,0.33056777715683,0.429576456546783,0.650560081005096,0.606943607330322,0.411619663238525,0.549857199192047,0.690013468265533,0.535342454910278,0.398718595504761,0.64411473274231,0.735215663909912,0.83679610490799,0.857388556003571,0.878924489021301,0.763870775699615,0.647387862205505,0.693021714687347,0.809185266494751,0.75935286283493,0.707947373390198,0.557235062122345,0.556873381137848,0.414620488882065,0.562423348426819,0.70975124835968,0.853267014026642,1.00479137897491,1.01164698600769,1.05722057819366,1.10665142536163,1.04999423027039,0.88156133890152,0.741810500621796,0.626289308071136,0.449880599975586,0.637431025505066,0.523546099662781,0.819302320480347,1.02461194992065,1.17416989803314,1.29576206207275,1.0456668138504,1.06019735336304,1.09493625164032,0.856361269950867,0.350835770368576,0,0.739974558353424,0.897739946842194,0.860002875328064,1.18287587165833,1.23168015480042,1.18885672092438,1.1298930644989,1.25827884674072,1.26705682277679,1.13136053085327,1.03923654556274,0.776678800582886,0.982023537158966,0.908833980560303,0.920769035816193,0.280128419399261,0,0.486361503601074,1.01754415035248,1.15870726108551,1.18929040431976,1.21183621883392,1.27695488929749,1.11410927772522,0.747341275215149,0.447180151939392,0.721396386623383,0.836099326610565,1.15117967128754,1.20284807682037,1.16777789592743,1.33821213245392,1.25043952465057,1.2436580657959,1.34944236278534,1.4163122177124,0.848953366279602,0.0703304260969162,0,0,0.011416275985539,1.10190331935883,0.919740319252014,0.576154768466949,0.634186565876007,0.333618313074112,0,0,0,0,0,0,0,0,0,0,0,0,0,0,0,0,0,0,0.473892480134964,0.774689972400665,0.16574390232563,0,0,0,0,0,0,0,0,0,0,0,0,0,0,0,0,0,0,0,0,0,0,0,0,0,0,0,0,0,0,0,0,0,0,0,0,0,0,0,0,0,0,0,0,0,0,0,0,0,0,0,0,0,0,0,0,0,169
Bad Dürkheim,0,0,0,0,0,0,0,0,0,0,0,0,0,0,0,0,0,0,0,0,0,0,0,0,0,0,0,0,0,0,0,0,0,0,0,0,0,0,0,0,0,0,0,0,0,0,0,0,0,0,0,0,0,0,0,0,0,0,0,0,0,0,0,0,0,0,0,0,0,0,0,0,0,0,0,0,0,0,0,0,0,0,0,0,0,0,0,0,0,0,0,0,0,0,0,0,0,0,0,0,0,0,0,0,0,0,0,0,0,0,0,0,0,0,0,0,0,0,0,0,0,0,0,0,0.000947443768382072,0,0,0,0,0,0,0,0,0,0,0,0,0,0,0,0,0,0,0,0,0,0,0,0,0,0,0,0,0,0,0,0,0,0,0,0,0,0,0,0,0,0.0366881377995014,0.052522886544466,0.0397930033504963,0.0591188780963421,0.0978866890072823,0.142645999789238,0.129033997654915,0,0,0,0.144073620438576,0.220625504851341,0.172398805618286,0.197134435176849,0.25163397192955,0.332695186138153,0.387527406215668,0.42506530880928,0.381516247987747,0.312236726284027,0.378468781709671,0.427970945835114,0.403721839189529,0.220298156142235,0.241701722145081,0,0,0.323538362979889,0.314099133014679,0.40565150976181,0.626345694065094,0.581359803676605,0.40786537528038,0.538537085056305,0.656790912151337,0.50724995136261,0.382596641778946,0.599624276161194,0.70010632276535,0.80333811044693,0.811604201793671,0.864165246486664,0.752508938312531,0.625633955001831,0.663337051868439,0.792434871196747,0.743519008159637,0.667777061462402,0.512838363647461,0.521745920181274,0.314701110124588,0.504254162311554,0.683176636695862,0.829407870769501,0.973061859607697,1.02517807483673,1.0299037694931,1.09112060070038,1.01527571678162,0.83773136138916,0.677308082580566,0.625182628631592,0.467254132032394,0.671542465686798,0.527803421020508,0.788157045841217,0.991740465164185,1.15085923671722,1.27723407745361,1.00757586956024,1.02214121818542,1.05406105518341,0.824714124202728,0.273827731609344,0,0.673132121562958,0.836520433425903,0.82197767496109,1.12733018398285,1.17938387393951,1.13258898258209,1.12167930603027,1.23055517673492,1.23397219181061,1.08656620979309,1.00054049491882,0.750564634799957,0.968472242355347,0.891713798046112,0.861690700054169,0.171271577477455,0,0.426595628261566,0.928067803382874,1.14351487159729,1.19712293148041,1.15546345710754,1.24814391136169,1.08186101913452,0.732512950897217,0.451793700456619,0.663581252098083,0.824691951274872,1.14345467090607,1.19647073745728,1.18692481517792,1.32542788982391,1.22002971172333,1.21397507190704,1.32882881164551,1.37098073959351,0.803789496421814,0.179129600524902,0,0,0,1.06376898288727,0.879736244678497,0.477147430181503,0.500782489776611,0.200626730918884,0,0,0,0,0,0,0,0,0,0,0,0,0,0,0,0,0,0,0.517974436283112,0.728286325931549,0.152917519211769,0,0,0,0,0,0,0,0,0,0,0,0,0,0,0,0.0464441329240799,0.0290271416306496,0,0,0,0,0,0,0,0,0,0,0,0,0,0,0,0,0,0,0,0,0,0,0,0,0,0,0,0,0,0,0,0,0,0,0,0,0,0,0,0,170
Donnersbergkreis,0,0,0,0,0,0,0,0,0,0,0,0,0,0,0,0,0,0,0,0,0,0,0,0,0,0,0,0,0,0,0,0,0,0,0,0,0,0,0,0,0,0,0,0,0,0,0,0,0,0,0,0,0,0,0,0,0,0,0,0,0,0,0,0,0,0,0,0,0,0,0,0,0,0,0,0,0,0,0,0,0,0,0,0,0,0,0,0,0,0,0,0,0,0,0,0,0,0,0,0,0,0,0,0,0,0,0,0,0,0,0,0,0,0,0,0,0,0,0,0,0,0,0,0,0.000869816809426993,0,0,0,0,0,0,0,0,0,0,0,0,0,0,0,0,0,0,0,0,0,0,0,0,0,0,0,0,0,0,0,0,0,0,0,0,0,0,0,0,0,0.00770189519971609,0.0359495021402836,0.0209430288523436,0.0381741113960743,0.0740826725959778,0.106876760721207,0.100239984691143,0,0,0,0.104023143649101,0.169019490480423,0.119102030992508,0.147510319948196,0.189767614006996,0.260781764984131,0.304994404315948,0.340736776590347,0.307025134563446,0.235187649726868,0.29410657286644,0.336661696434021,0.31948047876358,0.167990371584892,0.1847233325243,0,0,0.25904256105423,0.245915800333023,0.329108357429504,0.501977205276489,0.446828007698059,0.300564169883728,0.415180623531342,0.521775364875793,0.382480412721634,0.274278849363327,0.478193372488022,0.56030547618866,0.651386260986328,0.650781631469727,0.684628367424011,0.571580827236176,0.479790270328522,0.514181792736053,0.614542543888092,0.551673412322998,0.507745623588562,0.379222065210342,0.365578770637512,0.156946167349815,0.361586779356003,0.516521990299225,0.635396003723145,0.762307703495026,0.783841133117676,0.791109621524811,0.834104299545288,0.770618617534637,0.621561288833618,0.504704594612122,0.427478611469269,0.301353543996811,0.463282227516174,0.364260733127594,0.585593044757843,0.749690413475037,0.861193954944611,0.965536236763,0.755161583423615,0.753782331943512,0.788826704025269,0.568682372570038,0.0607748925685883,0,0.496868580579758,0.616350591182709,0.576956510543823,0.846178591251373,0.873335242271423,0.844660520553589,0.771089136600494,0.892794966697693,0.903086125850677,0.785964787006378,0.713054060935974,0.535096645355225,0.694526672363281,0.604345202445984,0.598344147205353,0,0,0.0877376049757004,0.672009408473969,0.796989023685455,0.838041603565216,0.818533182144165,0.880826413631439,0.740452527999878,0.44014111161232,0.0833607092499733,0.474092125892639,0.572112143039703,0.811477899551392,0.827588975429535,0.813188076019287,0.918061316013336,0.845617175102234,0.85566645860672,0.950462460517883,0.96343195438385,0.513720691204071,0,0,0,0,0.72819060087204,0.542245984077454,0.154755339026451,0.327820062637329,0,0,0,0,0,0,0,0,0,0,0,0,0,0,0,0,0,0,0,0.341717690229416,0.519804358482361,0,0,0,0,0,0,0,0,0,0,0,0,0,0,0,0,0.0476425737142563,0,0,0,0,0,0,0,0,0,0,0,0,0,0,0,0,0,0,0,0,0,0,0,0,0,0,0,0,0,0,0,0,0,0,0,0,0,0,0,0,0,171
Germersheim,0,0,0,0,0,0,0,0,0,0,0,0,0,0,0,0,0,0,0,0,0,0,0,0,0,0,0,0,0,0,0,0,0,0,0,0,0,0,0,0,0,0,0,0,0,0,0,0,0,0,0,0,0,0,0,0,0,0,0,0,0,0,0,0,0,0,0,0,0,0,0,0,0,0,0,0,0,0,0,0,0,0,0,0,0,0,0,0,0,0,0,0,0,0,0,0,0,0,0,0,0,0,0,0,0,0,0,0,0,0,0,0,0,0,0,0,0,0,0,0,0,0,0,0,0.00107169745024294,0,0,0,0,0,0,0,0,0,0.00059234828222543,0,0,0,0,0,0,0,0,0,0,0,0,0,0,0,0,0,0,0,0,0,0,0,0,0,0,0,0,0,0,0,0.0377406589686871,0.0461460128426552,0.0439536422491074,0.0549811124801636,0.0744479075074196,0.108756646513939,0.0931678265333176,0,0,0,0.115948989987373,0.155257344245911,0.13858699798584,0.145910710096359,0.179543256759644,0.233855828642845,0.26343035697937,0.289006859064102,0.254298090934753,0.230011641979218,0.258384495973587,0.283346503973007,0.276697993278503,0.169720932841301,0.156993344426155,0,0,0.221545681357384,0.227882385253906,0.278371274471283,0.408371895551682,0.386674821376801,0.293555229902267,0.362170368432999,0.414522767066956,0.338600844144821,0.281684994697571,0.397583544254303,0.453029215335846,0.508946478366852,0.512872934341431,0.54907637834549,0.498416930437088,0.427371770143509,0.437573909759521,0.5204758644104,0.497291684150696,0.450239896774292,0.350473284721375,0.376778453588486,0.253575384616852,0.335737228393555,0.455607563257217,0.54982054233551,0.620361089706421,0.677231848239899,0.680440604686737,0.715488255023956,0.661044299602509,0.556545555591583,0.47461810708046,0.451466977596283,0.384413063526154,0.481469213962555,0.407379955053329,0.522589504718781,0.675348937511444,0.781979560852051,0.838650047779083,0.667418539524078,0.685188710689545,0.713336586952209,0.580752313137054,0.321655184030533,0.137339055538177,0.453805714845657,0.571565687656403,0.6034996509552,0.741525948047638,0.793992340564728,0.744848549365997,0.797970294952393,0.832279860973358,0.838786900043488,0.747496485710144,0.676333844661713,0.566589176654816,0.686311304569244,0.641384303569794,0.616832733154297,0.0143305473029613,0,0.421521931886673,0.642235040664673,0.830180943012238,0.871627330780029,0.823443412780762,0.866248846054077,0.759304761886597,0.559285759925842,0.445134818553925,0.46997919678688,0.596635341644287,0.808929622173309,0.861520648002625,0.872279822826385,0.946430385112762,0.864060997962952,0.86958372592926,0.93604564666748,0.955340325832367,0.590645313262939,0.367596417665482,0,0,0,0.794646382331848,0.66642951965332,0.425910323858261,0.421865075826645,0.340509086847305,0,0,0,0.287768423557281,0,0,0,0,0,0,0,0,0,0,0,0,0,0,0.395651429891586,0.496174037456512,0.212653130292892,0,0,0,0,0,0,0,0,0,0,0,0,0,0,0,0.0134067172184587,0,0,0,0,0,0,0,0,0,0,0,0,0,0,0,0,0,0,0,0,0,0,0,0,0,0,0,0,0,0,0,0,0,0,0,0,0,0,0,0,0,172
Kaiserslautern,0,0,0,0,0,0,0,0,0,0,0,0,0,0,0,0,0,0,0,0,0,0,0,0,0,0,0,0,0,0,0,0,0,0,0,0,0,0,0,0,0,0,0,0,0,0,0,0,0,0,0,0,0,0,0,0,0,0,0,0,0,0,0,0,0,0,0,0,0,0,0,0,0,0,0,0,0,0,0,0,0,0,0,0,0,0,0,0,0,0,0,0,0,0,0,0,0,0,0,0,0,0,0,0,0,0,0,0,0,0,0,0,0,0,0,0,0,0,0,0,0,0,0,0,0.000413428177125752,0,0,0,0,0,0,0,0,0,0,0,0,0,0,0,0,0,0,0,0,0,0,0,0,0,0,0,0,0,0,0,0,0,0,0,0,0,0,0,0,0,0,0.0259011704474688,0.00449786288663745,0.0268665142357349,0.0620658285915852,0.0893957018852234,0.0806751027703285,0,0,0,0.0861986130475998,0.1419517993927,0.0972758308053017,0.123866006731987,0.162714213132858,0.227545082569122,0.267287582159042,0.295551866292953,0.266252249479294,0.20446965098381,0.256225675344467,0.287885934114456,0.284562528133392,0.0423069298267365,0.138831585645676,0,0,0.226676449179649,0.19159409403801,0.280254125595093,0.445412814617157,0.377230077981949,0.262407451868057,0.374868243932724,0.450508266687393,0.313386052846909,0.228016078472137,0.418627619743347,0.498491674661636,0.582585394382477,0.577922165393829,0.605780899524689,0.502578675746918,0.416965067386627,0.441373735666275,0.548750281333923,0.488085508346558,0.428336411714554,0.30462121963501,0.273964077234268,0,0.259473621845245,0.439165681600571,0.544597625732422,0.66306471824646,0.715392708778381,0.694547772407532,0.730041682720184,0.666463077068329,0.520860016345978,0.412724763154984,0.351444184780121,0.272909432649612,0.404233157634735,0.301184177398682,0.49160960316658,0.654298603534698,0.754725754261017,0.836936891078949,0.637874066829681,0.632438838481903,0.667407333850861,0.459331870079041,0,0,0.401429980993271,0.493892639875412,0.471236854791641,0.710521519184113,0.734969317913055,0.701374590396881,0.64136004447937,0.749338686466217,0.761925101280212,0.653124868869781,0.575374841690063,0.427953392267227,0.578473567962646,0.47316586971283,0.462830305099487,0,0,0,0.500505387783051,0.666524529457092,0.696029901504517,0.670721590518951,0.722831547260284,0.599422931671143,0.311667948961258,0,0.321696281433105,0.473613262176514,0.691231608390808,0.674039244651794,0.697010457515717,0.768045902252197,0.693873047828674,0.713063836097717,0.795922517776489,0.776947677135468,0.352005392313004,0,0,0,0,0.588790357112885,0.396689563989639,0,0.0885037928819656,0,0,0,0,0,0,0,0,0,0,0,0,0,0,0,0,0,0,0,0.28400731086731,0.419709861278534,0,0,0,0,0,0,0,0,0,0,0,0,0,0,0,0,0.124249704182148,0.0383724085986614,0,0,0,0,0,0,0,0,0,0,0,0,0,0,0,0,0,0,0,0,0,0,0,0,0,0,0,0,0,0,0,0,0,0,0,0,0,0,0,0,173
Kusel,0,0,0,0,0,0,0,0,0,0,0,0,0,0,0,0,0,0,0,0,0,0,0,0,0,0,0,0,0,0,0,0,0,0,0,0,0,0,0,0,0,0,0,0,0,0,0,0,0,0,0,0,0,0,0,0,0,0,0,0,0,0,0,0,0,0,0,0,0,0,0,0,0,0,0,0,0,0,0,0,0,0,0,0,0,0,0,0,0,0,0,0,0,0,0,0,0,0,0,0,0,0,0,0,0,0,0,0,0,0,0,0,0,0,0,0,0,0,0,0,0,0,0,0,0,0,0,0,0,0,0,0,0,0,0,0,0,0,0,0,0,0,0,0,0,0,0,0,0,0,0,0,0,0,0,0,0,0,0,0,0,0,0,0,0,0,0,0.0128839872777462,0.00138264091219753,0.0113020110875368,0.0518999770283699,0.0754947364330292,0.065130241215229,0,0,0,0.070330835878849,0.121677361428738,0.0815405398607254,0.106473155319691,0.140527322888374,0.201470941305161,0.234842911362648,0.262788027524948,0.237377926707268,0.178727433085442,0.227109029889107,0.256958603858948,0.26520037651062,0.0238145068287849,0.0794651433825493,0,0,0.192380830645561,0.147046804428101,0.241835430264473,0.403091251850128,0.334898769855499,0.222255632281303,0.334917485713959,0.410582602024078,0.276119560003281,0.199472010135651,0.387345254421234,0.457420289516449,0.536845207214355,0.53777551651001,0.550072312355042,0.4491927921772,0.364166736602783,0.39187827706337,0.50124204158783,0.428067862987518,0.380030632019043,0.271919399499893,0.209683045744896,0.00564013468101621,0.206962570548058,0.389733374118805,0.482003331184387,0.597001850605011,0.649585783481598,0.629782259464264,0.654847621917725,0.592384219169617,0.461476892232895,0.368429660797119,0.290668427944183,0.213349089026451,0.328147709369659,0.254289597272873,0.436752170324326,0.591995120048523,0.681023597717285,0.744754672050476,0.574337601661682,0.554262757301331,0.593729615211487,0.386043906211853,0,0,0.370247006416321,0.437365025281906,0.396113246679306,0.631516516208649,0.647887706756592,0.610714972019196,0.549071967601776,0.649825751781464,0.66824609041214,0.567815542221069,0.491696357727051,0.346877336502075,0.477958589792252,0.371343493461609,0.389217972755432,0,0,0,0.426389396190643,0.558387696743011,0.596632063388824,0.585493862628937,0.602283239364624,0.504665553569794,0.126323580741882,0,0.174986392259598,0.382576912641525,0.592371225357056,0.557311296463013,0.576924681663513,0.650546073913574,0.585163533687592,0.614208519458771,0.682711184024811,0.662054657936096,0.273329615592957,0,0,0,0,0.493971884250641,0.307062655687332,0,0.0175557248294353,0,0,0,0,0,0,0,0,0,0,0,0,0,0,0,0,0,0,0,0.188930451869965,0.361781418323517,0,0,0,0,0,0,0,0,0,0,0,0,0,0,0,0,0.0625962018966675,0,0,0,0,0,0,0,0,0,0,0,0,0,0,0,0,0,0,0,0,0,0,0,0,0,0,0,0,0,0,0,0,0,0,0,0,0,0,0,0,0,174
Südliche Weinstraße,0,0,0,0,0,0,0,0,0,0,0,0,0,0,0,0,0,0,0,0,0,0,0,0,0,0,0,0,0,0,0,0,0,0,0,0,0,0,0,0,0,0,0,0,0,0,0,0,0,0,0,0,0,0,0,0,0,0,0,0,0,0,0,0,0,0,0,0,0,0,0,0,0,0,0,0,0,0,0,0,0,0,0,0,0,0,0,0,0,0,0,0,0,0,0,0,0,0,0,0,0,0,0,0,0,0,0,0,0,0,0,0,0,0,0,0,0,0,0,0,0,0,0,0,0.00172273570206016,0,0,0,0,0,0,0,0,0,0.00347537314519286,0,0,0,0,0,0,0,0,0,0,0,0,0,0,0,0,0,0,0,0,0,0,0,0,0,0,0,0,0,0,0,0.0298059824854136,0.050769254565239,0.0422264337539673,0.0611027888953686,0.0958389937877655,0.136607989668846,0.118611425161362,0,0,0,0.144227296113968,0.202643647789955,0.166041970252991,0.184837177395821,0.233816280961037,0.31104564666748,0.357854038476944,0.392372071743011,0.346267729997635,0.296007633209229,0.35099869966507,0.383345514535904,0.367996484041214,0.141456201672554,0.206792593002319,0,0,0.295986264944077,0.302354544401169,0.384669303894043,0.568274140357971,0.515949308872223,0.384677976369858,0.496751964092255,0.58327579498291,0.439287513494492,0.355467349290848,0.537250220775604,0.635388851165771,0.729251384735107,0.719817817211151,0.775921285152435,0.68314403295517,0.578267574310303,0.590886652469635,0.713731646537781,0.670582175254822,0.594576478004456,0.442216038703918,0.459811329841614,0.203433409333229,0.406544178724289,0.607713341712952,0.747428476810455,0.875267922878265,0.94478839635849,0.936225295066833,0.989318907260895,0.904357612133026,0.732965409755707,0.60614413022995,0.565328061580658,0.466981202363968,0.630042850971222,0.498954981565475,0.697876989841461,0.906748354434967,1.04905080795288,1.14779770374298,0.887788474559784,0.90338933467865,0.936236262321472,0.717056810855865,0.202619284391403,0.0340708829462528,0.574808955192566,0.725408911705017,0.749218702316284,0.989633977413177,1.05006098747253,0.99645608663559,1.0170955657959,1.0986396074295,1.10660600662231,0.972360968589783,0.877313017845154,0.713830232620239,0.905067324638367,0.792774260044098,0.751408040523529,0.0185444541275501,0,0.328523725271225,0.804088532924652,1.0635244846344,1.11617016792297,1.04149460792542,1.1271151304245,0.959696650505066,0.637507319450378,0.350810945034027,0.579317033290863,0.770761668682098,1.0528529882431,1.09847986698151,1.12172698974609,1.22365891933441,1.11316299438477,1.12669718265533,1.2313004732132,1.22907662391663,0.675259709358215,0.240336254239082,0,0,0,0.976465463638306,0.767872393131256,0.326716393232346,0.334534466266632,0.197025611996651,0,0,0,0.0620195604860783,0,0,0,0,0,0,0,0,0,0,0,0,0,0,0.523005604743958,0.645138263702393,0.0607338696718216,0,0,0,0,0,0,0,0,0,0,0,0,0,0,0,0.200357109308243,0.0858310982584953,0,0,0,0,0,0,0,0,0,0,0,0,0,0,0,0,0,0,0,0,0,0,0,0,0,0,0,0,0,0,0,0,0,0,0,0,0,0,0,0,175
Rhein-Pfalz-Kreis,0,0,0,0,0,0,0,0,0,0,0,0,0,0,0,0,0,0,0,0,0,0,0,0,0,0,0,0,0,0,0,0,0,0,0,0,0,0,0,0,0,0,0,0,0,0,0,0,0,0,0,0,0,0,0,0,0,0,0,0,0,0,0,0,0,0,0,0,0,0,0,0,0,0,0,0,0,0,0,0,0,0,0,0,0,0,0,0,0,0,0,0,0,0,0,0,0,0,0,0,0,0,0,0,0,0,0,0,0,0,0,0,0,0,0,0,0,0,0,0,0,0,0,0,0,0,0,0,0,0,0,0,0,0,0,0,0,0,0,0,0,0,0,0,0,0,0,0,0,0,0,0,0,0,0,0,0,0,0,0,0,0,0,0,0,0,0.0845580846071243,0.0986547246575356,0.090159110724926,0.112255223095417,0.160297483205795,0.240548461675644,0.21596097946167,0,0,0,0.247760862112045,0.357841491699219,0.303255587816238,0.329815626144409,0.410934865474701,0.529312610626221,0.604683876037598,0.660996198654175,0.588617384433746,0.516395449638367,0.592412531375885,0.670188546180725,0.636605978012085,0.43651294708252,0.387002140283585,0.00864464044570923,0,0.513297200202942,0.495451807975769,0.613008558750153,0.951150476932526,0.922225594520569,0.661651968955994,0.838563203811646,0.992328584194183,0.828986167907715,0.647405743598938,0.936179578304291,1.05761134624481,1.18823301792145,1.23132300376892,1.30004858970642,1.17320108413696,0.992964386940002,1.04407918453217,1.22986102104187,1.17772305011749,1.0706787109375,0.857678294181824,0.891120374202728,0.651748299598694,0.864939332008362,1.08469200134277,1.28396606445313,1.46581614017487,1.5655825138092,1.5877411365509,1.67982602119446,1.5857937335968,1.35831379890442,1.11996603012085,1.05396521091461,0.835480570793152,1.10136926174164,0.915168762207031,1.25998592376709,1.56968653202057,1.82332837581635,1.99413907527924,1.59793615341187,1.6476035118103,1.69242560863495,1.41313099861145,0.783313810825348,0.222518891096115,1.11085426807404,1.36520886421204,1.39880394935608,1.78585124015808,1.89943647384644,1.8033664226532,1.88273084163666,1.97526383399963,1.98393535614014,1.78094220161438,1.64537179470062,1.2577543258667,1.56510603427887,1.54515933990479,1.49520349502563,0.620668172836304,0,0.956147193908691,1.53894758224487,1.90395796298981,1.98962485790253,1.93510389328003,2.0450165271759,1.8311071395874,1.3727695941925,1.03187227249146,1.1115939617157,1.39719140529633,1.88656723499298,1.99006414413452,1.98707020282745,2.20028877258301,2.03432536125183,2.01167511940002,2.16327667236328,2.27853918075562,1.46934807300568,0.748756051063538,0,0,0,1.83884429931641,1.62301099300385,1.09177684783936,1.05390238761902,0.792425274848938,0,0,0,0.018889594823122,0,0,0,0,0,0,0,0,0,0,0,0,0,0,0.858845770359039,1.19103157520294,0.617632269859314,0,0,0,0,0,0,0,0,0,0,0,0,0,0,0,0,0,0,0,0,0,0,0,0,0,0,0,0,0,0,0,0,0,0,0,0,0,0,0,0,0,0,0,0,0,0,0,0,0,0,0,0,0,0,0,0,0,176
Mainz-Bingen,0,0,0,0,0,0,0,0,0,0,0,0,0,0,0,0,0,0,0,0,0,0,0,0,0,0,0,0,0,0,0,0,0,0,0,0,0,0,0,0,0,0,0,0,0,0,0,0,0,0,0,0,0,0,0,0,0,0,0,0,0,0,0,0,0,0,0,0,0,0,0,0,0,0,0,0,0,0,0,0,0,0,0,0,0,0,0,0,0,0,0,0,0,0,0,0,0,0,0,0,0,0,0,0,0,0,0,0,0,0,0,0,0,0,0,0,0,0,0,0,0,0,0,1.36272519739578e-05,0.00118183076847345,0,0,0,0,0,0,0,0,0,0,0,0,0,0,0,0,0,0,0,0,0,0,0,0,0,0,0,0,0,0,0,0,0,0,0,0,0,0,0,0,0,0.0369969420135021,0.0560296848416328,0.0476913265883923,0.0558602698147297,0.110278658568859,0.160909712314606,0.149881303310394,0,0,0,0.159909561276436,0.242040991783142,0.178912431001663,0.223991453647614,0.284098148345947,0.381571620702744,0.424442112445831,0.481450825929642,0.427058190107346,0.340148240327835,0.41809543967247,0.475322067737579,0.451185941696167,0.297808289527893,0.304902642965317,0,0,0.353745669126511,0.36051544547081,0.461923390626907,0.701932787895203,0.635378897190094,0.414574384689331,0.580244183540344,0.747618913650513,0.552670300006866,0.407400190830231,0.702336609363556,0.804864466190338,0.9154012799263,0.931719422340393,0.936179220676422,0.809587776660919,0.693235337734222,0.735992133617401,0.8482306599617,0.792006313800812,0.755885660648346,0.593923151493073,0.572113692760468,0.408927768468857,0.573904752731323,0.734405279159546,0.900383532047272,1.07953703403473,1.05933439731598,1.12712776660919,1.16491806507111,1.12709951400757,0.929707765579224,0.805965065956116,0.606372177600861,0.404718279838562,0.622069776058197,0.502230226993561,0.857976913452148,1.09263694286346,1.24046730995178,1.36484289169312,1.10734057426453,1.11714041233063,1.14906668663025,0.876731336116791,0.274138987064362,0,0.778484582901001,0.937879860401154,0.887686789035797,1.24581062793732,1.30265748500824,1.25799930095673,1.15587568283081,1.30656862258911,1.31764376163483,1.18244802951813,1.07704091072083,0.79408985376358,1.02049696445465,0.930379748344421,0.943444430828094,0.304184198379517,0,0.460339248180389,1.07372319698334,1.20872759819031,1.23679888248444,1.27152812480927,1.30901741981506,1.12982583045959,0.642045140266418,0.32980027794838,0.726081967353821,0.869331538677216,1.18408179283142,1.21795797348022,1.19537937641144,1.37195754051208,1.28916609287262,1.30157220363617,1.41676437854767,1.4734365940094,0.832773268222809,0.156446203589439,0,0,0.161815330386162,1.13308942317963,0.912384629249573,0.522002458572388,0.582234680652618,0.429437696933746,0,0,0,0,0,0,0,0,0,0,0,0,0,0,0,0,0,0,0.445584744215012,0.804372370243073,0.162812486290932,0,0,0,0,0,0,0,0,0,0,0,0,0,0,0,0,0,0,0,0,0,0,0,0,0,0,0,0,0,0,0,0,0,0,0,0,0,0,0,0,0,0,0,0,0,0,0,0,0,0,0,0,0,0,0,0,0,177
Südwestpfalz,0,0,0,0,0,0,0,0,0,0,0,0,0,0,0,0,0,0,0,0,0,0,0,0,0,0,0,0,0,0,0,0,0,0,0,0,0,0,0,0,0,0,0,0,0,0,0,0,0,0,0,0,0,0,0,0,0,0,0,0,0,0,0,0,0,0,0,0,0,0,0,0,0,0,0,0,0,0,0,0,0,0,0,0,0,0,0,0,0,0,0,0,0,0,0,0,0,0,0,0,0,0,0,0,0,0,0,0,0,0,0,0,0,0,0,0,0,0,0,0,0,0,0,0,0.000691561144776642,0,0,0,0,0,0,0,0,0,0,0,0,0,0,0,0,0,0,0,0,0,0,0,0,0,0,0,0,0,0,0,0,0,0,0,0,0,0,0,0,0,0,0.0193248074501753,0.00266148988157511,0.0213747937232256,0.0469827577471733,0.0668700039386749,0.0594731606543064,0,0,0,0.0671673864126205,0.103659681975842,0.0735710933804512,0.0911272615194321,0.120899468660355,0.167901784181595,0.196347922086716,0.214575722813606,0.191031321883202,0.152393236756325,0.190975517034531,0.207205265760422,0.203961461782455,0,0.098765954375267,0,0,0.162372246384621,0.144699409604073,0.208889350295067,0.324232280254364,0.2697694003582,0.1975457072258,0.279642075300217,0.325746834278107,0.219624161720276,0.171224176883698,0.299652367830276,0.364263772964478,0.426278203725815,0.418643832206726,0.442898243665695,0.371451407670975,0.30957967042923,0.320005089044571,0.398571461439133,0.363788366317749,0.311608731746674,0.213380485773087,0.200001791119576,0,0.173708900809288,0.317704647779465,0.399407595396042,0.486937493085861,0.531410157680511,0.513333320617676,0.539530813694,0.491755485534668,0.380232244729996,0.302878826856613,0.266761630773544,0.219911694526672,0.313008964061737,0.224070861935616,0.361617028713226,0.486422091722488,0.559928238391876,0.618000388145447,0.460447549819946,0.463785618543625,0.486090928316116,0.335732489824295,0,0,0.278929173946381,0.350202888250351,0.35388970375061,0.516828179359436,0.54012256860733,0.514755249023438,0.488568812608719,0.557470202445984,0.565111637115479,0.482515871524811,0.427724242210388,0.325413137674332,0.444528728723526,0.356336176395416,0.334607243537903,0,0,0,0.355934798717499,0.512264549732208,0.529085397720337,0.49816769361496,0.544782400131226,0.449427247047424,0.237157061696053,0,0.229926750063896,0.369833558797836,0.524442732334137,0.510827600955963,0.54177862405777,0.588966429233551,0.528853893280029,0.542777121067047,0.601670324802399,0.582128524780273,0.24210424721241,0,0,0,0,0.442475736141205,0.294113636016846,0,0,0,0,0,0,0,0,0,0,0,0,0,0,0,0,0,0,0,0,0,0.234162971377373,0.307510703802109,0,0,0,0,0,0,0,0,0,0,0,0,0,0,0,0,0.174980938434601,0.0975727215409279,0,0.0434628166258335,0,0,0,0,0,0,0,0,0,0,0,0,0,0,0,0,0,0,0,0,0,0,0,0,0,0,0,0,0,0,0,0,0,0,0,0,0,0,178
Stuttgart,0,0,0,0,0,0,0,0,0,0,0,0,0,0,0,0,0,0,0,0,0,0,0,0,0,0,0,0,0,0,0,0,0,0,0,0,0,0,0,0,0,0,0,0,0,0,0,0,0,0,0,0,0,0,0,0,0,0,0,0,0,0,0,0,0,0,0,0,0,0,0,0,0,0,0,0,0,0,0,0,0,0,0,0,0,0,0,0,0,0,0,0,0,0,0,0,0,0,0,0,0,0,0,0,0,0,0,0,0,0,0,0,0,0,0,0,0,0,0,0,0,0,0,0,0.0012002328876406,0,0,0,0,0,0,0,0,0,0,0,0,0,0,0,0,0,0,0,0,0,0,0,0,0,0,0,0,0,0,0,0,0,0,0,0,0,0,0,0,0,0.026320343837142,0.0450055189430714,0.0295622162520885,0.0431428998708725,0.0787962824106216,0.124351985752583,0.119238615036011,0,0,0,0.144518107175827,0.190353631973267,0.156955733895302,0.164966881275177,0.214365988969803,0.295171082019806,0.354891359806061,0.38769343495369,0.36317190527916,0.333761751651764,0.369300305843353,0.408782869577408,0.426296204328537,0.234542787075043,0,0,0,0.28808668255806,0.385210990905762,0.386188685894012,0.632032334804535,0.59922468662262,0.439424127340317,0.549394607543945,0.676719963550568,0.542468369007111,0.409063458442688,0.603986799716949,0.72381979227066,0.838110387325287,0.837742805480957,0.910994172096252,0.869301438331604,0.737114787101746,0.71576327085495,0.840400218963623,0.781161665916443,0.751655995845795,0.506733953952789,0.565532803535461,0.428513050079346,0.451882570981979,0.696487486362457,0.869007647037506,0.99712461233139,1.07655036449432,1.06339228153229,1.13480150699615,1.01238453388214,0.882797122001648,0.764281034469604,0.766927242279053,0.573631286621094,0.665370941162109,0.478578001260757,0.764753937721252,1.04257249832153,1.22938454151154,1.29709541797638,0.907075107097626,1.02349424362183,1.07674133777618,0.853851139545441,0.357678472995758,0,0.293664574623108,0.763127386569977,0.891524434089661,1.13372588157654,1.29237627983093,1.25511407852173,1.28035724163055,1.25495362281799,1.31798470020294,1.17033219337463,1.08194589614868,0.817829966545105,0.94176059961319,0.933232188224792,0.893389105796814,0,0,0.438071072101593,0.929555594921112,1.26087510585785,1.34718072414398,1.21999418735504,1.29863655567169,1.19192957878113,0.620421230792999,0.394836843013763,0.417455077171326,0.74097090959549,1.18852007389069,1.24451148509979,1.37730717658997,1.48171079158783,1.26691257953644,1.25944924354553,1.35686504840851,1.50160026550293,0.765410423278809,0,0,0,0,1.06294524669647,0.882687866687775,0,0,0,0,0,0,0.522944390773773,0,0,0,0,0,0,0,0,0,0,0,0,0,0,0.515872240066528,0.593085944652557,0.338632047176361,0,0,0,0,0,0,0,0,0,0,0,0,0,0,0,0,0,0,0,0,0,0,0,0,0,0,0,0,0,0,0,0,0,0,0,0,0,0,0,0,0,0,0,0,0,0,0,0,0,0,0,0,0,0,0,0,0,179
Böblingen,0,0,0,0,0,0,0,0,0,0,0,0,0,0,0,0,0,0,0,0,0,0,0,0,0,0,0,0,0,0,0,0,0,0,0,0,0,0,0,0,0,0,0,0,0,0,0,0,0,0,0,0,0,0,0,0,0,0,0,0,0,0,0,0,0,0,0,0,0,0,0,0,0,0,0,0,0,0,0,0,0,0,0,0,0,0,0,0,0,0,0,0,0,0,0,0,0,0,0,0,0,0,0,0,0,0,0,0,0,0,0,0,0,0,0,0,0,0,0,0,0,0,0,0,0,0,0,0,0,0,0,0,0,0,0,0,0,0,0,0,0,0,0,0,0,0,0,0,0,0,0,0,0,0,0,0,0,0,0,0,0,0,0,0,0,0,0,0.00495010707527399,0,0.00357789173722267,0.0239382963627577,0.0424452275037766,0.0392543971538544,0,0,0,0.0424105152487755,0.0684347972273827,0.0541806221008301,0.0529993325471878,0.0772172808647156,0.114357016980648,0.141049921512604,0.157141923904419,0.145327165722847,0.130782380700111,0.150701642036438,0.164678230881691,0.174288466572762,0.0630842670798302,0,0,0,0.0780514478683472,0.154465898871422,0.158066779375076,0.285426139831543,0.262588977813721,0.18408827483654,0.242587119340897,0.307308495044708,0.235029071569443,0.158073216676712,0.269864469766617,0.331465750932693,0.395454376935959,0.392458111047745,0.433009594678879,0.410084426403046,0.336671650409698,0.326042234897614,0.392113715410233,0.364972323179245,0.347250640392303,0.202872171998024,0.22022533416748,0.106090933084488,0.139011904597282,0.303301841020584,0.39708399772644,0.469071447849274,0.500851154327393,0.506617844104767,0.534459352493286,0.47370970249176,0.398185551166534,0.335660725831985,0.339436411857605,0.231214225292206,0.275749444961548,0.112704567611217,0.319031745195389,0.477337568998337,0.563697993755341,0.605822145938873,0.417704731225967,0.453826665878296,0.493081241846085,0.356471389532089,0,0,0,0.31596714258194,0.369016230106354,0.502866148948669,0.58127361536026,0.564296841621399,0.580574214458466,0.569650769233704,0.6031214594841,0.510585725307465,0.470358908176422,0.323057949542999,0.395895659923553,0.386310160160065,0.346103638410568,0,0,0.0183698683977127,0.383756369352341,0.538730561733246,0.595920205116272,0.520602285861969,0.559204339981079,0.508889019489288,0.136646524071693,0,0,0.282284259796143,0.503523707389832,0.539212465286255,0.594049513339996,0.63865202665329,0.538632869720459,0.530081033706665,0.577740609645844,0.647020161151886,0.281606107950211,0,0,0,0,0.43435800075531,0.326991051435471,0,0,0,0,0,0,0.0281377136707306,0,0,0,0,0,0,0,0,0,0,0,0,0,0,0.175821498036385,0.234964191913605,0.017152551561594,0,0,0,0,0,0,0,0,0,0,0,0,0,0,0,0,0,0,0,0,0,0,0,0,0,0,0,0,0,0,0,0,0,0,0,0,0,0,0,0,0,0,0,0,0,0,0,0,0,0,0,0,0,0,0,0,0,180
Esslingen,0,0,0,0,0,0,0,0,0,0,0,0,0,0,0,0,0,0,0,0,0,0,0,0,0,0,0,0,0,0,0,0,0,0,0,0,0,0,0,0,0,0,0,0,0,0,0,0,0,0,0,0,0,0,0,0,0,0,0,0,0,0,0,0,0,0,0,0,0,0,0,0,0,0,0,0,0,0,0,0,0,0,0,0,0,0,0,0,0,0,0,0,0,0,0,0,0,0,0,0,0,0,0,0,0,0,0,0,0,0,0,0,0,0,0,0,0,0,0,0,0,0,0,0,9.89175987342605e-06,0,0,0,0,0,0,0,0,0,0,0,0,0,0,0,0,0,0,0,0,0,0,0,0,0,0,0,0,0,0,0,0,0,0,0,0,0,0,0,0,0,0.000216920001548715,0.0147566013038158,0.000243637987296097,0.00288337422534823,0.0310265310108662,0.057989239692688,0.0566207207739353,0,0,0,0.0630707666277885,0.091203086078167,0.0740754678845406,0.0700002834200859,0.100884228944778,0.149039924144745,0.185005098581314,0.20296023786068,0.200555250048637,0.182486146688461,0.203034177422523,0.222486302256584,0.240755319595337,0.122938603162766,0,0,0,0.096025712788105,0.221606403589249,0.20709390938282,0.370103448629379,0.353787273168564,0.249029070138931,0.314533263444901,0.414603620767593,0.332184851169586,0.23198875784874,0.351917743682861,0.439733356237411,0.518691122531891,0.522067904472351,0.570156991481781,0.557167172431946,0.462705671787262,0.432391107082367,0.524087131023407,0.494649410247803,0.464818328619003,0.288746476173401,0.327241629362106,0.253079652786255,0.192815840244293,0.416723310947418,0.526684641838074,0.625248491764069,0.671874821186066,0.678832054138184,0.715020775794983,0.62889963388443,0.554668843746185,0.476484507322311,0.481000334024429,0.343628346920013,0.350345343351364,0.190434068441391,0.435108095407486,0.634788453578949,0.761306822299957,0.809638202190399,0.537995338439941,0.642583429813385,0.660593628883362,0.493810504674911,0.0275457929819822,0,0.00242024636827409,0.408108681440353,0.531373083591461,0.680394530296326,0.795612871646881,0.786220848560333,0.814592003822327,0.794689834117889,0.823211193084717,0.728971123695374,0.686961114406586,0.460811704397202,0.548580288887024,0.534464776515961,0.54251492023468,0,0,0.0830066651105881,0.571001529693604,0.768747627735138,0.823731243610382,0.744163513183594,0.807554543018341,0.740988373756409,0.328276574611664,0.0291065126657486,0.0309348441660404,0.377900332212448,0.706170737743378,0.762469828128815,0.827984094619751,0.906856000423431,0.751812398433685,0.755977928638458,0.815996766090393,0.91603034734726,0.431710094213486,0,0,0,0,0.610878348350525,0.517128348350525,0,0,0,0,0,0,0.258498132228851,0,0,0,0,0,0,0,0,0,0,0,0,0,0,0.211996003985405,0.314402461051941,0.165136873722076,0,0,0,0,0,0,0,0,0,0,0,0,0,0,0,0,0,0,0,0,0,0,0,0,0,0,0,0,0,0,0,0,0,0,0,0,0,0,0,0,0,0,0,0,0,0,0,0,0,0,0,0,0,0,0,0,0,181
Göppingen,0,0,0,0,0,0,0,0,0,0,0,0,0,0,0,0,0,0,0,0,0,0,0,0,0,0,0,0,0,0,0,0,0,0,0,0,0,0,0,0,0,0,0,0,0,0,0,0,0,0,0,0,0,0,0,0,0,0,0,0,0,0,0,0,0,0,0,0,0,0,0,0,0,0,0,0,0,0,0,0,0,0,0,0,0,0,0,0,0,0,0,0,0,0,0,0,0,0,0,0,0,0,0,0,0,0,0,0,0,0,0,0,0,0,0,0,0,0,0,0,0,0,0,0,0,0,0,0,0,0,0,0,0,0,0,0,0,0,0,0,0,0,0,0,0,0,0,0,0,0,0,0,0,0,0,0,0,0,0,0,0,0,0,0,0,0,0,0.00150682707317173,0,0,0.00578161515295506,0.0237406231462955,0.0250000562518835,0,0,0,0.012506565079093,0.0418755821883678,0.0217206254601479,0.0129100447520614,0.0412057414650917,0.0741689279675484,0.0967560932040215,0.105828016996384,0.111300557851791,0.0966592133045197,0.108716778457165,0.121549792587757,0.138862445950508,0.0274541471153498,0,0,0,0.00442315032705665,0.128521546721458,0.101815201342106,0.217610538005829,0.207282781600952,0.132213994860649,0.17585563659668,0.252092003822327,0.197618409991264,0.108396455645561,0.199383139610291,0.267157137393951,0.320599853992462,0.32334953546524,0.358230203390121,0.350259393453598,0.279511064291,0.255810290575027,0.327877938747406,0.306530684232712,0.28405699133873,0.14450167119503,0.169238418340683,0.060217410326004,0.020351791754365,0.223223850131035,0.306579947471619,0.380603849887848,0.421495199203491,0.414151102304459,0.44132873415947,0.386410921812057,0.33251890540123,0.274892777204514,0.269899785518646,0.130334198474884,0.12586022913456,0.00715540815144777,0.224319607019424,0.369060605764389,0.450723618268967,0.489610821008682,0.304049879312515,0.390910685062408,0.374739140272141,0.26280277967453,0,0,0,0.142094999551773,0.276460468769073,0.376733869314194,0.454476922750473,0.455203324556351,0.483707308769226,0.465151697397232,0.474382519721985,0.41179883480072,0.394266992807388,0.215138614177704,0.273045152425766,0.274480491876602,0.294156402349472,0,0,0,0.296507120132446,0.417190045118332,0.454994082450867,0.397877067327499,0.43868225812912,0.413753837347031,0.0691111758351326,0,0,0.0774564370512962,0.356000334024429,0.400219708681107,0.440344125032425,0.485540360212326,0.387929230928421,0.389864027500153,0.420863956212997,0.493636608123779,0.188542082905769,0,0,0,0,0.284257173538208,0.226037159562111,0,0,0,0,0,0,0.0093552153557539,0,0,0,0,0,0,0,0,0,0,0,0,0,0,0.0206377599388361,0.0679095834493637,0.018517792224884,0,0,0,0,0,0,0,0,0,0,0,0,0,0,0,0,0,0,0,0,0,0,0,0,0,0,0,0,0,0,0,0,0,0,0,0,0,0,0,0,0,0,0,0,0,0,0,0,0,0,0,0,0,0,0,0,0,182
Ludwigsburg,0,0,0,0,0,0,0,0,0,0,0,0,0,0,0,0,0,0,0,0,0,0,0,0,0,0,0,0,0,0,0,0,0,0,0,0,0,0,0,0,0,0,0,0,0,0,0,0,0,0,0,0,0,0,0,0,0,0,0,0,0,0,0,0,0,0,0,0,0,0,0,0,0,0,0,0,0,0,0,0,0,0,0,0,0,0,0,0,0,0,0,0,0,0,0,0,0,0,0,0,0,0,0,0,0,0,0,0,0,0,0,0,0,0,0,0,0,0,0,0,0,0,0,0,0.00083656917558983,0,0,0,0,0,0,0,0,0,0,0,0,0,0,0,0,0,0,0,0,0,0,0,0,0,0,0,0,0,0,0,0,0,0,0,0,0,0,0,0,0,0.0281852427870035,0.0444370955228806,0.0371001996099949,0.0473027154803276,0.0728949755430222,0.116490840911865,0.112388722598553,0,0,0,0.136551186442375,0.181845456361771,0.147807419300079,0.15745136141777,0.203799962997437,0.282625049352646,0.333739012479782,0.366527795791626,0.33932301402092,0.309376358985901,0.335325509309769,0.381027907133102,0.394141435623169,0.204493194818497,0,0,0,0.272370934486389,0.341638952493668,0.33770027756691,0.574766159057617,0.541668772697449,0.388746947050095,0.495907247066498,0.606126248836517,0.495480328798294,0.36703434586525,0.557305872440338,0.650386333465576,0.745181441307068,0.754342973232269,0.817031979560852,0.770657479763031,0.639603435993195,0.640910029411316,0.759650588035583,0.70287698507309,0.685445606708527,0.468557000160217,0.512971520423889,0.365059792995453,0.42583817243576,0.62364137172699,0.77905398607254,0.884421765804291,0.973173201084137,0.940214037895203,1.00716876983643,0.932594537734985,0.803211987018585,0.688237071037292,0.660844385623932,0.480244785547256,0.603805720806122,0.438656896352768,0.689169228076935,0.936458766460419,1.1045857667923,1.17398154735565,0.845660328865051,0.930517196655273,0.958985924720764,0.787013292312622,0.354527026414871,0,0.264324456453323,0.673645675182343,0.793928802013397,1.01474177837372,1.1561439037323,1.08622789382935,1.14547479152679,1.12075459957123,1.16462385654449,1.02582168579102,0.94478851556778,0.709964454174042,0.845375120639801,0.861467301845551,0.806447744369507,0,0,0.388154268264771,0.806895434856415,1.11294567584991,1.19898784160614,1.09820973873138,1.13589823246002,1.04533970355988,0.579886734485626,0.365696758031845,0.382528841495514,0.665854871273041,1.05488014221191,1.08232009410858,1.21345341205597,1.2937730550766,1.12630152702332,1.11707925796509,1.2027245759964,1.33731842041016,0.695207715034485,0,0,0,0,0.953686416149139,0.790130794048309,0,0.146142870187759,0,0,0,0,0.234770894050598,0,0,0,0,0,0,0,0,0,0,0,0,0,0,0.435892730951309,0.516820669174194,0.224381297826767,0,0,0,0,0,0,0,0,0,0,0,0,0,0,0,0,0,0,0,0,0,0,0,0,0,0,0,0,0,0,0,0,0,0,0,0,0,0,0,0,0,0,0,0,0,0,0,0,0,0,0,0,0,0,0,0,0,183
Rems-Murr-Kreis,0,0,0,0,0,0,0,0,0,0,0,0,0,0,0,0,0,0,0,0,0,0,0,0,0,0,0,0,0,0,0,0,0,0,0,0,0,0,0,0,0,0,0,0,0,0,0,0,0,0,0,0,0,0,0,0,0,0,0,0,0,0,0,0,0,0,0,0,0,0,0,0,0,0,0,0,0,0,0,0,0,0,0,0,0,0,0,0,0,0,0,0,0,0,0,0,0,0,0,0,0,0,0,0,0,0,0,0,0,0,0,0,0,0,0,0,0,0,0,0,0,0,0,0,0.000135124966618605,0,0,0,0,0,0,0,0,0,0,0,0,0,0,0,0,0,0,0,0,0,0,0,0,0,0,0,0,0,0,0,0,0,0,0,0,0,0,0,0,0,0.00286225974559784,0.0197449773550034,0.00389384920708835,0.00987154152244329,0.0332314148545265,0.0583441033959389,0.0581769905984402,0,0,0,0.0628251135349274,0.0916145741939545,0.0664128214120865,0.0654075667262077,0.100607842206955,0.14988087117672,0.180928111076355,0.194705829024315,0.188406839966774,0.168446198105812,0.183326452970505,0.213519334793091,0.225680202245712,0.107697121798992,0,0,0,0.111998245120049,0.201035901904106,0.179296433925629,0.33249095082283,0.310987144708633,0.2108453810215,0.276236057281494,0.361401379108429,0.287569046020508,0.201395317912102,0.311025679111481,0.383300811052322,0.445729196071625,0.450323611497879,0.49021178483963,0.464334458112717,0.384276241064072,0.368031889200211,0.450495183467865,0.420651376247406,0.400246053934097,0.248750656843185,0.290162533521652,0.153447568416595,0.214155554771423,0.346735864877701,0.441992342472076,0.522260069847107,0.58033961057663,0.558602213859558,0.59841114282608,0.54691082239151,0.464386701583862,0.392102986574173,0.371102213859558,0.243122532963753,0.296571105718613,0.135932832956314,0.378739327192307,0.530896008014679,0.635793328285217,0.679086446762085,0.459009796380997,0.544133841991425,0.546713829040527,0.420463651418686,0.0876644924283028,0,0.00436296733096242,0.330836564302444,0.430862754583359,0.561840415000916,0.661091268062592,0.636873602867126,0.666627168655396,0.643957316875458,0.662717759609222,0.578454971313477,0.543894827365875,0.370630472898483,0.455193251371384,0.461174339056015,0.457218527793884,0,0,0.0955242812633514,0.442817538976669,0.631300628185272,0.673724055290222,0.602752566337585,0.644782721996307,0.600519478321075,0.277272880077362,0.0876572802662849,0.0951365306973457,0.324261784553528,0.569691956043243,0.59168553352356,0.663265526294708,0.723958253860474,0.614341557025909,0.606491565704346,0.660959184169769,0.745151340961456,0.358790755271912,0,0,0,0,0.492182493209839,0.410106748342514,0,0,0,0,0,0,0.126754090189934,0,0,0,0,0,0,0,0,0,0,0,0,0,0,0.222568362951279,0.262492477893829,0.185837924480438,0,0,0,0,0,0,0,0,0,0,0,0,0,0,0,0,0,0,0,0,0,0,0,0,0,0,0,0,0,0,0,0,0,0,0,0,0,0,0,0,0,0,0,0,0,0,0,0,0,0,0,0,0,0,0,0,0,184
Heilbronn,0,0,0,0,0,0,0,0,0,0,0,0,0,0,0,0,0,0,0,0,0,0,0,0,0,0,0,0,0,0,0,0,0,0,0,0,0,0,0,0,0,0,0,0,0,0,0,0,0,0,0,0,0,0,0,0,0,0,0,0,0,0,0,0,0,0,0,0,0,0,0,0,0,0,0,0,0,0,0,0,0,0,0,0,0,0,0,0,0,0,0,0,0,0,0,0,0,0,0,0,0,0,0,0,0,0,0,0,0,0,0,0,0,0,0,0,0,0,0,0,0,0,0,0,0.00109074776992202,0,0,0,0,0,0,0,0,0,0,0,0,0,0,0,0,0,0,0,0,0,0,0,0,0,0,0,0,0,0,0,0,0,0,0,0,0,0,0,0,0,0.0345473773777485,0.0471347644925117,0.0452991910278797,0.0520351454615593,0.0730757936835289,0.117108024656773,0.112856276333332,0,0,0,0.135295495390892,0.175672605633736,0.139799997210503,0.157320931553841,0.201200157403946,0.278832197189331,0.319856226444244,0.350413352251053,0.318491727113724,0.290672302246094,0.307799637317657,0.360039323568344,0.367605298757553,0.195885926485062,0,0,0,0.267665058374405,0.297282069921494,0.299999713897705,0.516734957695007,0.493508756160736,0.343826085329056,0.441283643245697,0.53954666852951,0.447469770908356,0.330786406993866,0.507107973098755,0.580210089683533,0.650462210178375,0.671816289424896,0.719567716121674,0.668930411338806,0.55702406167984,0.562644064426422,0.676122725009918,0.613191902637482,0.602994382381439,0.424246251583099,0.47477126121521,0.320478081703186,0.401732236146927,0.557359457015991,0.684715807437897,0.768446564674377,0.855164706707001,0.80966454744339,0.874221384525299,0.833390951156616,0.716586232185364,0.616123557090759,0.551226437091827,0.397002518177032,0.53147304058075,0.41363799571991,0.625748455524445,0.829500079154968,0.969678819179535,1.03458714485168,0.764247119426727,0.84187251329422,0.838835656642914,0.712525188922882,0.370712280273438,0,0.348570227622986,0.598392367362976,0.695865392684937,0.895388126373291,1.01318621635437,0.918917775154114,1.00197565555573,0.983932018280029,0.9986692070961,0.887898981571198,0.804761052131653,0.616860151290894,0.74686473608017,0.767601668834686,0.732596635818481,0,0,0.396240174770355,0.69358229637146,0.978488802909851,1.04810154438019,0.978035986423492,0.992061674594879,0.897202491760254,0.563267290592194,0.352451175451279,0.391977548599243,0.604678392410278,0.921501874923706,0.932346224784851,1.04192638397217,1.10996150970459,0.987877428531647,0.983285665512085,1.05807149410248,1.1663373708725,0.639159142971039,0,0,0,0,0.854877710342407,0.72884064912796,0,0.392699241638184,0,0,0,0,0,0,0,0,0,0,0,0,0,0,0,0,0,0,0,0.379417270421982,0.476700693368912,0.305351138114929,0,0,0,0,0,0,0,0,0,0,0,0,0,0,0,0,0,0,0,0,0,0,0,0,0,0,0,0,0,0,0,0,0,0,0,0,0,0,0,0,0,0,0,0,0,0,0,0,0,0,0,0,0,0,0,0,0,185
Heilbronn,0,0,0,0,0,0,0,0,0,0,0,0,0,0,0,0,0,0,0,0,0,0,0,0,0,0,0,0,0,0,0,0,0,0,0,0,0,0,0,0,0,0,0,0,0,0,0,0,0,0,0,0,0,0,0,0,0,0,0,0,0,0,0,0,0,0,0,0,0,0,0,0,0,0,0,0,0,0,0,0,0,0,0,0,0,0,0,0,0,0,0,0,0,0,0,0,0,0,0,0,0,0,0,0,0,0,0,0,0,0,0,0,0,0,0,0,0,0,0,0,0,0,0,0,0.000559222418814898,0,0,0,0,0,0,0,0,0,0,0,0,0,0,0,0,0,0,0,0,0,0,0,0,0,0,0,0,0,0,0,0,0,0,0,0,0,0,0,0,0,0.0271301083266735,0.0383788049221039,0.0351175628602505,0.0407748855650425,0.0619601346552372,0.101588346064091,0.0987856388092041,0,0,0,0.115576766431332,0.156286671757698,0.117885261774063,0.133315101265907,0.176040321588516,0.248402863740921,0.288862138986588,0.319078236818314,0.289026856422424,0.260763972997665,0.27906396985054,0.328249514102936,0.335233330726624,0.173212751746178,0,0,0,0.228700205683708,0.270318508148193,0.271598666906357,0.479916900396347,0.454518854618073,0.310825854539871,0.405084073543549,0.503391206264496,0.413029253482819,0.295411825180054,0.465525984764099,0.540192186832428,0.611930727958679,0.629456520080566,0.676850259304047,0.6267009973526,0.518120050430298,0.522858679294586,0.630799055099487,0.572477340698242,0.55911660194397,0.383592784404755,0.42921257019043,0.274956881999969,0.359618365764618,0.510392665863037,0.631803929805756,0.720426559448242,0.799516022205353,0.757817387580872,0.818019986152649,0.779640913009644,0.665094554424286,0.56585830450058,0.503497779369354,0.349692046642303,0.480831921100616,0.35132047533989,0.572313249111176,0.767112076282501,0.898891746997833,0.964928269386292,0.707084715366364,0.778156161308289,0.775998651981354,0.651099562644958,0.295161515474319,0,0.238448232412338,0.53250116109848,0.631196975708008,0.820547759532928,0.931256413459778,0.851951777935028,0.927714228630066,0.908805847167969,0.923676490783691,0.816852927207947,0.742881655693054,0.556523144245148,0.683602869510651,0.69954526424408,0.665236294269562,0,0,0.283330649137497,0.626633167266846,0.896701633930206,0.961246728897095,0.889473557472229,0.912281036376953,0.827337324619293,0.492301732301712,0.210519671440125,0.292849093675613,0.540007472038269,0.838365316390991,0.854013741016388,0.95369964838028,1.01778936386108,0.903404295444489,0.895411431789398,0.966064929962158,1.06732141971588,0.571596026420593,0,0,0,0,0.766418397426605,0.645384728908539,0,0.260365664958954,0,0,0,0,0.0319817960262299,0,0,0,0,0,0,0,0,0,0,0,0,0,0,0.333342403173447,0.419473677873611,0.246987581253052,0,0,0,0,0,0,0,0,0,0,0,0,0,0,0,0.00178798101842403,0,0,0,0,0,0,0,0,0,0,0,0,0,0,0,0,0,0,0,0,0,0,0,0,0,0,0,0,0,0,0,0,0,0,0,0,0,0,0,0,0,186
Hohenlohekreis,0,0,0,0,0,0,0,0,0,0,0,0,0,0,0,0,0,0,0,0,0,0,0,0,0,0,0,0,0,0,0,0,0,0,0,0,0,0,0,0,0,0,0,0,0,0,0,0,0,0,0,0,0,0,0,0,0,0,0,0,0,0,0,0,0,0,0,0,0,0,0,0,0,0,0,0,0,0,0,0,0,0,0,0,0,0,0,0,0,0,0,0,0,0,0,0,0,0,0,0,0,0,0,0,0,0,0,0,0,0,0,0,0,0,0,0,0,0,0,0,0,0,0,0,0.0002446879807394,0,0,0,0,0,0,0,0,0,0,0,0,0,0,0,0,0,0,0,0,0,0,0,0,0,0,0,0,0,0,0,0,0,0,0,0,0,0,0,0,0,0.0118187358602881,0.0198311265558004,0.00948489643633366,0.0114074656739831,0.0351144894957542,0.0613777302205563,0.0635664388537407,0,0,0,0.0610059686005116,0.095483087003231,0.0323776751756668,0.0555719025433064,0.103427514433861,0.159831807017326,0.189264044165611,0.21176952123642,0.191946715116501,0.165267571806908,0.176045089960098,0.222548007965088,0.231731653213501,0.111164517700672,0,0,0,0.131057843565941,0.185429871082306,0.170142024755478,0.331935942173004,0.3115414083004,0.187021553516388,0.26393461227417,0.356001079082489,0.281510591506958,0.166503980755806,0.312568813562393,0.377021282911301,0.436812430620193,0.443538248538971,0.487517893314362,0.441154927015305,0.358099490404129,0.362726867198944,0.446337223052979,0.396096646785736,0.384026437997818,0.233257293701172,0.281898587942123,0.123032085597515,0.220728367567062,0.332181125879288,0.420840799808502,0.507272839546204,0.565773367881775,0.517952144145966,0.570498943328857,0.547800004482269,0.460698634386063,0.386269450187683,0.320502370595932,0.108618050813675,0.29158428311348,0.0988496020436287,0.375183403491974,0.520253956317902,0.60899817943573,0.666329503059387,0.473506659269333,0.546451508998871,0.528149247169495,0.436641991138458,0.0527657754719257,0,0.0121825989335775,0.302631258964539,0.393094182014465,0.544597923755646,0.638736486434937,0.581220507621765,0.634223818778992,0.608940124511719,0.614112019538879,0.533877789974213,0.495088368654251,0.341417044401169,0.443288803100586,0.45000958442688,0.452971696853638,0,0,0.0152938785031438,0.378397136926651,0.591573417186737,0.646953642368317,0.573325753211975,0.604166507720947,0.559114575386047,0.282086700201035,0,0.016045656055212,0.304220050573349,0.523885428905487,0.546585202217102,0.615745604038239,0.665616631507874,0.591994762420654,0.568517863750458,0.628118455410004,0.706413805484772,0.360452473163605,0,0,0,0,0.468964099884033,0.394042700529099,0,0.0158796384930611,0,0,0,0,0,0,0,0,0,0,0,0,0,0,0,0,0,0,0,0.211308181285858,0.259472101926804,0.211222842335701,0,0,0,0,0,0,0,0,0,0,0,0,0,0,0,0.0858156085014343,0,0,0,0,0,0,0,0,0,0,0,0,0,0,0,0,0,0,0,0,0,0,0,0,0,0,0,0,0,0,0,0,0,0,0,0,0,0,0,0,0,187
Schwäbisch Hall,0,0,0,0,0,0,0,0,0,0,0,0,0,0,0,0,0,0,0,0,0,0,0,0,0,0,0,0,0,0,0,0,0,0,0,0,0,0,0,0,0,0,0,0,0,0,0,0,0,0,0,0,0,0,0,0,0,0,0,0,0,0,0,0,0,0,0,0,0,0,0,0,0,0,0,0,0,0,0,0,0,0,0,0,0,0,0,0,0,0,0,0,0,0,0,0,0,0,0,0,0,0,0,0,0,0,0,0,0,0,0,0,0,0,0,0,0,0,0,0,0,0,0,0,1.53427554323571e-05,0,0,0,0,0,0,0,0,0,0,0,0,0,0,0,0,0,0,0,0,0,0,0,0,0,0,0,0,0,0,0,0,0,0,0,0,0,0,0,0,0,0.000315820449031889,0.00774445990100503,0.000363807805115357,0.000428277009632438,0.0179414544254541,0.0356904901564121,0.0392384491860867,0,0,0,0.0238964688032866,0.0583024956285954,0.00538652529940009,0.00618033669888973,0.0612802542746067,0.103133045136929,0.126136466860771,0.143108293414116,0.135710671544075,0.114360645413399,0.119701623916626,0.155989289283752,0.167890056967735,0.0709535554051399,0,0,0,0.0214227698743343,0.146655648946762,0.116779915988445,0.246578395366669,0.233256369829178,0.127437233924866,0.1894910633564,0.273236572742462,0.211627170443535,0.0974451750516891,0.223450720310211,0.285241842269897,0.340193092823029,0.34509751200676,0.382188469171524,0.35056945681572,0.282682806253433,0.273486316204071,0.347341865301132,0.305876910686493,0.30244904756546,0.161761537194252,0.194204121828079,0.00337248877622187,0.137434303760529,0.243968233466148,0.319586247205734,0.392257064580917,0.447179585695267,0.411193907260895,0.448734790086746,0.428475260734558,0.357375383377075,0.290242791175842,0.24749156832695,0.00869620777666569,0.190518945455551,0.00365709653124213,0.25955405831337,0.393414556980133,0.468468278646469,0.525269150733948,0.354551762342453,0.422743678092957,0.410574197769165,0.309346705675125,0,0,0,0.190368071198463,0.286257922649384,0.40560057759285,0.483511507511139,0.463533937931061,0.498608499765396,0.469963073730469,0.476985782384872,0.413012802600861,0.391375035047531,0.240289762616158,0.309305965900421,0.329111605882645,0.341270834207535,0,0,0,0.27790778875351,0.442277699708939,0.493366777896881,0.426375716924667,0.459470510482788,0.436298310756683,0.172309055924416,0,0,0.0971091017127037,0.37236824631691,0.405280768871307,0.463946431875229,0.507743239402771,0.434968084096909,0.411582171916962,0.453264385461807,0.536536157131195,0.249255567789078,0,0,0,0,0.315006732940674,0.263893902301788,0,0,0,0,0,0,0,0,0,0,0,0,0,0,0,0,0,0,0,0,0,0.0748479813337326,0.15153668820858,0.123849645256996,0,0,0,0,0,0,0,0,0,0,0,0,0,0,0,0.0313629135489464,0,0,0,0,0,0,0,0,0,0,0,0,0,0,0,0,0,0,0,0,0,0,0,0,0,0,0,0,0,0,0,0,0,0,0,0,0,0,0,0,0,188
Main-Tauber-Kreis,0,0,0,0,0,0,0,0,0,0,0,0,0,0,0,0,0,0,0,0,0,0,0,0,0,0,0,0,0,0,0,0,0,0,0,0,0,0,0,0,0,0,0,0,0,0,0,0,0,0,0,0,0,0,0,0,0,0,0,0,0,0,0,0,0,0,0,0,0,0,0,0,0,0,0,0,0,0,0,0,0,0,0,0,0,0,0,0,0,0,0,0,0,0,0,0,0,0,0,0,0,0,0,0,0,0,0,0,0,0,0,0,0,0,0,0,0,0,0,0,0,0,0,0,0,0,0,0,0,0,0,0,0,0,0,0,0,0,0,0,0,0,0,0,0,0,0,0,0,0,0,0,0,0,0,0,0,0,0,0,0,0,0,0,0,0,0.00599883170798421,0.0156590901315212,7.96051608631387e-05,0.000102691403299104,0.0280494671314955,0.0529700703918934,0.0587333701550961,0,0,0,0.0485204830765724,0.0877455994486809,0.00103140249848366,0.0405529141426086,0.0910467132925987,0.142389819025993,0.171915784478188,0.201906457543373,0.175893396139145,0.149651154875755,0.157003626227379,0.202938944101334,0.213645279407501,0.120045892894268,0,0,0,0.0621207281947136,0.146652564406395,0.154273629188538,0.30452972650528,0.293479382991791,0.157867848873138,0.227543398737907,0.332890242338181,0.27049908041954,0.129889979958534,0.290901839733124,0.348456144332886,0.409447282552719,0.42245027422905,0.45349583029747,0.408456563949585,0.332478284835815,0.337731838226318,0.416447162628174,0.358387559652328,0.344207882881165,0.218942314386368,0.252935737371445,0.105989679694176,0.218172505497932,0.312547743320465,0.380270421504974,0.469962060451508,0.510405361652374,0.493007004261017,0.531274139881134,0.521680533885956,0.44004237651825,0.367993414402008,0.281350344419479,0.000973939662799239,0.256585478782654,0.000942657061386853,0.343204438686371,0.483358442783356,0.562071681022644,0.627231955528259,0.460525870323181,0.517832517623901,0.500709116458893,0.422041445970535,0.032628457993269,0,0,0.285904586315155,0.360200017690659,0.500527083873749,0.582315385341644,0.532868564128876,0.589840471744537,0.56522661447525,0.552117228507996,0.492932319641113,0.451865166425705,0.305082023143768,0.383190721273422,0.409153670072556,0.431432545185089,0,0,0,0.360756397247314,0.524934947490692,0.577666759490967,0.525972604751587,0.556270897388458,0.512412250041962,0.273750633001328,0,0,0.186670705676079,0.437185019254684,0.483359605073929,0.540116250514984,0.593971848487854,0.538993358612061,0.510756075382233,0.547539293766022,0.63490879535675,0.351115494966507,0,0,0,0,0.405047297477722,0.366278409957886,0,0.00299882888793945,0,0,0,0,0,0,0,0,0,0,0,0,0,0,0,0,0,0,0,0.0214243344962597,0.194070518016815,0.167955845594406,0,0,0,0,0,0,0,0,0,0,0,0,0,0,0,0.0212739109992981,0,0,0,0,0,0,0,0,0,0,0,0,0,0,0,0,0,0,0,0,0,0,0,0,0,0,0,0,0,0,0,0,0,0,0,0,0,0,0,0,0,189
Heidenheim,0,0,0,0,0,0,0,0,0,0,0,0,0,0,0,0,0,0,0,0,0,0,0,0,0,0,0,0,0,0,0,0,0,0,0,0,0,0,0,0,0,0,0,0,0,0,0,0,0,0,0,0,0,0,0,0,0,0,0,0,0,0,0,0,0,0,0,0,0,0,0,0,0,0,0,0,0,0,0,0,0,0,0,0,0,0,0,0,0,0,0,0,0,0,0,0,0,0,0,0,0,0,0,0,0,0,0,0,0,0,0,0,0,0,0,0,0,0,0,0,0,0,0,0,0,0,0,0,0,0,0,0,0,0,0,0,0,0,0,0,0,0,0,0,0,0,0,0,0,0,0,0,0,0,0,0,0,0,0,0,0,0,0,0,0,0,0,0,0,0,0.000143086581374519,0.0190297607332468,0.0239042174071074,0,0,0,0,0.0366935692727566,0.0108405621722341,0,0.0305684264749289,0.0619643703103065,0.0813290923833847,0.0957977920770645,0.105862498283386,0.0918597802519798,0.10078689455986,0.108526028692722,0.130263358354568,0.037205133587122,0,0,0,0,0.111593969166279,0.106032818555832,0.188983052968979,0.194536149501801,0.131387934088707,0.156054198741913,0.229034885764122,0.184810891747475,0.10212729126215,0.171607062220573,0.232264414429665,0.291689872741699,0.286956369876862,0.32296484708786,0.318844735622406,0.259056091308594,0.228624984622002,0.303361684083939,0.284923911094666,0.269444346427917,0.129513442516327,0.146032154560089,0.0753228291869164,0.0285007990896702,0.206770360469818,0.267765939235687,0.341695815324783,0.377077728509903,0.359970837831497,0.390350490808487,0.338278502225876,0.311060398817062,0.255612522363663,0.257869780063629,0.104653753340244,0.0599467046558857,0,0.182099997997284,0.325627058744431,0.397944211959839,0.447592496871948,0.294841140508652,0.368331432342529,0.339691013097763,0.260990709066391,0,0,0,0.0679510533809662,0.258187919855118,0.34007528424263,0.39541557431221,0.408648163080215,0.453954517841339,0.436471313238144,0.430637151002884,0.398848712444305,0.388634473085403,0.209966257214546,0.214297637343407,0.23948173224926,0.283662617206573,0,0,0,0.287321776151657,0.373034715652466,0.406035393476486,0.37006351351738,0.407502323389053,0.398546874523163,0.090012215077877,0,0,0,0.293267577886581,0.371267825365067,0.399187684059143,0.448739022016525,0.336202532052994,0.337491601705551,0.359251528978348,0.433722734451294,0.201611995697021,0,0,0,0,0.239653468132019,0.208691373467445,0,0,0,0,0,0,0,0,0,0,0,0,0,0,0,0,0,0,0,0,0,0,0,0,0,0,0,0,0,0,0,0,0,0,0,0,0,0,0,0,0,0,0,0,0,0,0,0,0,0,0,0,0,0,0,0,0,0,0,0,0,0,0,0,0,0,0,0,0,0,0,0,0,0,0,0,0,0,0,0,0,190
Ostalbkreis,0,0,0,0,0,0,0,0,0,0,0,0,0,0,0,0,0,0,0,0,0,0,0,0,0,0,0,0,0,0,0,0,0,0,0,0,0,0,0,0,0,0,0,0,0,0,0,0,0,0,0,0,0,0,0,0,0,0,0,0,0,0,0,0,0,0,0,0,0,0,0,0,0,0,0,0,0,0,0,0,0,0,0,0,0,0,0,0,0,0,0,0,0,0,0,0,0,0,0,0,0,0,0,0,0,0,0,0,0,0,0,0,0,0,0,0,0,0,0,0,0,0,0,0,0,0,0,0,0,0,0,0,0,0,0,0,0,0,0,0,0,0,0,0,0,0,0,0,0,0,0,0,0,0,0,0,0,0,0,0,0,0,0,0,0,0,0,0.0012625491945073,0,0,0.00634674727916718,0.0245478991419077,0.0294019747525454,0,0,0,0.004203119315207,0.0441339798271656,0.00349589204415679,0.00216115568764508,0.0436894260346889,0.0786255449056625,0.0998106151819229,0.112575605511665,0.117041356861591,0.0999537482857704,0.107030905783176,0.129758879542351,0.146117225289345,0.0401049144566059,0,0,0,1.52453458213131e-05,0.140412554144859,0.110439606010914,0.217415288090706,0.210218533873558,0.12575127184391,0.172098949551582,0.252329289913177,0.198591619729996,0.10315553098917,0.195140585303307,0.258835285902023,0.318398386240005,0.321430087089539,0.357351005077362,0.340541869401932,0.275327384471893,0.250773280858994,0.329629898071289,0.300609081983566,0.29047617316246,0.140664681792259,0.170998737215996,0.0277767758816481,0.0630024448037148,0.225988253951073,0.297273546457291,0.369315892457962,0.423800945281982,0.400494635105133,0.427946507930756,0.392501920461655,0.336846768856049,0.270300179719925,0.254063934087753,0.0444626398384571,0.104210637509823,2.46626641455805e-05,0.219901353120804,0.362234681844711,0.441436171531677,0.493985652923584,0.322357833385468,0.400717526674271,0.377801805734634,0.271948754787445,0,0,0,0.111839890480042,0.268749117851257,0.373259007930756,0.442583203315735,0.45328888297081,0.492370277643204,0.461967915296555,0.464397490024567,0.409647822380066,0.394574701786041,0.220616668462753,0.256813943386078,0.291475147008896,0.312722444534302,0,0,0,0.285439610481262,0.419025480747223,0.459918707609177,0.402003526687622,0.442813217639923,0.429749548435211,0.08071019500494,0,0,0.0193545091897249,0.334010183811188,0.388710290193558,0.442458271980286,0.489005357027054,0.390663117170334,0.377937287092209,0.411367535591125,0.501858532428741,0.219942152500153,0,0,0,0,0.271917313337326,0.223273441195488,0,0,0,0,0,0,3.22447740472853e-05,0,0,0,0,0,0,0,0,0,0,0,0,0,0,0.0154046844691038,0.0559526197612286,0.018730666488409,0,0,0,0,0,0,0,0,0,0,0,0,0,0,0,0,0,0,0,0,0,0,0,0,0,0,0,0,0,0,0,0,0,0,0,0,0,0,0,0,0,0,0,0,0,0,0,0,0,0,0,0,0,0,0,0,0,191
Baden-Baden,0,0,0,0,0,0,0,0,0,0,0,0,0,0,0,0,0,0,0,0,0,0,0,0,0,0,0,0,0,0,0,0,0,0,0,0,0,0,0,0,0,0,0,0,0,0,0,0,0,0,0,0,0,0,0,0,0,0,0,0,0,0,0,0,0,0,0,0,0,0,0,0,0,0,0,0,0,0,0,0,0,0,0,0,0,0,0,0,0,0,0,0,0,0,0,0,0,0,0,0,0,0,0,0,0,0,0,0,0,0,0,0,0,0,0,0,0,0,0,0,0,0,0,0,0,0,0,0,0,0,0,0,0,0,0,0,0,0,0,0,0,0,0,0,0,0,0,0,0,0,0,0,0,0,0,0,0,0,0,0,0,0,0,0,0,0,0,0,0,0,0.00606660544872284,0.0106197334825993,0.00836530141532421,0,0,0,0.00841538794338703,0.0169021356850863,0.0131205366924405,0.0141629576683044,0.0211346372961998,0.0325270630419254,0.0385874770581722,0.0432531945407391,0.0376606732606888,0.0356354117393494,0.0405132621526718,0.0459663793444633,0.0497797057032585,0,0,0,0,0.00575321121141315,0.0379601046442986,0.0465788654983044,0.0868009850382805,0.0726668387651443,0.0552325956523418,0.0742597803473473,0.0899154022336006,0.0590879954397678,0.0321761853992939,0.0786317810416222,0.102145910263062,0.124528884887695,0.122125998139381,0.133868411183357,0.120072975754738,0.0960890725255013,0.0902406945824623,0.116523258388042,0.110689386725426,0.0919410586357117,0.0109982024878263,0.0471317581832409,0,0,0.0751559808850288,0.116431079804897,0.142893776297569,0.163075894117355,0.157699868083,0.157790675759315,0.13862881064415,0.10745508223772,0.0865247324109077,0.0868466421961784,0.0620874986052513,0.071323499083519,0.0112424865365028,0.08615542948246,0.142384752631187,0.168572455644608,0.181265562772751,0.129916474223137,0.128613293170929,0.1401646733284,0.0833387523889542,0,0,0,0.079046830534935,0.0925117880105972,0.139284670352936,0.162159100174904,0.157600939273834,0.165219187736511,0.161877185106277,0.170983612537384,0.137621968984604,0.117756612598896,0.0785074830055237,0.113151431083679,0.0968613103032112,0.0720919966697693,0,0,0,0.0952273681759834,0.14292311668396,0.163281112909317,0.139653414487839,0.152553975582123,0.130620509386063,0.00971391890197992,0,0,0.0826287344098091,0.13618865609169,0.145349428057671,0.156638294458389,0.171066731214523,0.152047798037529,0.149053767323494,0.159580826759338,0.170492112636566,0.0125794457271695,0,0,0,0,0.11193522810936,0.0580498166382313,0,0,0,0,0,0,0.0104847867041826,0,0,0,0,0,0,0,0,0,0,0,0,0,0,0.00986438896507025,0.0594745725393295,0,0,0,0,0,0,0,0,0,0,0,0,0,0,0,0,0.0372120179235935,0,0,0,0,0,0,0,0,0,0,0,0,0,0,0,0,0,0,0,0,0,0,0,0,0,0,0,0,0,0,0,0,0,0,0,0,0,0,0,0,0,192
Karlsruhe,0,0,0,0,0,0,0,0,0,0,0,0,0,0,0,0,0,0,0,0,0,0,0,0,0,0,0,0,0,0,0,0,0,0,0,0,0,0,0,0,0,0,0,0,0,0,0,0,0,0,0,0,0,0,0,0,0,0,0,0,0,0,0,0,0,0,0,0,0,0,0,0,0,0,0,0,0,0,0,0,0,0,0,0,0,0,0,0,0,0,0,0,0,0,0,0,0,0,0,0,0,0,0,0,0,0,0,0,0,0,0,0,0,0,0,0,0,0,0,0,0,0,0,0,0,0,0,0,0,0,0,0,0,0,0,0,0,0,0,0,0,0,0,0,0,0,0,0,0,0,0,0,0,0,0,0,0,0,0,0,0,0,0,0,0,0,0.046388927847147,0.0597927831113338,0.0581925585865974,0.0686876997351646,0.0946847647428513,0.145913079380989,0.125313520431519,0,0,0,0.157846629619598,0.21505780518055,0.192904248833656,0.199515789747238,0.249902874231339,0.334813952445984,0.379637837409973,0.419916689395905,0.372480750083923,0.342142045497894,0.37492373585701,0.415020108222961,0.4195616543293,0.229855626821518,0.151503354310989,0,0,0.315245598554611,0.343505412340164,0.409289866685867,0.62556666135788,0.586798012256622,0.44122588634491,0.55238926410675,0.630373120307922,0.523409426212311,0.423451721668243,0.61751663684845,0.702959418296814,0.794307351112366,0.798233568668365,0.86747419834137,0.796850860118866,0.676437973976135,0.687994182109833,0.822494924068451,0.794930756092072,0.724301218986511,0.545128226280212,0.600920379161835,0.384922027587891,0.488903909921646,0.70737236738205,0.872552633285522,0.97528350353241,1.08956432342529,1.09462916851044,1.1474586725235,1.06547725200653,0.890006899833679,0.764233112335205,0.734732508659363,0.608675479888916,0.763258993625641,0.623360574245453,0.806490421295166,1.08985686302185,1.2765326499939,1.355015873909,1.07315361499786,1.09741008281708,1.15270209312439,0.935989320278168,0.512868940830231,0,0.626226842403412,0.901619255542755,0.975429058074951,1.17994916439056,1.28929793834686,1.20286023616791,1.32340002059937,1.33946692943573,1.37159550189972,1.21854770183563,1.09165930747986,0.904762387275696,1.1023234128952,1.05536448955536,0.978910267353058,0,0,0.667082071304321,1.00662755966187,1.36064922809601,1.44528794288635,1.3425760269165,1.39349102973938,1.22987771034241,0.845641613006592,0.678063452243805,0.6701700091362,0.921136081218719,1.3218948841095,1.40093851089478,1.45536243915558,1.54936027526855,1.39505970478058,1.41676962375641,1.5158531665802,1.58178091049194,0.913747310638428,0.522237479686737,0,0,0,1.28834688663483,1.05406880378723,0.543101787567139,0.617611348628998,0.528525829315186,0,0,0,0.606521904468536,0,0,0,0,0,0,0,0,0,0,0,0,0,0,0.595644593238831,0.761229753494263,0.000421367527451366,0,0,0,0,0,0,0,0,0,0,0,0,0,0,0,0,0,0,0,0,0,0,0,0,0,0,0,0,0,0,0,0,0,0,0,0,0,0,0,0,0,0,0,0,0,0,0,0,0,0,0,0,0,0,0,0,0,193
Karlsruhe,0,0,0,0,0,0,0,0,0,0,0,0,0,0,0,0,0,0,0,0,0,0,0,0,0,0,0,0,0,0,0,0,0,0,0,0,0,0,0,0,0,0,0,0,0,0,0,0,0,0,0,0,0,0,0,0,0,0,0,0,0,0,0,0,0,0,0,0,0,0,0,0,0,0,0,0,0,0,0,0,0,0,0,0,0,0,0,0,0,0,0,0,0,0,0,0,0,0,0,0,0,0,0,0,0,0,0,0,0,0,0,0,0,0,0,0,0,0,0,0,0,0,0,0,3.81230802304344e-06,0,0,0,0,0,0,0,0,0,0,0,0,0,0,0,0,0,0,0,0,0,0,0,0,0,0,0,0,0,0,0,0,0,0,0,0,0,0,0,0,0,0.0510277561843395,0.0638126954436302,0.0603506453335285,0.0723956972360611,0.101304233074188,0.156709209084511,0.139351218938828,0,0,0,0.171372637152672,0.23370686173439,0.202009156346321,0.213991463184357,0.265971809625626,0.356013387441635,0.409410178661346,0.452713072299957,0.398666471242905,0.362162292003632,0.398174673318863,0.449639022350311,0.446400761604309,0.251959919929504,0.115272343158722,0,0,0.331603527069092,0.365511536598206,0.413712292909622,0.661501049995422,0.625003457069397,0.455244243144989,0.572637677192688,0.667946994304657,0.559069275856018,0.437711328268051,0.645799279212952,0.733662784099579,0.827542364597321,0.843231379985809,0.905905544757843,0.830868482589722,0.702688872814178,0.716236531734467,0.852838695049286,0.813733398914337,0.753756523132324,0.563199996948242,0.611682891845703,0.400206953287125,0.516057074069977,0.726377010345459,0.892346620559692,1.00242531299591,1.10368132591248,1.09714210033417,1.15791165828705,1.09006667137146,0.919840931892395,0.77856308221817,0.732791900634766,0.591578304767609,0.759859204292297,0.613499462604523,0.827310919761658,1.09557199478149,1.27690517902374,1.37509095668793,1.07061731815338,1.10786831378937,1.14690494537354,0.944498062133789,0.510342299938202,0.00457418244332075,0.603507459163666,0.878003120422363,0.963918566703796,1.18728065490723,1.29682087898254,1.20478630065918,1.31816160678864,1.33041059970856,1.35975253582001,1.20546865463257,1.08890640735626,0.876694321632385,1.06645274162292,1.05613994598389,0.975188314914703,0.00598109280690551,0,0.619727969169617,0.98644894361496,1.33330380916595,1.41290235519409,1.32079601287842,1.37171638011932,1.21906685829163,0.822643637657166,0.635270595550537,0.635045528411865,0.917419612407684,1.29451906681061,1.35848927497864,1.41269516944885,1.51180076599121,1.36334407329559,1.37092471122742,1.47348856925964,1.56085228919983,0.912199556827545,0.411163091659546,0,0,0,1.24153125286102,1.03337323665619,0.472722411155701,0.578064739704132,0.391484677791595,0,0,0,0.343540549278259,0,0,0,0,0,0,0,0,0,0,0,0,0,0,0.574763357639313,0.725968182086945,0.268571645021439,0,0,0,0,0,0,0,0,0,0,0,0,0,0,0,0,0,0,0,0,0,0,0,0,0,0,0,0,0,0,0,0,0,0,0,0,0,0,0,0,0,0,0,0,0,0,0,0,0,0,0,0,0,0,0,0,0,194
Rastatt,0,0,0,0,0,0,0,0,0,0,0,0,0,0,0,0,0,0,0,0,0,0,0,0,0,0,0,0,0,0,0,0,0,0,0,0,0,0,0,0,0,0,0,0,0,0,0,0,0,0,0,0,0,0,0,0,0,0,0,0,0,0,0,0,0,0,0,0,0,0,0,0,0,0,0,0,0,0,0,0,0,0,0,0,0,0,0,0,0,0,0,0,0,0,0,0,0,0,0,0,0,0,0,0,0,0,0,0,0,0,0,0,0,0,0,0,0,0,0,0,0,0,0,0,0,0,0,0,0,0,0,0,0,0,0,0,0,0,0,0,0,0,0,0,0,0,0,0,0,0,0,0,0,0,0,0,0,0,0,0,0,0,0,0,0,0,0,0,0,0,0.0111456401646137,0.0192272048443556,0.0156945083290339,0,0,0,0.0157260242849588,0.0307133719325066,0.0244768485426903,0.0258204098790884,0.0373989120125771,0.0561426691710949,0.0665478780865669,0.074367567896843,0.0648567751049995,0.0605916455388069,0.0688722282648087,0.0774265006184578,0.0824980959296227,0,0,0,0,0.026357289403677,0.064170740544796,0.0775366723537445,0.140875279903412,0.120310209691525,0.0902163684368134,0.120998054742813,0.145842730998993,0.0994409620761871,0.0561660900712013,0.129339411854744,0.164413139224052,0.198926866054535,0.195217683911324,0.214217498898506,0.192981630563736,0.155730038881302,0.147985100746155,0.187864407896996,0.178621232509613,0.15191562473774,0.0510327517986298,0.0815913826227188,0,0,0.127342388033867,0.188954621553421,0.229154869914055,0.259091138839722,0.253014713525772,0.255018711090088,0.225683942437172,0.176946744322777,0.144281357526779,0.143974870443344,0.0954161733388901,0.122093483805656,0.0491784736514091,0.143957421183586,0.230370968580246,0.272597104310989,0.293053656816483,0.211329117417336,0.211010694503784,0.229697003960609,0.144719406962395,0,0,0,0.137628123164177,0.157129466533661,0.228566661477089,0.264228463172913,0.255309581756592,0.26839017868042,0.264163970947266,0.278970569372177,0.227253451943398,0.196335777640343,0.13424263894558,0.188065499067307,0.165970385074615,0.128359869122505,0,0,0,0.160965159535408,0.237377688288689,0.269009858369827,0.232017993927002,0.252061277627945,0.217137038707733,0.0284468065947294,0,0,0.139128148555756,0.226123005151749,0.241959914565086,0.259629786014557,0.282403558492661,0.250163495540619,0.246342271566391,0.263999491930008,0.282269895076752,0.0580590441823006,0,0,0,0,0.190966814756393,0.104848012328148,0,0,0,0,0,0,0.0307042635977268,0,0,0,0,0,0,0,0,0,0,0,0,0,0,0.0435037799179554,0.10298053175211,0,0,0,0,0,0,0,0,0,0,0,0,0,0,0,0,0.0466075539588928,0,0,0,0,0,0,0,0,0,0,0,0,0,0,0,0,0,0,0,0,0,0,0,0,0,0,0,0,0,0,0,0,0,0,0,0,0,0,0,0,0,195
Heidelberg,0,0,0,0,0,0,0,0,0,0,0,0,0,0,0,0,0,0,0,0,0,0,0,0,0,0,0,0,0,0,0,0,0,0,0,0,0,0,0,0,0,0,0,0,0,0,0,0,0,0,0,0,0,0,0,0,0,0,0,0,0,0,0,0,0,0,0,0,0,0,0,0,0,0,0,0,0,0,0,0,0,0,0,0,0,0,0,0,0,0,0,0,0,0,0,0,0,0,0,0,0,0,0,0,0,0,0,0,0,0,0,0,0,0,0,0,0,0,0,0,0,0,0,0,0,0,0,0,0,0,0,0,0,0,0,0,0,0,0,0,0,0,0,0,0,0,0,0,0,0,0,0,0,0,0,0,0,0,0,0,0,0,0,0,0,0,0.0599502548575401,0.0721004456281662,0.0633031651377678,0.0819688886404037,0.118620321154594,0.185573682188988,0.172128960490227,0,0,0,0.201054766774178,0.280563980340958,0.227586105465889,0.254023104906082,0.321232199668884,0.426958978176117,0.494108378887177,0.548121929168701,0.473740726709366,0.431342959403992,0.479635179042816,0.555003881454468,0.533146500587463,0.340347856283188,0.197052389383316,0,0,0.395517855882645,0.420514196157455,0.484376698732376,0.795763194561005,0.77034068107605,0.542970299720764,0.693850159645081,0.827476680278778,0.698896527290344,0.529325664043427,0.782812654972076,0.893598854541779,1.00621545314789,1.04548132419586,1.10943067073822,1.00982666015625,0.866130709648132,0.882685542106628,1.04511177539825,0.980770468711853,0.92029744386673,0.703076899051666,0.73621791601181,0.495314031839371,0.697200119495392,0.899178326129913,1.07401490211487,1.23256397247314,1.32940816879272,1.32479655742645,1.41428983211517,1.35497391223907,1.1601722240448,0.955093860626221,0.861744105815887,0.676743149757385,0.904396831989288,0.736072659492493,1.05271065235138,1.34131991863251,1.56003355979919,1.70370626449585,1.31283295154572,1.38485908508301,1.40971708297729,1.19315755367279,0.618554413318634,0,0.797012031078339,1.06061279773712,1.16795432567596,1.47047674655914,1.60876250267029,1.50331830978394,1.62956511974335,1.64524078369141,1.6608806848526,1.49657416343689,1.36275064945221,1.0524959564209,1.30352449417114,1.32882225513458,1.24545657634735,0,0,0.710922718048096,1.21436822414398,1.6294606924057,1.72108316421509,1.63148581981659,1.71476578712463,1.54110074043274,1.11254036426544,0.792620122432709,0.81924295425415,1.1705482006073,1.59929299354553,1.65480375289917,1.72323381900787,1.86972641944885,1.71280956268311,1.70324003696442,1.82856225967407,1.95330452919006,1.20108127593994,0.513939440250397,0,0,0,1.52025735378265,1.33167052268982,0.711848497390747,0.800835430622101,0.500032722949982,0,0,0,0,0,0,0,0,0,0,0,0,0,0,0,0,0,0,0.711001396179199,0.917950451374054,0.54816609621048,0,0,0,0,0,0,0,0,0,0,0,0,0,0,0,0,0,0,0,0,0,0,0,0,0,0,0,0,0,0,0,0,0,0,0,0,0,0,0,0,0,0,0,0,0,0,0,0,0,0,0,0,0,0,0,0,0,196
Mannheim,0,0,0,0,0,0,0,0,0,0,0,0,0,0,0,0,0,0,0,0,0,0,0,0,0,0,0,0,0,0,0,0,0,0,0,0,0,0,0,0,0,0,0,0,0,0,0,0,0,0,0,0,0,0,0,0,0,0,0,0,0,0,0,0,0,0,0,0,0,0,0,0,0,0,0,0,0,0,0,0,0,0,0,0,0,0,0,0,0,0,0,0,0,0,0,0,0,0,0,0,0,0,0,0,0,0,0,0,0,0,0,0,0,0,0,0,0,0,0,0,0,0,0,0,0,0,0,0,0,0,0,0,0,0,0,0,0,0,0,0,0,0,0,0,0,0,0,0,0,0,0,0,0,0,0,0,0,0,0,0,0,0,0,0,0,0,0.0875827968120575,0.0986495539546013,0.0895422324538231,0.109846897423267,0.159895703196526,0.247584298253059,0.22662752866745,0,0,0,0.248464897274971,0.370573818683624,0.309368401765823,0.339321970939636,0.430438607931137,0.551619529724121,0.627880036830902,0.688341438770294,0.613767743110657,0.542916059494019,0.618207454681396,0.70946204662323,0.668138802051544,0.483769327402115,0.410925298929214,0.168258979916573,0,0.539227187633514,0.499401301145554,0.632892370223999,1.00060045719147,0.986144065856934,0.695130109786987,0.889533519744873,1.06477379798889,0.904384255409241,0.688896596431732,1.00223791599274,1.12593913078308,1.26233577728271,1.3246134519577,1.38659477233887,1.26013171672821,1.07505965232849,1.13050282001495,1.32572770118713,1.27190804481506,1.16119861602783,0.9406618475914,0.956072270870209,0.714126586914063,0.961929857730865,1.17511200904846,1.36456894874573,1.568723320961,1.66618633270264,1.7077978849411,1.80946898460388,1.72320938110352,1.49510335922241,1.22755825519562,1.13435804843903,0.88244503736496,1.1697998046875,0.961443364620209,1.3751425743103,1.69549262523651,1.96952724456787,2.16015338897705,1.73271334171295,1.80072402954102,1.8354184627533,1.56244039535522,0.86523163318634,0.427960187196732,1.21344149112701,1.47609496116638,1.51997518539429,1.94136500358582,2.08131098747253,1.98029696941376,2.06531596183777,2.14027166366577,2.15029311180115,1.96217751502991,1.80791664123535,1.33508443832397,1.67877805233002,1.71174442768097,1.67412436008453,0.693546175956726,0,1.03609943389893,1.67842662334442,2.05316853523254,2.14258551597595,2.10891461372375,2.23541760444641,2.02404308319092,1.55564665794373,1.13134920597076,1.19197523593903,1.52250754833221,2.04173564910889,2.13816285133362,2.16020941734314,2.40135931968689,2.23163151741028,2.19815278053284,2.34140539169312,2.5083441734314,1.64774763584137,0.745084226131439,0,0,0,2.01256394386292,1.8248804807663,1.24289202690125,1.22010350227356,0.931767821311951,0,0,0,0,0,0,0,0,0,0,0,0,0,0,0,0,0,0,0.902771532535553,1.30164468288422,0.713060617446899,0,0,0,0,0,0,0,0,0,0,0,0,0,0,0,0,0,0,0,0,0,0,0,0,0,0,0,0,0,0,0,0,0,0,0,0,0,0,0,0,0,0,0,0,0,0,0,0,0,0,0,0,0,0,0,0,0,197
Neckar-Odenwald-Kreis,0,0,0,0,0,0,0,0,0,0,0,0,0,0,0,0,0,0,0,0,0,0,0,0,0,0,0,0,0,0,0,0,0,0,0,0,0,0,0,0,0,0,0,0,0,0,0,0,0,0,0,0,0,0,0,0,0,0,0,0,0,0,0,0,0,0,0,0,0,0,0,0,0,0,0,0,0,0,0,0,0,0,0,0,0,0,0,0,0,0,0,0,0,0,0,0,0,0,0,0,0,0,0,0,0,0,0,0,0,0,0,0,0,0,0,0,0,0,0,0,0,0,0,0,0,0,0,0,0,0,0,0,0,0,0,0,0,0,0,0,0,0,0,0,0,0,0,0,0,0,0,0,0,0,0,0,0,0,0,0,0,0,0,0,0,0,0.0083027072250843,0.0177731048315763,0.00937936268746853,0.0120783466845751,0.035323191434145,0.0613322108983994,0.0624900162220001,0,0,0,0.062052495777607,0.100178077816963,0.0364548936486244,0.0705794468522072,0.107249766588211,0.161216914653778,0.193452835083008,0.222273394465446,0.190700143575668,0.164117112755775,0.182225212454796,0.226237878203392,0.227085813879967,0.114458151161671,0,0,0,0.0787822231650352,0.149392127990723,0.172228619456291,0.335566878318787,0.313874304294586,0.188144072890282,0.2616206407547,0.36086767911911,0.284384369850159,0.14657624065876,0.314714699983597,0.378596365451813,0.444145321846008,0.45380762219429,0.487360268831253,0.432858437299728,0.353600293397903,0.354409962892532,0.442118048667908,0.386841952800751,0.372524589300156,0.241828411817551,0.262729078531265,0.0821962133049965,0.226171180605888,0.335568219423294,0.416292995214462,0.506893694400787,0.548037946224213,0.531310558319092,0.571486711502075,0.558219969272614,0.461189121007919,0.376399636268616,0.290278255939484,0.105326376855373,0.292755126953125,0.113748647272587,0.38162237405777,0.519251763820648,0.606299698352814,0.669456958770752,0.491713285446167,0.534383058547974,0.524866163730621,0.433101147413254,0.0317000336945057,0,0.0695176795125008,0.325330168008804,0.385627806186676,0.53641939163208,0.607796907424927,0.562712907791138,0.616496324539185,0.604751348495483,0.596760332584381,0.525614082813263,0.472912192344666,0.332784652709961,0.431918740272522,0.441432803869247,0.423216760158539,0,0,0,0.37878555059433,0.567335426807404,0.605437278747559,0.560649812221527,0.59259957075119,0.531185507774353,0.290675967931747,0,0.072787694633007,0.299994766712189,0.500115990638733,0.526583969593048,0.582237184047699,0.633003532886505,0.572483837604523,0.556207358837128,0.606308281421661,0.665175557136536,0.362608134746552,0,0,0,0,0.461558371782303,0.380167990922928,0,0.0893069356679916,0,0,0,0,0,0,0,0,0,0,0,0,0,0,0,0,0,0,0,0.106194391846657,0.246436253190041,0.105978012084961,0,0,0,0,0,0,0,0,0,0,0,0,0,0,0,0,0,0,0,0,0,0,0,0,0,0,0,0,0,0,0,0,0,0,0,0,0,0,0,0,0,0,0,0,0,0,0,0,0,0,0,0,0,0,0,0,0,198
Rhein-Neckar-Kreis,0,0,0,0,0,0,0,0,0,0,0,0,0,0,0,0,0,0,0,0,0,0,0,0,0,0,0,0,0,0,0,0,0,0,0,0,0,0,0,0,0,0,0,0,0,0,0,0,0,0,0,0,0,0,0,0,0,0,0,0,0,0,0,0,0,0,0,0,0,0,0,0,0,0,0,0,0,0,0,0,0,0,0,0,0,0,0,0,0,0,0,0,0,0,0,0,0,0,0,0,0,0,0,0,0,0,0,0,0,0,0,0,0,0,0,0,0,0,0,0,0,0,0,0,0,0,0,0,0,0,0,0,0,0,0,0,0,0,0,0,0,0,0,0,0,0,0,0,0,0,0,0,0,0,0,0,0,0,0,0,0,0,0,0,0,0,0.0446468889713287,0.0563903898000717,0.0474040992558002,0.0622142553329468,0.0960415303707123,0.151421442627907,0.141381919384003,0,0,0,0.160452395677567,0.229745522141457,0.176053181290627,0.203164547681808,0.261934876441956,0.352305740118027,0.409342467784882,0.455663293600082,0.393581598997116,0.353398472070694,0.394117832183838,0.46045246720314,0.442856550216675,0.27165150642395,0.128222286701202,0,0,0.313674837350845,0.339606910943985,0.394833475351334,0.660962402820587,0.633263647556305,0.435155928134918,0.567614555358887,0.690043687820435,0.570632457733154,0.416940271854401,0.640008628368378,0.738779783248901,0.835723698139191,0.863921642303467,0.918724715709686,0.829773902893066,0.706521570682526,0.719299793243408,0.855003893375397,0.795026183128357,0.748591125011444,0.559873521327972,0.58192104101181,0.363870322704315,0.54760080575943,0.721501171588898,0.866483628749847,1.00173330307007,1.07698392868042,1.07184588909149,1.14381635189056,1.09639537334442,0.930024325847626,0.763045430183411,0.670997142791748,0.487915217876434,0.702432990074158,0.540748655796051,0.834182262420654,1.06727075576782,1.24295794963837,1.36004114151001,1.03981614112854,1.0947390794754,1.11181128025055,0.932931423187256,0.407396405935287,0.0365719124674797,0.584773004055023,0.817845225334167,0.902818202972412,1.15642499923706,1.26627635955811,1.18560326099396,1.27794301509857,1.28982496261597,1.2998343706131,1.1675968170166,1.05868101119995,0.801734924316406,1.00699698925018,1.02349555492401,0.958070456981659,0.0543497800827026,0,0.464768290519714,0.929609537124634,1.25365447998047,1.32868552207947,1.25676226615906,1.3255740404129,1.18476057052612,0.82698929309845,0.508068263530731,0.596727788448334,0.873061954975128,1.21790552139282,1.26014649868011,1.32046449184418,1.43493521213531,1.30846226215363,1.29921650886536,1.39958429336548,1.49824631214142,0.899131655693054,0.207640290260315,0,0,0,1.14246606826782,0.990766942501068,0.416536152362823,0.558390080928802,0.295223891735077,0,0,0,0.000565679976716638,0,0,0,0,0,0,0,0,0,0,0,0,0,0,0.513721168041229,0.679881870746613,0.370543777942657,0,0,0,0,0,0,0,0,0,0,0,0,0,0,0,0,0,0,0,0,0,0,0,0,0,0,0,0,0,0,0,0,0,0,0,0,0,0,0,0,0,0,0,0,0,0,0,0,0,0,0,0,0,0,0,0,0,199
Pforzheim,0,0,0,0,0,0,0,0,0,0,0,0,0,0,0,0,0,0,0,0,0,0,0,0,0,0,0,0,0,0,0,0,0,0,0,0,0,0,0,0,0,0,0,0,0,0,0,0,0,0,0,0,0,0,0,0,0,0,0,0,0,0,0,0,0,0,0,0,0,0,0,0,0,0,0,0,0,0,0,0,0,0,0,0,0,0,0,0,0,0,0,0,0,0,0,0,0,0,0,0,0,0,0,0,0,0,0,0,0,0,0,0,0,0,0,0,0,0,0,0,0,0,0,0,0,0,0,0,0,0,0,0,0,0,0,0,0,0,0,0,0,0,0,0,0,0,0,0,0,0,0,0,0,0,0,0,0,0,0,0,0,0,0,0,0,0,0.00365112023428082,0.00487116863951087,0.00460620084777474,0.00522831594571471,0.0231162197887897,0.0413674786686897,0.0382359884679317,0,0,0,0.0394748784601688,0.0691777691245079,0.0542745850980282,0.0541377514600754,0.0775439962744713,0.11504714936018,0.14195042848587,0.159397169947624,0.143408000469208,0.12483586370945,0.14412347972393,0.162449762225151,0.167593836784363,0.0207106824964285,0,0,0,0.057129979133606,0.139428243041039,0.14521150290966,0.280699908733368,0.252520203590393,0.170092180371284,0.230424165725708,0.291981965303421,0.2215905636549,0.145167857408524,0.262558281421661,0.319345742464066,0.379940509796143,0.378351360559464,0.419763147830963,0.386086642742157,0.31080174446106,0.30915567278862,0.377283692359924,0.354733854532242,0.332830190658569,0.193044543266296,0.207655996084213,0.0382066033780575,0.099907323718071,0.285473078489304,0.384723871946335,0.45048999786377,0.490563869476318,0.49059385061264,0.514256358146667,0.473796933889389,0.381227403879166,0.312127500772476,0.304270565509796,0.197381004691124,0.278191089630127,0.0544345900416374,0.30751034617424,0.460427731275558,0.545120537281036,0.595905601978302,0.422845929861069,0.438665390014648,0.470876634120941,0.345242351293564,0.0456969663500786,0,0.0455066822469234,0.308679789304733,0.349164068698883,0.479779154062271,0.548757791519165,0.518184959888458,0.551501572132111,0.538356721401215,0.571441352367401,0.479604244232178,0.432061076164246,0.29611074924469,0.384061098098755,0.38469073176384,0.321853131055832,0,0,0.0543728210031986,0.34568527340889,0.506780624389648,0.562269270420074,0.490974009037018,0.521487772464752,0.467741668224335,0.0716994032263756,0.0510654374957085,0.0494999922811985,0.277206480503082,0.482420265674591,0.509854555130005,0.553884506225586,0.592170119285583,0.507983148097992,0.504768073558807,0.550295650959015,0.610161125659943,0.246180847287178,0,0,0,0,0.418028891086578,0.295999199151993,0,0.0303052123636007,0,0,0,0,0.0265452433377504,0,0,0,0,0,0,0,0,0,0,0,0,0,0,0.149460703134537,0.220228746533394,0,0,0,0,0,0,0,0,0,0,0,0,0,0,0,0,0,0,0,0,0,0,0,0,0,0,0,0,0,0,0,0,0,0,0,0,0,0,0,0,0,0,0,0,0,0,0,0,0,0,0,0,0,0,0,0,0,0,200
Calw,0,0,0,0,0,0,0,0,0,0,0,0,0,0,0,0,0,0,0,0,0,0,0,0,0,0,0,0,0,0,0,0,0,0,0,0,0,0,0,0,0,0,0,0,0,0,0,0,0,0,0,0,0,0,0,0,0,0,0,0,0,0,0,0,0,0,0,0,0,0,0,0,0,0,0,0,0,0,0,0,0,0,0,0,0,0,0,0,0,0,0,0,0,0,0,0,0,0,0,0,0,0,0,0,0,0,0,0,0,0,0,0,0,0,0,0,0,0,0,0,0,0,0,0,0,0,0,0,0,0,0,0,0,0,0,0,0,0,0,0,0,0,0,0,0,0,0,0,0,0,0,0,0,0,0,0,0,0,0,0,0,0,0,0,0,0,0,0,0,0,0.0125487316399813,0.0247601270675659,0.0217684414237738,0,0,0,0.0134645095095038,0.0405523292720318,0.0300974510610104,0.0288214478641748,0.0467564091086388,0.0752856656908989,0.0939590781927109,0.105613932013512,0.0941740870475769,0.0831046178936958,0.0989806279540062,0.108255118131638,0.116812326014042,0.00129537179600447,0,0,0,0.0145140551030636,0.0954145416617393,0.101706236600876,0.208995133638382,0.184455573558807,0.124000191688538,0.169562771916389,0.220857247710228,0.151491478085518,0.0611027777194977,0.189142867922783,0.243325263261795,0.297611325979233,0.294150292873383,0.326752305030823,0.298744559288025,0.237907484173775,0.230107694864273,0.288771629333496,0.267484337091446,0.243514522910118,0.079291857779026,0.0882234573364258,0.00204732059501112,0.0106088733300567,0.197111114859581,0.287551611661911,0.351538717746735,0.380226671695709,0.382228940725327,0.393777281045914,0.348968982696533,0.275630623102188,0.222712576389313,0.222448036074638,0.123538285493851,0.171450510621071,0.0148503463715315,0.21035897731781,0.344633609056473,0.410051345825195,0.449427783489227,0.302259862422943,0.316771864891052,0.351406574249268,0.222332671284676,0,0,0,0.202925622463226,0.230118721723557,0.352796345949173,0.410151988267899,0.395779877901077,0.409988224506378,0.400961965322495,0.429936915636063,0.345564305782318,0.307499945163727,0.191688135266304,0.265509694814682,0.246619164943695,0.19529877603054,0,0,0,0.234905451536179,0.357183039188385,0.410607546567917,0.344718158245087,0.375558227300644,0.332234978675842,0,0,0,0.17229175567627,0.336453199386597,0.365499079227448,0.395035177469254,0.429285734891891,0.362734913825989,0.357000589370728,0.391367375850677,0.434059351682663,0.0882597118616104,0,0,0,0,0.27624636888504,0.152828142046928,0,0,0,0,0,0,0,0,0,0,0,0,0,0,0,0,0,0,0,0,0,0.0549731142818928,0.142123460769653,0,0,0,0,0,0,0,0,0,0,0,0,0,0,0,0,0.0322737544775009,0,0,0,0,0,0,0,0,0,0,0,0,0,0,0,0,0,0,0,0,0,0,0,0,0,0,0,0,0,0,0,0,0,0,0,0,0,0,0,0,0,201
Enzkreis,0,0,0,0,0,0,0,0,0,0,0,0,0,0,0,0,0,0,0,0,0,0,0,0,0,0,0,0,0,0,0,0,0,0,0,0,0,0,0,0,0,0,0,0,0,0,0,0,0,0,0,0,0,0,0,0,0,0,0,0,0,0,0,0,0,0,0,0,0,0,0,0,0,0,0,0,0,0,0,0,0,0,0,0,0,0,0,0,0,0,0,0,0,0,0,0,0,0,0,0,0,0,0,0,0,0,0,0,0,0,0,0,0,0,0,0,0,0,0,0,0,0,0,0,0,0,0,0,0,0,0,0,0,0,0,0,0,0,0,0,0,0,0,0,0,0,0,0,0,0,0,0,0,0,0,0,0,0,0,0,0,0,0,0,0,0,0.0146076157689095,0.0200502648949623,0.018779095262289,0.0213890597224236,0.0407905131578445,0.0693980231881142,0.0645647272467613,0,0,0,0.0737005397677422,0.11365944892168,0.0929411873221397,0.0953038036823273,0.126482561230659,0.179325759410858,0.21606732904911,0.241708740592003,0.218527495861053,0.19178906083107,0.213362753391266,0.244535177946091,0.24847137928009,0.0870146676898003,0.000679088814649731,0,0,0.147619038820267,0.20647244155407,0.214423716068268,0.392265230417252,0.359401494264603,0.247139468789101,0.326739907264709,0.403117448091507,0.324783474206924,0.228235080838203,0.375249266624451,0.440304428339005,0.512589156627655,0.516842126846313,0.565987110137939,0.523291647434235,0.425315707921982,0.430636614561081,0.519734144210815,0.491052329540253,0.463935315608978,0.308817625045776,0.33052533864975,0.162480652332306,0.239496007561684,0.41560161113739,0.536483407020569,0.613472461700439,0.674583792686462,0.666425704956055,0.703291058540344,0.660234451293945,0.544715225696564,0.45597717165947,0.433770179748535,0.305208534002304,0.419978141784668,0.235342517495155,0.458390295505524,0.648219108581543,0.76337867975235,0.831121921539307,0.614575982093811,0.635083854198456,0.664196729660034,0.523084044456482,0.188030302524567,0,0.179309487342834,0.465587884187698,0.53274804353714,0.689910471439362,0.777096927165985,0.724918603897095,0.785099267959595,0.770781397819519,0.807477414608002,0.697403311729431,0.630660653114319,0.459952116012573,0.576665103435516,0.588723480701447,0.515875518321991,0,0,0.221532985568047,0.528660893440247,0.751143395900726,0.817918479442596,0.739470422267914,0.771102607250214,0.691993236541748,0.295989722013474,0.203952521085739,0.196368604898453,0.45353764295578,0.724193274974823,0.754668116569519,0.817985534667969,0.869142591953278,0.75965029001236,0.760182023048401,0.821523368358612,0.906430423259735,0.434004247188568,0.00234171119518578,0,0,0,0.655451714992523,0.50701367855072,0.0024348923470825,0.082342691719532,0.00237004854716361,0,0,0,0.0724210441112518,0,0,0,0,0,0,0,0,0,0,0,0,0,0,0.262819677591324,0.353862345218658,0,0,0,0,0,0,0,0,0,0,0,0,0,0,0,0,0,0,0,0,0,0,0,0,0,0,0,0,0,0,0,0,0,0,0,0,0,0,0,0,0,0,0,0,0,0,0,0,0,0,0,0,0,0,0,0,0,0,202
Freudenstadt,0,0,0,0,0,0,0,0,0,0,0,0,0,0,0,0,0,0,0,0,0,0,0,0,0,0,0,0,0,0,0,0,0,0,0,0,0,0,0,0,0,0,0,0,0,0,0,0,0,0,0,0,0,0,0,0,0,0,0,0,0,0,0,0,0,0,0,0,0,0,0,0,0,0,0,0,0,0,0,0,0,0,0,0,0,0,0,0,0,0,0,0,0,0,0,0,0,0,0,0,0,0,0,0,0,0,0,0,0,0,0,0,0,0,0,0,0,0,0,0,0,0,0,0,0,0,0,0,0,0,0,0,0,0,0,0,0,0,0,0,0,0,0,0,0,0,0,0,0,0,0,0,0,0,0,0,0,0,0,0,0,0,0,0,0,0,0,0,0,0,0.00889068562537432,0.0185769703239202,0.014838713221252,0,0,0,0.00246546696871519,0.0292602758854628,0.0211800504475832,0.020266143605113,0.0356603227555752,0.0608453452587128,0.0741430968046188,0.08261688798666,0.0747808068990707,0.0686561316251755,0.0796696171164513,0.0871669575572014,0.0994977205991745,0.00410472834482789,0,0,0,0.00421827891841531,0.0770990401506424,0.0930320620536804,0.183204829692841,0.156415969133377,0.112027905881405,0.148945599794388,0.193195834755898,0.121813111007214,0.0301416199654341,0.158711910247803,0.216072410345078,0.268851310014725,0.264854073524475,0.291795492172241,0.26650595664978,0.207781046628952,0.194250658154488,0.25534126162529,0.235524132847786,0.197841227054596,0.0284604709595442,0.041731920093298,0.00648747757077217,0.00697193574160337,0.157235875725746,0.249930545687675,0.314508438110352,0.351582765579224,0.342269271612167,0.341377258300781,0.295359820127487,0.230241969227791,0.186077818274498,0.190479576587677,0.113052748143673,0.123014487326145,0,0.173717990517616,0.304853349924088,0.35887622833252,0.393163204193115,0.268342971801758,0.271601021289825,0.299645632505417,0.159816846251488,0,0,0,0.144234076142311,0.184953063726425,0.306164175271988,0.360126942396164,0.351569473743439,0.359980642795563,0.35360261797905,0.377883642911911,0.298962652683258,0.260709166526794,0.158095747232437,0.226352572441101,0.181652903556824,0.140733972191811,0,0,0,0.199647441506386,0.304022252559662,0.356381058692932,0.298243284225464,0.326513767242432,0.281816929578781,0,0,0,0.157473221421242,0.290304154157639,0.31065371632576,0.337937593460083,0.371635288000107,0.322121858596802,0.314011007547379,0.340287894010544,0.372740268707275,0.0126612149178982,0,0,0,0,0.228308141231537,0.0626581460237503,0,0,0,0,0,0,0,0,0,0,0,0,0,0,0,0,0,0,0,0,0,0.00831028912216425,0.116789057850838,0,0,0,0,0,0,0,0,0,0,0,0,0,0,0,0,0.0552908666431904,0,0,0,0,0,0,0,0,0,0,0,0,0,0,0,0,0,0,0,0,0,0,0,0,0,0,0,0,0,0,0,0,0,0,0,0,0,0,0,0,0,203
Freiburg im Breisgau,0,0,0,0,0,0,0,0,0,0,0,0,0,0,0,0,0,0,0,0,0,0,0,0,0,0,0,0,0,0,0,0,0,0,0,0,0,0,0,0,0,0,0,0,0,0,0,0,0,0,0,0,0,0,0,0,0,0,0,0,0,0,0,0,0,0,0,0,0,0,0,0,0,0,0,0,0,0,0,0,0,0,0,0,0,0,0,0,0,0,0,0,0,0,0,0,0,0,0,0,0,0,0,0,0,0,0,0,0,0,0,0,0,0,0,0,0,0,0,0,0,0,0,0,0,0,0,0,0,0,0,0,0,0,0.00303865526802838,0,0,0,0,0,0,0,0,0,0,0,0,0,0,0,0,0,0,0,0,0,0,0,0,0,0,0,0,0,0,0.00802301429212093,0.00885183457285166,0.0112294042482972,0.00922614801675081,0.0132109643891454,0.0379843227565289,0.0604289881885052,0.0547548644244671,0,0,0,0.0511471629142761,0.0962877944111824,0.0827945992350578,0.0878700539469719,0.121479853987694,0.160615995526314,0.188959509134293,0.209570810198784,0.19421748816967,0.178655281662941,0.187952309846878,0.207234278321266,0.2131727039814,0.104213915765285,0.0475781746208668,0,0,0.0730303153395653,0.201198875904083,0.250388562679291,0.373197257518768,0.34021121263504,0.276105135679245,0.341280192136765,0.411644607782364,0.310323506593704,0.181267812848091,0.356950163841248,0.452892303466797,0.534685909748077,0.523872852325439,0.583427250385284,0.548405230045319,0.455229610204697,0.421954095363617,0.507985413074493,0.492755651473999,0.386770963668823,0.181778565049171,0.232966020703316,0.0806794390082359,0.0829737782478333,0.377421110868454,0.531463980674744,0.63752281665802,0.729801952838898,0.713736653327942,0.738637626171112,0.589246094226837,0.474395096302032,0.438588112592697,0.486822336912155,0.411835968494415,0.389516025781631,0.227625519037247,0.449496060609818,0.661361813545227,0.763249576091766,0.824916779994965,0.652918517589569,0.619721591472626,0.627505898475647,0.439348220825195,0.108424477279186,0.0718624964356422,0.119457997381687,0.44703871011734,0.502801895141602,0.673822522163391,0.787319004535675,0.776016891002655,0.798062264919281,0.816343009471893,0.894183337688446,0.73013699054718,0.666465938091278,0.47879633307457,0.559408783912659,0.488252013921738,0.343538403511047,0,0,0.185573354363441,0.582528531551361,0.728507459163666,0.854346036911011,0.759173214435577,0.808573961257935,0.690118849277496,0.31930872797966,0.1110465452075,0.144904986023903,0.584227740764618,0.73550808429718,0.74444580078125,0.796475887298584,0.895313322544098,0.828828871250153,0.799647927284241,0.832456231117249,0.890817880630493,0.210729718208313,0,0,0,0.110415831208229,0.676098465919495,0.410984545946121,0,0,0,0,0,0,0.342400014400482,0,0,0,0,0,0,0,0,0,0,0,0,0,0,0.130231112241745,0.355685651302338,0,0,0.0715531334280968,0,0,0,0,0,0,0,0,0,0,0,0,0,0,0,0,0,0,0.0741242617368698,0,0,0,0,0,0,0,0,0,0,0,0,0,0,0,0,0,0,0,0,0,0,0,0,0,0,0,0,0,0,0,0,0,0,0,0,204
Breisgau-Hochschwarzwald,0,0,0,0,0,0,0,0,0,0,0,0,0,0,0,0,0,0,0,0,0,0,0,0,0,0,0,0,0,0,0,0,0,0,0,0,0,0,0,0,0,0,0,0,0,0,0,0,0,0,0,0,0,0,0,0,0,0,0,0,0,0,0,0,0,0,0,0,0,0,0,0,0,0,0,0,0,0,0,0,0,0,0,0,0,0,0,0,0,0,0,0,0,0,0,0,0,0,0,0,0,0,0,0,0,0,0,0,0,0,0,0,0,0,0,0,0,0,0,0,0,0,0,0,0,0,0,0,0,0,0,0,0,0,0.00131455191876739,0,0,0,0,0,0,0,0,0,0,0,0,0,0,0,0,0,0,0,0,0,0,0,0,0,0,0,0,0,0,0.00347083411179483,0.00382939027622342,0.00485794991254807,0.00399132166057825,0.00571519182994962,0.0181568879634142,0.0322497896850109,0.0284433998167515,0,0,0,0.024719875305891,0.0509679168462753,0.0401979573071003,0.0420261025428772,0.0637842938303947,0.0913226827979088,0.109177194535732,0.121930532157421,0.113458499312401,0.10280454158783,0.107982978224754,0.121480159461498,0.128244295716286,0.0492929592728615,0.0205827821046114,0,0,0.0318531058728695,0.0982702448964119,0.14458042383194,0.235767662525177,0.212571620941162,0.169390395283699,0.209962129592896,0.258763313293457,0.185995399951935,0.0928988605737686,0.207800224423409,0.286317527294159,0.344882786273956,0.339289635419846,0.378316104412079,0.356966316699982,0.285434156656265,0.259001225233078,0.324640214443207,0.312180429697037,0.229200601577759,0.0859163552522659,0.111289709806442,0.034902710467577,0.0358952656388283,0.186385080218315,0.332919955253601,0.415014326572418,0.474763035774231,0.467070281505585,0.470947861671448,0.371061593294144,0.286622136831284,0.232884854078293,0.294297248125076,0.220656841993332,0.192599937319756,0.108478046953678,0.223665431141853,0.417146503925323,0.478670060634613,0.517588436603546,0.396429508924484,0.379203617572784,0.38106706738472,0.215305745601654,0.0469054915010929,0.0310884173959494,0.0516787022352219,0.21457913517952,0.248141095042229,0.411734998226166,0.488083213567734,0.481068521738052,0.50553697347641,0.508813083171844,0.560945391654968,0.450600326061249,0.404496669769287,0.235418185591698,0.318727999925613,0.234117701649666,0.166556134819984,0,0,0.0808164104819298,0.326114177703857,0.437428027391434,0.519940316677094,0.451430201530457,0.485104978084564,0.41221210360527,0.151976734399796,0.0480398200452328,0.0626873075962067,0.328909605741501,0.442700982093811,0.44061267375946,0.475408345460892,0.538646817207336,0.497056931257248,0.480720400810242,0.500309228897095,0.534537434577942,0.0918644443154335,0,0,0,0.0477669686079025,0.380231767892838,0.203957304358482,0,0,0,0,0,0,0.161929622292519,0,0,0,0,0,0,0,0,0,0,0,0,0,0,0.0567646361887455,0.170538812875748,0,0,0.030954584479332,0,0,0,0,0,0,0,0,0,0,0,0,0,0,0,0,0,0,0.0320668779313564,0,0,0,0,0,0,0,0,0,0,0,0,0,0,0,0,0,0,0,0,0,0,0,0,0,0,0,0,0,0,0,0,0,0,0,0,205
Emmendingen,0,0,0,0,0,0,0,0,0,0,0,0,0,0,0,0,0,0,0,0,0,0,0,0,0,0,0,0,0,0,0,0,0,0,0,0,0,0,0,0,0,0,0,0,0,0,0,0,0,0,0,0,0,0,0,0,0,0,0,0,0,0,0,0,0,0,0,0,0,0,0,0,0,0,0,0,0,0,0,0,0,0,0,0,0,0,0,0,0,0,0,0,0,0,0,0,0,0,0,0,0,0,0,0,0,0,0,0,0,0,0,0,0,0,0,0,0,0,0,0,0,0,0,0,0,0,0,0,0,0,0,0,0,0,0.00328450626693666,0,0,0,0,0,0,0,0,0,0,0,0,0,0,0,0,0,0,0,0,0,0,0,0,0,0,0,0,0,0,0.00867213867604733,0.00956801697611809,0.0131710357964039,0.00997261516749859,0.015555277466774,0.0426272079348564,0.0656499788165092,0.0592972300946712,0,0,0,0.0625376552343369,0.10413546860218,0.0923332348465919,0.0979404449462891,0.132965818047523,0.168920367956161,0.194854766130447,0.214434310793877,0.196785673499107,0.184930399060249,0.194144517183304,0.208985164761543,0.217209875583649,0.125026896595955,0.0514276176691055,0,0,0.113206155598164,0.196012854576111,0.249179124832153,0.357544541358948,0.324475944042206,0.26737242937088,0.333133488893509,0.389671504497528,0.298882901668549,0.207277536392212,0.354049205780029,0.427166968584061,0.501790761947632,0.48616236448288,0.542786478996277,0.510056734085083,0.430682927370071,0.402577728033066,0.475682824850082,0.463930249214172,0.38446706533432,0.22337318956852,0.278049916028976,0.0872070267796516,0.0896870046854019,0.382171541452408,0.498846709728241,0.583172559738159,0.666087865829468,0.652258455753326,0.674800217151642,0.556980311870575,0.457176476716995,0.431965380907059,0.45744925737381,0.39264976978302,0.375488668680191,0.266398876905441,0.428176879882813,0.613589644432068,0.709148585796356,0.762975633144379,0.615056991577148,0.586379170417786,0.602812349796295,0.442358553409576,0.11719685792923,0.0776767358183861,0.129123076796532,0.439993768930435,0.501340925693512,0.628295242786407,0.73022598028183,0.719374537467957,0.739000618457794,0.755662798881531,0.814909756183624,0.679467141628265,0.62169885635376,0.474267482757568,0.545114278793335,0.493219166994095,0.398836463689804,0,0,0.269188106060028,0.564413487911224,0.688081741333008,0.790169894695282,0.721332907676697,0.763952612876892,0.650648534297943,0.35719496011734,0.120031073689461,0.170092716813087,0.555165469646454,0.677713453769684,0.704379498958588,0.748597145080566,0.830330431461334,0.778238713741302,0.751659750938416,0.776104867458344,0.831758558750153,0.328436583280563,0,0,0,0.119349338114262,0.642210841178894,0.464942753314972,0,0,0,0,0,0,0.396933495998383,0,0,0,0,0,0,0,0,0,0,0,0,0,0,0.196604833006859,0.346540302038193,0,0,0.0773423388600349,0,0,0,0,0,0,0,0,0,0,0,0,0,0,0,0,0,0,0.0801214799284935,0,0,0,0,0,0,0,0,0,0,0,0,0,0,0,0,0,0,0,0,0,0,0,0,0,0,0,0,0,0,0,0,0,0,0,0,206
Ortenaukreis,0,0,0,0,0,0,0,0,0,0,0,0,0,0,0,0,0,0,0,0,0,0,0,0,0,0,0,0,0,0,0,0,0,0,0,0,0,0,0,0,0,0,0,0,0,0,0,0,0,0,0,0,0,0,0,0,0,0,0,0,0,0,0,0,0,0,0,0,0,0,0,0,0,0,0,0,0,0,0,0,0,0,0,0,0,0,0,0,0,0,0,0,0,0,0,0,0,0,0,0,0,0,0,0,0,0,0,0,0,0,0,0,0,0,0,0,0,0,0,0,0,0,0,0,0,0,0,0,0,0,0,0,0,0,0.00188600877299905,0,0,0,0,0,0,0,0,0,0,0,0,0,0,0,0,0,0,0,0,0,0,0,0,0,0,0,0,0,0,0,0.00642624869942665,0.00892516784369946,0.00642191944643855,0.0110318558290601,0.0313381515443325,0.0481562428176403,0.0400474742054939,0,0,0,0.0453375466167927,0.0749447047710419,0.0660476535558701,0.0701062232255936,0.0937369540333748,0.124076686799526,0.141942501068115,0.155395656824112,0.137778207659721,0.134458109736443,0.142818182706833,0.158267304301262,0.164545357227325,0.0667770951986313,0.0241698566824198,0,0,0.0783391743898392,0.13633930683136,0.176971897482872,0.263159692287445,0.230340883135796,0.191125452518463,0.245079860091209,0.276144921779633,0.207794219255447,0.150189533829689,0.25936821103096,0.309273093938828,0.364542692899704,0.355961561203003,0.389970302581787,0.363584399223328,0.303699225187302,0.286136984825134,0.342597812414169,0.336007326841354,0.284999340772629,0.163675293326378,0.207757338881493,0.0469467900693417,0.0530184842646122,0.268601149320602,0.356573045253754,0.420466482639313,0.478127121925354,0.464706838130951,0.463702321052551,0.406566500663757,0.332466661930084,0.298242688179016,0.305679500102997,0.260355204343796,0.264526188373566,0.184217751026154,0.299864619970322,0.436939895153046,0.512540876865387,0.543231427669525,0.42425400018692,0.412723243236542,0.436353385448456,0.302938103675842,0.0582351796329021,0,0.0694868415594101,0.294245630502701,0.344204843044281,0.439650416374207,0.501275241374969,0.494684725999832,0.520827233791351,0.520558655261993,0.544756829738617,0.459429442882538,0.411535918712616,0.313632905483246,0.39427462220192,0.354613274335861,0.297696977853775,0,0,0.113478645682335,0.367793083190918,0.478848457336426,0.532580316066742,0.489018738269806,0.521669447422028,0.446846008300781,0.191726475954056,0.0685717537999153,0.11721333116293,0.359290033578873,0.465446472167969,0.488404929637909,0.523637890815735,0.566477835178375,0.524558901786804,0.518623769283295,0.540006458759308,0.565780580043793,0.212982088327408,0,0,0,0,0.423626333475113,0.310406684875488,0,0,0,0,0,0,0.223866835236549,0,0,0,0,0,0,0,0,0,0,0,0,0,0,0.144602820277214,0.241544619202614,0,0,0,0,0,0,0,0,0,0,0,0,0,0,0,0,0.0160719230771065,0,0,0,0,0,0,0,0,0,0,0,0,0,0,0,0,0,0,0,0,0,0,0,0,0,0,0,0,0,0,0,0,0,0,0,0,0,0,0,0,0,207
Rottweil,0,0,0,0,0,0,0,0,0,0,0,0,0,0,0,0,0,0,0,0,0,0,0,0,0,0,0,0,0,0,0,0,0,0,0,0,0,0,0,0,0,0,0,0,0,0,0,0,0,0,0,0,0,0,0,0,0,0,0,0,0,0,0,0,0,0,0,0,0,0,0,0,0,0,0,0,0,0,0,0,0,0,0,0,0,0,0,0,0,0,0,0,0,0,0,0,0,0,0,0,0,0,0,0,0,0,0,0,0,0,0,0,0,0,0,0,0,0,0,0,0,0,0,0,0,0,0,0,0,0,0,0,0,0,0,0,0,0,0,0,0,0,0,0,0,0,0,0,0,0,0,0,0,0,0,0,0,0,0,0,0,0,0,0,0,0,0,0,0,0,0.0070896758697927,0.0161528158932924,0.0127282803878188,0,0,0,2.17939723370364e-05,0.0256001222878695,0.0206366386264563,0.0141018526628613,0.0316843129694462,0.0554280430078506,0.0678715854883194,0.0759750530123711,0.0736259669065475,0.067497543990612,0.0758443176746368,0.0810491293668747,0.0941588282585144,5.90340459893923e-05,0,0,0,6.06671201239806e-05,0.0668691322207451,0.0956160202622414,0.177354052662849,0.158555820584297,0.117182590067387,0.146619468927383,0.191049218177795,0.128434181213379,0.0494113266468048,0.15107861161232,0.210671544075012,0.264262109994888,0.258824050426483,0.285459488630295,0.271394073963165,0.207486599683762,0.189413323998451,0.25421729683876,0.236164093017578,0.189723804593086,0.0320209264755249,0.0521814189851284,9.33026458369568e-05,0.000100270110124256,0.160163521766663,0.246061593294144,0.313821226358414,0.350118458271027,0.348491668701172,0.337356120347977,0.294289767742157,0.232071310281754,0.196661666035652,0.209934800863266,0.146906167268753,0.119096145033836,0,0.173990592360497,0.305939495563507,0.347656071186066,0.37696573138237,0.268409371376038,0.277354925870895,0.296020001173019,0.163451686501503,0,0,0,0.131278216838837,0.188433170318604,0.303683012723923,0.362506061792374,0.350280374288559,0.366961359977722,0.362415760755539,0.391277343034744,0.314976900815964,0.277241110801697,0.17313739657402,0.224674969911575,0.150931417942047,0.145579174160957,0,0,0,0.215122878551483,0.305246889591217,0.362520515918732,0.309569090604782,0.331360250711441,0.286921888589859,0,0,0,0.183035984635353,0.293992668390274,0.30304828286171,0.334227174520493,0.371516436338425,0.33244913816452,0.321214914321899,0.339648872613907,0.370257645845413,0.000182093092007563,0,0,0,0,0.228906780481339,0.118343628942966,0,0,0,0,0,0,0,0,0,0,0,0,0,0,0,0,0,0,0,0,0,0.000119518248538952,0.103363230824471,0,0,0,0,0,0,0,0,0,0,0,0,0,0,0,0,0.00173895270563662,0,0,0,0,0,0,0,0,0,0,0,0,0,0,0,0,0,0,0,0,0,0,0,0,0,0,0,0,0,0,0,0,0,0,0,0,0,0,0,0,0,208
Schwarzwald-Baar-Kreis,0,0,0,0,0,0,0,0,0,0,0,0,0,0,0,0,0,0,0,0,0,0,0,0,0,0,0,0,0,0,0,0,0,0,0,0,0,0,0,0,0,0,0,0,0,0,0,0,0,0,0,0,0,0,0,0,0,0,0,0,0,0,0,0,0,0,0,0,0,0,0,0,0,0,0,0,0,0,0,0,0,0,0,0,0,0,0,0,0,0,0,0,0,0,0,0,0,0,0,0,0,0,0,0,0,0,0,0,0,0,0,0,0,0,0,0,0,0,0,0,0,0,0,0,0,0,0,0,0,0,0,0,0,0,0,0,0,0,0,0,0,0,0,0,0,0,0,0,0,0,0,0,0,0,0,0,0,0,0,0,0,0,0,0,0,0,0,0,0,0,0.00145135261118412,0.0109249325469136,0.00831993389874697,0,0,0,0,0.0175769682973623,0.0124381883069873,0.00280142831616104,0.0223444346338511,0.0433483235538006,0.0543104223906994,0.0630870759487152,0.0612628236413002,0.0553927421569824,0.0597544722259045,0.0662330538034439,0.0776994898915291,0,0,0,0,0,0.0138373775407672,0.0820738673210144,0.156996339559555,0.141828194260597,0.106897085905075,0.130830824375153,0.170541197061539,0.112730041146278,0.0212842505425215,0.119564801454544,0.189038887619972,0.239972248673439,0.233895644545555,0.262190878391266,0.253751128911972,0.187901213765144,0.16337588429451,0.227293580770493,0.21299059689045,0.151132255792618,0,0,0,0,0.0961732268333435,0.219601273536682,0.291081160306931,0.330202996730804,0.332837671041489,0.310037404298782,0.258537173271179,0.191413283348083,0.153798848390579,0.186866134405136,0.107461981475353,0.0789985582232475,0,0.13210891187191,0.279626041650772,0.310497015714645,0.333431631326675,0.23845286667347,0.247299119830132,0.252231776714325,0.095028318464756,0,0,0,0.0130216553807259,0.136216938495636,0.261540979146957,0.322462439537048,0.310913592576981,0.342408239841461,0.332651436328888,0.367489039897919,0.293514370918274,0.252843290567398,0.108167603611946,0.176054030656815,0.0300789475440979,0.0470398031175137,0,0,0,0.177045211195946,0.266552954912186,0.324725717306137,0.271497219800949,0.295112282037735,0.252209633588791,0,0,0,0.159567356109619,0.261202931404114,0.25710529088974,0.284511625766754,0.328673958778381,0.300875008106232,0.287614762783051,0.297282516956329,0.32396012544632,0,0,0,0,0,0.189171716570854,0.044799767434597,0,0,0,0,0,0,0,0,0,0,0,0,0,0,0,0,0,0,0,0,0,0,0.010203686542809,0,0,0,0,0,0,0,0,0,0,0,0,0,0,0,0,0,0,0,0,0,0,0,0,0,0,0,0,0,0,0,0,0,0,0,0,0,0,0,0,0,0,0,0,0,0,0,0,0,0,0,0,0,0,0,0,0,0,209
Tuttlingen,0,0,0,0,0,0,0,0,0,0,0,0,0,0,0,0,0,0,0,0,0,0,0,0,0,0,0,0,0,0,0,0,0,0,0,0,0,0,0,0,0,0,0,0,0,0,0,0,0,0,0,0,0,0,0,0,0,0,0,0,0,0,0,0,0,0,0,0,0,0,0,0,0,0,0,0,0,0,0,0,0,0,0,0,0,0,0,0,0,0,0,0,0,0,0,0,0,0,0,0,0,0,0,0,0,0,0,0,0,0,0,0,0,0,0,0,0,0,0,0,0,0,0,0,0,0,0,0,0,0,0,0,0,0,0,0,0,0,0,0,0,0,0,0,0,0,0,0,0,0,0,0,0,0,0,0,0,0,0,0,0,0,0,0,0,0,0,0,0,0,0.00685589574277401,0.0148954037576914,0.012538019567728,0,0,0,0.00141970289405435,0.022620802745223,0.0136875454336405,0.0084574893116951,0.0282596126198769,0.0510113164782524,0.0628097057342529,0.0722806379199028,0.0707318559288979,0.0673032775521278,0.0711117684841156,0.0705693066120148,0.0881682559847832,0.0166604593396187,0,0,0,0,0.0676405280828476,0.096542663872242,0.172487750649452,0.161047026515007,0.12493409961462,0.142491281032562,0.186553969979286,0.133710891008377,0.0402130335569382,0.139827057719231,0.206571772694588,0.256297945976257,0.251193791627884,0.278112381696701,0.275079309940338,0.208505406975746,0.183319598436356,0.249864220619202,0.231598436832428,0.177575960755348,0.00906682293862104,0.0342332497239113,0,0,0.13479882478714,0.231035560369492,0.305110663175583,0.340898722410202,0.349809110164642,0.324600785970688,0.28443169593811,0.219661369919777,0.182598114013672,0.212068066000938,0.144275099039078,0.0870768427848816,0,0.152800485491753,0.289436727762222,0.327103525400162,0.348049193620682,0.242815479636192,0.271927326917648,0.27991995215416,0.151208013296127,0,0,0,0.0519751235842705,0.163248986005783,0.280376046895981,0.346439808607101,0.332864165306091,0.361093938350677,0.351812154054642,0.386654406785965,0.316153675317764,0.287459224462509,0.153334349393845,0.203154534101486,0.12108202278614,0.111131057143211,0,0,0,0.206483498215675,0.288675606250763,0.34849339723587,0.291532278060913,0.316500455141068,0.287659019231796,0,0,0,0.168910130858421,0.277565628290176,0.276437848806381,0.307416260242462,0.35532221198082,0.316557109355927,0.303380399942398,0.318708598613739,0.350138336420059,0.0112275220453739,0,0,0,0,0.196462109684944,0.0938109531998634,0,0,0,0,0,0,0,0,0,0,0,0,0,0,0,0,0,0,0,0,0,0,0.0103043140843511,0,0,0,0,0,0,0,0,0,0,0,0,0,0,0,0,0,0,0,0,0,0,0,0,0,0,0,0,0,0,0,0,0,0,0,0,0,0,0,0,0,0,0,0,0,0,0,0,0,0,0,0,0,0,0,0,0,0,210
Konstanz,0,0,0,0,0,0,0,0,0,0,0,0,0,0,0,0,0,0,0,0,0,0,0,0,0,0,0,0,0,0,0,0,0,0,0,0,0,0,0,0,0,0,0,0,0,0,0,0,0,0,0,0,0,0,0,0,0,0,0,0,0,0,0,0,0,0,0,0,0,0,0,0,0,0,0,0,0,0,0,0,0,0,0,0,0,0,0,0,0,0,0,0,0,0,0,0,0,0,0,0,0,0,0,0,0,0,0,0,0,0,0,0,0,0,0,0,0,0,0,0,0,0,0,0,0,0,0,0,0,0,0,0,0,0,0,0,0,0,0,0,0,0,0,0,0,0,0,0,0,0,0,0,0,0,0,0,0,0,0,0,0,0,0,0,0,0,0,0,0,0,0.0046198689378798,0.0104282852262259,0.00989637617021799,0,0,0,0.00416926015168428,0.0161606576293707,0.0145166348665953,0.011342154815793,0.0196126773953438,0.0332318991422653,0.0411652959883213,0.0480998456478119,0.048891294747591,0.0470844283699989,0.0484048686921597,0.0476440824568272,0.0595389008522034,0.0309732053428888,0,0,0,0,0.0448058284819126,0.0690213218331337,0.109782226383686,0.108232192695141,0.0891941711306572,0.0937801972031593,0.117560148239136,0.0937149971723557,0.0533624030649662,0.0948857963085175,0.131155133247375,0.160291895270348,0.158201217651367,0.176468342542648,0.178888723254204,0.137362241744995,0.123494006693363,0.160030499100685,0.148250430822372,0.120407491922379,0.0266266539692879,0.0602802224457264,0,0,0.099415622651577,0.149834021925926,0.193441063165665,0.215738996863365,0.221809029579163,0.205360367894173,0.181632414460182,0.148116007447243,0.123932830989361,0.146902546286583,0.112488590180874,0.0910899490118027,0,0.106785409152508,0.183300241827965,0.208775386214256,0.219374150037766,0.160097941756248,0.182267308235168,0.185301348567009,0.118121661245823,0,0,0,0.0578059814870358,0.116388224065304,0.181166529655457,0.222661674022675,0.213652983307838,0.230973690748215,0.227939873933792,0.250344336032867,0.213119074702263,0.198092475533485,0.107241190969944,0.138247936964035,0.0844958126544952,0.112746745347977,0,0,0,0.14732500910759,0.190489739179611,0.226606145501137,0.195744320750237,0.212131559848785,0.197062522172928,0,0,0,0.112911991775036,0.180194944143295,0.185277909040451,0.197498396039009,0.231237828731537,0.205989837646484,0.197143092751503,0.20680096745491,0.227137416601181,0.0394961833953857,0,0,0,0,0.13173171877861,0.10774827003479,0,0,0,0,0,0,0,0,0,0,0,0,0,0,0,0,0,0,0,0,0,0,0,0,0,0,0,0,0,0,0,0,0,0,0,0,0,0,0,0,0,0,0,0,0,0,0,0,0,0,0,0,0,0,0,0,0,0,0,0,0,0,0,0,0,0,0,0,0,0,0,0,0,0,0,0,0,0,0,0,0,211
Lörrach,0,0,0,0,0,0,0,0,0,0,0,0,0,0,0,0,0,0,0,0,0,0,0,0,0,0,0,0,0,0,0,0,0,0,0,0,0,0,0,0,0,0,0,0,0,0,0,0,0,0,0,0,0,0,0,0,0,0,0,0,0,0,0,0,0,0,0,0,0,0,0,0,0,0,0,0,0,0,0,0,0,0,0,0,0,0,0,0,0,0,0,0,0,0,0,0,0,0,0,0,0,0,0,0,0,0,0,0,0,0,0,0,0,0,0,0,0,0,0,0,0,0,0,0,0,0,0,0,0,0,0,0,0,0,0,0,0,0,0,0,0,0,0,0,0,0,0,0,0,0,0,0,0,0,0,0,0,0,0,0,0,0,0,0,0,0,0,0,0,0,0.00331906718201935,0.00985565315932035,0.00799803715199232,0,0,0,0.00328828557394445,0.0151148634031415,0.0108718005940318,0.0108919059857726,0.0185215882956982,0.0318367928266525,0.039699025452137,0.0442484989762306,0.0416417568922043,0.0385224893689156,0.038951251655817,0.0473650097846985,0.0498988963663578,0,0,0,0,0,0.0475670844316483,0.0603150948882103,0.103797867894173,0.0924432054162025,0.0761146694421768,0.0893884524703026,0.114367850124836,0.078336201608181,0.0209907703101635,0.0826307758688927,0.129438757896423,0.155160784721375,0.157379940152168,0.172066241502762,0.164339691400528,0.12564417719841,0.111455760896206,0.143904238939285,0.139854848384857,0.0845012441277504,0,0,0,0,0.0448798090219498,0.144725114107132,0.193735748529434,0.220304399728775,0.214475318789482,0.211304098367691,0.156375586986542,0.113879837095737,0.0853314250707626,0.125595107674599,0.100615799427032,0.0839241743087769,0,0.104060389101505,0.183040916919708,0.210878074169159,0.225395932793617,0.163083016872406,0.15688094496727,0.150945380330086,0.047526691108942,0,0,0,0.0466274134814739,0.0889277011156082,0.172923162579536,0.204437717795372,0.204770550131798,0.220097675919533,0.216868549585342,0.243087217211723,0.187873229384422,0.170479968190193,0.0887921676039696,0.132758215069771,0.0525071024894714,0,0,0,0,0.117764711380005,0.176564827561378,0.215707197785378,0.175361171364784,0.19021637737751,0.168136939406395,0,0,0,0.127034515142441,0.188382163643837,0.169192418456078,0.192044153809547,0.218418523669243,0.194570243358612,0.19450056552887,0.206937775015831,0.213933944702148,0,0,0,0,0,0.138030409812927,0.0276380777359009,0,0,0,0,0,0,0,0,0,0,0,0,0,0,0,0,0,0,0,0,0,0,0.0602867342531681,0,0,0,0,0,0,0,0,0,0,0,0,0,0,0,0,0,0,0,0,0,0,0,0,0,0,0,0,0,0,0,0,0,0,0,0,0,0,0,0,0,0,0,0,0,0,0,0,0,0,0,0,0,0,0,0,0,0,212
Waldshut,0,0,0,0,0,0,0,0,0,0,0,0,0,0,0,0,0,0,0,0,0,0,0,0,0,0,0,0,0,0,0,0,0,0,0,0,0,0,0,0,0,0,0,0,0,0,0,0,0,0,0,0,0,0,0,0,0,0,0,0,0,0,0,0,0,0,0,0,0,0,0,0,0,0,0,0,0,0,0,0,0,0,0,0,0,0,0,0,0,0,0,0,0,0,0,0,0,0,0,0,0,0,0,0,0,0,0,0,0,0,0,0,0,0,0,0,0,0,0,0,0,0,0,0,0,0,0,0,0,0,0,0,0,0,0,0,0,0,0,0,0,0,0,0,0,0,0,0,0,0,0,0,0,0,0,0,0,0,0,0,0,0,0,0,0,0,0,0,0,0,2.46552218641227e-07,0.00726804463192821,0.0054583977907896,0,0,0,0,0.0108519028872252,0.00571156898513436,0.000843727844767272,0.0120606636628509,0.029526062309742,0.0381749272346497,0.0436798632144928,0.0419648438692093,0.0360093787312508,0.0368070974946022,0.0445248149335384,0.0520542040467262,0,0,0,0,0,0.00464731780812144,0.0560120455920696,0.112908378243446,0.100742481648922,0.0797243937849998,0.0932634770870209,0.122238926589489,0.080178402364254,0.0015370708424598,0.0747857168316841,0.137280717492104,0.174336701631546,0.173569858074188,0.194975987076759,0.188827216625214,0.137563899159431,0.11667712032795,0.1610197275877,0.153077825903893,0.0883203521370888,0,0,0,0,0.0034623786341399,0.157925114035606,0.219111368060112,0.249380424618721,0.250346273183823,0.23401802778244,0.176126271486282,0.120893701910973,0.0542044006288052,0.131127089262009,0.0881634503602982,0.0109281223267317,0,0.0514976680278778,0.202075734734535,0.227607488632202,0.244656205177307,0.170440658926964,0.167913734912872,0.162094846367836,0.00346406223252416,0,0,0,4.63627338831429e-06,0.0455465465784073,0.182276993989944,0.224522724747658,0.222093626856804,0.251718014478683,0.241979628801346,0.272030651569366,0.209546759724617,0.182361245155334,0.0119862100109458,0.106451086699963,5.41764848094317e-06,0.00255377450957894,0,0,0,0.106745444238186,0.184831485152245,0.228861138224602,0.184237331151962,0.204004555940628,0.173584654927254,0,0,0,0.114736743271351,0.19136156141758,0.174471154808998,0.194343999028206,0.228028953075409,0.208014294505119,0.205477297306061,0.212253704667091,0.224279046058655,0,0,0,0,0,0.124703712761402,0.00269605265930295,0,0,0,0,0,0,0,0,0,0,0,0,0,0,0,0,0,0,0,0,0,0,0.00544620957225561,0,0,0,0,0,0,0,0,0,0,0,0,0,0,0,0,0,0,0,0,0,0,0,0,0,0,0,0,0,0,0,0,0,0,0,0,0,0,0,0,0,0,0,0,0,0,0,0,0,0,0,0,0,0,0,0,0,0,213
Reutlingen,0,0,0,0,0,0,0,0,0,0,0,0,0,0,0,0,0,0,0,0,0,0,0,0,0,0,0,0,0,0,0,0,0,0,0,0,0,0,0,0,0,0,0,0,0,0,0,0,0,0,0,0,0,0,0,0,0,0,0,0,0,0,0,0,0,0,0,0,0,0,0,0,0,0,0,0,0,0,0,0,0,0,0,0,0,0,0,0,0,0,0,0,0,0,0,0,0,0,0,0,0,0,0,0,0,0,0,0,0,0,0,0,0,0,0,0,0,0,0,0,0,0,0,0,0,0,0,0,0,0,0,0,0,0,0,0,0,0,0,0,0,0,0,0,0,0,0,0,0,0,0,0,0,0,0,0,0,0,0,0,0,0,0,0,0,0,0,0.00101894920226187,0,0,0.00415844097733498,0.0181568395346403,0.0170119553804398,0,0,0,0.00786201003938913,0.0296899154782295,0.0147315599024296,0.00885227043181658,0.0313412211835384,0.0576662234961987,0.0735914409160614,0.0826568156480789,0.0854993686079979,0.0757072418928146,0.0857383087277412,0.0847723856568336,0.105236686766148,0.0220670476555824,0,0,0,0.00733307562768459,0.0876302495598793,0.0744763761758804,0.177662625908852,0.173309475183487,0.116134032607079,0.147065162658691,0.199352666735649,0.151562407612801,0.0299211125820875,0.158245593309402,0.219551220536232,0.262577176094055,0.264283686876297,0.2929368019104,0.291387647390366,0.227539300918579,0.203250750899315,0.2667376101017,0.242036655545235,0.218092173337936,0.0686329454183578,0.083936795592308,0.0319037325680256,0.0133980726823211,0.165697336196899,0.246610268950462,0.315791875123978,0.339066982269287,0.342216223478317,0.353339225053787,0.30018812417984,0.259402126073837,0.210241690278053,0.223120883107185,0.119590580463409,0.0727928951382637,0.0139609947800636,0.15142148733139,0.294911652803421,0.358958065509796,0.380893558263779,0.24277400970459,0.302341759204865,0.302052825689316,0.193689838051796,0,0,0,0.05617680773139,0.197219520807266,0.299393534660339,0.362569808959961,0.362016797065735,0.380520701408386,0.374168694019318,0.383954674005508,0.336825639009476,0.319880574941635,0.165920987725258,0.219651013612747,0.185087531805038,0.195881739258766,0,0,0.0103795481845737,0.228799536824226,0.319341242313385,0.358822375535965,0.315442144870758,0.341505318880081,0.315404623746872,0.0192733723670244,0,0,0.0537481755018234,0.279269516468048,0.321396857500076,0.340071350336075,0.378200560808182,0.30695167183876,0.312124103307724,0.3353471159935,0.378735393285751,0.0649746954441071,0,0,0,0,0.204617008566856,0.150246053934097,0,0,0,0,0,0,0.0189090799540281,0,0,0,0,0,0,0,0,0,0,0,0,0,0,0.0161799546331167,0.041458748281002,0.0115949008613825,0,0,0,0,0,0,0,0,0,0,0,0,0,0,0,0,0,0,0,0,0,0,0,0,0,0,0,0,0,0,0,0,0,0,0,0,0,0,0,0,0,0,0,0,0,0,0,0,0,0,0,0,0,0,0,0,0,214
Tübingen,0,0,0,0,0,0,0,0,0,0,0,0,0,0,0,0,0,0,0,0,0,0,0,0,0,0,0,0,0,0,0,0,0,0,0,0,0,0,0,0,0,0,0,0,0,0,0,0,0,0,0,0,0,0,0,0,0,0,0,0,0,0,0,0,0,0,0,0,0,0,0,0,0,0,0,0,0,0,0,0,0,0,0,0,0,0,0,0,0,0,0,0,0,0,0,0,0,0,0,0,0,0,0,0,0,0,0,0,0,0,0,0,0,0,0,0,0,0,0,0,0,0,0,0,0,0,0,0,0,0,0,0,0,0,0,0,0,0,0,0,0,0,0,0,0,0,0,0,0,0,0,0,0,0,0,0,0,0,0,0,0,0,0,0,0,0,0,0.00105437240563333,0,0,0.0248604938387871,0.0464065037667751,0.0407956838607788,0,0,0,0.0429631024599075,0.0705681666731834,0.056629866361618,0.0539957545697689,0.0819352492690086,0.126614063978195,0.154056042432785,0.16671159863472,0.160870015621185,0.14723913371563,0.167740374803543,0.177715271711349,0.198825836181641,0.101149864494801,0,0,0,0.0979534611105919,0.179311886429787,0.187105402350426,0.329411655664444,0.306296497583389,0.215960532426834,0.275809496641159,0.357426524162292,0.271423935890198,0.168876871466637,0.308986693620682,0.385270446538925,0.465377897024155,0.461832642555237,0.504211604595184,0.483659625053406,0.398103028535843,0.376137405633926,0.459813505411148,0.425434529781342,0.395030945539474,0.234541535377502,0.271854966878891,0.181717470288277,0.154575303196907,0.356299459934235,0.459435135126114,0.554437458515167,0.59102737903595,0.600556969642639,0.625514268875122,0.544957637786865,0.464880764484406,0.402167826890945,0.413310199975967,0.290368378162384,0.28988328576088,0.127116858959198,0.365870833396912,0.550676226615906,0.644889354705811,0.697118401527405,0.489128172397614,0.530274152755737,0.5684614777565,0.390256464481354,0,0,0,0.355526596307755,0.421795248985291,0.58412092924118,0.679650843143463,0.662220120429993,0.671066761016846,0.670799016952515,0.701704084873199,0.59578001499176,0.5558722615242,0.37507951259613,0.453248351812363,0.41584238409996,0.395653367042542,0,0,0.0125777255743742,0.458817571401596,0.613128304481506,0.693577349185944,0.607141494750977,0.657027423381805,0.588741779327393,0.158934593200684,0,0,0.33583128452301,0.571735203266144,0.624484717845917,0.672826409339905,0.732016623020172,0.610302686691284,0.605575919151306,0.667250275611877,0.738414525985718,0.303692489862442,0,0,0,0,0.491982161998749,0.376461148262024,0,0,0,0,0,0,0.135066986083984,0,0,0,0,0,0,0,0,0,0,0,0,0,0,0.181781560182571,0.267742365598679,0.0117442365735769,0,0,0,0,0,0,0,0,0,0,0,0,0,0,0,0,0,0,0,0,0,0,0,0,0,0,0,0,0,0,0,0,0,0,0,0,0,0,0,0,0,0,0,0,0,0,0,0,0,0,0,0,0,0,0,0,0,215
Zollernalbkreis,0,0,0,0,0,0,0,0,0,0,0,0,0,0,0,0,0,0,0,0,0,0,0,0,0,0,0,0,0,0,0,0,0,0,0,0,0,0,0,0,0,0,0,0,0,0,0,0,0,0,0,0,0,0,0,0,0,0,0,0,0,0,0,0,0,0,0,0,0,0,0,0,0,0,0,0,0,0,0,0,0,0,0,0,0,0,0,0,0,0,0,0,0,0,0,0,0,0,0,0,0,0,0,0,0,0,0,0,0,0,0,0,0,0,0,0,0,0,0,0,0,0,0,0,0,0,0,0,0,0,0,0,0,0,0,0,0,0,0,0,0,0,0,0,0,0,0,0,0,0,0,0,0,0,0,0,0,0,0,0,0,0,0,0,0,0,0,0,0,0,0.00765545153990388,0.0185780189931393,0.0154871083796024,0,0,0,0.00230000773444772,0.0280783977359533,0.010874830186367,0.00838560238480568,0.0330104231834412,0.0606572739779949,0.0743646398186684,0.0824627801775932,0.0802944675087929,0.0739305913448334,0.0826599672436714,0.0788903310894966,0.100921116769314,0.00749284634366632,0,0,0,0.00609858985990286,0.0847443863749504,0.094848670065403,0.191916987299919,0.175135254859924,0.125051259994507,0.15351864695549,0.2079998254776,0.145504981279373,0.0312080830335617,0.163097277283669,0.231453433632851,0.286897510290146,0.284140437841415,0.310490131378174,0.299743950366974,0.231298729777336,0.209178373217583,0.281798541545868,0.257422655820847,0.214678853750229,0.0449516698718071,0.0580281354486942,0.0100261848419905,0.00974561832845211,0.160644337534904,0.260578393936157,0.33958238363266,0.372665822505951,0.380441784858704,0.377294510602951,0.329540103673935,0.261033147573471,0.21438230574131,0.232869833707809,0.134715005755424,0.0630951523780823,0.00359154026955366,0.167435199022293,0.322743147611618,0.376708477735519,0.410833954811096,0.276214569807053,0.304624527692795,0.325095802545547,0.178039610385895,0,0,0,0.0786405950784683,0.193153515458107,0.327305525541306,0.399800449609756,0.388229846954346,0.406229197978973,0.40021800994873,0.429783672094345,0.347953528165817,0.322095543146133,0.17565506696701,0.235134154558182,0.173648789525032,0.166070520877838,0,0,0,0.235251188278198,0.333664000034332,0.40216076374054,0.335378617048264,0.361753195524216,0.327640652656555,0.00448737666010857,0,0,0.15494093298912,0.316014021635056,0.334342211484909,0.367195636034012,0.412363559007645,0.350644886493683,0.34522607922554,0.375623017549515,0.413736999034882,0.0178621038794518,0,0,0,0,0.230484396219254,0.0812686681747437,0,0,0,0,0,0,0.00416309433057904,0,0,0,0,0,0,0,0,0,0,0,0,0,0,0.0115429731085896,0.0621045231819153,0,0,0,0,0,0,0,0,0,0,0,0,0,0,0,0,0,0,0,0,0,0,0,0,0,0,0,0,0,0,0,0,0,0,0,0,0,0,0,0,0,0,0,0,0,0,0,0,0,0,0,0,0,0,0,0,0,0,216
Ulm,0,0,0,0,0,0,0,0,0,0,0,0,0,0,0,0,0,0,0,0,0,0,0,0,0,0,0,0,0,0,0,0,0,0,0,0,0,0,0,0,0,0,0,0,0,0,0,0,0,0,0,0,0,0,0,0,0,0,0,0,0,0,0,0,0,0,0,0,0,0,0,0,0,0,0,0,0,0,0,0,0,0,0,0,0,0,0,0,0,0,0,0,0,0,0,0,0,0,0,0,0,0,0,0,0,0,0,0,0,0,0,0,0,0,0,0,0,0,0,0,0,0,0,0,0,0,0,0,0,0,0,0,0,0,0,0,0,0,0,0,0,0,0,0,0,0,0,0,0,0,0,0,0,0,0,0,0,0,0,0,0,0,0,0,0,0,0,0,0,0,0,0.0182449202984571,0.0208829380571842,0,0,0,0,0.0337124615907669,0.0216745361685753,0,0.0267867352813482,0.0565940141677856,0.0751493722200394,0.08896454423666,0.0980361178517342,0.0874690413475037,0.0961175262928009,0.0953830033540726,0.121951043605804,0.0369877628982067,0,0,0,0,0.0949417874217033,0.101983204483986,0.180352002382278,0.192087009549141,0.137693107128143,0.152054503560066,0.212956354022026,0.179918810725212,0.100732021033764,0.169375002384186,0.226718738675117,0.275974750518799,0.269804745912552,0.309092432260513,0.320185124874115,0.253661602735519,0.2264224588871,0.29569885134697,0.280466318130493,0.256894439458847,0.132623061537743,0.144648566842079,0.123368188738823,0,0.20324732363224,0.26693668961525,0.336031496524811,0.365042388439178,0.356795996427536,0.382302820682526,0.320150554180145,0.299463391304016,0.25455367565155,0.263943552970886,0.160542234778404,0.0797632709145546,0,0.17319343984127,0.318225651979446,0.387408822774887,0.426238209009171,0.282023102045059,0.360478281974792,0.338137447834015,0.253045946359634,0,0,0,0.0744291096925735,0.248907044529915,0.329624831676483,0.391777873039246,0.395548313856125,0.429960310459137,0.43181374669075,0.421375751495361,0.396424204111099,0.385754555463791,0.204610303044319,0.217292219400406,0.212359637022018,0.265943109989166,0,0,0,0.288902431726456,0.3568055331707,0.390922367572784,0.35897371172905,0.392643451690674,0.379351526498795,0.100141488015652,0,0,0,0.293089121580124,0.365984797477722,0.38555571436882,0.429970920085907,0.328482180833817,0.337032526731491,0.351965665817261,0.417888611555099,0.187698096036911,0,0,0,0,0.235981926321983,0.218486458063126,0,0,0,0,0,0,0,0,0,0,0,0,0,0,0,0,0,0,0,0,0,0,0,0,0,0,0,0,0,0,0,0,0,0,0,0,0,0,0,0,0,0,0,0,0,0,0,0,0,0,0,0,0,0,0,0,0,0,0,0,0,0,0,0,0,0,0,0,0,0,0,0,0,0,0,0,0,0,0,0,0,217
Alb-Donau-Kreis,0,0,0,0,0,0,0,0,0,0,0,0,0,0,0,0,0,0,0,0,0,0,0,0,0,0,0,0,0,0,0,0,0,0,0,0,0,0,0,0,0,0,0,0,0,0,0,0,0,0,0,0,0,0,0,0,0,0,0,0,0,0,0,0,0,0,0,0,0,0,0,0,0,0,0,0,0,0,0,0,0,0,0,0,0,0,0,0,0,0,0,0,0,0,0,0,0,0,0,0,0,0,0,0,0,0,0,0,0,0,0,0,0,0,0,0,0,0,0,0,0,0,0,0,0,0,0,0,0,0,0,0,0,0,0,0,0,0,0,0,0,0,0,0,0,0,0,0,0,0,0,0,0,0,0,0,0,0,0,0,0,0,0,0,0,0,0,0,0,0,0,0.0166280586272478,0.0186663828790188,0,0,0,0,0.0308323707431555,0.0161022562533617,0.000181823910679668,0.0252613630145788,0.0541761107742786,0.0719477534294128,0.0842950642108917,0.0928859934210777,0.0820149481296539,0.0904311761260033,0.0898504331707954,0.115363068878651,0.0347785800695419,0,0,0,0,0.089585617184639,0.0905689150094986,0.175725981593132,0.184462353587151,0.128945708274841,0.147371023893356,0.20601761341095,0.16993223130703,0.0727598071098328,0.162007361650467,0.2215735912323,0.269057869911194,0.265519112348557,0.301986515522003,0.310562759637833,0.24373459815979,0.216081812977791,0.285425931215286,0.267328709363937,0.243807002902031,0.102423906326294,0.114768385887146,0.0798678770661354,0.00518475938588381,0.185929670929909,0.256413817405701,0.326659172773361,0.354965060949326,0.348205238580704,0.369727909564972,0.310878187417984,0.285522133111954,0.238388285040855,0.248775750398636,0.123660728335381,0.067168191075325,0,0.15883731842041,0.306195378303528,0.374597936868668,0.408864200115204,0.265667974948883,0.342408120632172,0.322371751070023,0.231784969568253,0,0,0,0.0411339551210403,0.226089730858803,0.313641160726547,0.377089112997055,0.380256950855255,0.412010937929153,0.411226481199265,0.404995501041412,0.375596106052399,0.364181280136108,0.183868214488029,0.20899324119091,0.196669057011604,0.241697996854782,0,0,0,0.265247046947479,0.338422805070877,0.373706221580505,0.33926796913147,0.370448589324951,0.356781333684921,0.0800760686397552,0,0,0,0.278396844863892,0.345406770706177,0.363822817802429,0.405778765678406,0.313302963972092,0.320775002241135,0.336020469665527,0.396960496902466,0.143503472208977,0,0,0,0,0.21467649936676,0.190527111291885,0,0,0,0,0,0,0,0,0,0,0,0,0,0,0,0,0,0,0,0,0,0,0,0,0,0,0,0,0,0,0,0,0,0,0,0,0,0,0,0,0,0,0,0,0,0,0,0,0,0,0,0,0,0,0,0,0,0,0,0,0,0,0,0,0,0,0,0,0,0,0,0,0,0,0,0,0,0,0,0,0,218
Biberach,0,0,0,0,0,0,0,0,0,0,0,0,0,0,0,0,0,0,0,0,0,0,0,0,0,0,0,0,0,0,0,0,0,0,0,0,0,0,0,0,0,0,0,0,0,0,0,0,0,0,0,0,0,0,0,0,0,0,0,0,0,0,0,0,0,0,0,0,0,0,0,0,0,0,0,0,0,0,0,0,0,0,0,0,0,0,0,0,0,0,0,0,0,0,0,0,0,0,0,0,0,0,0,0,0,0,0,0,0,0,0,0,0,0,0,0,0,0,0,0,0,0,0,0,0,0,0,0,0,0,0,0,0,0,0,0,0,0,0,0,0,0,0,0,0,0,0,0,0,0,0,0,0,0,0,0,0,0,0,0,0,0,0,0,0,0,0,0,0,0,0,0.0170959196984768,0.0193746518343687,0,0,0,0.000643071078229696,0.0302658099681139,0.0242861453443766,0.00661315489560366,0.0287131629884243,0.0542756915092468,0.0693985223770142,0.0827024430036545,0.0910258889198303,0.0834752321243286,0.0844265446066856,0.0828509330749512,0.109968543052673,0.0607585683465004,0,0,0,0,0.0679520070552826,0.106975480914116,0.171833872795105,0.186967968940735,0.149890899658203,0.15115150809288,0.186468601226807,0.164368748664856,0.0974002629518509,0.160551249980927,0.209430411458015,0.253572881221771,0.24983686208725,0.282566845417023,0.299563586711884,0.232674166560173,0.20342543721199,0.270923286676407,0.257979780435562,0.226949974894524,0.100750438868999,0.12771899998188,0.0776892155408859,0,0.177765607833862,0.240394279360771,0.304016679525375,0.334758341312408,0.336599230766296,0.330764979124069,0.294290363788605,0.269154518842697,0.224568948149681,0.251724809408188,0.175006091594696,0.127526760101318,0,0.157037243247032,0.283923745155334,0.343726277351379,0.369144082069397,0.265140891075134,0.322081238031387,0.317223161458969,0.2232895642519,0,0,0,0.0134946657344699,0.194571912288666,0.291549563407898,0.361481755971909,0.351739227771759,0.379160851240158,0.385872930288315,0.389271110296249,0.365564405918121,0.352775931358337,0.178601115942001,0.207263186573982,0.176033318042755,0.220603734254837,0,0,0,0.260656028985977,0.311357498168945,0.356962472200394,0.327186167240143,0.350522726774216,0.346208512783051,0.125222757458687,0,0,0.00616559432819486,0.268683791160583,0.325288116931915,0.330231517553329,0.372312754392624,0.307812213897705,0.310522347688675,0.31756916642189,0.365053772926331,0.164358451962471,0,0,0,0,0.193766072392464,0.201198741793633,0,0,0,0,0,0,0,0,0,0,0,0,0,0,0,0,0,0,0,0,0,0,0,0,0,0,0,0,0,0,0,0,0,0,0,0,0,0,0,0,0,0,0,0,0,0,0,0,0,0,0,0,0,0,0,0,0,0,0,0,0,0,0,0,0,0,0,0,0,0,0,0,0,0,0,0,0,0,0,0,0,219
Bodenseekreis,0,0,0,0,0,0,0,0,0,0,0,0,0,0,0,0,0,0,0,0,0,0,0,0,0,0,0,0,0,0,0,0,0,0,0,0,0,0,0,0,0,0,0,0,0,0,0,0,0,0,0,0,0,0,0,0,0,0,0,0,0,0,0,0,0,0,0,0,0,0,0,0,0,0,0,0,0,0,0,0,0,0,0,0,0,0,0,0,0,0,0,0,0,0,0,0,0,0,0,0,0,0,0,0,0,0,0,0,0,0,0,0,0,0,0,0,0,0,0,0,0,0,0,0,0,0,0,0,0,0,0,0,0,0,0.000507558637764305,0,0,0,0,0,0,0,0,0,0,0,0,0,0,0,0,0,0,0,0,0,0,0,0,0,0,0,0,0,0,0.00137903052382171,0.00129645608831197,0.0127945588901639,0,0,0.018456669524312,0.0314501486718655,0.0371390320360661,0,0,0,0.0276120863854885,0.0507339015603065,0.0489446371793747,0.043054923415184,0.0593706667423248,0.080595001578331,0.0990928635001183,0.116419203579426,0.122470155358315,0.117185659706593,0.11301413923502,0.12058375030756,0.139963388442993,0.0991603136062622,0.00521991727873683,0,0,0,0.11516447365284,0.16399872303009,0.228912591934204,0.243209287524223,0.217323318123817,0.205632895231247,0.239565283060074,0.21961298584938,0.161160632967949,0.2156101167202,0.259946048259735,0.312649339437485,0.314620763063431,0.348558694124222,0.370262444019318,0.290524214506149,0.266980528831482,0.326176911592484,0.304866462945938,0.26581609249115,0.136350840330124,0.174922168254852,0.145477414131165,0,0.23359651863575,0.298356115818024,0.376592487096786,0.421419054269791,0.43965670466423,0.395978152751923,0.357986837625504,0.324343651533127,0.277281284332275,0.331935077905655,0.273538678884506,0.214157447218895,0.174937590956688,0.237688422203064,0.361878305673599,0.417612463235855,0.432692378759384,0.347374022006989,0.39389556646347,0.397236526012421,0.285023808479309,0.0486074760556221,0,0,0.167259216308594,0.261619448661804,0.36797222495079,0.454524725675583,0.431549817323685,0.472969889640808,0.471655994653702,0.516304910182953,0.466007649898529,0.439651399850845,0.260076105594635,0.313346177339554,0.236518949270248,0.287988364696503,0,0,0,0.347926527261734,0.399281859397888,0.474578410387039,0.427221089601517,0.46185427904129,0.457802534103394,0.248637229204178,0.1228251978755,0.0106871370226145,0.26575767993927,0.380193442106247,0.423264116048813,0.409197300672531,0.4822978079319,0.437217473983765,0.431504905223846,0.442716926336288,0.475488752126694,0.240616664290428,0,0,0,0,0.285031497478485,0.309371948242188,0.0112606165930629,0,0,0,0,0,0,0,0,0,0,0,0,0,0,0,0,0,0,0,0,0,0.00876494031399488,0.00902942195534706,0,0,0,0,0,0,0,0,0,0,0,0,0,0,0,0,0,0,0,0,0.00734181422740221,0,0,0,0,0,0,0,0,0,0,0,0,0,0,0,0,0,0,0,0,0,0,0,0,0,0,0,0,0,0,0,0,0,0,0,0,220
Ravensburg,0,0,0,0,0,0,0,0,0,0,0,0,0,0,0,0,0,0,0,0,0,0,0,0,0,0,0,0,0,0,0,0,0,0,0,0,0,0,0,0,0,0,0,0,0,0,0,0,0,0,0,0,0,0,0,0,0,0,0,0,0,0,0,0,0,0,0,0,0,0,0,0,0,0,0,0,0,0,0,0,0,0,0,0,0,0,0,0,0,0,0,0,0,0,0,0,0,0,0,0,0,0,0,0,0,0,0,0,0,0,0,0,0,0,0,0,0,0,0,0,0,0,0,0,0,0,0,0,0,0,0,0,0,0,0.000134570131194778,0,0,0,0,0,0,0,0,0,0,0,0,0,0,0,0,0,0,0,0,0,0,0,0,0,0,0,0,0,0,0.000365625397535041,0.000343732215696946,0.00370252993889153,0,0,0.00452651455998421,0.0190939493477345,0.023349042981863,0,0,0,0.0105597581714392,0.0338820554316044,0.0300345830619335,0.0167414546012878,0.0353225842118263,0.0583157241344452,0.0732960626482964,0.0872757211327553,0.0946082174777985,0.0886272862553596,0.0837619081139565,0.0918445885181427,0.113511860370636,0.0609242618083954,0.00138396804686636,0,0,0,0.0692074373364449,0.125419840216637,0.182701975107193,0.201014548540115,0.176012009382248,0.167241081595421,0.195902496576309,0.175378605723381,0.118833981454372,0.169407561421394,0.215237185359001,0.26454696059227,0.26664611697197,0.295498788356781,0.315771043300629,0.241921856999397,0.211493343114853,0.279588639736176,0.265429645776749,0.22565646469593,0.0633193179965019,0.113188251852989,0.0664801374077797,0,0.176230877637863,0.237916648387909,0.311874568462372,0.355457574129105,0.368009209632874,0.336739212274551,0.304682523012161,0.27467092871666,0.226455971598625,0.27077978849411,0.20407347381115,0.136595994234085,0.0451094247400761,0.150963261723518,0.291693866252899,0.34971284866333,0.372879177331924,0.286384522914886,0.330406010150909,0.331089854240417,0.224059596657753,0.0143579319119453,0,0,0.0418202169239521,0.16651126742363,0.296959757804871,0.378783404827118,0.36198890209198,0.39958930015564,0.392877399921417,0.421958804130554,0.386298686265945,0.364360392093658,0.183522626757622,0.221963420510292,0.193370416760445,0.219818666577339,0,0,0,0.268991708755493,0.311402201652527,0.383247911930084,0.3405801653862,0.366447448730469,0.377967327833176,0.145519763231277,0.0167158897966146,0.00283350399695337,0.124546155333519,0.291382789611816,0.346590936183929,0.33626452088356,0.387161433696747,0.338489443063736,0.338900953531265,0.339409708976746,0.38135039806366,0.193463116884232,0,0,0,0,0.192604169249535,0.222338020801544,0.00298555195331573,0,0,0,0,0,0,0,0,0,0,0,0,0,0,0,0,0,0,0,0,0,0.00232386821880937,0.00239399028941989,0,0,0,0,0,0,0,0,0,0,0,0,0,0,0,0,0,0,0,0,0.00194655149243772,0,0,0,0,0,0,0,0,0,0,0,0,0,0,0,0,0,0,0,0,0,0,0,0,0,0,0,0,0,0,0,0,0,0,0,0,221
Sigmaringen,0,0,0,0,0,0,0,0,0,0,0,0,0,0,0,0,0,0,0,0,0,0,0,0,0,0,0,0,0,0,0,0,0,0,0,0,0,0,0,0,0,0,0,0,0,0,0,0,0,0,0,0,0,0,0,0,0,0,0,0,0,0,0,0,0,0,0,0,0,0,0,0,0,0,0,0,0,0,0,0,0,0,0,0,0,0,0,0,0,0,0,0,0,0,0,0,0,0,0,0,0,0,0,0,0,0,0,0,0,0,0,0,0,0,0,0,0,0,0,0,0,0,0,0,0,0,0,0,0,0,0,0,0,0,0,0,0,0,0,0,0,0,0,0,0,0,0,0,0,0,0,0,0,0,0,0,0,0,0,0,0,0,0,0,0,0,0,2.00480280909687e-05,0,0,0.00097566208569333,0.0135037358850241,0.0140834096819162,0,0,0,0.00109701079782099,0.0232699792832136,0.0164065752178431,0.00784619990736246,0.024958586320281,0.0470454283058643,0.0605220757424831,0.0718953311443329,0.076638288795948,0.0716053023934364,0.0738566890358925,0.0679729655385017,0.09113559871912,0.0473536401987076,0,0,0,0,0.0314306057989597,0.0933230519294739,0.162635937333107,0.165970757603645,0.134244114160538,0.13750433921814,0.169380187988281,0.141399562358856,0.0527941025793552,0.143599137663841,0.19461578130722,0.240750342607498,0.238050609827042,0.267675936222076,0.273472964763641,0.210010528564453,0.18359962105751,0.246179461479187,0.226212173700333,0.193261116743088,0.0371307171881199,0.0625875815749168,0.00380569812841713,0,0.141705676913261,0.218742877244949,0.284671068191528,0.314383149147034,0.32661709189415,0.309116870164871,0.280893951654434,0.233414351940155,0.18813581764698,0.222143143415451,0.150654122233391,0.102112360298634,0.000324361637467518,0.130097478628159,0.261578232049942,0.310390681028366,0.328820645809174,0.234013304114342,0.276336193084717,0.284469425678253,0.179427310824394,0,0,0,0.00480755418539047,0.161809369921684,0.2626953125,0.32927468419075,0.320018470287323,0.343544811010361,0.343261688947678,0.365978747606277,0.322245985269547,0.303440421819687,0.151889398694038,0.187851741909981,0.112884052097797,0.169797167181969,0,0,0,0.216083899140358,0.273708313703537,0.326170802116394,0.289061099290848,0.307517498731613,0.292288273572922,0.031428687274456,0.000235705418162979,0,0.0680960640311241,0.243779525160789,0.276027888059616,0.285760521888733,0.330601185560226,0.285535573959351,0.277178078889847,0.291095495223999,0.324843645095825,0.0766836106777191,0,0,0,0,0.161208659410477,0.133168816566467,0,0,0,0,0,0,0,0,0,0,0,0,0,0,0,0,0,0,0,0,0,0,0,0,0,0,0,0,0,0,0,0,0,0,0,0,0,0,0,0,0,0,0,0,0,0,0,0,0,0,0,0,0,0,0,0,0,0,0,0,0,0,0,0,0,0,0,0,0,0,0,0,0,0,0,0,0,0,0,0,0,222
Ingolstadt,0,0,0,0,0,0,0,0,0,0,0,0,0,0,0,0,0,0,0,0,0,0,0,0,0,0,0,0,0,0,0,0,0,0,0,0,0,0,0,0,0,0,0,0,0,0,0,0,0,0,0,0,0,0,0,0,0,0,0,0,0,0,0,0,0,0,0,0,0,0,0,0,0,0,0,0,0,0,0,0,0,0,0,0,0,0,0,0,0,0,0,0,0,0,0,0,0,0,0,0,0,0,0,0,0,0,0,0,0,0,0,0,0,0,0,0,0,0,0,0,0,0,0,0,0,0,0,0,0,0,0,0,0,0,0,0,0,0,0,0,0,0,0,0,0,0,0,0,0,0,0,0,0,0,0,0,0,0,0,0,0,0,0,0,0,0,0.0157693456858397,0.0146724106743932,0.0152921499684453,0,0.0189482811838388,0.0393934026360512,0.0524411052465439,0.0288770031183958,0,0,0.0380375646054745,0.06876290589571,0.0494114086031914,0,0.0681347027420998,0.112909883260727,0.134004727005959,0.162718191742897,0.183073043823242,0.160067617893219,0.160911783576012,0.180855125188828,0.206764355301857,0.115079589188099,0.0927946418523788,0,0,0,0.19101981818676,0.160631105303764,0.251414865255356,0.284945577383041,0.196834161877632,0.231180548667908,0.306123316287994,0.274882912635803,0.157669544219971,0.197998732328415,0.31081685423851,0.380365878343582,0.378569215536118,0.40721470117569,0.412416785955429,0.356945753097534,0.307879328727722,0.397118180990219,0.357425957918167,0.373861104249954,0.215030491352081,0.250049442052841,0.222857058048248,0.208028003573418,0.300144195556641,0.346539676189423,0.443713963031769,0.514168977737427,0.447512179613113,0.472724825143814,0.434306263923645,0.421923935413361,0.351948291063309,0.352266669273376,0.218733623623848,0.218684643507004,0,0.309376388788223,0.436251878738403,0.529779016971588,0.587474226951599,0.481557041406631,0.500923156738281,0.507341623306274,0.396143674850464,0.219613194465637,0,0,0.180730402469635,0.364454299211502,0.470617413520813,0.524967730045319,0.553861856460571,0.642837762832642,0.583768904209137,0.573047995567322,0.54682582616806,0.548908114433289,0.362718462944031,0.332865923643112,0.433842897415161,0.454289317131042,0.195246309041977,0,0,0.390766173601151,0.527609586715698,0.578557908535004,0.519987821578979,0.56593245267868,0.602613687515259,0.311577200889587,0,0,0,0.357189625501633,0.512976944446564,0.56340080499649,0.634167432785034,0.507706880569458,0.506578862667084,0.501431107521057,0.572358310222626,0.406098634004593,0,0,0,0,0.196626514196396,0.329386472702026,0,0,0,0,0,0,0,0,0,0,0,0,0,0,0,0,0,0,0,0,0,0,0,0.0614040940999985,0,0,0,0,0,0,0,0,0,0,0,0,0,0,0,0,0,0,0,0,0,0,0,0,0,0,0,0,0,0,0,0,0,0,0,0,0,0,0,0,0,0,0,0,0,0,0,0,0,0,0,0,0,0,0,0,0,223
München,0,0,0,0,0,0,0,0,0,0,0,0,0,0,0,0,0,0,0,0,0,0,0,0,0,0,0,0,0,0,0,0,0,0,0,0,0,0,0,0,0,0,0,0,0,0,0,0,0,0,0,0,0,0,0,0,0,0,0,0,0,0,0,0,0,0,0,0,0,0,0,0,0,0,0,0,0,0,0,0,0,0,0,0,0,0,0,0,0,0,0,0,0,0,0,0,0,0,0,0,0,0,0,0,0,0,0,0,0,0,0,0,0,0,0,0,0,0,0,0,0,0,0,0,0,0,0,0,0,0,0,0,0,0,0.00735293887555599,0,0,0,0,0,0,0,0,0,0,0,0,0,0,0,0,0,0,0,0,0,0,0,0,0,0,0,0,0,0,0,0.0250187572091818,0.0235299598425627,0,0,0,0.0428871028125286,0.0591268241405487,0.0120818577706814,0,0,0.0396622717380524,0.0738260373473167,0.0483047515153885,0,0.0596439801156521,0.108790442347527,0.137704715132713,0.173188835382462,0.184475392103195,0.173951700329781,0.174132660031319,0.181820288300514,0.231056913733482,0.11525197327137,0.0864611640572548,0,0,0,0.218576446175575,0.200899720191956,0.301655143499374,0.355997979640961,0.293089628219604,0.270003616809845,0.375655651092529,0.338869273662567,0.205477803945541,0.253562033176422,0.371772736310959,0.483415842056274,0.483745187520981,0.525793552398682,0.543060004711151,0.454342216253281,0.344262659549713,0.502861261367798,0.444756954908371,0.42697685956955,0.26852485537529,0.313138425350189,0.331391602754593,0.0482394769787788,0.342873483896255,0.470688760280609,0.59034252166748,0.658431947231293,0.640738606452942,0.630269944667816,0.552359044551849,0.54250830411911,0.491755068302155,0.498115390539169,0.327600508928299,0.203909695148468,0,0.367056965827942,0.558836579322815,0.676674783229828,0.765488803386688,0.605526626110077,0.613861739635468,0.655736565589905,0.481492340564728,0.19881734251976,0,0,0.276783674955368,0.362938284873962,0.611763060092926,0.724138557910919,0.750276923179626,0.835946917533875,0.764575064182281,0.8034508228302,0.747500479221344,0.741975903511047,0.351642519235611,0.403509080410004,0.572655022144318,0.549164235591888,0,0,0,0.503515005111694,0.634201288223267,0.802824318408966,0.666094243526459,0.74841570854187,0.812251508235931,0.340560704469681,0.154732763767242,0,0,0.484723746776581,0.728549778461456,0.745989918708801,0.841117203235626,0.691638052463531,0.622703850269318,0.630899727344513,0.759293615818024,0.554204642772675,0,0,0,0,0.373755574226379,0.456231296062469,0,0,0,0,0,0,0,0,0,0,0,0,0,0,0,0,0,0,0,0,0,0,0,0.190187498927116,0,0,0,0,0,0,0,0,0,0,0,0,0,0,0,0,0,0,0,0,0,0,0,0,0,0,0,0,0,0,0,0,0,0,0,0,0,0,0,0,0,0,0,0,0,0,0,0,0,0,0,0,0,0,0,0,0,224
Rosenheim,0,0,0,0,0,0,0,0,0,0,0,0,0,0,0,0,0,0,0,0,0,0,0,0,0,0,0,0,0,0,0,0,0,0,0,0,0,0,0,0,0,0,0,0,0,0,0,0,0,0,0,0,0,0,0,0,0,0,0,0,0,0,0,0,0,0,0,0,0,0,0,0,0,0,0,0,0,0,0,0,0,0,0,0,0,0,0,0,0,0,0,0,0,0,0,0,0,0,0,0,0,0,0,0,0,0,0,0,0,0,0,0,0,0,0,0,0,0,0,0,0,0,0,0,0,0,0,0,0,0,0,0,0,0,0,0,0,0,0,0,0,0,0,0,0,0,0,0,0,0,0,0,0,0,0,0,0,0,0,0,0,0,0,0,0,0,0.0109988860785961,0.0097241373732686,0,0,0.00994593743234873,0.0243394803255796,0.0340087898075581,0.0239304602146149,0,0,0.0171462465077639,0.0416772067546844,0.0254190675914288,0,0.0319022238254547,0.0653369501233101,0.0839835330843925,0.101392924785614,0.106088325381279,0.104882389307022,0.103579789400101,0.10938061773777,0.13571509718895,0.0788718238472939,0.0510925203561783,0,0,0,0.136217594146729,0.135357677936554,0.178469777107239,0.210942819714546,0.192209884524345,0.167657360434532,0.220828160643578,0.202639862895012,0.137368872761726,0.155022814869881,0.216599717736244,0.279255509376526,0.272852867841721,0.305772691965103,0.324459761381149,0.283033162355423,0.208849400281906,0.292662054300308,0.259687095880508,0.231986701488495,0.156664073467255,0.11609660089016,0.14495387673378,0.0739912986755371,0.18075829744339,0.265805870294571,0.338753879070282,0.375635623931885,0.371780157089233,0.340095043182373,0.315902531147003,0.314188122749329,0.280952155590057,0.302739471197128,0.199890941381454,0.077754832804203,0,0.182708472013474,0.300557374954224,0.372820764780045,0.411495327949524,0.341701775789261,0.317277610301971,0.357197672128677,0.291461408138275,0.108616359531879,0,0,0.127571508288383,0.183620646595955,0.328686594963074,0.407241493463516,0.409046143293381,0.476878017187119,0.424105852842331,0.445476621389389,0.434171080589294,0.424894571304321,0.173756197094917,0.214712351560593,0.348789215087891,0.314248025417328,0.095387727022171,0,0,0.284865915775299,0.343333154916763,0.43208971619606,0.37525674700737,0.407846242189407,0.451292455196381,0.187799289822578,0,0,0,0.242309331893921,0.392047882080078,0.403509318828583,0.459029883146286,0.378455817699432,0.339730530977249,0.335227131843567,0.400597244501114,0.326404094696045,0,0,0,0,0,0.204835653305054,0,0,0,0,0,0,0,0,0,0,0,0,0,0,0,0,0,0,0,0,0,0,0,0.0909115895628929,0,0,0,0,0,0,0,0,0,0,0,0,0,0,0,0,0,0,0,0,0,0,0,0,0,0,0,0,0,0,0,0,0,0,0,0,0,0,0,0,0,0,0,0,0,0,0,0,0,0,0,0,0,0,0,0,0,225
Altötting,0,0,0,0,0,0,0,0,0,0,0,0,0,0,0,0,0,0,0,0,0,0,0,0,0,0,0,0,0,0,0,0,0,0,0,0,0,0,0,0,0,0,0,0,0,0,0,0,0,0,0,0,0,0,0,0,0,0,0,0,0,0,0,0,0,0,0,0,0,0,0,0,0,0,0,0,0,0,0,0,0,0,0,0,0,0,0,0,0,0,0,0,0,0,0,0,0,0,0,0,0,0,0,0,0,0,0,0,0,0,0,0,0,0,0,0,0,0,0,0,0,0,0,0,0,0,0,0,0,0,0,0,0,0,0,0,0,0,0,0,0,0,0,0,0,0,0,0,0,0,0,0,0,0,0,0,0,0,0,0,0,0,0,0,0,0,0.00986619666218758,0.0076422393321991,0,0,0.00859161000698805,0.0167171340435743,0.0246154591441154,0.0218467023223639,0,0,0.013297307305038,0.0312527976930141,0.0222367458045483,0,0.027332941070199,0.0468935556709766,0.0579770766198635,0.068400539457798,0.0742131248116493,0.0732003450393677,0.0715352222323418,0.0730336979031563,0.0921730920672417,0.061038862913847,0.0568758584558964,0,0,0,0.0931504964828491,0.0800131633877754,0.109840124845505,0.133324220776558,0.115423887968063,0.106609024107456,0.137675434350967,0.134289920330048,0.0807017385959625,0.0943679213523865,0.135865435004234,0.174587666988373,0.177570715546608,0.190399736166,0.197870492935181,0.173191606998444,0.136189982295036,0.18607784807682,0.166446134448051,0.150655582547188,0.117512360215187,0.110252887010574,0.125375479459763,0.0813771039247513,0.125898078083992,0.167658179998398,0.209809958934784,0.236637160181999,0.219250097870827,0.223480567336082,0.202718213200569,0.204091817140579,0.187573432922363,0.188872188329697,0.13041065633297,0.0337700545787811,0,0.129199400544167,0.193836107850075,0.237359538674355,0.271373212337494,0.223748356103897,0.211293011903763,0.228803083300591,0.193980932235718,0.102421656250954,0,0,0.108943119645119,0.14491705596447,0.216159090399742,0.254542410373688,0.271738290786743,0.311903178691864,0.274874210357666,0.28701576590538,0.27904537320137,0.275999307632446,0.135882690548897,0.162586480379105,0.228096693754196,0.216909319162369,0.123645670711994,0,0,0.179800108075142,0.224779218435287,0.283449172973633,0.245014041662216,0.26872843503952,0.299292385578156,0.154098704457283,0.101785384118557,0,0,0.140469640493393,0.252007693052292,0.265845686197281,0.306688487529755,0.257645606994629,0.229046553373337,0.212509229779243,0.252927720546722,0.233505815267563,0,0,0,0,0,0.154257833957672,0,0,0,0,0,0,0,0,0,0,0,0,0,0,0,0,0,0,0,0,0,0,0,0.0283888503909111,0,0,0,0,0,0,0,0,0,0,0,0,0,0,0,0,0,0,0,0,0,0,0,0,0,0,0,0,0,0,0,0,0,0,0,0,0,0,0,0,0,0,0,0,0,0,0,0,0,0,0,0,0,0,0,0,0,226
Berchtesgadener Land,0,0,0,0,0,0,0,0,0,0,0,0,0,0,0,0,0,0,0,0,0,0,0,0,0,0,0,0,0,0,0,0,0,0,0,0,0,0,0,0,0,0,0,0,0,0,0,0,0,0,0,0,0,0,0,0,0,0,0,0,0,0,0,0,0,0,0,0,0,0,0,0,0,0,0,0,0,0,0,0,0,0,0,0,0,0,0,0,0,0,0,0,0,0,0,0,0,0,0,0,0,0,0,0,0,0,0,0,0,0,0,0,0,0,0,0,0,0,0,0,0,0,0,0,0,0,0,0,0,0,0,0,0,0,0,0,0,0,0,0,0,0,0,0,0,0,0,0,0,0,0,0,0,0,0,0,0,0,0,0,0,0,0,0,0,0,0.0011941249249503,0,0,0,0.00101884792093188,0.00215310510247946,0.00332167046144605,0.00322776683606207,0,0,0,0.00388609943911433,0.00251842220313847,0,0.00307302176952362,0.00624313252046704,0.00801089312881231,0.00976811535656452,0.0101596228778362,0.0102164605632424,0.0100334612652659,0.0103009631857276,0.0130348335951567,0.00951108615845442,0.00724308611825109,0,0,0,0.0143772568553686,0.0131805380806327,0.0166250336915255,0.020808445289731,0.0185326971113682,0.0160793010145426,0.0211174208670855,0.0210879594087601,0.0134607283398509,0.0151356095448136,0.021023727953434,0.0275333821773529,0.0272695925086737,0.030210530385375,0.0330333150923252,0.028855599462986,0.0227665938436985,0.0290064550936222,0.0257050469517708,0.02291139960289,0.0174096710979939,0.0123556442558765,0.0172603223472834,0,0.0171281825751066,0.0256635472178459,0.0335300602018833,0.0376929193735123,0.0369746163487434,0.0354611761868,0.0327627025544643,0.0313124880194664,0.0285547748208046,0.0306016188114882,0.0204918310046196,0.0103575689718127,0,0.0165104903280735,0.0300719439983368,0.0371224246919155,0.0421766303479671,0.0346607007086277,0.0310368500649929,0.035087738186121,0.0301683489233255,0.0135240210220218,0,0,0.0167271886020899,0.0189891420304775,0.0318399704992771,0.0394090823829174,0.0421048030257225,0.0483664497733116,0.0428884737193584,0.0450697764754295,0.0446237698197365,0.0429498329758644,0.0208029896020889,0.0245666112750769,0.0369307436048985,0.0339722819626331,0.018921572715044,0,0,0.0270339567214251,0.0335629619657993,0.0434583984315395,0.0368518531322479,0.0408954806625843,0.0462685227394104,0.0253429561853409,0,0,0,0.0235198624432087,0.0397765003144741,0.0412710756063461,0.0469177551567554,0.0411720648407936,0.0328467451035976,0.0324350036680698,0.0399798154830933,0.0364505425095558,0,0,0,0,0,0.0202003754675388,0,0,0,0,0,0,0,0,0,0,0,0,0,0,0,0,0,0,0,0,0,0,0,0.0100891329348087,0,0,0,0,0,0,0,0,0,0,0,0,0,0,0,0,0,0,0,0,0,0,0,0,0,0,0,0,0,0,0,0,0,0,0,0,0,0,0,0,0,0,0,0,0,0,0,0,0,0,0,0,0,0,0,0,0,227
Bad Tölz-Wolfratshausen,0,0,0,0,0,0,0,0,0,0,0,0,0,0,0,0,0,0,0,0,0,0,0,0,0,0,0,0,0,0,0,0,0,0,0,0,0,0,0,0,0,0,0,0,0,0,0,0,0,0,0,0,0,0,0,0,0,0,0,0,0,0,0,0,0,0,0,0,0,0,0,0,0,0,0,0,0,0,0,0,0,0,0,0,0,0,0,0,0,0,0,0,0,0,0,0,0,0,0,0,0,0,0,0,0,0,0,0,0,0,0,0,0,0,0,0,0,0,0,0,0,0,0,0,0,0,0,0,0,0,0,0,0,0,0,0,0,0,0,0,0,0,0,0,0,0,0,0,0,0,0,0,0,0,0,0,0,0,0,0,0,0,0,0,0,0,0,0.000567156122997403,0,0,0,0.0113397724926472,0.0170763079077005,0,0,0,0.00338759156875312,0.0185816716402769,0.00468836724758148,0,0.00818849448114634,0.0378116816282272,0.0550265833735466,0.0689477026462555,0.069218248128891,0.0665659531950951,0.0622036978602409,0.0646763443946838,0.0912733674049377,0.00368440919555724,0,0,0,0,0.086196132004261,0.0838923826813698,0.137438178062439,0.163000494241714,0.140814572572708,0.121103756129742,0.169079080224037,0.139554396271706,0.0710078850388527,0.109869241714478,0.17253515124321,0.230870351195335,0.226645216345787,0.252093076705933,0.267224371433258,0.219570398330688,0.145739912986755,0.231155663728714,0.206339076161385,0.178657054901123,0.0301898885518312,0.0339544303715229,0.0782154202461243,0,0.0908702313899994,0.197129756212234,0.27346596121788,0.310209661722183,0.317188888788223,0.294142603874207,0.25323686003685,0.230709001421928,0.201414942741394,0.239568784832954,0.0992925763130188,0,0,0.0765335112810135,0.232471972703934,0.298674404621124,0.332135677337646,0.245817542076111,0.241728991270065,0.288397431373596,0.18702906370163,0,0,0,0,0.0362050235271454,0.251608431339264,0.315906077623367,0.324981898069382,0.392405271530151,0.343950122594833,0.364019989967346,0.336990237236023,0.320795059204102,0.0620863810181618,0.138779520988464,0.252675443887711,0.200654029846191,0,0,0,0.182542204856873,0.250473022460938,0.340740531682968,0.267793357372284,0.305130034685135,0.340979903936386,0.017258383333683,0,0,0,0.188289269804955,0.301695436239243,0.302260547876358,0.346574485301971,0.284643620252609,0.253820389509201,0.25500276684761,0.318197697401047,0.219159439206123,0,0,0,0,0.0436812676489353,0.105878181755543,0,0,0,0,0,0,0,0,0,0,0,0,0,0,0,0,0,0,0,0,0,0,0,0,0,0,0,0,0,0,0,0,0,0,0,0,0,0,0,0,0,0,0,0,0,0,0,0,0,0,0,0,0,0,0,0,0,0,0,0,0,0,0,0,0,0,0,0,0,0,0,0,0,0,0,0,0,0,0,0,0,228
Dachau,0,0,0,0,0,0,0,0,0,0,0,0,0,0,0,0,0,0,0,0,0,0,0,0,0,0,0,0,0,0,0,0,0,0,0,0,0,0,0,0,0,0,0,0,0,0,0,0,0,0,0,0,0,0,0,0,0,0,0,0,0,0,0,0,0,0,0,0,0,0,0,0,0,0,0,0,0,0,0,0,0,0,0,0,0,0,0,0,0,0,0,0,0,0,0,0,0,0,0,0,0,0,0,0,0,0,0,0,0,0,0,0,0,0,0,0,0,0,0,0,0,0,0,0,0,0,0,0,0,0,0,0,0,0,0.00159701891243458,0,0,0,0,0,0,0,0,0,0,0,0,0,0,0,0,0,0,0,0,0,0,0,0,0,0,0,0,0,0,0,0.0191934332251549,0.0172033421695232,0.00188731355592608,0,0.00222200527787209,0.032525572925806,0.0452704802155495,0.0109914559870958,0,0,0.0306531768292189,0.0595802962779999,0.0386479198932648,0,0.0479261837899685,0.0864571928977966,0.107699319720268,0.136739656329155,0.147355988621712,0.136997327208519,0.139268323779106,0.147805169224739,0.180284112691879,0.0962523221969604,0.0578126348555088,0,0,0,0.159100994467735,0.147891461849213,0.227261960506439,0.267625093460083,0.208216831088066,0.207426950335503,0.281145840883255,0.252151727676392,0.14792038500309,0.190701559185982,0.284535586833954,0.360018670558929,0.363680571317673,0.390569090843201,0.402075856924057,0.340850085020065,0.266865432262421,0.381128311157227,0.34010922908783,0.336301565170288,0.213513001799583,0.245788812637329,0.238276645541191,0.1565200984478,0.274268597364426,0.349859058856964,0.438197821378708,0.493030071258545,0.46345391869545,0.472576260566711,0.41412341594696,0.40862101316452,0.355248987674713,0.35479074716568,0.221579521894455,0.133404046297073,0,0.281331092119217,0.419019490480423,0.508572936058044,0.580725252628326,0.465292155742645,0.48448172211647,0.491431653499603,0.367558836936951,0.181881204247475,0,0,0.201641485095024,0.310013502836227,0.462625831365585,0.54196310043335,0.553358912467957,0.618943095207214,0.577483594417572,0.58688497543335,0.54719066619873,0.56340092420578,0.313591331243515,0.31482994556427,0.416959822177887,0.423229843378067,0,0,0,0.378474980592728,0.489445596933365,0.596961200237274,0.504741907119751,0.566794216632843,0.603234648704529,0.286425590515137,0.111586712300777,0,0,0.360539525747299,0.538486301898956,0.561699032783508,0.627789735794067,0.496073514223099,0.462882578372955,0.475532025098801,0.564861536026001,0.403380632400513,0,0,0,0,0.296050131320953,0.361653387546539,0,0,0,0,0,0,0,0,0,0,0,0,0,0,0,0,0,0,0,0,0,0,0,0.0470824800431728,0,0,0,0,0,0,0,0,0,0,0,0,0,0,0,0,0,0,0,0,0,0,0,0,0,0,0,0,0,0,0,0,0,0,0,0,0,0,0,0,0,0,0,0,0,0,0,0,0,0,0,0,0,0,0,0,0,229
Ebersberg,0,0,0,0,0,0,0,0,0,0,0,0,0,0,0,0,0,0,0,0,0,0,0,0,0,0,0,0,0,0,0,0,0,0,0,0,0,0,0,0,0,0,0,0,0,0,0,0,0,0,0,0,0,0,0,0,0,0,0,0,0,0,0,0,0,0,0,0,0,0,0,0,0,0,0,0,0,0,0,0,0,0,0,0,0,0,0,0,0,0,0,0,0,0,0,0,0,0,0,0,0,0,0,0,0,0,0,0,0,0,0,0,0,0,0,0,0,0,0,0,0,0,0,0,0,0,0,0,0,0,0,0,0,0,0.000242518552113324,0,0,0,0,0,0,0,0,0,0,0,0,0,0,0,0,0,0,0,0,0,0,0,0,0,0,0,0,0,0,0,0.0146899912506342,0.0120510812848806,0,0,0.00362661690451205,0.0269077904522419,0.0376942418515682,0.0199080146849155,0,0,0.0211844742298126,0.0469347164034843,0.0298120584338903,0,0.0416037030518055,0.0725754126906395,0.0921134352684021,0.113285839557648,0.120251998305321,0.11337573081255,0.112961113452911,0.119736485183239,0.152645900845528,0.0782131478190422,0.0523537695407867,0,0,0,0.148626193404198,0.137307047843933,0.199462592601776,0.237609907984734,0.200611487030983,0.184145331382751,0.252791523933411,0.229064375162125,0.137402758002281,0.1621073782444,0.249593377113342,0.320974260568619,0.309158980846405,0.350640892982483,0.367715924978256,0.310227632522583,0.228537425398827,0.335672169923782,0.289421647787094,0.269154965877533,0.174985691905022,0.179773941636086,0.215918317437172,0.0169209688901901,0.211159810423851,0.316041082143784,0.397100180387497,0.441266238689423,0.426535785198212,0.406080812215805,0.357059866189957,0.361345022916794,0.323567479848862,0.335576742887497,0.215252757072449,0.0169572383165359,0,0.229733631014824,0.362524300813675,0.444636076688766,0.498786240816116,0.391375452280045,0.380852550268173,0.423959791660309,0.323893278837204,0.0275831092149019,0,0,0.175028905272484,0.21391087770462,0.391278296709061,0.47229540348053,0.489356338977814,0.558282375335693,0.497068583965302,0.527307271957397,0.496775358915329,0.488400399684906,0.183574587106705,0.236133694648743,0.377751886844635,0.355152934789658,0.00974554102867842,0,0,0.321677714586258,0.407283991575241,0.51391863822937,0.427672058343887,0.483556717634201,0.525467336177826,0.178896889090538,0.009409892372787,0,0,0.281962871551514,0.4610515832901,0.475956290960312,0.544763147830963,0.443800121545792,0.398655593395233,0.392151921987534,0.479258865118027,0.366980999708176,0,0,0,0,0.165381893515587,0.263025939464569,0,0,0,0,0,0,0,0,0,0,0,0,0,0,0,0,0,0,0,0,0,0,0,0.106585003435612,0,0,0,0,0,0,0,0,0,0,0,0,0,0,0,0,0,0,0,0,0,0,0,0,0,0,0,0,0,0,0,0,0,0,0,0,0,0,0,0,0,0,0,0,0,0,0,0,0,0,0,0,0,0,0,0,0,230
Eichstätt,0,0,0,0,0,0,0,0,0,0,0,0,0,0,0,0,0,0,0,0,0,0,0,0,0,0,0,0,0,0,0,0,0,0,0,0,0,0,0,0,0,0,0,0,0,0,0,0,0,0,0,0,0,0,0,0,0,0,0,0,0,0,0,0,0,0,0,0,0,0,0,0,0,0,0,0,0,0,0,0,0,0,0,0,0,0,0,0,0,0,0,0,0,0,0,0,0,0,0,0,0,0,0,0,0,0,0,0,0,0,0,0,0,0,0,0,0,0,0,0,0,0,0,0,0,0,0,0,0,0,0,0,0,0,0,0,0,0,0,0,0,0,0,0,0,0,0,0,0,0,0,0,0,0,0,0,0,0,0,0,0,0,0,0,0,0,0.00674977991729975,0.00609435839578509,0.00752944452688098,0,0.0165885612368584,0.0339486636221409,0.0451154112815857,0.0177261494100094,0,0,0.0227573476731777,0.0594215728342533,0.0261915791779757,0,0.0608627609908581,0.101207308471203,0.121468581259251,0.147148117423058,0.164550274610519,0.139910236001015,0.14090932905674,0.163327723741531,0.187338203191757,0.0944706201553345,0.057865172624588,0,0,0,0.176455408334732,0.140716850757599,0.237740606069565,0.264736354351044,0.170238226652145,0.210969284176826,0.289517134428024,0.250276625156403,0.12733094394207,0.187152460217476,0.293357908725739,0.360205799341202,0.361270546913147,0.389214158058167,0.38652965426445,0.332481652498245,0.288598090410233,0.374719023704529,0.329695999622345,0.347900360822678,0.187204003334045,0.220929101109505,0.186425879597664,0.17782162129879,0.273867160081863,0.329808592796326,0.421406477689743,0.488148301839828,0.423337399959564,0.449673801660538,0.413542926311493,0.392000049352646,0.325153231620789,0.32387974858284,0.120267987251282,0.181034997105598,0,0.28150862455368,0.414131343364716,0.495923042297363,0.556052267551422,0.446701228618622,0.470125257968903,0.469816029071808,0.363082408905029,0.15606988966465,0,0,0.100366234779358,0.330393463373184,0.43800875544548,0.494319230318069,0.521654427051544,0.606578469276428,0.54175591468811,0.533195853233337,0.506538867950439,0.504711449146271,0.321122527122498,0.304250121116638,0.402740091085434,0.414682567119598,0.103958621621132,0,0,0.345745414495468,0.487297356128693,0.538778781890869,0.476643800735474,0.524151682853699,0.558077037334442,0.266384094953537,0,0,0,0.32753399014473,0.476363718509674,0.526146173477173,0.588542699813843,0.476100981235504,0.466811090707779,0.465637743473053,0.540852248668671,0.360277831554413,0,0,0,0,0.109317645430565,0.291280627250671,0,0,0,0,0,0,0,0,0,0,0,0,0,0,0,0,0,0,0,0,0,0,0,0.0316807627677917,0,0,0,0,0,0,0,0,0,0,0,0,0,0,0,0,0,0,0,0,0,0,0,0,0,0,0,0,0,0,0,0,0,0,0,0,0,0,0,0,0,0,0,0,0,0,0,0,0,0,0,0,0,0,0,0,0,231
Erding,0,0,0,0,0,0,0,0,0,0,0,0,0,0,0,0,0,0,0,0,0,0,0,0,0,0,0,0,0,0,0,0,0,0,0,0,0,0,0,0,0,0,0,0,0,0,0,0,0,0,0,0,0,0,0,0,0,0,0,0,0,0,0,0,0,0,0,0,0,0,0,0,0,0,0,0,0,0,0,0,0,0,0,0,0,0,0,0,0,0,0,0,0,0,0,0,0,0,0,0,0,0,0,0,0,0,0,0,0,0,0,0,0,0,0,0,0,0,0,0,0,0,0,0,0,0,0,0,0,0,0,0,0,0,0,0,0,0,0,0,0,0,0,0,0,0,0,0,0,0,0,0,0,0,0,0,0,0,0,0,0,0,0,0,0,0,0.0194300878793001,0.0156741663813591,0,0,0.00801194552332163,0.0341762937605381,0.0476527325809002,0.0274918787181377,0,0,0.0294546410441399,0.0637434348464012,0.0426565520465374,0,0.0521189346909523,0.093682236969471,0.115712434053421,0.141525968909264,0.156437113881111,0.144840478897095,0.144009381532669,0.153269082307816,0.188601091504097,0.103043124079704,0.086131826043129,0,0,0,0.179770573973656,0.154130026698112,0.232785284519196,0.280145138502121,0.223962530493736,0.218206450343132,0.296905368566513,0.268058449029922,0.15753485262394,0.18314927816391,0.291679203510284,0.374442279338837,0.368730545043945,0.407890200614929,0.418165683746338,0.360980808734894,0.276461720466614,0.389750450849533,0.346698760986328,0.333329170942307,0.222444042563438,0.249391168355942,0.261398047208786,0.163780629634857,0.267668008804321,0.361647129058838,0.45712623000145,0.513753950595856,0.477353602647781,0.485618829727173,0.424449324607849,0.43517130613327,0.381080120801926,0.37937980890274,0.23532047867775,0.0376115143299103,0,0.290759086608887,0.422170132398605,0.520840167999268,0.593398332595825,0.477625459432602,0.476456999778748,0.504539132118225,0.393504083156586,0.180634647607803,0,0,0.215261042118073,0.312948912382126,0.475244402885437,0.56150358915329,0.583073019981384,0.665198445320129,0.596532762050629,0.608599126338959,0.58172732591629,0.593599140644073,0.295469790697098,0.308032125234604,0.46273535490036,0.450276046991348,0.0618053488433361,0,0,0.373732775449753,0.495691508054733,0.610669434070587,0.518398761749268,0.579683125019073,0.633087456226349,0.274286568164825,0.123512372374535,0,0,0.31700399518013,0.540326118469238,0.576564013957977,0.653774857521057,0.519081830978394,0.474326580762863,0.465769499540329,0.558103382587433,0.453560918569565,0,0,0,0,0.206640139222145,0.34797665476799,0,0,0,0,0,0,0,0,0,0,0,0,0,0,0,0,0,0,0,0,0,0,0,0.0241444166749716,0,0,0,0,0,0,0,0,0,0,0,0,0,0,0,0,0,0,0,0,0,0,0,0,0,0,0,0,0,0,0,0,0,0,0,0,0,0,0,0,0,0,0,0,0,0,0,0,0,0,0,0,0,0,0,0,0,232
Freising,0,0,0,0,0,0,0,0,0,0,0,0,0,0,0,0,0,0,0,0,0,0,0,0,0,0,0,0,0,0,0,0,0,0,0,0,0,0,0,0,0,0,0,0,0,0,0,0,0,0,0,0,0,0,0,0,0,0,0,0,0,0,0,0,0,0,0,0,0,0,0,0,0,0,0,0,0,0,0,0,0,0,0,0,0,0,0,0,0,0,0,0,0,0,0,0,0,0,0,0,0,0,0,0,0,0,0,0,0,0,0,0,0,0,0,0,0,0,0,0,0,0,0,0,0,0,0,0,0,0,0,0,0,0,0.000243037080508657,0,0,0,0,0,0,0,0,0,0,0,0,0,0,0,0,0,0,0,0,0,0,0,0,0,0,0,0,0,0,0,0.0273925792425871,0.0232163704931736,0.000729697523638606,0,0.00243859551846981,0.0484755225479603,0.0674768686294556,0.034531258046627,0,0,0.0442516021430492,0.0894221216440201,0.0633987188339233,0,0.0691942721605301,0.130129724740982,0.160752594470978,0.198824912309647,0.222786262631416,0.204661503434181,0.204126521945,0.2191132158041,0.261252552270889,0.142813265323639,0.110462442040443,0,0,0,0.237986728549004,0.200375288724899,0.313802361488342,0.378263115882874,0.28784903883934,0.295640468597412,0.401079386472702,0.357052028179169,0.205612912774086,0.240956351161003,0.3915975689888,0.502270638942719,0.504625558853149,0.544555604457855,0.553945302963257,0.480347454547882,0.373512268066406,0.520830810070038,0.474428445100784,0.47089147567749,0.299709767103195,0.355127662420273,0.338502645492554,0.251468747854233,0.375443428754807,0.469921052455902,0.600428938865662,0.676911592483521,0.625198364257813,0.65682590007782,0.574501931667328,0.581564605236053,0.494654327630997,0.488580137491226,0.291660696268082,0.193097919225693,0,0.395748764276505,0.558943390846252,0.690354824066162,0.791914582252502,0.648649513721466,0.662449717521667,0.678310573101044,0.521570146083832,0.273030936717987,0,0,0.276589095592499,0.449670970439911,0.637923955917358,0.745843291282654,0.766371011734009,0.873550057411194,0.794217526912689,0.793772518634796,0.754536628723145,0.786786437034607,0.449410885572433,0.424813687801361,0.606672644615173,0.606704652309418,0.0931177288293839,0,0,0.493818402290344,0.658038556575775,0.808210670948029,0.689614593982697,0.763148307800293,0.830028891563416,0.400090992450714,0.120912797749043,0,0,0.424808323383331,0.709914147853851,0.763176739215851,0.854182839393616,0.670364201068878,0.621343374252319,0.619428992271423,0.727961182594299,0.584004342556,0,0,0,0,0.298757463693619,0.475843369960785,0,0,0,0,0,0,0,0,0,0,0,0,0,0,0,0,0,0,0,0,0,0,0,0.0380215048789978,0,0,0,0,0,0,0,0,0,0,0,0,0,0,0,0,0,0,0,0,0,0,0,0,0,0,0,0,0,0,0,0,0,0,0,0,0,0,0,0,0,0,0,0,0,0,0,0,0,0,0,0,0,0,0,0,0,233
Fürstenfeldbruck,0,0,0,0,0,0,0,0,0,0,0,0,0,0,0,0,0,0,0,0,0,0,0,0,0,0,0,0,0,0,0,0,0,0,0,0,0,0,0,0,0,0,0,0,0,0,0,0,0,0,0,0,0,0,0,0,0,0,0,0,0,0,0,0,0,0,0,0,0,0,0,0,0,0,0,0,0,0,0,0,0,0,0,0,0,0,0,0,0,0,0,0,0,0,0,0,0,0,0,0,0,0,0,0,0,0,0,0,0,0,0,0,0,0,0,0,0,0,0,0,0,0,0,0,0,0,0,0,0,0,0,0,0,0,0,0,0,0,0,0,0,0,0,0,0,0,0,0,0,0,0,0,0,0,0,0,0,0,0,0,0,0,0,0,0,0,0.0124978739768267,0.0131476679816842,0,0,0,0.0256176479160786,0.0354216992855072,0,0,0,0.0216089282184839,0.0466501377522945,0.0281170513480902,0,0.0377638712525368,0.0709060728549957,0.0916036665439606,0.115948654711246,0.122833199799061,0.115482836961746,0.11563204228878,0.120518550276756,0.156027108430862,0.0771147534251213,0.00832443125545979,0,0,0,0.136296674609184,0.136829301714897,0.210061803460121,0.244989767670631,0.195812523365021,0.183963477611542,0.257288813591003,0.228741943836212,0.135223522782326,0.183441802859306,0.261779993772507,0.336435437202454,0.336985677480698,0.368164569139481,0.383226424455643,0.313594669103622,0.243633314967155,0.354179084300995,0.315798133611679,0.305732637643814,0.182635858654976,0.209536105394363,0.209723874926567,0.0512063018977642,0.243994608521461,0.328217476606369,0.412468075752258,0.462751090526581,0.445232212543488,0.443771034479141,0.386637091636658,0.374296516180038,0.334865152835846,0.344878107309341,0.210382327437401,0.0408161990344524,0,0.239218354225159,0.388239860534668,0.472622454166412,0.54142701625824,0.419523447751999,0.442421913146973,0.453551918268204,0.326435804367065,0.0646805539727211,0,0,0.171926155686378,0.255909085273743,0.42176216840744,0.501392900943756,0.513793468475342,0.571056544780731,0.539348602294922,0.554730415344238,0.51504647731781,0.51896333694458,0.253098547458649,0.275247097015381,0.37206569314003,0.367806613445282,0,0,0,0.346871584653854,0.44437700510025,0.556796491146088,0.461406707763672,0.520755887031555,0.554562211036682,0.247208848595619,0.0230964422225952,0,0,0.344174146652222,0.505898356437683,0.513112485408783,0.578519821166992,0.466994613409042,0.431016594171524,0.442087918519974,0.537119388580322,0.354541033506393,0,0,0,0,0.282286494970322,0.32531327009201,0,0,0,0,0,0,0,0,0,0,0,0,0,0,0,0,0,0,0,0,0,0,0,0.0213761441409588,0,0,0,0,0,0,0,0,0,0,0,0,0,0,0,0,0,0,0,0,0,0,0,0,0,0,0,0,0,0,0,0,0,0,0,0,0,0,0,0,0,0,0,0,0,0,0,0,0,0,0,0,0,0,0,0,0,234
Garmisch-Partenkirchen,0,0,0,0,0,0,0,0,0,0,0,0,0,0,0,0,0,0,0,0,0,0,0,0,0,0,0,0,0,0,0,0,0,0,0,0,0,0,0,0,0,0,0,0,0,0,0,0,0,0,0,0,0,0,0,0,0,0,0,0,0,0,0,0,0,0,0,0,0,0,0,0,0,0,0,0,0,0,0,0,0,0,0,0,0,0,0,0,0,0,0,0,0,0,0,0,0,0,0,0,0,0,0,0,0,0,0,0,0,0,0,0,0,0,0,0,0,0,0,0,0,0,0,0,0,0,0,0,0,0,0,0,0,0,0,0,0,0,0,0,0,0,0,0,0,0,0,0,0,0,0,0,0,0,0,0,0,0,0,0,0,0,0,0,0,0,0,0,0,0,0,0.00721608847379684,0.0111160110682249,0,0,0,0,0.0110001061111689,0,0,0.0032361438497901,0.0295149758458138,0.0467430725693703,0.0589497722685337,0.0578188039362431,0.0542997531592846,0.0474137850105762,0.050855465233326,0.0760271325707436,0,0,0,0,0,0.0649405121803284,0.0691760331392288,0.128759041428566,0.151028767228127,0.130602285265923,0.111338675022125,0.155102714896202,0.120412439107895,0.0293315481394529,0.0983668491244316,0.166776284575462,0.218589037656784,0.218783333897591,0.245823055505753,0.26606810092926,0.209254533052444,0.125946536660194,0.2160335034132,0.192594617605209,0.171824157238007,0,0,0.0201867632567883,0,0.0295823812484741,0.173106849193573,0.265927523374557,0.304114371538162,0.313256353139877,0.299810409545898,0.249102011322975,0.207356289029121,0.165354773402214,0.235850632190704,0.030998520553112,0,0,0.0224384199827909,0.213200941681862,0.281621187925339,0.326674908399582,0.209818258881569,0.218884721398354,0.276893734931946,0.145253598690033,0,0,0,0,0,0.239844605326653,0.309622466564178,0.320468217134476,0.404665946960449,0.340894758701324,0.361077100038528,0.330549776554108,0.312431752681732,0.000345965643646196,0.0925042629241943,0.237276643514633,0.144581034779549,0,0,0,0.112763062119484,0.226156577467918,0.328836262226105,0.243718013167381,0.293388605117798,0.325261563062668,0.000391022418625653,0,0,0,0.186135917901993,0.289481908082962,0.293378889560699,0.326494455337524,0.270003199577332,0.240619748830795,0.251473605632782,0.31506535410881,0.191595464944839,0,0,0,0,0,0.0381929874420166,0,0,0,0,0,0,0,0,0,0,0,0,0,0,0,0,0,0,0,0,0,0,0,0,0,0,0,0,0,0,0,0,0,0,0,0,0,0,0,0,0,0,0,0,0,0,0,0,0,0,0,0,0,0,0,0,0,0,0,0,0,0,0,0,0,0,0,0,0,0,0,0,0,0,0,0,0,0,0,0,0,235
Landsberg am Lech,0,0,0,0,0,0,0,0,0,0,0,0,0,0,0,0,0,0,0,0,0,0,0,0,0,0,0,0,0,0,0,0,0,0,0,0,0,0,0,0,0,0,0,0,0,0,0,0,0,0,0,0,0,0,0,0,0,0,0,0,0,0,0,0,0,0,0,0,0,0,0,0,0,0,0,0,0,0,0,0,0,0,0,0,0,0,0,0,0,0,0,0,0,0,0,0,0,0,0,0,0,0,0,0,0,0,0,0,0,0,0,0,0,0,0,0,0,0,0,0,0,0,0,0,0,0,0,0,0,0,0,0,0,0,0,0,0,0,0,0,0,0,0,0,0,0,0,0,0,0,0,0,0,0,0,0,0,0,0,0,0,0,0,0,0,0,0.00127152143977582,0.00519590405747294,0,0,0,0.0186934228986502,0.0250047706067562,0,0,0,0.00866997521370649,0.0343450307846069,0.018245879560709,0,0.0278097819536924,0.056822843849659,0.0758048072457314,0.0941807255148888,0.100333824753761,0.0939844846725464,0.0908256098628044,0.0943777412176132,0.128288701176643,0.0362040661275387,0,0,0,0,0.111024536192417,0.119533181190491,0.186144575476646,0.212040960788727,0.17184990644455,0.158325135707855,0.220984324812889,0.19145730137825,0.113511919975281,0.160929828882217,0.232854321599007,0.298025816679001,0.295528650283813,0.326097100973129,0.343239039182663,0.270749866962433,0.211375281214714,0.307265758514404,0.274914801120758,0.263279318809509,0.118940889835358,0.149172499775887,0.15925045311451,0,0.196631774306297,0.28187558054924,0.360289365053177,0.405131071805954,0.397827655076981,0.39085853099823,0.340017765760422,0.31677383184433,0.277769386768341,0.3027104139328,0.177233383059502,0,0,0.183220967650414,0.326776027679443,0.402316898107529,0.463651120662689,0.341189295053482,0.36871537566185,0.385980725288391,0.258924961090088,0.00667085172608495,0,0,0.0728358030319214,0.179475635290146,0.352464199066162,0.424241840839386,0.438526600599289,0.486934781074524,0.457555174827576,0.476866513490677,0.439492374658585,0.42892724275589,0.15652571618557,0.220561519265175,0.299177646636963,0.279875069856644,0,0,0,0.280487328767776,0.371350318193436,0.464259684085846,0.379533916711807,0.430924981832504,0.456982582807541,0.181130483746529,0,0,0,0.297829866409302,0.41865611076355,0.420703798532486,0.473279565572739,0.3890520632267,0.366195231676102,0.369745880365372,0.453275442123413,0.272515267133713,0,0,0,0,0.220558270812035,0.257648319005966,0,0,0,0,0,0,0,0,0,0,0,0,0,0,0,0,0,0,0,0,0,0,0,0,0,0,0,0,0,0,0,0,0,0,0,0,0,0,0,0,0,0,0,0,0,0,0,0,0,0,0,0,0,0,0,0,0,0,0,0,0,0,0,0,0,0,0,0,0,0,0,0,0,0,0,0,0,0,0,0,0,236
Miesbach,0,0,0,0,0,0,0,0,0,0,0,0,0,0,0,0,0,0,0,0,0,0,0,0,0,0,0,0,0,0,0,0,0,0,0,0,0,0,0,0,0,0,0,0,0,0,0,0,0,0,0,0,0,0,0,0,0,0,0,0,0,0,0,0,0,0,0,0,0,0,0,0,0,0,0,0,0,0,0,0,0,0,0,0,0,0,0,0,0,0,0,0,0,0,0,0,0,0,0,0,0,0,0,0,0,0,0,0,0,0,0,0,0,0,0,0,0,0,0,0,0,0,0,0,0,0,0,0,0,0,0,0,0,0,0,0,0,0,0,0,0,0,0,0,0,0,0,0,0,0,0,0,0,0,0,0,0,0,0,0,0,0,0,0,0,0,0.00120967708062381,0.00114085688255727,0,0,0,0.0141751132905483,0.0212125033140182,0.00709953857585788,0,0,0.00207122159190476,0.0253486223518848,0.00580900581553578,0,0.00852756015956402,0.0459563992917538,0.0641034245491028,0.0796108245849609,0.0826593488454819,0.0795543491840363,0.077294647693634,0.0803366228938103,0.106955453753471,0.0481861755251884,0,0,0,0,0.106951095163822,0.10481546074152,0.152825862169266,0.185279875993729,0.164640232920647,0.140239536762238,0.194819912314415,0.164665713906288,0.0988131985068321,0.124266564846039,0.19054651260376,0.258561253547668,0.251564621925354,0.279441058635712,0.29479244351387,0.251659393310547,0.171246707439423,0.26129561662674,0.237525030970573,0.200252562761307,0.0466511212289333,0.0384262688457966,0.0513114482164383,0,0.128916010260582,0.229504644870758,0.307692438364029,0.345147520303726,0.350369393825531,0.318477213382721,0.287432610988617,0.273482084274292,0.238373920321465,0.267853200435638,0.155013591051102,0,0,0.0611907243728638,0.264111369848251,0.340430855751038,0.367977261543274,0.303254872560501,0.279511004686356,0.324535399675369,0.236098453402519,0,0,0,0.0188792403787374,0.0541239269077778,0.287217199802399,0.36457172036171,0.364539682865143,0.432707995176315,0.384874284267426,0.408828228712082,0.385213762521744,0.371184408664703,0.126813009381294,0.155241832137108,0.299301564693451,0.25415500998497,0,0,0,0.22767947614193,0.290641397237778,0.385635733604431,0.317352473735809,0.350575655698776,0.394688993692398,0.113731525838375,0,0,0,0.211932763457298,0.348780930042267,0.349610418081284,0.399431318044662,0.325347036123276,0.295490324497223,0.290845066308975,0.35636705160141,0.271451443433762,0,0,0,0,0.039481345564127,0.0979132875800133,0,0,0,0,0,0,0,0,0,0,0,0,0,0,0,0,0,0,0,0,0,0,0,0.0133758476004004,0,0,0,0,0,0,0,0,0,0,0,0,0,0,0,0,0,0,0,0,0,0,0,0,0,0,0,0,0,0,0,0,0,0,0,0,0,0,0,0,0,0,0,0,0,0,0,0,0,0,0,0,0,0,0,0,0,237
Mühldorf a.Inn,0,0,0,0,0,0,0,0,0,0,0,0,0,0,0,0,0,0,0,0,0,0,0,0,0,0,0,0,0,0,0,0,0,0,0,0,0,0,0,0,0,0,0,0,0,0,0,0,0,0,0,0,0,0,0,0,0,0,0,0,0,0,0,0,0,0,0,0,0,0,0,0,0,0,0,0,0,0,0,0,0,0,0,0,0,0,0,0,0,0,0,0,0,0,0,0,0,0,0,0,0,0,0,0,0,0,0,0,0,0,0,0,0,0,0,0,0,0,0,0,0,0,0,0,0,0,0,0,0,0,0,0,0,0,0,0,0,0,0,0,0,0,0,0,0,0,0,0,0,0,0,0,0,0,0,0,0,0,0,0,0,0,0,0,0,0,0.0160722695291042,0.0121627449989319,0,0,0.0142257623374462,0.029301144182682,0.0417692624032497,0.0331833027303219,0,0,0.0207428354769945,0.0543818809092045,0.0357731990516186,0,0.0478254221379757,0.0829696878790855,0.102015614509583,0.120937317609787,0.132706627249718,0.128219664096832,0.125441953539848,0.1289222240448,0.164831876754761,0.0965217798948288,0.0950001105666161,0,0,0,0.165909454226494,0.139717221260071,0.200693890452385,0.239636331796646,0.20370626449585,0.189769208431244,0.25119960308075,0.236981943249702,0.138589113950729,0.167249232530594,0.247811689972878,0.317750334739685,0.317576438188553,0.344502657651901,0.354667723178864,0.309696555137634,0.237866565585136,0.336218893527985,0.295464545488358,0.271640717983246,0.197274953126907,0.194971889257431,0.222813040018082,0.104315601289272,0.219023644924164,0.303597033023834,0.382040947675705,0.427929848432541,0.394344866275787,0.397789806127548,0.358351498842239,0.3660908639431,0.332088559865952,0.332718402147293,0.218515142798424,0.0190125610679388,0,0.23159559071064,0.347517520189285,0.427138775587082,0.484986931085587,0.392621338367462,0.378383934497833,0.408953487873077,0.339767605066299,0.156061410903931,0,0,0.181843370199203,0.250615626573563,0.38674795627594,0.456414103507996,0.482269614934921,0.555579781532288,0.486093401908875,0.508308231830597,0.490805804729462,0.489088326692581,0.215482980012894,0.277050077915192,0.396771728992462,0.376828521490097,0.160108581185341,0,0,0.312659800052643,0.400925070047379,0.500351786613464,0.427040040493011,0.47317236661911,0.523985981941223,0.228054732084274,0.125884041190147,0,0,0.243862420320511,0.440897434949875,0.464234948158264,0.537224531173706,0.437371611595154,0.399484723806381,0.372106641530991,0.445056706666946,0.390682250261307,0,0,0,0,0.00600732723250985,0.26434189081192,0,0,0,0,0,0,0,0,0,0,0,0,0,0,0,0,0,0,0,0,0,0,0,0.047347828745842,0,0,0,0,0,0,0,0,0,0,0,0,0,0,0,0,0,0,0,0,0,0,0,0,0,0,0,0,0,0,0,0,0,0,0,0,0,0,0,0,0,0,0,0,0,0,0,0,0,0,0,0,0,0,0,0,0,238
München,0,0,0,0,0,0,0,0,0,0,0,0,0,0,0,0,0,0,0,0,0,0,0,0,0,0,0,0,0,0,0,0,0,0,0,0,0,0,0,0,0,0,0,0,0,0,0,0,0,0,0,0,0,0,0,0,0,0,0,0,0,0,0,0,0,0,0,0,0,0,0,0,0,0,0,0,0,0,0,0,0,0,0,0,0,0,0,0,0,0,0,0,0,0,0,0,0,0,0,0,0,0,0,0,0,0,0,0,0,0,0,0,0,0,0,0,0,0,0,0,0,0,0,0,0,0,0,0,0,0,0,0,0,0,0.00418293662369251,0,0,0,0,0,0,0,0,0,0,0,0,0,0,0,0,0,0,0,0,0,0,0,0,0,0,0,0,0,0,0,0.0184310898184776,0.0168265048414469,0,0,0,0.0362889468669891,0.0507279634475708,0.0143063301220536,0,0,0.030249135568738,0.0633076801896095,0.041292916983366,0,0.0508989542722702,0.0946453511714935,0.12064915150404,0.151407122612,0.161556452512741,0.152230352163315,0.151829406619072,0.158198982477188,0.202495500445366,0.0932878702878952,0.0646591931581497,0,0,0,0.192144051194191,0.176290199160576,0.264097660779953,0.313988596200943,0.259222984313965,0.237372130155563,0.331745624542236,0.298589617013931,0.179118260741234,0.217765122652054,0.326207041740417,0.42721164226532,0.424473077058792,0.464173167943954,0.480600237846375,0.402259260416031,0.299804449081421,0.442578762769699,0.390587896108627,0.370139181613922,0.229306280612946,0.261978685855865,0.288080871105194,0.0517801493406296,0.293482631444931,0.412992805242538,0.520139873027802,0.580228567123413,0.565987110137939,0.553544700145721,0.484181731939316,0.476589053869247,0.430312842130661,0.439429879188538,0.284282565116882,0.13857264816761,0,0.311943799257278,0.48663055896759,0.592637538909912,0.669452250003815,0.527535200119019,0.529466152191162,0.573192834854126,0.421363949775696,0.14693246781826,0,0,0.20241966843605,0.301745176315308,0.531369030475616,0.63304078578949,0.656571626663208,0.736180424690247,0.668529152870178,0.704120099544525,0.656299710273743,0.649060249328613,0.288486361503601,0.337813973426819,0.501989185810089,0.476150691509247,0,0,0,0.43274912238121,0.546209394931793,0.697990953922272,0.577155411243439,0.648736894130707,0.705799221992493,0.247144803404808,0.095003753900528,0,0,0.407421767711639,0.629556477069855,0.645546972751617,0.73000156879425,0.600171148777008,0.538798034191132,0.540035724639893,0.65317291021347,0.483588457107544,0,0,0,0,0.299227833747864,0.382769614458084,0,0,0,0,0,0,0,0,0,0,0,0,0,0,0,0,0,0,0,0,0,0,0,0.135955899953842,0,0,0,0,0,0,0,0,0,0,0,0,0,0,0,0,0,0,0,0,0,0,0,0,0,0,0,0,0,0,0,0,0,0,0,0,0,0,0,0,0,0,0,0,0,0,0,0,0,0,0,0,0,0,0,0,0,239
Neuburg-Schrobenhausen,0,0,0,0,0,0,0,0,0,0,0,0,0,0,0,0,0,0,0,0,0,0,0,0,0,0,0,0,0,0,0,0,0,0,0,0,0,0,0,0,0,0,0,0,0,0,0,0,0,0,0,0,0,0,0,0,0,0,0,0,0,0,0,0,0,0,0,0,0,0,0,0,0,0,0,0,0,0,0,0,0,0,0,0,0,0,0,0,0,0,0,0,0,0,0,0,0,0,0,0,0,0,0,0,0,0,0,0,0,0,0,0,0,0,0,0,0,0,0,0,0,0,0,0,0,0,0,0,0,0,0,0,0,0,0,0,0,0,0,0,0,0,0,0,0,0,0,0,0,0,0,0,0,0,0,0,0,0,0,0,0,0,0,0,0,0,0.012218895368278,0.0119506642222404,0.011313053779304,0,0.0158502347767353,0.0355958789587021,0.0481522604823112,0.0158393140882254,0,0,0.0275832768529654,0.063689649105072,0.045406486839056,0,0.0613759122788906,0.103648975491524,0.12480092048645,0.153761565685272,0.171741560101509,0.153547629714012,0.15377701818943,0.171837568283081,0.198998048901558,0.111238315701485,0.0722810849547386,0,0,0,0.180316582322121,0.160238489508629,0.24688333272934,0.280066877603531,0.197506681084633,0.228424236178398,0.299328416585922,0.271456688642502,0.161956191062927,0.205678880214691,0.307099640369415,0.37569335103035,0.371980607509613,0.403784215450287,0.415154576301575,0.35307389497757,0.297898352146149,0.396435528993607,0.360384285449982,0.370382934808731,0.218573734164238,0.245443254709244,0.228919178247452,0.19966159760952,0.300878971815109,0.347805231809616,0.442269414663315,0.509353816509247,0.458810210227966,0.481029719114304,0.432841509580612,0.422636330127716,0.349133253097534,0.355588793754578,0.22163225710392,0.200922980904579,0,0.297577828168869,0.433157593011856,0.52802973985672,0.589564323425293,0.47461199760437,0.502949416637421,0.501707494258881,0.392026335000992,0.216420069336891,0,0,0.193588048219681,0.360046058893204,0.472001105546951,0.525612831115723,0.557221055030823,0.635496139526367,0.588518261909485,0.579655945301056,0.547512590885162,0.554257452487946,0.357510030269623,0.327969431877136,0.418281495571136,0.448585450649261,0.111762307584286,0,0,0.396982282400131,0.529643416404724,0.581002712249756,0.525946199893951,0.570736110210419,0.600326061248779,0.311081349849701,0,0,0,0.369857519865036,0.521715223789215,0.567546188831329,0.632804274559021,0.502362310886383,0.496533334255219,0.501694738864899,0.57917994260788,0.396432250738144,0,0,0,0,0.254404157400131,0.34708109498024,0,0,0,0,0,0,0,0,0,0,0,0,0,0,0,0,0,0,0,0,0,0,0,0.0408830381929874,0,0,0,0,0,0,0,0,0,0,0,0,0,0,0,0,0,0,0,0,0,0,0,0,0,0,0,0,0,0,0,0,0,0,0,0,0,0,0,0,0,0,0,0,0,0,0,0,0,0,0,0,0,0,0,0,0,240
Pfaffenhofen a.d.Ilm,0,0,0,0,0,0,0,0,0,0,0,0,0,0,0,0,0,0,0,0,0,0,0,0,0,0,0,0,0,0,0,0,0,0,0,0,0,0,0,0,0,0,0,0,0,0,0,0,0,0,0,0,0,0,0,0,0,0,0,0,0,0,0,0,0,0,0,0,0,0,0,0,0,0,0,0,0,0,0,0,0,0,0,0,0,0,0,0,0,0,0,0,0,0,0,0,0,0,0,0,0,0,0,0,0,0,0,0,0,0,0,0,0,0,0,0,0,0,0,0,0,0,0,0,0,0,0,0,0,0,0,0,0,0,0,0,0,0,0,0,0,0,0,0,0,0,0,0,0,0,0,0,0,0,0,0,0,0,0,0,0,0,0,0,0,0,0.0196350682526827,0.0176770966500044,0.0115268332883716,0,0.0139823611825705,0.0396797992289066,0.0532643087208271,0.028148764744401,0,0,0.0380594171583652,0.0700575336813927,0.0509171634912491,0,0.0617952942848206,0.10806193202734,0.130929052829742,0.15997876226902,0.178754255175591,0.161212563514709,0.161806002259254,0.177234247326851,0.206743076443672,0.115485265851021,0.0898246988654137,0,0,0,0.188397452235222,0.160759091377258,0.248650729656219,0.289252698421478,0.212105110287666,0.233226254582405,0.308390110731125,0.276511818170547,0.160315781831741,0.194486036896706,0.310807049274445,0.384293049573898,0.384326249361038,0.413088619709015,0.421970099210739,0.367010444402695,0.300357431173325,0.403607189655304,0.365506440401077,0.375089824199677,0.22484564781189,0.267240256071091,0.246775656938553,0.203385218977928,0.299709558486938,0.35542893409729,0.455677896738052,0.51970237493515,0.468356817960739,0.491076618432999,0.442767590284348,0.440390855073929,0.366396456956863,0.366539865732193,0.227065369486809,0.191705450415611,0,0.314092695713043,0.436427116394043,0.538558721542358,0.606255948543549,0.499317288398743,0.517332673072815,0.524299025535583,0.403234779834747,0.225958645343781,0,0,0.201362013816833,0.362220704555511,0.489784926176071,0.560259819030762,0.578263938426971,0.663912653923035,0.608050227165222,0.602457225322723,0.569144606590271,0.588492870330811,0.369106501340866,0.346282988786697,0.455836087465286,0.467609763145447,0.133582428097725,0,0,0.39832666516304,0.533164143562317,0.616266787052155,0.538261353969574,0.593153178691864,0.635769009590149,0.321483165025711,0,0,0,0.362422108650208,0.546475112438202,0.59141206741333,0.662814378738403,0.521004855632782,0.505990028381348,0.510016858577728,0.584249794483185,0.438654601573944,0,0,0,0,0.233682706952095,0.363688200712204,0,0,0,0,0,0,0,0,0,0,0,0,0,0,0,0,0,0,0,0,0,0,0,0.0666672363877296,0,0,0,0,0,0,0,0,0,0,0,0,0,0,0,0,0,0,0,0,0,0,0,0,0,0,0,0,0,0,0,0,0,0,0,0,0,0,0,0,0,0,0,0,0,0,0,0,0,0,0,0,0,0,0,0,0,241
Rosenheim,0,0,0,0,0,0,0,0,0,0,0,0,0,0,0,0,0,0,0,0,0,0,0,0,0,0,0,0,0,0,0,0,0,0,0,0,0,0,0,0,0,0,0,0,0,0,0,0,0,0,0,0,0,0,0,0,0,0,0,0,0,0,0,0,0,0,0,0,0,0,0,0,0,0,0,0,0,0,0,0,0,0,0,0,0,0,0,0,0,0,0,0,0,0,0,0,0,0,0,0,0,0,0,0,0,0,0,0,0,0,0,0,0,0,0,0,0,0,0,0,0,0,0,0,0,0,0,0,0,0,0,0,0,0,0,0,0,0,0,0,0,0,0,0,0,0,0,0,0,0,0,0,0,0,0,0,0,0,0,0,0,0,0,0,0,0,0.00881664641201496,0.00751419551670551,0,0,0.00682777725160122,0.0191982127726078,0.0272600501775742,0.0190895721316338,0,0,0.0116617009043694,0.0334923043847084,0.0203288290649652,0,0.0259346906095743,0.0535263121128082,0.0688788071274757,0.0831351056694984,0.0876176506280899,0.0862433016300201,0.0855715647339821,0.0884773582220078,0.112710662186146,0.0631612837314606,0.0413470044732094,0,0,0,0.115060068666935,0.110162943601608,0.148685902357101,0.176250129938126,0.158713266253471,0.138560280203819,0.185126394033432,0.172400549054146,0.11246170848608,0.126359075307846,0.182552143931389,0.235848739743233,0.230637431144714,0.258257120847702,0.273484766483307,0.237249583005905,0.174549534916878,0.24883770942688,0.218349307775497,0.195720762014389,0.132740557193756,0.103975184261799,0.13425125181675,0.0332043655216694,0.151377603411674,0.224607393145561,0.287075161933899,0.318766564130783,0.311443686485291,0.289295017719269,0.267746269702911,0.266255348920822,0.239580437541008,0.255774796009064,0.16637159883976,0.0164526384323835,0,0.151096433401108,0.254838049411774,0.316574513912201,0.352581441402435,0.288093119859695,0.268182247877121,0.302005767822266,0.247134923934937,0.0770795196294785,0,0,0.113436728715897,0.151818752288818,0.2770174741745,0.34325322508812,0.351458489894867,0.406627267599106,0.360442012548447,0.379816025495529,0.369199424982071,0.361139744520187,0.136684894561768,0.184257760643959,0.293973565101624,0.267657458782196,0.0628249570727348,0,0,0.237902954220772,0.291042298078537,0.368618875741959,0.315250247716904,0.34609580039978,0.383809477090836,0.14572848379612,0,0,0,0.198059529066086,0.331727743148804,0.34245029091835,0.390428155660629,0.320677220821381,0.285926669836044,0.280967742204666,0.339931428432465,0.27776101231575,0,0,0,0,0.0210836548358202,0.173967644572258,0,0,0,0,0,0,0,0,0,0,0,0,0,0,0,0,0,0,0,0,0,0,0,0.0808374136686325,0,0,0,0,0,0,0,0,0,0,0,0,0,0,0,0,0,0,0,0,0,0,0,0,0,0,0,0,0,0,0,0,0,0,0,0,0,0,0,0,0,0,0,0,0,0,0,0,0,0,0,0,0,0,0,0,0,242
Starnberg,0,0,0,0,0,0,0,0,0,0,0,0,0,0,0,0,0,0,0,0,0,0,0,0,0,0,0,0,0,0,0,0,0,0,0,0,0,0,0,0,0,0,0,0,0,0,0,0,0,0,0,0,0,0,0,0,0,0,0,0,0,0,0,0,0,0,0,0,0,0,0,0,0,0,0,0,0,0,0,0,0,0,0,0,0,0,0,0,0,0,0,0,0,0,0,0,0,0,0,0,0,0,0,0,0,0,0,0,0,0,0,0,0,0,0,0,0,0,0,0,0,0,0,0,0,0,0,0,0,0,0,0,0,0,2.78578409051988e-05,0,0,0,0,0,0,0,0,0,0,0,0,0,0,0,0,0,0,0,0,0,0,0,0,0,0,0,0,0,0,0,0.00614269776269794,0.00963792018592358,0,0,0,0.0233580097556114,0.0323446914553642,0,0,0,0.0163174793124199,0.0416804179549217,0.024812513962388,0,0.0346901752054691,0.0664581209421158,0.0884010046720505,0.111130908131599,0.116337038576603,0.111697658896446,0.108853057026863,0.111219838261604,0.150398775935173,0.0373462848365307,0.000269320385996252,0,0,0,0.134580984711647,0.139164701104164,0.212765663862228,0.244509786367416,0.202845200896263,0.183397322893143,0.25807774066925,0.227607935667038,0.137562677264214,0.181990176439285,0.26229926943779,0.342717796564102,0.340800225734711,0.374806761741638,0.392662644386292,0.317283779382706,0.237952411174774,0.353364050388336,0.31291863322258,0.297203034162521,0.160384491086006,0.184123992919922,0.210236996412277,0,0.230700001120567,0.32843279838562,0.416752070188522,0.468939512968063,0.461286425590515,0.45016747713089,0.38935723900795,0.371757060289383,0.33948028087616,0.36016783118248,0.221572577953339,0.0383117236196995,0,0.227206721901894,0.386623710393906,0.473288953304291,0.538517951965332,0.401997059583664,0.421716928482056,0.457338839769363,0.316269338130951,0.000600135186687112,0,0,0.0907368287444115,0.216155752539635,0.416755944490433,0.496858537197113,0.520628929138184,0.585095524787903,0.542404413223267,0.567991614341736,0.525988519191742,0.51225870847702,0.205181926488876,0.265893131494522,0.380951970815659,0.354796230792999,0,0,0,0.343806207180023,0.436364769935608,0.561248421669006,0.458367347717285,0.514742016792297,0.556365489959717,0.20420129597187,0.000645950436592102,0,0,0.342557907104492,0.507648825645447,0.510485768318176,0.579512894153595,0.480320423841476,0.437770396471024,0.440318256616592,0.540557563304901,0.358857870101929,0,0,0,0,0.259925812482834,0.310511320829391,0,0,0,0,0,0,0,0,0,0,0,0,0,0,0,0,0,0,0,0,0,0,0,0.0377385653555393,0,0,0,0,0,0,0,0,0,0,0,0,0,0,0,0,0,0,0,0,0,0,0,0,0,0,0,0,0,0,0,0,0,0,0,0,0,0,0,0,0,0,0,0,0,0,0,0,0,0,0,0,0,0,0,0,0,243
Traunstein,0,0,0,0,0,0,0,0,0,0,0,0,0,0,0,0,0,0,0,0,0,0,0,0,0,0,0,0,0,0,0,0,0,0,0,0,0,0,0,0,0,0,0,0,0,0,0,0,0,0,0,0,0,0,0,0,0,0,0,0,0,0,0,0,0,0,0,0,0,0,0,0,0,0,0,0,0,0,0,0,0,0,0,0,0,0,0,0,0,0,0,0,0,0,0,0,0,0,0,0,0,0,0,0,0,0,0,0,0,0,0,0,0,0,0,0,0,0,0,0,0,0,0,0,0,0,0,0,0,0,0,0,0,0,0,0,0,0,0,0,0,0,0,0,0,0,0,0,0,0,0,0,0,0,0,0,0,0,0,0,0,0,0,0,0,0,0.00882673636078835,0.00319926999509335,0,0,0.00806957669556141,0.0162724014371634,0.0244133789092302,0.0209820810705423,0,0,0.001689821947366,0.0289451479911804,0.0181750655174255,0,0.0240501016378403,0.0462991669774055,0.0590009577572346,0.0714859142899513,0.0743326246738434,0.0742564126849174,0.0741832554340363,0.0742524117231369,0.0969298630952835,0.0598001256585121,0.0509295426309109,0,0,0,0.103431142866611,0.0934550538659096,0.124261826276779,0.151202633976936,0.133637934923172,0.118205182254314,0.156953066587448,0.153125122189522,0.0960642769932747,0.107878603041172,0.156841561198235,0.202486366033554,0.20145919919014,0.223157033324242,0.238954558968544,0.20766469836235,0.158849909901619,0.216700255870819,0.188894107937813,0.168672889471054,0.127905949950218,0.0971109420061111,0.134482771158218,0.0105359079316258,0.132451817393303,0.194179326295853,0.250259041786194,0.280706793069839,0.269527316093445,0.258042454719543,0.237130224704742,0.232134148478508,0.212277039885521,0.225280031561852,0.148375988006592,0.0146643240004778,0,0.132035598158836,0.22695679962635,0.27935329079628,0.318879097700119,0.256368964910507,0.232695639133453,0.265407055616379,0.223147928714752,0.100026741623878,0,0,0.122162096202374,0.141763418912888,0.242606073617935,0.299199283123016,0.31744796037674,0.36491134762764,0.321704983711243,0.340788811445236,0.332234650850296,0.323181003332138,0.123281292617321,0.181468740105629,0.270335465669632,0.25001323223114,0.123800434172153,0,0,0.207491829991341,0.258870482444763,0.332273423671722,0.278431534767151,0.312420517206192,0.349431812763214,0.144505545496941,0.012558133341372,0,0,0.174340978264809,0.299980461597443,0.31283763051033,0.356408536434174,0.306391805410385,0.249494686722755,0.248965173959732,0.305323481559753,0.266403704881668,0,0,0,0,0,0.163150578737259,0,0,0,0,0,0,0,0,0,0,0,0,0,0,0,0,0,0,0,0,0,0,0,0.084523618221283,0,0,0,0,0,0,0,0,0,0,0,0,0,0,0,0,0,0,0,0,0,0,0,0,0,0,0,0,0,0,0,0,0,0,0,0,0,0,0,0,0,0,0,0,0,0,0,0,0,0,0,0,0,0,0,0,0,244
Weilheim-Schongau,0,0,0,0,0,0,0,0,0,0,0,0,0,0,0,0,0,0,0,0,0,0,0,0,0,0,0,0,0,0,0,0,0,0,0,0,0,0,0,0,0,0,0,0,0,0,0,0,0,0,0,0,0,0,0,0,0,0,0,0,0,0,0,0,0,0,0,0,0,0,0,0,0,0,0,0,0,0,0,0,0,0,0,0,0,0,0,0,0,0,0,0,0,0,0,0,0,0,0,0,0,0,0,0,0,0,0,0,0,0,0,0,0,0,0,0,0,0,0,0,0,0,0,0,0,0,0,0,0,0,0,0,0,0,0,0,0,0,0,0,0,0,0,0,0,0,0,0,0,0,0,0,0,0,0,0,0,0,0,0,0,0,0,0,0,0,0,0.000191657221876085,0,0,0,0.0135156745091081,0.0186310466378927,0,0,0,0.00035265478072688,0.0247543696314096,0.00586539274081588,0,0.0141079854220152,0.0450736954808235,0.0638953447341919,0.0792775899171829,0.0819791629910469,0.0779291242361069,0.0724083483219147,0.0747611075639725,0.106266729533672,0,0,0,0,0,0.0919725969433784,0.100698910653591,0.164251521229744,0.186591565608978,0.155463352799416,0.137345671653748,0.194428339600563,0.160774439573288,0.0922709479928017,0.132616952061653,0.205069541931152,0.266466319561005,0.264102250337601,0.293584883213043,0.313113451004028,0.243725255131721,0.172961458563805,0.26607209444046,0.234308391809464,0.219532459974289,0.0360965505242348,0.0434637442231178,0.0851516351103783,0,0.13721951842308,0.238139599561691,0.319053292274475,0.362807810306549,0.362387895584106,0.350722104310989,0.299845308065414,0.268133282661438,0.230381920933723,0.275216430425644,0.138104662299156,0,0,0.0927310958504677,0.277407199144363,0.345481246709824,0.398213624954224,0.274202346801758,0.290449649095535,0.336486577987671,0.203057482838631,0,0,0,0,0.0503255650401115,0.299176841974258,0.362879753112793,0.38335856795311,0.446852922439575,0.39813432097435,0.422460615634918,0.386736989021301,0.363802760839462,0.0428646579384804,0.165973141789436,0.26814466714859,0.214472740888596,0,0,0,0.218694433569908,0.2994644343853,0.398033648729324,0.312502861022949,0.361022293567657,0.390142470598221,0.0479268245398998,0,0,0,0.244014009833336,0.352576106786728,0.355620205402374,0.397482216358185,0.332443356513977,0.307592391967773,0.308064192533493,0.381751000881195,0.233092948794365,0,0,0,0,0.0651489123702049,0.177528947591782,0,0,0,0,0,0,0,0,0,0,0,0,0,0,0,0,0,0,0,0,0,0,0,0,0,0,0,0,0,0,0,0,0,0,0,0,0,0,0,0,0,0,0,0,0,0,0,0,0,0,0,0,0,0,0,0,0,0,0,0,0,0,0,0,0,0,0,0,0,0,0,0,0,0,0,0,0,0,0,0,0,245
Landshut,0,0,0,0,0,0,0,0,0,0,0,0,0,0,0,0,0,0,0,0,0,0,0,0,0,0,0,0,0,0,0,0,0,0,0,0,0,0,0,0,0,0,0,0,0,0,0,0,0,0,0,0,0,0,0,0,0,0,0,0,0,0,0,0,0,0,0,0,0,0,0,0,0,0,0,0,0,0,0,0,0,0,0,0,0,0,0,0,0,0,0,0,0,0,0,0,0,0,0,0,0,0,0,0,0,0,0,0,0,0,0,0,0,0,0,0,0,0,0,0,0,0,0,0,0,0,0,0,0,0,0,0,0,0,0,0,0,0,0,0,0,0,0,0,0,0,0,0,0,0,0,0,0,0,0,0,0,0,0,0,0,0,0,0,0,0,0.0204846002161503,0.0165598783642054,0,0,0.0201024152338505,0.0390259362757206,0.0524408705532551,0.035926915705204,0,0,0.0354304611682892,0.070769876241684,0.0450147576630116,0,0.0644898042082787,0.106460548937321,0.128226488828659,0.149066895246506,0.170317068696022,0.153533563017845,0.150223225355148,0.161439627408981,0.19722992181778,0.107584618031979,0.100486375391483,0,0,0,0.190529361367226,0.155097231268883,0.237557932734489,0.275916814804077,0.210533812642097,0.220885768532753,0.296448022127151,0.261268824338913,0.147995948791504,0.192439690232277,0.292743325233459,0.366898566484451,0.370888620615005,0.399519979953766,0.393802732229233,0.353150457143784,0.285715639591217,0.380016565322876,0.336716264486313,0.33549177646637,0.210003256797791,0.258815914392471,0.249824702739716,0.182688593864441,0.267173200845718,0.347874701023102,0.442065268754959,0.502900123596191,0.448628664016724,0.466074049472809,0.418162405490875,0.42233219742775,0.365150153636932,0.351009756326675,0.218944579362869,0.135871723294258,0,0.297311037778854,0.414714336395264,0.506610691547394,0.570893287658691,0.47090619802475,0.47121724486351,0.488738596439362,0.388290733098984,0.197647333145142,0,0,0.195984229445457,0.334044963121414,0.469602853059769,0.538104832172394,0.558038294315338,0.649996519088745,0.575553297996521,0.575555205345154,0.547998070716858,0.570820808410645,0.331828743219376,0.326162040233612,0.472424268722534,0.44181627035141,0.219002574682236,0,0,0.350939601659775,0.494433104991913,0.581451177597046,0.494728773832321,0.56165337562561,0.622572720050812,0.298031657934189,0.177875131368637,0,0,0.322949796915054,0.515097320079803,0.566862046718597,0.638361930847168,0.515637457370758,0.483588337898254,0.466592609882355,0.542142331600189,0.448638588190079,0,0,0,0,0.188096225261688,0.325774163007736,0,0,0,0,0,0,0,0,0,0,0,0,0,0,0,0,0,0,0,0,0,0,0,0,0,0,0,0,0,0,0,0,0,0,0,0,0,0,0,0,0,0,0,0,0,0,0,0,0,0,0,0,0,0,0,0,0,0,0,0,0,0,0,0,0,0,0,0,0,0,0,0,0,0,0,0,0,0,0,0,0,246
Passau,0,0,0,0,0,0,0,0,0,0,0,0,0,0,0,0,0,0,0,0,0,0,0,0,0,0,0,0,0,0,0,0,0,0,0,0,0,0,0,0,0,0,0,0,0,0,0,0,0,0,0,0,0,0,0,0,0,0,0,0,0,0,0,0,0,0,0,0,0,0,0,0,0,0,0,0,0,0,0,0,0,0,0,0,0,0,0,0,0,0,0,0,0,0,0,0,0,0,0,0,0,0,0,0,0,0,0,0,0,0,0,0,0,0,0,0,0,0,0,0,0,0,0,0,0,0,0,0,0,0,0,0,0,0,0,0,0,0,0,0,0,0,0,0,0,0,0,0,0,0,0,0,0,0,0,0,0,0,0,0,0,0,0,0,0,0,0.00738148717209697,0.00481161754578352,0,3.70321795344353e-05,0.00839090812951326,0.0166243370622396,0.0222046207636595,0.0244528613984585,0,0,0.0175462309271097,0.0272694546729326,0.017095934599638,0,0.0256528183817863,0.0461167357861996,0.055386483669281,0.0615296177566051,0.0714517459273338,0.0688584074378014,0.0662086457014084,0.0684792995452881,0.0813683867454529,0.0585343576967716,0.057660911232233,0.0314330533146858,0,0,0.0858394354581833,0.0672282725572586,0.09079310297966,0.110167324542999,0.0875978842377663,0.0962062850594521,0.116470836102962,0.111249983310699,0.06393151730299,0.0788880661129951,0.121190205216408,0.143745139241219,0.15443266928196,0.160636454820633,0.156915470957756,0.140071094036102,0.124531865119934,0.153380692005157,0.141328826546669,0.141865357756615,0.0954122766852379,0.103108048439026,0.0953748896718025,0.0904494524002075,0.110251016914845,0.128421127796173,0.169077530503273,0.19288381934166,0.170620396733284,0.181485801935196,0.178546518087387,0.177041858434677,0.153308600187302,0.140933528542519,0.0951012596487999,0.000228516815695912,0,0.0976325869560242,0.156002089381218,0.20115302503109,0.21541328728199,0.195104509592056,0.185888096690178,0.188728615641594,0.166075453162193,0.0942349657416344,0,0,0.0786680281162262,0.137061759829521,0.172927543520927,0.210863098502159,0.228082776069641,0.261454552412033,0.228912517428398,0.229395881295204,0.222514048218727,0.228046804666519,0.137443870306015,0.14484503865242,0.203045502305031,0.195696994662285,0.16018970310688,0,0,0.129495903849602,0.195140048861504,0.231531247496605,0.199529707431793,0.218959555029869,0.251295536756516,0.150209441781044,0.0967305228114128,0,0,0.0995321571826935,0.184836179018021,0.218641132116318,0.254218906164169,0.213923633098602,0.202006787061691,0.18133544921875,0.198715314269066,0.205516368150711,0,0,0,0,0,0.0995755717158318,0,0,0,0,0,0,0,0,0,0,0,0,0,0,0,0,0,0,0,0,0,0,0,0,0,0,0,0,0,0,0,0,0,0,0,0,0,0,0,0,0,0,0,0,0,0,0,0,0,0,0,0,0,0,0,0,0,0,0,0,0,0,0,0,0,0,0,0,0,0,0,0,0,0,0,0,0,0,0,0,0,247
Straubing,0,0,0,0,0,0,0,0,0,0,0,0,0,0,0,0,0,0,0,0,0,0,0,0,0,0,0,0,0,0,0,0,0,0,0,0,0,0,0,0,0,0,0,0,0,0,0,0,0,0,0,0,0,0,0,0,0,0,0,0,0,0,0,0,0,0,0,0,0,0,0,0,0,0,0,0,0,0,0,0,0,0,0,0,0,0,0,0,0,0,0,0,0,0,0,0,0,0,0,0,0,0,0,0,0,0,0,0,0,0,0,0,0,0,0,0,0,0,0,0,0,0,0,0,0,0,0,0,0,0,0,0,0,0,0,0,0,0,0,0,0,0,0,0,0,0,0,0,0,0,0,0,0,0,0,0,0,0,0,0,0,0,0,0,0,0,0.0262926016002893,0.0175620000809431,0,0,0.0289232209324837,0.0530224032700062,0.0742434412240982,0.0667765364050865,0,0,0.0504950173199177,0.0994417667388916,0.0658530667424202,0,0.095630906522274,0.14928962290287,0.177866131067276,0.205338045954704,0.243357017636299,0.227448001503944,0.208914130926132,0.225064814090729,0.266663074493408,0.169557169079781,0.167563572525978,0,0,0,0.260945945978165,0.219707533717155,0.300471574068069,0.369601517915726,0.273339509963989,0.294437259435654,0.379335433244705,0.378606528043747,0.219535171985626,0.276435703039169,0.38062509894371,0.466247141361237,0.500099182128906,0.530519783496857,0.531334161758423,0.478214770555496,0.402236521244049,0.511755764484406,0.442734599113464,0.475290477275848,0.302532434463501,0.363560289144516,0.326320439577103,0.298416644334793,0.394606500864029,0.443443953990936,0.55934476852417,0.644201338291168,0.565207421779633,0.611710727214813,0.59632009267807,0.578803658485413,0.516390204429626,0.488792300224304,0.297661751508713,0,0,0.391382128000259,0.557282388210297,0.670477092266083,0.759140133857727,0.675589025020599,0.640731334686279,0.661283016204834,0.554662227630615,0.315820038318634,0,0,0.302863210439682,0.503290235996246,0.637885093688965,0.725113034248352,0.759184658527374,0.896523356437683,0.801988422870636,0.793841898441315,0.775543510913849,0.796136081218719,0.522400975227356,0.494196593761444,0.691380143165588,0.669354259967804,0.49586945772171,0,0.229709565639496,0.487793475389481,0.678982496261597,0.795361876487732,0.706172943115234,0.779812812805176,0.886998176574707,0.499864518642426,0.301064848899841,0,0,0.35442116856575,0.696248233318329,0.800837993621826,0.922641456127167,0.748838722705841,0.734898805618286,0.651475250720978,0.722530126571655,0.697852253913879,0,0,0,0,0,0.436584711074829,0,0,0,0,0,0,0,0,0,0,0,0,0,0,0,0,0,0,0,0,0,0,0,0,0,0,0,0,0,0,0,0,0,0,0,0,0,0,0,0,0,0,0,0,0,0,0,0,0,0,0,0,0,0,0,0,0,0,0,0,0,0,0,0,0,0,0,0,0,0,0,0,0,0,0,0,0,0,0,0,0,248
Deggendorf,0,0,0,0,0,0,0,0,0,0,0,0,0,0,0,0,0,0,0,0,0,0,0,0,0,0,0,0,0,0,0,0,0,0,0,0,0,0,0,0,0,0,0,0,0,0,0,0,0,0,0,0,0,0,0,0,0,0,0,0,0,0,0,0,0,0,0,0,0,0,0,0,0,0,0,0,0,0,0,0,0,0,0,0,0,0,0,0,0,0,0,0,0,0,0,0,0,0,0,0,0,0,0,0,0,0,0,0,0,0,0,0,0,0,0,0,0,0,0,0,0,0,0,0,0,0,0,0,0,0,0,0,0,0,0,0,0,0,0,0,0,0,0,0,0,0,0,0,0,0,0,0,0,0,0,0,0,0,0,0,0,0,0,0,0,0,0.0135725568979979,0.00433268118649721,0,0,0.0152960363775492,0.037323921918869,0.0506398677825928,0.0512566268444061,0,0,0.0360655970871449,0.0657183304429054,0.0203835163265467,0,0.0606756582856178,0.112216874957085,0.131986409425735,0.152293995022774,0.180117040872574,0.16874997317791,0.15846785902977,0.165965244174004,0.203435257077217,0.116974048316479,0.137175902724266,0.000376580312149599,0,0,0.210140690207481,0.158373087644577,0.231313049793243,0.279581815004349,0.205896601080894,0.233943432569504,0.296978354454041,0.283079653978348,0.146023720502853,0.199739173054695,0.30937984585762,0.370768219232559,0.393727570772171,0.414671033620834,0.406828373670578,0.363807886838913,0.312421381473541,0.39591982960701,0.350167483091354,0.37095120549202,0.212721571326256,0.25433611869812,0.219235777854919,0.211571365594864,0.275671750307083,0.32579442858696,0.436520755290985,0.497255772352219,0.438012957572937,0.461802333593369,0.464287430047989,0.457390904426575,0.378666460514069,0.356152415275574,0.19831970334053,0,0,0.253851622343063,0.408614099025726,0.515464603900909,0.563212096691132,0.507672131061554,0.488197207450867,0.487343728542328,0.407141923904419,0.169656559824944,0,0,0.149936527013779,0.345430135726929,0.448362976312637,0.532225072383881,0.56911838054657,0.668856084346771,0.587266445159912,0.588594973087311,0.566482126712799,0.579557001590729,0.355147510766983,0.36543595790863,0.514580011367798,0.493369996547699,0.388923466205597,0,0.048942569643259,0.295370548963547,0.482991188764572,0.577973484992981,0.490124583244324,0.551804721355438,0.643004477024078,0.328924179077148,0.0998405963182449,0,0,0.179029062390327,0.468027710914612,0.555443108081818,0.645122289657593,0.528844892978668,0.508686006069183,0.446631640195847,0.506567180156708,0.498939365148544,0,0,0,0,0,0.240818858146667,0,0,0,0,0,0,0,0,0,0,0,0,0,0,0,0,0,0,0,0,0,0,0,0,0,0,0,0,0,0,0,0,0,0,0,0,0,0,0,0,0,0,0,0,0,0,0,0,0,0,0,0,0,0,0,0,0,0,0,0,0,0,0,0,0,0,0,0,0,0,0,0,0,0,0,0,0,0,0,0,0,249
Freyung-Grafenau,0,0,0,0,0,0,0,0,0,0,0,0,0,0,0,0,0,0,0,0,0,0,0,0,0,0,0,0,0,0,0,0,0,0,0,0,0,0,0,0,0,0,0,0,0,0,0,0,0,0,0,0,0,0,0,0,0,0,0,0,0,0,0,0,0,0,0,0,0,0,0,0,0,0,0,0,0,0,0,0,0,0,0,0,0,0,0,0,0,0,0,0,0,0,0,0,0,0,0,0,0,0,0,0,0,0,0,0,0,0,0,0,0,0,0,0,0,0,0,0,0,0,0,0,0,0,0,0,0,0,0,0,0,0,0,0,0,0,0,0,0,0,0,0,0,0,0,0,0,0,0,0,0,0,0,0,0,0,0,0,0,0,0,0,0,0,0,0,0,0,0,0.0097398990765214,0.0143225705251098,0.0156753454357386,0,0,0.000200477850739844,0.0196509994566441,0,0,0.00785254687070847,0.0388958714902401,0.0482627041637897,0.0576325319707394,0.0707081779837608,0.0655908137559891,0.062153983861208,0.0641138553619385,0.0804877206683159,0.0275001917034388,0.0509729720652103,0,0,0,0.0978408455848694,0.0536775328218937,0.0973801985383034,0.122120648622513,0.0842978209257126,0.106163620948792,0.128717303276062,0.11922886967659,0.000845050031784922,0.0682332441210747,0.14418637752533,0.172045692801476,0.182365134358406,0.191689655184746,0.178172990679741,0.161476746201515,0.138020560145378,0.174081549048424,0.159783899784088,0.175427988171577,0.0734748542308807,0.0891202241182327,0.0463316962122917,0.0754278227686882,0.0984703078866005,0.126903191208839,0.198187410831451,0.227069348096848,0.20647469162941,0.210788547992706,0.221103444695473,0.210122525691986,0.155189350247383,0.147316887974739,0.00112397642806172,0,0,0.068969264626503,0.16935059428215,0.236735820770264,0.241531908512115,0.226875722408295,0.217858865857124,0.208664730191231,0.176882043480873,0.00676928414031863,0,0,0,0.116910688579082,0.178414031863213,0.23866181075573,0.262108027935028,0.305803507566452,0.255138218402863,0.261192470788956,0.247363075613976,0.248742699623108,0.12729187309742,0.13865926861763,0.226202622056007,0.215740203857422,0.180458471179008,0,0,0.0611152313649654,0.195375069975853,0.246030196547508,0.192851155996323,0.228956043720245,0.276161193847656,0.120836094021797,0,0,0,0,0.182065069675446,0.222262889146805,0.266405612230301,0.214418083429337,0.181200727820396,0.165696516633034,0.206947416067123,0.208865746855736,0,0,0,0,0,0.0012078108265996,0,0,0,0,0,0,0,0,0,0,0,0,0,0,0,0,0,0,0,0,0,0,0,0,0,0,0,0,0,0,0,0,0,0,0,0,0,0,0,0,0,0,0,0,0,0,0,0,0,0,0,0,0,0,0,0,0,0,0,0,0,0,0,0,0,0,0,0,0,0,0,0,0,0,0,0,0,0,0,0,0,250
Kelheim,0,0,0,0,0,0,0,0,0,0,0,0,0,0,0,0,0,0,0,0,0,0,0,0,0,0,0,0,0,0,0,0,0,0,0,0,0,0,0,0,0,0,0,0,0,0,0,0,0,0,0,0,0,0,0,0,0,0,0,0,0,0,0,0,0,0,0,0,0,0,0,0,0,0,0,0,0,0,0,0,0,0,0,0,0,0,0,0,0,0,0,0,0,0,0,0,0,0,0,0,0,0,0,0,0,0,0,0,0,0,0,0,0,0,0,0,0,0,0,0,0,0,0,0,0,0,0,0,0,0,0,0,0,0,0,0,0,0,0,0,0,0,0,0,0,0,0,0,0,0,0,0,0,0,0,0,0,0,0,0,0,0,0,0,0,0,0.0167819447815418,0.0124505516141653,0.00273049320094287,0,0.0201135780662298,0.042291421443224,0.05436622351408,0.0345324948430061,0,0,0.0376083925366402,0.0721432343125343,0.0436516590416431,0,0.0685217753052711,0.113328740000725,0.136852666735649,0.1601322889328,0.183322429656982,0.161321118474007,0.156745776534081,0.176954060792923,0.205553114414215,0.112059555947781,0.099993497133255,0,0,0,0.194472685456276,0.157298341393471,0.24952107667923,0.285205125808716,0.197838708758354,0.228147238492966,0.30831190943718,0.273168504238129,0.149918764829636,0.197712942957878,0.30378532409668,0.375415027141571,0.381678640842438,0.411045610904694,0.407506078481674,0.360570788383484,0.303069680929184,0.392755389213562,0.340933620929718,0.370708227157593,0.206873327493668,0.265038102865219,0.228689610958099,0.203512713313103,0.288842529058456,0.347681313753128,0.441964268684387,0.504767119884491,0.445830225944519,0.478464692831039,0.440413892269135,0.43420821428299,0.362905442714691,0.356259167194366,0.200562551617622,0.163136690855026,0,0.302082598209381,0.420190542936325,0.513026714324951,0.584928333759308,0.491389960050583,0.50143700838089,0.505858302116394,0.393491208553314,0.208195000886917,0,0,0.17360956966877,0.354253858327866,0.473549067974091,0.545442223548889,0.561315476894379,0.657387137413025,0.585380971431732,0.573599636554718,0.545144498348236,0.566793978214264,0.36430749297142,0.352497071027756,0.464462727308273,0.460601925849915,0.23408704996109,0,0,0.363862842321396,0.508619070053101,0.584139943122864,0.512350142002106,0.562509059906006,0.626500844955444,0.309125036001205,0,0,0,0.32594832777977,0.514837920665741,0.580076038837433,0.644595861434937,0.520092666149139,0.49877193570137,0.49014475941658,0.557135999202728,0.437954902648926,0,0,0,0,0.0340043380856514,0.32154643535614,0,0,0,0,0,0,0,0,0,0,0,0,0,0,0,0,0,0,0,0,0,0,0,0.0121014509350061,0,0,0,0,0,0,0,0,0,0,0,0,0,0,0,0,0,0,0,0,0,0,0,0,0,0,0,0,0,0,0,0,0,0,0,0,0,0,0,0,0,0,0,0,0,0,0,0,0,0,0,0,0,0,0,0,0,251
Landshut,0,0,0,0,0,0,0,0,0,0,0,0,0,0,0,0,0,0,0,0,0,0,0,0,0,0,0,0,0,0,0,0,0,0,0,0,0,0,0,0,0,0,0,0,0,0,0,0,0,0,0,0,0,0,0,0,0,0,0,0,0,0,0,0,0,0,0,0,0,0,0,0,0,0,0,0,0,0,0,0,0,0,0,0,0,0,0,0,0,0,0,0,0,0,0,0,0,0,0,0,0,0,0,0,0,0,0,0,0,0,0,0,0,0,0,0,0,0,0,0,0,0,0,0,0,0,0,0,0,0,0,0,0,0,0,0,0,0,0,0,0,0,0,0,0,0,0,0,0,0,0,0,0,0,0,0,0,0,0,0,0,0,0,0,0,0,0.0195855349302292,0.0155283352360129,0,0,0.0196750611066818,0.0381507351994514,0.0515106171369553,0.0363498628139496,0,0,0.0338992960751057,0.0691583901643753,0.0439506955444813,0,0.0634185075759888,0.104873277246952,0.126641780138016,0.146858304738998,0.168306514620781,0.152476534247398,0.148417845368385,0.159313082695007,0.194880947470665,0.107148230075836,0.101439736783504,0,0,0,0.189413368701935,0.1528050750494,0.234015256166458,0.272700875997543,0.207702368497849,0.217661142349243,0.292097836732864,0.259514510631561,0.145483881235123,0.190615832805634,0.287631630897522,0.361867666244507,0.367222726345062,0.394025653600693,0.388495802879333,0.348489671945572,0.281523883342743,0.375951558351517,0.332664787769318,0.332589626312256,0.206574693322182,0.253706753253937,0.243646010756493,0.178480446338654,0.263280123472214,0.341199666261673,0.434256076812744,0.493007183074951,0.438197791576385,0.457308858633041,0.413697183132172,0.416846513748169,0.361258149147034,0.347599387168884,0.214869320392609,0.0992721691727638,0,0.28917583823204,0.406509965658188,0.495760470628738,0.559791922569275,0.463536381721497,0.462892681360245,0.479202449321747,0.382723599672318,0.193817988038063,0,0,0.189990758895874,0.328955948352814,0.460115343332291,0.527870714664459,0.547249317169189,0.638839304447174,0.564462959766388,0.564953327178955,0.538815498352051,0.560377895832062,0.323720782995224,0.323051035404205,0.464678376913071,0.435818880796432,0.223113164305687,0,0,0.34364852309227,0.482197403907776,0.569301247596741,0.485978841781616,0.548214375972748,0.610698640346527,0.292747467756271,0.136844366788864,0,0,0.308249861001968,0.50296676158905,0.554047048091888,0.625414967536926,0.504579901695251,0.47540494799614,0.454301983118057,0.526182651519775,0.441447377204895,0,0,0,0,0.115430660545826,0.312108427286148,0,0,0,0,0,0,0,0,0,0,0,0,0,0,0,0,0,0,0,0,0,0,0,0.00270719383843243,0,0,0,0,0,0,0,0,0,0,0,0,0,0,0,0,0,0,0,0,0,0,0,0,0,0,0,0,0,0,0,0,0,0,0,0,0,0,0,0,0,0,0,0,0,0,0,0,0,0,0,0,0,0,0,0,0,252
Passau,0,0,0,0,0,0,0,0,0,0,0,0,0,0,0,0,0,0,0,0,0,0,0,0,0,0,0,0,0,0,0,0,0,0,0,0,0,0,0,0,0,0,0,0,0,0,0,0,0,0,0,0,0,0,0,0,0,0,0,0,0,0,0,0,0,0,0,0,0,0,0,0,0,0,0,0,0,0,0,0,0,0,0,0,0,0,0,0,0,0,0,0,0,0,0,0,0,0,0,0,0,0,0,0,0,0,0,0,0,0,0,0,0,0,0,0,0,0,0,0,0,0,0,0,0,0,0,0,0,0,0,0,0,0,0,0,0,0,0,0,0,0,0,0,0,0,0,0,0,0,0,0,0,0,0,0,0,0,0,0,0,0,0,0,0,0,0.0161299593746662,0.0112962471321225,0,0.00694031361490488,0.0168119315057993,0.0338627845048904,0.0465008839964867,0.0509667359292507,0,0,0.0340155400335789,0.0551097393035889,0.0386634282767773,0,0.04920843988657,0.0932201072573662,0.114614613354206,0.126101866364479,0.146296918392181,0.14157210290432,0.135414972901344,0.139419674873352,0.167763456702232,0.123605325818062,0.116687826812267,0.0449175871908665,0,0,0.175160750746727,0.141150817275047,0.185963720083237,0.227713331580162,0.184505313634872,0.195365816354752,0.238886907696724,0.233594283461571,0.123436652123928,0.157902464270592,0.247217506170273,0.295600086450577,0.318859070539474,0.331546694040298,0.326282829046249,0.29182767868042,0.25776943564415,0.319438993930817,0.295794874429703,0.294308871030807,0.20048326253891,0.212450951337814,0.192344903945923,0.181563168764114,0.226020008325577,0.265019536018372,0.34968176484108,0.401178419589996,0.358888775110245,0.381057560443878,0.37151312828064,0.370126664638519,0.322167307138443,0.300560742616653,0.182903409004211,0.0459234602749348,0,0.182933285832405,0.322123914957047,0.415760099887848,0.4496248960495,0.410450369119644,0.385623246431351,0.393542736768723,0.349320918321609,0.197340294718742,0,0,0.150856330990791,0.284258633852005,0.361904978752136,0.440498501062393,0.478748112916946,0.547588765621185,0.480029374361038,0.480301886796951,0.469170987606049,0.479499191045761,0.295886337757111,0.294725358486176,0.42108353972435,0.409652918577194,0.343468308448792,0,0.0287008583545685,0.273141592741013,0.402584344148636,0.483554184436798,0.42203426361084,0.458724737167358,0.527170479297638,0.329422980546951,0.192233487963676,0,0,0.195021420717239,0.389246881008148,0.460237383842468,0.532545864582062,0.449901521205902,0.421931535005569,0.374626338481903,0.417216658592224,0.436351865530014,0,0,0,0,0,0.197083368897438,0,0,0,0,0,0,0,0,0,0,0,0,0,0,0,0,0,0,0,0,0,0,0,0,0,0,0,0,0,0,0,0,0,0,0,0,0,0,0,0,0,0,0,0,0,0,0,0,0,0,0,0,0,0,0,0,0,0,0,0,0,0,0,0,0,0,0,0,0,0,0,0,0,0,0,0,0,0,0,0,0,253
Regen,0,0,0,0,0,0,0,0,0,0,0,0,0,0,0,0,0,0,0,0,0,0,0,0,0,0,0,0,0,0,0,0,0,0,0,0,0,0,0,0,0,0,0,0,0,0,0,0,0,0,0,0,0,0,0,0,0,0,0,0,0,0,0,0,0,0,0,0,0,0,0,0,0,0,0,0,0,0,0,0,0,0,0,0,0,0,0,0,0,0,0,0,0,0,0,0,0,0,0,0,0,0,0,0,0,0,0,0,0,0,0,0,0,0,0,0,0,0,0,0,0,0,0,0,0,0,0,0,0,0,0,0,0,0,0,0,0,0,0,0,0,0,0,0,0,0,0,0,0,0,0,0,0,0,0,0,0,0,0,0,0,0,0,0,0,0,6.11563200436649e-06,0,0,0,7.30194642528659e-06,0.0080201206728816,0.0123383710160851,0.011315724812448,0,0,0.000936766562517732,0.0174603909254074,0,0,0.00563358049839735,0.0342047847807407,0.0431564375758171,0.0541723407804966,0.0661701261997223,0.0568837560713291,0.0532497689127922,0.057280495762825,0.0735945329070091,0.00651684263721108,0.0245456155389547,0,0,0,0.0801401436328888,0.0293142944574356,0.0943428128957748,0.115798197686672,0.0675857961177826,0.0901831164956093,0.124352119863033,0.111660078167915,0.00674661016091704,0.0665081590414047,0.136843666434288,0.167791336774826,0.177749216556549,0.189937308430672,0.174361750483513,0.157725438475609,0.134106263518333,0.170782700181007,0.132276445627213,0.165657624602318,0.0155980717390776,0.0499548427760601,0.0151031976565719,0.0280393082648516,0.0686569809913635,0.117843829095364,0.189664959907532,0.223591983318329,0.204130098223686,0.204722613096237,0.210834413766861,0.195661813020706,0.132298335433006,0.1335638910532,0.00526118138805032,0,0,0.0518090352416039,0.163904204964638,0.220115959644318,0.239959433674812,0.218396499752998,0.215893179178238,0.198214694857597,0.148465931415558,0.00372667703777552,0,0,8.62556044012308e-05,0.071026936173439,0.169344961643219,0.217904850840569,0.239208474755287,0.289215594530106,0.23841917514801,0.246320694684982,0.224675387144089,0.225878521800041,0.122363671660423,0.128929778933525,0.205238863825798,0.184723705053329,0.150547698140144,0,0,0.0185319315642118,0.166354358196259,0.227482840418816,0.163491994142532,0.20633327960968,0.249230742454529,0.0239546429365873,0,0,0,9.68446911429055e-05,0.16809643805027,0.204767793416977,0.241971045732498,0.1920345723629,0.164381772279739,0.155974492430687,0.197926253080368,0.167952552437782,0,0,0,0,0,0.0146513385698199,0,0,0,0,0,0,0,0,0,0,0,0,0,0,0,0,0,0,0,0,0,0,0,0,0,0,0,0,0,0,0,0,0,0,0,0,0,0,0,0,0,0,0,0,0,0,0,0,0,0,0,0,0,0,0,0,0,0,0,0,0,0,0,0,0,0,0,0,0,0,0,0,0,0,0,0,0,0,0,0,0,254
Rottal-Inn,0,0,0,0,0,0,0,0,0,0,0,0,0,0,0,0,0,0,0,0,0,0,0,0,0,0,0,0,0,0,0,0,0,0,0,0,0,0,0,0,0,0,0,0,0,0,0,0,0,0,0,0,0,0,0,0,0,0,0,0,0,0,0,0,0,0,0,0,0,0,0,0,0,0,0,0,0,0,0,0,0,0,0,0,0,0,0,0,0,0,0,0,0,0,0,0,0,0,0,0,0,0,0,0,0,0,0,0,0,0,0,0,0,0,0,0,0,0,0,0,0,0,0,0,0,0,0,0,0,0,0,0,0,0,0,0,0,0,0,0,0,0,0,0,0,0,0,0,0,0,0,0,0,0,0,0,0,0,0,0,0,0,0,0,0,0,0.0180169437080622,0.0124655738472939,0,0.00173562555573881,0.0177357420325279,0.032046876847744,0.0457957834005356,0.0439467504620552,0,0,0.0320122539997101,0.0556101091206074,0.0410147197544575,0,0.0536791197955608,0.0875866413116455,0.107357621192932,0.12066225707531,0.136422842741013,0.130068644881248,0.125195115804672,0.130562260746956,0.158502742648125,0.110602423548698,0.106593608856201,0.00698495516553521,0,0,0.162738382816315,0.133190155029297,0.18187153339386,0.219099968671799,0.182572528719902,0.180112332105637,0.23107086122036,0.217975690960884,0.128563031554222,0.158588543534279,0.22917178273201,0.284306138753891,0.300764977931976,0.313124656677246,0.313332587480545,0.279398798942566,0.233682453632355,0.304815530776978,0.277033150196075,0.263849794864655,0.189784556627274,0.204823091626167,0.201855629682541,0.158528566360474,0.217268511652946,0.271119475364685,0.342464625835419,0.389054775238037,0.347378998994827,0.363929003477097,0.340672701597214,0.343319624662399,0.306615173816681,0.29204797744751,0.202125027775764,0.045585535466671,0,0.21735292673111,0.323091864585876,0.394680321216583,0.441483587026596,0.380599588155746,0.365190654993057,0.381235837936401,0.324551939964294,0.180822938680649,0,0,0.164765849709511,0.274740874767303,0.365245997905731,0.423448354005814,0.448853611946106,0.520679116249084,0.458017915487289,0.463760524988174,0.454018473625183,0.461689680814743,0.269952416419983,0.278494328260422,0.397588223218918,0.37429666519165,0.274041324853897,0,0.0105694429948926,0.283678889274597,0.389607340097427,0.473335266113281,0.41346675157547,0.452211022377014,0.505802035331726,0.298116981983185,0.197724193334579,0,0,0.236541241407394,0.407379686832428,0.454275161027908,0.5211341381073,0.434696972370148,0.41081628203392,0.366233319044113,0.424306482076645,0.409733206033707,0,0,0,0,0,0.248350232839584,0,0,0,0,0,0,0,0,0,0,0,0,0,0,0,0,0,0,0,0,0,0,0,0,0,0,0,0,0,0,0,0,0,0,0,0,0,0,0,0,0,0,0,0,0,0,0,0,0,0,0,0,0,0,0,0,0,0,0,0,0,0,0,0,0,0,0,0,0,0,0,0,0,0,0,0,0,0,0,0,0,255
Straubing-Bogen,0,0,0,0,0,0,0,0,0,0,0,0,0,0,0,0,0,0,0,0,0,0,0,0,0,0,0,0,0,0,0,0,0,0,0,0,0,0,0,0,0,0,0,0,0,0,0,0,0,0,0,0,0,0,0,0,0,0,0,0,0,0,0,0,0,0,0,0,0,0,0,0,0,0,0,0,0,0,0,0,0,0,0,0,0,0,0,0,0,0,0,0,0,0,0,0,0,0,0,0,0,0,0,0,0,0,0,0,0,0,0,0,0,0,0,0,0,0,0,0,0,0,0,0,0,0,0,0,0,0,0,0,0,0,0,0,0,0,0,0,0,0,0,0,0,0,0,0,0,0,0,0,0,0,0,0,0,0,0,0,0,0,0,0,0,0,0.0152255212888122,0.00730767427012324,0,0,0.0174399707466364,0.0379191786050797,0.0529956854879856,0.0469913184642792,0,0,0.026390815153718,0.0724583938717842,0.0333963185548782,0,0.0685207694768906,0.113211795687675,0.135540395975113,0.158477187156677,0.188539266586304,0.172504454851151,0.159389436244965,0.17415177822113,0.207744911313057,0.119818553328514,0.121566876769066,0,0,0,0.202180728316307,0.163531735539436,0.240297690033913,0.294266551733017,0.207741975784302,0.231041878461838,0.306163907051086,0.300168454647064,0.157074987888336,0.216290712356567,0.310805588960648,0.380850702524185,0.407608479261398,0.432002335786819,0.426414370536804,0.3830905854702,0.322915703058243,0.412334352731705,0.346268385648727,0.385777741670609,0.220670700073242,0.274246692657471,0.242051362991333,0.229225039482117,0.309781312942505,0.352467477321625,0.450734943151474,0.520309209823608,0.461739659309387,0.493212252855301,0.481942355632782,0.463209897279739,0.398900479078293,0.378194093704224,0.184928804636002,0.000262236077105626,0,0.289702415466309,0.438647121191025,0.534045815467834,0.606119215488434,0.53914338350296,0.516876339912415,0.520001292228699,0.426781743764877,0.219923064112663,0,0,0.187739968299866,0.374386042356491,0.491566777229309,0.564965009689331,0.594564914703369,0.705583274364471,0.624702572822571,0.6209437251091,0.597466766834259,0.608151912689209,0.400191068649292,0.385909348726273,0.530068933963776,0.509495794773102,0.376452654600143,0,0.0388743206858635,0.344155132770538,0.511858463287354,0.608450949192047,0.527349829673767,0.589644312858582,0.678828537464142,0.350824445486069,0.132998421788216,0,0,0.220261454582214,0.516899645328522,0.604421019554138,0.693433105945587,0.565103650093079,0.543611526489258,0.489249795675278,0.551659822463989,0.512223064899445,0,0,0,0,0.000167112637427635,0.30461174249649,0,0,0,0,0,0,0,0,0,0,0,0,0,0,0,0,0,0,0,0,0,0,0,0,0,0,0,0,0,0,0,0,0,0,0,0,0,0,0,0,0,0,0,0,0,0,0,0,0,0,0,0,0,0,0,0,0,0,0,0,0,0,0,0,0,0,0,0,0,0,0,0,0,0,0,0,0,0,0,0,0,256
Dingolfing-Landau,0,0,0,0,0,0,0,0,0,0,0,0,0,0,0,0,0,0,0,0,0,0,0,0,0,0,0,0,0,0,0,0,0,0,0,0,0,0,0,0,0,0,0,0,0,0,0,0,0,0,0,0,0,0,0,0,0,0,0,0,0,0,0,0,0,0,0,0,0,0,0,0,0,0,0,0,0,0,0,0,0,0,0,0,0,0,0,0,0,0,0,0,0,0,0,0,0,0,0,0,0,0,0,0,0,0,0,0,0,0,0,0,0,0,0,0,0,0,0,0,0,0,0,0,0,0,0,0,0,0,0,0,0,0,0,0,0,0,0,0,0,0,0,0,0,0,0,0,0,0,0,0,0,0,0,0,0,0,0,0,0,0,0,0,0,0,0.0224921107292175,0.0143712507560849,0,0,0.0241459384560585,0.0434555113315582,0.0605566799640656,0.0536159761250019,0,0,0.0412508547306061,0.0788226053118706,0.0515301637351513,0,0.0750712305307388,0.120468720793724,0.144020989537239,0.165568307042122,0.191438660025597,0.177884593605995,0.168445572257042,0.177454844117165,0.216548442840576,0.13411982357502,0.135094866156578,0,0,0,0.217969954013824,0.174844145774841,0.249655976891518,0.297398090362549,0.22841489315033,0.240489840507507,0.312511920928955,0.291305810213089,0.163906529545784,0.216372594237328,0.308506339788437,0.382768720388412,0.402398377656937,0.424456000328064,0.420105963945389,0.377184897661209,0.310750156641006,0.407042592763901,0.361677378416061,0.363379895687103,0.239077717065811,0.280046701431274,0.263485223054886,0.21289099752903,0.295517832040787,0.358140498399734,0.455274403095245,0.519127130508423,0.455723464488983,0.481619387865067,0.454464107751846,0.453689754009247,0.401542216539383,0.378212183713913,0.239258036017418,0,0,0.30415466427803,0.434369027614594,0.526234865188599,0.589905798435211,0.505079329013824,0.491648823022842,0.507366240024567,0.421533763408661,0.224791511893272,0,0,0.219289913773537,0.374689340591431,0.490824282169342,0.557546675205231,0.583959460258484,0.685157239437103,0.60540646314621,0.608339369297028,0.587841212749481,0.606694996356964,0.35992568731308,0.361476212739944,0.519915401935577,0.490400969982147,0.338332653045654,0,0.0130409095436335,0.363951593637466,0.51420384645462,0.608043670654297,0.527240514755249,0.587811291217804,0.661385655403137,0.351539969444275,0.234083488583565,0,0,0.29360032081604,0.526803731918335,0.592583835124969,0.6805020570755,0.554284334182739,0.533740758895874,0.474474489688873,0.542676270008087,0.507145941257477,0,0,0,0,0,0.318790227174759,0,0,0,0,0,0,0,0,0,0,0,0,0,0,0,0,0,0,0,0,0,0,0,0,0,0,0,0,0,0,0,0,0,0,0,0,0,0,0,0,0,0,0,0,0,0,0,0,0,0,0,0,0,0,0,0,0,0,0,0,0,0,0,0,0,0,0,0,0,0,0,0,0,0,0,0,0,0,0,0,0,257
Amberg,0,0,0,0,0,0,0,0,0,0,0,0,0,0,0,0,0,0,0,0,0,0,0,0,0,0,0,0,0,0,0,0,0,0,0,0,0,0,0,0,0,0,0,0,0,0,0,0,0,0,0,0,0,0,0,0,0,0,0,0,0,0,0,0,0,0,0,0,0,0,0,0,0,0,0,0,0,0,0,0,0,0,0,0,0,0,0,0,0,0,0,0,0,0,0,0,0,0,0,0,0,0,0,0,0,0,0,0,0,0,0,0,0,0,0,0,0,0,0,0,0,0,0,0,0,0,0,0,0,0,0,0,0,0,0,0,0,0,0,0,0,0,0,0,0,0,0,0,0,0,0,0,0,0,0,0,0,0,0,0,0,0,0,0,0,0,0,0,0,0,0.0110640861093998,0.0263805147260427,0.0335175134241581,0.0238273795694113,0,0,0.020792743191123,0.0488577745854855,0,0,0.0495894551277161,0.0816016271710396,0.0972608551383018,0.122837260365486,0.137204855680466,0.110797002911568,0.107922464609146,0.132107198238373,0.144473016262054,0.0670442804694176,0.0276043098419905,0,0,0,0.142084136605263,0.105257086455822,0.20183701813221,0.219048321247101,0.117433711886406,0.173129320144653,0.250443696975708,0.21647897362709,0.091222733259201,0.168665438890457,0.260842561721802,0.303512066602707,0.322290688753128,0.343606770038605,0.318219989538193,0.27505686879158,0.243301823735237,0.315708756446838,0.200820624828339,0.274933189153671,0.146644622087479,0.180669039487839,0.119781516492367,0.185112237930298,0.240507766604424,0.289324373006821,0.341768801212311,0.406294494867325,0.385235548019409,0.410711109638214,0.393046349287033,0.362317770719528,0.268693625926971,0.243394926190376,0,0,0,0.217749863862991,0.336962163448334,0.401014298200607,0.474710941314697,0.384629309177399,0.40589427947998,0.403535664081573,0.29408672451973,0,0,0,0.0541226379573345,0.261477828025818,0.3594591319561,0.414655119180679,0.447227001190186,0.513108849525452,0.439518064260483,0.422557801008224,0.407486617565155,0.395678669214249,0.267881155014038,0.288957566022873,0.348569810390472,0.361739784479141,0.236401870846748,0,0,0.230492115020752,0.368044883012772,0.438978642225266,0.380141049623489,0.402996450662613,0.456109136343002,0.203403025865555,0,0,0,0.196542024612427,0.348088830709457,0.439421147108078,0.48857119679451,0.411985069513321,0.385572582483292,0.357889890670776,0.433336526155472,0.307444244623184,0,0,0,0,0,0.219879686832428,0,0,0,0,0,0,0,0,0,0,0,0,0,0,0,0,0,0,0,0,0,0,0,0,0,0,0,0,0,0,0,0,0,0,0,0,0,0,0,0,0,0,0,0,0,0,0,0,0,0,0,0,0,0,0,0,0,0,0,0,0,0,0,0,0,0,0,0,0,0,0,0,0,0,0,0,0,0,0,0,0,258
Regensburg,0,0,0,0,0,0,0,0,0,0,0,0,0,0,0,0,0,0,0,0,0,0,0,0,0,0,0,0,0,0,0,0,0,0,0,0,0,0,0,0,0,0,0,0,0,0,0,0,0,0,0,0,0,0,0,0,0,0,0,0,0,0,0,0,0,0,0,0,0,0,0,0,0,0,0,0,0,0,0,0,0,0,0,0,0,0,0,0,0,0,0,0,0,0,0,0,0,0,0,0,0,0,0,0,0,0,0,0,0,0,0,0,0,0,0,0,0,0,0,0,0,0,0,0,0,0,0,0,0,0,0,0,0,0,0,0,0,0,0,0,0,0,0,0,0,0,0,0,0,0,0,0,0,0,0,0,0,0,0,0,0,0,0,0,0,0,0.0204251408576965,0,0,0,0.0248035378754139,0.0479468926787376,0.0621265545487404,0.0479324273765087,0,0,0.0456871651113033,0.0853477567434311,0.0517894439399242,0,0.0840814486145973,0.13006454706192,0.15021114051342,0.176420047879219,0.207784026861191,0.18484927713871,0.173249989748001,0.19534969329834,0.222456440329552,0.132216140627861,0.124382197856903,0,0,0,0.20841720700264,0.187260299921036,0.263968974351883,0.312691509723663,0.219496428966522,0.252013355493546,0.327018171548843,0.304623246192932,0.181500256061554,0.234619736671448,0.327781587839127,0.39677295088768,0.423725932836533,0.446486711502075,0.441635996103287,0.393390566110611,0.335139006376266,0.426592797040939,0.344927936792374,0.402473121881485,0.229664474725723,0.293303072452545,0.251488655805588,0.251128494739532,0.337532997131348,0.385392665863037,0.466404795646667,0.541296422481537,0.482582062482834,0.525058448314667,0.491525858640671,0.473162859678268,0.406160175800323,0.388214617967606,0.248802796006203,0.108194530010223,0,0.325149387121201,0.45918470621109,0.552555203437805,0.637143015861511,0.547831594944,0.545942604541779,0.546562790870667,0.443666070699692,0.231964290142059,0,0,0.225026547908783,0.397457212209702,0.520845830440521,0.582453072071075,0.611146330833435,0.717465758323669,0.637879014015198,0.621084690093994,0.604089260101318,0.61259001493454,0.424104362726212,0.430443108081818,0.516879677772522,0.523705899715424,0.356466591358185,0,0,0.384991139173508,0.555509090423584,0.617915511131287,0.56513237953186,0.606087625026703,0.688168346881866,0.368312418460846,0,0,0,0.329565018415451,0.545497119426727,0.645538568496704,0.713237583637238,0.591213941574097,0.576692759990692,0.53539115190506,0.597866296768188,0.508160829544067,0,0,0,0,0,0.356367439031601,0,0,0,0,0,0,0,0,0,0,0,0,0,0,0,0,0,0,0,0,0,0,0,0,0,0,0,0,0,0,0,0,0,0,0,0,0,0,0,0,0,0,0,0,0,0,0,0,0,0,0,0,0,0,0,0,0,0,0,0,0,0,0,0,0,0,0,0,0,0,0,0,0,0,0,0,0,0,0,0,0,259
Weiden i.d.OPf.,0,0,0,0,0,0,0,0,0,0,0,0,0,0,0,0,0,0,0,0,0,0,0,0,0,0,0,0,0,0,0,0,0,0,0,0,0,0,0,0,0,0,0,0,0,0,0,0,0,0,0,0,0,0,0,0,0,0,0,0,0,0,0,0,0,0,0,0,0,0,0,0,0,0,0,0,0,0,0,0,0,0,0,0,0,0,0,0,0,0,0,0,0,0,0,0,0,0,0,0,0,0,0,0,0,0,0,0,0,0,0,0,0,0,0,0,0,0,0,0,0,0,0,0,0,0,0,0,0,0,0,0,0,0,0,0,0,0,0,0,0,0,0,0,0,0,0,0,0,0,0,0,0,0,0,0,0,0,0,0,0,0,0,0,0,0,0,0,0,0,0.000274529564194381,0.0104009732604027,0.0133867245167494,0.0107003292068839,0,0,0.000539058179128915,0.0190157536417246,0,0,0.0179270152002573,0.0328411795198917,0.0418948791921139,0.0506244227290154,0.0558652281761169,0.0433339364826679,0.0426844544708729,0.0535568334162235,0.0589065738022327,0.0258107874542475,0.00148747267667204,0,0,0,0.0593260787427425,0.0360671877861023,0.0858288109302521,0.0925666615366936,0.0366092547774315,0.0684371739625931,0.106352470815182,0.0896283537149429,0.00232282001525164,0.0716050416231155,0.114170283079147,0.131181940436363,0.134460806846619,0.143348291516304,0.124661237001419,0.113936357200146,0.103164277970791,0.128968715667725,0.0778806805610657,0.116647765040398,0.057580828666687,0.0694489255547523,0.00326417828910053,0.0773767605423927,0.0921227410435677,0.115796111524105,0.138833969831467,0.169574081897736,0.162629365921021,0.170322149991989,0.172185480594635,0.155404984951019,0.107705011963844,0.0928026586771011,0,0,0,0.0838593244552612,0.139078199863434,0.166876658797264,0.200381398200989,0.159299105405807,0.170328617095947,0.168456971645355,0.119046695530415,0,0,0,0.0030851683113724,0.104107551276684,0.14544752240181,0.178526282310486,0.188128381967545,0.216763332486153,0.180523589253426,0.168417096138,0.16890062391758,0.161472484469414,0.107534550130367,0.119397714734077,0.157614186406136,0.154194489121437,0.103626526892185,0,0,0.0845163017511368,0.145706668496132,0.18361297249794,0.15446700155735,0.168640449643135,0.18830144405365,0.0772814527153969,0,0,0,0.00467727147042751,0.134352162480354,0.17303378880024,0.19581313431263,0.165441393852234,0.148197203874588,0.140766933560371,0.178687214851379,0.129103243350983,0,0,0,0,0,0.084308885037899,0,0,0,0,0,0,0,0,0,0,0,0,0,0,0,0,0,0,0,0,0,0,0,0,0,0,0,0,0,0,0,0,0,0,0,0,0,0,0,0,0,0,0,0,0,0,0,0,0,0,0,0,0,0,0,0,0,0,0,0,0,0,0,0,0,0,0,0,0,0,0,0,0,0,0,0,0,0,0,0,0,260
Amberg-Sulzbach,0,0,0,0,0,0,0,0,0,0,0,0,0,0,0,0,0,0,0,0,0,0,0,0,0,0,0,0,0,0,0,0,0,0,0,0,0,0,0,0,0,0,0,0,0,0,0,0,0,0,0,0,0,0,0,0,0,0,0,0,0,0,0,0,0,0,0,0,0,0,0,0,0,0,0,0,0,0,0,0,0,0,0,0,0,0,0,0,0,0,0,0,0,0,0,0,0,0,0,0,0,0,0,0,0,0,0,0,0,0,0,0,0,0,0,0,0,0,0,0,0,0,0,0,0,0,0,0,0,0,0,0,0,0,0,0,0,0,0,0,0,0,0,0,0,0,0,0,0,0,0,0,0,0,0,0,0,0,0,0,0,0,0,0,0,0,1.55030011228519e-05,0,0,0,0.0109544321894646,0.0261641480028629,0.0328755676746368,0.022344371303916,0,0,0.0127050913870335,0.0469801016151905,4.49184699391481e-05,0,0.048596303910017,0.0810521021485329,0.0974680185317993,0.122538939118385,0.134315446019173,0.10687392950058,0.105706170201302,0.13115482032299,0.143192231655121,0.0486641004681587,0.0227942559868097,0,0,0,0.14062374830246,0.08720513433218,0.203699454665184,0.217771738767624,0.104416243731976,0.169733434915543,0.250526010990143,0.211676821112633,0.0515146367251873,0.166293248534203,0.262690097093582,0.306087166070938,0.321752339601517,0.344625055789948,0.314443945884705,0.272248715162277,0.242294311523438,0.31501105427742,0.203289613127708,0.272171437740326,0.138652756810188,0.171544432640076,0.0685077235102654,0.172807842493057,0.231966704130173,0.285541385412216,0.344207644462585,0.407208740711212,0.382040858268738,0.408731341362,0.392906337976456,0.357434153556824,0.262157618999481,0.237096473574638,0.00957201234996319,0,0,0.212422296404839,0.335897415876389,0.402631729841232,0.477382153272629,0.377094835042953,0.404925227165222,0.400373756885529,0.288728952407837,0.000205133357667364,0,0,0.0448286309838295,0.250779211521149,0.356800585985184,0.419109851121902,0.444804340600967,0.513088345527649,0.436032325029373,0.42191144824028,0.402427822351456,0.390266835689545,0.254310190677643,0.282172024250031,0.347909867763519,0.353780210018158,0.215979963541031,0,0,0.217824876308441,0.368632286787033,0.439115077257156,0.374199509620667,0.403429538011551,0.450854629278183,0.186325132846832,0,0,0,0.196806773543358,0.34833487868309,0.433998852968216,0.483995735645294,0.40984907746315,0.379801124334335,0.360330581665039,0.437813341617584,0.299101799726486,0,0,0,0,0,0.212831392884254,0,0,0,0,0,0,0,0,0,0,0,0,0,0,0,0,0,0,0,0,0,0,0,0,0,0,0,0,0,0,0,0,0,0,0,0,0,0,0,0,0,0,0,0,0,0,0,0,0,0,0,0,0,0,0,0,0,0,0,0,0,0,0,0,0,0,0,0,0,0,0,0,0,0,0,0,0,0,0,0,0,261
Cham,0,0,0,0,0,0,0,0,0,0,0,0,0,0,0,0,0,0,0,0,0,0,0,0,0,0,0,0,0,0,0,0,0,0,0,0,0,0,0,0,0,0,0,0,0,0,0,0,0,0,0,0,0,0,0,0,0,0,0,0,0,0,0,0,0,0,0,0,0,0,0,0,0,0,0,0,0,0,0,0,0,0,0,0,0,0,0,0,0,0,0,0,0,0,0,0,0,0,0,0,0,0,0,0,0,0,0,0,0,0,0,0,0,0,0,0,0,0,0,0,0,0,0,0,0,0,0,0,0,0,0,0,0,0,0,0,0,0,0,0,0,0,0,0,0,0,0,0,0,0,0,0,0,0,0,0,0,0,0,0,0,0,0,0,0,0,0.000403472920879722,0,0,0,0.00051710125990212,0.0151220858097076,0.0213222317397594,0.019012626260519,0,0,0.000754378503188491,0.0315350219607353,0.000877359008882195,0,0.0287895146757364,0.0549886487424374,0.0669500455260277,0.0831989794969559,0.0980027765035629,0.0838378220796585,0.0778971165418625,0.0895868018269539,0.108148507773876,0.0410033091902733,0.0497160404920578,0,0,0,0.106472671031952,0.0784092620015144,0.137223958969116,0.164728388190269,0.0958381146192551,0.124171048402786,0.179067492485046,0.169533491134644,0.0386317707598209,0.119836129248142,0.188266023993492,0.22820957005024,0.244816318154335,0.259422063827515,0.242378309369087,0.219075173139572,0.186883687973022,0.241868570446968,0.172912701964378,0.229406550526619,0.0930613130331039,0.131985172629356,0.0984937325119972,0.131744489073753,0.17744217813015,0.201319172978401,0.262297779321671,0.306466162204742,0.281880438327789,0.297797799110413,0.290050625801086,0.274580389261246,0.211025103926659,0.198389053344727,0.00664004171267152,0,0,0.139143869280815,0.247475326061249,0.307794988155365,0.355914324522018,0.316862940788269,0.312781274318695,0.291696399450302,0.223546132445335,0.0486641079187393,0,0,0.0493375584483147,0.187068536877632,0.268690943717957,0.318766951560974,0.338072001934052,0.403615683317184,0.349087327718735,0.351653039455414,0.328162968158722,0.32255020737648,0.214819252490997,0.225465476512909,0.289049059152603,0.27864870429039,0.221584931015968,0,0,0.13471657037735,0.266258746385574,0.334964215755463,0.273371934890747,0.314207583665848,0.364165037870407,0.138180896639824,0,0,0,0.0295202843844891,0.25923278927803,0.32098513841629,0.368396639823914,0.303445845842361,0.276738792657852,0.25389352440834,0.300477653741837,0.251712560653687,0,0,0,0,0,0.11851604282856,0,0,0,0,0,0,0,0,0,0,0,0,0,0,0,0,0,0,0,0,0,0,0,0,0,0,0,0,0,0,0,0,0,0,0,0,0,0,0,0,0,0,0,0,0,0,0,0,0,0,0,0,0,0,0,0,0,0,0,0,0,0,0,0,0,0,0,0,0,0,0,0,0,0,0,0,0,0,0,0,0,262
Neumarkt i.d.OPf.,0,0,0,0,0,0,0,0,0,0,0,0,0,0,0,0,0,0,0,0,0,0,0,0,0,0,0,0,0,0,0,0,0,0,0,0,0,0,0,0,0,0,0,0,0,0,0,0,0,0,0,0,0,0,0,0,0,0,0,0,0,0,0,0,0,0,0,0,0,0,0,0,0,0,0,0,0,0,0,0,0,0,0,0,0,0,0,0,0,0,0,0,0,0,0,0,0,0,0,0,0,0,0,0,0,0,0,0,0,0,0,0,0,0,0,0,0,0,0,0,0,0,0,0,0,0,0,0,0,0,0,0,0,0,0,0,0,0,0,0,0,0,0,0,0,0,0,0,0,0,0,0,0,0,0,0,0,0,0,0,0,0,0,0,0,0,0,0,0,0,0.0134788667783141,0.0266787335276604,0.0343972817063332,0.0172305144369602,0,0,0.00649149529635906,0.0455388687551022,0.000341270468197763,0,0.0497931689023972,0.0819608494639397,0.0995184332132339,0.122507467865944,0.132709056138992,0.105333909392357,0.105532579123974,0.131283760070801,0.149673849344254,0.0510749891400337,0.024935781955719,0,0,0,0.147165939211845,0.0958223640918732,0.205875307321548,0.220066025853157,0.113627038896084,0.170387178659439,0.250173449516296,0.205931976437569,0.0323393829166889,0.158875167369843,0.255107372999191,0.303947687149048,0.317712545394897,0.341509908437729,0.325398117303848,0.275937348604202,0.243527248501778,0.317461997270584,0.241720274090767,0.279167026281357,0.139380291104317,0.168666288256645,0.0986707434058189,0.142747431993484,0.223248600959778,0.28351017832756,0.352051734924316,0.409406185150146,0.367125928401947,0.398060083389282,0.369618237018585,0.336922973394394,0.266208559274673,0.252793252468109,0.015653794631362,0.0149534279480577,0,0.216627612709999,0.342055231332779,0.407306373119354,0.475907891988754,0.370630383491516,0.396328836679459,0.39175745844841,0.288305640220642,0.0121196871623397,0,0,0.0334063917398453,0.247558012604713,0.358133345842361,0.419158101081848,0.437823474407196,0.510778605937958,0.435259073972702,0.430851668119431,0.404071182012558,0.398769706487656,0.240743532776833,0.260040611028671,0.337938100099564,0.335146278142929,0.149353682994843,0,0,0.236461251974106,0.386439174413681,0.442562937736511,0.375231325626373,0.420726925134659,0.452071219682693,0.180584356188774,0,0,0,0.243629291653633,0.376991003751755,0.435327142477036,0.480267524719238,0.401996463537216,0.376629203557968,0.377491801977158,0.450337529182434,0.280749440193176,0,0,0,0,0,0.227920576930046,0,0,0,0,0,0,0,0,0,0,0,0,0,0,0,0,0,0,0,0,0,0,0,0.00188474403694272,0,0,0,0,0,0,0,0,0,0,0,0,0,0,0,0,0,0,0,0,0,0,0,0,0,0,0,0,0,0,0,0,0,0,0,0,0,0,0,0,0,0,0,0,0,0,0,0,0,0,0,0,0,0,0,0,0,263
Neustadt a.d.Waldnaab,0,0,0,0,0,0,0,0,0,0,0,0,0,0,0,0,0,0,0,0,0,0,0,0,0,0,0,0,0,0,0,0,0,0,0,0,0,0,0,0,0,0,0,0,0,0,0,0,0,0,0,0,0,0,0,0,0,0,0,0,0,0,0,0,0,0,0,0,0,0,0,0,0,0,0,0,0,0,0,0,0,0,0,0,0,0,0,0,0,0,0,0,0,0,0,0,0,0,0,0,0,0,0,0,0,0,0,0,0,0,0,0,0,0,0,0,0,0,0,0,0,0,0,0,0,0,0,0,0,0,0,0,0,0,0,0,0,0,0,0,0,0,0,0,0,0,0,0,0,0,0,0,0,0,0,0,0,0,0,0,0,0,0,0,0,0,0,0,0,0,0.00112099188845605,0.0137349413707852,0.0174728147685528,0.013520491309464,0,0,0.00116164761129767,0.0250576660037041,0,0,0.0239208806306124,0.044016070663929,0.0554618239402771,0.0686382576823235,0.0746293962001801,0.0575572401285172,0.0576855540275574,0.0728865042328835,0.079057015478611,0.0251889768987894,0.00698957359418273,0,0,0,0.0778500661253929,0.0361882820725441,0.116493076086044,0.124784991145134,0.0379106216132641,0.0922110825777054,0.144034445285797,0.120531924068928,0.00500557897612453,0.0951695144176483,0.154383406043053,0.178686395287514,0.184475481510162,0.196679130196571,0.169693022966385,0.152823239564896,0.138844698667526,0.176720082759857,0.107607178390026,0.156506776809692,0.0726538598537445,0.0863229930400848,0.00703416625037789,0.100060909986496,0.125556260347366,0.158190727233887,0.191416591405869,0.231672525405884,0.220303982496262,0.232261598110199,0.232691466808319,0.209020629525185,0.14470274746418,0.123113565146923,0,0,0,0.113758780062199,0.188697800040245,0.227828681468964,0.27297455072403,0.21332061290741,0.229377374053001,0.226876467466354,0.160555884242058,0,0,0,0.00664840778335929,0.136975586414337,0.195738926529884,0.241311833262444,0.251878976821899,0.29255536198616,0.243984892964363,0.231019213795662,0.225549921393394,0.215958282351494,0.138864070177078,0.155879855155945,0.207384467124939,0.204980462789536,0.130541443824768,0,0,0.107215590775013,0.196274220943451,0.246300369501114,0.206881433725357,0.225423440337181,0.252770632505417,0.0918901637196541,0,0,0,0.0341446585953236,0.18085840344429,0.232018679380417,0.264284670352936,0.222755327820778,0.200236886739731,0.189497262239456,0.240993395447731,0.17024202644825,0,0,0,0,0,0.108442433178425,0,0,0,0,0,0,0,0,0,0,0,0,0,0,0,0,0,0,0,0,0,0,0,0,0,0,0,0,0,0,0,0,0,0,0,0,0,0,0,0,0,0,0,0,0,0,0,0,0,0,0,0,0,0,0,0,0,0,0,0,0,0,0,0,0,0,0,0,0,0,0,0,0,0,0,0,0,0,0,0,0,264
Regensburg,0,0,0,0,0,0,0,0,0,0,0,0,0,0,0,0,0,0,0,0,0,0,0,0,0,0,0,0,0,0,0,0,0,0,0,0,0,0,0,0,0,0,0,0,0,0,0,0,0,0,0,0,0,0,0,0,0,0,0,0,0,0,0,0,0,0,0,0,0,0,0,0,0,0,0,0,0,0,0,0,0,0,0,0,0,0,0,0,0,0,0,0,0,0,0,0,0,0,0,0,0,0,0,0,0,0,0,0,0,0,0,0,0,0,0,0,0,0,0,0,0,0,0,0,0,0,0,0,0,0,0,0,0,0,0,0,0,0,0,0,0,0,0,0,0,0,0,0,0,0,0,0,0,0,0,0,0,0,0,0,0,0,0,0,0,0,0.0143624190241098,0.00249071419239044,0,0,0.0205607041716576,0.0410195030272007,0.0542239025235176,0.0420307330787182,0,0,0.0363096781075001,0.075127586722374,0.0353043377399445,0,0.07404775172472,0.117571093142033,0.138499796390533,0.163866087794304,0.191767439246178,0.168892756104469,0.159461557865143,0.181111186742783,0.208784133195877,0.117157854139805,0.112268432974815,0,0,0,0.198440298438072,0.168612152338028,0.253481447696686,0.297659397125244,0.202567994594574,0.236789390444756,0.315861791372299,0.292768985033035,0.159141391515732,0.221543103456497,0.318675637245178,0.385969012975693,0.411298751831055,0.435430705547333,0.427358001470566,0.379328727722168,0.321959555149078,0.413393765687943,0.331104606389999,0.385534077882767,0.215109333395958,0.272317200899124,0.229966580867767,0.232064142823219,0.318287461996078,0.36845201253891,0.453616738319397,0.52615225315094,0.470506757497787,0.509434401988983,0.478930354118347,0.459072977304459,0.387912958860397,0.368418872356415,0.20761202275753,0.0389703065156937,0,0.30211615562439,0.443324327468872,0.534934163093567,0.61608761548996,0.528539955615997,0.525595307350159,0.52531373500824,0.420154511928558,0.194784417748451,0,0,0.192966371774673,0.372477144002914,0.495953172445297,0.562455475330353,0.590739667415619,0.695524096488953,0.613627016544342,0.601818740367889,0.580716907978058,0.587397217750549,0.396405637264252,0.39800626039505,0.499748378992081,0.498783230781555,0.333377689123154,0,0,0.356248289346695,0.524437785148621,0.598705649375916,0.53295224905014,0.580407679080963,0.660709321498871,0.335423022508621,0.0254313219338655,0,0,0.296547085046768,0.517493724822998,0.611631155014038,0.68256002664566,0.564931571483612,0.543482422828674,0.503869473934174,0.571393311023712,0.476581752300262,0,0,0,0,0,0.325524359941483,0,0,0,0,0,0,0,0,0,0,0,0,0,0,0,0,0,0,0,0,0,0,0,0,0,0,0,0,0,0,0,0,0,0,0,0,0,0,0,0,0,0,0,0,0,0,0,0,0,0,0,0,0,0,0,0,0,0,0,0,0,0,0,0,0,0,0,0,0,0,0,0,0,0,0,0,0,0,0,0,0,265
Schwandorf,0,0,0,0,0,0,0,0,0,0,0,0,0,0,0,0,0,0,0,0,0,0,0,0,0,0,0,0,0,0,0,0,0,0,0,0,0,0,0,0,0,0,0,0,0,0,0,0,0,0,0,0,0,0,0,0,0,0,0,0,0,0,0,0,0,0,0,0,0,0,0,0,0,0,0,0,0,0,0,0,0,0,0,0,0,0,0,0,0,0,0,0,0,0,0,0,0,0,0,0,0,0,0,0,0,0,0,0,0,0,0,0,0,0,0,0,0,0,0,0,0,0,0,0,0,0,0,0,0,0,0,0,0,0,0,0,0,0,0,0,0,0,0,0,0,0,0,0,0,0,0,0,0,0,0,0,0,0,0,0,0,0,0,0,0,0,0.00216545863077044,0,0,0,0.00990757998079062,0.0261197090148926,0.0338129624724388,0.0272130966186523,0,0,0.0175577383488417,0.0490696877241135,0.00387509330175817,0,0.0488470010459423,0.0815891921520233,0.0964387580752373,0.117599688470364,0.134232759475708,0.11264368891716,0.107414171099663,0.127173721790314,0.143363237380981,0.071434959769249,0.072027176618576,0,0,0,0.140678524971008,0.111678503453732,0.189201891422272,0.212040856480598,0.126927345991135,0.168891549110413,0.236016973853111,0.212245866656303,0.0917459353804588,0.163928508758545,0.246554270386696,0.288356721401215,0.307415664196014,0.324961811304092,0.303256273269653,0.271081537008286,0.233664378523827,0.30108168721199,0.204705595970154,0.27833479642868,0.145182132720947,0.182142615318298,0.126525461673737,0.180880025029182,0.231448143720627,0.269321203231812,0.327543497085571,0.386056810617447,0.359198808670044,0.385927200317383,0.367862045764923,0.348118305206299,0.266163975000381,0.244510024785995,0.0574827417731285,0,0,0.2043227404356,0.321470081806183,0.387963473796844,0.453654646873474,0.385182321071625,0.392109990119934,0.383292257785797,0.288689017295837,0.0340595282614231,0,0,0.116414599120617,0.258249789476395,0.350626736879349,0.406786203384399,0.431299477815628,0.50435346364975,0.435722857713699,0.421547740697861,0.410621255636215,0.401028037071228,0.277776569128036,0.298208862543106,0.357500106096268,0.363107740879059,0.262980043888092,0,0,0.222936913371086,0.365718513727188,0.43263304233551,0.374751925468445,0.405972719192505,0.461034089326859,0.212365344166756,0,0,0,0.179399952292442,0.345679879188538,0.432416349649429,0.483894199132919,0.407723039388657,0.382791340351105,0.354051679372787,0.414951473474503,0.321366310119629,0,0,0,0,0,0.210349529981613,0,0,0,0,0,0,0,0,0,0,0,0,0,0,0,0,0,0,0,0,0,0,0,0,0,0,0,0,0,0,0,0,0,0,0,0,0,0,0,0,0,0,0,0,0,0,0,0,0,0,0,0,0,0,0,0,0,0,0,0,0,0,0,0,0,0,0,0,0,0,0,0,0,0,0,0,0,0,0,0,0,266
Tirschenreuth,0,0,0,0,0,0,0,0,0,0,0,0,0,0,0,0,0,0,0,0,0,0,0,0,0,0,0,0,0,0,0,0,0,0,0,0,0,0,0,0,0,0,0,0,0,0,0,0,0,0,0,0,0,0,0,0,0,0,0,0,0,0,0,0,0,0,0,0,0,0,0,0,0,0,0,0,0,0,0,0,0,0,0,0,0,0,0,0,0,0,0,0,0,0,0,0,0,0,0,0,0,0,0,0,0,0,0,0,0,0,0,0,0,0,0,0,0,0,0,0,0,0,0,0,0,0,0,0,0,0,0,0,0,0,0,0,0,0,0,0,0,0,0,0,0,0,0,0,0,0,0,0,0,0,0,0,0,0,0,0,0,0,0,0,0,0,0,0,0,0,0,0.0131990956142545,0.0170912351459265,0.0141256889328361,0,0,0,0.0248912945389748,0,0,0.00852973852306604,0.0452375710010529,0.0630873516201973,0.0769605934619904,0.0804563164710999,0.0568952709436417,0.0550291240215302,0.0765955969691277,0.0892413184046745,0.000737881346140057,0,0,0,0,0.0913442000746727,0.00102396029978991,0.137525841593742,0.143700376152992,0.00103145407047123,0.0906107649207115,0.166222244501114,0.126126602292061,0,0.111719980835915,0.184664726257324,0.215232267975807,0.205172181129456,0.224307999014854,0.181670010089874,0.174885764718056,0.163308471441269,0.19210296869278,0.100459173321724,0.183467030525208,0.00165991741232574,0.00198660511523485,0,0.101045347750187,0.126833155751228,0.162457942962646,0.206917300820351,0.270593255758286,0.257898688316345,0.266907274723053,0.283856391906738,0.243162870407104,0.152134865522385,0.117161750793457,0,0,0,0.115034155547619,0.213117256760597,0.252081453800201,0.315290004014969,0.241956979036331,0.262661546468735,0.259619832038879,0.176774978637695,0,0,0,0,0.144985720515251,0.214325860142708,0.287336111068726,0.290820002555847,0.34082093834877,0.276804864406586,0.251247227191925,0.252301692962646,0.243431255221367,0.139099314808846,0.163456007838249,0.243985056877136,0.240203455090523,0.134741097688675,0,0,0.0539000630378723,0.202992454171181,0.270869821310043,0.221578523516655,0.255830973386765,0.286964982748032,0.00220507266931236,0,0,0,0,0.186726406216621,0.244310587644577,0.285893470048904,0.236564800143242,0.18305729329586,0.197279065847397,0.266820341348648,0.181633368134499,0,0,0,0,0,0.0874918773770332,0,0,0,0,0,0,0,0,0,0,0,0,0,0,0,0,0,0,0,0,0,0,0,0,0,0,0,0,0,0,0,0,0,0,0,0,0,0,0,0,0,0,0,0,0,0,0,0,0,0,0,0,0,0,0,0,0,0,0,0,0,0,0,0,0,0,0,0,0,0,0,0,0,0,0,0,0,0,0,0,0,267
Bamberg,0,0,0,0,0,0,0,0,0,0,0,0,0,0,0,0,0,0,0,0,0,0,0,0,0,0,0,0,0,0,0,0,0,0,0,0,0,0,0,0,0,0,0,0,0,0,0,0,0,0,0,0,0,0,0,0,0,0,0,0,0,0,0,0,0,0,0,0,0,0,0,0,0,0,0,0,0,0,0,0,0,0,0,0,0,0,0,0,0,0,0,0,0,0,0,0,0,0,0,0,0,0,0,0,0,0,0,0,0,0,0,0,0,0,0,0,0,0,0,0,0,0,0,0,0,0,0,0,0,0,0,0,0,0,0,0,0,0,0,0,0,0,0,0,0,0,0,0,0,0,0,0,0,0,0,0,0,0,0,0,0,0,0,0,0,0,0,0,0,0,0.0271235350519419,0.0577029027044773,0.0751893296837807,0.0445706136524677,0,0,0.0610269978642464,0.101637624204159,0,0,0.124931834638119,0.188075289130211,0.227329969406128,0.261221796274185,0.241673916578293,0.201071694493294,0.204451516270638,0.263154208660126,0.296355456113815,0.18450103700161,0,0,0,0,0.226522013545036,0.152862340211868,0.408099263906479,0.417906701564789,0.165999993681908,0.319871306419373,0.480762183666229,0.402043789625168,0,0.317158997058868,0.496368825435638,0.578514933586121,0.616219639778137,0.640301287174225,0.556256175041199,0.472706347703934,0.461666703224182,0.585250377655029,0.473577737808228,0.487263232469559,0.318691998720169,0.344275504350662,0.232032716274261,0.341264009475708,0.443694889545441,0.538426041603088,0.646055519580841,0.733851373195648,0.715614497661591,0.743938505649567,0.760018348693848,0.682343363761902,0.513062000274658,0.42495408654213,0,0.0676931738853455,0,0.459712296724319,0.674107849597931,0.770009219646454,0.903537809848785,0.674453914165497,0.74536395072937,0.7547327876091,0.602753341197968,0.0667281672358513,0,0,0.34473192691803,0.507456481456757,0.699998915195465,0.82780396938324,0.772775530815125,0.897740006446838,0.801392436027527,0.748051762580872,0.718009948730469,0.683469831943512,0.370475441217422,0.458359748125076,0.629670321941376,0.697468876838684,0.376373678445816,0,0,0.458337128162384,0.708930611610413,0.836349129676819,0.7383873462677,0.796442270278931,0.800469994544983,0.354931682348251,0,0,0,0.419494569301605,0.625339150428772,0.743988931179047,0.852452993392944,0.747886598110199,0.678997695446014,0.68571537733078,0.865892708301544,0.559982597827911,0,0,0,0,0,0.483649462461472,0,0,0,0,0,0,0,0,0,0,0,0,0,0,0,0,0,0,0,0,0,0,0,0,0,0,0,0,0,0,0,0,0,0,0,0,0,0,0,0,0,0,0,0,0,0,0,0,0,0,0,0,0,0,0,0,0,0,0,0,0,0,0,0,0,0,0,0,0,0,0,0,0,0,0,0,0,0,0,0,0,268
Bayreuth,0,0,0,0,0,0,0,0,0,0,0,0,0,0,0,0,0,0,0,0,0,0,0,0,0,0,0,0,0,0,0,0,0,0,0,0,0,0,0,0,0,0,0,0,0,0,0,0,0,0,0,0,0,0,0,0,0,0,0,0,0,0,0,0,0,0,0,0,0,0,0,0,0,0,0,0,0,0,0,0,0,0,0,0,0,0,0,0,0,0,0,0,0,0,0,0,0,0,0,0,0,0,0,0,0,0,0,0,0,0,0,0,0,0,0,0,0,0,0,0,0,0,0,0,0,0,0,0,0,0,0,0,0,0,0,0,0,0,0,0,0,0,0,0,0,0,0,0,0,0,0,0,0,0,0,0,0,0,0,0,0,0,0,0,0,0,0,0,0,0,0.00653736526146531,0.0239734034985304,0.0290471985936165,0.02162104845047,0,0,0,0.0416028499603271,0,0,0.0430822558701038,0.0751359537243843,0.0958524346351624,0.120506398379803,0.117984153330326,0.0905405655503273,0.09419946372509,0.124235868453979,0.131834626197815,0.0356473252177238,0,0,0,0,0.126102700829506,0.0448389798402786,0.202016398310661,0.209550976753235,0,0.143210500478745,0.235480546951294,0.196087166666985,0,0.155488163232803,0.256306409835815,0.303246289491653,0.307301640510559,0.330090999603271,0.265657275915146,0.239503160119057,0.231429919600487,0.290898382663727,0.189369335770607,0.242290332913399,0.111231707036495,0.134043425321579,0,0.155583828687668,0.210301607847214,0.266743898391724,0.317619949579239,0.381015419960022,0.364338636398315,0.381781846284866,0.385308235883713,0.340331196784973,0.233633399009705,0.186197742819786,0,0,0,0.198517397046089,0.318507760763168,0.371133208274841,0.451554328203201,0.334938555955887,0.3695327937603,0.364355087280273,0.272629022598267,0,0,0,0,0.222912460565567,0.32051619887352,0.410185784101486,0.393213897943497,0.466309100389481,0.39469176530838,0.376059472560883,0.354910105466843,0.336922377347946,0.184424981474876,0.22379994392395,0.321460515260696,0.333228409290314,0.16448575258255,0,0,0.170356303453445,0.312333762645721,0.394927710294724,0.334829419851303,0.368870496749878,0.403175503015518,0.0896734744310379,0,0,0,0.0813036113977432,0.28683540225029,0.353817611932755,0.417557865381241,0.356069356203079,0.305743247270584,0.302709311246872,0.399905502796173,0.26916429400444,0,0,0,0,0,0.187252700328827,0,0,0,0,0,0,0,0,0,0,0,0,0,0,0,0,0,0,0,0,0,0,0,0,0,0,0,0,0,0,0,0,0,0,0,0,0,0,0,0,0,0,0,0,0,0,0,0,0,0,0,0,0,0,0,0,0,0,0,0,0,0,0,0,0,0,0,0,0,0,0,0,0,0,0,0,0,0,0,0,0,269
Coburg,0,0,0,0,0,0,0,0,0,0,0,0,0,0,0,0,0,0,0,0,0,0,0,0,0,0,0,0,0,0,0,0,0,0,0,0,0,0,0,0,0,0,0,0,0,0,0,0,0,0,0,0,0,0,0,0,0,0,0,0,0,0,0,0,0,0,0,0,0,0,0,0,0,0,0,0,0,0,0,0,0,0,0,0,0,0,0,0,0,0,0,0,0,0,0,0,0,0,0,0,0,0,0,0,0,0,0,0,0,0,0,0,0,0,0,0,0,0,0,0,0,0,0,0,0,0,0,0,0,0,0,0,0,0,0,0,0,0,0,0,0,0,0,0,0,0,0,0,0,0,0,0,0,0,0,0,0,0,0,0,0,0,0,0,0,0,0,0,0,0,0.0139198461547494,0.0327416993677616,0.0386176072061062,0.0245510265231133,0,0,0,0.048806507140398,0,0,0.0651423260569572,0.0955723524093628,0.117554672062397,0.133004173636436,0.114673420786858,0.100976996123791,0.106196895241737,0.134206682443619,0.161055058240891,0.0831522420048714,0,0,0,0,0.112795554101467,0,0.215153515338898,0.215953156352043,0,0.159196302294731,0.246608808636665,0.187811106443405,0,0.177359059453011,0.275619119405746,0.317474514245987,0.319223642349243,0.333730846643448,0.267931818962097,0.238889187574387,0.233165204524994,0.282622694969177,0.246752426028252,0.234718888998032,0.11998375505209,0.151280075311661,0,0.158073276281357,0.230856150388718,0.279392391443253,0.323915481567383,0.385624289512634,0.386023849248886,0.386679887771606,0.414455443620682,0.327933520078659,0.259552210569382,0.171836331486702,0,0,0,0.22624383866787,0.329122006893158,0.387385159730911,0.453687340021133,0.340309858322144,0.36870601773262,0.365098118782043,0.300773561000824,0,0,0,0.131397038698196,0.256298810243607,0.329494595527649,0.424040377140045,0.396704792976379,0.448837637901306,0.392427086830139,0.365384876728058,0.359466701745987,0.311734944581985,0.188173994421959,0.2472243309021,0.344823628664017,0.352054476737976,0.168721348047256,0,0,0.228503003716469,0.346958547830582,0.418726891279221,0.365902215242386,0.394844591617584,0.391533523797989,0.183179184794426,0,0,0,0.154873624444008,0.289040923118591,0.327706962823868,0.401657611131668,0.344484597444534,0.305099308490753,0.324498802423477,0.421284824609756,0.284810096025467,0,0,0,0,0,0.218253403902054,0,0,0,0,0,0,0,0,0,0,0,0,0,0,0,0,0,0,0,0,0,0,0,0,0,0,0,0,0,0,0,0,0,0,0,0,0,0,0,0,0,0,0,0,0,0,0,0,0,0,0,0,0,0,0,0,0,0,0,0,0,0,0,0,0,0,0,0,0,0,0,0,0,0,0,0,0,0,0,0,0,270
Hof,0,0,0,0,0,0,0,0,0,0,0,0,0,0,0,0,0,0,0,0,0,0,0,0,0,0,0,0,0,0,0,0,0,0,0,0,0,0,0,0,0,0,0,0,0,0,0,0,0,0,0,0,0,0,0,0,0,0,0,0,0,0,0,0,0,0,0,0,0,0,0,0,0,0,0,0,0,0,0,0,0,0,0,0,0,0,0,0,0,0,0,0,0,0,0,0,0,0,0,0,0,0,0,0,0,0,0,0,0,0,0,0,0,0,0,0,0,0,0,0,0,0,0,0,0,0,0,0,0,0,0,0,0,0,0,0,0,0,0,0,0,0,0,0,0,0,0,0,0,0,0,0,0,0,0,0,0,0,0,0,0,0,0,0,0,0,0,0,0,0,0.000125147504149936,0.0155456392094493,0.0191604476422071,0.0150901498273015,0,0,0,0.0253947544842958,0,0,0.019450394436717,0.0534575544297695,0.0718561261892319,0.087311789393425,0.0775346606969833,0.0545042231678963,0.0507758744060993,0.0866855606436729,0.0968726128339767,0,0,0,0,0,0.0913176238536835,0.00120001146569848,0.156479984521866,0.154063194990158,0,0.0776601359248161,0.172382831573486,0.105101242661476,0,0.125961899757385,0.203590378165245,0.235055819153786,0.20761901140213,0.23548436164856,0.177439197897911,0.183073624968529,0.174898758530617,0.174096956849098,0.106900759041309,0.177136436104774,0,0,0,0,0.13609904050827,0.167584806680679,0.20705857872963,0.282537639141083,0.275789141654968,0.281765282154083,0.295049667358398,0.234559699892998,0.158656343817711,0.0850032269954681,0,0,0,0.124791212379932,0.217956230044365,0.24512979388237,0.329349130392075,0.237928822636604,0.271666705608368,0.26459926366806,0.192654386162758,0,0,0,0,0.144900545477867,0.232060685753822,0.314552307128906,0.282680660486221,0.329937756061554,0.279502332210541,0.272071123123169,0.253992885351181,0.233881771564484,0.086027704179287,0.166313171386719,0.243874087929726,0.246814161539078,0,0,0,0.00222968962043524,0.203407183289528,0.283976197242737,0.230528563261032,0.264366686344147,0.291228115558624,0,0,0,0,0,0.198107048869133,0.228281602263451,0.280081659555435,0.232613876461983,0.149197727441788,0.217372760176659,0.293554484844208,0.169715598225594,0,0,0,0,0,0.0954822599887848,0,0,0,0,0,0,0,0,0,0,0,0,0,0,0,0,0,0,0,0,0,0,0,0,0,0,0,0,0,0,0,0,0,0,0,0,0,0,0,0,0,0,0,0,0,0,0,0,0,0,0,0,0,0,0,0,0,0,0,0,0,0,0,0,0,0,0,0,0,0,0,0,0,0,0,0,0,0,0,0,0,271
Bamberg,0,0,0,0,0,0,0,0,0,0,0,0,0,0,0,0,0,0,0,0,0,0,0,0,0,0,0,0,0,0,0,0,0,0,0,0,0,0,0,0,0,0,0,0,0,0,0,0,0,0,0,0,0,0,0,0,0,0,0,0,0,0,0,0,0,0,0,0,0,0,0,0,0,0,0,0,0,0,0,0,0,0,0,0,0,0,0,0,0,0,0,0,0,0,0,0,0,0,0,0,0,0,0,0,0,0,0,0,0,0,0,0,0,0,0,0,0,0,0,0,0,0,0,0,0,0,0,0,0,0,0,0,0,0,0,0,0,0,0,0,0,0,0,0,0,0,0,0,0,0,0,0,0,0,0,0,0,0,0,0,0,0,0,0,0,0,0,0,0,0,0.0205352418124676,0.0449501313269138,0.0577595494687557,0.0288756266236305,0,0,0.0438941940665245,0.0784602537751198,0.00441940827295184,0,0.093856006860733,0.142871990799904,0.173201248049736,0.200528278946877,0.185669153928757,0.155451476573944,0.157730832695961,0.203655377030373,0.230294749140739,0.140286400914192,0,0,0,0,0.17560501396656,0.11019816249609,0.315545290708542,0.322608798742294,0.115412071347237,0.240923449397087,0.36968657374382,0.309026956558228,0.0136264860630035,0.24908035993576,0.384863197803497,0.448341190814972,0.475676894187927,0.497003972530365,0.430164366960526,0.36690092086792,0.359298586845398,0.453373819589615,0.368180632591248,0.376260787248611,0.240058109164238,0.263960361480713,0.151324689388275,0.260800004005432,0.344564616680145,0.416747361421585,0.500691711902618,0.569748520851135,0.556057512760162,0.579143047332764,0.591267049312592,0.526818454265594,0.399046093225479,0.323711335659027,0,0.0836301222443581,0,0.356471806764603,0.520675241947174,0.596740305423737,0.700126647949219,0.523485004901886,0.57796049118042,0.583678960800171,0.472582966089249,0.06482844799757,0,0,0.263243407011032,0.394590735435486,0.54222846031189,0.645857334136963,0.6015345454216,0.69584846496582,0.622919201850891,0.583860695362091,0.557895064353943,0.527395367622375,0.28626337647438,0.358092367649078,0.49009045958519,0.538519382476807,0.279817134141922,0,0,0.358296453952789,0.55286055803299,0.649338722229004,0.575295209884644,0.620374917984009,0.618404388427734,0.278721868991852,0,0,0,0.324260741472244,0.48601621389389,0.576306939125061,0.662232637405396,0.579284250736237,0.525762498378754,0.533214449882507,0.67511248588562,0.433564603328705,0,0,0,0,0.0167889036238194,0.374743342399597,0,0,0,0,0,0,0,0,0,0,0,0,0,0,0,0,0,0,0,0,0,0,0,0.00741471769288182,0,0,0,0,0,0,0,0,0,0,0,0,0,0,0,0,0,0,0,0,0,0,0,0,0,0,0,0,0,0,0,0,0,0,0,0,0,0,0,0,0,0,0,0,0,0,0,0,0,0,0,0,0,0,0,0,0,272
Bayreuth,0,0,0,0,0,0,0,0,0,0,0,0,0,0,0,0,0,0,0,0,0,0,0,0,0,0,0,0,0,0,0,0,0,0,0,0,0,0,0,0,0,0,0,0,0,0,0,0,0,0,0,0,0,0,0,0,0,0,0,0,0,0,0,0,0,0,0,0,0,0,0,0,0,0,0,0,0,0,0,0,0,0,0,0,0,0,0,0,0,0,0,0,0,0,0,0,0,0,0,0,0,0,0,0,0,0,0,0,0,0,0,0,0,0,0,0,0,0,0,0,0,0,0,0,0,0,0,0,0,0,0,0,0,0,0,0,0,0,0,0,0,0,0,0,0,0,0,0,0,0,0,0,0,0,0,0,0,0,0,0,0,0,0,0,0,0,0,0,0,0,0.0069901836104691,0.0222740173339844,0.0272172503173351,0.0189355760812759,0,0,0.00592993479222059,0.0384142212569714,0,0,0.0395280309021473,0.07102932035923,0.0900220796465874,0.112627156078815,0.109985552728176,0.0837869048118591,0.0872702822089195,0.116228260099888,0.12440037727356,0.0262430887669325,0,0,0,0,0.116352766752243,0.0251108389347792,0.189431294798851,0.193709060549736,0.0289919003844261,0.134541064500809,0.220745772123337,0.176961481571198,0,0.143753439188004,0.240943133831024,0.28350618481636,0.285065114498138,0.307693123817444,0.249789386987686,0.225159019231796,0.214887917041779,0.267451673746109,0.175728023052216,0.225676640868187,0.0881954878568649,0.105454482138157,0,0.120749264955521,0.189418599009514,0.243796825408936,0.295604825019836,0.356030315160751,0.337251722812653,0.355130821466446,0.359792053699493,0.312997281551361,0.213377699255943,0.164850860834122,0,0,0,0.181203782558441,0.293778538703918,0.343686759471893,0.419773459434509,0.307881772518158,0.34336856007576,0.337998539209366,0.248812258243561,0,0,0,0.00463380152359605,0.197640791535378,0.296611845493317,0.379057914018631,0.363163262605667,0.429765075445175,0.362342000007629,0.348711997270584,0.326918303966522,0.308300614356995,0.160070821642876,0.208375260233879,0.293350636959076,0.30118864774704,0.12521804869175,0,0,0.129375278949738,0.289649575948715,0.365788578987122,0.306193739175797,0.340378731489182,0.36737921833992,0.0810026675462723,0,0,0,0.0953349992632866,0.268994033336639,0.326855003833771,0.382641553878784,0.326130777597427,0.278491050004959,0.283779978752136,0.370608955621719,0.238393917679787,0,0,0,0,0,0.159002020955086,0,0,0,0,0,0,0,0,0,0,0,0,0,0,0,0,0,0,0,0,0,0,0,0,0,0,0,0,0,0,0,0,0,0,0,0,0,0,0,0,0,0,0,0,0,0,0,0,0,0,0,0,0,0,0,0,0,0,0,0,0,0,0,0,0,0,0,0,0,0,0,0,0,0,0,0,0,0,0,0,0,273
Coburg,0,0,0,0,0,0,0,0,0,0,0,0,0,0,0,0,0,0,0,0,0,0,0,0,0,0,0,0,0,0,0,0,0,0,0,0,0,0,0,0,0,0,0,0,0,0,0,0,0,0,0,0,0,0,0,0,0,0,0,0,0,0,0,0,0,0,0,0,0,0,0,0,0,0,0,0,0,0,0,0,0,0,0,0,0,0,0,0,0,0,0,0,0,0,0,0,0,0,0,0,0,0,0,0,0,0,0,0,0,0,0,0,0,0,0,0,0,0,0,0,0,0,0,0,0,0,0,0,0,0,0,0,0,0,0,0,0,0,0,0,0,0,0,0,0,0,0,0,0,0,0,0,0,0,0,0,0,0,0,0,0,0,0,0,0,0,0,0,0,0,0.0126674603670835,0.0307084675878286,0.0363507196307182,0.0217303801327944,0,0,0.00256999093107879,0.047040868550539,0,0,0.0612937249243259,0.0915544182062149,0.112972594797611,0.129128009080887,0.111096434295177,0.0966863483190536,0.101833403110504,0.129982993006706,0.155258327722549,0.0762805342674255,0,0,0,0,0.106792576611042,0.00305979908443987,0.210532143712044,0.210522413253784,0.00310884183272719,0.152155265212059,0.240393683314323,0.181456848978996,0,0.173774272203445,0.269189059734344,0.31095352768898,0.311269730329514,0.327337503433228,0.262264043092728,0.233172342181206,0.225937098264694,0.274763077497482,0.237392291426659,0.228346779942513,0.10686944425106,0.139592558145523,0.00426025735214353,0.145516201853752,0.222766071557999,0.271478980779648,0.31681302189827,0.377173334360123,0.377455919981003,0.378100693225861,0.405074030160904,0.320615023374557,0.251588612794876,0.158791154623032,0,0,0,0.216768354177475,0.320825904607773,0.376597613096237,0.444307386875153,0.33177438378334,0.361196309328079,0.356094062328339,0.291386038064957,0,0,0,0.118468016386032,0.244640007615089,0.32256144285202,0.415927618741989,0.387810826301575,0.439344942569733,0.384835541248322,0.359618574380875,0.350138276815414,0.303276687860489,0.168724521994591,0.236713230609894,0.332574665546417,0.340970695018768,0.145409062504768,0,0,0.211357444524765,0.335667818784714,0.40672978758812,0.355480879545212,0.383113503456116,0.380358010530472,0.159552723169327,0,0,0,0.136422082781792,0.281014800071716,0.31958019733429,0.391023904085159,0.335402190685272,0.293005585670471,0.316353172063828,0.411253035068512,0.272226363420486,0,0,0,0,0,0.200778514146805,0,0,0,0,0,0,0,0,0,0,0,0,0,0,0,0,0,0,0,0,0,0,0,0,0,0,0,0,0,0,0,0,0,0,0,0,0,0,0,0,0,0,0,0,0,0,0,0,0,0,0,0,0,0,0,0,0,0,0,0,0,0,0,0,0,0,0,0,0,0,0,0,0,0,0,0,0,0,0,0,0,274
Forchheim,0,0,0,0,0,0,0,0,0,0,0,0,0,0,0,0,0,0,0,0,0,0,0,0,0,0,0,0,0,0,0,0,0,0,0,0,0,0,0,0,0,0,0,0,0,0,0,0,0,0,0,0,0,0,0,0,0,0,0,0,0,0,0,0,0,0,0,0,0,0,0,0,0,0,0,0,0,0,0,0,0,0,0,0,0,0,0,0,0,0,0,0,0,0,0,0,0,0,0,0,0,0,0,0,0,0,0,0,0,0,0,0,0,0,0,0,0,0,0,0,0,0,0,0,0,0,0,0,0,0,0,0,0,0,0,0,0,0,0,0,0,0,0,0,0,0,0,0,0,0,0,0,0,0,0,0,0,0,0,0,0,0,0,0,0,0,7.04987542121671e-06,0,0,0,0.0226883757859468,0.0425096787512302,0.0528589561581612,0.0308483503758907,0,0,0.0443379245698452,0.0719442442059517,0.0122912526130676,0,0.0848258063197136,0.128437861800194,0.154044032096863,0.182486400008202,0.177841201424599,0.142321422696114,0.147879153490067,0.189371064305305,0.202884539961815,0.114842288196087,0,0,0,0,0.184078648686409,0.0965726524591446,0.288465440273285,0.289315551519394,0.131975144147873,0.23039922118187,0.33536097407341,0.275332361459732,0.0382318273186684,0.21916438639164,0.351787239313126,0.40225675702095,0.423793941736221,0.451767057180405,0.395781993865967,0.343416005373001,0.326522141695023,0.410867124795914,0.310913443565369,0.345957785844803,0.213989272713661,0.238647162914276,0.126995727419853,0.230858534574509,0.310313701629639,0.381186753511429,0.459500342607498,0.525733649730682,0.494698345661163,0.528428077697754,0.529403448104858,0.47346419095993,0.351845234632492,0.305682510137558,0,0.123455241322517,0,0.328750133514404,0.46725007891655,0.543062686920166,0.640067577362061,0.475618630647659,0.53312873840332,0.535898745059967,0.411515563726425,0.0459108203649521,0,0,0.173985183238983,0.344211488962173,0.492213189601898,0.58492648601532,0.560845136642456,0.644499838352203,0.570721805095673,0.553539633750916,0.521252810955048,0.491789668798447,0.281866431236267,0.352624535560608,0.449776321649551,0.475182920694351,0.244145199656487,0,0,0.302446603775024,0.517080128192902,0.616659641265869,0.520029008388519,0.575822353363037,0.577439367771149,0.261705875396729,0,0,0,0.339609235525131,0.486793011426926,0.562263369560242,0.630348324775696,0.546023547649384,0.512287437915802,0.517215669155121,0.637470781803131,0.396358013153076,0,0,0,0,0.000116362956759986,0.328359037637711,0,0,0,0,0,0,0,0,0,0,0,0,0,0,0,0,0,0,0,0,0,0,0,0.0526149831712246,0,0,0,0,0,0,0,0,0,0,0,0,0,0,0,0,0,0,0,0,0,0,0,0,0,0,0,0,0,0,0,0,0,0,0,0,0,0,0,0,0,0,0,0,0,0,0,0,0,0,0,0,0,0,0,0,0,275
Hof,0,0,0,0,0,0,0,0,0,0,0,0,0,0,0,0,0,0,0,0,0,0,0,0,0,0,0,0,0,0,0,0,0,0,0,0,0,0,0,0,0,0,0,0,0,0,0,0,0,0,0,0,0,0,0,0,0,0,0,0,0,0,0,0,0,0,0,0,0,0,0,0,0,0,0,0,0,0,0,0,0,0,0,0,0,0,0,0,0,0,0,0,0,0,0,0,0,0,0,0,0,0,0,0,0,0,0,0,0,0,0,0,0,0,0,0,0,0,0,0,0,0,0,0,0,0,0,0,0,0,0,0,0,0,0,0,0,0,0,0,0,0,0,0,0,0,0,0,0,0,0,0,0,0,0,0,0,0,0,0,0,0,0,0,0,0,0,0,0,0,0.000687167455907911,0.0122392233461142,0.015229600481689,0.011744387447834,0,0,0,0.0204973500221968,0,0,0.0161211639642715,0.042608518153429,0.0577280595898628,0.0698456168174744,0.0609798468649387,0.0443266183137894,0.0412920936942101,0.0691428706049919,0.078806184232235,0,0,0,0,0,0.0715240985155106,0.00655253184959292,0.12571993470192,0.124876610934734,0,0.064014807343483,0.138640522956848,0.0865890830755234,0,0.0999830216169357,0.16353851556778,0.191033527255058,0.169420078396797,0.190692961215973,0.143618240952492,0.14639700949192,0.138883665204048,0.141331359744072,0.0949323177337646,0.138450920581818,0,0.00103134091477841,0,0.00481247156858444,0.109348990023136,0.137192294001579,0.16781160235405,0.226480603218079,0.224454283714294,0.226792097091675,0.238593101501465,0.188689485192299,0.129978150129318,0.0679598897695541,0,0,0,0.100285641849041,0.176126718521118,0.197335407137871,0.263840556144714,0.190586745738983,0.216980874538422,0.208837389945984,0.156778886914253,0,0,0,0.00111532560549676,0.114438287913799,0.186326667666435,0.252782136201859,0.22769695520401,0.266577899456024,0.225204333662987,0.219660133123398,0.20376044511795,0.185882091522217,0.0253483932465315,0.126290157437325,0.194143563508987,0.199030980467796,0,0,0,0.012077210471034,0.161486133933067,0.230022072792053,0.186696723103523,0.212073415517807,0.233244761824608,0.0010929882992059,0,0,0,0,0.157666057348251,0.181845054030418,0.223234802484512,0.183943033218384,0.116989195346832,0.17121297121048,0.233213886618614,0.136857494711876,0,0,0,0,0,0.0745012611150742,0,0,0,0,0,0,0,0,0,0,0,0,0,0,0,0,0,0,0,0,0,0,0,0,0,0,0,0,0,0,0,0,0,0,0,0,0,0,0,0,0,0,0,0,0,0,0,0,0,0,0,0,0,0,0,0,0,0,0,0,0,0,0,0,0,0,0,0,0,0,0,0,0,0,0,0,0,0,0,0,0,276
Kronach,0,0,0,0,0,0,0,0,0,0,0,0,0,0,0,0,0,0,0,0,0,0,0,0,0,0,0,0,0,0,0,0,0,0,0,0,0,0,0,0,0,0,0,0,0,0,0,0,0,0,0,0,0,0,0,0,0,0,0,0,0,0,0,0,0,0,0,0,0,0,0,0,0,0,0,0,0,0,0,0,0,0,0,0,0,0,0,0,0,0,0,0,0,0,0,0,0,0,0,0,0,0,0,0,0,0,0,0,0,0,0,0,0,0,0,0,0,0,0,0,0,0,0,0,0,0,0,0,0,0,0,0,0,0,0,0,0,0,0,0,0,0,0,0,0,0,0,0,0,0,0,0,0,0,0,0,0,0,0,0,0,0,0,0,0,0,0,0,0,0,0.00317988684400916,0.0179221108555794,0.0215370636433363,0.0157333202660084,0,0,0,0.0307766441255808,0,0,0.0339312665164471,0.0622170157730579,0.0793949514627457,0.0951052531599998,0.0802175030112267,0.0645022317767143,0.0646696537733078,0.0959688723087311,0.111914977431297,0.021841699257493,0,0,0,0,0.08832748234272,0.000278145860647783,0.165740936994553,0.165529519319534,0,0.101700969040394,0.18604764342308,0.126684725284576,0,0.135260477662086,0.218189939856529,0.253471404314041,0.233477145433426,0.254255712032318,0.194769605994225,0.186732798814774,0.175526008009911,0.197533473372459,0.166949138045311,0.175285115838051,0.00626793736591935,0.0446444600820541,0,0.0695492029190063,0.158200144767761,0.195845425128937,0.23561318218708,0.303120344877243,0.297044068574905,0.29883223772049,0.320438086986542,0.249752208590508,0.181966990232468,0.0785269737243652,0,0,0,0.146484300494194,0.241121202707291,0.272309184074402,0.351311147212982,0.253290146589279,0.282393962144852,0.273079872131348,0.213157832622528,0,0,0,0.00692824367433786,0.161069869995117,0.24496965110302,0.332040220499039,0.296771109104156,0.352243185043335,0.297471255064011,0.283202528953552,0.266388446092606,0.233879521489143,0.0591401010751724,0.171716943383217,0.257210075855255,0.261099398136139,0.00883601140230894,0,0,0.0683569088578224,0.232138246297836,0.307679414749146,0.256819069385529,0.284500390291214,0.297721564769745,0.0535903200507164,0,0,0,0.00657032709568739,0.204242363572121,0.234303712844849,0.293298244476318,0.244779586791992,0.184048742055893,0.229118868708611,0.301839351654053,0.187986955046654,0,0,0,0,0,0.0857491418719292,0,0,0,0,0,0,0,0,0,0,0,0,0,0,0,0,0,0,0,0,0,0,0,0,0,0,0,0,0,0,0,0,0,0,0,0,0,0,0,0,0,0,0,0,0,0,0,0,0,0,0,0,0,0,0,0,0,0,0,0,0,0,0,0,0,0,0,0,0,0,0,0,0,0,0,0,0,0,0,0,0,277
Kulmbach,0,0,0,0,0,0,0,0,0,0,0,0,0,0,0,0,0,0,0,0,0,0,0,0,0,0,0,0,0,0,0,0,0,0,0,0,0,0,0,0,0,0,0,0,0,0,0,0,0,0,0,0,0,0,0,0,0,0,0,0,0,0,0,0,0,0,0,0,0,0,0,0,0,0,0,0,0,0,0,0,0,0,0,0,0,0,0,0,0,0,0,0,0,0,0,0,0,0,0,0,0,0,0,0,0,0,0,0,0,0,0,0,0,0,0,0,0,0,0,0,0,0,0,0,0,0,0,0,0,0,0,0,0,0,0,0,0,0,0,0,0,0,0,0,0,0,0,0,0,0,0,0,0,0,0,0,0,0,0,0,0,0,0,0,0,0,0,0,0,0,0.00582194747403264,0.0215271320194006,0.025969672948122,0.0203873421996832,0,0,0.00124538934323937,0.0372088104486465,0,0,0.0390615686774254,0.069548636674881,0.088957853615284,0.108705386519432,0.0984725430607796,0.0790661349892616,0.0791804939508438,0.109838590025902,0.122628092765808,0.0393424406647682,0,0,0,0,0.10978988558054,0.0454196371138096,0.182699248194695,0.188503220677376,0.00396807212382555,0.121454730629921,0.206383630633354,0.163387462496758,0,0.143884599208832,0.231489643454552,0.273253291845322,0.264982402324677,0.285966038703918,0.226342499256134,0.209384649991989,0.203387439250946,0.240820810198784,0.178309813141823,0.205297574400902,0.0699944794178009,0.0881539881229401,0,0.117662668228149,0.186529397964478,0.228730231523514,0.266138821840286,0.332238405942917,0.324521690607071,0.332191854715347,0.344162970781326,0.290494948625565,0.207143649458885,0.148368865251541,0,0,0,0.17411781847477,0.277300149202347,0.311503350734711,0.387960404157639,0.288376122713089,0.316212266683578,0.310286700725555,0.243519902229309,0,0,0,0.0648642405867577,0.197310566902161,0.278882801532745,0.362355202436447,0.331756770610809,0.39473620057106,0.336947470903397,0.318391293287277,0.302139550447464,0.279168576002121,0.116101324558258,0.187705293297768,0.279198408126831,0.295382261276245,0.0932037979364395,0,0,0.117239952087402,0.262219578027725,0.339935660362244,0.289692848920822,0.318590611219406,0.341735899448395,0.0931988582015038,0,0,0,0.00993184838443995,0.234073325991631,0.279967069625854,0.342046976089478,0.290228128433228,0.231604695320129,0.252924859523773,0.336546957492828,0.225831225514412,0,0,0,0,0,0.155193641781807,0,0,0,0,0,0,0,0,0,0,0,0,0,0,0,0,0,0,0,0,0,0,0,0,0,0,0,0,0,0,0,0,0,0,0,0,0,0,0,0,0,0,0,0,0,0,0,0,0,0,0,0,0,0,0,0,0,0,0,0,0,0,0,0,0,0,0,0,0,0,0,0,0,0,0,0,0,0,0,0,0,278
Lichtenfels,0,0,0,0,0,0,0,0,0,0,0,0,0,0,0,0,0,0,0,0,0,0,0,0,0,0,0,0,0,0,0,0,0,0,0,0,0,0,0,0,0,0,0,0,0,0,0,0,0,0,0,0,0,0,0,0,0,0,0,0,0,0,0,0,0,0,0,0,0,0,0,0,0,0,0,0,0,0,0,0,0,0,0,0,0,0,0,0,0,0,0,0,0,0,0,0,0,0,0,0,0,0,0,0,0,0,0,0,0,0,0,0,0,0,0,0,0,0,0,0,0,0,0,0,0,0,0,0,0,0,0,0,0,0,0,0,0,0,0,0,0,0,0,0,0,0,0,0,0,0,0,0,0,0,0,0,0,0,0,0,0,0,0,0,0,0,0,0,0,0,0.0130247203633189,0.0307706277817488,0.0373499840497971,0.0256051309406757,0,0,0.0180314481258392,0.04988968744874,0,0,0.0633488446474075,0.0961822345852852,0.118215419352055,0.137668952345848,0.122459873557091,0.104400061070919,0.109037257730961,0.139371111989021,0.161745101213455,0.0828296989202499,0,0,0,0,0.123292066156864,0.0111955497413874,0.223087996244431,0.227303519845009,7.23602061043493e-05,0.16679060459137,0.25847402215004,0.20488066971302,0,0.176677405834198,0.282936096191406,0.330688267946243,0.336084753274918,0.350867241621017,0.286580145359039,0.252225071191788,0.24669086933136,0.305450290441513,0.253712147474289,0.25363552570343,0.131814941763878,0.157079741358757,9.91601045825519e-05,0.170454442501068,0.239118918776512,0.292475908994675,0.344691962003708,0.407631516456604,0.40055650472641,0.407577663660049,0.430070966482162,0.357885658740997,0.269312411546707,0.19709487259388,0,0,0,0.237185269594193,0.354180574417114,0.409114867448807,0.485351294279099,0.362008601427078,0.394481509923935,0.39360910654068,0.316875666379929,0,0,0,0.13933752477169,0.265866786241531,0.359624922275543,0.451669633388519,0.416998356580734,0.488415569067001,0.423073261976242,0.394501686096191,0.383596807718277,0.348244220018387,0.193398520350456,0.254468142986298,0.358233690261841,0.375911295413971,0.179362177848816,0,0,0.231014400720596,0.366948455572128,0.445428669452667,0.387828975915909,0.421578347682953,0.428817361593246,0.181384325027466,0,0,0,0.146419256925583,0.313818395137787,0.366922438144684,0.443883001804352,0.384851038455963,0.33647608757019,0.349030613899231,0.44942981004715,0.302073925733566,0,0,0,0,0,0.231956228613853,0,0,0,0,0,0,0,0,0,0,0,0,0,0,0,0,0,0,0,0,0,0,0,0,0,0,0,0,0,0,0,0,0,0,0,0,0,0,0,0,0,0,0,0,0,0,0,0,0,0,0,0,0,0,0,0,0,0,0,0,0,0,0,0,0,0,0,0,0,0,0,0,0,0,0,0,0,0,0,0,0,279
Wunsiedel i.Fichtelgebirge,0,0,0,0,0,0,0,0,0,0,0,0,0,0,0,0,0,0,0,0,0,0,0,0,0,0,0,0,0,0,0,0,0,0,0,0,0,0,0,0,0,0,0,0,0,0,0,0,0,0,0,0,0,0,0,0,0,0,0,0,0,0,0,0,0,0,0,0,0,0,0,0,0,0,0,0,0,0,0,0,0,0,0,0,0,0,0,0,0,0,0,0,0,0,0,0,0,0,0,0,0,0,0,0,0,0,0,0,0,0,0,0,0,0,0,0,0,0,0,0,0,0,0,0,0,0,0,0,0,0,0,0,0,0,0,0,0,0,0,0,0,0,0,0,0,0,0,0,0,0,0,0,0,0,0,0,0,0,0,0,0,0,0,0,0,0,0,0,0,0,0,0.00885588675737381,0.0115090254694223,0.00894302129745483,0,0,0,0.0154466275125742,0,0,0.000441577605670318,0.0319698452949524,0.0439811013638973,0.0558745227754116,0.0527505539357662,0.0344981625676155,0.0330087803304195,0.0541500709950924,0.0599341839551926,0,0,0,0,0,0.0583237819373608,0,0.100303992629051,0.0984822139143944,0,0.0509320683777332,0.112560980021954,0.0727027952671051,0,0.0767505317926407,0.132837504148483,0.155246809124947,0.139731958508492,0.157783955335617,0.116972923278809,0.119354903697968,0.112898215651512,0.120530784130096,0.056634072214365,0.120119489729404,0,0,0,0.00210067117586732,0.0770879462361336,0.105634398758411,0.138199254870415,0.189357459545135,0.177422448992729,0.186815500259399,0.196687713265419,0.158158913254738,0.0955636948347092,0.00365734286606312,0,0,0,0.0731165483593941,0.14271055161953,0.164100930094719,0.219119504094124,0.155531704425812,0.177291035652161,0.174227684736252,0.116585329174995,0,0,0,0,0.0845661982893944,0.14356517791748,0.19953465461731,0.18816964328289,0.225008949637413,0.182513132691383,0.173891857266426,0.164339169859886,0.154601559042931,0.0469307526946068,0.10104451328516,0.155026793479919,0.156758412718773,0.00273038446903229,0,0,0,0.1235755905509,0.176173225045204,0.143511444330215,0.167710676789284,0.187340632081032,0,0,0,0,0,0.12291044741869,0.152722924947739,0.182715550065041,0.152793779969215,0.0995273217558861,0.131805956363678,0.184438720345497,0.106433741748333,0,0,0,0,0,0.00327504565939307,0,0,0,0,0,0,0,0,0,0,0,0,0,0,0,0,0,0,0,0,0,0,0,0,0,0,0,0,0,0,0,0,0,0,0,0,0,0,0,0,0,0,0,0,0,0,0,0,0,0,0,0,0,0,0,0,0,0,0,0,0,0,0,0,0,0,0,0,0,0,0,0,0,0,0,0,0,0,0,0,0,280
Ansbach,0,0,0,0,0,0,0,0,0,0,0,0,0,0,0,0,0,0,0,0,0,0,0,0,0,0,0,0,0,0,0,0,0,0,0,0,0,0,0,0,0,0,0,0,0,0,0,0,0,0,0,0,0,0,0,0,0,0,0,0,0,0,0,0,0,0,0,0,0,0,0,0,0,0,0,0,0,0,0,0,0,0,0,0,0,0,0,0,0,0,0,0,0,0,0,0,0,0,0,0,0,0,0,0,0,0,0,0,0,0,0,0,0,0,0,0,0,0,0,0,0,0,0,0,0,0,0,0,0,0,0,0,0,0,0,0,0,0,0,0,0,0,0,0,0,0,0,0,0,0,0,0,0,0,0,0,0,0,0,0,0,0,0,0,0,0,0,0,0,0,0.00362135958857834,0.0265842173248529,0.0339097827672958,0,0,0,0,0.0470550917088985,0,0,0.0505178608000278,0.0858605653047562,0.103114537894726,0.126011371612549,0.125164151191711,0.102254323661327,0.105013109743595,0.137401595711708,0.149702593684196,0.0761609226465225,0,0,0,0,0.12671010196209,0.0961885675787926,0.21343532204628,0.215761080384254,0.106669634580612,0.156747132539749,0.250376641750336,0.200861349701881,0.0630361437797546,0.175765797495842,0.25220862030983,0.307377070188522,0.320801943540573,0.349982678890228,0.318500280380249,0.262985736131668,0.250001579523087,0.324673533439636,0.270269155502319,0.2792087495327,0.147636994719505,0.176650047302246,0.0643340572714806,0.139235824346542,0.227763116359711,0.283388823270798,0.353434801101685,0.410053044557571,0.369310677051544,0.40952205657959,0.39519876241684,0.350522041320801,0.276526123285294,0.242496520280838,0,0.139108791947365,0,0.225962743163109,0.356320172548294,0.413594901561737,0.479112654924393,0.343924522399902,0.398635745048523,0.389675199985504,0.291670829057693,0,0,0,0.165822699666023,0.253643900156021,0.361974090337753,0.432617098093033,0.425624310970306,0.475081235170364,0.43049880862236,0.424124956130981,0.384759336709976,0.362487196922302,0.201946556568146,0.226316347718239,0.287832289934158,0.329015225172043,0,0,0,0.237705156207085,0.38030132651329,0.440599411725998,0.381112337112427,0.416224122047424,0.399620682001114,0.163110807538033,0,0,0,0.23964823782444,0.336614638566971,0.411160588264465,0.450239986181259,0.385965794324875,0.351630449295044,0.353712379932404,0.452432006597519,0.248205855488777,0,0,0,0,0.181446626782417,0.22514408826828,0,0,0,0,0,0,0,0,0,0,0,0,0,0,0,0,0,0,0,0,0,0,0,0,0,0,0,0,0,0,0,0,0,0,0,0,0,0,0,0,0,0,0,0,0,0,0,0,0,0,0,0,0,0,0,0,0,0,0,0,0,0,0,0,0,0,0,0,0,0,0,0,0,0,0,0,0,0,0,0,0,281
Erlangen,0,0,0,0,0,0,0,0,0,0,0,0,0,0,0,0,0,0,0,0,0,0,0,0,0,0,0,0,0,0,0,0,0,0,0,0,0,0,0,0,0,0,0,0,0,0,0,0,0,0,0,0,0,0,0,0,0,0,0,0,0,0,0,0,0,0,0,0,0,0,0,0,0,0,0,0,0,0,0,0,0,0,0,0,0,0,0,0,0,0,0,0,0,0,0,0,0,0,0,0,0,0,0,0,0,0,0,0,0,0,0,0,0,0,0,0,0,0,0,0,0,0,0,0,0,0,0,0,0,0,0,0,0,0,0,0,0,0,0,0,0,0,0,0,0,0,0,0,0,0,0,0,0,0,0,0,0,0,0,0,0,0,0,0,0,0,0.0186447147279978,0,0,0,0.0414891988039017,0.082632452249527,0.104473099112511,0.058705247938633,0,0,0.0873389765620232,0.137843266129494,0.0734711736440659,0,0.157490819692612,0.238993376493454,0.284356296062469,0.327962905168533,0.325156480073929,0.263201266527176,0.263681828975677,0.337715864181519,0.364081293344498,0.237624287605286,0,0,0,0,0.332620680332184,0.247086301445961,0.502453029155731,0.512752175331116,0.26149046421051,0.397615998983383,0.581622242927551,0.496463656425476,0.228145852684975,0.390225052833557,0.601797103881836,0.679442465305328,0.72592157125473,0.777701318264008,0.704968571662903,0.609639108181,0.575756072998047,0.723594903945923,0.56533420085907,0.611851513385773,0.419754862785339,0.459141850471497,0.358803957700729,0.440088748931885,0.57082599401474,0.677296578884125,0.794295728206635,0.906171083450317,0.858214259147644,0.92160838842392,0.910562217235565,0.82793390750885,0.652740120887756,0.584341526031494,0,0.337371826171875,0,0.598220348358154,0.826484799385071,0.948476850986481,1.10954654216766,0.841955006122589,0.93191659450531,0.947881102561951,0.750187635421753,0.296324908733368,0,0,0.453160464763641,0.65360164642334,0.880474984645844,1.0176043510437,0.991748154163361,1.11497092247009,1.01357197761536,0.977607429027557,0.935900926589966,0.881664931774139,0.531908690929413,0.61517745256424,0.783996522426605,0.857878744602203,0.460253983736038,0,0,0.617223680019379,0.927777349948883,1.09832394123077,0.944187641143799,1.03685963153839,1.01898145675659,0.532892942428589,0,0,0,0.634674966335297,0.868719339370728,1.00954437255859,1.11387825012207,0.95875483751297,0.917225241661072,0.921725273132324,1.1320333480835,0.722323834896088,0,0,0,0,0.307743638753891,0.636914312839508,0,0,0,0,0,0,0,0,0,0,0,0,0,0,0,0,0,0,0,0,0,0,0,0.286126375198364,0,0,0,0,0,0,0,0,0,0,0,0,0,0,0,0,0,0,0,0,0,0,0,0,0,0,0,0,0,0,0,0,0,0,0,0,0,0,0,0,0,0,0,0,0,0,0,0,0,0,0,0,0,0,0,0,0,282
Fürth,0,0,0,0,0,0,0,0,0,0,0,0,0,0,0,0,0,0,0,0,0,0,0,0,0,0,0,0,0,0,0,0,0,0,0,0,0,0,0,0,0,0,0,0,0,0,0,0,0,0,0,0,0,0,0,0,0,0,0,0,0,0,0,0,0,0,0,0,0,0,0,0,0,0,0,0,0,0,0,0,0,0,0,0,0,0,0,0,0,0,0,0,0,0,0,0,0,0,0,0,0,0,0,0,0,0,0,0,0,0,0,0,0,0,0,0,0,0,0,0,0,0,0,0,0,0,0,0,0,0,0,0,0,0,0,0,0,0,0,0,0,0,0,0,0,0,0,0,0,0,0,0,0,0,0,0,0,0,0,0,0,0,0,0,0,0,0.0191495958715677,0,0,0,0.0415245480835438,0.08278588950634,0.104619383811951,0.0586258843541145,0,0,0.0872861593961716,0.137934789061546,0.0736680924892426,0,0.157449021935463,0.239109203219414,0.284471422433853,0.328106760978699,0.325668811798096,0.263480573892593,0.263867825269699,0.337936401367188,0.364305436611176,0.237640246748924,0,0,0,0,0.333306521177292,0.247582495212555,0.502512872219086,0.512863278388977,0.261881589889526,0.397520869970322,0.581658482551575,0.496516108512878,0.229025259613991,0.390182822942734,0.601827204227448,0.679274618625641,0.725544333457947,0.777765095233917,0.70540452003479,0.609919309616089,0.575742125511169,0.723651826381683,0.565251350402832,0.611946225166321,0.419650495052338,0.459060221910477,0.359098464250565,0.439707249403,0.570874154567719,0.677228987216949,0.793961942195892,0.906055927276611,0.857623815536499,0.921350240707397,0.909660220146179,0.826994657516479,0.652595043182373,0.584734857082367,0,0.337112605571747,0,0.597518980503082,0.825506210327148,0.947556555271149,1.10847437381744,0.841283440589905,0.931072175502777,0.946842908859253,0.749080896377563,0.295446366071701,0,0,0.452406346797943,0.652963161468506,0.879110515117645,1.01604056358337,0.991088509559631,1.11377155780792,1.01237666606903,0.976912677288055,0.93519002199173,0.880876004695892,0.531958639621735,0.614356100559235,0.782405257225037,0.855928480625153,0.458275139331818,0,0,0.616767227649689,0.926469683647156,1.09661912918091,0.942533195018768,1.03546380996704,1.01721811294556,0.532695472240448,0,0,0,0.634100735187531,0.867884695529938,1.00837397575378,1.11223495006561,0.956773221492767,0.915659725666046,0.9201580286026,1.12984776496887,0.720690548419952,0,0,0,0,0.318307846784592,0.635741412639618,0,0,0,0,0,0,0,0,0,0,0,0,0,0,0,0,0,0,0,0,0,0,0,0.286642104387283,0,0,0,0,0,0,0,0,0,0,0,0,0,0,0,0,0,0,0,0,0,0,0,0,0,0,0,0,0,0,0,0,0,0,0,0,0,0,0,0,0,0,0,0,0,0,0,0,0,0,0,0,0,0,0,0,0,283
Nürnberg,0,0,0,0,0,0,0,0,0,0,0,0,0,0,0,0,0,0,0,0,0,0,0,0,0,0,0,0,0,0,0,0,0,0,0,0,0,0,0,0,0,0,0,0,0,0,0,0,0,0,0,0,0,0,0,0,0,0,0,0,0,0,0,0,0,0,0,0,0,0,0,0,0,0,0,0,0,0,0,0,0,0,0,0,0,0,0,0,0,0,0,0,0,0,0,0,0,0,0,0,0,0,0,0,0,0,0,0,0,0,0,0,0,0,0,0,0,0,0,0,0,0,0,0,0,0,0,0,0,0,0,0,0,0,0,0,0,0,0,0,0,0,0,0,0,0,0,0,0,0,0,0,0,0,0,0,0,0,0,0,0,0,0,0,0,0,0.00353083829395473,0,0,0,0.0255008526146412,0.0513963885605335,0.0650355443358421,0.0346365496516228,0,0,0.0511673390865326,0.0857932716608047,0.0434725023806095,0,0.0982214733958244,0.153298065066338,0.183554023504257,0.212879866361618,0.217607706785202,0.17298835515976,0.17309981584549,0.222412794828415,0.243029356002808,0.146756857633591,0,0,0,0,0.231292441487312,0.158432707190514,0.335578143596649,0.34384286403656,0.170430928468704,0.26609668135643,0.393436461687088,0.337236613035202,0.147498697042465,0.260759770870209,0.408883601427078,0.463893473148346,0.495387345552444,0.533767819404602,0.48969379067421,0.417467951774597,0.390607953071594,0.497997015714645,0.391655415296555,0.425491154193878,0.28008097410202,0.30449765920639,0.235795453190804,0.290510088205338,0.388222873210907,0.463739722967148,0.548610508441925,0.634862720966339,0.592982053756714,0.64007031917572,0.622625589370728,0.562261998653412,0.446765214204788,0.407513320446014,0,0.200085029006004,0,0.397567957639694,0.568658947944641,0.659358620643616,0.774032831192017,0.590210258960724,0.64930522441864,0.654901027679443,0.502550303936005,0.0819877684116364,0,0,0.283884435892105,0.444935888051987,0.602758407592773,0.703971445560455,0.705561220645905,0.796618700027466,0.712676525115967,0.69031810760498,0.657436847686768,0.627109050750732,0.380119413137436,0.426014691591263,0.546072661876678,0.586288094520569,0.29642254114151,0,0,0.426233172416687,0.653821647167206,0.771964967250824,0.657128751277924,0.727181136608124,0.723876178264618,0.367896348237991,0,0,0,0.438769489526749,0.62270849943161,0.725853502750397,0.798506498336792,0.679756879806519,0.649350702762604,0.652868032455444,0.799746751785278,0.505908250808716,0,0,0,0,0.0986468717455864,0.449102163314819,0,0,0,0,0,0,0,0,0,0,0,0,0,0,0,0,0,0,0,0,0,0,0,0.204608365893364,0,0,0,0,0,0,0,0,0,0,0,0,0,0,0,0,0,0,0,0,0,0,0,0,0,0,0,0,0,0,0,0,0,0,0,0,0,0,0,0,0,0,0,0,0,0,0,0,0,0,0,0,0,0,0,0,0,284
Schwabach,0,0,0,0,0,0,0,0,0,0,0,0,0,0,0,0,0,0,0,0,0,0,0,0,0,0,0,0,0,0,0,0,0,0,0,0,0,0,0,0,0,0,0,0,0,0,0,0,0,0,0,0,0,0,0,0,0,0,0,0,0,0,0,0,0,0,0,0,0,0,0,0,0,0,0,0,0,0,0,0,0,0,0,0,0,0,0,0,0,0,0,0,0,0,0,0,0,0,0,0,0,0,0,0,0,0,0,0,0,0,0,0,0,0,0,0,0,0,0,0,0,0,0,0,0,0,0,0,0,0,0,0,0,0,0,0,0,0,0,0,0,0,0,0,0,0,0,0,0,0,0,0,0,0,0,0,0,0,0,0,0,0,0,0,0,0,0,0,0,0,0.019279919564724,0.0408865548670292,0.0520315766334534,0.0246349181979895,0,0,0.0383162386715412,0.0684606283903122,0.0354581810534,0,0.0769829377532005,0.122089773416519,0.145934045314789,0.169423446059227,0.174886450171471,0.139724299311638,0.138990968465805,0.178243860602379,0.195592761039734,0.116938799619675,0,0,0,0,0.184362709522247,0.132166385650635,0.267766356468201,0.275517582893372,0.141174361109734,0.210719242691994,0.31331741809845,0.26780641078949,0.124464623630047,0.210082530975342,0.322946786880493,0.369878828525543,0.391140758991241,0.424159407615662,0.392455011606216,0.332206189632416,0.309622496366501,0.396235823631287,0.317148447036743,0.340815782546997,0.219709321856499,0.240455240011215,0.191433414816856,0.224348708987236,0.307990908622742,0.367716640233994,0.434309154748917,0.504693984985352,0.466582596302032,0.506101727485657,0.485354900360107,0.439002454280853,0.353777438402176,0.325906932353973,0,0.164138779044151,0,0.310821086168289,0.448785722255707,0.516741871833801,0.605057179927826,0.462359666824341,0.507093548774719,0.507875025272369,0.390251755714417,0.120953142642975,0,0,0.22927987575531,0.350430369377136,0.466797828674316,0.543967187404633,0.551691472530365,0.618852734565735,0.554888129234314,0.538984417915344,0.512597501277924,0.490325152873993,0.298634260892868,0.324174910783768,0.413319528102875,0.446948021650314,0.209000766277313,0,0,0.337141931056976,0.504638910293579,0.591132640838623,0.50763326883316,0.560730516910553,0.55519962310791,0.283490508794785,0,0,0,0.337401807308197,0.480143278837204,0.558816075325012,0.611673831939697,0.520210325717926,0.494427412748337,0.496176660060883,0.608453333377838,0.378912329673767,0,0,0,0,0.175659462809563,0.343706727027893,0,0,0,0,0,0,0,0,0,0,0,0,0,0,0,0,0,0,0,0,0,0,0,0.15670283138752,0,0,0,0,0,0,0,0,0,0,0,0,0,0,0,0,0,0,0,0,0,0,0,0,0,0,0,0,0,0,0,0,0,0,0,0,0,0,0,0,0,0,0,0,0,0,0,0,0,0,0,0,0,0,0,0,0,285
Ansbach,0,0,0,0,0,0,0,0,0,0,0,0,0,0,0,0,0,0,0,0,0,0,0,0,0,0,0,0,0,0,0,0,0,0,0,0,0,0,0,0,0,0,0,0,0,0,0,0,0,0,0,0,0,0,0,0,0,0,0,0,0,0,0,0,0,0,0,0,0,0,0,0,0,0,0,0,0,0,0,0,0,0,0,0,0,0,0,0,0,0,0,0,0,0,0,0,0,0,0,0,0,0,0,0,0,0,0,0,0,0,0,0,0,0,0,0,0,0,0,0,0,0,0,0,0,0,0,0,0,0,0,0,0,0,0,0,0,0,0,0,0,0,0,0,0,0,0,0,0,0,0,0,0,0,0,0,0,0,0,0,0,0,0,0,0,0,8.17862528492697e-05,0.00146471953485161,0,0,0.00915624666959047,0.0288053452968597,0.0357736349105835,7.77914319769479e-05,0,0,0.00657860236242414,0.0496600084006786,0.000188285484910011,0,0.0529148653149605,0.0905496701598167,0.109295509755611,0.130984619259834,0.129989147186279,0.107811540365219,0.110809646546841,0.144084453582764,0.157071337103844,0.0763649642467499,0,0,0,0.00188510632142425,0.138657346367836,0.108194321393967,0.224068358540535,0.225679978728294,0.11604019254446,0.169018760323524,0.261031597852707,0.207663476467133,0.0780921801924706,0.19103716313839,0.26541143655777,0.322159290313721,0.332687079906464,0.365036606788635,0.335191577672958,0.274991393089294,0.259586364030838,0.336817711591721,0.286625921726227,0.292890310287476,0.151933833956718,0.18146525323391,0.0511865615844727,0.138338431715965,0.237458124756813,0.299074441194534,0.371189534664154,0.429777652025223,0.387745201587677,0.42656221985817,0.408764630556107,0.357553988695145,0.28595170378685,0.25384846329689,0,0.152908861637115,0,0.23536878824234,0.372451543807983,0.437720209360123,0.503411829471588,0.356527805328369,0.416240662336349,0.403227031230927,0.301205784082413,0.003511878894642,0,0,0.172731518745422,0.26787132024765,0.38151091337204,0.45355635881424,0.447663247585297,0.497783839702606,0.454660981893539,0.451124906539917,0.40737110376358,0.386410534381866,0.225054264068604,0.251921474933624,0.305119216442108,0.341499626636505,0.000650021946057677,0,0,0.259308278560638,0.406751692295074,0.469630420207977,0.404940098524094,0.441874533891678,0.425130039453506,0.172568127512932,0,0,0,0.281719744205475,0.369708776473999,0.439223021268845,0.482078790664673,0.411215901374817,0.377713710069656,0.389420628547668,0.490663468837738,0.258877605199814,0,0,0,0,0.224465563893318,0.243262320756912,0,0,0,0,0,0,0,0,0,0,0,0,0,0,0,0,0,0,0,0,0,0,0.0226694867014885,0.0427130796015263,0,0,0,0,0,0,0,0,0,0,0,0,0,0,0,0.00230849138461053,0,0,0,0,0,0,0,0,0,0,0,0,0,0,0,0,0,0,0,0,0,0,0,0,0,0,0,0,0,0,0,0,0,0,0,0,0,0,0,0,0,286
Erlangen-Höchstadt,0,0,0,0,0,0,0,0,0,0,0,0,0,0,0,0,0,0,0,0,0,0,0,0,0,0,0,0,0,0,0,0,0,0,0,0,0,0,0,0,0,0,0,0,0,0,0,0,0,0,0,0,0,0,0,0,0,0,0,0,0,0,0,0,0,0,0,0,0,0,0,0,0,0,0,0,0,0,0,0,0,0,0,0,0,0,0,0,0,0,0,0,0,0,0,0,0,0,0,0,0,0,0,0,0,0,0,0,0,0,0,0,0,0,0,0,0,0,0,0,0,0,0,0,0,0,0,0,0,0,0,0,0,0,0,0,0,0,0,0,0,0,0,0,0,0,0,0,0,0,0,0,0,0,0,0,0,0,0,0,0,0,0,0,0,0,0.00186974473763257,0,0,0,0.027339406311512,0.0562168769538403,0.0719024837017059,0.0378735959529877,0,0,0.0582966096699238,0.0968828797340393,0.0405694469809532,0,0.110933139920235,0.169968992471695,0.20378315448761,0.236885011196136,0.230345010757446,0.187901929020882,0.188694030046463,0.244260296225548,0.266030251979828,0.170405268669128,0,0,0,0,0.231195226311684,0.169523298740387,0.369486540555954,0.377379238605499,0.177774325013161,0.288430333137512,0.43025541305542,0.367629617452621,0.141025602817535,0.289995104074478,0.444648742675781,0.508948087692261,0.546048223972321,0.580902338027954,0.521760702133179,0.448812276124954,0.429639279842377,0.541632831096649,0.427770137786865,0.456107527017593,0.309168189764023,0.338340044021606,0.254385650157928,0.325067639350891,0.421304166316986,0.501340329647064,0.596491992473602,0.679007351398468,0.648726046085358,0.692930638790131,0.690001428127289,0.628498673439026,0.488285630941391,0.426885008811951,0,0.242468550801277,0,0.446203589439392,0.627661645412445,0.71800571680069,0.841919302940369,0.635863065719604,0.704495072364807,0.716630876064301,0.572029650211334,0.153949469327927,0,0,0.338928490877151,0.489813953638077,0.669411957263947,0.777276754379272,0.747378706932068,0.847367286682129,0.769836604595184,0.736269891262054,0.700348794460297,0.663867473602295,0.385106205940247,0.456202000379562,0.595133781433105,0.65582150220871,0.348431050777435,0,0,0.458037346601486,0.702740013599396,0.828148901462555,0.718913674354553,0.783234417438507,0.773112654685974,0.384820550680161,0,0,0,0.463822960853577,0.645906746387482,0.76130747795105,0.845777809619904,0.732016205787659,0.691902995109558,0.694900691509247,0.862388551235199,0.547843933105469,0,0,0,0,0.0620516128838062,0.483094781637192,0,0,0,0,0,0,0,0,0,0,0,0,0,0,0,0,0,0,0,0,0,0,0,0.114420093595982,0,0,0,0,0,0,0,0,0,0,0,0,0,0,0,0,0,0,0,0,0,0,0,0,0,0,0,0,0,0,0,0,0,0,0,0,0,0,0,0,0,0,0,0,0,0,0,0,0,0,0,0,0,0,0,0,0,287
Fürth,0,0,0,0,0,0,0,0,0,0,0,0,0,0,0,0,0,0,0,0,0,0,0,0,0,0,0,0,0,0,0,0,0,0,0,0,0,0,0,0,0,0,0,0,0,0,0,0,0,0,0,0,0,0,0,0,0,0,0,0,0,0,0,0,0,0,0,0,0,0,0,0,0,0,0,0,0,0,0,0,0,0,0,0,0,0,0,0,0,0,0,0,0,0,0,0,0,0,0,0,0,0,0,0,0,0,0,0,0,0,0,0,0,0,0,0,0,0,0,0,0,0,0,0,0,0,0,0,0,0,0,0,0,0,0,0,0,0,0,0,0,0,0,0,0,0,0,0,0,0,0,0,0,0,0,0,0,0,0,0,0,0,0,0,0,0,0.00204421067610383,0,0,0,0.0187930352985859,0.0421185940504074,0.0537888929247856,0.020202437415719,0,0,0.0383286811411381,0.0717421099543571,0.0166339073330164,0,0.0796536430716515,0.126331254839897,0.151473984122276,0.177869006991386,0.17773799598217,0.143469467759132,0.143789008259773,0.18603840470314,0.202395051717758,0.124477714300156,0,0,0,0,0.180400118231773,0.13479970395565,0.280311912298203,0.287180006504059,0.141483128070831,0.215458273887634,0.326575607061386,0.276652604341507,0.122244819998741,0.219623491168022,0.334634512662888,0.386368632316589,0.409638047218323,0.443100720643997,0.404518574476242,0.34448829293251,0.325289964675903,0.413629055023193,0.328894555568695,0.35126593708992,0.227168306708336,0.252288639545441,0.193674296140671,0.233146905899048,0.31761422753334,0.378992199897766,0.450868874788284,0.518708348274231,0.484335660934448,0.524817943572998,0.511888444423676,0.464059591293335,0.367686629295349,0.330332219600677,0,0.183024689555168,0,0.326755344867706,0.467135727405548,0.533780932426453,0.62541252374649,0.471851348876953,0.52319210767746,0.527111053466797,0.413891732692719,0.0649988874793053,0,0,0.244367688894272,0.358914315700531,0.48825678229332,0.567217528820038,0.559568047523499,0.626851975917816,0.568302392959595,0.550376713275909,0.52010303735733,0.492115586996078,0.28868442773819,0.327248513698578,0.421598583459854,0.464865863323212,0.175834074616432,0,0,0.338707149028778,0.513591706752777,0.60126805305481,0.520123243331909,0.570756435394287,0.558737277984619,0.276743769645691,0,0,0,0.33826819062233,0.47399041056633,0.559752821922302,0.613743126392365,0.524663031101227,0.497411996126175,0.498313635587692,0.618277728557587,0.38116329908371,0,0,0,0,0.194216445088387,0.339904934167862,0,0,0,0,0,0,0,0,0,0,0,0,0,0,0,0,0,0,0,0,0,0,0,0.0971485003829002,0,0,0,0,0,0,0,0,0,0,0,0,0,0,0,0,0,0,0,0,0,0,0,0,0,0,0,0,0,0,0,0,0,0,0,0,0,0,0,0,0,0,0,0,0,0,0,0,0,0,0,0,0,0,0,0,0,288
Nürnberger Land,0,0,0,0,0,0,0,0,0,0,0,0,0,0,0,0,0,0,0,0,0,0,0,0,0,0,0,0,0,0,0,0,0,0,0,0,0,0,0,0,0,0,0,0,0,0,0,0,0,0,0,0,0,0,0,0,0,0,0,0,0,0,0,0,0,0,0,0,0,0,0,0,0,0,0,0,0,0,0,0,0,0,0,0,0,0,0,0,0,0,0,0,0,0,0,0,0,0,0,0,0,0,0,0,0,0,0,0,0,0,0,0,0,0,0,0,0,0,0,0,0,0,0,0,0,0,0,0,0,0,0,0,0,0,0,0,0,0,0,0,0,0,0,0,0,0,0,0,0,0,0,0,0,0,0,0,0,0,0,0,0,0,0,0,0,0,0,0,0,0,0.015083353035152,0.0298333931714296,0.036966361105442,0.0195905901491642,0,0,0.0241616647690535,0.0495303645730019,0.00522334687411785,0,0.0568582862615585,0.0925185531377792,0.111989483237267,0.135088533163071,0.139575034379959,0.107434175908566,0.109873048961163,0.142198711633682,0.15499921143055,0.0556581392884254,0,0,0,0,0.151152536273003,0.0603744313120842,0.22057893872261,0.224357455968857,0.0935712084174156,0.172766715288162,0.261819034814835,0.216523692011833,0.0181289259344339,0.166989624500275,0.27530038356781,0.315985977649689,0.333001315593719,0.360053360462189,0.323759078979492,0.275347888469696,0.254251807928085,0.329574346542358,0.242505043745041,0.277694046497345,0.157781481742859,0.17823514342308,0.0530360043048859,0.167926505208015,0.237167119979858,0.295501738786697,0.362834185361862,0.422371029853821,0.38874152302742,0.420034140348434,0.408868253231049,0.360968589782715,0.271987587213516,0.247201129794121,0,0.0243883915245533,0,0.232972845435143,0.356693655252457,0.425292760133743,0.503435909748077,0.375143110752106,0.419595718383789,0.415937483310699,0.301162004470825,0,0,0,0.0353146605193615,0.253212213516235,0.373301833868027,0.447091102600098,0.452668309211731,0.519541919231415,0.447483837604523,0.438023597002029,0.40652135014534,0.390090554952621,0.227554157376289,0.269100069999695,0.346277058124542,0.351905435323715,0.164565563201904,0,0,0.224838212132454,0.399139612913132,0.470785737037659,0.388977706432343,0.435106784105301,0.447820663452148,0.189128965139389,0,0,0,0.25067076086998,0.376813650131226,0.443946868181229,0.491580307483673,0.416847676038742,0.390213370323181,0.393991470336914,0.481522619724274,0.295405238866806,0,0,0,0,0,0.238772764801979,0,0,0,0,0,0,0,0,0,0,0,0,0,0,0,0,0,0,0,0,0,0,0,0.0273665953427553,0,0,0,0,0,0,0,0,0,0,0,0,0,0,0,0,0,0,0,0,0,0,0,0,0,0,0,0,0,0,0,0,0,0,0,0,0,0,0,0,0,0,0,0,0,0,0,0,0,0,0,0,0,0,0,0,0,289
Neustadt a.d.Aisch-Bad Windsheim,0,0,0,0,0,0,0,0,0,0,0,0,0,0,0,0,0,0,0,0,0,0,0,0,0,0,0,0,0,0,0,0,0,0,0,0,0,0,0,0,0,0,0,0,0,0,0,0,0,0,0,0,0,0,0,0,0,0,0,0,0,0,0,0,0,0,0,0,0,0,0,0,0,0,0,0,0,0,0,0,0,0,0,0,0,0,0,0,0,0,0,0,0,0,0,0,0,0,0,0,0,0,0,0,0,0,0,0,0,0,0,0,0,0,0,0,0,0,0,0,0,0,0,0,0,0,0,0,0,0,0,0,0,0,0,0,0,0,0,0,0,0,0,0,0,0,0,0,0,0,0,0,0,0,0,0,0,0,0,0,0,0,0,0,0,0,0.000845311733428389,0.00552923791110516,0,0,0.0166528802365065,0.0387988649308681,0.0473265089094639,0.00233947369270027,0,0,0.0271092355251312,0.065032921731472,0.00117649766616523,0,0.0685421153903008,0.114495418965816,0.137376487255096,0.164454743266106,0.152619734406471,0.127536654472351,0.128661498427391,0.170459300279617,0.185819894075394,0.110958829522133,0,0,0,0.0214068256318569,0.147503286600113,0.118971638381481,0.259205162525177,0.260191738605499,0.112804986536503,0.185550794005394,0.293238043785095,0.245440155267715,0.0790295600891113,0.218902558088303,0.30439817905426,0.354190528392792,0.375512570142746,0.404917299747467,0.361972570419312,0.303739815950394,0.301087945699692,0.375534474849701,0.311362117528915,0.315400779247284,0.199240371584892,0.22841465473175,0.153611436486244,0.198868229985237,0.280055016279221,0.336076885461807,0.410784095525742,0.460702538490295,0.440416276454926,0.473670542240143,0.469374597072601,0.418779909610748,0.333440452814102,0.280036807060242,0,0.18644905090332,0,0.295037925243378,0.424820363521576,0.484334379434586,0.566618978977203,0.416360765695572,0.46906703710556,0.468522101640701,0.388769030570984,0.0409576743841171,0,0,0.233417809009552,0.321749597787857,0.448029071092606,0.526980996131897,0.488491624593735,0.548563182353973,0.507834732532501,0.493539124727249,0.450492084026337,0.422781527042389,0.246247798204422,0.296275913715363,0.372592061758041,0.412450820207596,0.0879364535212517,0,0,0.300128847360611,0.462624043226242,0.530128717422485,0.468211024999619,0.505094587802887,0.478154987096786,0.231099411845207,0.000169918828760274,0,0,0.3150435090065,0.410217523574829,0.484578430652618,0.537486135959625,0.463446736335754,0.433301597833633,0.446088820695877,0.559994280338287,0.326006293296814,0,0,0,0,0.224757000803947,0.306191682815552,0,0,0,0,0,0,0,0,0,0,0,0,0,0,0,0,0,0,0,0,0,0,0.035517543554306,0.0673363879323006,0,0,0,0,0,0,0,0,0,0,0,0,0,0,0,0,0,0,0,0,0,0,0,0,0,0,0,0,0,0,0,0,0,0,0,0,0,0,0,0,0,0,0,0,0,0,0,0,0,0,0,0,0,0,0,0,0,290
Roth,0,0,0,0,0,0,0,0,0,0,0,0,0,0,0,0,0,0,0,0,0,0,0,0,0,0,0,0,0,0,0,0,0,0,0,0,0,0,0,0,0,0,0,0,0,0,0,0,0,0,0,0,0,0,0,0,0,0,0,0,0,0,0,0,0,0,0,0,0,0,0,0,0,0,0,0,0,0,0,0,0,0,0,0,0,0,0,0,0,0,0,0,0,0,0,0,0,0,0,0,0,0,0,0,0,0,0,0,0,0,0,0,0,0,0,0,0,0,0,0,0,0,0,0,0,0,0,0,0,0,0,0,0,0,0,0,0,0,0,0,0,0,0,0,0,0,0,0,0,0,0,0,0,0,0,0,0,0,0,0,0,0,0,0,0,0,0,0,0,0,0.0162171497941017,0.0343604013323784,0.0451137535274029,0.00983829610049725,0,0,0.012231751345098,0.0592686533927917,0.01435218565166,0,0.0662968084216118,0.109068393707275,0.131434246897697,0.155578285455704,0.166583731770515,0.133414074778557,0.132695391774178,0.167579784989357,0.189700186252594,0.0971125587821007,4.10629309044452e-06,0,0,0,0.183345437049866,0.128136813640594,0.257494270801544,0.272716850042343,0.141724154353142,0.207841575145721,0.309037238359451,0.26231262087822,0.116155326366425,0.203874081373215,0.316045582294464,0.373553156852722,0.388924807310104,0.422847330570221,0.401375651359558,0.337512522935867,0.306067407131195,0.398465722799301,0.331633180379868,0.354258030653,0.205287143588066,0.230311304330826,0.185667455196381,0.20259527862072,0.299467295408249,0.366933703422546,0.443721979856491,0.520767748355865,0.470506936311722,0.509410858154297,0.4779092669487,0.43222314119339,0.35345870256424,0.336146742105484,0,0.135844692587852,0,0.302445888519287,0.457556277513504,0.531699001789093,0.619221210479736,0.477587759494781,0.515960335731506,0.512110948562622,0.38722836971283,0.026444086804986,0,0,0.184543624520302,0.352021217346191,0.475120782852173,0.55239462852478,0.576839447021484,0.654816925525665,0.578328907489777,0.565082371234894,0.536179542541504,0.522056996822357,0.316416323184967,0.327860593795776,0.430290788412094,0.449101269245148,0.132651850581169,0,0,0.351247757673264,0.528331518173218,0.606821715831757,0.522875607013702,0.579946041107178,0.591772854328156,0.281519562005997,0,0,0,0.351849466562271,0.516645491123199,0.589299142360687,0.64544677734375,0.541147887706757,0.515797257423401,0.521219730377197,0.632232010364532,0.385580599308014,0,0,0,0,0.132367342710495,0.345950037240982,0,0,0,0,0,0,0,0,0,0,0,0,0,0,0,0,0,0,0,0,0,0,0,0.126433253288269,0,0,0,0,0,0,0,0,0,0,0,0,0,0,0,0,0,0,0,0,0,0,0,0,0,0,0,0,0,0,0,0,0,0,0,0,0,0,0,0,0,0,0,0,0,0,0,0,0,0,0,0,0,0,0,0,0,291
Weißenburg-Gunzenhausen,0,0,0,0,0,0,0,0,0,0,0,0,0,0,0,0,0,0,0,0,0,0,0,0,0,0,0,0,0,0,0,0,0,0,0,0,0,0,0,0,0,0,0,0,0,0,0,0,0,0,0,0,0,0,0,0,0,0,0,0,0,0,0,0,0,0,0,0,0,0,0,0,0,0,0,0,0,0,0,0,0,0,0,0,0,0,0,0,0,0,0,0,0,0,0,0,0,0,0,0,0,0,0,0,0,0,0,0,0,0,0,0,0,0,0,0,0,0,0,0,0,0,0,0,0,0,0,0,0,0,0,0,0,0,0,0,0,0,0,0,0,0,0,0,0,0,0,0,0,0,0,0,0,0,0,0,0,0,0,0,0,0,0,0,0,0,0,0,0,0,0.0129728876054287,0.029345391318202,0.0382269695401192,0,0,0,7.0483292802237e-06,0.0518920384347439,0.0038409570697695,0,0.0564964152872562,0.0940909460186958,0.113910682499409,0.135606780648232,0.147527188062668,0.122087121009827,0.123464472591877,0.152894541621208,0.172018647193909,0.0808745697140694,0,0,0,0,0.161249220371246,0.12829752266407,0.237550035119057,0.25141978263855,0.146261990070343,0.19506923854351,0.283403068780899,0.232735276222229,0.110018394887447,0.200038179755211,0.289767444133759,0.353544741868973,0.353721410036087,0.389061689376831,0.374121606349945,0.312028497457504,0.277353197336197,0.368136465549469,0.322193920612335,0.331478953361511,0.170489549636841,0.197320058941841,0.151464015245438,0.153489798307419,0.26327583193779,0.329124093055725,0.410994917154312,0.47815477848053,0.426210641860962,0.456021219491959,0.42093425989151,0.379150092601776,0.311771720647812,0.305713802576065,0.0107625033706427,0.151294514536858,0,0.262517035007477,0.410663396120071,0.482963085174561,0.548459529876709,0.415213167667389,0.461453288793564,0.441940665245056,0.336677461862564,0.00999755039811134,0,0,0.150912120938301,0.307835936546326,0.419689357280731,0.483807116746902,0.51260107755661,0.581444084644318,0.520520746707916,0.512403190135956,0.475858807563782,0.464143365621567,0.275843232870102,0.28033035993576,0.357591778039932,0.386135697364807,0.00165850704070181,0,0,0.316243916749954,0.466293454170227,0.521573185920715,0.45890337228775,0.504561305046082,0.512500941753387,0.227044373750687,0,0,0,0.317780375480652,0.450253665447235,0.510627448558807,0.558610498905182,0.467455506324768,0.437838345766068,0.446493208408356,0.542514026165009,0.311636656522751,0,0,0,0,0.190516725182533,0.27594205737114,0,0,0,0,0,0,0,0,0,0,0,0,0,0,0,0,0,0,0,0,0,0,0,0.0886122584342957,0,0,0,0,0,0,0,0,0,0,0,0,0,0,0,0,0,0,0,0,0,0,0,0,0,0,0,0,0,0,0,0,0,0,0,0,0,0,0,0,0,0,0,0,0,0,0,0,0,0,0,0,0,0,0,0,0,292
Aschaffenburg,0,0,0,0,0,0,0,0,0,0,0,0,0,0,0,0,0,0,0,0,0,0,0,0,0,0,0,0,0,0,0,0,0,0,0,0,0,0,0,0,0,0,0,0,0,0,0,0,0,0,0,0,0,0,0,0,0,0,0,0,0,0,0,0,0,0,0,0,0,0,0,0,0,0,0,0,0,0,0,0,0,0,0,0,0,0,0,0,0,0,0,0,0,0,0,0,0,0,0,0,0,0,0,0,0,0,0,0,0,0,0,0,0,0,0,0,0,0,0,0,0,0,0,0,0,0,0,0,0,0,0,0,0,0,0,0,0,0,0,0,0,0,0,0,0,0,0,0,0,0,0,0,0,0,0,0,0,0,0,0,0,0,0,0,0,0,0.000194690772332251,0.0408594869077206,0.0002267627423862,0.000209126432309859,0.0707496032118797,0.121657691895962,0.132711246609688,0,0,0,0.110943116247654,0.198398411273956,0.000705557875335217,0.134420603513718,0.212347105145454,0.303702741861343,0.367927968502045,0.419147312641144,0.362293422222137,0.298838645219803,0.329036027193069,0.405190885066986,0.416851550340652,0.275410443544388,0.177893340587616,0.000915206677746028,0,0.269884049892426,0.277506202459335,0.356546938419342,0.600819706916809,0.572810232639313,0.310956120491028,0.456073462963104,0.646093249320984,0.532520830631256,0.254752725362778,0.585150420665741,0.674092173576355,0.792356848716736,0.826613485813141,0.844346344470978,0.757727742195129,0.637528240680695,0.635197758674622,0.76747190952301,0.68988972902298,0.664389193058014,0.449697494506836,0.469587624073029,0.30132657289505,0.471632182598114,0.631628692150116,0.716383099555969,0.883851706981659,0.912021934986115,0.955605566501617,0.980089604854584,0.984094023704529,0.828490138053894,0.708400785923004,0.487376779317856,0.00173350039403886,0.487901598215103,0.00244059669785202,0.690944790840149,0.899743318557739,1.04576122760773,1.17197775840759,0.930983245372772,0.941820204257965,0.925934553146362,0.772943377494812,0.00252964207902551,0,0.395832389593124,0.680333614349365,0.710264682769775,0.979197442531586,1.08087289333344,1.02437138557434,1.05254149436951,1.06931138038635,1.05765068531036,0.976566851139069,0.867661595344543,0.568389296531677,0.73847621679306,0.81015533208847,0.803782820701599,0.00227984460070729,0,0.00229546800255775,0.808469653129578,0.970018208026886,1.00605642795563,0.99740606546402,1.05561113357544,0.951306343078613,0.622665107250214,0,0.00298119243234396,0.488657057285309,0.84614896774292,0.895805895328522,0.959485054016113,1.09274232387543,0.987863183021545,0.962951183319092,1.04181957244873,1.16877722740173,0.746347427368164,0,0,0,0,0.863099932670593,0.745408713817596,0.0034741316922009,0.444325298070908,0.320370465517044,0,0,0,0,0,0,0,0,0,0,0,0,0,0,0,0,0,0,0.00247765844687819,0.495858311653137,0.303549885749817,0,0,0,0,0,0,0,0,0,0,0,0,0,0.00154838303569704,0,0,0,0,0,0,0,0,0,0,0,0,0,0,0,0,0,0,0,0,0,0,0,0,0,0,0,0,0,0,0,0,0,0,0,0,0,0,0,0,0,0,0,293
Schweinfurt,0,0,0,0,0,0,0,0,0,0,0,0,0,0,0,0,0,0,0,0,0,0,0,0,0,0,0,0,0,0,0,0,0,0,0,0,0,0,0,0,0,0,0,0,0,0,0,0,0,0,0,0,0,0,0,0,0,0,0,0,0,0,0,0,0,0,0,0,0,0,0,0,0,0,0,0,0,0,0,0,0,0,0,0,0,0,0,0,0,0,0,0,0,0,0,0,0,0,0,0,0,0,0,0,0,0,0,0,0,0,0,0,0,0,0,0,0,0,0,0,0,0,0,0,0,0,0,0,0,0,0,0,0,0,0,0,0,0,0,0,0,0,0,0,0,0,0,0,0,0,0,0,0,0,0,0,0,0,0,0,0,0,0,0,0,0,0,0,0,0,0.0501945465803146,0.100586801767349,0.114674285054207,0,0,0,0.0972525775432587,0.158235371112823,0,0,0.18793997168541,0.263563215732574,0.311639368534088,0.355693101882935,0.308550328016281,0.282567203044891,0.290418356657028,0.360185086727142,0.401789665222168,0.262109488248825,0,0,0,0,0.268988013267517,0.250461339950562,0.538290321826935,0.524766564369202,0.256471395492554,0.398760735988617,0.594801723957062,0.479773908853531,0,0.500762760639191,0.653191864490509,0.723229050636292,0.752255022525787,0.776742041110992,0.660146415233612,0.574454486370087,0.569934964179993,0.688505172729492,0.596041738986969,0.569425702095032,0.374152928590775,0.433330476284027,0.281576037406921,0.405159175395966,0.573371589183807,0.664288759231567,0.79663211107254,0.869748771190643,0.87385505437851,0.905672192573547,0.933885097503662,0.751716434955597,0.636448085308075,0.439903974533081,0,0.330263584852219,0,0.598640382289886,0.78470915555954,0.940188109874725,1.06228923797607,0.805116832256317,0.890785098075867,0.873287379741669,0.74162495136261,0,0,0,0.451828718185425,0.629624426364899,0.846665441989899,1.02254855632782,0.941377758979797,1.02895033359528,0.965404570102692,0.90766829252243,0.86261522769928,0.762178301811218,0.498161256313324,0.646628201007843,0.788984835147858,0.805157542228699,0.374487340450287,0,0,0.694448947906494,0.901554703712463,0.96399188041687,0.916093170642853,0.969350636005402,0.911677479743958,0.531931579113007,0,0,0,0.646595299243927,0.779928982257843,0.848776519298553,0.983928978443146,0.912851512432098,0.826499819755554,0.88970410823822,1.08374547958374,0.659802198410034,0,0,0,0,0.4264757335186,0.631308674812317,0,0.294851422309875,0,0,0,0,0,0,0,0,0,0,0,0,0,0,0,0,0,0,0,0,0,0.241293266415596,0,0,0,0,0,0,0,0,0,0,0,0,0,0,0,0,0,0,0,0,0,0,0,0,0,0,0,0,0,0,0,0,0,0,0,0,0,0,0,0,0,0,0,0,0,0,0,0,0,0,0,0,0,0,0,0,0,294
Würzburg,0,0,0,0,0,0,0,0,0,0,0,0,0,0,0,0,0,0,0,0,0,0,0,0,0,0,0,0,0,0,0,0,0,0,0,0,0,0,0,0,0,0,0,0,0,0,0,0,0,0,0,0,0,0,0,0,0,0,0,0,0,0,0,0,0,0,0,0,0,0,0,0,0,0,0,0,0,0,0,0,0,0,0,0,0,0,0,0,0,0,0,0,0,0,0,0,0,0,0,0,0,0,0,0,0,0,0,0,0,0,0,0,0,0,0,0,0,0,0,0,0,0,0,0,0,0,0,0,0,0,0,0,0,0,0,0,0,0,0,0,0,0,0,0,0,0,0,0,0,0,0,0,0,0,0,0,0,0,0,0,0,0,0,0,0,0,0.0103812413290143,0.016620546579361,0.000619341095443815,0,0.0319314189255238,0.0608985275030136,0.0704567283391953,0,0,0,0.0617845319211483,0.101261541247368,0.0339117683470249,0.0567691698670387,0.111402355134487,0.16355687379837,0.193528205156326,0.228360831737518,0.198013097047806,0.174758195877075,0.177886992692947,0.227364301681519,0.246490508317947,0.158854305744171,0,0,0,0.0850775539875031,0.171753838658333,0.173874512314796,0.333782255649567,0.329993158578873,0.177271157503128,0.247474014759064,0.364480465650558,0.302890211343765,0.142564505338669,0.325913429260254,0.388620734214783,0.446609616279602,0.469165414571762,0.489084124565125,0.434896439313889,0.367825776338577,0.373247593641281,0.449955344200134,0.394250392913818,0.365140676498413,0.25216943025589,0.293378531932831,0.195299312472343,0.261157363653183,0.355949729681015,0.415225565433502,0.507727563381195,0.549230337142944,0.545003473758698,0.57001143693924,0.568740367889404,0.482963413000107,0.410513579845428,0.310981869697571,0,0.26200744509697,0,0.382987439632416,0.519279420375824,0.608941912651062,0.67640632390976,0.511712551116943,0.571245431900024,0.557325303554535,0.480311334133148,0.194398894906044,0,0,0.325867176055908,0.408430367708206,0.551443219184875,0.647371828556061,0.585395514965057,0.651658654212952,0.626144289970398,0.585545003414154,0.544576287269592,0.500564217567444,0.33829140663147,0.408671200275421,0.46198296546936,0.506897807121277,0.0697041451931,0,0,0.4435995221138,0.580478489398956,0.627244532108307,0.587889790534973,0.615338742733002,0.571857631206512,0.341029495000839,0.00879875477403402,0,0.148382797837257,0.450524210929871,0.516732096672058,0.581240594387054,0.651936113834381,0.59442526102066,0.555476367473602,0.582100391387939,0.703456878662109,0.410858154296875,0,0,0,0,0.394833147525787,0.417658299207687,0,0.19392429292202,0,0,0,0,0,0,0,0,0,0,0,0,0,0,0,0,0,0,0,0,0.0989387109875679,0.190457597374916,0,0,0,0,0,0,0,0,0,0,0,0,0,0,0,0,0,0,0,0,0,0,0,0,0,0,0,0,0,0,0,0,0,0,0,0,0,0,0,0,0,0,0,0,0,0,0,0,0,0,0,0,0,0,0,0,0,295
Aschaffenburg,0,0,0,0,0,0,0,0,0,0,0,0,0,0,0,0,0,0,0,0,0,0,0,0,0,0,0,0,0,0,0,0,0,0,0,0,0,0,0,0,0,0,0,0,0,0,0,0,0,0,0,0,0,0,0,0,0,0,0,0,0,0,0,0,0,0,0,0,0,0,0,0,0,0,0,0,0,0,0,0,0,0,0,0,0,0,0,0,0,0,0,0,0,0,0,0,0,0,0,0,0,0,0,0,0,0,0,0,0,0,0,0,0,0,0,0,0,0,0,0,0,0,0,0,0,0,0,0,0,0,0,0,0,0,0,0,0,0,0,0,0,0,0,0,0,0,0,0,0,0,0,0,0,0,0,0,0,0,0,0,0,0,0,0,0,0,0.00596026377752423,0.0192934107035398,0.00705278338864446,0.0064412341453135,0.0429194383323193,0.073086678981781,0.0800081938505173,0,0,0,0.0492869503796101,0.11901031434536,0.0212668720632792,0.0714128166437149,0.133271858096123,0.187606528401375,0.227633953094482,0.25987496972084,0.222642734646797,0.183789864182472,0.205555617809296,0.252740204334259,0.2638258934021,0.170948460698128,0.0994499996304512,0.0208871345967054,0,0.12365099042654,0.130677193403244,0.219289481639862,0.385637730360031,0.36161395907402,0.187593698501587,0.288396537303925,0.416338413953781,0.330897837877274,0.111736372113228,0.375592231750488,0.441813737154007,0.519954681396484,0.537300229072571,0.545368850231171,0.487452268600464,0.404391169548035,0.402661472558975,0.489792704582214,0.445685178041458,0.42784172296524,0.266034334897995,0.284312933683395,0.137046247720718,0.281688988208771,0.399729669094086,0.460601419210434,0.575913548469543,0.596733212471008,0.619478821754456,0.630537986755371,0.641126871109009,0.531037390232086,0.451428979635239,0.288826614618301,0.0395624898374081,0.254391252994537,0.0731166750192642,0.435563743114471,0.583143651485443,0.676733136177063,0.755764782428741,0.603054225444794,0.612862169742584,0.593392312526703,0.487033814191818,0.0748006850481033,0,0.19047574698925,0.418765217065811,0.442321509122849,0.631457149982452,0.702252507209778,0.664072811603546,0.678804039955139,0.691294133663177,0.684185087680817,0.634015321731567,0.551670134067535,0.343388378620148,0.46568238735199,0.514114439487457,0.513194262981415,0.0520313270390034,0,0.0704465433955193,0.523310422897339,0.618046224117279,0.646993637084961,0.642638981342316,0.67995548248291,0.613616704940796,0.367324560880661,0,0.0897613391280174,0.235286295413971,0.530917584896088,0.568217515945435,0.612416446208954,0.700442969799042,0.638500928878784,0.616865277290344,0.670658946037292,0.755220949649811,0.468190610408783,0,0,0,0,0.536822140216827,0.466302156448364,0.102619335055351,0.220637813210487,0.122561782598495,0,0,0,0,0,0,0,0,0,0,0,0,0,0,0,0,0,0,0.0747568234801292,0.296912580728531,0.147312238812447,0,0,0,0,0,0,0,0,0,0,0,0,0,0.035337682813406,0,0,0,0,0,0,0,0,0,0,0,0,0,0,0,0,0,0,0,0,0,0,0,0,0,0,0,0,0,0,0,0,0,0,0,0,0,0,0,0,0,0,0,296
Bad Kissingen,0,0,0,0,0,0,0,0,0,0,0,0,0,0,0,0,0,0,0,0,0,0,0,0,0,0,0,0,0,0,0,0,0,0,0,0,0,0,0,0,0,0,0,0,0,0,0,0,0,0,0,0,0,0,0,0,0,0,0,0,0,0,0,0,0,0,0,0,0,0,0,0,0,0,0,0,0,0,0,0,0,0,0,0,0,0,0,0,0,0,0,0,0,0,0,0,0,0,0,0,0,0,0,0,0,0,0,0,0,0,0,0,0,0,0,0,0,0,0,0,0,0,0,0,0,0,0,0,0,0,0,0,0,0,0,0,0,0,0,0,0,0,0,0,0,0,0,0,0,0,0,0,0,0,0,0,0,0,0,0,0,0,0,0,0,0,0,0,0,0,0.0203515309840441,0.0412192605435848,0.046791709959507,6.50869769742712e-05,0,0,0.0214206855744123,0.0683799609541893,0,0.0108288675546646,0.0824480503797531,0.116630382835865,0.141839012503624,0.165097177028656,0.139839962124825,0.121280036866665,0.1301279515028,0.164800018072128,0.180042862892151,0.103504776954651,0,0,0,0,0.0787315964698792,0.120523288846016,0.258364111185074,0.240041330456734,0.049984659999609,0.181008726358414,0.285262495279312,0.209999516606331,0,0.247402772307396,0.316163718700409,0.36524298787117,0.369028985500336,0.381446540355682,0.315762579441071,0.266996651887894,0.255201607942581,0.314264178276062,0.278610467910767,0.263831466436386,0.143615782260895,0.164672672748566,0.0386224538087845,0.158374190330505,0.265246957540512,0.319471269845963,0.389749675989151,0.42547795176506,0.431014567613602,0.43575730919838,0.458651542663574,0.355133593082428,0.287014842033386,0.116220831871033,0,0.0480237901210785,0,0.269546717405319,0.370119750499725,0.453806161880493,0.515163242816925,0.391138136386871,0.422660231590271,0.413224756717682,0.324287474155426,0,0,0,0.186635732650757,0.272020906209946,0.395494848489761,0.476741164922714,0.451848745346069,0.482153475284576,0.457125395536423,0.428513139486313,0.400806695222855,0.333927541971207,0.179992526769638,0.284789770841599,0.339623421430588,0.35272553563118,0.0699791312217712,0,0,0.310587614774704,0.405238896608353,0.436074882745743,0.414179295301437,0.440863311290741,0.405843943357468,0.188374847173691,0,0,0,0.272601664066315,0.342899471521378,0.382119059562683,0.446889221668243,0.408840149641037,0.362969070672989,0.403795599937439,0.490888446569443,0.272384017705917,0,0,0,0,0.160292357206345,0.243542194366455,0,0.0438950248062611,0,0,0,0,0,0,0,0,0,0,0,0,0,0,0,0,0,0,0,0,0,0.0128515893593431,0,0,0,0,0,0,0,0,0,0,0,0,0,0,0,0,0,0,0,0,0,0,0,0,0,0,0,0,0,0,0,0,0,0,0,0,0,0,0,0,0,0,0,0,0,0,0,0,0,0,0,0,0,0,0,0,0,297
Rhön-Grabfeld,0,0,0,0,0,0,0,0,0,0,0,0,0,0,0,0,0,0,0,0,0,0,0,0,0,0,0,0,0,0,0,0,0,0,0,0,0,0,0,0,0,0,0,0,0,0,0,0,0,0,0,0,0,0,0,0,0,0,0,0,0,0,0,0,0,0,0,0,0,0,0,0,0,0,0,0,0,0,0,0,0,0,0,0,0,0,0,0,0,0,0,0,0,0,0,0,0,0,0,0,0,0,0,0,0,0,0,0,0,0,0,0,0,0,0,0,0,0,0,0,0,0,0,0,0,0,0,0,0,0,0,0,0,0,0,0,0,0,0,0,0,0,0,0,0,0,0,0,0,0,0,0,0,0,0,0,0,0,0,0,0,0,0,0,0,0,0,0,0,0,0.0147557379677892,0.0333074033260345,0.0373030267655849,0.00462302006781101,0,0,0.00522110424935818,0.0540910772979259,0,0,0.065328948199749,0.0956719443202019,0.118476532399654,0.137696370482445,0.118563160300255,0.100465945899487,0.107909560203552,0.137629419565201,0.151987686753273,0.0733550786972046,0,0,0,0,0.0448292605578899,0.0458772107958794,0.223608702421188,0.208918839693069,0.0246247779577971,0.148261815309525,0.245820969343185,0.173308581113815,0,0.204439222812653,0.277044147253036,0.320311844348907,0.317775070667267,0.337969839572906,0.272191345691681,0.230016320943832,0.216563299298286,0.267003357410431,0.228437870740891,0.225452184677124,0.10512351244688,0.129650920629501,0.0188134480267763,0.126302778720856,0.228850051760674,0.284413874149323,0.337218075990677,0.377260982990265,0.385632216930389,0.382410168647766,0.408768355846405,0.315554678440094,0.250100523233414,0.12583489716053,0,0,0,0.221005633473396,0.322424471378326,0.386575788259506,0.452489614486694,0.340902417898178,0.369057565927505,0.364473462104797,0.282167255878448,0,0,0,0.12035771459341,0.232324942946434,0.340095430612564,0.422432422637939,0.399640530347824,0.427885860204697,0.399922877550125,0.378625392913818,0.358158886432648,0.288225024938583,0.129718482494354,0.238946348428726,0.310233384370804,0.314336836338043,0.0559400506317616,0,0,0.243315294384956,0.34049928188324,0.38820081949234,0.359668612480164,0.386308550834656,0.359019160270691,0.14554326236248,0,0,0,0.200659528374672,0.287004202604294,0.323915958404541,0.386786848306656,0.342158645391464,0.291996508836746,0.340009361505508,0.427022367715836,0.24675141274929,0,0,0,0,0.0119828693568707,0.175557285547256,0,0,0,0,0,0,0,0,0,0,0,0,0,0,0,0,0,0,0,0,0,0,0,0,0,0,0,0,0,0,0,0,0,0,0,0,0,0,0,0,0,0,0,0,0,0,0,0,0,0,0,0,0,0,0,0,0,0,0,0,0,0,0,0,0,0,0,0,0,0,0,0,0,0,0,0,0,0,0,0,0,298
Haßberge,0,0,0,0,0,0,0,0,0,0,0,0,0,0,0,0,0,0,0,0,0,0,0,0,0,0,0,0,0,0,0,0,0,0,0,0,0,0,0,0,0,0,0,0,0,0,0,0,0,0,0,0,0,0,0,0,0,0,0,0,0,0,0,0,0,0,0,0,0,0,0,0,0,0,0,0,0,0,0,0,0,0,0,0,0,0,0,0,0,0,0,0,0,0,0,0,0,0,0,0,0,0,0,0,0,0,0,0,0,0,0,0,0,0,0,0,0,0,0,0,0,0,0,0,0,0,0,0,0,0,0,0,0,0,0,0,0,0,0,0,0,0,0,0,0,0,0,0,0,0,0,0,0,0,0,0,0,0,0,0,0,0,0,0,0,0,0,0,0,0,0.0170929376035929,0.0398045219480991,0.0483790524303913,0.0141448024660349,0,0,0.0284983888268471,0.0661178156733513,0,0,0.0772283151745796,0.115557722747326,0.140683695673943,0.161294907331467,0.144179940223694,0.127580896019936,0.128964871168137,0.164097130298615,0.191903129220009,0.11721508204937,0,0,0,0,0.125556617975235,0.079095333814621,0.254595130681992,0.256980031728745,0.0844747200608253,0.181626424193382,0.292016565799713,0.239970281720161,0,0.216816559433937,0.312705755233765,0.360648483037949,0.377273827791214,0.394711494445801,0.333456546068192,0.283917039632797,0.282227009534836,0.350905776023865,0.296049565076828,0.287089288234711,0.176755607128143,0.204333156347275,0.0832015573978424,0.198150351643562,0.275701701641083,0.328634977340698,0.392676621675491,0.443570882081985,0.443934679031372,0.454612255096436,0.471617341041565,0.398024767637253,0.315755158662796,0.227408736944199,0,0.0352380014955997,0,0.276170134544373,0.39693808555603,0.465312033891678,0.538051605224609,0.406846165657043,0.446272790431976,0.442435652017593,0.373490452766418,0.00411073677241802,0,0,0.203449070453644,0.30981507897377,0.41467809677124,0.508416473865509,0.469105541706085,0.529222249984741,0.480591714382172,0.449966281652451,0.430997848510742,0.388635843992233,0.217171967029572,0.283759027719498,0.386995077133179,0.410876482725143,0.199811890721321,0,0,0.303258538246155,0.427214235067368,0.48823544383049,0.449227452278137,0.476490259170532,0.461171388626099,0.230191707611084,0,0,0,0.248700127005577,0.363789081573486,0.418543547391891,0.493802547454834,0.438137859106064,0.387542754411697,0.407741904258728,0.521733343601227,0.332930326461792,0,0,0,0,0.0352723598480225,0.293835073709488,0,0.000481206545373425,0,0,0,0,0,0,0,0,0,0,0,0,0,0,0,0,0,0,0,0,0,0.000393798050936311,0,0,0,0,0,0,0,0,0,0,0,0,0,0,0,0,0,0,0,0,0,0,0,0,0,0,0,0,0,0,0,0,0,0,0,0,0,0,0,0,0,0,0,0,0,0,0,0,0,0,0,0,0,0,0,0,0,299
Kitzingen,0,0,0,0,0,0,0,0,0,0,0,0,0,0,0,0,0,0,0,0,0,0,0,0,0,0,0,0,0,0,0,0,0,0,0,0,0,0,0,0,0,0,0,0,0,0,0,0,0,0,0,0,0,0,0,0,0,0,0,0,0,0,0,0,0,0,0,0,0,0,0,0,0,0,0,0,0,0,0,0,0,0,0,0,0,0,0,0,0,0,0,0,0,0,0,0,0,0,0,0,0,0,0,0,0,0,0,0,0,0,0,0,0,0,0,0,0,0,0,0,0,0,0,0,0,0,0,0,0,0,0,0,0,0,0,0,0,0,0,0,0,0,0,0,0,0,0,0,0,0,0,0,0,0,0,0,0,0,0,0,0,0,0,0,0,0,0.0131127322092652,0.0172254387289286,0.00280566746369004,0,0.0346918292343616,0.0670155435800552,0.0784166231751442,0,0,0,0.0692199841141701,0.108505994081497,0.0473634265363216,0.0262991972267628,0.120083369314671,0.180088832974434,0.211098223924637,0.247936561703682,0.220522955060005,0.194076254963875,0.195174261927605,0.250830471515656,0.275466531515121,0.178612798452377,0,0,0,0.111260920763016,0.207861363887787,0.184815168380737,0.366556614637375,0.364014118909836,0.182635247707367,0.267443954944611,0.400599449872971,0.33998367190361,0.135618448257446,0.338281124830246,0.429721742868423,0.483524292707443,0.513597548007965,0.537013411521912,0.474022418260574,0.40580803155899,0.410941153764725,0.496309459209442,0.42975902557373,0.411773234605789,0.282145529985428,0.324628382921219,0.229763105511665,0.288504391908646,0.391588032245636,0.456133961677551,0.552322447299957,0.598829507827759,0.597127020359039,0.624615848064423,0.627240717411041,0.542506456375122,0.453737825155258,0.35781529545784,0,0.275586545467377,0,0.418732017278671,0.565684139728546,0.652594983577728,0.747821569442749,0.560116589069366,0.628069818019867,0.620300650596619,0.54271525144577,0.218102529644966,0,0,0.352329790592194,0.45908859372139,0.607762098312378,0.722724974155426,0.644765198230743,0.726221740245819,0.687434315681458,0.653025269508362,0.605285465717316,0.563158333301544,0.362170040607452,0.440189152956009,0.528918623924255,0.57225239276886,0.243420362472534,0,0,0.466689676046371,0.646270036697388,0.708476543426514,0.651720523834229,0.692169666290283,0.647471010684967,0.377697467803955,0.164058580994606,0,0.0409129709005356,0.475384950637817,0.571406841278076,0.642350792884827,0.724847376346588,0.649754643440247,0.60276186466217,0.633431732654572,0.777805387973785,0.474508911371231,0,0,0,0,0.385698556900024,0.467030555009842,0,0.107257053256035,0,0,0,0,0,0,0,0,0,0,0,0,0,0,0,0,0,0,0,0,0.0308488719165325,0.185765936970711,0,0,0,0,0,0,0,0,0,0,0,0,0,0,0,0,0,0,0,0,0,0,0,0,0,0,0,0,0,0,0,0,0,0,0,0,0,0,0,0,0,0,0,0,0,0,0,0,0,0,0,0,0,0,0,0,0,300
Miltenberg,0,0,0,0,0,0,0,0,0,0,0,0,0,0,0,0,0,0,0,0,0,0,0,0,0,0,0,0,0,0,0,0,0,0,0,0,0,0,0,0,0,0,0,0,0,0,0,0,0,0,0,0,0,0,0,0,0,0,0,0,0,0,0,0,0,0,0,0,0,0,0,0,0,0,0,0,0,0,0,0,0,0,0,0,0,0,0,0,0,0,0,0,0,0,0,0,0,0,0,0,0,0,0,0,0,0,0,0,0,0,0,0,0,0,0,0,0,0,0,0,0,0,0,0,0,0,0,0,0,0,0,0,0,0,0,0,0,0,0,0,0,0,0,0,0,0,0,0,0,0,0,0,0,0,0,0,0,0,0,0,0,0,0,0,0,0,0.000419975927798077,0.0205121077597141,0.000519798370078206,0.000461923191323876,0.0413320660591125,0.071969673037529,0.0781621932983398,0,0,0,0.0617742277681828,0.121181197464466,0.00142977607902139,0.0773224011063576,0.125354647636414,0.186828404664993,0.228734821081161,0.265545874834061,0.227201879024506,0.185681343078613,0.208495929837227,0.258902221918106,0.264239937067032,0.158907935023308,0.0478583797812462,0,0,0.113565430045128,0.149693816900253,0.220602035522461,0.389400243759155,0.369325965642929,0.197594091296196,0.290531069040298,0.423219263553619,0.340923696756363,0.135892018675804,0.371400833129883,0.438646882772446,0.52569591999054,0.541764497756958,0.563000082969666,0.499013513326645,0.415618717670441,0.411765962839127,0.506845891475677,0.443566739559174,0.427982032299042,0.279672920703888,0.289194792509079,0.0851315557956696,0.285634994506836,0.401674151420593,0.467926323413849,0.587887942790985,0.609788656234741,0.631152510643005,0.65575498342514,0.655003488063812,0.544376015663147,0.448565393686295,0.307988464832306,0,0.312102198600769,0.00482182018458843,0.441799461841583,0.590991199016571,0.68973034620285,0.77786785364151,0.60348504781723,0.61812424659729,0.608664512634277,0.500090599060059,0.00472541712224483,0,0.16513130068779,0.41717603802681,0.446987807750702,0.630804419517517,0.701306819915771,0.665448784828186,0.698071718215942,0.698232054710388,0.688707768917084,0.623972535133362,0.558300733566284,0.36387836933136,0.477841824293137,0.5127312541008,0.501907706260681,0,0,0.00499957008287311,0.487991958856583,0.630104184150696,0.657309293746948,0.638449370861053,0.682517766952515,0.616722166538239,0.373324394226074,0,0.00688369059935212,0.285686075687408,0.53935581445694,0.584625363349915,0.628541350364685,0.711112320423126,0.642529845237732,0.62143474817276,0.674055635929108,0.753413319587708,0.457539469003677,0,0,0,0,0.53446090221405,0.453700184822083,0.00645939959213138,0.123850055038929,0.100687153637409,0,0,0,0,0,0,0,0,0,0,0,0,0,0,0,0,0,0,0.00586149375885725,0.288861483335495,0.0854423344135284,0,0,0,0,0,0,0,0,0,0,0,0,0,0,0,0,0,0,0,0,0,0,0,0,0,0,0,0,0,0,0,0,0,0,0,0,0,0,0,0,0,0,0,0,0,0,0,0,0,0,0,0,0,0,0,0,0,301
Main-Spessart,0,0,0,0,0,0,0,0,0,0,0,0,0,0,0,0,0,0,0,0,0,0,0,0,0,0,0,0,0,0,0,0,0,0,0,0,0,0,0,0,0,0,0,0,0,0,0,0,0,0,0,0,0,0,0,0,0,0,0,0,0,0,0,0,0,0,0,0,0,0,0,0,0,0,0,0,0,0,0,0,0,0,0,0,0,0,0,0,0,0,0,0,0,0,0,0,0,0,0,0,0,0,0,0,0,0,0,0,0,0,0,0,0,0,0,0,0,0,0,0,0,0,0,0,0,0,0,0,0,0,0,0,0,0,0,0,0,0,0,0,0,0,0,0,0,0,0,0,0,0,0,0,0,0,0,0,0,0,0,0,0,0,0,0,0,0,0,0.0017123396974057,0,0,0.0211769640445709,0.0429812222719193,0.0506767258048058,0,0,0,0.0170818325132132,0.0754798501729965,0.000720160373020917,0.0336140058934689,0.0841456577181816,0.122102968394756,0.148382142186165,0.176822319626808,0.149355188012123,0.129135236144066,0.134439632296562,0.172472968697548,0.188150927424431,0.119727805256844,0,0,0,0.0019712713547051,0.080364927649498,0.131801888346672,0.266052901744843,0.256064295768738,0.108893230557442,0.188500195741653,0.297263234853745,0.237486839294434,0.0161828733980656,0.264896243810654,0.316454499959946,0.376350522041321,0.391947627067566,0.397241681814194,0.348684668540955,0.287789285182953,0.282593876123428,0.352677464485168,0.311089396476746,0.288299381732941,0.177338749170303,0.200609087944031,0.0609382502734661,0.191767662763596,0.281880348920822,0.319883584976196,0.408629685640335,0.44199326634407,0.447084933519363,0.452981442213058,0.468603432178497,0.38328418135643,0.316771328449249,0.190093144774437,0,0.1290053576231,0,0.288475722074509,0.403729170560837,0.488487631082535,0.543108224868774,0.423876285552979,0.44465109705925,0.430668771266937,0.350876033306122,0.017326483502984,0,0,0.244174554944038,0.299068063497543,0.427174210548401,0.494450002908707,0.466398268938065,0.502910971641541,0.481564879417419,0.453517943620682,0.423551976680756,0.367539018392563,0.212746471166611,0.287837117910385,0.337855100631714,0.36478191614151,0.0338089913129807,0,0,0.344219475984573,0.422056883573532,0.450940817594528,0.436348468065262,0.458614379167557,0.423182398080826,0.232074677944183,0,0,0.00618319027125835,0.304687052965164,0.365691095590591,0.414043843746185,0.478059113025665,0.435344070196152,0.398593991994858,0.423472344875336,0.511421084403992,0.291529387235641,0,0,0,0,0.274677455425262,0.290578812360764,0,0.059954360127449,0,0,0,0,0,0,0,0,0,0,0,0,0,0,0,0,0,0,0,0,0.00888501759618521,0.0427225939929485,0,0,0,0,0,0,0,0,0,0,0,0,0,0,0,0,0,0,0,0,0,0,0,0,0,0,0,0,0,0,0,0,0,0,0,0,0,0,0,0,0,0,0,0,0,0,0,0,0,0,0,0,0,0,0,0,0,302
Schweinfurt,0,0,0,0,0,0,0,0,0,0,0,0,0,0,0,0,0,0,0,0,0,0,0,0,0,0,0,0,0,0,0,0,0,0,0,0,0,0,0,0,0,0,0,0,0,0,0,0,0,0,0,0,0,0,0,0,0,0,0,0,0,0,0,0,0,0,0,0,0,0,0,0,0,0,0,0,0,0,0,0,0,0,0,0,0,0,0,0,0,0,0,0,0,0,0,0,0,0,0,0,0,0,0,0,0,0,0,0,0,0,0,0,0,0,0,0,0,0,0,0,0,0,0,0,0,0,0,0,0,0,0,0,0,0,0,0,0,0,0,0,0,0,0,0,0,0,0,0,0,0,0,0,0,0,0,0,0,0,0,0,0,0,0,0,0,0,0.0043035764247179,0.0066217971034348,0,0,0.0364037416875362,0.0727508589625359,0.0843620076775551,0.000910417293198407,0,0,0.0691128522157669,0.117242909967899,0.0199833400547504,0.02683025598526,0.136217698454857,0.193898215889931,0.229624480009079,0.265166968107224,0.232529953122139,0.2101109623909,0.213249430060387,0.268300235271454,0.300480097532272,0.195806846022606,0,0,0,0.0443236790597439,0.203686460852623,0.182783290743828,0.399490475654602,0.394511520862579,0.189697533845901,0.290041148662567,0.442527174949646,0.364540070295334,0.0510845184326172,0.373078286647797,0.481256484985352,0.540277481079102,0.566261947154999,0.585088849067688,0.502452492713928,0.434252709150314,0.433192938566208,0.525855779647827,0.454916685819626,0.432273477315903,0.287621110677719,0.331813663244247,0.221950709819794,0.308527082204819,0.428754836320877,0.498334407806396,0.600044071674347,0.654244482517242,0.656732082366943,0.679782927036285,0.69574248790741,0.576360046863556,0.483201056718826,0.34451612830162,0,0.246950671076775,0,0.448664754629135,0.597967088222504,0.708882510662079,0.803255915641785,0.60962188243866,0.674133718013763,0.662946224212646,0.568731904029846,0.0887193977832794,0,0,0.351193338632584,0.480599105358124,0.641827583312988,0.7742058634758,0.705697178840637,0.780525684356689,0.733940780162811,0.686818599700928,0.650462806224823,0.584336161613464,0.369428068399429,0.474562615156174,0.583082973957062,0.611581325531006,0.281556934118271,0,0,0.517098486423492,0.680295705795288,0.732650220394135,0.693260192871094,0.732041001319885,0.68909615278244,0.39938035607338,0.0554068610072136,0,0,0.479338526725769,0.588155686855316,0.651261925697327,0.752898216247559,0.689615249633789,0.624724626541138,0.665557682514191,0.817527115345001,0.500508844852448,0,0,0,0,0.330502718687057,0.482331693172455,0,0.186538740992546,0,0,0,0,0,0,0,0,0,0,0,0,0,0,0,0,0,0,0,0,0,0.155831709504128,0,0,0,0,0,0,0,0,0,0,0,0,0,0,0,0,0,0,0,0,0,0,0,0,0,0,0,0,0,0,0,0,0,0,0,0,0,0,0,0,0,0,0,0,0,0,0,0,0,0,0,0,0,0,0,0,0,303
Würzburg,0,0,0,0,0,0,0,0,0,0,0,0,0,0,0,0,0,0,0,0,0,0,0,0,0,0,0,0,0,0,0,0,0,0,0,0,0,0,0,0,0,0,0,0,0,0,0,0,0,0,0,0,0,0,0,0,0,0,0,0,0,0,0,0,0,0,0,0,0,0,0,0,0,0,0,0,0,0,0,0,0,0,0,0,0,0,0,0,0,0,0,0,0,0,0,0,0,0,0,0,0,0,0,0,0,0,0,0,0,0,0,0,0,0,0,0,0,0,0,0,0,0,0,0,0,0,0,0,0,0,0,0,0,0,0,0,0,0,0,0,0,0,0,0,0,0,0,0,0,0,0,0,0,0,0,0,0,0,0,0,0,0,0,0,0,0,0.00840095710009336,0.0167542975395918,0.00223094341345131,0,0.0323711931705475,0.0616647154092789,0.0709057524800301,0,0,0,0.0617516860365868,0.101470544934273,0.0253053344786167,0.0506691485643387,0.111265495419502,0.165231019258499,0.19548799097538,0.230260297656059,0.200399652123451,0.17601566016674,0.179252371191978,0.229879647493362,0.248395413160324,0.158257856965065,0,0,0,0.0964772030711174,0.175836935639381,0.175123393535614,0.338441491127014,0.333644926548004,0.177859291434288,0.250695258378983,0.36934819817543,0.306950867176056,0.140658512711525,0.327575922012329,0.393844455480576,0.45164492726326,0.474282622337341,0.496448546648026,0.441927045583725,0.372641623020172,0.377972930669785,0.456946820020676,0.398884356021881,0.374135106801987,0.2555131316185,0.296399354934692,0.195602521300316,0.262687087059021,0.360093176364899,0.422273755073547,0.515791714191437,0.55829793214798,0.552276015281677,0.580197393894196,0.578603267669678,0.49177685379982,0.417324751615524,0.318600177764893,0,0.268963247537613,0,0.388841092586517,0.528910994529724,0.618373394012451,0.691155612468719,0.519820809364319,0.581546664237976,0.567550480365753,0.488216519355774,0.169008776545525,0,0,0.329997450113297,0.416467785835266,0.562798619270325,0.661290109157562,0.598185300827026,0.66547691822052,0.637736022472382,0.602601408958435,0.55708247423172,0.511906325817108,0.345074743032455,0.418766021728516,0.474097460508347,0.5161954164505,0.0990961790084839,0,0,0.444906324148178,0.594799160957336,0.646786034107208,0.601382672786713,0.631962060928345,0.58685040473938,0.346316993236542,0.0333559103310108,0,0.123480409383774,0.464426815509796,0.532995164394379,0.597589433193207,0.66961795091629,0.608596384525299,0.569248080253601,0.599705696105957,0.722772598266602,0.422077059745789,0,0,0,0,0.407088309526443,0.429246127605438,0,0.141172721982002,0,0,0,0,0,0,0,0,0,0,0,0,0,0,0,0,0,0,0,0,0.110522523522377,0.199506312608719,0,0,0,0,0,0,0,0,0,0,0,0,0,0,0,0,0,0,0,0,0,0,0,0,0,0,0,0,0,0,0,0,0,0,0,0,0,0,0,0,0,0,0,0,0,0,0,0,0,0,0,0,0,0,0,0,0,304
Augsburg,0,0,0,0,0,0,0,0,0,0,0,0,0,0,0,0,0,0,0,0,0,0,0,0,0,0,0,0,0,0,0,0,0,0,0,0,0,0,0,0,0,0,0,0,0,0,0,0,0,0,0,0,0,0,0,0,0,0,0,0,0,0,0,0,0,0,0,0,0,0,0,0,0,0,0,0,0,0,0,0,0,0,0,0,0,0,0,0,0,0,0,0,0,0,0,0,0,0,0,0,0,0,0,0,0,0,0,0,0,0,0,0,0,0,0,0,0,0,0,0,0,0,0,0,0,0,0,0,0,0,0,0,0,0,0,0,0,0,0,0,0,0,0,0,0,0,0,0,0,0,0,0,0,0,0,0,0,0,0,0,0,0,0,0,0,0,0.0143197923898697,0.0139396339654922,0,0,0,0.0313101671636105,0.0428973883390427,0,0,0,0.024726090952754,0.0593300499022007,0.0377081409096718,0,0.0467969998717308,0.0911028012633324,0.117152959108353,0.145625025033951,0.158767029643059,0.14575320482254,0.144304141402245,0.153450593352318,0.198104798793793,0.107399925589561,0,0,0,0,0.171052470803261,0.166549518704414,0.264631122350693,0.3049076795578,0.230861932039261,0.232056453824043,0.322213530540466,0.286806404590607,0.173592463135719,0.240122854709625,0.33295065164566,0.418871372938156,0.414041250944138,0.45780137181282,0.475625425577164,0.389951676130295,0.321228712797165,0.448057979345322,0.406432569026947,0.4007568359375,0.243393823504448,0.274833977222443,0.262134969234467,0.0463183484971523,0.323586881160736,0.402956455945969,0.50888866186142,0.568523049354553,0.547489047050476,0.553589999675751,0.490568041801453,0.474588245153427,0.397041171789169,0.423075169324875,0.242381900548935,0.0377469845116138,0,0.288242220878601,0.480590730905533,0.590179800987244,0.679381966590881,0.519164502620697,0.573579847812653,0.556168258190155,0.418713480234146,0.186295285820961,0,0,0.212329596281052,0.358513951301575,0.526242613792419,0.62688934803009,0.634321868419647,0.696774184703827,0.67067289352417,0.677408456802368,0.63200443983078,0.642619967460632,0.345695704221725,0.349314272403717,0.442497104406357,0.457931280136108,0,0,0,0.434959441423416,0.575961410999298,0.674495875835419,0.583418190479279,0.645785093307495,0.675476908683777,0.329282879829407,0,0,0,0.445266127586365,0.621231019496918,0.626150906085968,0.708554089069366,0.551993727684021,0.531334161758423,0.552044153213501,0.669050574302673,0.41122242808342,0,0,0,0,0.376031428575516,0.411909431219101,0,0,0,0,0,0,0,0,0,0,0,0,0,0,0,0,0,0,0,0,0,0,0,0,0,0,0,0,0,0,0,0,0,0,0,0,0,0,0,0,0,0,0,0,0,0,0,0,0,0,0,0,0,0,0,0,0,0,0,0,0,0,0,0,0,0,0,0,0,0,0,0,0,0,0,0,0,0,0,0,0,305
Kaufbeuren,0,0,0,0,0,0,0,0,0,0,0,0,0,0,0,0,0,0,0,0,0,0,0,0,0,0,0,0,0,0,0,0,0,0,0,0,0,0,0,0,0,0,0,0,0,0,0,0,0,0,0,0,0,0,0,0,0,0,0,0,0,0,0,0,0,0,0,0,0,0,0,0,0,0,0,0,0,0,0,0,0,0,0,0,0,0,0,0,0,0,0,0,0,0,0,0,0,0,0,0,0,0,0,0,0,0,0,0,0,0,0,0,0,0,0,0,0,0,0,0,0,0,0,0,0,0,0,0,0,0,0,0,0,0,0,0,0,0,0,0,0,0,0,0,0,0,0,0,0,0,0,0,0,0,0,0,0,0,0,0,0,0,0,0,0,0,0,0,0,0,0,0.0150348003953695,0.0192169528454542,0,0,0,0,0.0266613978892565,0.0135390376672149,0,0.023521525785327,0.0471739806234837,0.0645366758108139,0.0775110721588135,0.0814814418554306,0.0733282417058945,0.0698240771889687,0.0745997801423073,0.10301411151886,0,0,0,0,0,0.0938644334673882,0.0976687222719193,0.163788735866547,0.175013244152069,0.138862326741219,0.132222279906273,0.181323170661926,0.147154897451401,0.0812937542796135,0.126897931098938,0.198370784521103,0.25002509355545,0.244746968150139,0.271782040596008,0.285112649202347,0.216629549860954,0.176305815577507,0.251659095287323,0.230467915534973,0.206600874662399,0,0.0877736583352089,0.0899009257555008,0,0.14566957950592,0.230227768421173,0.300077706575394,0.344358801841736,0.330837786197662,0.315473228693008,0.282970637083054,0.245792403817177,0.205920696258545,0.237369179725647,0.134268283843994,0,0,0.144317820668221,0.271131813526154,0.324528366327286,0.375895023345947,0.268398344516754,0.294571548700333,0.30782362818718,0.187631100416183,0,0,0,0,0.109030641615391,0.286386966705322,0.35293772816658,0.354447305202484,0.393647253513336,0.362985759973526,0.392959475517273,0.346356451511383,0.32658639550209,0.0959586203098297,0.173893481492996,0.22408826649189,0.191369473934174,0,0,0,0.213925361633301,0.295340359210968,0.367763638496399,0.293817967176437,0.343288332223892,0.354290902614594,0.109670996665955,0,0,0.108824759721756,0.257727921009064,0.326283007860184,0.335503250360489,0.369187504053116,0.314564496278763,0.300168573856354,0.304436266422272,0.367657065391541,0.183235019445419,0,0,0,0,0.153080090880394,0.184151753783226,0,0,0,0,0,0,0,0,0,0,0,0,0,0,0,0,0,0,0,0,0,0,0,0,0,0,0,0,0,0,0,0,0,0,0,0,0,0,0,0,0,0,0,0,0,0,0,0,0,0,0,0,0,0,0,0,0,0,0,0,0,0,0,0,0,0,0,0,0,0,0,0,0,0,0,0,0,0,0,0,0,306
Kempten (Allgäu),0,0,0,0,0,0,0,0,0,0,0,0,0,0,0,0,0,0,0,0,0,0,0,0,0,0,0,0,0,0,0,0,0,0,0,0,0,0,0,0,0,0,0,0,0,0,0,0,0,0,0,0,0,0,0,0,0,0,0,0,0,0,0,0,0,0,0,0,0,0,0,0,0,0,0,0,0,0,0,0,0,0,0,0,0,0,0,0,0,0,0,0,0,0,0,0,0,0,0,0,0,0,0,0,0,0,0,0,0,0,0,0,0,0,0,0,0,0,0,0,0,0,0,0,0,0,0,0,0,0,0,0,0,0,0,0,0,0,0,0,0,0,0,0,0,0,0,0,0,0,0,0,0,0,0,0,0,0,0,0,0,0,0,0,0,0,0,0,0,0,0,0.0101530291140079,0.0125475320965052,0,0,0,0,0.0208297595381737,0.0102948881685734,0,0.0144839799031615,0.0385457500815392,0.0546304173767567,0.0648511499166489,0.0690785869956017,0.0636410117149353,0.0551697947084904,0.0612165741622448,0.0889558270573616,0,0,0,0,0,0.0574799589812756,0.089049443602562,0.145289406180382,0.165260821580887,0.140104055404663,0.129916027188301,0.162374585866928,0.130657970905304,0.0768399611115456,0.12026709318161,0.179955035448074,0.22776198387146,0.231431171298027,0.255165308713913,0.268860101699829,0.201853901147842,0.155041307210922,0.236153349280357,0.222461700439453,0.179784193634987,0,0,0,0,0.103955425322056,0.195755630731583,0.271028518676758,0.314619481563568,0.321016371250153,0.29638397693634,0.26206973195076,0.222315892577171,0.177820459008217,0.225192189216614,0.128619432449341,0,0,0.015650087967515,0.238759160041809,0.287672728300095,0.338691830635071,0.233540713787079,0.260958105325699,0.278921395540237,0.148167535662651,0,0,0,0,0,0.252964913845062,0.331358313560486,0.324216216802597,0.365553557872772,0.332008183002472,0.357889235019684,0.324570178985596,0.297425448894501,0,0.134729817509651,0.178963541984558,0.148962765932083,0,0,0,0.182736858725548,0.237450823187828,0.322490185499191,0.262974947690964,0.299270421266556,0.315539658069611,0,0,0,0.0178474001586437,0.223374202847481,0.289680123329163,0.283422201871872,0.31893253326416,0.27485391497612,0.267671585083008,0.264803469181061,0.311069518327713,0.149031698703766,0,0,0,0,0,0.127115830779076,0,0,0,0,0,0,0,0,0,0,0,0,0,0,0,0,0,0,0,0,0,0,0,0,0,0,0,0,0,0,0,0,0,0,0,0,0,0,0,0,0,0,0,0,0,0,0,0,0,0,0,0,0,0,0,0,0,0,0,0,0,0,0,0,0,0,0,0,0,0,0,0,0,0,0,0,0,0,0,0,0,307
Memmingen,0,0,0,0,0,0,0,0,0,0,0,0,0,0,0,0,0,0,0,0,0,0,0,0,0,0,0,0,0,0,0,0,0,0,0,0,0,0,0,0,0,0,0,0,0,0,0,0,0,0,0,0,0,0,0,0,0,0,0,0,0,0,0,0,0,0,0,0,0,0,0,0,0,0,0,0,0,0,0,0,0,0,0,0,0,0,0,0,0,0,0,0,0,0,0,0,0,0,0,0,0,0,0,0,0,0,0,0,0,0,0,0,0,0,0,0,0,0,0,0,0,0,0,0,0,0,0,0,0,0,0,0,0,0,0,0,0,0,0,0,0,0,0,0,0,0,0,0,0,0,0,0,0,0,0,0,0,0,0,0,0,0,0,0,0,0,0,0,0,0,0,0.0145832952111959,0.0177638214081526,0,0,0,0,0.027700075879693,0.0199137460440397,0,0.023181363940239,0.0498474985361099,0.0653618946671486,0.0786471515893936,0.0858636274933815,0.0779325142502785,0.071968249976635,0.0772076472640038,0.107172474265099,0.0443531982600689,0,0,0,0,0.0679116919636726,0.104228094220161,0.164971515536308,0.187083035707474,0.155500084161758,0.145788222551346,0.183932617306709,0.158662274479866,0.0961742252111435,0.151079654693604,0.202498704195023,0.253878980875015,0.252197265625,0.283124357461929,0.303137123584747,0.227998539805412,0.19533708691597,0.271235078573227,0.260313808917999,0.220047160983086,0.0274422913789749,0.112398996949196,0.0320923514664173,0,0.162441402673721,0.229799315333366,0.301828235387802,0.343602448701859,0.346192300319672,0.326205283403397,0.296371936798096,0.269155114889145,0.222869426012039,0.254695564508438,0.15802375972271,0.069505475461483,0,0.141883373260498,0.277712672948837,0.3403040766716,0.384162068367004,0.273293942213058,0.322903633117676,0.319576621055603,0.207174628973007,0,0,0,0,0.14366826415062,0.286710917949677,0.371370106935501,0.355007082223892,0.3888900578022,0.383592844009399,0.398912400007248,0.368488758802414,0.356003761291504,0.134473636746407,0.189164847135544,0.191244602203369,0.210587382316589,0,0,0,0.24824033677578,0.293492764234543,0.367410182952881,0.32232204079628,0.349878132343292,0.364366888999939,0.0369097404181957,0,0,0,0.263768762350082,0.332770526409149,0.328558057546616,0.371845126152039,0.317311942577362,0.311882615089417,0.308831810951233,0.367832839488983,0.171879649162292,0,0,0,0,0.166204646229744,0.19931660592556,0,0,0,0,0,0,0,0,0,0,0,0,0,0,0,0,0,0,0,0,0,0,0,0,0,0,0,0,0,0,0,0,0,0,0,0,0,0,0,0,0,0,0,0,0,0,0,0,0,0,0,0,0,0,0,0,0,0,0,0,0,0,0,0,0,0,0,0,0,0,0,0,0,0,0,0,0,0,0,0,0,308
Aichach-Friedberg,0,0,0,0,0,0,0,0,0,0,0,0,0,0,0,0,0,0,0,0,0,0,0,0,0,0,0,0,0,0,0,0,0,0,0,0,0,0,0,0,0,0,0,0,0,0,0,0,0,0,0,0,0,0,0,0,0,0,0,0,0,0,0,0,0,0,0,0,0,0,0,0,0,0,0,0,0,0,0,0,0,0,0,0,0,0,0,0,0,0,0,0,0,0,0,0,0,0,0,0,0,0,0,0,0,0,0,0,0,0,0,0,0,0,0,0,0,0,0,0,0,0,0,0,0,0,0,0,0,0,0,0,0,0,0,0,0,0,0,0,0,0,0,0,0,0,0,0,0,0,0,0,0,0,0,0,0,0,0,0,0,0,0,0,0,0,0.0130944717675447,0.0124186482280493,0.000821659399662167,0,0.0019887073431164,0.0286347512155771,0.0394873432815075,0.00113992928527296,0,0,0.0239164624363184,0.0533484779298306,0.0342759601771832,0,0.0447837561368942,0.0823774114251137,0.103478670120239,0.129514366388321,0.141022682189941,0.128901705145836,0.129026517271996,0.1389120221138,0.172350630164146,0.0932006239891052,0.00896426290273666,0,0,0,0.150347471237183,0.139737129211426,0.222703948616982,0.256172716617584,0.189061656594276,0.198575899004936,0.271350741386414,0.242036491632462,0.143908277153969,0.195243149995804,0.279279738664627,0.347418904304504,0.344503343105316,0.377568125724792,0.390892893075943,0.325442522764206,0.265424817800522,0.37093597650528,0.333516925573349,0.335086435079575,0.205260947346687,0.228637546300888,0.218353509902954,0.118711389601231,0.271151006221771,0.330435544252396,0.416916817426682,0.469811260700226,0.443026185035706,0.452001810073853,0.402143508195877,0.392486810684204,0.323293060064316,0.339837223291397,0.195515811443329,0.0924422591924667,0,0.248278543353081,0.397076636552811,0.486965894699097,0.555366814136505,0.432413518428802,0.470155477523804,0.459120243787766,0.348523408174515,0.1673304438591,0,0,0.178506657481194,0.303218632936478,0.433637112379074,0.505700588226318,0.518577933311462,0.574280381202698,0.546491622924805,0.548848032951355,0.511407256126404,0.523549139499664,0.298178017139435,0.293035984039307,0.3733951151371,0.388161092996597,0.00701580289751291,0,0,0.35729518532753,0.476533561944962,0.549306869506836,0.478129833936691,0.527953386306763,0.553300321102142,0.270406484603882,0,0,0,0.355134844779968,0.500423908233643,0.515706121921539,0.578117609024048,0.447906821966171,0.434535294771194,0.45242166519165,0.540162920951843,0.34651118516922,0,0,0,0,0.290070950984955,0.332493633031845,0,0,0,0,0,0,0,0,0,0,0,0,0,0,0,0,0,0,0,0,0,0,0,0,0,0,0,0,0,0,0,0,0,0,0,0,0,0,0,0,0,0,0,0,0,0,0,0,0,0,0,0,0,0,0,0,0,0,0,0,0,0,0,0,0,0,0,0,0,0,0,0,0,0,0,0,0,0,0,0,0,309
Augsburg,0,0,0,0,0,0,0,0,0,0,0,0,0,0,0,0,0,0,0,0,0,0,0,0,0,0,0,0,0,0,0,0,0,0,0,0,0,0,0,0,0,0,0,0,0,0,0,0,0,0,0,0,0,0,0,0,0,0,0,0,0,0,0,0,0,0,0,0,0,0,0,0,0,0,0,0,0,0,0,0,0,0,0,0,0,0,0,0,0,0,0,0,0,0,0,0,0,0,0,0,0,0,0,0,0,0,0,0,0,0,0,0,0,0,0,0,0,0,0,0,0,0,0,0,0,0,0,0,0,0,0,0,0,0,0,0,0,0,0,0,0,0,0,0,0,0,0,0,0,0,0,0,0,0,0,0,0,0,0,0,0,0,0,0,0,0,0.00596723612397909,0.0107246320694685,0,0,0.00152899802196771,0.0281985886394978,0.0372835099697113,0,0,0,0.018287131562829,0.0522490181028843,0.0333933383226395,0,0.0427543669939041,0.0799149125814438,0.10218808054924,0.124555140733719,0.137987092137337,0.12496280670166,0.123511053621769,0.132572710514069,0.16810068488121,0.0910767540335655,0.00143967545591295,0,0,0,0.143061369657516,0.141757071018219,0.224664390087128,0.254537105560303,0.191122710704803,0.19808691740036,0.272142559289932,0.239122942090034,0.149357780814171,0.206646531820297,0.278051137924194,0.347817718982697,0.34224060177803,0.38042151927948,0.393323481082916,0.325102239847183,0.273277640342712,0.370648711919785,0.341630578041077,0.33097442984581,0.196039751172066,0.223799705505371,0.212027832865715,0.0730322971940041,0.267516136169434,0.330156892538071,0.417744189500809,0.463439166545868,0.445762366056442,0.45518559217453,0.401769816875458,0.387103199958801,0.322261244058609,0.34637725353241,0.197738856077194,0.0660515949130058,0,0.238323763012886,0.392555385828018,0.480641454458237,0.550792098045349,0.412474900484085,0.465762376785278,0.448872089385986,0.344101458787918,0.145645886659622,0,0,0.168536871671677,0.30482879281044,0.427113324403763,0.503909289836884,0.512646734714508,0.566235661506653,0.546341896057129,0.547534465789795,0.512082040309906,0.516621947288513,0.283075839281082,0.282519489526749,0.346332371234894,0.370368093252182,0,0,0,0.360486954450607,0.469196796417236,0.536267220973969,0.476820081472397,0.523758113384247,0.541124701499939,0.266281366348267,0,0,0,0.368519186973572,0.497905641794205,0.505797803401947,0.573293149471283,0.445248126983643,0.433331668376923,0.449376940727234,0.541880667209625,0.322585195302963,0,0,0,0,0.308320224285126,0.328710973262787,0,0,0,0,0,0,0,0,0,0,0,0,0,0,0,0,0,0,0,0,0,0,0,0,0,0,0,0,0,0,0,0,0,0,0,0,0,0,0,0,0,0,0,0,0,0,0,0,0,0,0,0,0,0,0,0,0,0,0,0,0,0,0,0,0,0,0,0,0,0,0,0,0,0,0,0,0,0,0,0,0,310
Dillingen a.d.Donau,0,0,0,0,0,0,0,0,0,0,0,0,0,0,0,0,0,0,0,0,0,0,0,0,0,0,0,0,0,0,0,0,0,0,0,0,0,0,0,0,0,0,0,0,0,0,0,0,0,0,0,0,0,0,0,0,0,0,0,0,0,0,0,0,0,0,0,0,0,0,0,0,0,0,0,0,0,0,0,0,0,0,0,0,0,0,0,0,0,0,0,0,0,0,0,0,0,0,0,0,0,0,0,0,0,0,0,0,0,0,0,0,0,0,0,0,0,0,0,0,0,0,0,0,0,0,0,0,0,0,0,0,0,0,0,0,0,0,0,0,0,0,0,0,0,0,0,0,0,0,0,0,0,0,0,0,0,0,0,0,0,0,0,0,0,0,0.000383204955141991,0.00235407194122672,0,0,0.0086237546056509,0.0362162292003632,0.0462645515799522,0,0,0,0.01991499774158,0.0673586428165436,0.040280744433403,0,0.0603457167744637,0.10284798592329,0.128907382488251,0.154659003019333,0.174193292856216,0.153932735323906,0.157287314534187,0.17246975004673,0.203244596719742,0.109155960381031,0,0,0,0,0.171802833676338,0.171032190322876,0.27144467830658,0.298409014940262,0.212685361504555,0.23872683942318,0.331970393657684,0.281915456056595,0.180793702602386,0.254139721393585,0.329147607088089,0.410742789506912,0.402966111898422,0.450362890958786,0.454219937324524,0.384322613477707,0.333173185586929,0.434194147586823,0.406396061182022,0.389840662479401,0.225237384438515,0.254987001419067,0.236185729503632,0.180896535515785,0.32096391916275,0.383569806814194,0.483622372150421,0.531895339488983,0.504690229892731,0.535891890525818,0.468206584453583,0.448973059654236,0.374508023262024,0.393588364124298,0.214918121695518,0.184329524636269,0,0.291555494070053,0.463442414999008,0.561906814575195,0.635373115539551,0.461375743150711,0.535861015319824,0.506282389163971,0.412068665027618,0.127670809626579,0,0,0.218603923916817,0.395191311836243,0.49900895357132,0.566596150398254,0.591560781002045,0.66035783290863,0.638041853904724,0.625772714614868,0.588371872901917,0.587666034698486,0.3488549888134,0.323488563299179,0.379217088222504,0.444842040538788,0,0,0,0.438209056854248,0.552715659141541,0.599316775798798,0.562645971775055,0.610801577568054,0.611932933330536,0.298615157604218,0,0,0,0.42903745174408,0.560989916324615,0.593578577041626,0.670765578746796,0.510111451148987,0.50569760799408,0.526524066925049,0.628200113773346,0.359473019838333,0,0,0,0,0.372622072696686,0.363899916410446,0,0,0,0,0,0,0,0,0,0,0,0,0,0,0,0,0,0,0,0,0,0,0,0,0,0,0,0,0,0,0,0,0,0,0,0,0,0,0,0,0,0,0,0,0,0,0,0,0,0,0,0,0,0,0,0,0,0,0,0,0,0,0,0,0,0,0,0,0,0,0,0,0,0,0,0,0,0,0,0,0,311
Günzburg,0,0,0,0,0,0,0,0,0,0,0,0,0,0,0,0,0,0,0,0,0,0,0,0,0,0,0,0,0,0,0,0,0,0,0,0,0,0,0,0,0,0,0,0,0,0,0,0,0,0,0,0,0,0,0,0,0,0,0,0,0,0,0,0,0,0,0,0,0,0,0,0,0,0,0,0,0,0,0,0,0,0,0,0,0,0,0,0,0,0,0,0,0,0,0,0,0,0,0,0,0,0,0,0,0,0,0,0,0,0,0,0,0,0,0,0,0,0,0,0,0,0,0,0,0,0,0,0,0,0,0,0,0,0,0,0,0,0,0,0,0,0,0,0,0,0,0,0,0,0,0,0,0,0,0,0,0,0,0,0,0,0,0,0,0,0,0,0.00062144041294232,0,0,0,0.0269125327467918,0.0332852825522423,0,0,0,0.00487755611538887,0.0481773056089878,0.0322994403541088,0,0.0390334837138653,0.0743962302803993,0.0960804522037506,0.116279169917107,0.129667311906815,0.117227911949158,0.119699329137802,0.122283630073071,0.158088982105255,0.0859640017151833,0,0,0,0,0.12104120105505,0.137008890509605,0.215513572096825,0.236191272735596,0.180315539240837,0.191946431994438,0.257457226514816,0.22471559047699,0.148705303668976,0.206075310707092,0.261182576417923,0.326915264129639,0.319414019584656,0.358878016471863,0.37235426902771,0.306090593338013,0.266372799873352,0.34899714589119,0.33943310379982,0.313701450824738,0.183520540595055,0.209427282214165,0.194144830107689,0.0822716653347015,0.255045801401138,0.313392758369446,0.391707807779312,0.422216534614563,0.410642802715302,0.433651655912399,0.376865208148956,0.366666942834854,0.309214144945145,0.328965574502945,0.190006524324417,0.0929907411336899,0,0.214264005422592,0.366432905197144,0.449409574270248,0.509011566638947,0.357912510633469,0.432556986808777,0.411809355020523,0.326651692390442,0.0935198292136192,0,0,0.155214220285416,0.308759480714798,0.392957001924515,0.461493968963623,0.464245319366455,0.518512189388275,0.512138187885284,0.497331619262695,0.479351282119751,0.476190537214279,0.26360622048378,0.260407269001007,0.284315347671509,0.34023118019104,0,0,0,0.36053603887558,0.428139835596085,0.472801357507706,0.446044713258743,0.480057507753372,0.481609523296356,0.228360936045647,0,0,0,0.344713777303696,0.449096083641052,0.457787305116653,0.52081173658371,0.395262837409973,0.394552052021027,0.409330308437347,0.490239024162292,0.273686647415161,0,0,0,0,0.292380273342133,0.292802780866623,0,0,0,0,0,0,0,0,0,0,0,0,0,0,0,0,0,0,0,0,0,0,0,0,0,0,0,0,0,0,0,0,0,0,0,0,0,0,0,0,0,0,0,0,0,0,0,0,0,0,0,0,0,0,0,0,0,0,0,0,0,0,0,0,0,0,0,0,0,0,0,0,0,0,0,0,0,0,0,0,0,312
Neu-Ulm,0,0,0,0,0,0,0,0,0,0,0,0,0,0,0,0,0,0,0,0,0,0,0,0,0,0,0,0,0,0,0,0,0,0,0,0,0,0,0,0,0,0,0,0,0,0,0,0,0,0,0,0,0,0,0,0,0,0,0,0,0,0,0,0,0,0,0,0,0,0,0,0,0,0,0,0,0,0,0,0,0,0,0,0,0,0,0,0,0,0,0,0,0,0,0,0,0,0,0,0,0,0,0,0,0,0,0,0,0,0,0,0,0,0,0,0,0,0,0,0,0,0,0,0,0,0,0,0,0,0,0,0,0,0,0,0,0,0,0,0,0,0,0,0,0,0,0,0,0,0,0,0,0,0,0,0,0,0,0,0,0,0,0,0,0,0,0,0,0,0,0,0.0253081228584051,0.0298101734369993,0,0,0,0,0.0448156371712685,0.0315226130187511,0,0.0375261567533016,0.0730090364813805,0.0948422998189926,0.113623835146427,0.125120237469673,0.113769724965096,0.118317604064941,0.117587246000767,0.154837980866432,0.0799024626612663,0,0,0,0,0.115872919559479,0.139859706163406,0.22263702750206,0.243133291602135,0.186484277248383,0.195237204432487,0.259697675704956,0.227131828665733,0.143521785736084,0.213047027587891,0.274784982204437,0.337832719087601,0.329522311687469,0.374911457300186,0.394111633300781,0.316161632537842,0.279314786195755,0.365913867950439,0.354423403739929,0.321982353925705,0.177002444863319,0.202223345637321,0.184465989470482,0.00310659129172564,0.261925905942917,0.331585198640823,0.414293766021729,0.449562758207321,0.43892776966095,0.459867268800735,0.395398885011673,0.379281759262085,0.32293239235878,0.343181282281876,0.213777586817741,0.156970292329788,0,0.22518464922905,0.391946196556091,0.478151768445969,0.531756281852722,0.36885729432106,0.456251174211502,0.434417009353638,0.33272722363472,0.0318148024380207,0,0,0.142364338040352,0.314050197601318,0.414924591779709,0.495879679918289,0.49239918589592,0.540572464466095,0.545033752918243,0.530641496181488,0.509182393550873,0.501442193984985,0.270096033811569,0.282143175601959,0.283496916294098,0.345863074064255,0,0,0,0.381710559129715,0.452086210250854,0.501276016235352,0.467940658330917,0.505857110023499,0.50151652097702,0.222197443246841,0,0,0,0.376912713050842,0.47496971487999,0.485934525728226,0.549476385116577,0.424548864364624,0.428624212741852,0.445726275444031,0.527436435222626,0.269512414932251,0,0,0,0,0.305409491062164,0.306722223758698,0,0,0,0,0,0,0,0,0,0,0,0,0,0,0,0,0,0,0,0,0,0,0,0,0,0,0,0,0,0,0,0,0,0,0,0,0,0,0,0,0,0,0,0,0,0,0,0,0,0,0,0,0,0,0,0,0,0,0,0,0,0,0,0,0,0,0,0,0,0,0,0,0,0,0,0,0,0,0,0,0,313
Lindau (Bodensee),0,0,0,0,0,0,0,0,0,0,0,0,0,0,0,0,0,0,0,0,0,0,0,0,0,0,0,0,0,0,0,0,0,0,0,0,0,0,0,0,0,0,0,0,0,0,0,0,0,0,0,0,0,0,0,0,0,0,0,0,0,0,0,0,0,0,0,0,0,0,0,0,0,0,0,0,0,0,0,0,0,0,0,0,0,0,0,0,0,0,0,0,0,0,0,0,0,0,0,0,0,0,0,0,0,0,0,0,0,0,0,0,0,0,0,0,0,0,0,0,0,0,0,0,0,0,0,0,0,0,0,0,0,0,0.0018506416818127,0,0,0,0,0,0,0,0,0,0,0,0,0,0,0,0,0,0,0,0,0,0,0,0,0,0,0,0,0,0,0.00502817099913955,0.00472709070891142,0.00697351852431893,0,0,0.00856529641896486,0.0153251914307475,0.0190538559108973,0,0,0,0.0116036534309387,0.0265216417610645,0.0245042946189642,0.0176902450621128,0.0249560512602329,0.0399468578398228,0.0495051816105843,0.0574310161173344,0.0603669062256813,0.0580387264490128,0.053649052977562,0.0605711974203587,0.07137580960989,0.0365510545670986,0.0190326720476151,0,0,0,0.0432696044445038,0.079881988465786,0.109555959701538,0.121068581938744,0.110164351761341,0.10308613628149,0.120615191757679,0.108455821871758,0.0786253660917282,0.101236738264561,0.126719042658806,0.155827537178993,0.15847173333168,0.17341037094593,0.184097811579704,0.146020665764809,0.124187298119068,0.16215281188488,0.152702316641808,0.131386443972588,0.0496601313352585,0.0614605396986008,0.0546720288693905,0,0.10242436081171,0.138869628310204,0.184852629899979,0.21048304438591,0.219228729605675,0.206913441419601,0.179341539740562,0.162420079112053,0.132156953215599,0.165236920118332,0.130977168679237,0.0765680149197578,0.0667981058359146,0.0782871246337891,0.173714846372604,0.206888735294342,0.220849826931953,0.1764305382967,0.194042384624481,0.19834092259407,0.139733016490936,0.0520642325282097,0,0,0.0665207654237747,0.091270238161087,0.179877638816833,0.23295184969902,0.220229476690292,0.248049378395081,0.235044330358505,0.259381771087646,0.236137554049492,0.217589125037193,0.127412497997284,0.137554198503494,0.139771685004234,0.134992867708206,0,0,0,0.163890600204468,0.189519673585892,0.239324852824211,0.207495763897896,0.227138355374336,0.238449215888977,0.11866919696331,0.0619371645152569,0.0389670468866825,0.124312020838261,0.189231559634209,0.22112962603569,0.206962317228317,0.244307532906532,0.218015596270561,0.215695202350616,0.21614496409893,0.238036543130875,0.1450584679842,0,0,0,0,0.115772634744644,0.142154842615128,0.0410580486059189,0,0,0,0,0,0,0,0,0,0,0,0,0,0,0,0,0,0,0,0,0,0.0319584086537361,0.0329227484762669,0,0,0,0,0,0,0,0,0,0,0,0,0,0,0,0,0,0,0,0,0.026769457384944,0,0,0,0,0,0,0,0,0,0,0,0,0,0,0,0,0,0,0,0,0,0,0,0,0,0,0,0,0,0,0,0,0,0,0,0,314
Ostallgäu,0,0,0,0,0,0,0,0,0,0,0,0,0,0,0,0,0,0,0,0,0,0,0,0,0,0,0,0,0,0,0,0,0,0,0,0,0,0,0,0,0,0,0,0,0,0,0,0,0,0,0,0,0,0,0,0,0,0,0,0,0,0,0,0,0,0,0,0,0,0,0,0,0,0,0,0,0,0,0,0,0,0,0,0,0,0,0,0,0,0,0,0,0,0,0,0,0,0,0,0,0,0,0,0,0,0,0,0,0,0,0,0,0,0,0,0,0,0,0,0,0,0,0,0,0,0,0,0,0,0,0,0,0,0,0,0,0,0,0,0,0,0,0,0,0,0,0,0,0,0,0,0,0,0,0,0,0,0,0,0,0,0,0,0,0,0,0,0.000473752414109185,0,0,0,0.0115462271496654,0.0150074874982238,0,0,0,0.000881064916029572,0.0196051634848118,0.00466976035386324,0,0.0150377303361893,0.0391876250505447,0.0558462589979172,0.0673932284116745,0.0698657035827637,0.0641489326953888,0.059864167124033,0.0641643777489662,0.0895742028951645,0.00382508570328355,0,0,0,0,0.0766113474965096,0.0857867226004601,0.144746020436287,0.160255432128906,0.129796847701073,0.120733007788658,0.164350524544716,0.132229492068291,0.0630389153957367,0.112825982272625,0.179576367139816,0.229408770799637,0.227752938866615,0.252123147249222,0.266163408756256,0.202076882123947,0.154800429940224,0.229271233081818,0.212199136614799,0.188221305608749,0.00838199630379677,0.0311826504766941,0.0325765907764435,0,0.10652494430542,0.200967192649841,0.275065302848816,0.316579967737198,0.312843441963196,0.301416575908661,0.264627873897552,0.224755227565765,0.182145550847054,0.226339772343636,0.104059852659702,0,0,0.0929476767778397,0.240453392267227,0.294390082359314,0.346834778785706,0.244404301047325,0.259787440299988,0.285486847162247,0.164413958787918,0,0,0,0.00664875935763121,0.0385922379791737,0.258706390857697,0.329821616411209,0.330387860536575,0.37596184015274,0.338663101196289,0.365461379289627,0.325829386711121,0.304786086082458,0.0381732769310474,0.127600535750389,0.211196169257164,0.163598462939262,0,0,0,0.179897710680962,0.257551819086075,0.336923569440842,0.267109394073486,0.312405228614807,0.328164458274841,0.0764953047037125,0,0,0.0529248602688313,0.227766424417496,0.300846129655838,0.305908352136612,0.337285161018372,0.288047641515732,0.271565586328506,0.274314790964127,0.33193901181221,0.175252586603165,0,0,0,0,0.0931740775704384,0.135814219713211,0,0,0,0,0,0,0,0,0,0,0,0,0,0,0,0,0,0,0,0,0,0,0,0,0,0,0,0,0,0,0,0,0,0,0,0,0,0,0,0,0,0,0,0,0,0,0,0,0,0,0,0,0,0,0,0,0,0,0,0,0,0,0,0,0,0,0,0,0,0,0,0,0,0,0,0,0,0,0,0,0,315
Unterallgäu,0,0,0,0,0,0,0,0,0,0,0,0,0,0,0,0,0,0,0,0,0,0,0,0,0,0,0,0,0,0,0,0,0,0,0,0,0,0,0,0,0,0,0,0,0,0,0,0,0,0,0,0,0,0,0,0,0,0,0,0,0,0,0,0,0,0,0,0,0,0,0,0,0,0,0,0,0,0,0,0,0,0,0,0,0,0,0,0,0,0,0,0,0,0,0,0,0,0,0,0,0,0,0,0,0,0,0,0,0,0,0,0,0,0,0,0,0,0,0,0,0,0,0,0,0,0,0,0,0,0,0,0,0,0,0,0,0,0,0,0,0,0,0,0,0,0,0,0,0,0,0,0,0,0,0,0,0,0,0,0,0,0,0,0,0,0,0,7.40757823223248e-05,0,0,0,0.0165984611958265,0.0205374490469694,0,0,0,0.00252935895696282,0.0299297794699669,0.0196255370974541,0,0.0247832741588354,0.0511527694761753,0.0676862746477127,0.0816077888011932,0.0884445384144783,0.0802492201328278,0.0762037485837936,0.0801276639103889,0.110965624451637,0.044357031583786,0,0,0,0,0.0839602500200272,0.103669665753841,0.166398048400879,0.184894144535065,0.149748489260674,0.144106298685074,0.188133493065834,0.161338970065117,0.0979335904121399,0.147947162389755,0.203398883342743,0.255133122205734,0.251224607229233,0.280912071466446,0.297600388526917,0.229583472013474,0.194204598665237,0.26908215880394,0.255191773176193,0.224824696779251,0.0744193121790886,0.118433460593224,0.0893542990088463,0,0.169621631503105,0.237391471862793,0.306184530258179,0.344340234994888,0.339173585176468,0.327695280313492,0.294388204813004,0.269550770521164,0.226674467325211,0.253601580858231,0.150982245802879,0.0275054294615984,0,0.152299463748932,0.280121713876724,0.341357916593552,0.389954924583435,0.278138786554337,0.323612868785858,0.320923566818237,0.216271921992302,0.00387266161851585,0,0,0.00410019140690565,0.149826690554619,0.294178813695908,0.368965357542038,0.359706103801727,0.396915912628174,0.384383529424667,0.397260993719101,0.366629660129547,0.355680376291275,0.135909751057625,0.192703783512115,0.212887704372406,0.221467256546021,0,0,0,0.247717842459679,0.30610454082489,0.372772961854935,0.322438359260559,0.356721997261047,0.368701428174973,0.102869845926762,0,0,0.00382229243405163,0.26526015996933,0.339687258005142,0.339788496494293,0.382831871509552,0.319263488054276,0.309587180614471,0.311909526586533,0.374140441417694,0.188287869095802,0,0,0,0,0.17859973013401,0.205758407711983,0,0,0,0,0,0,0,0,0,0,0,0,0,0,0,0,0,0,0,0,0,0,0,0,0,0,0,0,0,0,0,0,0,0,0,0,0,0,0,0,0,0,0,0,0,0,0,0,0,0,0,0,0,0,0,0,0,0,0,0,0,0,0,0,0,0,0,0,0,0,0,0,0,0,0,0,0,0,0,0,0,316
Donau-Ries,0,0,0,0,0,0,0,0,0,0,0,0,0,0,0,0,0,0,0,0,0,0,0,0,0,0,0,0,0,0,0,0,0,0,0,0,0,0,0,0,0,0,0,0,0,0,0,0,0,0,0,0,0,0,0,0,0,0,0,0,0,0,0,0,0,0,0,0,0,0,0,0,0,0,0,0,0,0,0,0,0,0,0,0,0,0,0,0,0,0,0,0,0,0,0,0,0,0,0,0,0,0,0,0,0,0,0,0,0,0,0,0,0,0,0,0,0,0,0,0,0,0,0,0,0,0,0,0,0,0,0,0,0,0,0,0,0,0,0,0,0,0,0,0,0,0,0,0,0,0,0,0,0,0,0,0,0,0,0,0,0,0,0,0,0,0,0.00113700586371124,0.00244930409826338,0,0,0.0149552971124649,0.0322915874421597,0.0415323339402676,0,0,0,0.0119093358516693,0.0581269115209579,0.0243236757814884,0,0.0592719167470932,0.0951700210571289,0.116773270070553,0.139184668660164,0.152790188789368,0.132301792502403,0.134989947080612,0.157694458961487,0.176250621676445,0.0902534276247025,0.00627802731469274,0,0,0,0.16055266559124,0.145211398601532,0.238769859075546,0.257899522781372,0.169654980301857,0.208255589008331,0.287533611059189,0.238486066460609,0.136833667755127,0.21395605802536,0.290527433156967,0.355896979570389,0.353418827056885,0.390844345092773,0.385955035686493,0.326301097869873,0.284709811210632,0.374020338058472,0.336400002241135,0.334417998790741,0.182973563671112,0.210656583309174,0.182220712304115,0.157838955521584,0.273154556751251,0.329517096281052,0.414770007133484,0.470972388982773,0.429837316274643,0.452386796474457,0.407118737697601,0.375316113233566,0.312528192996979,0.320765733718872,0.143268749117851,0.169952526688576,0,0.262190639972687,0.401925653219223,0.484780669212341,0.542233109474182,0.404797375202179,0.457904636859894,0.430544674396515,0.343874961137772,0.115411095321178,0,0,0.186765983700752,0.32018381357193,0.423790901899338,0.479143530130386,0.507229685783386,0.568926632404327,0.530611932277679,0.523979306221008,0.484512269496918,0.480599910020828,0.293560028076172,0.285413920879364,0.342347592115402,0.382865518331528,0,0,0,0.344653487205505,0.473258674144745,0.512856900691986,0.467333108186722,0.50950300693512,0.513001441955566,0.239896208047867,0,0,0,0.348869115114212,0.460538595914841,0.508407294750214,0.566124081611633,0.45131316781044,0.438197731971741,0.450000137090683,0.535869836807251,0.307892024517059,0,0,0,0,0.281282633543015,0.288523584604263,0,0,0,0,0,0,0,0,0,0,0,0,0,0,0,0,0,0,0,0,0,0,0,0.00127929367590696,0,0,0,0,0,0,0,0,0,0,0,0,0,0,0,0,0,0,0,0,0,0,0,0,0,0,0,0,0,0,0,0,0,0,0,0,0,0,0,0,0,0,0,0,0,0,0,0,0,0,0,0,0,0,0,0,0,317
Oberallgäu,0,0,0,0,0,0,0,0,0,0,0,0,0,0,0,0,0,0,0,0,0,0,0,0,0,0,0,0,0,0,0,0,0,0,0,0,0,0,0,0,0,0,0,0,0,0,0,0,0,0,0,0,0,0,0,0,0,0,0,0,0,0,0,0,0,0,0,0,0,0,0,0,0,0,0,0,0,0,0,0,0,0,0,0,0,0,0,0,0,0,0,0,0,0,0,0,0,0,0,0,0,0,0,0,0,0,0,0,0,0,0,0,0,0,0,0,0,0,0,0,0,0,0,0,0,0,0,0,0,0,0,0,0,0,0,0,0,0,0,0,0,0,0,0,0,0,0,0,0,0,0,0,0,0,0,0,0,0,0,0,0,0,0,0,0,0,0,0,0,0,0,0.00616411305963993,0.00785869639366865,0,0,0,0,0.0130223296582699,0.00548157328739762,0,0.00553300604224205,0.0249111261218786,0.0354937352240086,0.0421754457056522,0.0451341308653355,0.0420733280479908,0.0361329726874828,0.0399989187717438,0.0581870041787624,0.000811655889265239,0,0,0,0,0.0181162338703871,0.0597083121538162,0.0966575220227242,0.110243879258633,0.0957037284970284,0.0902725458145142,0.109184883534908,0.0877954289317131,0.039453998208046,0.0806948319077492,0.119814209640026,0.152421474456787,0.157293051481247,0.172749206423759,0.181334763765335,0.137387171387672,0.101749338209629,0.157867014408112,0.148910686373711,0.120187617838383,0,0.00213514035567641,0,0,0.0532480850815773,0.127228230237961,0.181992337107658,0.211679458618164,0.217170938849449,0.204384446144104,0.177749335765839,0.148561269044876,0.113069646060467,0.153026908636093,0.0883829519152641,0,0,0.0127102099359035,0.156066328287125,0.19376215338707,0.224479898810387,0.159396320581436,0.17449963092804,0.18832939863205,0.102561458945274,0,0,0,0,0.00260634091682732,0.167068168520927,0.223857641220093,0.217593237757683,0.252776324748993,0.224371030926704,0.242221474647522,0.219672948122025,0.201488077640533,0.0282176528126001,0.0684484615921974,0.125009581446648,0.094390019774437,0,0,0,0.115908294916153,0.157038167119026,0.214705526828766,0.17579111456871,0.200108677148819,0.215450033545494,0.0354369021952152,0,0,0.0512945353984833,0.151968002319336,0.196552813053131,0.188417762517929,0.212960779666901,0.184164002537727,0.179068192839622,0.177732899785042,0.208429366350174,0.10767950117588,0,0,0,0,0.00969752762466669,0.0631013885140419,0,0,0,0,0,0,0,0,0,0,0,0,0,0,0,0,0,0,0,0,0,0,0,0,0,0,0,0,0,0,0,0,0,0,0,0,0,0,0,0,0,0,0,0,0,0,0,0,0,0,0,0,0,0,0,0,0,0,0,0,0,0,0,0,0,0,0,0,0,0,0,0,0,0,0,0,0,0,0,0,0,318
Regionalverband Saarbrücken,0,0,0,0,0,0,0,0,0,0,0,0,0,0,0,0,0,0,0,0,0,0,0,0,0,0,0,0,0,0,0,0,0,0,0,0,0,0,0,0,0,0,0,0,0,0,0,0,0,0,0,0,0,0,0,0,0,0,0,0,0,0,0,0,0,0,0,0,0,0,0,0,0,0,0,0,0,0,0,0,0,0,0,0,0,0,0,0,0,0,0,0,0,0,0,0,0,0,0,0,0,0,0,0,0,0,0,0,0,0,0,0,0,0,0,0,0,0,0,0,0,0,0,0,0,0,0,0,0,0,0,0,0,0,0,0,0,0,0,0,0,0,0,0,0,0,0,0,0,0,0,0,0,0,0,0,0,0,0,0,0,0,0,0,0,0.00344467582181096,0,0,0.0141022941097617,0.0211124364286661,0.0455600209534168,0.0628050118684769,0.0528851114213467,0,0,0,0.0697187185287476,0.0910859704017639,0.0712543353438377,0.0872914493083954,0.11611370742321,0.156562775373459,0.179941669106483,0.192403122782707,0.165901854634285,0.138677805662155,0.176631718873978,0.188660144805908,0.195802420377731,0,0.0940000787377357,0,0,0.139683976769447,0.118621975183487,0.183619812130928,0.289345979690552,0.218724176287651,0.174609184265137,0.258266538381577,0.289796262979507,0.181262820959091,0.17023292183876,0.277909934520721,0.328892052173615,0.378236502408981,0.37771663069725,0.379972487688065,0.304551839828491,0.244451358914375,0.262124240398407,0.346352994441986,0.294224381446838,0.248067110776901,0.176631480455399,0.123791590332985,0,0.127841845154762,0.276431202888489,0.34099343419075,0.418348461389542,0.462387800216675,0.431129068136215,0.451280176639557,0.400082796812057,0.30592668056488,0.247715443372726,0.201008439064026,0.198961794376373,0.256357908248901,0.197561591863632,0.325803577899933,0.426830440759659,0.479828029870987,0.515030860900879,0.380945563316345,0.374784231185913,0.397845983505249,0.262394607067108,0,0,0.275205731391907,0.292495846748352,0.2767613530159,0.436444282531738,0.431661307811737,0.407376855611801,0.36276850104332,0.450273364782333,0.461392432451248,0.384517043828964,0.336081385612488,0.252714484930038,0.359841674566269,0.258884996175766,0.262416958808899,0,0,0,0.279830753803253,0.4080650806427,0.411002665758133,0.404860079288483,0.419151216745377,0.333876967430115,0,0,0.199351534247398,0.336769610643387,0.443858534097672,0.38346141576767,0.43363431096077,0.468198657035828,0.429532289505005,0.458593428134918,0.494088888168335,0.459065586328506,0.174663990736008,0,0,0,0,0.341877669095993,0.207566857337952,0,0,0,0,0,0,0,0,0,0,0,0,0,0,0,0,0,0,0,0,0,0.178706288337708,0.255410671234131,0,0,0,0,0,0,0,0,0,0,0,0,0,0,0,0,0.116078890860081,0,0,0,0,0,0,0,0,0,0,0,0,0,0,0,0,0,0,0,0,0,0,0,0,0,0,0,0,0,0,0,0,0,0,0,0,0,0,0,0,0,319
Merzig-Wadern,0,0,0,0,0,0,0,0,0,0,0,0,0,0,0,0,0,0,0,0,0,0,0,0,0,0,0,0,0,0,0,0,0,0,0,0,0,0,0,0,0,0,0,0,0,0,0,0,0,0,0,0,0,0,0,0,0,0,0,0,0,0,0,0,0,0,0,0,0,0,0,0,0,0,0,0,0,0,0,0,0,0,0,0,0,0,0,0,0,0,0,0,0,0,0,0,0,0,0,0,0,0,0,0,0,0,0,0,0,0,0,0,0,0,0,0,0,0,0,0,0,0,0,0,0,0,0,0,0,0,0,0,0,0,0,0,0,0,0,0,0,0,0,0,0,0,0,0,0,0,0,0,0,0,0,0,0,0,0,0,0,0,0,0,0,0.000644244370050728,0,0,0.000850229524075985,0.0138310128822923,0.0416180342435837,0.0575445406138897,0.0464819110929966,0,0,0,0.0654212385416031,0.0819326043128967,0.0601808242499828,0.0779099985957146,0.106946557760239,0.148806437849998,0.167538836598396,0.180275395512581,0.153107523918152,0.122398115694523,0.168964236974716,0.183114781975746,0.187611162662506,0,0.0725369527935982,0,0,0.125782415270805,0.111912116408348,0.169975072145462,0.282380133867264,0.198730200529099,0.156293928623199,0.249502897262573,0.288867950439453,0.162884384393692,0.15289218723774,0.26997321844101,0.327320694923401,0.37258917093277,0.372766971588135,0.385780602693558,0.282348871231079,0.224264249205589,0.242929458618164,0.324536025524139,0.265513956546783,0.219168812036514,0.154384836554527,0.00656676897779107,0,0.00664355000481009,0.249665021896362,0.319218665361404,0.406526565551758,0.446912348270416,0.412214010953903,0.429945886135101,0.389464348554611,0.285223096609116,0.20347860455513,0.156984865665436,0.157488644123077,0.209603667259216,0.150621503591537,0.2979476749897,0.396970719099045,0.456776469945908,0.493492126464844,0.358188599348068,0.347597181797028,0.368377417325974,0.222537413239479,0,0,0.240889027714729,0.249069914221764,0.224863901734352,0.400375008583069,0.409029096364975,0.374699980020523,0.325330585241318,0.402388036251068,0.416010171175003,0.346082985401154,0.307179987430573,0.216608673334122,0.338873624801636,0.226503252983093,0.22310271859169,0,0,0,0.23972062766552,0.373855978250504,0.379098057746887,0.355020225048065,0.359581977128983,0.281301587820053,0,0,0.132110610604286,0.320519119501114,0.411666244268417,0.325698405504227,0.370567977428436,0.417715638875961,0.385540962219238,0.425074577331543,0.464341670274734,0.427632123231888,0.00955706275999546,0,0,0,0,0.294981688261032,0.125817283987999,0,0,0,0,0,0,0,0,0,0,0,0,0,0,0,0,0,0,0,0,0,0.166329950094223,0.227664083242416,0,0,0,0,0,0,0,0,0,0,0,0,0,0,0,0,0.110845379531384,0.0767013877630234,0,0,0,0,0,0,0,0,0,0,0,0,0,0,0,0,0,0,0,0,0,0,0,0,0,0,0,0,0,0,0,0,0,0,0,0,0,0,0,0,320
Neunkirchen,0,0,0,0,0,0,0,0,0,0,0,0,0,0,0,0,0,0,0,0,0,0,0,0,0,0,0,0,0,0,0,0,0,0,0,0,0,0,0,0,0,0,0,0,0,0,0,0,0,0,0,0,0,0,0,0,0,0,0,0,0,0,0,0,0,0,0,0,0,0,0,0,0,0,0,0,0,0,0,0,0,0,0,0,0,0,0,0,0,0,0,0,0,0,0,0,0,0,0,0,0,0,0,0,0,0,0,0,0,0,0,0,0,0,0,0,0,0,0,0,0,0,0,0,0,0,0,0,0,0,0,0,0,0,0,0,0,0,0,0,0,0,0,0,0,0,0,0,0,0,0,0,0,0,0,0,0,0,0,0,0,0,0,0,0,0.000110466789919883,0,1.99240839720005e-05,0.00908937398344278,0.0269717667251825,0.0659241378307343,0.0926878303289413,0.0785221680998802,0,0,0,0.0991291552782059,0.138955518603325,0.105504646897316,0.129096820950508,0.172642365098,0.23595055937767,0.27300363779068,0.294678717851639,0.257036149501801,0.212018430233002,0.268132328987122,0.286099344491959,0.301351726055145,0,0.129251047968864,0,0,0.208275437355042,0.169945389032364,0.277108639478683,0.445424884557724,0.346228659152985,0.267137914896011,0.394384354352951,0.446775853633881,0.283664494752884,0.254313409328461,0.428689807653427,0.505851924419403,0.586800932884216,0.588823199272156,0.587045192718506,0.480289667844772,0.382278442382813,0.409226417541504,0.54360419511795,0.468299001455307,0.396143794059753,0.279894351959229,0.202071100473404,0,0.211319476366043,0.427289694547653,0.525284945964813,0.646139621734619,0.719217360019684,0.675140738487244,0.703544020652771,0.625927746295929,0.484149575233459,0.391820222139359,0.317682087421417,0.293611168861389,0.393586367368698,0.298753976821899,0.495856761932373,0.661858797073364,0.745774269104004,0.798799991607666,0.593285620212555,0.585131883621216,0.623363435268402,0.407089173793793,0,0,0.419395536184311,0.458547502756119,0.429449319839478,0.675080597400665,0.670229911804199,0.637439429759979,0.575266361236572,0.702743053436279,0.721931576728821,0.598080575466156,0.520533442497253,0.37913316488266,0.542939603328705,0.39395660161972,0.401054322719574,0,0,0,0.430678933858871,0.624539077281952,0.633290886878967,0.62999039888382,0.651232063770294,0.528747260570526,0.000254707294516265,0,0.27373480796814,0.482863008975983,0.671135008335114,0.598309993743896,0.668779313564301,0.722572207450867,0.656592845916748,0.694895148277283,0.748357236385345,0.703886926174164,0.267337262630463,0,0,0,0,0.522627472877502,0.324068933725357,0,0,0,0,0,0,0,0,0,0,0,0,0,0,0,0,0,0,0,0,0,0.253093153238297,0.389241278171539,0,0,0,0,0,0,0,0,0,0,0,0,0,0,0,0,0.162029132246971,0,0,0,0,0,0,0,0,0,0,0,0,0,0,0,0,0,0,0,0,0,0,0,0,0,0,0,0,0,0,0,0,0,0,0,0,0,0,0,0,0,321
Saarlouis,0,0,0,0,0,0,0,0,0,0,0,0,0,0,0,0,0,0,0,0,0,0,0,0,0,0,0,0,0,0,0,0,0,0,0,0,0,0,0,0,0,0,0,0,0,0,0,0,0,0,0,0,0,0,0,0,0,0,0,0,0,0,0,0,0,0,0,0,0,0,0,0,0,0,0,0,0,0,0,0,0,0,0,0,0,0,0,0,0,0,0,0,0,0,0,0,0,0,0,0,0,0,0,0,0,0,0,0,0,0,0,0,0,0,0,0,0,0,0,0,0,0,0,0,0,0,0,0,0,0,0,0,0,0,0,0,0,0,0,0,0,0,0,0,0,0,0,0,0,0,0,0,0,0,0,0,0,0,0,0,0,0,0,0,0,0.00978057738393545,0,0,0.0134537788107991,0.0217369794845581,0.0471671372652054,0.064537987112999,0.0537392236292362,0,0,0,0.0728610530495644,0.0918555408716202,0.0720749646425247,0.0891542583703995,0.118724301457405,0.160052448511124,0.182553485035896,0.194555327296257,0.166648864746094,0.138966768980026,0.179875001311302,0.192983701825142,0.198281779885292,0,0.0950860381126404,0,0,0.14261768758297,0.123888358473778,0.186395719647408,0.293785631656647,0.217003911733627,0.175135165452957,0.262616574764252,0.295045346021652,0.180698931217194,0.172382399439812,0.282002359628677,0.335459411144257,0.383158534765244,0.382154822349548,0.388649314641953,0.303021132946014,0.244463607668877,0.262668520212173,0.346444368362427,0.290321111679077,0.243645220994949,0.174445390701294,0.104731574654579,0,0.106103770434856,0.276638209819794,0.343962967395782,0.424036681652069,0.466377735137939,0.433127224445343,0.454114735126495,0.403651744127274,0.304656028747559,0.242017641663551,0.195146501064301,0.199359372258186,0.253144562244415,0.194829434156418,0.328762084245682,0.428406715393066,0.483695775270462,0.520006477832794,0.383080184459686,0.375690937042236,0.397940665483475,0.260562270879745,0,0,0.27628156542778,0.288736402988434,0.272969454526901,0.438190191984177,0.435401976108551,0.407304346561432,0.358826100826263,0.448000907897949,0.458795607089996,0.38398951292038,0.337312787771225,0.255477279424667,0.366996794939041,0.260457009077072,0.262862265110016,0,0,0,0.27909579873085,0.41176176071167,0.414304822683334,0.402557224035263,0.41539204120636,0.326706141233444,0,0,0.197508946061134,0.350490868091583,0.451051771640778,0.378549098968506,0.429721117019653,0.468128770589828,0.431695878505707,0.465305596590042,0.503142476081848,0.464362323284149,0.152114048600197,0,0,0,0,0.342901587486267,0.193485900759697,0,0,0,0,0,0,0,0,0,0,0,0,0,0,0,0,0,0,0,0,0,0.186652064323425,0.257366538047791,0,0,0,0,0,0,0,0,0,0,0,0,0,0,0,0,0.121253617107868,0.0136857116594911,0,0,0,0,0,0,0,0,0,0,0,0,0,0,0,0,0,0,0,0,0,0,0,0,0,0,0,0,0,0,0,0,0,0,0,0,0,0,0,0,322
Saarpfalz-Kreis,0,0,0,0,0,0,0,0,0,0,0,0,0,0,0,0,0,0,0,0,0,0,0,0,0,0,0,0,0,0,0,0,0,0,0,0,0,0,0,0,0,0,0,0,0,0,0,0,0,0,0,0,0,0,0,0,0,0,0,0,0,0,0,0,0,0,0,0,0,0,0,0,0,0,0,0,0,0,0,0,0,0,0,0,0,0,0,0,0,0,0,0,0,0,0,0,0,0,0,0,0,0,0,0,0,0,0,0,0,0,0,0,0,0,0,0,0,0,0,0,0,0,0,0,0,0,0,0,0,0,0,0,0,0,0,0,0,0,0,0,0,0,0,0,0,0,0,0,0,0,0,0,0,0,0,0,0,0,0,0,0,0,0,0,0,0,0,0.00406539626419544,0.00042659294558689,0.00986377336084843,0.026304678991437,0.0378047339618206,0.0322608351707458,0,0,0,0.0386168621480465,0.0583082586526871,0.0431331135332584,0.0528789833188057,0.070634089410305,0.0976991951465607,0.11342716217041,0.123362354934216,0.109311535954475,0.0887212678790092,0.111121788620949,0.118918344378471,0.126112833619118,0,0.0507938973605633,0,0,0.0876444801688194,0.067894846200943,0.114984758198261,0.187323525547981,0.150084748864174,0.112033188343048,0.164621368050575,0.187467902898788,0.121970675885677,0.103393785655499,0.180913135409355,0.212829738855362,0.247976571321487,0.250149935483932,0.249126359820366,0.206623435020447,0.165488287806511,0.176333740353584,0.233369827270508,0.203657448291779,0.172901600599289,0.122372664511204,0.0940199196338654,0,0.0962029322981834,0.181317359209061,0.222481429576874,0.273548662662506,0.3055320084095,0.289818167686462,0.301220834255219,0.269991010427475,0.210504606366158,0.170580342411995,0.139256805181503,0.121050879359245,0.166392117738724,0.125032156705856,0.207114443182945,0.280972898006439,0.318969547748566,0.341212034225464,0.254900246858597,0.252702802419662,0.270038306713104,0.177320599555969,0,0,0.1762515604496,0.198879063129425,0.186922520399094,0.288680225610733,0.288794279098511,0.276228278875351,0.252768754959106,0.302931040525436,0.310716807842255,0.257790267467499,0.223809361457825,0.160681575536728,0.227505013346672,0.168737024068832,0.17313115298748,0,0,0,0.184960663318634,0.265949308872223,0.271533161401749,0.271959900856018,0.281525671482086,0.231906518340111,0.0519715771079063,0,0.106327384710312,0.192239552736282,0.282732248306274,0.259866058826447,0.285204976797104,0.30986699461937,0.278789669275284,0.292092949151993,0.316178470849991,0.300881743431091,0.115922130644321,0,0,0,0,0.22628915309906,0.143313840031624,0,0,0,0,0,0,0,0,0,0,0,0,0,0,0,0,0,0,0,0,0,0.101210385560989,0.166502207517624,0,0,0,0,0,0,0,0,0,0,0,0,0,0,0,0,0.0635692998766899,0,0,0,0,0,0,0,0,0,0,0,0,0,0,0,0,0,0,0,0,0,0,0,0,0,0,0,0,0,0,0,0,0,0,0,0,0,0,0,0,0,323
St. Wendel,0,0,0,0,0,0,0,0,0,0,0,0,0,0,0,0,0,0,0,0,0,0,0,0,0,0,0,0,0,0,0,0,0,0,0,0,0,0,0,0,0,0,0,0,0,0,0,0,0,0,0,0,0,0,0,0,0,0,0,0,0,0,0,0,0,0,0,0,0,0,0,0,0,0,0,0,0,0,0,0,0,0,0,0,0,0,0,0,0,0,0,0,0,0,0,0,0,0,0,0,0,0,0,0,0,0,0,0,0,0,0,0,0,0,0,0,0,0,0,0,0,0,0,0,0,0,0,0,0,0,0,0,0,0,0,0,0,0,0,0,0,0,0,0,0,0,0,0,0,0,0,0,0,0,0,0,0,0,0,0,0,0,0,0,0,0,0,0,0.00113623298238963,0.00318252970464528,0.0484492070972919,0.0685099139809608,0.0555722936987877,0,0,0,0.0722763165831566,0.104046881198883,0.0699882283806801,0.0913870707154274,0.126861721277237,0.185305446386337,0.212666004896164,0.23430010676384,0.200926378369331,0.155046969652176,0.212432622909546,0.234070464968681,0.243858650326729,0,0.0153428362682462,0,0,0.155559852719307,0.134978145360947,0.218187183141708,0.36940985918045,0.270740658044815,0.195183873176575,0.312266975641251,0.378112345933914,0.217657953500748,0.183604121208191,0.346236556768417,0.426291465759277,0.495054632425308,0.491483241319656,0.503592491149902,0.383368581533432,0.2966348528862,0.323860287666321,0.434281826019287,0.361551105976105,0.305667877197266,0.197487130761147,0.0218276977539063,0,0.0227684061974287,0.326182216405869,0.4210264980793,0.536399960517883,0.592703819274902,0.551255881786346,0.574376881122589,0.51311844587326,0.381069839000702,0.283938080072403,0.210233971476555,0.179864883422852,0.268101274967194,0.187595143914223,0.38260754942894,0.522248148918152,0.597965478897095,0.652848482131958,0.480138093233109,0.462996751070023,0.490584045648575,0.285979509353638,0,0,0.30193704366684,0.33327978849411,0.293017566204071,0.529879152774811,0.53919517993927,0.501740217208862,0.440961748361588,0.540200233459473,0.559880912303925,0.459635525941849,0.404051274061203,0.275681585073471,0.426656365394592,0.29175078868866,0.285617232322693,0,0,0,0.31557160615921,0.479193091392517,0.50221449136734,0.471145361661911,0.481000185012817,0.388011872768402,0,0,0.0318680331110954,0.366097927093506,0.517140090465546,0.43276035785675,0.483216464519501,0.544026494026184,0.494300752878189,0.538206040859222,0.589615941047668,0.555169463157654,0.0291592963039875,0,0,0,0,0.376649051904678,0.0992689803242683,0,0,0,0,0,0,0,0,0,0,0,0,0,0,0,0,0,0,0,0,0,0.186150878667831,0.290940433740616,0,0,0,0,0,0,0,0,0,0,0,0,0,0,0,0,0.14068728685379,0.0572720021009445,0,0,0,0,0,0,0,0,0,0,0,0,0,0,0,0,0,0,0,0,0,0,0,0,0,0,0,0,0,0,0,0,0,0,0,0,0,0,0,0,324
Berlin,0,0,0,0,0,0,0,0,0,0,0,0,0,0,0,0,0,0,0,0,0,0,0,0,0,0,0,0,0,0,0,0,0,0,0,0,0,0,0,0,0,0,0,0,0,0,0,0,0,0,0,0,0,0,0,0,0,0,0,0,0,0,0,0,0,0,0,0,0,0,0,0,0,0,0,0,0,0,0,0,0,0,0,0,0,0,0,0,0,0,0,0,0,0,0,0,0,0,0,0,0,0,0,0,0,0,0,0,0,0,0,0,0,0,0,0,0,0,0,0,0,0,0,0,0.00308281858451664,0.00466745067387819,0,0,0,0,0,0,0,0,0,0,0,0,0,0,0,0,0,0,0,0,0,0,0,0,0,0,0,0,0,0,0,0,0,0,0,0,0,0,0,0,0.0674318745732307,0.018122598528862,0.070865161716938,0.0870995745062828,0.082305371761322,0.259417831897736,0.317235141992569,0.375825822353363,0.150652304291725,0.199819639325142,0.271888136863708,0.394584655761719,0,0,0.410405188798904,0.686867713928223,0.895049393177032,0.956165969371796,0.89640998840332,0.70602935552597,0.352517306804657,0.722999632358551,0.697181284427643,0.529783248901367,0.553569316864014,0.801490783691406,0,0.664790213108063,1.15898084640503,0.973316490650177,1.39180016517639,1.15172588825226,0.740333914756775,0.771435916423798,1.31994724273682,0.817655384540558,0.792588412761688,1.24561178684235,1.69091820716858,1.62743949890137,1.13134741783142,1.26576995849609,1.31732678413391,1.32378327846527,1.11534798145294,0.8986496925354,0.9840367436409,1.48358142375946,1.23445534706116,0.784339785575867,0.73635596036911,0.7490114569664,1.09506857395172,1.03289818763733,0.852467000484467,1.49437785148621,1.51607465744019,1.53306102752686,1.43841528892517,1.3792724609375,1.38752806186676,1.11300492286682,0.371488571166992,0.943785548210144,1.08075761795044,1.26510417461395,1.35799992084503,1.41172194480896,1.90647447109222,2.01370143890381,1.8522937297821,1.65334868431091,1.57345831394196,1.54117512702942,0.908589363098145,0.910567939281464,1.38725566864014,1.43178808689117,1.80040037631989,2.39430546760559,2.25081777572632,2.23835277557373,2.07020115852356,2.10551142692566,1.92861366271973,1.4802508354187,1.31842601299286,1.53278851509094,2.02476572990417,2.25558495521545,2.07876443862915,1.34974777698517,0.822728872299194,1.54339849948883,1.78709650039673,2.28848052024841,1.94516396522522,2.16212940216064,2.29648923873901,1.43454897403717,0.96372926235199,0.779531300067902,0,0.102287627756596,1.37192475795746,1.68933546543121,1.82662212848663,1.90190207958221,1.50966799259186,2.01207637786865,2.50385689735413,2.18711829185486,0.106775842607021,0,0,0,1.01336634159088,1.0740749835968,0,0,1.00677943229675,0.918365359306335,0.606822669506073,0,0,0,0,0,0,0,0,0,0,0,0,0,0,0,0.185188561677933,0.534827589988708,0.643825888633728,0,0,0,0,0,0,0,0,0,0,0,0,0,0,0.403485834598541,0.463232576847076,0.535932123661041,0.577859222888947,0,0,0,0,0,0,0,0,0,0,0,0,0,0,0,0,0,0,0,0,0,0,0,0,0,0,0,0,0,0,0,0,0,0,0,0,0,0,0,0,325
Brandenburg an der Havel,0,0,0,0,0,0,0,0,0,0,0,0,0,0,0,0,0,0,0,0,0,0,0,0,0,0,0,0,0,0,0,0,0,0,0,0,0,0,0,0,0,0,0,0,0,0,0,0,0,0,0,0,0,0,0,0,0,0,0,0,0,0,0,0,0,0,0,0,0,0,0,0,0,0,0,0,0,0,0,0,0,0,0,0,0,0,0,0,0,0,0,0,0,0,0,0,0,0,0,0,0,0,0,0,0,0,0,0,0,0,0,0,0,0,0,0,0,0,0,0,0,0,0,0,0.000960989505983889,0.00110836594831198,0,0,0,0,0,0,0,0,0,0,0,0,0,0,0,0,0,0,0,0,0,0,0,0,0,0,0,0,0,0,0,0,0,0,0,0,0,0,0,0,0.0282582733780146,0.00797144137322903,0.0103672994300723,0.0119587387889624,0.0383453741669655,0.0889978483319283,0.10651533305645,0.117466643452644,0.0414139293134212,0.0533358417451382,0.0866859257221222,0.122481279075146,0,0,0.157345995306969,0.23614014685154,0.300206810235977,0.314709842205048,0.297999888658524,0.215333238244057,0.0870992541313171,0.237433329224586,0.226792454719543,0.168160751461983,0.180552065372467,0.25861793756485,0,0.217729538679123,0.352893501520157,0.306104004383087,0.443294435739517,0.368021726608276,0.239705055952072,0.24233266711235,0.425017505884171,0.262291580438614,0.256699800491333,0.392286628484726,0.538062512874603,0.516508936882019,0.348319828510284,0.411962360143661,0.446211606264114,0.429564028978348,0.37402868270874,0.278192400932312,0.289606928825378,0.472778886556625,0.39540883898735,0.301314800977707,0.249408453702927,0.245726063847542,0.354956895112991,0.322682619094849,0.269752204418182,0.508084177970886,0.570605397224426,0.49195671081543,0.42622971534729,0.435954838991165,0.436995834112167,0.289705246686935,0,0.295736104249954,0.36917433142662,0.404137581586838,0.422730177640915,0.435577780008316,0.636016666889191,0.629438281059265,0.58646148443222,0.552514374256134,0.515777766704559,0.445833414793015,0.253368347883224,0.278099060058594,0.402037352323532,0.46226704120636,0.589745461940765,0.753797709941864,0.693812310695648,0.685650050640106,0.63452136516571,0.684034466743469,0.615160405635834,0.423915594816208,0.377766489982605,0.47758224606514,0.651623487472534,0.677932381629944,0.619766414165497,0.346409738063812,0.20053805410862,0.473147422075272,0.525697708129883,0.750799477100372,0.602109849452972,0.678370833396912,0.678720891475677,0.439522176980972,0.278502851724625,0.2317104190588,0,0,0.407251268625259,0.512740194797516,0.527369320392609,0.563332855701447,0.368780851364136,0.613752126693726,0.813254356384277,0.667665481567383,0,0,0,0,0.314534664154053,0.372472137212753,0,0,0.305443286895752,0.209454730153084,0,0,0,0,0,0,0,0,0,0,0,0,0,0,0,0,0.163597166538239,0.221689999103546,0.308271825313568,0.199831172823906,0,0,0,0,0,0,0,0,0,0,0,0,0,0.208280980587006,0.202458471059799,0.24284203350544,0.201789692044258,0,0,0,0,0,0,0,0,0,0,0,0,0,0,0,0,0,0,0,0,0,0,0,0,0,0,0,0,0,0,0,0,0,0,0,0,0,0,0,0,326
Cottbus,0,0,0,0,0,0,0,0,0,0,0,0,0,0,0,0,0,0,0,0,0,0,0,0,0,0,0,0,0,0,0,0,0,0,0,0,0,0,0,0,0,0,0,0,0,0,0,0,0,0,0,0,0,0,0,0,0,0,0,0,0,0,0,0,0,0,0,0,0,0,0,0,0,0,0,0,0,0,0,0,0,0,0,0,0,0,0,0,0,0,0,0,0,0,0,0,0,0,0,0,0,0,0,0,0,0,0,0,0,0,0,0,0,0,0,0,0,0,0,0,0,0,0,0,0.000491145707201213,0.00127506628632545,0,0,0,0,0,0,0,0,0,0,0,0,0,0,0,0,0,0,0,0,0,0,0,0,0,0,0,0,0,0,0,0,0,0,0,0,0,0,0,0,0.0068928599357605,0.0194332245737314,0.00682549364864826,0.00781652051955462,0.0265835579484701,0.0742957293987274,0.0917231887578964,0.116265960037708,0.0378803685307503,0.0436301454901695,0.0487906523048878,0.120240248739719,0,0,0.10761272162199,0.185038715600967,0.266318529844284,0.306744188070297,0.287497103214264,0.226613938808441,0.0965829938650131,0.226676449179649,0.280481725931168,0.15908108651638,0.188628450036049,0.289264053106308,0.142348051071167,0.243330776691437,0.41614618897438,0.302992224693298,0.446266204118729,0.439775705337524,0.248899504542351,0.266169130802155,0.421331495046616,0.26901188492775,0.162626951932907,0.40297669172287,0.557152092456818,0.605244994163513,0.415154159069061,0.48097175359726,0.490950524806976,0.56841778755188,0.518268942832947,0.383373886346817,0.427091211080551,0.502128541469574,0.397817701101303,0.416870951652527,0.351982414722443,0.349497318267822,0.423923581838608,0.43469050526619,0.271143615245819,0.519946813583374,0.636811435222626,0.61857795715332,0.62269115447998,0.635150015354156,0.529672801494598,0.467968076467514,0,0.302994102239609,0.107580944895744,0.503879368305206,0.52238941192627,0.572504818439484,0.78002268075943,0.786071419715881,0.742058932781219,0.707145035266876,0.622166037559509,0.583018958568573,0.348975896835327,0.347039639949799,0.567151129245758,0.602818131446838,0.666500389575958,0.932494282722473,0.895448446273804,0.891478359699249,0.847868859767914,0.88531905412674,0.816910147666931,0.769530296325684,0.513579666614532,0.565699100494385,0.798217058181763,0.906064629554749,0.808750569820404,0.656060338020325,0.37582340836525,0.585244357585907,0.664403080940247,0.938138902187347,0.765103042125702,0.89024943113327,1.01064395904541,0.625581741333008,0.377721607685089,0.348824769258499,0,0,0.550618827342987,0.720535218715668,0.821575224399567,0.77921187877655,0.478859007358551,0.747338831424713,1.02172183990479,0.921517491340637,0,0,0,0,0.00656120106577873,0.451743930578232,0,0.185784131288528,0.546236455440521,0.339917331933975,0.457054972648621,0,0,0,0,0,0,0,0,0,0,0,0,0,0,0,0,0.259146690368652,0.00623938208445907,0,0,0,0,0,0,0,0,0,0,0,0,0,0,0.265943616628647,0.251739293336868,0.266081869602203,0.244881361722946,0,0,0,0,0,0,0,0,0,0,0,0,0,0,0,0,0,0,0,0,0,0,0,0,0,0,0,0,0,0,0,0,0,0,0,0,0,0,0,0,327
Frankfurt (Oder),0,0,0,0,0,0,0,0,0,0,0,0,0,0,0,0,0,0,0,0,0,0,0,0,0,0,0,0,0,0,0,0,0,0,0,0,0,0,0,0,0,0,0,0,0,0,0,0,0,0,0,0,0,0,0,0,0,0,0,0,0,0,0,0,0,0,0,0,0,0,0,0,0,0,0,0,0,0,0,0,0,0,0,0,0,0,0,0,0,0,0,0,0,0,0,0,0,0,0,0,0,0,0,0,0,0,0,0,0,0,0,0,0,0,0,0,0,0,0,0,0,0,0,0,0,0.000321031140629202,0,0,0,0,0,0,0,0,0,0,0,0,0,0,0,0,0,0,0,0,0,0,0,0,0,0,0,0,0,0,0,0,0,0,0,0,0,0,0,0,0.00379936629906297,0.00490257004275918,0.00504186004400253,0.00439833663403988,0,0.0152413686737418,0.0201941709965467,0.0249795690178871,0.00905880331993103,0.00931260734796524,0.0123674171045423,0.0272450800985098,0,0,0.0212055779993534,0.0429297462105751,0.0596317127346992,0.065685473382473,0.0598090104758739,0.0499747022986412,0.0201933719217777,0.0452905744314194,0.0567990504205227,0.0381186604499817,0.0385544262826443,0.0588671006262302,0,0.0473097376525402,0.0872521623969078,0.0643344074487686,0.0951170176267624,0.0883758440613747,0.0526637211441994,0.0518684685230255,0.0889232382178307,0.0603814050555229,0.0341168120503426,0.0890532806515694,0.119041115045547,0.120762810111046,0.0781790837645531,0.0946770682930946,0.0941879376769066,0.104259252548218,0.0929211750626564,0.0689060762524605,0.0732128843665123,0.102868914604187,0.092642530798912,0.0676722750067711,0.0645423531532288,0.0618328861892223,0.0753427520394325,0.0755122974514961,0.0455907881259918,0.100546956062317,0.107894033193588,0.121238820254803,0.113443426787853,0.114480778574944,0.102752216160297,0.0895367860794067,0,0.0671969130635262,0.0752219930291176,0.097527801990509,0.104759410023689,0.104098968207836,0.139413714408875,0.1499113291502,0.143238037824631,0.129730328917503,0.117006875574589,0.113450810313225,0.0620411857962608,0.0705901309847832,0.110539436340332,0.112813897430897,0.127775028347969,0.179984226822853,0.170077249407768,0.168372929096222,0.161238893866539,0.16439114511013,0.148197740316391,0.129501476883888,0.0983215942978859,0.111394688487053,0.148241996765137,0.168120488524437,0.15176397562027,0.12263423204422,0.0652836710214615,0.11618672311306,0.129696503281593,0.170705184340477,0.14596101641655,0.160277426242828,0.180894255638123,0.113477110862732,0.0684153735637665,0.0502985864877701,0,0,0.106288850307465,0.129443868994713,0.133959144353867,0.139404982328415,0.100840382277966,0.139999225735664,0.181780517101288,0.169842690229416,0,0,0,0,0.0670939087867737,0.0716287344694138,0,0,0.0898791551589966,0.0633560046553612,0.0688060373067856,0,0,0,0,0,0,0,0,0,0,0,0,0,0,0,0,0,0,0,0,0,0,0,0,0,0,0,0,0,0,0,0,0.033626526594162,0.0396750085055828,0.0362799167633057,0.0430174432694912,0,0,0,0,0,0,0,0,0,0,0,0,0,0,0,0,0,0,0,0,0,0,0,0,0,0,0,0,0,0,0,0,0,0,0,0,0,0,0,0,328
Potsdam,0,0,0,0,0,0,0,0,0,0,0,0,0,0,0,0,0,0,0,0,0,0,0,0,0,0,0,0,0,0,0,0,0,0,0,0,0,0,0,0,0,0,0,0,0,0,0,0,0,0,0,0,0,0,0,0,0,0,0,0,0,0,0,0,0,0,0,0,0,0,0,0,0,0,0,0,0,0,0,0,0,0,0,0,0,0,0,0,0,0,0,0,0,0,0,0,0,0,0,0,0,0,0,0,0,0,0,0,0,0,0,0,0,0,0,0,0,0,0,0,0,0,0,0,0.00397241115570068,0.00501806009560823,0,0,0,0,0,0,0,0,0,0,0,0,0,0,0,0,0,0,0,0,0,0,0,0,0,0,0,0,0,0,0,0,0,0,0,0,0,0,0,0,0.0823888853192329,0.0620565116405487,0.0749571472406387,0.0927516669034958,0.133089065551758,0.270954191684723,0.333163052797318,0.393153011798859,0.154039472341537,0.21896630525589,0.311323612928391,0.407194256782532,0,0,0.47896420955658,0.745292127132416,0.939353764057159,0.990757942199707,0.929780066013336,0.71512633562088,0.393280327320099,0.796616792678833,0.711851477622986,0.492879211902618,0.547037243843079,0.794141173362732,0,0.690624713897705,1.13401961326599,1.0254408121109,1.45206701755524,1.14123225212097,0.756797552108765,0.839118182659149,1.40837061405182,0.813370764255524,0.845077574253082,1.29513442516327,1.74719893932343,1.65949821472168,1.15306115150452,1.24981987476349,1.35728669166565,1.35147476196289,1.07488608360291,0.943775534629822,1.04598557949066,1.4930477142334,1.220458984375,0.820940136909485,0.727798640727997,0.713980913162231,1.13800275325775,1.03699743747711,0.910327911376953,1.59331858158112,1.62806904315948,1.55829846858978,1.43840944766998,1.39028942584991,1.38903951644897,1.00974953174591,0,0.939281165599823,1.18390345573425,1.28372859954834,1.33996975421906,1.4574156999588,1.97607672214508,2.00389194488525,1.85295140743256,1.68734872341156,1.62983632087708,1.48748195171356,0.907319605350494,0.891654193401337,1.23560881614685,1.43463516235352,1.86770284175873,2.40484237670898,2.26736497879028,2.23109483718872,2.09055209159851,2.11756920814514,1.91011762619019,1.39181053638458,1.28822815418243,1.59386563301086,2.08514785766602,2.21379709243774,2.03699111938477,1.25044643878937,0.680331170558929,1.51503217220306,1.79866433143616,2.33044409751892,1.9199903011322,2.15214443206787,2.2390775680542,1.36908411979675,0.918554663658142,0.889714777469635,0,0.716764748096466,1.38428676128387,1.7076336145401,1.94152069091797,1.83064687252045,1.49045217037201,2.07639575004578,2.53897476196289,2.06575417518616,0,0,0,0,1.17667043209076,1.13698494434357,0,0,0.88530421257019,0.727492570877075,0,0,0,0,0,0,0,0,0,0,0,0,0,0,0,0,0.515773713588715,0.672199964523315,0.763237357139587,0,0,0,0,0,0,0,0,0,0,0,0,0,0,0.52907395362854,0.653288304805756,0.654513120651245,0.64321756362915,0,0,0,0,0,0,0,0,0,0,0,0,0,0,0,0,0,0,0,0,0,0,0,0,0,0,0,0,0,0,0,0,0,0,0,0,0,0,0,0,329
Barnim,0,0,0,0,0,0,0,0,0,0,0,0,0,0,0,0,0,0,0,0,0,0,0,0,0,0,0,0,0,0,0,0,0,0,0,0,0,0,0,0,0,0,0,0,0,0,0,0,0,0,0,0,0,0,0,0,0,0,0,0,0,0,0,0,0,0,0,0,0,0,0,0,0,0,0,0,0,0,0,0,0,0,0,0,0,0,0,0,0,0,0,0,0,0,0,0,0,0,0,0,0,0,0,0,0,0,0,0,0,0,0,0,0,0,0,0,0,0,0,0,0,0,0,0,0.000841517525259405,0.000847579969558865,0,0,0,0,0,0,0,0,0,0,0,0,0,0,0,0,0,0,0,0,0,0,0,0,0,0,0,0,0,0,0,0,0,0,0,0,0,0,0,0,0.0107368398457766,0,0.0178846754133701,0.0139028551056981,0.00411170162260532,0.0720142349600792,0.0908776968717575,0.109086714684963,0.0189561732113361,0.0301560591906309,0.0579073093831539,0.116450443863869,0,0,0.108767151832581,0.201408624649048,0.275331616401672,0.284161508083344,0.261402904987335,0.207513421773911,0.016920130699873,0.193855255842209,0.213780343532562,0.147150114178658,0.154130220413208,0.25690758228302,0,0.189586713910103,0.379136055707932,0.294704616069794,0.438949346542358,0.363447487354279,0.214558377861977,0.21462245285511,0.406018704175949,0.246435701847076,0.23051555454731,0.39510789513588,0.541419625282288,0.512289822101593,0.334570109844208,0.413179337978363,0.410403609275818,0.403308272361755,0.362254112958908,0.272064626216888,0.273378908634186,0.477884769439697,0.412280857563019,0.218296617269516,0.222650721669197,0.22173672914505,0.333731889724731,0.304978907108307,0.229166299104691,0.468424826860428,0.470622807741165,0.507907867431641,0.459753066301346,0.450202256441116,0.4448122382164,0.370724081993103,0.0256003253161907,0.281746417284012,0.342129290103912,0.406480967998505,0.442145556211472,0.436796754598618,0.612211108207703,0.665468037128448,0.614251613616943,0.535129427909851,0.497200340032578,0.50239109992981,0.279271215200424,0.310003876686096,0.483553498983383,0.450886249542236,0.574805855751038,0.797998070716858,0.736316204071045,0.748420894145966,0.680040538311005,0.698348224163055,0.631258010864258,0.480011641979218,0.419621467590332,0.485907077789307,0.658327758312225,0.734491288661957,0.683459877967834,0.471079885959625,0.282559394836426,0.509586453437805,0.571560382843018,0.756369471549988,0.628576040267944,0.702728390693665,0.752479016780853,0.463158816099167,0.224055200815201,0.0366913601756096,0,0,0.441509485244751,0.539017021656036,0.567586660385132,0.593153536319733,0.454851359128952,0.650851130485535,0.830768048763275,0.73254406452179,0,0,0,0,0.277104079723358,0.3316310942173,0,0,0.321060180664063,0.267576456069946,0.170017540454865,0,0,0,0,0,0,0,0,0,0,0,0,0,0,0,4.59003349533305e-05,0.027150372043252,0.03090650588274,0,0,0,0,0,0,0,0,0,0,0,0,0,0,0.0571191497147083,0.0752739533782005,0.184924438595772,0.167812883853912,0,0,0,0,0,0,0,0,0,0,0,0,0,0,0,0,0,0,0,0,0,0,0,0,0,0,0,0,0,0,0,0,0,0,0,0,0,0,0,0,330
Dahme-Spreewald,0,0,0,0,0,0,0,0,0,0,0,0,0,0,0,0,0,0,0,0,0,0,0,0,0,0,0,0,0,0,0,0,0,0,0,0,0,0,0,0,0,0,0,0,0,0,0,0,0,0,0,0,0,0,0,0,0,0,0,0,0,0,0,0,0,0,0,0,0,0,0,0,0,0,0,0,0,0,0,0,0,0,0,0,0,0,0,0,0,0,0,0,0,0,0,0,0,0,0,0,0,0,0,0,0,0,0,0,0,0,0,0,0,0,0,0,0,0,0,0,0,0,0,0,0.000174884218722582,0.00121606432367116,0,0,0,0,0,0,0,0,0,0,0,0,0,0,0,0,0,0,0,0,0,0,0,0,0,0,0,0,0,0,0,0,0,0,0,0,0,0,0,0,0.0193230360746384,0.00950980558991432,0.00729607418179512,0.00891344342380762,0.0288068540394306,0.0875107273459435,0.105583749711514,0.127816542983055,0.043715063482523,0.0535604581236839,0.0749732777476311,0.13401497900486,0,0,0.132703825831413,0.220650970935822,0.304280310869217,0.340778052806854,0.32268163561821,0.253653883934021,0.108439207077026,0.247394159436226,0.278220325708389,0.16610112786293,0.195837363600731,0.283032596111298,0.00778283411636949,0.251732617616653,0.423599779605865,0.337509840726852,0.488799899816513,0.444610387086868,0.262638956308365,0.284179538488388,0.457184880971909,0.300936549901962,0.252439200878143,0.453198790550232,0.607034683227539,0.619057476520538,0.422871619462967,0.482866764068604,0.509190380573273,0.551580846309662,0.484439730644226,0.360668122768402,0.393423765897751,0.539774954319,0.439489096403122,0.367811977863312,0.33682706952095,0.328534007072449,0.410878121852875,0.416307598352432,0.290658980607986,0.547667860984802,0.62037605047226,0.620280563831329,0.595185220241547,0.583886623382568,0.536505699157715,0.446152418851852,0.0196067616343498,0.327684313058853,0.351351469755173,0.50128173828125,0.528985679149628,0.550961434841156,0.757782578468323,0.776586413383484,0.730420351028442,0.673202216625214,0.618056297302246,0.584399819374084,0.34130671620369,0.336725980043411,0.565733373165131,0.593180596828461,0.686028063297272,0.927373826503754,0.881785213947296,0.859992325305939,0.829111337661743,0.850472450256348,0.773015797138214,0.670194208621979,0.505816638469696,0.553274035453796,0.772954702377319,0.89261269569397,0.799748003482819,0.565411627292633,0.345742046833038,0.581607341766357,0.680157244205475,0.894060611724854,0.763060986995697,0.85504674911499,0.945473611354828,0.578418493270874,0.356133878231049,0.323946207761765,0,0,0.501283288002014,0.661440014839172,0.742719113826752,0.762471556663513,0.523776292800903,0.733099818229675,0.964379370212555,0.866704165935516,0.0238916277885437,0,0,0,0.279076635837555,0.407458186149597,0,0.0925378650426865,0.448096424341202,0.367554575204849,0.333364367485046,0,0,0,0,0,0,0,0,0,0,0,0,0,0,0,0,0.190325036644936,0.170259967446327,0,0,0,0,0,0,0,0,0,0,0,0,0,0,0.144764333963394,0.0955712869763374,0.223744213581085,0.223580971360207,0,0,0,0,0,0,0,0,0,0,0,0,0,0,0,0,0,0,0,0,0,0,0,0,0,0,0,0,0,0,0,0,0,0,0,0,0,0,0,0,331
Elbe-Elster,0,0,0,0,0,0,0,0,0,0,0,0,0,0,0,0,0,0,0,0,0,0,0,0,0,0,0,0,0,0,0,0,0,0,0,0,0,0,0,0,0,0,0,0,0,0,0,0,0,0,0,0,0,0,0,0,0,0,0,0,0,0,0,0,0,0,0,0,0,0,0,0,0,0,0,0,0,0,0,0,0,0,0,0,0,0,0,0,0,0,0,0,0,0,0,0,0,0,0,0,0,0,0,0,0,0,0,0,0,0,0,0,0,0,0,0,0,0,0,0,0,0,0,0,6.70524696033681e-06,0.000872591277584434,0,0,0,0,0,0,0,0,0,0,0,0,0,0,0,0,0,0,0,0,0,0,0,0,0,0,0,0,0,0,0,0,0,0,0,0,0,0,0,0,0.00786648038774729,0.0176365152001381,0.000132935136207379,0.000449166254838929,0.0290544852614403,0.0650837644934654,0.0773545950651169,0.0904601737856865,0.0246746893972158,0.0217932723462582,0.0413197614252567,0.0984775945544243,0,0,0.104164429008961,0.162546470761299,0.224876791238785,0.257127463817596,0.239275649189949,0.184725970029831,0.0687903612852097,0.184622213244438,0.230571448802948,0.107804447412491,0.138036504387856,0.211867183446884,0,0.198987305164337,0.306291997432709,0.24447076022625,0.363156467676163,0.345319658517838,0.177076235413551,0.214924052357674,0.344979912042618,0.2231615036726,0.18229866027832,0.325278908014297,0.440414518117905,0.470490902662277,0.342346400022507,0.381743878126144,0.392383843660355,0.432655483484268,0.396366059780121,0.293154060840607,0.310187548398972,0.399029940366745,0.300480365753174,0.332561314105988,0.276851654052734,0.264715373516083,0.340793341398239,0.357113182544708,0.2798131108284,0.440522462129593,0.545497953891754,0.497298955917358,0.470024943351746,0.466914802789688,0.410357147455215,0.335780471563339,0,0.175194293260574,0.288597792387009,0.403095185756683,0.409690082073212,0.434761136770248,0.600925028324127,0.581510007381439,0.544202029705048,0.541845381259918,0.501425623893738,0.413546234369278,0.257568269968033,0.223574370145798,0.417289048433304,0.461568802595139,0.527313351631165,0.705599546432495,0.673871338367462,0.655673801898956,0.64147961139679,0.649796009063721,0.608128726482391,0.550561964511871,0.374432951211929,0.402665287256241,0.605500102043152,0.675113201141357,0.569642186164856,0.392183989286423,0.260192900896072,0.415646821260452,0.487852275371552,0.698732614517212,0.57749617099762,0.653633832931519,0.737458467483521,0.445434957742691,0.254151165485382,0.311503291130066,0,0,0.363928198814392,0.512395083904266,0.598622858524323,0.573829114437103,0.349719047546387,0.537372171878815,0.746923565864563,0.623918652534485,0,0,0,0,0.223098069429398,0.352244764566422,0,0.242547139525414,0.312209933996201,0.258016854524612,0.202628165483475,0,0,0,0,0,0,0,0,0,0,0,0,0,0,0,0.0574921444058418,0.2458655834198,0.224650397896767,0,0,0,0,0,0,0,0,0,0,0,0,0,0,0.0955406203866005,0.0814380198717117,0.156367361545563,0.120733879506588,0,0,0,0,0,0,0,0.00246798619627953,0,0,0,0,0,0,0,0,0,0,0,0,0,0,0,0,0,0,0,0,0,0,0,0,0,0,0,0,0,0,0,0,332
Havelland,0,0,0,0,0,0,0,0,0,0,0,0,0,0,0,0,0,0,0,0,0,0,0,0,0,0,0,0,0,0,0,0,0,0,0,0,0,0,0,0,0,0,0,0,0,0,0,0,0,0,0,0,0,0,0,0,0,0,0,0,0,0,0,0,0,0,0,0,0,0,0,0,0,0,0,0,0,0,0,0,0,0,0,0,0,0,0,0,0,0,0,0,0,0,0,0,0,0,0,0,0,0,0,0,0,0,0,0,0,0,0,0,0,0,0,0,0,0,0,0,0,0,0,0,0.00126899662427604,0.000978732947260141,0,0,0,0,0,0,0,0,0,0,0,0,0,0,0,0,0,0,0,0,0,0,0,0,0,0,0,0,0,0,0,0,0,0,0,0,0,0,0,0,0.0447026006877422,0.00461449753493071,0.0126559492200613,0.0186247192323208,0.0462881959974766,0.153256013989449,0.188328608870506,0.215537592768669,0.0697541013360023,0.077521912753582,0.149716421961784,0.217338770627975,0,0,0.276774019002914,0.422764897346497,0.545187890529633,0.567259073257446,0.533140480518341,0.39385312795639,0.0729707479476929,0.416655719280243,0.398166328668594,0.300120651721954,0.32403302192688,0.465432047843933,0,0.371839284896851,0.652855098247528,0.570235550403595,0.83164519071579,0.678399860858917,0.430946379899979,0.43471023440361,0.795830309391022,0.487074315547943,0.490567803382874,0.71946769952774,1.0150603055954,0.957172214984894,0.641291677951813,0.762089788913727,0.826109826564789,0.771530985832214,0.658967912197113,0.533234477043152,0.525700390338898,0.881700277328491,0.737517058849335,0.484110474586487,0.43188863992691,0.427828818559647,0.64028525352478,0.608236730098724,0.50330263376236,0.942784309387207,1.00849294662476,0.919319152832031,0.819509744644165,0.813150882720947,0.805468797683716,0.560957670211792,0,0.52096426486969,0.684906780719757,0.738385558128357,0.79253351688385,0.816330969333649,1.17002701759338,1.19932782649994,1.1036628484726,1.00278258323669,0.961320400238037,0.869840383529663,0.519244134426117,0.565452396869659,0.781646549701691,0.833802342414856,1.08480739593506,1.42372119426727,1.31833338737488,1.29934227466583,1.21078276634216,1.2822597026825,1.14981293678284,0.802282273769379,0.736394166946411,0.906992316246033,1.22133922576904,1.27436769008636,1.18700861930847,0.711476027965546,0.412160873413086,0.883928775787354,1.00995063781738,1.39526784420013,1.1432626247406,1.26772499084473,1.27425718307495,0.818779587745667,0.401421755552292,0.395282536745071,0,0.0554278716444969,0.767894804477692,0.976106345653534,1.02811014652252,1.06564736366272,0.762454628944397,1.15755796432495,1.508131980896,1.22821629047394,0,0,0,0,0.535155475139618,0.684826672077179,0,0,0.519751608371735,0.183657541871071,0,0,0,0,0,0,0,0,0,0,0,0,0,0,0,0,0.0532784312963486,0.349707037210464,0.506588518619537,0.0786420255899429,0,0,0,0,0,0,0,0,0,0,0,0,0,0.326668381690979,0.273967117071152,0.363152861595154,0.262461125850677,0,0,0,0,0,0,0,0,0,0,0,0,0,0,0,0,0,0,0,0,0,0,0,0,0,0,0,0,0,0,0,0,0,0,0,0,0,0,0,0,333
Märkisch-Oderland,0,0,0,0,0,0,0,0,0,0,0,0,0,0,0,0,0,0,0,0,0,0,0,0,0,0,0,0,0,0,0,0,0,0,0,0,0,0,0,0,0,0,0,0,0,0,0,0,0,0,0,0,0,0,0,0,0,0,0,0,0,0,0,0,0,0,0,0,0,0,0,0,0,0,0,0,0,0,0,0,0,0,0,0,0,0,0,0,0,0,0,0,0,0,0,0,0,0,0,0,0,0,0,0,0,0,0,0,0,0,0,0,0,0,0,0,0,0,0,0,0,0,0,0,0.000415801769122481,0.000830040953587741,0,0,0,0,0,0,0,0,0,0,0,0,0,0,0,0,0,0,0,0,0,0,0,0,0,0,0,0,0,0,0,0,0,0,0,0,0,0,0,0,0.00181061995681375,0.00501385750249028,0.0137272849678993,0.0076090102083981,0,0.0529195219278336,0.0674448981881142,0.0824802592396736,0.0150677971541882,0.00489203818142414,0.0408518314361572,0.087939627468586,0,0,0.0723687261343002,0.146086618304253,0.205468505620956,0.218462511897087,0.199130207300186,0.163041263818741,0.00294276792556047,0.146462351083755,0.168273523449898,0.113861821591854,0.118999950587749,0.196147724986076,0,0.148330613970757,0.290921419858932,0.223477676510811,0.329694658517838,0.287128746509552,0.174838095903397,0.16849559545517,0.303682744503021,0.194718360900879,0.156851246953011,0.306870371103287,0.412192553281784,0.401179581880569,0.262470066547394,0.314623922109604,0.31912887096405,0.327437609434128,0.290951520204544,0.218952819705009,0.220687821507454,0.360459208488464,0.321991413831711,0.190400689840317,0.191806763410568,0.184843584895134,0.254713594913483,0.246105164289474,0.168741911649704,0.350993126630783,0.359487682580948,0.404886960983276,0.369204103946686,0.356653958559036,0.352233499288559,0.308924406766891,0.0508958101272583,0.222479045391083,0.271018207073212,0.331746906042099,0.353645890951157,0.348006814718246,0.470829963684082,0.526126205921173,0.493700087070465,0.425869673490524,0.395288109779358,0.394418239593506,0.215720891952515,0.24784292280674,0.381701469421387,0.371305555105209,0.453476518392563,0.629696905612946,0.579697489738464,0.583886623382568,0.545137703418732,0.551885485649109,0.503740131855011,0.408981174230576,0.341781705617905,0.381927102804184,0.514295279979706,0.581928610801697,0.534753262996674,0.398612827062607,0.227461487054825,0.413295209407806,0.457029521465302,0.589156568050385,0.501125931739807,0.554144203662872,0.611814677715302,0.374201595783234,0.214015617966652,0.0318053737282753,0,0,0.357816785573959,0.427993983030319,0.443873673677444,0.47626119852066,0.345321863889694,0.498958110809326,0.645391941070557,0.586327731609344,0,0,0,0,0.222403973340988,0.250469833612442,0,0,0.280762761831284,0.238169893622398,0.220006570219994,0,0,0,0,0,0,0,0,0,0,0,0,0.0188926514238119,0,0,0,0,0.00448280293494463,0,0,0,0,0,0,0,0,0,0,0,0,0,0,0.01406245585531,0.0501334927976131,0.121742211282253,0.130524024367332,0,0,0,0,0,0,0,0,0,0,0,0,0,0,0,0,0,0,0,0,0,0,0,0,0,0,0,0,0,0,0,0,0,0,0,0,0,0,0,0,334
Oberhavel,0,0,0,0,0,0,0,0,0,0,0,0,0,0,0,0,0,0,0,0,0,0,0,0,0,0,0,0,0,0,0,0,0,0,0,0,0,0,0,0,0,0,0,0,0,0,0,0,0,0,0,0,0,0,0,0,0,0,0,0,0,0,0,0,0,0,0,0,0,0,0,0,0,0,0,0,0,0,0,0,0,0,0,0,0,0,0,0,0,0,0,0,0,0,0,0,0,0,0,0,0,0,0,0,0,0,0,0,0,0,0,0,0,0,0,0,0,0,0,0,0,0,0,0,0.000574291858356446,0.000619868165813386,0,0,0,0,0,0,0,0,0,0,0,0,0,0,0,0,0,0,0,0,0,0,0,0,0,0,0,0,0,0,0,0,0,0,0,0,0,0,0,0,0.0169268846511841,0.00134537823032588,0.00884159374982119,0.0134706376120448,0.00638658180832863,0.0938262492418289,0.119687303900719,0.140958219766617,0.0304788071662188,0.0392933040857315,0.0746991857886314,0.143269523978233,0,0,0.158686578273773,0.27319148182869,0.362583994865417,0.367908537387848,0.338858962059021,0.255845844745636,0.0226178411394358,0.255929559469223,0.27580338716507,0.151873275637627,0.192645162343979,0.328368782997131,0,0.231985375285149,0.477911531925201,0.382998585700989,0.577175319194794,0.457471609115601,0.270780801773071,0.270617008209229,0.544710218906403,0.332927137613297,0.322103172540665,0.493142038583755,0.715270221233368,0.662493228912354,0.425479143857956,0.540597558021545,0.544998943805695,0.503940641880035,0.445109337568283,0.351744920015335,0.333057820796967,0.637250900268555,0.531260311603546,0.243195161223412,0.272174566984177,0.215385973453522,0.413126111030579,0.375102311372757,0.289763063192368,0.638378024101257,0.645999908447266,0.661848783493042,0.593652725219727,0.597249090671539,0.544663727283478,0.417604386806488,0.0198081731796265,0.339985519647598,0.430616766214371,0.510081470012665,0.562110543251038,0.569826424121857,0.812751293182373,0.858832180500031,0.796647727489471,0.694163680076599,0.656763672828674,0.649371922016144,0.375011712312698,0.42176616191864,0.611783146858215,0.570277690887451,0.74856299161911,1.04961967468262,0.956930756568909,0.965309977531433,0.884110987186432,0.921288907527924,0.807117938995361,0.571075260639191,0.525897443294525,0.63785982131958,0.878540217876434,0.936684608459473,0.892776191234589,0.576074719429016,0.342529028654099,0.633200526237488,0.730566263198853,0.998180508613586,0.822824239730835,0.91984623670578,0.947357714176178,0.594259858131409,0.116582542657852,0.05355628952384,0,0.0197959151118994,0.541727423667908,0.694359362125397,0.748495697975159,0.748618185520172,0.574710607528687,0.846144318580627,1.10753548145294,0.919211983680725,0,0,0,0,0.235671609640121,0.45568910241127,0,0,0.299028605222702,0.114347815513611,0.0367481373250484,0,0,0,0,0,0,0,0,0,0,0,0,0,0,0,0.035857580602169,0.074317641556263,0.17132656276226,0,0,0,0,0,0,0,0,0,0,0,0,0,0,0.128236591815948,0.103310413658619,0.147077634930611,0.0744014233350754,0,0,0,0,0,0,0,0,0,0,0,0,0,0,0,0,0,0,0,0,0,0,0,0,0,0,0,0,0,0,0,0,0,0,0,0,0,0,0,0,335
Oberspreewald-Lausitz,0,0,0,0,0,0,0,0,0,0,0,0,0,0,0,0,0,0,0,0,0,0,0,0,0,0,0,0,0,0,0,0,0,0,0,0,0,0,0,0,0,0,0,0,0,0,0,0,0,0,0,0,0,0,0,0,0,0,0,0,0,0,0,0,0,0,0,0,0,0,0,0,0,0,0,0,0,0,0,0,0,0,0,0,0,0,0,0,0,0,0,0,0,0,0,0,0,0,0,0,0,0,0,0,0,0,0,0,0,0,0,0,0,0,0,0,0,0,0,0,0,0,0,0,0,0.00123977882321924,0,0,0,0,0,0,0,0,0,0,0,0,0,0,0,0,0,0,0,0,0,0,0,0,0,0,0,0,0,0,0,0,0,0,0,0,0,0,0,0,0.00619277032092214,0.0179375037550926,0,0.001302624004893,0.0305376313626766,0.0733172819018364,0.086794801056385,0.106489092111588,0.0115750711411238,0.0159190446138382,0.0219521895051003,0.111441843211651,0,0,0.112098969519138,0.175851926207542,0.251617699861526,0.291265189647675,0.272356510162354,0.208835676312447,0.0412464551627636,0.213426113128662,0.259096384048462,0.125165984034538,0.164812475442886,0.248783200979233,0.0389086566865444,0.21989132463932,0.360780835151672,0.276366233825684,0.410065054893494,0.405158400535583,0.213082939386368,0.244528099894524,0.390130460262299,0.248643040657043,0.194655656814575,0.370587885379791,0.509096145629883,0.55556720495224,0.389335542917252,0.437535524368286,0.454399734735489,0.510856509208679,0.470717310905457,0.343078583478928,0.380098074674606,0.462924063205719,0.35060578584671,0.384814649820328,0.32020291686058,0.310860872268677,0.384394079446793,0.406680703163147,0.291175127029419,0.480471700429916,0.609398484230042,0.568883717060089,0.56343150138855,0.567267239093781,0.475845694541931,0.409604579210281,0,0.22015118598938,0.249168336391449,0.457418888807297,0.474194169044495,0.511824429035187,0.692100524902344,0.6932333111763,0.650857865810394,0.62717068195343,0.560559928417206,0.507972836494446,0.309297323226929,0.28422537446022,0.499631822109222,0.534207046031952,0.59953773021698,0.814835727214813,0.785396158695221,0.76971447467804,0.743942022323608,0.768006324768066,0.715547204017639,0.663776814937592,0.439538210630417,0.462246090173721,0.696439683437347,0.789360344409943,0.690909385681152,0.521642684936523,0.324565082788467,0.491534531116486,0.575616836547852,0.801013886928558,0.671571135520935,0.766976416110992,0.866037368774414,0.527227103710175,0.334785491228104,0.329898744821548,0,0,0.444914191961288,0.610698282718658,0.697429418563843,0.668710231781006,0.413788884878159,0.621511995792389,0.843098700046539,0.753676295280457,0,0,0,0,0.178417176008224,0.38191157579422,0,0.266836613416672,0.421057313680649,0.265920728445053,0.332705616950989,0,0,0,0,0,0,0,0,0,0,0,0,0,0,0,0.0208429098129272,0.264870226383209,0.205499678850174,0,0,0,0,0,0,0,0,0,0,0,0,0,0,0.200508490204811,0.187423542141914,0.232794150710106,0.211454883217812,0,0,0,0,0,0,0,0,0,0,0,0,0,0,0,0,0,0,0,0,0,0,0,0,0,0,0,0,0,0,0,0,0,0,0,0,0,0,0,0,336
Oder-Spree,0,0,0,0,0,0,0,0,0,0,0,0,0,0,0,0,0,0,0,0,0,0,0,0,0,0,0,0,0,0,0,0,0,0,0,0,0,0,0,0,0,0,0,0,0,0,0,0,0,0,0,0,0,0,0,0,0,0,0,0,0,0,0,0,0,0,0,0,0,0,0,0,0,0,0,0,0,0,0,0,0,0,0,0,0,0,0,0,0,0,0,0,0,0,0,0,0,0,0,0,0,0,0,0,0,0,0,0,0,0,0,0,0,0,0,0,0,0,0,0,0,0,0,0,3.12762203975581e-05,0.000978715484961867,0,0,0,0,0,0,0,0,0,0,0,0,0,0,0,0,0,0,0,0,0,0,0,0,0,0,0,0,0,0,0,0,0,0,0,0,0,0,0,0,0.0113467080518603,0.0075018503703177,0.0131715042516589,0.0124521041288972,0.00937927700579166,0.0566052682697773,0.0714690014719963,0.0873645395040512,0.0178844183683395,0.0289664156734943,0.050141878426075,0.0932639986276627,0,0,0.0792864486575127,0.152124375104904,0.207633554935455,0.227414578199387,0.211079329252243,0.171720698475838,0.0513488166034222,0.160888388752937,0.187227845191956,0.121527120471001,0.130363419651985,0.197470784187317,0,0.164130643010139,0.293662220239639,0.223883032798767,0.331564098596573,0.297134041786194,0.179808512330055,0.184130325913429,0.310296773910522,0.205003961920738,0.148373112082481,0.30642631649971,0.414643734693527,0.414457380771637,0.27197453379631,0.321360200643539,0.330059230327606,0.354551464319229,0.311558723449707,0.231455907225609,0.247535064816475,0.360493451356888,0.309059828519821,0.224947527050972,0.21600367128849,0.203346386551857,0.261498093605042,0.259886682033539,0.172478392720222,0.357609391212463,0.379999727010727,0.410267293453217,0.384367257356644,0.380731552839279,0.350697636604309,0.30432665348053,0,0.22893962264061,0.249744936823845,0.334743440151215,0.352769047021866,0.362337797880173,0.486650466918945,0.515838861465454,0.489947527647018,0.437752246856689,0.401398211717606,0.394056469202042,0.220794528722763,0.237226188182831,0.37838014960289,0.384970754384995,0.450445741415024,0.62134462594986,0.583454430103302,0.574055254459381,0.548134922981262,0.561448216438293,0.506335973739624,0.433264523744583,0.3370521068573,0.383616894483566,0.510851800441742,0.583085000514984,0.527103185653687,0.396146863698959,0.222216188907623,0.393703818321228,0.455654293298721,0.588401615619659,0.502216935157776,0.559632480144501,0.617416679859161,0.381794393062592,0.228890642523766,0.134974032640457,0,0,0.354728549718857,0.432567715644836,0.473211586475372,0.489789336919785,0.350748360157013,0.490721702575684,0.632954716682434,0.581073522567749,0,0,0,0,0.216615110635757,0.247844859957695,0,0,0.290099024772644,0.229685366153717,0.230825781822205,0,0,0,0,0,0,0,0,0,0,0,0,0,0,0,0,0.00103203405160457,0.0100873401388526,0,0,0,0,0,0,0,0,0,0,0,0,0,0,0.0762686207890511,0.0869799479842186,0.111968763172626,0.135685697197914,0,0,0,0,0,0,0,0,0,0,0,0,0,0,0,0,0,0,0,0,0,0,0,0,0,0,0,0,0,0,0,0,0,0,0,0,0,0,0,0,337
Ostprignitz-Ruppin,0,0,0,0,0,0,0,0,0,0,0,0,0,0,0,0,0,0,0,0,0,0,0,0,0,0,0,0,0,0,0,0,0,0,0,0,0,0,0,0,0,0,0,0,0,0,0,0,0,0,0,0,0,0,0,0,0,0,0,0,0,0,0,0,0,0,0,0,0,0,0,0,0,0,0,0,0,0,0,0,0,0,0,0,0,0,0,0,0,0,0,0,0,0,0,0,0,0,0,0,0,0,0,0,0,0,0,0,0,0,0,0,0,0,0,0,0,0,0,0,0,0,0,0,7.92347975675511e-07,5.37077937678987e-08,0,0,0,0,0,0,0,0,0,0,0,0,0,0,0,0,0,0,0,0,0,0,0,0,0,0,0,0,0,0,0,0,0,0,0,0,0,0,0,0,0.00582291558384895,0,0,1.41568193612329e-06,0,0.0608749128878117,0.0794805064797401,0.0928585305809975,0.00907469447702169,0.00356074539013207,0.0371119640767574,0.0872284919023514,0,0,0.113644324243069,0.181843057274818,0.244118168950081,0.243059933185577,0.228174820542336,0.16453617811203,0,0.161199510097504,0.163601011037827,0.0939902812242508,0.135430052876472,0.204176858067513,0,0.105203196406364,0.299481898546219,0.249865487217903,0.381225079298019,0.297029286623001,0.170506685972214,0.169476330280304,0.358906120061874,0.225293576717377,0.220516934990883,0.309382289648056,0.473462283611298,0.433010637760162,0.271099090576172,0.359025686979294,0.372585654258728,0.321559816598892,0.286750793457031,0.230702131986618,0.193900316953659,0.416853815317154,0.340665996074677,0.153511896729469,0.134818285703659,0.121423736214638,0.261936962604523,0.249654874205589,0.205730080604553,0.42839190363884,0.453710168600082,0.431695133447647,0.370322555303574,0.375120788812637,0.34687077999115,0.228225588798523,0,0.155623808503151,0.287708848714828,0.317546665668488,0.360243916511536,0.355177015066147,0.530065953731537,0.557548582553864,0.514440655708313,0.446289122104645,0.427918642759323,0.399883925914764,0.238099172711372,0.277398198843002,0.375478863716125,0.346178859472275,0.464487701654434,0.658138513565063,0.596898674964905,0.590779602527618,0.555624186992645,0.58675628900528,0.517665028572083,0.361858993768692,0.331351399421692,0.399319052696228,0.54952085018158,0.565160930156708,0.53775680065155,0.338784396648407,0.202470317482948,0.377958625555038,0.432190388441086,0.631313979625702,0.517196178436279,0.557739198207855,0.551155030727386,0.352527678012848,0,0.00858904141932726,0,0,0.31808066368103,0.417728453874588,0.440522193908691,0.461165130138397,0.333791106939316,0.493030875921249,0.673127591609955,0.52906721830368,0,0,0,0,0.0704233646392822,0.285587877035141,0,0,0.10626433044672,0,0,0,0,0,0,0,0,0,0,0,0,0,0,0,0,0,0,0.0437292382121086,0.180692613124847,8.47853880259208e-05,0,0,0,0,0,0,0,0,0,0,0,0,0,0.0866877362132072,1.30856169562321e-05,0.0429802983999252,0,0,0,0,0,0,0,0,0,0,0,0,0,0,0,0,0,0,0,0,0,0,0,0,0,0,0,0,0,0,0,0,0,0,0,0,0,0,0,0,0,338
Potsdam-Mittelmark,0,0,0,0,0,0,0,0,0,0,0,0,0,0,0,0,0,0,0,0,0,0,0,0,0,0,0,0,0,0,0,0,0,0,0,0,0,0,0,0,0,0,0,0,0,0,0,0,0,0,0,0,0,0,0,0,0,0,0,0,0,0,0,0,0,0,0,0,0,0,0,0,0,0,0,0,0,0,0,0,0,0,0,0,0,0,0,0,0,0,0,0,0,0,0,0,0,0,0,0,0,0,0,0,0,0,0,0,0,0,0,0,0,0,0,0,0,0,0,0,0,0,0,0,0.00137227086815983,0.00162402109708637,0,0,0,0,0,0,0,0,0,0,0,0,0,0,0,0,0,0,0,0,0,0,0,0,0,0,0,0,0,0,0,0,0,0,0,0,0,0,0,0,0.0347278341650963,0.0226578861474991,0.0244876760989428,0.0236977394670248,0.0543022491037846,0.117731630802155,0.144513532519341,0.16418032348156,0.0603653788566589,0.0860052183270454,0.127753525972366,0.176955193281174,0,0,0.211974680423737,0.326860278844833,0.415622562170029,0.442416816949844,0.417509615421295,0.309259235858917,0.145224332809448,0.349632263183594,0.325289309024811,0.219947770237923,0.24620632827282,0.355130136013031,0,0.306021720170975,0.501376748085022,0.444534778594971,0.639420986175537,0.517541527748108,0.325345635414124,0.362024545669556,0.618638396263123,0.363304793834686,0.358441293239594,0.573244452476501,0.780379176139832,0.75611025094986,0.518611550331116,0.588959872722626,0.627236545085907,0.628334999084473,0.527163147926331,0.411302596330643,0.450633555650711,0.675647139549255,0.554605305194855,0.420714408159256,0.350811153650284,0.340389490127563,0.5165975689888,0.471015155315399,0.399787157773972,0.734611034393311,0.805071175098419,0.722868144512177,0.64607161283493,0.639643311500549,0.644594967365265,0.436679691076279,0.008741176687181,0.420221716165543,0.53168910741806,0.593430459499359,0.617782592773438,0.660098910331726,0.926785945892334,0.911801874637604,0.858599960803986,0.802934944629669,0.757398545742035,0.649960041046143,0.332846224308014,0.378548890352249,0.574007093906403,0.670383930206299,0.854491949081421,1.11266875267029,1.03423762321472,1.01796817779541,0.952584683895111,0.995423853397369,0.896636724472046,0.648025751113892,0.566498160362244,0.707045495510101,0.961133480072021,1.01719295978546,0.906728208065033,0.508428156375885,0.167550161480904,0.687994599342346,0.797228932380676,1.09803760051727,0.882885575294495,0.998107075691223,1.02791237831116,0.633076727390289,0.330147385597229,0.321914464235306,0,0.0518480315804482,0.610371470451355,0.765466272830963,0.852723240852356,0.838008761405945,0.605114042758942,0.919114887714386,1.19179677963257,0.970379769802094,0,0,0,0,0.503936350345612,0.540538609027863,0,0,0.41223269701004,0.250152140855789,0.0106741804629564,0,0,0,0,0,0,0,0,0,0,0,0,0,0,0,0.0757962614297867,0.319638699293137,0.409712731838226,0.127695351839066,0,0,0,0,0,0,0,0,0,0,0,0,0,0.27282041311264,0.291326135396957,0.323816120624542,0.300462424755096,0,0,0,0,0,0,0,0,0,0,0,0,0,0,0,0,0,0,0,0,0,0,0,0,0,0,0,0,0,0,0,0,0,0,0,0,0,0,0,0,339
Prignitz,0,0,0,0,0,0,0,0,0,0,0,0,0,0,0,0,0,0,0,0,0,0,0,0,0,0,0,0,0,0,0,0,0,0,0,0,0,0,0,0,0,0,0,0,0,0,0,0,0,0,0,0,0,0,0,0,0,0,0,0,0,0,0,0,0,0,0,0,0,0,0,0,0,0,0,0,0,0,0,0,0,0,0,0,0,0,0,0,0,0,0,0,0,0,0,0,0,0,0,0,0,0,0,0,0,0,0,0,0,0,0,0,0,0,0,0,0,0,0,0,0,0,0,0,0.000334781303536147,0,0,0,0,0,0,0,0,0,0,0,0,0,0,0,0,0,0,0,0,0,0,0,0,0,0,0,0,0,0,0,0,0,0,0,0,0,0,0,0,0,0.00654664821922779,0.00032810345874168,0.00512978481128812,0,0,0.0549094490706921,0.069461278617382,0.0740157663822174,0,0,0.0373035222291946,0.0745170563459396,0,0,0.104288026690483,0.157457649707794,0.206640869379044,0.196938708424568,0.191562637686729,0.131553411483765,0,0.137427777051926,0.128565564751625,0.107698775827885,0.135195225477219,0.167034298181534,0,0.0902807489037514,0.245782911777496,0.207750394940376,0.318686455488205,0.230975866317749,0.136344864964485,0.148996964097023,0.307189017534256,0.179034098982811,0.200374722480774,0.269085377454758,0.402605533599854,0.352211803197861,0.215037897229195,0.304450005292892,0.3121657371521,0.261582463979721,0.232484698295593,0.190453767776489,0.159052103757858,0.367834180593491,0.29430302977562,0.119226351380348,0.107629366219044,0.116081364452839,0.2265954464674,0.20931251347065,0.195213690400124,0.370762884616852,0.404505163431168,0.360710918903351,0.287986755371094,0.262447446584702,0.310592114925385,0.153187572956085,0,0.160193413496017,0.236100405454636,0.263888537883759,0.296784192323685,0.281289219856262,0.441765874624252,0.453228563070297,0.416624456644058,0.360657215118408,0.348084151744843,0.29299396276474,0.181180983781815,0.253007054328918,0.313005536794662,0.277043879032135,0.372301071882248,0.524583876132965,0.477502167224884,0.462158143520355,0.441734492778778,0.468252688646317,0.41501459479332,0.313778430223465,0.27634409070015,0.341341823339462,0.435766935348511,0.438278675079346,0.393365204334259,0.250158071517944,0.165295422077179,0.286037236452103,0.321894139051437,0.528444647789001,0.411961942911148,0.43986839056015,0.417381435632706,0.271812230348587,0,0.0378358513116837,0,0,0.253801465034485,0.333759933710098,0.348694413900375,0.364214509725571,0.258707880973816,0.410326987504959,0.560875296592712,0.395221143960953,0,0,0,0,0.158642828464508,0.24721497297287,0,0,0.0368739552795887,0,0,0,0,0,0,0,0,0,0,0,0,0,0,0,0,0,0.010021423920989,0.036716103553772,0.181205436587334,0.016923688352108,0,0,0,0,0,0,0,0,0,0,0,0,0,0.0916702076792717,0.019649812951684,0.0935909748077393,0,0,0,0,0,0,0,0,0,0,0,0,0,0,0,0,0,0,0,0,0,0,0,0,0,0,0,0,0,0,0,0,0,0,0,0,0,0,0,0,0,340
Spree-Neiße,0,0,0,0,0,0,0,0,0,0,0,0,0,0,0,0,0,0,0,0,0,0,0,0,0,0,0,0,0,0,0,0,0,0,0,0,0,0,0,0,0,0,0,0,0,0,0,0,0,0,0,0,0,0,0,0,0,0,0,0,0,0,0,0,0,0,0,0,0,0,0,0,0,0,0,0,0,0,0,0,0,0,0,0,0,0,0,0,0,0,0,0,0,0,0,0,0,0,0,0,0,0,0,0,0,0,0,0,0,0,0,0,0,0,0,0,0,0,0,0,0,0,0,0,0.00011466872820165,0.000786755641456693,0,0,0,0,0,0,0,0,0,0,0,0,0,0,0,0,0,0,0,0,0,0,0,0,0,0,0,0,0,0,0,0,0,0,0,0,0,0,0,0,0.00448356103152037,0.0116519313305616,0.00305208703503013,0.00464246002957225,0.0153935644775629,0.0453227646648884,0.0555591695010662,0.0700528621673584,0.0181371811777353,0.021872416138649,0.0252793841063976,0.0720921903848648,0,0,0.0664000362157822,0.111555114388466,0.160998672246933,0.185584932565689,0.173773571848869,0.135868802666664,0.0477005913853645,0.136641755700111,0.168033614754677,0.0935441330075264,0.11233526468277,0.171155646443367,0.0760648623108864,0.144916206598282,0.246933788061142,0.1810282766819,0.267260998487473,0.263488680124283,0.146335259079933,0.158943042159081,0.252501398324966,0.160963967442513,0.0941080376505852,0.240786105394363,0.333583503961563,0.362504631280899,0.248979404568672,0.285767495632172,0.292938888072968,0.337041109800339,0.307987153530121,0.226870626211166,0.252058178186417,0.299729377031326,0.236474066972733,0.247771963477135,0.208718061447144,0.205087721347809,0.251078367233276,0.258250802755356,0.165622487664223,0.308966398239136,0.381756573915482,0.367806553840637,0.368221819400787,0.3752461373806,0.312828660011292,0.275179356336594,0,0.17155946791172,0.095416434109211,0.297213584184647,0.30965268611908,0.337969928979874,0.456617325544357,0.462728440761566,0.436520963907242,0.41584324836731,0.367893815040588,0.342431157827377,0.206507593393326,0.202337771654129,0.332699418067932,0.354569256305695,0.393539428710938,0.547062397003174,0.526046454906464,0.521543979644775,0.496553957462311,0.517156839370728,0.478260397911072,0.447620451450348,0.299158453941345,0.32768777012825,0.467095017433167,0.529735267162323,0.470431536436081,0.377035796642303,0.218172580003738,0.339186072349548,0.389073818922043,0.545530140399933,0.447100460529327,0.517919778823853,0.588433086872101,0.363515198230743,0.218782261013985,0.204212173819542,0,0,0.317950040102005,0.414520412683487,0.475248247385025,0.451800465583801,0.278352379798889,0.431359142065048,0.587531983852386,0.531185209751129,0,0,0,0,0.0554864406585693,0.260233372449875,0,0.126373097300529,0.310037076473236,0.186295107007027,0.256325513124466,0,0,0,0,0,0,0,0,0,0,0,0,0,0,0,0,0.152129098773003,0.0491787120699883,0,0,0,0,0,0,0,0,0,0,0,0,0,0,0.150050237774849,0.142652466893196,0.154783606529236,0.143280163407326,0,0,0,0,0,0,0,0,0,0,0,0,0,0,0,0,0,0,0,0,0,0,0,0,0,0,0,0,0,0,0,0,0,0,0,0,0,0,0,0,341
Teltow-Fläming,0,0,0,0,0,0,0,0,0,0,0,0,0,0,0,0,0,0,0,0,0,0,0,0,0,0,0,0,0,0,0,0,0,0,0,0,0,0,0,0,0,0,0,0,0,0,0,0,0,0,0,0,0,0,0,0,0,0,0,0,0,0,0,0,0,0,0,0,0,0,0,0,0,0,0,0,0,0,0,0,0,0,0,0,0,0,0,0,0,0,0,0,0,0,0,0,0,0,0,0,0,0,0,0,0,0,0,0,0,0,0,0,0,0,0,0,0,0,0,0,0,0,0,0,0.000599774706643075,0.00127768598031253,0,0,0,0,0,0,0,0,0,0,0,0,0,0,0,0,0,0,0,0,0,0,0,0,0,0,0,0,0,0,0,0,0,0,0,0,0,0,0,0,0.0223606359213591,0.0183135513216257,0.0106295021250844,0.0159434173256159,0.0401826649904251,0.0953878983855247,0.116308778524399,0.13716284930706,0.0548677891492844,0.0635942593216896,0.0945553407073021,0.145227074623108,0,0,0.15877503156662,0.255550652742386,0.337597757577896,0.368081152439117,0.349967896938324,0.27000230550766,0.130442693829536,0.278605908155441,0.290362536907196,0.171026766300201,0.203836873173714,0.299996703863144,0,0.270635604858398,0.437071651220322,0.372588694095612,0.533582150936127,0.454351454973221,0.272781938314438,0.299691796302795,0.507521867752075,0.311714380979538,0.297245770692825,0.484484612941742,0.649946391582489,0.643406987190247,0.447810679674149,0.500628530979156,0.534546136856079,0.562046766281128,0.472814351320267,0.370079129934311,0.408441007137299,0.571447730064392,0.455825567245483,0.370474517345428,0.329855024814606,0.323214560747147,0.437010884284973,0.420590341091156,0.326838254928589,0.601345002651215,0.667303323745728,0.633040249347687,0.590533018112183,0.563175559043884,0.553759157657623,0.417740523815155,0.0246023200452328,0.325239539146423,0.430518120527267,0.511174440383911,0.536359965801239,0.560663044452667,0.786238253116608,0.789000391960144,0.734160602092743,0.689753115177155,0.652785003185272,0.569989383220673,0.325063526630402,0.316134989261627,0.529874801635742,0.590786814689636,0.712794065475464,0.943817973136902,0.897752702236176,0.875698387622833,0.839555025100708,0.848016440868378,0.767327189445496,0.615550220012665,0.496605783700943,0.572865009307861,0.803900957107544,0.893074095249176,0.797980844974518,0.491383403539658,0.27839457988739,0.583383917808533,0.681816399097443,0.9165860414505,0.756023049354553,0.848406612873077,0.92223459482193,0.545207858085632,0.199761226773262,0.33506777882576,0,0.000311109761241823,0.478382259607315,0.645557224750519,0.756448864936829,0.739096999168396,0.522012293338776,0.749666392803192,0.986372053623199,0.837631225585938,0.00748568261042237,0,0,0,0.300465404987335,0.433874189853668,0,0.0282265413552523,0.382383465766907,0.343590140342712,0.089442290365696,0,0,0,0,0,0,0,0,0,0,0,0,0,0,0,0.000213996841921471,0.275714367628098,0.276974767446518,0.00409815274178982,0,0,0,0,0,0,0,0,0,0,0,0,0,0.108544282615185,0.113152354955673,0.221736952662468,0.207516491413116,0,0,0,0,0,0,0,0,0,0,0,0,0,0,0,0,0,0,0,0,0,0,0,0,0,0,0,0,0,0,0,0,0,0,0,0,0,0,0,0,342
Uckermark,0,0,0,0,0,0,0,0,0,0,0,0,0,0,0,0,0,0,0,0,0,0,0,0,0,0,0,0,0,0,0,0,0,0,0,0,0,0,0,0,0,0,0,0,0,0,0,0,0,0,0,0,0,0,0,0,0,0,0,0,0,0,0,0,0,0,0,0,0,0,0,0,0,0,0,0,0,0,0,0,0,0,0,0,0,0,0,0,0,0,0,0,0,0,0,0,0,0,0,0,0,0,0,0,0,0,0,0,0,0,0,0,0,0,0,0,0,0,0,0,0,0,0,0,0.000307463575154543,0,0,0,0,0,0,0,0,0,0,0,0,0,0,0,0,0,0,0,0,0,0,0,0,0,0,0,0,0,0,0,0,0,0,0,0,0,0,0,0,0,0,0.000541387125849724,0.00688714860007167,0,0,0.0404371805489063,0.0544355660676956,0.0662708431482315,0,0,0.00114801176823676,0.0769057795405388,0,0,0.0723421201109886,0.141840487718582,0.197045534849167,0.17547781765461,0.171779677271843,0.129278168082237,0,0.0704187899827957,0.142429053783417,0.0174597948789597,0.103910803794861,0.201991096138954,0,0.118899248540401,0.292219251394272,0.208583548665047,0.337130904197693,0.252795308828354,0.1171038672328,0.144704088568687,0.30151504278183,0.180983901023865,0.157284796237946,0.297943443059921,0.431494176387787,0.369797646999359,0.1784777790308,0.322963416576385,0.301241278648376,0.272408127784729,0.265525847673416,0.183246076107025,0.119127698242664,0.385072231292725,0.347486019134521,0.128863394260406,0.127946689724922,0.102776356041431,0.23014622926712,0.157525166869164,0.0296272579580545,0.355494111776352,0.331675291061401,0.421929717063904,0.322338789701462,0.343908846378326,0.328009009361267,0.252301931381226,0,0.212146461009979,0.292962729930878,0.293562203645706,0.338394075632095,0.305390179157257,0.459120035171509,0.520474672317505,0.47354182600975,0.428288966417313,0.394495904445648,0.381730645895004,0.240681290626526,0.278919547796249,0.40431734919548,0.340559065341949,0.428804069757462,0.63005805015564,0.569892466068268,0.60782665014267,0.546569764614105,0.55444061756134,0.489268243312836,0.358526617288589,0.315816849470139,0.387374877929688,0.522527456283569,0.577949821949005,0.522394478321075,0.41543385386467,0.249150782823563,0.37123030424118,0.42494210600853,0.600809276103973,0.505350410938263,0.54235303401947,0.566673517227173,0.368295669555664,0.111075840890408,0.0310557074844837,0,0.0328183323144913,0.319410264492035,0.392122179269791,0.429053217172623,0.438392549753189,0.355536133050919,0.5093914270401,0.671461403369904,0.568259716033936,0,0,0,0,0.210411593317986,0.240545675158501,0,0,0.191167280077934,0.102704130113125,0,0,0,0,0,0,0,0,0,0,0,0,0,0.0696106627583504,0,0,0,0,0,0,0,0,0,0,0,0,0,0,0,0,0,0,0,0.117886930704117,0.0797211676836014,0.0989135503768921,0.0892098471522331,0,0,0,0,0,0,0,0,0,0,0,0,0,0,0,0,0,0,0,0,0,0,0,0,0,0,0,0,0,0,0,0,0,0,0,0,0,0,0,0,343
Rostock,0,0,0,0,0,0,0,0,0,0,0,0,0,0,0,0,0,0,0,0,0,0,0,0,0,0,0,0,0,0,0,0,0,0,0,0,0,0,0,0,0,0,0,0,0,0,0,0,0,0,0,0,0,0,0,0,0,0,0,0,0,0,0,0,0,0,0,0,0,0,0,0,0,0,0,0,0,0,0,0,0,0,0,0,0,0,0,0,0,0,0,0,0,0,0,0,0,0,0,0,0,0,0,0,0,0,0,0,0,0,0,0,0,0,0,0,0,0,0,0,0,0,0,0,0,0,0,0,0,0,0,0,0,0,0,0,0,0,0,0,0,0,0,0,0,0,0,0,0,0,0,0,0,0,0,0,0,0,0,0,0,0,0,0,0,0,0,0,0,0,0,0.00390934338793159,0.0055876737460494,0.00566376047208905,0,0,0,0.00634661084040999,0,0,0.00708366790786386,0.0168358199298382,0.0203908365219831,0.0114919021725655,0.016694625839591,0.00922411307692528,0,0,0.0124498941004276,0,0,0.0175127685070038,0,0,0.0283283330500126,0.0206797812134027,0.0373233817517757,0.022869985550642,0.0115305231884122,0.0132417753338814,0.0323282480239868,0.0210373140871525,0.0196421984583139,0.0315701141953468,0.0454628579318523,0.0323985628783703,0,0.0337870605289936,0.029570834711194,0.0255818571895361,0.0213964469730854,0.0142829110845923,0,0.037075474858284,0.0308994632214308,0,0,0.0164040978997946,0.0208220742642879,0,0,0.0324721299111843,0.0394018813967705,0.0398745983839035,0.0201733950525522,0,0.0253103636205196,0,0,0,0.0264385864138603,0.0240472853183746,0.0289054960012436,0.0186427943408489,0.0379551462829113,0.049828264862299,0.0422123074531555,0.0393609032034874,0.0394814237952232,0.0344902463257313,0.0237515214830637,0.0261375401169062,0.0335903018712997,0.0284923724830151,0.0297378487884998,0.0546351224184036,0.0486634187400341,0.0497658215463161,0.0471637174487114,0.044799130409956,0.0409649573266506,0.0377598963677883,0.025941014289856,0.0365736521780491,0.0510527901351452,0.049263671040535,0.0343277715146542,0.034101203083992,0.0263733100146055,0.025026623159647,0.0269573703408241,0.0556613877415657,0.0414664149284363,0.0465459190309048,0.0453949086368084,0.0258609335869551,0,0,0,0,0.0258581172674894,0.0264108292758465,0.0334788523614407,0.0351962968707085,0.0272067133337259,0.0467102639377117,0.0630461722612381,0.0400745682418346,0,0,0,0,0.0192608572542667,0.0238984450697899,0,0,0,0,0,0,0,0,0,0,0,0,0,0,0,0,0,0.0181937180459499,0,0,0.0127061130478978,0,0,0,0,0,0,0,0,0,0,0,0,0,0,0,0,0.015227840282023,0.0120654283091426,0,0,0,0,0,0,0,0,0,0,0,0,0,0,0,0,0,0,0,0,0,0,0,0,0,0,0,0,0,0,0,0,0,0,0,0,0,0,0,0,0,0,344
Schwerin,0,0,0,0,0,0,0,0,0,0,0,0,0,0,0,0,0,0,0,0,0,0,0,0,0,0,0,0,0,0,0,0,0,0,0,0,0,0,0,0,0,0,0,0,0,0,0,0,0,0,0,0,0,0,0,0,0,0,0,0,0,0,0,0,0,0,0,0,0,0,0,0,0,0,0,0,0,0,0,0,0,0,0,0,0,0,0,0,0,0,0,0,0,0,0,0,0,0,0,0,0,0,0,0,0,0,0,0,0,0,0,0,0,0,0,0,0,0,0,0,0,0,0,0,0.000255062623182312,0,0,0,0,0,0,0,0,0,0,0,0,0,0,0,0,0,0,0,0,0,0,0,0,0,0,0,0,0,0,0,0,0,0,0,0,0,0,0,0,0,0,0.000752704974729568,0.0100887967273593,0,0,0.0420957058668137,0.0548163056373596,0.0448818020522594,0,0,0.0481236204504967,0.0640144273638725,0,0,0.0753058940172195,0.155453577637672,0.180217802524567,0.12699793279171,0.163265198469162,0.0856119096279144,0,0.112499497830868,0.123235620558262,0.0958861336112022,0.112444661557674,0.161501705646515,0,0,0.21955680847168,0.178529292345047,0.304740101099014,0.167698889970779,0,0.143142446875572,0.286109745502472,0.166801273822784,0.191324159502983,0.282222092151642,0.385954648256302,0.290169596672058,0.162321820855141,0.285077720880508,0.253606230020523,0.210092186927795,0.1611447930336,0.137987360358238,0,0.343139231204987,0.264100849628448,0,0,0,0.184055417776108,0.0227899048477411,0.188023954629898,0.316075444221497,0.356091201305389,0.349964112043381,0.199830442667007,0.140834853053093,0.22973720729351,0,0,0.141174748539925,0.231958895921707,0.221770420670509,0.24116937816143,0.220653250813484,0.397446155548096,0.406685888767242,0.372300058603287,0.313464343547821,0.330627888441086,0.271906584501266,0.176345229148865,0.24169947206974,0.285163432359695,0.238431438803673,0.260940194129944,0.465868085622787,0.421152055263519,0.402330458164215,0.383949756622314,0.401044368743896,0.344708114862442,0.299127608537674,0.21977111697197,0.335455358028412,0.409751117229462,0.372295826673508,0.288244634866714,0.223991468548775,0.169651970267296,0.217925786972046,0.277523159980774,0.486769765615463,0.36873397231102,0.401808261871338,0.365002393722534,0.19779808819294,0,0,0,0.175237819552422,0.283746004104614,0.26544463634491,0.315264403820038,0.326753079891205,0.270590543746948,0.43290901184082,0.525242567062378,0.308399170637131,0,0,0,0,0.247857108712196,0.223057776689529,0,0,0,0,0,0,0,0,0,0,0,0,0,0,0,0,0,0.0403799749910831,0,0,0,0,0.194952011108398,0.0566802062094212,0,0,0,0,0,0,0,0,0,0,0,0,0,0.127898693084717,0.110823325812817,0.112326398491859,0,0,0,0,0,0,0,0,0,0,0,0,0,0,0,0,0,0,0,0,0,0,0,0,0,0,0,0,0,0,0,0,0,0,0,0,0,0,0,0,0,345
Mecklenburgische Seenplatte,0,0,0,0,0,0,0,0,0,0,0,0,0,0,0,0,0,0,0,0,0,0,0,0,0,0,0,0,0,0,0,0,0,0,0,0,0,0,0,0,0,0,0,0,0,0,0,0,0,0,0,0,0,0,0,0,0,0,0,0,0,0,0,0,0,0,0,0,0,0,0,0,0,0,0,0,0,0,0,0,0,0,0,0,0,0,0,0,0,0,0,0,0,0,0,0,0,0,0,0,0,0,0,0,0,0,0,0,0,0,0,0,0,0,0,0,0,0,0,0,0,0,0,0,7.81422131694853e-05,0,0,0,0,0,0,0,0,0,0,0,0,0,0,0,0,0,0,0,0,0,0,0,0,0,0,0,0,0,0,0,0,0,0,0,0,0,0,0,0,0,0,0,0.000196065360796638,0,0,0.0366192981600761,0.0521522536873817,0.0612643100321293,0,0,8.63062377902679e-05,0.0664165467023849,0,0,0.0789245367050171,0.144472748041153,0.190749183297157,0.153245151042938,0.163988575339317,0.112491957843304,0,0.0700710341334343,0.11249627918005,9.53752241912298e-05,0.0748772397637367,0.177656307816505,0,0.0670289099216461,0.264738023281097,0.198676735162735,0.325634747743607,0.221751436591148,0.105631813406944,0.137049436569214,0.293594658374786,0.171503901481628,0.174740508198738,0.266619384288788,0.414407730102539,0.341404438018799,0.14030896127224,0.307629734277725,0.284307211637497,0.241808608174324,0.222755193710327,0.167142316699028,0.040454313158989,0.354553550481796,0.303483039140701,0.0120593281462789,0.00364308897405863,0.0273480657488108,0.205697700381279,0.0961478725075722,0.0732855126261711,0.334594130516052,0.347866505384445,0.38628014922142,0.265742003917694,0.276998698711395,0.272842109203339,0.142831832170486,0,0.140280872583389,0.253135561943054,0.264946669340134,0.29524302482605,0.250051617622375,0.405376583337784,0.467363506555557,0.433493345975876,0.377123922109604,0.360838741064072,0.343208461999893,0.227438375353813,0.260380238294601,0.355338335037231,0.294057339429855,0.350466817617416,0.549654960632324,0.499476820230484,0.511306703090668,0.47616320848465,0.479714602231979,0.427541673183441,0.334068089723587,0.273831397294998,0.355926632881165,0.477306932210922,0.49451345205307,0.434521436691284,0.334466844797134,0.223725840449333,0.29948365688324,0.32874009013176,0.53645247220993,0.434861958026886,0.472905099391937,0.458957493305206,0.307354807853699,0.00805930234491825,0.00781800877302885,0,0.0298901945352554,0.270192503929138,0.325314313173294,0.364553779363632,0.36947500705719,0.29988819360733,0.444514483213425,0.607110559940338,0.449934959411621,0,0,0,0,0.157946243882179,0.231779038906097,0,0,0.0280322674661875,0,0,0,0,0,0,0,0,0,0,0,0,0,0,0.0972460508346558,0,0,0.0142852803692222,0,0.0552100539207458,0,0,0,0,0,0,0,0,0,0,0,0,0,0,0.111915022134781,0.0542328171432018,0.0541678220033646,0.00274228351190686,0,0,0,0,0,0,0,0,0,0,0,0,0,0,0,0,0,0,0,0,0,0,0,0,0,0,0,0,0,0,0,0,0,0,0,0,0,0,0,0,346
Rostock,0,0,0,0,0,0,0,0,0,0,0,0,0,0,0,0,0,0,0,0,0,0,0,0,0,0,0,0,0,0,0,0,0,0,0,0,0,0,0,0,0,0,0,0,0,0,0,0,0,0,0,0,0,0,0,0,0,0,0,0,0,0,0,0,0,0,0,0,0,0,0,0,0,0,0,0,0,0,0,0,0,0,0,0,0,0,0,0,0,0,0,0,0,0,0,0,0,0,0,0,0,0,0,0,0,0,0,0,0,0,0,0,0,0,0,0,0,0,0,0,0,0,0,0,0,0,0,0,0,0,0,0,0,0,0,0,0,0,0,0,0,0,0,0,0,0,0,0,0,0,0,0,0,0,0,0,0,0,0,0,0,0,0,0,0,0,0,0,0.000366610591299832,0,0,0.0233987178653479,0.0335515141487122,0.0349985286593437,0,0,0.00516669638454914,0.0402262695133686,0,0,0.0481437556445599,0.098531574010849,0.120334506034851,0.0773467421531677,0.101581953465939,0.0604875385761261,0,0.0396305210888386,0.0727487951517105,0.0106351021677256,0.0401057116687298,0.106105901300907,0,0,0.165837332606316,0.125774696469307,0.217480644583702,0.133532226085663,0.0667926371097565,0.087295688688755,0.193589508533478,0.115188077092171,0.119709931313992,0.183853015303612,0.272602677345276,0.200003415346146,0.0381141491234303,0.201418161392212,0.179382264614105,0.15222655236721,0.13040554523468,0.0888191908597946,0,0.228058367967606,0.187631964683533,0,0,0.0733166113495827,0.126127317547798,0.000194502019439824,0.0416302680969238,0.210259333252907,0.235323995351791,0.244849815964699,0.139742523431778,0.0945845618844032,0.162618443369865,0,0,0.0773318260908127,0.156219184398651,0.159060910344124,0.180704802274704,0.130363702774048,0.244927361607552,0.299388974905014,0.266712337732315,0.239668488502502,0.236895471811295,0.211687624454498,0.142685323953629,0.165601775050163,0.215319097042084,0.177710101008415,0.190307959914207,0.339700967073441,0.303732514381409,0.307501614093781,0.293256014585495,0.284200549125671,0.258978009223938,0.230626419186592,0.163906052708626,0.230549797415733,0.310677647590637,0.303424209356308,0.227160647511482,0.209368512034416,0.159700021147728,0.166248604655266,0.178962737321854,0.343232452869415,0.26087686419487,0.292350977659225,0.28057324886322,0.175818622112274,0,0.0247201099991798,0,0.00888230465352535,0.174829736351967,0.178261399269104,0.222433105111122,0.227860793471336,0.186163559556007,0.296391129493713,0.39419823884964,0.255090117454529,0,0,0,0,0.133656576275826,0.15462738275528,0,0,0,0,0,0,0,0,0,0,0,0,0,0,0,0,0,0.114415563642979,0,0,0.0292311161756516,0,0.0571980476379395,0,0,0,0,0,0,0,0,0,0,0,0,0,0,0.0998422279953957,0.0818840190768242,0.0553878434002399,0,0,0,0,0,0,0,0,0,0,0,0,0,0,0,0,0,0,0,0,0,0,0,0,0,0,0,0,0,0,0,0,0,0,0,0,0,0,0,0,0,347
Vorpommern-Rügen,0,0,0,0,0,0,0,0,0,0,0,0,0,0,0,0,0,0,0,0,0,0,0,0,0,0,0,0,0,0,0,0,0,0,0,0,0,0,0,0,0,0,0,0,0,0,0,0,0,0,0,0,0,0,0,0,0,0,0,0,0,0,0,0,0,0,0,0,0,0,0,0,0,0,0,0,0,0,0,0,0,0,0,0,0,0,0,0,0,0,0,0,0,0,0,0,0,0,0,0,0,0,0,0,0,0,0,0,0,0,0,0,0,0,0,0,0,0,0,0,0,0,0,0,0,0,0,0,0,0,0,0,0,0,0,0,0,0,0,0,0,0,0,0,0,0,0,0,0,0,0,0,0,0,0,0,0,0,0,0,0,0,0,0,0,0,0,0,0,0,0,0.00832621566951275,0.0127785131335258,0.0142012080177665,0,0,0,0.015450113452971,0,0,0.0233048852533102,0.040172066539526,0.0526354089379311,0.0268292780965567,0.0431749299168587,0.0236384123563766,0,0,0.0279555935412645,0,0,0.0524336509406567,0,0.00601095054298639,0.076264925301075,0.0557571016252041,0.0997269824147224,0.0628348365426064,0.0305667333304882,0.0424109734594822,0.083131805062294,0.0596158355474472,0.0555651895701885,0.0844301953911781,0.124974712729454,0.0911135077476501,0,0.089509978890419,0.0803524926304817,0.0696796774864197,0.0611286871135235,0.0399543270468712,0,0.0965532064437866,0.0891287252306938,0.0011970978230238,0,0.0467716977000237,0.0582884885370731,0,0,0.0745212882757187,0.0994427874684334,0.111740909516811,0.0156296789646149,0.0181192085146904,0.0845767632126808,0,0,0,0.0691488087177277,0.0666310042142868,0.0793405398726463,0.0505473725497723,0.0930160507559776,0.136531680822372,0.123921014368534,0.116457507014275,0.11798533052206,0.0946187824010849,0.0791400447487831,0.0837959423661232,0.10450004786253,0.0809839740395546,0.0881308987736702,0.155273720622063,0.140670031309128,0.143154188990593,0.141246363520622,0.131457522511482,0.122068926692009,0.109880328178406,0.0746854469180107,0.102132618427277,0.144973382353783,0.147042959928513,0.104516722261906,0.111035346984863,0.087393581867218,0.0733455866575241,0.07121542096138,0.160797476768494,0.123809225857258,0.136646166443825,0.137736707925797,0.0860632285475731,0,0.0259173698723316,0,0.0016029819380492,0.0605056472122669,0.0836837068200111,0.0976205319166183,0.102123118937016,0.0772692039608955,0.138012602925301,0.190191879868507,0.126120343804359,0,0,0,0,0.0602128580212593,0.0679426118731499,0,0,0,0,0,0,0,0,0,0,0,0,0,0,0,0,0,0.0582185126841068,0,0,0.0333012714982033,0,0,0,0,0,0,0,0,0,0,0,0,0,0,0,0,0.04997568577528,0.037912480533123,0,0,0,0,0,0,0,0,0,0,0,0,0,0,0,0,0,0,0,0,0,0,0,0,0,0,0,0,0,0,0,0,0,0,0,0,0,0,0,0,0,0,348
Nordwestmecklenburg,0,0,0,0,0,0,0,0,0,0,0,0,0,0,0,0,0,0,0,0,0,0,0,0,0,0,0,0,0,0,0,0,0,0,0,0,0,0,0,0,0,0,0,0,0,0,0,0,0,0,0,0,0,0,0,0,0,0,0,0,0,0,0,0,0,0,0,0,0,0,0,0,0,0,0,0,0,0,0,0,0,0,0,0,0,0,0,0,0,0,0,0,0,0,0,0,0,0,0,0,0,0,0,0,0,0,0,0,0,0,0,0,0,0,0,0,0,0,0,0,0,0,0,0,2.49593504122458e-05,0,0,0,0,0,0,0,0,0,0,0,0,0,0,0,0,0,0,0,0,0,0,0,0,0,0,0,0,0,0,0,0,0,0,0,0,0,0,0,0,0,0,1.49305769809871e-05,0.0045565408654511,0,0,0.0296479556709528,0.0399272739887238,0.0279087908565998,0,0,0.0187204256653786,0.0482928827404976,0,0.017829580232501,0.0520530790090561,0.114241257309914,0.136752843856812,0.0902358368039131,0.124674811959267,0.0618051402270794,0,0.0713540464639664,0.0923844873905182,0.0754315406084061,0.0850449129939079,0.124903537333012,0,0,0.161294087767601,0.135499745607376,0.242275521159172,0.131649330258369,0.0192864742130041,0.112789176404476,0.217350035905838,0.129718020558357,0.149109587073326,0.226429685950279,0.296462327241898,0.224376544356346,0.121112704277039,0.223696753382683,0.196815654635429,0.165961310267448,0.12534399330616,0.110433891415596,0,0.25995084643364,0.201389476656914,0,0.0243420489132404,0.0765615105628967,0.145924150943756,0.00022496932069771,0.152723282575607,0.226889282464981,0.273451745510101,0.275184631347656,0.142542585730553,0.0939222723245621,0.182858347892761,0,0,0.0689276233315468,0.176468878984451,0.169647037982941,0.189309537410736,0.16489365696907,0.299052864313126,0.312624990940094,0.285453349351883,0.245586529374123,0.25831139087677,0.215164631605148,0.141848877072334,0.194587185978889,0.220439553260803,0.188447341322899,0.204891636967659,0.355044364929199,0.318529009819031,0.2973872423172,0.29531192779541,0.308454602956772,0.265767693519592,0.23544616997242,0.170103758573532,0.252724856138229,0.309805274009705,0.28424483537674,0.212034896016121,0.177141100168228,0.141481399536133,0.174092844128609,0.200807794928551,0.373762935400009,0.283134967088699,0.301992058753967,0.283376842737198,0.146656781435013,0,0.0624458864331245,0,0.12376930564642,0.216383397579193,0.20245748758316,0.217997044324875,0.249702632427216,0.206769570708275,0.329196780920029,0.381390422582626,0.224093019962311,0,0,0,0.0137235643342137,0.180583015084267,0.174154624342918,0,0,0,0,0,0,0,0,0,0,0,0,0,0,0,0,0,0.0414089821279049,0.0429454743862152,0,0.00953151565045118,0,0.141942381858826,0.0102576883509755,0,0,0,0,0,0,0,0,0,0,0,0,0,0.0985437855124474,0.0783660486340523,0.0702050179243088,0,0,0,0,0,0,0,0,0,0,0,0,0,0,0,0,0,0,0,0,0,0,0,0,0,0,0,0,0,0,0,0,0,0,0,0,0,0,0,0,0,349
Vorpommern-Greifswald,0,0,0,0,0,0,0,0,0,0,0,0,0,0,0,0,0,0,0,0,0,0,0,0,0,0,0,0,0,0,0,0,0,0,0,0,0,0,0,0,0,0,0,0,0,0,0,0,0,0,0,0,0,0,0,0,0,0,0,0,0,0,0,0,0,0,0,0,0,0,0,0,0,0,0,0,0,0,0,0,0,0,0,0,0,0,0,0,0,0,0,0,0,0,0,0,0,0,0,0,0,0,0,0,0,0,0,0,0,0,0,0,0,0,0,0,0,0,0,0,0,0,0,0,2.41784364334308e-05,0,0,0,0,0,0,0,0,0,0,0,0,0,0,0,0,0,0,0,0,0,0,0,0,0,0,0,0,0,0,0,0,0,0,0,0,0,0,0,0,0,0,0.000269703072262928,0.00172539392951876,0,0,0.0199387241154909,0.0295416284352541,0.0358621291816235,0.00101983814965934,0,0,0.0410782657563686,0,0,0.049951683729887,0.0877547189593315,0.122857294976711,0.0725934579968452,0.0989859998226166,0.0698136240243912,0,0,0.0753990039229393,0,0.0416789837181568,0.13506193459034,0,0.0794869214296341,0.184111997485161,0.121211744844913,0.222094893455505,0.153472945094109,0.0663345903158188,0.104516580700874,0.187052696943283,0.127255961298943,0.111427828669548,0.189159452915192,0.28022289276123,0.224843457341194,0.0694871842861176,0.205619916319847,0.185358479619026,0.1688082665205,0.158073768019676,0.120612785220146,7.08463267073967e-05,0.231347814202309,0.226276054978371,0.0991364121437073,0.0425394251942635,0.116379678249359,0.14880234003067,0.0351228602230549,0,0.189007982611656,0.210514426231384,0.26581746339798,0.112540684640408,0.175617590546608,0.22712504863739,0.125211730599403,0.0202683936804533,0.051496010273695,0.180443868041039,0.1718670129776,0.210123747587204,0.162768617272377,0.236917123198509,0.309955179691315,0.292880684137344,0.277383059263229,0.285244911909103,0.236611559987068,0.207466334104538,0.215933963656425,0.268246352672577,0.209499165415764,0.226422294974327,0.371285706758499,0.351793259382248,0.374275714159012,0.348925918340683,0.33986309170723,0.314185589551926,0.267227858304977,0.212599366903305,0.258432388305664,0.350780546665192,0.373221814632416,0.309907108545303,0.304331839084625,0.205456718802452,0.214772939682007,0.21675531566143,0.388280987739563,0.328424334526062,0.347241640090942,0.34794008731842,0.244459241628647,0.106110267341137,0.0508167333900928,0,0.0535884536802769,0.195013791322708,0.232805877923965,0.25025799870491,0.275400370359421,0.215838760137558,0.341413408517838,0.450203418731689,0.353927284479141,0,0.0288885347545147,0,0.0210300143808126,0.156254068017006,0.169635072350502,0,0,0.115969717502594,0.00778556242585182,0,0,0,0,0,0,0,0,0,0,0,0,0,0.12957552075386,0,0,0.00624383008107543,0,0,0,0,0,0,0,0,0,0,0,0,0,0,0,0,0.120017431676388,0.0846183076500893,0.00243992661125958,0.00751078268513083,0,0,0,0,0,0,0,0,0,0,0,0,0,0,0,0,0,0,0,0,0,0,0,0,0,0,0,0,0,0,0,0,0,0,0,0,0,0,0,0,350
Ludwigslust-Parchim,0,0,0,0,0,0,0,0,0,0,0,0,0,0,0,0,0,0,0,0,0,0,0,0,0,0,0,0,0,0,0,0,0,0,0,0,0,0,0,0,0,0,0,0,0,0,0,0,0,0,0,0,0,0,0,0,0,0,0,0,0,0,0,0,0,0,0,0,0,0,0,0,0,0,0,0,0,0,0,0,0,0,0,0,0,0,0,0,0,0,0,0,0,0,0,0,0,0,0,0,0,0,0,0,0,0,0,0,0,0,0,0,0,0,0,0,0,0,0,0,0,0,0,0,0.000249782722676173,0,0,0,0,0,0,0,0,0,0,0,0,0,0,0,0,0,0,0,0,0,0,0,0,0,0,0,0,0,0,0,0,0,0,0,0,0,0,0,0,0,0.00103369459975511,0.00381279294379056,0.0112019646912813,0,0,0.0461950711905956,0.0584840588271618,0.0554923973977566,0,0.000811793259344995,0.046126164495945,0.0645264014601707,0,0.00877176038920879,0.0889531895518303,0.148620739579201,0.179454416036606,0.148295357823372,0.165433332324028,0.0971222892403603,0,0.113824136555195,0.112749963998795,0.084622748196125,0.106962658464909,0.150298863649368,0,0.0133504327386618,0.212944820523262,0.176711574196815,0.289002329111099,0.176313579082489,0.0681978315114975,0.136632293462753,0.274852454662323,0.153588220477104,0.180514767765999,0.257599771022797,0.372026771306992,0.296426892280579,0.16381111741066,0.270981013774872,0.258259445428848,0.20839150249958,0.176937222480774,0.143621549010277,0.0680008307099342,0.331712514162064,0.264205485582352,0.00781374704092741,0.0529083386063576,0.0318105220794678,0.182255208492279,0.128200516104698,0.167709410190582,0.322557687759399,0.357117295265198,0.327773362398148,0.226194426417351,0.169126033782959,0.248828738927841,0.0159011911600828,0,0.128337576985359,0.202562883496284,0.220029950141907,0.239840313792229,0.219440564513206,0.381671190261841,0.39196839928627,0.360007345676422,0.30243918299675,0.31000816822052,0.256708562374115,0.160829469561577,0.23616623878479,0.280630052089691,0.229950219392776,0.274718374013901,0.448796391487122,0.405532509088516,0.395993143320084,0.373144775629044,0.391310483217239,0.34055170416832,0.281360149383545,0.222928076982498,0.311116427183151,0.381594568490982,0.360996842384338,0.295503288507462,0.204125240445137,0.159310728311539,0.218181073665619,0.258647680282593,0.455462425947189,0.348935782909393,0.37586584687233,0.349232792854309,0.207454487681389,0,0.000814016966614872,0,0.0326643586158752,0.247362658381462,0.262854993343353,0.306608468294144,0.302086114883423,0.234490811824799,0.384272575378418,0.494936406612396,0.308449625968933,0,0,0,0.00011771159915952,0.196552321314812,0.213529109954834,0,0,0,0,0,0,0,0,0,0,0,0,0,0,0,0,0,0.0451686978340149,9.22635445022024e-05,0,0.0224899780005217,0.00216357572935522,0.168429657816887,0.0074509265832603,0,0,0,0,0,0,0,0,0,0,0,0,0,0.110877007246017,0.080309771001339,0.110601313412189,0,0,0,0,0,0,0,0,0,0,0,0,0,0,0,0,0,0,0,0,0,0,0,0,0,0,0,0,0,0,0,0,0,0,0,0,0,0,0,0,0,351
Chemnitz,0,0,0,0,0,0,0,0,0,0,0,0,0,0,0,0,0,0,0,0,0,0,0,0,0,0,0,0,0,0,0,0,0,0,0,0,0,0,0,0,0,0,0,0,0,0,0,0,0,0,0,0,0,0,0,0,0,0,0,0,0,0,0,0,0,0,0,0,0,0,0,0,0,0,0,0,0,0,0,0,0,0,0,0,0,0,0,0,0,0,0,0,0,0,0,0,0,0,0,0,0,0,0,0,0,0,0,0,0,0,0,0,0,0,0,0,0,0,0,0,0,0,0,0,3.18520469591022e-05,0.000771517748944461,0,0,0,0,0,0,0,0,0,0,0,0,0,0,0,0,0,0,0,0,0,0,0,0,0,0,0,0,0,0,0,0,0,0,0,0,0,0,0,0,0,0.00060004141414538,0,0,0.0163412988185883,0.0355174988508224,0.045482475310564,0.0465797819197178,0,0,0,0.0545975901186466,0,0,0.0443703159689903,0.111489154398441,0.15198789536953,0.175479084253311,0.157850489020348,0.105369053781033,0.0787278786301613,0.155039429664612,0.18390280008316,0.000742131727747619,0,0.122023157775402,0,0.113108791410923,0.232122883200645,0.136548206210136,0.294057786464691,0.282747775316238,0,0.151325732469559,0.31125545501709,0.174013659358025,0.00109815248288214,0.236351981759071,0.379478991031647,0.426624417304993,0.33135849237442,0.390734314918518,0.300601094961166,0.343557000160217,0.338500142097473,0.258049756288528,0.233317270874977,0.369576901197433,0.151851281523705,0.215984627604485,0.151896968483925,0.166958063840866,0.258719950914383,0.295252025127411,0.347963005304337,0.441881239414215,0.47317361831665,0.446959912776947,0.47740426659584,0.442132115364075,0.330180704593658,0.247423753142357,0,0,0,0.306713372468948,0.370381027460098,0.432626008987427,0.56819212436676,0.470958232879639,0.480896323919296,0.50256758928299,0.391409486532211,0.208880066871643,0,0,0.263728111982346,0.332704812288284,0.453265279531479,0.609037399291992,0.560835301876068,0.603260159492493,0.525369107723236,0.5383141040802,0.504465579986572,0.460465937852859,0.254022151231766,0.375755876302719,0.490172237157822,0.508680164813995,0.294389367103577,0.0100610656663775,0,0.232646197080612,0.409778237342834,0.609367787837982,0.453731060028076,0.547438085079193,0.60516494512558,0.247946977615356,0,0,0,0,0.446662962436676,0.452094405889511,0.491554290056229,0.427690804004669,0.294630020856857,0.49127385020256,0.623855710029602,0.420380920171738,0,0,0,0,0.0103265922516584,0.267712652683258,0,0,0.00790000706911087,0,0,0,0,0,0,0,0,0,0,0,0,0,0,0,0,0,0,0.00630127964541316,0.00849497225135565,0.00132147944532335,0,0,0,0,0,0,0,0,0,0,0,0,0,0,0.0870477333664894,0.147237583994865,0.192484766244888,0,0,0,0,0,0,0,0,0,0,0,0,0,0,0,0,0,0,0,0,0,0,0,0,0,0,0,0,0,0,0,0,0,0,0,0,0,0,0,0,352
Erzgebirgskreis,0,0,0,0,0,0,0,0,0,0,0,0,0,0,0,0,0,0,0,0,0,0,0,0,0,0,0,0,0,0,0,0,0,0,0,0,0,0,0,0,0,0,0,0,0,0,0,0,0,0,0,0,0,0,0,0,0,0,0,0,0,0,0,0,0,0,0,0,0,0,0,0,0,0,0,0,0,0,0,0,0,0,0,0,0,0,0,0,0,0,0,0,0,0,0,0,0,0,0,0,0,0,0,0,0,0,0,0,0,0,0,0,0,0,0,0,0,0,0,0,0,0,0,0,0,5.18264569109306e-05,0,0,0,0,0,0,0,0,0,0,0,0,0,0,0,0,0,0,0,0,0,0,0,0,0,0,0,0,0,0,0,0,0,0,0,0,0,0,0,0,0,5.27408155903686e-05,0,0,0.00258376030251384,0.00847785733640194,0.0111823752522469,0.0113342823460698,0,0,0,0.0134473349899054,0,0,0.00479668891057372,0.028075011447072,0.0393504276871681,0.0460734143853188,0.0420571342110634,0.025983601808548,0.0199598427861929,0.0413319170475006,0.0506277121603489,0.000319609127473086,0,0.0189526844769716,0,0.0182122495025396,0.0627582296729088,0.0256451237946749,0.0812862366437912,0.0785179957747459,0,0.0384804718196392,0.0865088030695915,0.0442377030849457,0,0.0638860091567039,0.105890907347202,0.122487038373947,0.0950046926736832,0.111728228628635,0.082505889236927,0.0940616577863693,0.0962980836629868,0.0740566551685333,0.0568823665380478,0.103694915771484,0.021071458235383,0.0347521901130676,0.0216438882052898,0.0285123083740473,0.0681418254971504,0.0741188079118729,0.0981801077723503,0.127157315611839,0.132826000452042,0.127044320106506,0.138313829898834,0.12547504901886,0.0873368084430695,0.0588673055171967,0,0,0,0.0821122750639915,0.105027034878731,0.120565541088581,0.159985542297363,0.130451381206512,0.133721172809601,0.139895841479301,0.101088911294937,0.0288976226001978,0,0,0.0644563063979149,0.0864734724164009,0.122846826910973,0.167860746383667,0.155149295926094,0.173335641622543,0.144859045743942,0.145929157733917,0.13502562046051,0.126960515975952,0.0461857803165913,0.0921633318066597,0.133726626634598,0.138012692332268,0.0757704004645348,0.00088366714771837,0,0.0437033623456955,0.102184399962425,0.162839248776436,0.118934661149979,0.14560030400753,0.162917912006378,0.0384638085961342,0,0,0,0,0.114783778786659,0.118875838816166,0.135249763727188,0.110428594052792,0.0527849867939949,0.124053418636322,0.162903979420662,0.103858709335327,0,0,0,0,0.00104939180891961,0.0468283630907536,0,0,0,0,0,0,0,0,0,0,0,0,0,0,0,0,0,0,0,0,0,0,0,0,0,0,0,0,0,0,0,0,0,0,0,0,0,0,0.0064287600107491,0.0241473540663719,0.030649196356535,0,0,0,0,0,0,0,0,0,0,0,0,0,0,0,0,0,0,0,0,0,0,0,0,0,0,0,0,0,0,0,0,0,0,0,0,0,0,0,0,353
Mittelsachsen,0,0,0,0,0,0,0,0,0,0,0,0,0,0,0,0,0,0,0,0,0,0,0,0,0,0,0,0,0,0,0,0,0,0,0,0,0,0,0,0,0,0,0,0,0,0,0,0,0,0,0,0,0,0,0,0,0,0,0,0,0,0,0,0,0,0,0,0,0,0,0,0,0,0,0,0,0,0,0,0,0,0,0,0,0,0,0,0,0,0,0,0,0,0,0,0,0,0,0,0,0,0,0,0,0,0,0,0,0,0,0,0,0,0,0,0,0,0,0,0,0,0,0,0,0.000450255669420585,0.000910836097318679,0,0,0,0,0,0,0,0,0,0,0,0,0,0,0,0,0,0,0,0,0,0,0,0,0,0,0,0,0,0,0,0,0,0,0,0,0,0,0,0,0,0.0094233900308609,0,0,0.015398901887238,0.0355387441813946,0.0430433824658394,0.0475105494260788,0,0,0,0.0540993176400661,0,0,0.0448599494993687,0.0969217494130135,0.133048459887505,0.156799957156181,0.137482345104218,0.0967454761266708,0.051989458501339,0.125876799225807,0.149506971240044,0.0265738740563393,0.0199110060930252,0.108495801687241,0,0.104517705738544,0.190966501832008,0.128407016396523,0.239100605249405,0.227383688092232,0.0117751201614738,0.122073747217655,0.243377864360809,0.134392082691193,0.0398306176066399,0.190788298845291,0.299172252416611,0.336789101362228,0.254812628030777,0.294009268283844,0.245100796222687,0.277941942214966,0.267609417438507,0.199457898736,0.192149683833122,0.274594813585281,0.137501507997513,0.185299634933472,0.131653130054474,0.134157747030258,0.2118109613657,0.241536468267441,0.25843146443367,0.330285549163818,0.384768664836884,0.346262782812119,0.363229721784592,0.340071648359299,0.272315174341202,0.213226303458214,0,0.00443500420078635,0.0426208712160587,0.258617460727692,0.284144163131714,0.335209339857101,0.433957070112228,0.384260088205338,0.379203945398331,0.37600976228714,0.325041085481644,0.187336415052414,0.0344753935933113,0.00255097076296806,0.237597867846489,0.278165519237518,0.365921586751938,0.484579920768738,0.45403841137886,0.466786950826645,0.422582119703293,0.434423357248306,0.411808401346207,0.375933051109314,0.218488171696663,0.292499870061874,0.39815229177475,0.419077157974243,0.288826882839203,0.163582265377045,0.0454678125679493,0.198072731494904,0.318710744380951,0.480097562074661,0.368542641401291,0.441722840070724,0.497460275888443,0.23759663105011,0.0031187254935503,0.0398547649383545,0,0,0.337016314268112,0.366312146186829,0.385134667158127,0.35897633433342,0.233249589800835,0.38854193687439,0.509006857872009,0.364706337451935,0,0,0,0,0.153487533330917,0.234366983175278,0,0.050380527973175,0.135834783315659,0.0485450215637684,0.0348145477473736,0,0,0,0,0,0,0,0,0,0,0,0,0,0,0,0.0639022141695023,0.101040825247765,0.119926534593105,0.0172255635261536,0,0,0,0,0,0,0,0,0,0,0,0,0,0.0262294635176659,0.0897855758666992,0.135371044278145,0.150390788912773,0,0,0,0,0,0,0,0,0,0,0,0,0,0,0,0,0,0,0,0,0,0,0,0,0,0,0,0,0,0,0,0,0,0,0,0,0,0,0,0,354
Vogtlandkreis,0,0,0,0,0,0,0,0,0,0,0,0,0,0,0,0,0,0,0,0,0,0,0,0,0,0,0,0,0,0,0,0,0,0,0,0,0,0,0,0,0,0,0,0,0,0,0,0,0,0,0,0,0,0,0,0,0,0,0,0,0,0,0,0,0,0,0,0,0,0,0,0,0,0,0,0,0,0,0,0,0,0,0,0,0,0,0,0,0,0,0,0,0,0,0,0,0,0,0,0,0,0,0,0,0,0,0,0,0,0,0,0,0,0,0,0,0,0,0,0,0,0,0,0,0,0,0,0,0,0,0,0,0,0,0,0,0,0,0,0,0,0,0,0,0,0,0,0,0,0,0,0,0,0,0,0,0,0,0,0,0,0,0,0,0,0,0,0,0,0,0.00666184304282069,0.0183200463652611,0.022915618494153,0.0198559798300266,0,0,0,0.0261052697896957,0,0,0.0168283451348543,0.0593169964849949,0.0817636549472809,0.0927857160568237,0.0799302905797958,0.0564934574067593,0.0510025396943092,0.0876068398356438,0.103518031537533,0,0,0,0,0,0.118064261972904,0.0596741288900375,0.165031597018242,0.163599744439125,0,0.0776254162192345,0.175510346889496,0.102532491087914,0,0.134280994534492,0.210637971758842,0.243015274405479,0.204822272062302,0.22908116877079,0.175755128264427,0.188908606767654,0.185355022549629,0.161896958947182,0.118561431765556,0.191193148493767,0,0.0653739795088768,0.0109842345118523,0.0837129727005959,0.147279739379883,0.163240551948547,0.2018833309412,0.269907653331757,0.274907559156418,0.272658914327621,0.287339687347412,0.236537232995033,0.177926987409592,0.102838702499866,0,0,0,0.14729180932045,0.218399450182915,0.246558234095573,0.323293596506119,0.245604783296585,0.272579371929169,0.269976764917374,0.207279920578003,0.026042765006423,0,0,0.0938223674893379,0.167725369334221,0.2481419891119,0.333159118890762,0.295534998178482,0.336611360311508,0.290728032588959,0.282999277114868,0.265460342168808,0.249047294259071,0.0880801826715469,0.182924121618271,0.27355232834816,0.275470167398453,0.0276690367609262,0,0,0.0997863411903381,0.21106643974781,0.323157131671906,0.245939448475838,0.28879576921463,0.3131123483181,0.0760917291045189,0,0,0,0,0.222182169556618,0.23666387796402,0.282770544290543,0.233374297618866,0.137406215071678,0.240413427352905,0.323703914880753,0.194186791777611,0,0,0,0,0,0.115953586995602,0,0,0,0,0,0,0,0,0,0,0,0,0,0,0,0,0,0,0,0,0,0,0,0,0,0,0,0,0,0,0,0,0,0,0,0,0,0,0,0.0303303506225348,0.0317387096583843,0,0,0,0,0,0,0,0,0,0,0,0,0,0,0,0,0,0,0,0,0,0,0,0,0,0,0,0,0,0,0,0,0,0,0,0,0,0,0,0,355
Zwickau,0,0,0,0,0,0,0,0,0,0,0,0,0,0,0,0,0,0,0,0,0,0,0,0,0,0,0,0,0,0,0,0,0,0,0,0,0,0,0,0,0,0,0,0,0,0,0,0,0,0,0,0,0,0,0,0,0,0,0,0,0,0,0,0,0,0,0,0,0,0,0,0,0,0,0,0,0,0,0,0,0,0,0,0,0,0,0,0,0,0,0,0,0,0,0,0,0,0,0,0,0,0,0,0,0,0,0,0,0,0,0,0,0,0,0,0,0,0,0,0,0,0,0,0,6.58641374684521e-06,1.41839400384924e-05,0,0,0,0,0,0,0,0,0,0,0,0,0,0,0,0,0,0,0,0,0,0,0,0,0,0,0,0,0,0,0,0,0,0,0,0,0,0,0,0,0,0.00581574020907283,0,0,0.0144526790827513,0.031167309731245,0.0384161174297333,0.0368372276425362,0,0,0,0.0436156429350376,0,0,0.0408321097493172,0.088302806019783,0.120000123977661,0.13665634393692,0.117409281432629,0.0877426192164421,0.0694888904690742,0.121085561811924,0.139110952615738,0.0374368019402027,0,0.0673190429806709,0,0.0721264332532883,0.172471597790718,0.11319874227047,0.221152439713478,0.217487886548042,0.00363709544762969,0.117552243173122,0.226483315229416,0.15033882856369,0.0303963050246239,0.181568369269371,0.27175709605217,0.311285823583603,0.252485692501068,0.28964900970459,0.2340147793293,0.254402130842209,0.24871914088726,0.203828990459442,0.172944620251656,0.259951293468475,0.0877409279346466,0.150835767388344,0.10134244710207,0.146038442850113,0.210717886686325,0.228447005152702,0.259984225034714,0.32978817820549,0.348674356937408,0.340977549552917,0.352132320404053,0.311665564775467,0.258351475000381,0.186941087245941,0,0.0116614466533065,0,0.231831207871437,0.281954079866409,0.31755456328392,0.406428933143616,0.336415886878967,0.355192691087723,0.355579167604446,0.289130926132202,0.139486998319626,0,0,0.204180032014847,0.253775268793106,0.339433759450912,0.442353844642639,0.400375306606293,0.436308801174164,0.389912754297256,0.39178478717804,0.374855130910873,0.335370093584061,0.184093222022057,0.261303931474686,0.368833184242249,0.385931581258774,0.183670282363892,0.083338238298893,0.0067987353540957,0.184120044112206,0.296660363674164,0.447895407676697,0.346126466989517,0.401731163263321,0.437704682350159,0.192229941487312,0,0,0,0,0.315343856811523,0.33249819278717,0.368849009275436,0.325464963912964,0.209250211715698,0.342089921236038,0.455153286457062,0.310424119234085,0,0,0,0,0.118357576429844,0.219437792897224,0,0.00749868014827371,0.00969476252794266,0.00755697581917048,0,0,0,0,0,0,0,0,0,0,0,0,0,0,0,0,0,0.0013715426903218,0.0153913339599967,0.037244375795126,0,0,0,0,0,0,0,0,0,0,0,0,0,0.000168962753377855,0.0505989119410515,0.10829870402813,0.11545604467392,0,0,0,0,0,0,0,0,0,0,0,0,0,0,0,0,0,0,0,0,0,0,0,0,0,0,0,0,0,0,0,0,0,0,0,0,0,0,0,0,356
Dresden,0,0,0,0,0,0,0,0,0,0,0,0,0,0,0,0,0,0,0,0,0,0,0,0,0,0,0,0,0,0,0,0,0,0,0,0,0,0,0,0,0,0,0,0,0,0,0,0,0,0,0,0,0,0,0,0,0,0,0,0,0,0,0,0,0,0,0,0,0,0,0,0,0,0,0,0,0,0,0,0,0,0,0,0,0,0,0,0,0,0,0,0,0,0,0,0,0,0,0,0,0,0,0,0,0,0,0,0,0,0,0,0,0,0,0,0,0,0,0,0,0,0,0,0,0.000145899233757518,0.00202555535361171,0,0,0,0,0,0,0,0,0,0,0,0,0,0,0,0,0,0,0,0,0,0,0,0,0,0,0,0,0,0,0,0,0,0,0,0,0,0,0,0,0.0223822314292192,0.0364075787365437,0,0.0260528121143579,0.0515250563621521,0.113387294113636,0.13373401761055,0.165761604905128,0,0,0.0258334167301655,0.175356596708298,0,0,0.159558340907097,0.271637827157974,0.385291188955307,0.459014177322388,0.42441725730896,0.311782687902451,0.176334068179131,0.341811448335648,0.454132348299026,0.148121401667595,0.251095682382584,0.408289968967438,0,0.375971376895905,0.577186167240143,0.422177165746689,0.673101186752319,0.667113542556763,0.207437634468079,0.39117294549942,0.685749173164368,0.419963479042053,0.193399608135223,0.540263831615448,0.804436981678009,0.937594711780548,0.715743243694305,0.788725018501282,0.702829301357269,0.816168248653412,0.782594680786133,0.594053208827972,0.603622555732727,0.79286926984787,0.500289857387543,0.62936806678772,0.520511150360107,0.534316539764404,0.638742089271545,0.737495124340057,0.714257419109344,0.878983497619629,1.0624874830246,0.967459142208099,1.01471996307373,0.977845668792725,0.782537400722504,0.686349928379059,0,0,0.0440675839781761,0.785894930362701,0.853066027164459,0.9362912774086,1.19478797912598,1.16311025619507,1.10250055789948,1.03500163555145,0.93155699968338,0.746834576129913,0.455919206142426,0.308370918035507,0.765738546848297,0.851375818252563,1.04664421081543,1.34808230400085,1.3377012014389,1.36019718647003,1.24080646038055,1.25586652755737,1.23042678833008,1.16183996200562,0.752372145652771,0.803482949733734,1.17591595649719,1.26089894771576,1.0226823091507,0.778179049491882,0.52360862493515,0.783415257930756,0.877412080764771,1.37359952926636,1.06211638450623,1.25106000900269,1.53937041759491,0.880335748195648,0.338394999504089,0.371591538190842,0,0,0.952718079090118,1.1234130859375,1.16791951656342,1.11397755146027,0.751549601554871,1.10281765460968,1.46637320518494,1.17257511615753,0,0,0,0,0.382056772708893,0.740582406520844,0,0.185006856918335,0.652932226657867,0,0.335747420787811,0,0,0,0,0,0,0,0,0,0,0,0,0,0,0,0.546919763088226,0.470662444829941,0.31073209643364,0,0,0,0,0,0,0,0,0,0,0,0,0,0,0.0966590419411659,0.112336196005344,0.122725494205952,0.122713901102543,0,0,0,0,0,0,0,0,0,0,0,0,0,0,0,0,0,0,0,0,0,0,0,0,0,0,0,0,0,0,0,0,0,0,0,0,0,0,0,0,357
Bautzen,0,0,0,0,0,0,0,0,0,0,0,0,0,0,0,0,0,0,0,0,0,0,0,0,0,0,0,0,0,0,0,0,0,0,0,0,0,0,0,0,0,0,0,0,0,0,0,0,0,0,0,0,0,0,0,0,0,0,0,0,0,0,0,0,0,0,0,0,0,0,0,0,0,0,0,0,0,0,0,0,0,0,0,0,0,0,0,0,0,0,0,0,0,0,0,0,0,0,0,0,0,0,0,0,0,0,0,0,0,0,0,0,0,0,0,0,0,0,0,0,0,0,0,0,0,0.00101841439027339,0,0,0,0,0,0,0,0,0,0,0,0,0,0,0,0,0,0,0,0,0,0,0,0,0,0,0,0,0,0,0,0,0,0,0,0,0,0,0,0,0.00209147925488651,0.0138782998546958,0.00114647496957332,0.00224340171553195,0.0170239470899105,0.0595902167260647,0.0734817609190941,0.09321079403162,0,0,0.00314325047656894,0.0906181856989861,0,0,0.0875352844595909,0.141656920313835,0.215585738420486,0.258308053016663,0.243072316050529,0.17655248939991,0.0521535016596317,0.184482648968697,0.243296831846237,0.119052149355412,0.154093518853188,0.23843041062355,0.0538290441036224,0.20312026143074,0.342534750699997,0.23698453605175,0.375273734331131,0.385026663541794,0.142689228057861,0.215529933571815,0.372257679700851,0.214851573109627,0.059470172971487,0.320717304944992,0.473153531551361,0.545556604862213,0.381713807582855,0.429336667060852,0.411972343921661,0.484819829463959,0.456402033567429,0.33755823969841,0.362971007823944,0.449738740921021,0.309534251689911,0.377952456474304,0.304456919431686,0.286837488412857,0.355323642492294,0.394835859537125,0.306285381317139,0.4559326171875,0.60573673248291,0.547212243080139,0.556221663951874,0.563670635223389,0.446122527122498,0.404968112707138,0,0.0269651785492897,0.0122154159471393,0.430860966444016,0.473597764968872,0.511193752288818,0.664962828159332,0.684868812561035,0.637484669685364,0.617829322814941,0.549450099468231,0.472429692745209,0.297220855951309,0.27444139122963,0.460027158260345,0.504944741725922,0.586506068706512,0.792696893215179,0.777678310871124,0.792177975177765,0.722043693065643,0.743839800357819,0.718359231948853,0.676939189434052,0.423942178487778,0.458464384078979,0.68968141078949,0.75193989276886,0.638169348239899,0.523939073085785,0.24447326362133,0.455553710460663,0.521970748901367,0.799639523029327,0.619568109512329,0.730670869350433,0.890498459339142,0.524587690830231,0.246972545981407,0.20204558968544,0,0,0.490533471107483,0.60948383808136,0.690306067466736,0.638015806674957,0.373045176267624,0.613269507884979,0.842620849609375,0.742271840572357,0,0,0,0,0.154307052493095,0.384188443422318,0,0.179003402590752,0.433535754680634,0.0327404141426086,0.272386163473129,0,0,0,0,0,0,0,0,0,0,0,0,0,0,0,0.0665628910064697,0.287818491458893,0.133481755852699,0,0,0,0,0,0,0,0,0,0,0,0,0,0,0.177654579281807,0.19241851568222,0.143704891204834,0.131346106529236,0,0,0,0,0,0,0,0,0,0,0,0,0,0,0,0,0,0,0,0,0,0,0,0,0,0,0,0,0,0,0,0,0,0,0,0,0,0,0,0,358
Görlitz,0,0,0,0,0,0,0,0,0,0,0,0,0,0,0,0,0,0,0,0,0,0,0,0,0,0,0,0,0,0,0,0,0,0,0,0,0,0,0,0,0,0,0,0,0,0,0,0,0,0,0,0,0,0,0,0,0,0,0,0,0,0,0,0,0,0,0,0,0,0,0,0,0,0,0,0,0,0,0,0,0,0,0,0,0,0,0,0,0,0,0,0,0,0,0,0,0,0,0,0,0,0,0,0,0,0,0,0,0,0,0,0,0,0,0,0,0,0,0,0,0,0,0,0,0,0.000418983749113977,0,0,0,0,0,0,0,0,0,0,0,0,0,0,0,0,0,0,0,0,0,0,0,0,0,0,0,0,0,0,0,0,0,0,0,0,0,0,0,0,0,0.00636937469244003,0.00372068048454821,0,0.00335022411309183,0.0312735959887505,0.0417020879685879,0.0546436235308647,0,0,0,0.0506476424634457,0,0,0.0507348328828812,0.0758737027645111,0.125214099884033,0.152841717004776,0.146236836910248,0.104072488844395,0.0322412215173244,0.10451801866293,0.145932987332344,0.0801453366875648,0.0951143503189087,0.143212720751762,0.0318029262125492,0.113760747015476,0.213396579027176,0.139763429760933,0.223982200026512,0.232139736413956,0.0763550773262978,0.123320944607258,0.216779664158821,0.119918890297413,0,0.197219863533974,0.286499440670013,0.336692124605179,0.227204561233521,0.264162242412567,0.246349111199379,0.301224142313004,0.282738417387009,0.209262430667877,0.22003461420536,0.27439072728157,0.189767584204674,0.221842169761658,0.188098222017288,0.172868505120277,0.198119059205055,0.234221443533897,0.169085174798965,0.264510661363602,0.36502605676651,0.328495413064957,0.339943647384644,0.352410316467285,0.26680850982666,0.255924820899963,0,0.014771731570363,0,0.259436219930649,0.288435429334641,0.307141453027725,0.393262296915054,0.415736854076385,0.382967233657837,0.378017991781235,0.336682051420212,0.289974957704544,0.182369217276573,0.188608661293983,0.277656108140945,0.302325129508972,0.348780542612076,0.484015256166458,0.472957730293274,0.49660786986351,0.435567826032639,0.445820659399033,0.430487632751465,0.412686705589294,0.252270668745041,0.260740369558334,0.41072815656662,0.456048011779785,0.392937183380127,0.330635517835617,0.107377618551254,0.269047290086746,0.297511577606201,0.469926536083221,0.350245475769043,0.428620368242264,0.541380643844604,0.308840215206146,0.127030417323112,0.10665699839592,0,0,0.287437200546265,0.352735161781311,0.411130905151367,0.376562863588333,0.177603170275688,0.334052622318268,0.492670178413391,0.452948838472366,0,0,0,0,0.0889225229620934,0.205186545848846,0,0.0444383360445499,0.256721705198288,0.00114832120016217,0.135421201586723,0,0,0,0,0,0,0,0,0,0,0,0,0,0,0,0,0.129766166210175,0.00137504504527897,0,0,0,0,0,0,0,0,0,0,0,0,0,0,0.0853633210062981,0.0938702672719955,0.0755898654460907,0.0558586306869984,0,0,0,0,0,0,0,0,0,0,0,0,0,0,0,0,0,0,0,0,0,0,0,0,0,0,0,0,0,0,0,0,0,0,0,0,0,0,0,0,359
Meißen,0,0,0,0,0,0,0,0,0,0,0,0,0,0,0,0,0,0,0,0,0,0,0,0,0,0,0,0,0,0,0,0,0,0,0,0,0,0,0,0,0,0,0,0,0,0,0,0,0,0,0,0,0,0,0,0,0,0,0,0,0,0,0,0,0,0,0,0,0,0,0,0,0,0,0,0,0,0,0,0,0,0,0,0,0,0,0,0,0,0,0,0,0,0,0,0,0,0,0,0,0,0,0,0,0,0,0,0,0,0,0,0,0,0,0,0,0,0,0,0,0,0,0,0,0.000353426090441644,0.00150268990546465,0,0,0,0,0,0,0,0,0,0,0,0,0,0,0,0,0,0,0,0,0,0,0,0,0,0,0,0,0,0,0,0,0,0,0,0,0,0,0,0,0.00812471099197865,0.0236161574721336,0.00238900701515377,0.0064895898103714,0.0328961275517941,0.0677376911044121,0.0771307796239853,0.0915505290031433,0.0058316788636148,0.00638481182977557,0.0134244402870536,0.0994387194514275,0,0,0.099468432366848,0.158627927303314,0.218716755509377,0.257743239402771,0.235564216971397,0.172393083572388,0.0881185755133629,0.191392809152603,0.237820506095886,0.102076105773449,0.131336137652397,0.214710235595703,0,0.205169484019279,0.307824462652206,0.23675511777401,0.36480250954628,0.350365042686462,0.122198365628719,0.217006832361221,0.358381032943726,0.228213042020798,0.142928659915924,0.301274657249451,0.437322944402695,0.490085333585739,0.370383560657501,0.409721881151199,0.387873351573944,0.427236020565033,0.407705515623093,0.312484055757523,0.317188858985901,0.394022107124329,0.279673218727112,0.341932415962219,0.270510375499725,0.271606773138046,0.345813006162643,0.39174023270607,0.353770643472672,0.464121401309967,0.568575143814087,0.514178097248077,0.514867603778839,0.494531601667404,0.419635027647018,0.356688946485519,0,0.0267776157706976,0.21679949760437,0.418464213609695,0.430750072002411,0.485881596803665,0.622211039066315,0.600781321525574,0.571698069572449,0.548105001449585,0.506386697292328,0.401684701442719,0.254546344280243,0.179853573441505,0.420082688331604,0.463601648807526,0.563026189804077,0.72592705488205,0.689677178859711,0.686646938323975,0.651959359645844,0.679068028926849,0.64668470621109,0.600855767726898,0.399948298931122,0.437500387430191,0.623565018177032,0.679627537727356,0.540582060813904,0.415331423282623,0.301890432834625,0.403055787086487,0.492955803871155,0.726183891296387,0.585269629955292,0.683070421218872,0.800249338150024,0.471002399921417,0.184273257851601,0.294642120599747,0,0,0.473784297704697,0.587704002857208,0.6292724609375,0.601054787635803,0.407258152961731,0.60399317741394,0.794280469417572,0.638042807579041,0,0,0,0,0.31208798289299,0.420873552560806,0,0.284386605024338,0.35920313000679,0.142986848950386,0.262208938598633,0,0,0,0,0,0,0,0,0,0,0,0,0,0,0,0.264691412448883,0.270634412765503,0.249356731772423,0,0,0,0,0,0,0,0,0,0,0,0,0,0,0.148055180907249,0.178921788930893,0.204737737774849,0.199105113744736,0,0,0,0,0,0,0,0.0331439822912216,0,0,0,0,0,0,0,0,0,0,0,0,0,0,0,0,0,0,0,0,0,0,0,0,0,0,0,0,0,0,0,0,360
Sächsische Schweiz-Osterzgebirge,0,0,0,0,0,0,0,0,0,0,0,0,0,0,0,0,0,0,0,0,0,0,0,0,0,0,0,0,0,0,0,0,0,0,0,0,0,0,0,0,0,0,0,0,0,0,0,0,0,0,0,0,0,0,0,0,0,0,0,0,0,0,0,0,0,0,0,0,0,0,0,0,0,0,0,0,0,0,0,0,0,0,0,0,0,0,0,0,0,0,0,0,0,0,0,0,0,0,0,0,0,0,0,0,0,0,0,0,0,0,0,0,0,0,0,0,0,0,0,0,0,0,0,0,1.27037647068562e-09,0.000347744644386694,0,0,0,0,0,0,0,0,0,0,0,0,0,0,0,0,0,0,0,0,0,0,0,0,0,0,0,0,0,0,0,0,0,0,0,0,0,0,0,0,0.00369978998787701,0.0107523873448372,0,0.0046144132502377,0.0189520623534918,0.0466328263282776,0.0558221861720085,0.0700824335217476,0,0,8.87572184637975e-08,0.074657529592514,0,0,0.0617248900234699,0.116701908409595,0.168504506349564,0.205350920557976,0.190150231122971,0.134241670370102,0.0709192901849747,0.152506694197655,0.208322808146477,0.0265647284686565,0.0923767015337944,0.167191430926323,0,0.15417243540287,0.263056129217148,0.175332888960838,0.312470495700836,0.309205025434494,0.0551963560283184,0.160834163427353,0.320206880569458,0.172980472445488,0.0345143228769302,0.244966849684715,0.381454139947891,0.450091600418091,0.336028128862381,0.379045099020004,0.32273730635643,0.382978081703186,0.371076017618179,0.272504538297653,0.267769485712051,0.377858608961105,0.203349366784096,0.262524396181107,0.221343517303467,0.226192772388458,0.28557100892067,0.330988585948944,0.337447494268417,0.415104657411575,0.502123296260834,0.456370264291763,0.488972783088684,0.471015989780426,0.360596835613251,0.312590539455414,0,0,7.78989397076657e-06,0.358864396810532,0.399957478046417,0.440922886133194,0.569056153297424,0.54569673538208,0.516568422317505,0.48645544052124,0.42919248342514,0.307992279529572,0.158045381307602,0.0916186943650246,0.339652001857758,0.381068915128708,0.486061364412308,0.630058705806732,0.630927741527557,0.652209937572479,0.582568109035492,0.578777551651001,0.566813349723816,0.539041519165039,0.311914771795273,0.352344632148743,0.538559317588806,0.573458671569824,0.461140751838684,0.317940652370453,0.13364352285862,0.321395516395569,0.381880283355713,0.630525648593903,0.475769609212875,0.569952726364136,0.710246920585632,0.359002441167831,0.0557522885501385,0.0568785518407822,0,0,0.43631237745285,0.502318263053894,0.529953837394714,0.497468411922455,0.298872828483582,0.488345086574554,0.665179908275604,0.513404905796051,0,0,0,0,0.0572210252285004,0.300963819026947,0,1.11456738522975e-05,0.250653684139252,0,0.0492333993315697,0,0,0,0,0,0,0,0,0,0,0,0,0,0,0,0.213551312685013,0.168543070554733,0.0439627654850483,0,0,0,0,0,0,0,0,0,0,0,0,0,0,8.09563498478383e-05,0.00100106047466397,0.0170047432184219,0.019630653783679,0,0,0,0,0,0,0,0,0,0,0,0,0,0,0,0,0,0,0,0,0,0,0,0,0,0,0,0,0,0,0,0,0,0,0,0,0,0,0,0,361
Leipzig,0,0,0,0,0,0,0,0,0,0,0,0,0,0,0,0,0,0,0,0,0,0,0,0,0,0,0,0,0,0,0,0,0,0,0,0,0,0,0,0,0,0,0,0,0,0,0,0,0,0,0,0,0,0,0,0,0,0,0,0,0,0,0,0,0,0,0,0,0,0,0,0,0,0,0,0,0,0,0,0,0,0,0,0,0,0,0,0,0,0,0,0,0,0,0,0,0,0,0,0,0,0,0,0,0,0,0,0,0,0,0,0,0,0,0,0,0,0,0,0,0,0,0,0,0.00280411471612751,0,0,0,0,0,0,0,0,0,0,0,0,0,0,0,0,0,0,0,0,0,0,0,0,0,0,0,0,0,0,0,0,0,0,0,0,0,0,0,0,0,0.0471920110285282,0.0670426711440086,0.0165353342890739,0.019063163548708,0.131983935832977,0.236655548214912,0.276542484760284,0.280628889799118,0.00164508470334113,0.133987963199615,0.182075664401054,0.34436172246933,0,0,0.405724316835403,0.601470828056335,0.759983599185944,0.861544907093048,0.762028157711029,0.623180508613586,0.400989770889282,0.703069806098938,0.692435383796692,0.481133610010147,0.42410871386528,0.646667182445526,0,0.686701059341431,0.947677731513977,0.787780106067657,1.22524118423462,1.11389183998108,0.55298787355423,0.789691984653473,1.18246531486511,0.830069005489349,0.701284885406494,1.07552802562714,1.44206690788269,1.56046736240387,1.23196375370026,1.36510717868805,1.29139864444733,1.35486316680908,1.29668796062469,0.998883724212646,1.00622844696045,1.31030666828156,0.948805212974548,1.12928092479706,0.93152242898941,0.888452112674713,1.23986983299255,1.28225958347321,1.27715253829956,1.68332266807556,1.9033590555191,1.70754897594452,1.67715835571289,1.46726632118225,1.46371018886566,1.07296133041382,0,0.747621953487396,0.845662474632263,1.38849532604218,1.36066341400146,1.63019859790802,2.0458607673645,1.86647880077362,1.88930654525757,1.85096943378448,1.66485178470612,1.13538777828217,0.644175112247467,0.761809766292572,1.39938533306122,1.53770434856415,1.88451385498047,2.36165046691895,2.24357604980469,2.24865078926086,2.15422201156616,2.17347812652588,2.12837958335876,1.79445517063141,1.25151908397675,1.55173933506012,2.16105532646179,2.31105375289917,1.50774037837982,1.0339789390564,0.81981897354126,1.3575347661972,1.71220266819,2.47523164749146,2.0617573261261,2.3136420249939,2.43174648284912,1.56817722320557,0.90244472026825,0.863725066184998,0,0,1.6281840801239,1.95592260360718,2.01249432563782,1.95988082885742,1.33700740337372,2.01930117607117,2.71426773071289,2.04970097541809,0,0,0,0,1.27165234088898,1.53778338432312,0,1.07689583301544,1.09365892410278,1.08794188499451,0,0,0,0,0,0,0,0,0,0,0,0,0,0,0,0,0,0.505513668060303,0.969855606555939,0.768598735332489,0,0,0,0,0,0,0,0,0,0,0,0,0,0.670665919780731,0.599186301231384,0.71645176410675,0.687185227870941,0,0,0,0,0,0,0,0.114634618163109,0,0,0,0,0,0,0,0,0,0,0,0,0,0,0,0,0,0,0,0,0,0,0,0,0,0,0,0,0,0,0,0,362
Leipzig,0,0,0,0,0,0,0,0,0,0,0,0,0,0,0,0,0,0,0,0,0,0,0,0,0,0,0,0,0,0,0,0,0,0,0,0,0,0,0,0,0,0,0,0,0,0,0,0,0,0,0,0,0,0,0,0,0,0,0,0,0,0,0,0,0,0,0,0,0,0,0,0,0,0,0,0,0,0,0,0,0,0,0,0,0,0,0,0,0,0,0,0,0,0,0,0,0,0,0,0,0,0,0,0,0,0,0,0,0,0,0,0,0,0,0,0,0,0,0,0,0,0,0,0,0.000969073094893247,0.000445830810349435,0,0,0,0,0,0,0,0,0,0,0,0,0,0,0,0,0,0,0,0,0,0,0,0,0,0,0,0,0,0,0,0,0,0,0,0,0,0,0,0,0.0080541493371129,0.0250403732061386,0.00241501932032406,0.00519464490935206,0.0471399761736393,0.0884580239653587,0.103772059082985,0.107835702598095,0.00154634413775057,0.0236781463027,0.0429286472499371,0.129379868507385,0,0,0.147609502077103,0.225816637277603,0.289285957813263,0.332275390625,0.287796080112457,0.236380457878113,0.146869003772736,0.266049683094025,0.28062716126442,0.169032707810402,0.143637329339981,0.252495646476746,0,0.255750596523285,0.369659662246704,0.300702065229416,0.475182116031647,0.439955919981003,0.194218918681145,0.296877652406693,0.460649043321609,0.32579106092453,0.250222951173782,0.410696446895599,0.561550915241241,0.619019091129303,0.487012445926666,0.540139079093933,0.501560807228088,0.533368706703186,0.506185591220856,0.394665360450745,0.393391340970993,0.513040602207184,0.354563742876053,0.432707786560059,0.351372897624969,0.341909825801849,0.474462658166885,0.502402663230896,0.495085865259171,0.651916265487671,0.747899353504181,0.674571454524994,0.667400240898132,0.594299733638763,0.566064596176147,0.427257776260376,0,0.252697795629501,0.300211250782013,0.538647472858429,0.541956305503845,0.640661656856537,0.810131132602692,0.729400634765625,0.741008520126343,0.726830124855042,0.655410528182983,0.444007217884064,0.210081517696381,0.249732628464699,0.538118124008179,0.601219832897186,0.736230850219727,0.935571789741516,0.882618308067322,0.889743626117706,0.846596240997314,0.854335427284241,0.835881292819977,0.718216717243195,0.48113077878952,0.59382289648056,0.831829607486725,0.89954662322998,0.59084951877594,0.414587378501892,0.322060644626617,0.495934516191483,0.66792905330658,0.968427300453186,0.796852350234985,0.910808920860291,0.973765909671783,0.611065864562988,0.318512737751007,0.305549412965775,0,0,0.639165937900543,0.763760030269623,0.788049459457397,0.764941215515137,0.514018416404724,0.781170547008514,1.05805397033691,0.800920784473419,0,0,0,0,0.478823155164719,0.591114640235901,0,0.393029242753983,0.411261022090912,0.402630895376205,0.0490939542651176,0,0,0,0,0,0,0,0,0,0,0,0,0,0,0,0.00942275486886501,0.183813884854317,0.356131583452225,0.254270523786545,0,0,0,0,0,0,0,0,0,0,0,0,0,0.225654512643814,0.224124431610107,0.294311076402664,0.289059579372406,0,0,0,0,0,0,0,0.0133126173168421,0,0,0,0,0,0,0,0,0,0,0,0,0,0,0,0,0,0,0,0,0,0,0,0,0,0,0,0,0,0,0,0,363
Nordsachsen,0,0,0,0,0,0,0,0,0,0,0,0,0,0,0,0,0,0,0,0,0,0,0,0,0,0,0,0,0,0,0,0,0,0,0,0,0,0,0,0,0,0,0,0,0,0,0,0,0,0,0,0,0,0,0,0,0,0,0,0,0,0,0,0,0,0,0,0,0,0,0,0,0,0,0,0,0,0,0,0,0,0,0,0,0,0,0,0,0,0,0,0,0,0,0,0,0,0,0,0,0,0,0,0,0,0,0,0,0,0,0,0,0,0,0,0,0,0,0,0,0,0,0,0,0.000754195265471935,0.000524326926097274,0,0,0,0,0,0,0,0,0,0,0,0,0,0,0,0,0,0,0,0,0,0,0,0,0,0,0,0,0,0,0,0,0,0,0,0,0,0,0,0,0.0204516854137182,0.0285244453698397,0.0122220488265157,0.00664077512919903,0.0499031729996204,0.0979973375797272,0.114615716040134,0.123811602592468,0.0389498434960842,0.0596819296479225,0.0662369579076767,0.143640145659447,0,0,0.167062237858772,0.250653117895126,0.326221436262131,0.37192565202713,0.333383619785309,0.267064034938812,0.156204223632813,0.288580536842346,0.312263578176498,0.186007797718048,0.194321379065514,0.294734001159668,0,0.296888381242752,0.420356690883636,0.349465012550354,0.529303014278412,0.482592105865479,0.236631616950035,0.335583806037903,0.513465583324432,0.345880955457687,0.286525696516037,0.473606139421463,0.632758736610413,0.684375286102295,0.525575041770935,0.574744403362274,0.568327367305756,0.604438185691833,0.568241000175476,0.428885877132416,0.438119053840637,0.574616491794586,0.438672959804535,0.48856309056282,0.397252172231674,0.378642708063126,0.528535842895508,0.547738909721375,0.50400698184967,0.716301381587982,0.841565012931824,0.746208190917969,0.709115624427795,0.661149144172668,0.631470203399658,0.473579794168472,0,0.288042217493057,0.422699272632599,0.61364758014679,0.605027854442596,0.695613741874695,0.90871661901474,0.843284249305725,0.831629931926727,0.824941396713257,0.752606451511383,0.54279088973999,0.329271793365479,0.31563875079155,0.615678429603577,0.689673125743866,0.834555447101593,1.07014286518097,1.01285326480865,1.00181353092194,0.968668282032013,0.975695908069611,0.943149209022522,0.810335040092468,0.563141882419586,0.679472982883453,0.959657907485962,1.03468728065491,0.762724101543427,0.497152656316757,0.358081072568893,0.619143068790436,0.761763989925385,1.10874533653259,0.907809615135193,1.03641271591187,1.11994397640228,0.704233944416046,0.37018683552742,0.419510543346405,0,0,0.660954415798187,0.854459941387177,0.926703453063965,0.890871405601501,0.581498682498932,0.886493921279907,1.22453236579895,0.954702794551849,0,0,0,0,0.520089566707611,0.664515674114227,0,0.462729305028915,0.514643609523773,0.481174975633621,0.126235365867615,0,0,0,0,0,0,0,0,0,0,0,0,0,0,0,0.0544177368283272,0.236481562256813,0.445216178894043,0.230430901050568,0,0,0,0,0,0,0,0,0,0,0,0,0,0.286337912082672,0.248125314712524,0.322273790836334,0.310006022453308,0,0,0,0,0,0,0,0.0500569827854633,0,0,0,0,0,0,0,0,0,0,0,0,0,0,0,0,0,0,0,0,0,0,0,0,0,0,0,0,0,0,0,0,364
Dessau-Roßlau,0,0,0,0,0,0,0,0,0,0,0,0,0,0,0,0,0,0,0,0,0,0,0,0,0,0,0,0,0,0,0,0,0,0,0,0,0,0,0,0,0,0,0,0,0,0,0,0,0,0,0,0,0,0,0,0,0,0,0,0,0,0,0,0,0,0,0,0,0,0,0,0,0,0,0,0,0,0,0,0,0,0,0,0,0,0,0,0,0,0,0,0,0,0,0,0,0,0,0,0,0,0,0,0,0,0,0,0,0,0,0,0,0,0,0,0,0,0,0,0,0,0,0,0,0.00249948631972075,5.07310833199881e-05,0,0,0,0,0,0,0,0,0,0,0,0,0,0,0,0,0,0,0,0,0,0,0,0,0,0,0,0,0,0,0,0,0,0,0,0,0,0,0,0,0.0740035101771355,0.0725873857736588,0.0502688623964787,0.054852057248354,0.120013564825058,0.231288209557533,0.275058686733246,0.284656286239624,0.117346674203873,0.149256989359856,0.214046239852905,0.340683400630951,0,0,0.401413679122925,0.584988951683044,0.750288546085358,0.822659373283386,0.767069458961487,0.587889671325684,0.333200305700302,0.649117290973663,0.622509241104126,0.453824311494827,0.489861190319061,0.626365959644318,0,0.62729287147522,0.867010712623596,0.785695016384125,1.12051177024841,0.963432669639587,0.569267451763153,0.698174059391022,1.08197665214539,0.714081943035126,0.65628844499588,1.01890802383423,1.34984958171844,1.3894054889679,0.996231853961945,1.14194345474243,1.19073677062988,1.21608126163483,1.10062646865845,0.790747106075287,0.8123899102211,1.18846106529236,0.997364640235901,0.94139963388443,0.752135038375854,0.749418318271637,1.05690848827362,1.00572514533997,0.922946512699127,1.42916083335876,1.67447054386139,1.43544161319733,1.28961706161499,1.24377405643463,1.26203954219818,0.794970870018005,0,0.727829992771149,0.908132672309875,1.18721401691437,1.15194690227509,1.25738549232483,1.73012936115265,1.62163496017456,1.59464049339294,1.56039309501648,1.44601905345917,1.04593360424042,0.532807230949402,0.70787113904953,1.175173163414,1.29526257514954,1.61524832248688,2.05534958839417,1.91039764881134,1.85474610328674,1.77849435806274,1.84653985500336,1.74942934513092,1.31644201278687,1.09781467914581,1.2984094619751,1.8244663476944,1.905433177948,1.44067299365997,0.802852630615234,0.560534656047821,1.29829895496368,1.4373471736908,2.10067510604858,1.69426012039185,1.89365577697754,1.93516433238983,1.27144110202789,0.661980867385864,0.76021534204483,0,0,1.18027079105377,1.49456632137299,1.64961385726929,1.59967184066772,1.06104946136475,1.67457604408264,2.25674843788147,1.80701518058777,0,0,0,0,1.00192070007324,1.1722731590271,0,0.6341552734375,0.939174950122833,0.733793556690216,0,0,0,0,0,0,0,0,0,0,0,0,0,0,0,0,0,0.0101678278297186,0.87315708398819,0.683816015720367,0,0,0,0,0,0,0,0,0,0,0,0,0,0.597681403160095,0.48434916138649,0.584964215755463,0.536974191665649,0,0,0,0,0,0,0,0.282496958971024,0,0,0,0,0,0,0,0,0,0,0,0,0,0,0,0,0,0,0,0,0,0,0,0,0,0,0,0,0,0,0,0,365
Halle (Saale),0,0,0,0,0,0,0,0,0,0,0,0,0,0,0,0,0,0,0,0,0,0,0,0,0,0,0,0,0,0,0,0,0,0,0,0,0,0,0,0,0,0,0,0,0,0,0,0,0,0,0,0,0,0,0,0,0,0,0,0,0,0,0,0,0,0,0,0,0,0,0,0,0,0,0,0,0,0,0,0,0,0,0,0,0,0,0,0,0,0,0,0,0,0,0,0,0,0,0,0,0,0,0,0,0,0,0,0,0,0,0,0,0,0,0,0,0,0,0,0,0,0,0,0,0.00101218605414033,0,0,0,0,0,0,0,0,0,0,0,0,0,0,0,0,0,0,0,0,0,0,0,0,0,0,0,0,0,0,0,0,0,0,0,0,0,0,0,0,0,0.0232534632086754,0.0281183030456305,0.0111446026712656,0.0130804916843772,0.050074253231287,0.090085007250309,0.10460701584816,0.100215829908848,0,0.0498062744736671,0.0759611204266548,0.129654929041862,0,0,0.156584113836288,0.220484852790833,0.282742857933044,0.315279543399811,0.284284859895706,0.22685007750988,0.150018736720085,0.259690076112747,0.243367746472359,0.192698121070862,0.181030243635178,0.223185896873474,0,0.2439344227314,0.322791278362274,0.289676547050476,0.437014430761337,0.384714692831039,0.201966777443886,0.288181066513062,0.424240112304688,0.2921983897686,0.251345247030258,0.395449250936508,0.51863569021225,0.549981534481049,0.420191764831543,0.481802612543106,0.466175824403763,0.48053652048111,0.44242787361145,0.341697961091995,0.340301036834717,0.459836572408676,0.361171782016754,0.385465890169144,0.308718204498291,0.308839917182922,0.432223498821259,0.438582301139832,0.442764639854431,0.597783863544464,0.677875578403473,0.60230165719986,0.560649871826172,0.518634974956512,0.527509033679962,0.343990355730057,0,0.29179123044014,0.317604720592499,0.496354222297668,0.478466928005219,0.559250175952911,0.711815118789673,0.652182340621948,0.656634390354156,0.64541357755661,0.582414627075195,0.378730207681656,0.103754386305809,0.295392751693726,0.492653250694275,0.534164369106293,0.663918793201447,0.832190334796906,0.786249577999115,0.762097179889679,0.744318246841431,0.751435101032257,0.738924920558929,0.586723864078522,0.441427797079086,0.545748353004456,0.739239394664764,0.78086245059967,0.519264578819275,0.301069676876068,0.247142747044563,0.509208738803864,0.603340566158295,0.851150214672089,0.710178136825562,0.787109017372131,0.806932866573334,0.529437243938446,0.307154804468155,0.322546631097794,0,0,0.531107842922211,0.659846067428589,0.699357748031616,0.680372416973114,0.470538020133972,0.690304696559906,0.926495432853699,0.714310169219971,0,0,0,0,0.449061334133148,0.531809151172638,0,0.364192336797714,0.407098829746246,0.318575382232666,0,0,0,0,0,0,0,0,0,0,0,0,0,0,0,0,0,0,0.35386124253273,0.285407990217209,0,0,0,0,0,0,0,0,0,0,0,0,0,0.243237525224686,0.187361165881157,0.212151646614075,0.202486336231232,0,0,0,0,0,0,0,0.119566328823566,0,0,0,0,0,0,0,0,0,0,0,0,0,0,0,0,0,0,0,0,0,0,0,0,0,0,0,0,0,0,0,0,366
Magdeburg,0,0,0,0,0,0,0,0,0,0,0,0,0,0,0,0,0,0,0,0,0,0,0,0,0,0,0,0,0,0,0,0,0,0,0,0,0,0,0,0,0,0,0,0,0,0,0,0,0,0,0,0,0,0,0,0,0,0,0,0,0,0,0,0,0,0,0,0,0,0,0,0,0,0,0,0,0,0,0,0,0,0,0,0,0,0,0,0,0,0,0,0,0,0,0,0,0,0,0,0,0,0,0,0,0,0,0,0,0,0,0,0,0,0,0,0,0,0,0,0,0,0,0,0,0.00121095648501068,0,0,0,0,0,0,0,0,0,0,0,0,0,0,0,0,0,0,0,0,0,0,0,0,0,0,0,0,0,0,0,0,0,0,0,0,0,0,0,0,0,0.0497298203408718,0.0425051786005497,0.0235607288777828,0.0360782705247402,0.0726640298962593,0.142161354422569,0.157289370894432,0.15300427377224,0,0.0759066492319107,0.128205627202988,0.201486587524414,0,0,0.251375734806061,0.34095698595047,0.426061421632767,0.46900862455368,0.44165563583374,0.328482568264008,0.161160826683044,0.39038223028183,0.348944425582886,0.300932466983795,0.309070229530334,0.351228684186935,0,0.350642472505569,0.488024234771729,0.471531122922897,0.667182981967926,0.545162856578827,0.342967599630356,0.407316505908966,0.645999252796173,0.424980223178864,0.404629856348038,0.632499992847443,0.831759631633759,0.833134591579437,0.569142878055573,0.685164451599121,0.72991544008255,0.709671258926392,0.64469301700592,0.473721027374268,0.511828660964966,0.741611182689667,0.629935324192047,0.567842304706573,0.423825353384018,0.448259264230728,0.627338349819183,0.597906470298767,0.56964099407196,0.907313644886017,1.05351793766022,0.891222774982452,0.764134407043457,0.778330147266388,0.834927916526794,0.455545574426651,0,0.554184019565582,0.574078798294067,0.778041005134583,0.742368221282959,0.82117086648941,1.11689281463623,1.03801643848419,1.03649377822876,0.982584774494171,0.910306572914124,0.652491867542267,0.287712156772614,0.604730188846588,0.797006547451019,0.83065128326416,1.08117234706879,1.32839620113373,1.24690330028534,1.16002213954926,1.14293849468231,1.22422814369202,1.11960530281067,0.769059479236603,0.716939985752106,0.906306445598602,1.17941641807556,1.2200710773468,0.958976089954376,0.479399055242538,0.390790462493896,0.880737006664276,0.974909007549286,1.43157243728638,1.14239287376404,1.24441003799438,1.19721078872681,0.81813907623291,0.559102296829224,0.562555730342865,0,0.393119305372238,0.844518661499023,0.997979462146759,1.08294641971588,1.06145596504211,0.797972083091736,1.20693910121918,1.59002089500427,1.19908404350281,0,0,0,0,0.816884815692902,0.870502412319183,0,0.392767280340195,0.699143946170807,0.467708200216293,0,0,0,0,0,0,0,0,0,0,0,0,0,0,0,0,0.329252988100052,0,0.681848108768463,0.467063218355179,0,0,0,0,0,0,0,0,0,0,0,0,0,0.447653770446777,0.390455096960068,0.452512711286545,0.308026492595673,0,0,0,0,0,0,0,0.266284376382828,0,0,0,0,0,0,0,0,0,0,0,0,0,0,0,0,0,0,0,0,0,0,0,0,0,0,0,0,0,0,0,0,367
Altmarkkreis Salzwedel,0,0,0,0,0,0,0,0,0,0,0,0,0,0,0,0,0,0,0,0,0,0,0,0,0,0,0,0,0,0,0,0,0,0,0,0,0,0,0,0,0,0,0,0,0,0,0,0,0,0,0,0,0,0,0,0,0,0,0,0,0,0,0,0,0,0,0,0,0,0,0,0,0,0,0,0,0,0,0,0,0,0,0,0,0,0,0,0,0,0,0,0,0,0,0,0,0,0,0,0,0,0,0,0,0,0,0,0,0,0,0,0,0,0,0,0,0,0,0,0,0,0,0,0,0.000202944822376594,0,0,0,0,0,0,0,0,0,0,0,0,0,0,0,0,0,0,0,0,0,0,0,0,0,0,0,0,0,0,0,0,0,0,0,0,0,0,0,0,0,0.021249070763588,0.0108735905960202,0.00251257233321667,0,0.0123058781027794,0.0676729157567024,0.076235719025135,0.0676085278391838,0,0,0.0483490340411663,0.0818130597472191,0,0,0.121116407215595,0.163161903619766,0.207665979862213,0.214483812451363,0.205591037869453,0.143119290471077,0,0.154152691364288,0.165262803435326,0.139339864253998,0.14632274210453,0.156780570745468,0,0.0788206607103348,0.226875960826874,0.195646211504936,0.317938089370728,0.240367591381073,0.141454860568047,0.14248788356781,0.308323264122009,0.18009988963604,0.197287768125534,0.296139091253281,0.402426481246948,0.364773631095886,0.220704853534698,0.316527009010315,0.339269459247589,0.292263001203537,0.249168217182159,0.196173086762428,0.18960377573967,0.368556261062622,0.313334256410599,0.191576138138771,0.165292039513588,0.145649865269661,0.238886639475822,0.223173126578331,0.221323788166046,0.397606015205383,0.466331869363785,0.376500934362411,0.299466699361801,0.256368368864059,0.343432635068893,0.153007432818413,0,0.217905327677727,0.225578665733337,0.283314496278763,0.316165208816528,0.307083278894424,0.476594150066376,0.447031527757645,0.427892208099365,0.371836334466934,0.367420166730881,0.260452479124069,0.144180312752724,0.279633700847626,0.335238009691238,0.319043576717377,0.432899475097656,0.545112311840057,0.490386962890625,0.461714237928391,0.449331343173981,0.488176941871643,0.428235501050949,0.278632074594498,0.263560056686401,0.362472802400589,0.442744582891464,0.424701750278473,0.3499596118927,0.138057336211205,0.0143584199249744,0.294375747442245,0.34227591753006,0.569366216659546,0.425180912017822,0.453661888837814,0.412932544946671,0.260025024414063,6.12803250987781e-06,0.0252546798437834,0,0,0.314546316862106,0.343778699636459,0.367878526449203,0.354707270860672,0.228886976838112,0.432508111000061,0.587957084178925,0.383296251296997,0,0,0,0,0.206262335181236,0.286984890699387,0,0,0.0890309661626816,0,0,0,0,0,0,0,0,0,0,0,0,0,0,0,0,0,0.067421093583107,0.00559701351448894,0.225958570837975,0.134620979428291,0,0,0,0,0,0,0,0,0,0,0,0,0,0.110283344984055,0.0278190188109875,0.100506871938705,0,0,0,0,0,0,0,0,0,0,0,0,0,0,0,0,0,0,0,0,0,0,0,0,0,0,0,0,0,0,0,0,0,0,0,0,0,0,0,0,0,368
Anhalt-Bitterfeld,0,0,0,0,0,0,0,0,0,0,0,0,0,0,0,0,0,0,0,0,0,0,0,0,0,0,0,0,0,0,0,0,0,0,0,0,0,0,0,0,0,0,0,0,0,0,0,0,0,0,0,0,0,0,0,0,0,0,0,0,0,0,0,0,0,0,0,0,0,0,0,0,0,0,0,0,0,0,0,0,0,0,0,0,0,0,0,0,0,0,0,0,0,0,0,0,0,0,0,0,0,0,0,0,0,0,0,0,0,0,0,0,0,0,0,0,0,0,0,0,0,0,0,0,0.00100168155040592,0.000252650992479175,0,0,0,0,0,0,0,0,0,0,0,0,0,0,0,0,0,0,0,0,0,0,0,0,0,0,0,0,0,0,0,0,0,0,0,0,0,0,0,0,0.0298749469220638,0.0298260524868965,0.0166085287928581,0.0184768736362457,0.0493624210357666,0.0939266458153725,0.110901162028313,0.112662717700005,0.0422215573489666,0.058342233300209,0.0851792991161346,0.138199880719185,0,0,0.162699058651924,0.233406275510788,0.299465447664261,0.330614328384399,0.306699097156525,0.238124579191208,0.140032649040222,0.262954235076904,0.24919918179512,0.188975363969803,0.198532730340958,0.247053921222687,0,0.252921044826508,0.34498730301857,0.315112978219986,0.450363963842392,0.390051990747452,0.228364825248718,0.28610423207283,0.435062915086746,0.290897190570831,0.265988111495972,0.410672932863235,0.541114091873169,0.560669779777527,0.406967014074326,0.467801928520203,0.481658041477203,0.492453664541245,0.447060495615005,0.3271364569664,0.332377076148987,0.479066163301468,0.397193729877472,0.385117560625076,0.30384224653244,0.309007525444031,0.432783782482147,0.414322435855865,0.392344802618027,0.586223244667053,0.683576345443726,0.588655889034271,0.528371870517731,0.510935306549072,0.519831955432892,0.326743513345718,0,0.296522885560989,0.357757359743118,0.489790439605713,0.472075968980789,0.522345125675201,0.706994235515594,0.659146130084991,0.650965213775635,0.636782824993134,0.586393356323242,0.413832038640976,0.19930337369442,0.297232091426849,0.484617382287979,0.529805243015289,0.660113453865051,0.83486396074295,0.78217089176178,0.754693388938904,0.729822099208832,0.753225088119507,0.71700793504715,0.546008408069611,0.451531231403351,0.537727355957031,0.742502391338348,0.77701872587204,0.573773682117462,0.321446657180786,0.20660699903965,0.528087079524994,0.591607987880707,0.857277512550354,0.697585105895996,0.776637852191925,0.788763523101807,0.523964643478394,0.266342371702194,0.321172833442688,0,0.0315523557364941,0.496945321559906,0.6240274310112,0.67696225643158,0.662864565849304,0.454930692911148,0.690569221973419,0.926475346088409,0.732751727104187,0,0,0,0,0.428681701421738,0.492578327655792,0,0.263531059026718,0.394879728555679,0.286001324653625,0,0,0,0,0,0,0,0,0,0,0,0,0,0,0,0,0,0.0376827083528042,0.357838124036789,0.275525599718094,0,0,0,0,0,0,0,0,0,0,0,0,0,0.244964063167572,0.196182385087013,0.23531673848629,0.217042669653893,0,0,0,0,0,0,0,0.105035983026028,0,0,0,0,0,0,0,0,0,0,0,0,0,0,0,0,0,0,0,0,0,0,0,0,0,0,0,0,0,0,0,0,369
Börde,0,0,0,0,0,0,0,0,0,0,0,0,0,0,0,0,0,0,0,0,0,0,0,0,0,0,0,0,0,0,0,0,0,0,0,0,0,0,0,0,0,0,0,0,0,0,0,0,0,0,0,0,0,0,0,0,0,0,0,0,0,0,0,0,0,0,0,0,0,0,0,0,0,0,0,0,0,0,0,0,0,0,0,0,0,0,0,0,0,0,0,0,0,0,0,0,0,0,0,0,0,0,0,0,0,0,0,0,0,0,0,0,0,0,0,0,0,0,0,0,0,0,0,7.56408735469449e-06,0.000692085130140185,0,0,0,0,0,0,0,0,0,0,0,0,0,0,0,0,0,0,0,0,0,0,0,0,0,0,0,0,0,0,0,0,0,0,0,0,0,0,0,0,0,0.0238245334476233,0.0205801967531443,0.00197129417210817,0.00568489404395223,0.0365041568875313,0.0779227986931801,0.0853510946035385,0.0756649821996689,0,0.00683658616617322,0.0598631650209427,0.104346245527267,0,0,0.137410491704941,0.18567967414856,0.23466782271862,0.25489616394043,0.240702450275421,0.168859511613846,0.0140204587951303,0.202801614999771,0.190411686897278,0.161847412586212,0.158214718103409,0.173966363072395,0,0.15639691054821,0.258879005908966,0.238205820322037,0.367840677499771,0.283183395862579,0.161699399352074,0.19801427423954,0.351676523685455,0.209954008460045,0.201069414615631,0.341023594141006,0.454596757888794,0.43866428732872,0.290769338607788,0.37078320980072,0.386931717395782,0.361092001199722,0.322164207696915,0.240242436528206,0.2476596981287,0.396287500858307,0.33203661441803,0.27548086643219,0.204093649983406,0.205723956227303,0.301921844482422,0.28043258190155,0.277096390724182,0.463067471981049,0.545105397701263,0.452402263879776,0.363734930753708,0.366935402154922,0.420666486024857,0.210655212402344,0,0.273419141769409,0.262366086244583,0.369271606206894,0.370750278234482,0.399608850479126,0.562062084674835,0.517070472240448,0.5056511759758,0.472711592912674,0.445780098438263,0.30260968208313,0.069487951695919,0.302399277687073,0.391895949840546,0.390389084815979,0.533161461353302,0.652141392230988,0.597244679927826,0.552502334117889,0.546113431453705,0.587291955947876,0.525359034538269,0.328032970428467,0.3136967420578,0.435283839702606,0.546619772911072,0.544754505157471,0.43452125787735,0.107980713248253,0.0274930316954851,0.388570308685303,0.439629971981049,0.675347566604614,0.527002811431885,0.568791925907135,0.518389403820038,0.335098445415497,0.130468055605888,0.142098784446716,0,0.0687001869082451,0.398287713527679,0.434565544128418,0.474013954401016,0.452942818403244,0.336623340845108,0.551970839500427,0.726277649402618,0.501109600067139,0,0,0,0,0.33263099193573,0.369330316781998,0,0.068381629884243,0.27156201004982,0.0584214366972446,0,0,0,0,0,0,0,0,0,0,0,0,0,0,0,0,0.0550867356359959,0.00193839927669615,0.285770356655121,0.173279359936714,0,0,0,0,0,0,0,0,0,0,0,0,0,0.181411534547806,0.15041895210743,0.187549695372581,0.0593079067766666,0,0,0,0,0,0,0,0.0544441342353821,0,0,0,0,0,0,0,0,0,0,0,0,0,0,0,0,0,0,0,0,0,0,0,0,0,0,0,0,0,0,0,0,370
Burgenlandkreis,0,0,0,0,0,0,0,0,0,0,0,0,0,0,0,0,0,0,0,0,0,0,0,0,0,0,0,0,0,0,0,0,0,0,0,0,0,0,0,0,0,0,0,0,0,0,0,0,0,0,0,0,0,0,0,0,0,0,0,0,0,0,0,0,0,0,0,0,0,0,0,0,0,0,0,0,0,0,0,0,0,0,0,0,0,0,0,0,0,0,0,0,0,0,0,0,0,0,0,0,0,0,0,0,0,0,0,0,0,0,0,0,0,0,0,0,0,0,0,0,0,0,0,0,0.000959364930167794,0,0,0,0,0,0,0,0,0,0,0,0,0,0,0,0,0,0,0,0,0,0,0,0,0,0,0,0,0,0,0,0,0,0,0,0,0,0,0,0,0,0.00103437690995634,0.0153339300304651,0.000956995645537972,0.00348509079776704,0.038889218121767,0.0688121765851974,0.0793296322226524,0.0694408044219017,0,0.00276338844560087,0.0269612185657024,0.0931145697832108,0,0,0.118101455271244,0.1725984364748,0.222562879323959,0.245572626590729,0.211229488253593,0.171900421380997,0.129470020532608,0.208732888102531,0.211695820093155,0.142294138669968,0.0927729830145836,0.161590307950974,0,0.175624087452888,0.253418684005737,0.209879368543625,0.363555431365967,0.319594889879227,0.0860112383961678,0.215814054012299,0.347912073135376,0.242207631468773,0.164755508303642,0.308415055274963,0.421536296606064,0.460067838430405,0.372312664985657,0.425108253955841,0.372818410396576,0.385318458080292,0.356043040752411,0.292202681303024,0.285149663686752,0.37327641248703,0.236585140228271,0.306780576705933,0.238929018378258,0.234877392649651,0.349259495735168,0.380228340625763,0.392222672700882,0.499544560909271,0.548275411128998,0.511672735214233,0.50526350736618,0.434554725885391,0.432483434677124,0.290158063173294,0,0.219630748033524,0.170744463801384,0.397560387849808,0.409657299518585,0.491844475269318,0.600548624992371,0.525823354721069,0.552618682384491,0.534539818763733,0.473746687173843,0.26605036854744,0.00413339072838426,0.0890740528702736,0.380314439535141,0.425398170948029,0.545536518096924,0.687479734420776,0.647612869739532,0.639840960502625,0.620154917240143,0.61809116601944,0.606204330921173,0.500456392765045,0.346714109182358,0.444763481616974,0.604463636875153,0.628651916980743,0.351298362016678,0.156297191977501,0.13334684073925,0.376541674137115,0.49296623468399,0.696769237518311,0.576038360595703,0.654028475284576,0.669045507907867,0.411442518234253,0.205951601266861,0.124132126569748,0,0.0868901684880257,0.477744966745377,0.535925447940826,0.562987983226776,0.545031368732452,0.390016973018646,0.574455559253693,0.75007152557373,0.549945294857025,0,0,0,0,0.335599422454834,0.418486058712006,0,0.27139601111412,0.257286548614502,0.207693561911583,0,0,0,0,0,0,0,0,0,0,0,0,0,0,0,0,0,0.0733411908149719,0.266757249832153,0.238007038831711,0,0,0,0,0,0,0,0,0,0,0,0,0,0.156248211860657,0.137075662612915,0.196977317333221,0.196044772863388,0,0,0,0,0,0,0,0.00723785674199462,0,0,0,0,0,0,0,0,0,0,0,0,0,0,0,0,0,0,0,0,0,0,0,0,0,0,0,0,0,0,0,0,371
Harz,0,0,0,0,0,0,0,0,0,0,0,0,0,0,0,0,0,0,0,0,0,0,0,0,0,0,0,0,0,0,0,0,0,0,0,0,0,0,0,0,0,0,0,0,0,0,0,0,0,0,0,0,0,0,0,0,0,0,0,0,0,0,0,0,0,0,0,0,0,0,0,0,0,0,0,0,0,0,0,0,0,0,0,0,0,0,0,0,0,0,0,0,0,0,0,0,0,0,0,0,0,0,0,0,0,0,0,0,0,0,0,0,0,0,0,0,0,0,0,0,0,0,0,4.67550162284169e-05,0.000512466416694224,0,0,0,0,0,0,0,0,0,0,0,0,0,0,0,0,0,0,0,0,0,0,0,0,0,0,0,0,0,0,0,0,0,0,0,0,0,0,0,0,0,0.00621530925855041,0.00783032085746527,0.00212408951483667,0,0.0202427972108126,0.0415239632129669,0.0463491603732109,0.0288658849895,0,0,0.0140021909028292,0.0572507530450821,0,0,0.0790852159261703,0.108444266021252,0.143214121460915,0.158387884497643,0.150723531842232,0.0962521657347679,0.00312399584800005,0.131306394934654,0.127341255545616,0.0812521725893021,0.0561562515795231,0.0609121024608612,0,0.0786583870649338,0.165338560938835,0.146051645278931,0.251400202512741,0.181435361504555,0.0577704943716526,0.125054284930229,0.238114953041077,0.101487591862679,0.0719759240746498,0.233909994363785,0.313400208950043,0.311941832304001,0.218957304954529,0.295243740081787,0.267686307430267,0.248901784420013,0.229419335722923,0.125533252954483,0.118517331779003,0.252242892980576,0.188243463635445,0.151073515415192,0.0815459340810776,0.0858809277415276,0.192908346652985,0.195603832602501,0.214945867657661,0.33961421251297,0.403474301099777,0.34299373626709,0.275708973407745,0.276493042707443,0.300920426845551,0.0839900150895119,0,0.0984351262450218,0.0900233462452888,0.243607997894287,0.238586857914925,0.278311967849731,0.403380036354065,0.360201805830002,0.352309256792068,0.333149671554565,0.290507942438126,0.0931352898478508,0,0.104641176760197,0.252220243215561,0.22691647708416,0.371388971805573,0.463736951351166,0.41228312253952,0.380530029535294,0.378805100917816,0.404965311288834,0.356029123067856,0.218101784586906,0.148785203695297,0.257791697978973,0.354983270168304,0.346358746290207,0.205029830336571,0,0,0.219285428524017,0.270585596561432,0.449010729789734,0.347444355487823,0.379040479660034,0.336818158626556,0.140091761946678,0.0465366803109646,0.0349376872181892,0,0.0554349683225155,0.272972196340561,0.271962255239487,0.330853402614594,0.275057673454285,0.172697618603706,0.370722562074661,0.485642433166504,0.304844111204147,0,0,0,0,0.156190320849419,0.182266473770142,0,0.0543111078441143,0.108292676508427,0,0,0,0,0,0,0,0,0,0,0,0,0,0,0,0,0,0,0,0.175086960196495,0.0832115188241005,0,0,0,0,0,0,0,0,0,0,0,0,0,0.106940194964409,0.0924518704414368,0.149580702185631,0.0970969572663307,0,0,0,0,0,0,0,0.0231268908828497,0,0,0,0,0,0,0,0,0,0,0,0,0,0,0,0,0,0,0,0,0,0,0,0,0,0,0,0,0,0,0,0,372
Jerichower Land,0,0,0,0,0,0,0,0,0,0,0,0,0,0,0,0,0,0,0,0,0,0,0,0,0,0,0,0,0,0,0,0,0,0,0,0,0,0,0,0,0,0,0,0,0,0,0,0,0,0,0,0,0,0,0,0,0,0,0,0,0,0,0,0,0,0,0,0,0,0,0,0,0,0,0,0,0,0,0,0,0,0,0,0,0,0,0,0,0,0,0,0,0,0,0,0,0,0,0,0,0,0,0,0,0,0,0,0,0,0,0,0,0,0,0,0,0,0,0,0,0,0,0,0,0.000769068778026849,4.70448583200778e-07,0,0,0,0,0,0,0,0,0,0,0,0,0,0,0,0,0,0,0,0,0,0,0,0,0,0,0,0,0,0,0,0,0,0,0,0,0,0,0,0,0.0297952760010958,0.0212157685309649,0.000645786873064935,0.0189865417778492,0.0410649105906487,0.0901288688182831,0.108029864728451,0.111599460244179,0.0247280336916447,0.0405233912169933,0.0832873657345772,0.130302831530571,0,0,0.165399879217148,0.233715444803238,0.300923109054565,0.322466343641281,0.308682560920715,0.226104989647865,0.109270453453064,0.244226321578026,0.235732644796371,0.183090537786484,0.196701407432556,0.2521131336689,0,0.224304631352425,0.346631675958633,0.321346372365952,0.451759696006775,0.378160089254379,0.245378240942955,0.249814301729202,0.435917943716049,0.280724436044693,0.270043730735779,0.403450608253479,0.554665863513947,0.54256135225296,0.367328196763992,0.441125392913818,0.477043181657791,0.463549971580505,0.412232279777527,0.294937998056412,0.291432648897171,0.491831243038177,0.419737130403519,0.344686597585678,0.260792583227158,0.277988076210022,0.393012523651123,0.351061224937439,0.307257860898972,0.544949233531952,0.644792258739471,0.534618079662323,0.444137364625931,0.45671284198761,0.497813016176224,0.287445783615112,0,0.32188019156456,0.367815136909485,0.435699641704559,0.45580643415451,0.459652692079544,0.681052327156067,0.655325531959534,0.625986278057098,0.595862567424774,0.552158772945404,0.43457955121994,0.234003946185112,0.316532403230667,0.434660315513611,0.50007951259613,0.638761937618256,0.807942926883698,0.747175216674805,0.716055750846863,0.680987000465393,0.729762256145477,0.664179623126984,0.441953182220459,0.408172816038132,0.498741805553436,0.686639726161957,0.721614062786102,0.623753547668457,0.325498551130295,0.0488751344382763,0.507053017616272,0.542647182941437,0.824804723262787,0.654414057731628,0.717551052570343,0.710741460323334,0.469326317310333,0.29282134771347,0.298678815364838,0,0.0111889308318496,0.434975475072861,0.548007845878601,0.55913370847702,0.604562938213348,0.383381843566895,0.655285537242889,0.882223129272461,0.705971658229828,0,0,0,0,0.325840353965759,0.43140771985054,0,0.0323190912604332,0.325072795152664,0.0620360039174557,0,0,0,0,0,0,0,0,0,0,0,0,0,0,0,0,0.0366681143641472,0.123449817299843,0.341583281755447,0.262944549322128,0,0,0,0,0,0,0,0,0,0,0,0,0,0.21763351559639,0.167799159884453,0.229892268776894,0.160225912928581,0,0,0,0,0,0,0,0.0254910346120596,0,0,0,0,0,0,0,0,0,0,0,0,0,0,0,0,0,0,0,0,0,0,0,0,0,0,0,0,0,0,0,0,373
Mansfeld-Südharz,0,0,0,0,0,0,0,0,0,0,0,0,0,0,0,0,0,0,0,0,0,0,0,0,0,0,0,0,0,0,0,0,0,0,0,0,0,0,0,0,0,0,0,0,0,0,0,0,0,0,0,0,0,0,0,0,0,0,0,0,0,0,0,0,0,0,0,0,0,0,0,0,0,0,0,0,0,0,0,0,0,0,0,0,0,0,0,0,0,0,0,0,0,0,0,0,0,0,0,0,0,0,0,0,0,0,0,0,0,0,0,0,0,0,0,0,0,0,0,0,0,0,0,0,4.46787744294852e-05,0,0,0,0,0,0,0,0,0,0,0,0,0,0,0,0,0,0,0,0,0,0,0,0,0,0,0,0,0,0,0,0,0,0,0,0,0,0,0,0,0,0.00187116418965161,0.00434752926230431,0,0,0.0217973813414574,0.0450970232486725,0.0526097044348717,0.0398789681494236,0,0,0.00225582486018538,0.0640070214867592,0,0.000636259734164923,0.0845246165990829,0.11506112664938,0.156954139471054,0.175970762968063,0.159827888011932,0.120462082326412,0.065974548459053,0.143526822328568,0.143729940056801,0.109320685267448,0.0763059929013252,0.0617528893053532,0,0.123554483056068,0.175930246710777,0.160644173622131,0.271413415670395,0.223544836044312,0.0404803492128849,0.152882501482964,0.257038623094559,0.155681654810905,0.0992162525653839,0.238716304302216,0.327020049095154,0.349472284317017,0.263273000717163,0.318086236715317,0.288941413164139,0.281769335269928,0.261755257844925,0.188070312142372,0.176357582211494,0.273864179849625,0.19513276219368,0.206103727221489,0.117558903992176,0.130886495113373,0.245453149080276,0.268294870853424,0.268940210342407,0.382874220609665,0.431790351867676,0.388145059347153,0.353435724973679,0.334286719560623,0.344915390014648,0.163445040583611,0,0.115601927042007,0.127937212586403,0.29152774810791,0.285615682601929,0.346193581819534,0.455511450767517,0.40810352563858,0.410669565200806,0.398246347904205,0.339086830615997,0.108897335827351,0,0.123047105967999,0.283121407032013,0.29378616809845,0.414941698312759,0.520028114318848,0.484971672296524,0.454111278057098,0.453585475683212,0.462383508682251,0.436117053031921,0.325408607721329,0.220090463757515,0.29992750287056,0.421165943145752,0.435950458049774,0.266572654247284,0.032816544175148,0.0075343050993979,0.281307250261307,0.334471583366394,0.503691077232361,0.410619467496872,0.451907843351364,0.447036117315292,0.240960732102394,0.0492973662912846,0.0325666517019272,0,0.00867359340190887,0.299371868371964,0.344975292682648,0.397862881422043,0.366442978382111,0.245338156819344,0.394445151090622,0.541293144226074,0.39074119925499,0,0,0,0,0.163539811968803,0.263291001319885,0,0.106185890734196,0.169556796550751,0.00826699752360582,0,0,0,0,0,0,0,0,0,0,0,0,0,0,0,0,0,0.00948133785277605,0.192330747842789,0.133243754506111,0,0,0,0,0,0,0,0,0,0,0,0,0,0.107057616114616,0.0379187911748886,0.119836382567883,0.104692548513412,0,0,0,0,0,0,0,0.00450877100229263,0,0,0,0,0,0,0,0,0,0,0,0,0,0,0,0,0,0,0,0,0,0,0,0,0,0,0,0,0,0,0,0,374
Saalekreis,0,0,0,0,0,0,0,0,0,0,0,0,0,0,0,0,0,0,0,0,0,0,0,0,0,0,0,0,0,0,0,0,0,0,0,0,0,0,0,0,0,0,0,0,0,0,0,0,0,0,0,0,0,0,0,0,0,0,0,0,0,0,0,0,0,0,0,0,0,0,0,0,0,0,0,0,0,0,0,0,0,0,0,0,0,0,0,0,0,0,0,0,0,0,0,0,0,0,0,0,0,0,0,0,0,0,0,0,0,0,0,0,0,0,0,0,0,0,0,0,0,0,0,0,0.000990026397630572,0,0,0,0,0,0,0,0,0,0,0,0,0,0,0,0,0,0,0,0,0,0,0,0,0,0,0,0,0,0,0,0,0,0,0,0,0,0,0,0,0,0.01399967353791,0.0260689556598663,0.00900423526763916,0.0109046278521419,0.0535439699888229,0.0960500836372375,0.110698461532593,0.102600798010826,0.0026422031223774,0.0319570787250996,0.0626779347658157,0.135251298546791,0,0,0.168252512812614,0.238135263323784,0.306083738803864,0.34008327126503,0.302780449390411,0.242494612932205,0.165811985731125,0.28357407450676,0.272233903408051,0.210611566901207,0.185264125466347,0.233706086874008,0,0.259856313467026,0.349476426839828,0.308621555566788,0.4878209233284,0.427327841520309,0.194559842348099,0.309302479028702,0.470913022756577,0.325948625802994,0.264368146657944,0.434348285198212,0.577911257743835,0.618310809135437,0.480375409126282,0.551257193088531,0.517159163951874,0.529291093349457,0.490026503801346,0.383160203695297,0.380710989236832,0.51010924577713,0.381566524505615,0.42869359254837,0.341261357069016,0.334763914346695,0.481150418519974,0.505719363689423,0.509329319000244,0.678100407123566,0.757789134979248,0.688597917556763,0.655032157897949,0.589029312133789,0.600928843021393,0.389088869094849,0,0.318282544612885,0.336024641990662,0.559180736541748,0.545572817325592,0.649093329906464,0.813547551631927,0.738316535949707,0.752188801765442,0.737805783748627,0.659976601600647,0.406160444021225,0.0513699762523174,0.310064762830734,0.552208721637726,0.602584660053253,0.761082708835602,0.951541721820831,0.897571265697479,0.874309241771698,0.853507041931152,0.860429763793945,0.847620606422424,0.675618171691895,0.495495051145554,0.619837999343872,0.841608822345734,0.888216614723206,0.567177712917328,0.315488934516907,0.239530444145203,0.570459544658661,0.690081000328064,0.972399353981018,0.810761511325836,0.904002010822296,0.928052306175232,0.595851361751556,0.329119235277176,0.304054081439972,0,0.0147048886865377,0.621188282966614,0.754972338676453,0.800262093544006,0.775268316268921,0.536241233348846,0.793221116065979,1.06285834312439,0.80939918756485,0,0,0,0,0.497137933969498,0.609044253826141,0,0.418485790491104,0.457271188497543,0.303749680519104,0,0,0,0,0,0,0,0,0,0,0,0,0,0,0,0,0,0.0274869482964277,0.404679775238037,0.332433015108109,0,0,0,0,0,0,0,0,0,0,0,0,0,0.269097745418549,0.203970536589622,0.250078171491623,0.235336408019066,0,0,0,0,0,0,0,0.0808899253606796,0,0,0,0,0,0,0,0,0,0,0,0,0,0,0,0,0,0,0,0,0,0,0,0,0,0,0,0,0,0,0,0,375
Salzlandkreis,0,0,0,0,0,0,0,0,0,0,0,0,0,0,0,0,0,0,0,0,0,0,0,0,0,0,0,0,0,0,0,0,0,0,0,0,0,0,0,0,0,0,0,0,0,0,0,0,0,0,0,0,0,0,0,0,0,0,0,0,0,0,0,0,0,0,0,0,0,0,0,0,0,0,0,0,0,0,0,0,0,0,0,0,0,0,0,0,0,0,0,0,0,0,0,0,0,0,0,0,0,0,0,0,0,0,0,0,0,0,0,0,0,0,0,0,0,0,0,0,0,0,0,0,0.000896375102456659,0.000177798647200689,0,0,0,0,0,0,0,0,0,0,0,0,0,0,0,0,0,0,0,0,0,0,0,0,0,0,0,0,0,0,0,0,0,0,0,0,0,0,0,0,0.0290403794497252,0.0299951713532209,0.0139665175229311,0.014330917969346,0.0502753034234047,0.0960423797369003,0.107548251748085,0.100303769111633,0.0108187170699239,0.0339588522911072,0.0742154866456985,0.137775704264641,0,0,0.166625961661339,0.224245846271515,0.287336438894272,0.318968385457993,0.295737057924271,0.22650907933712,0.117959007620811,0.261564433574677,0.237784892320633,0.202470317482948,0.200256749987602,0.219049409031868,0,0.243996754288673,0.32472425699234,0.310976564884186,0.445055097341537,0.370464771986008,0.218522071838379,0.283246576786041,0.423367112874985,0.284739106893539,0.260746568441391,0.414905369281769,0.542546927928925,0.558071732521057,0.392737030982971,0.473394870758057,0.483615309000015,0.478659272193909,0.436452955007553,0.320433676242828,0.323186010122299,0.47378858923912,0.391343772411346,0.379179745912552,0.275682657957077,0.305783182382584,0.426235616207123,0.413513004779816,0.401760667562485,0.604808509349823,0.69863897562027,0.598867356777191,0.524853706359863,0.527553975582123,0.554161012172699,0.302743047475815,0,0.317198157310486,0.349905967712402,0.51172947883606,0.468480825424194,0.536872625350952,0.717264652252197,0.665757775306702,0.660390913486481,0.633155941963196,0.58185213804245,0.382274091243744,0.0695299580693245,0.353781968355179,0.509900331497192,0.527297377586365,0.683779180049896,0.853197276592255,0.796747505664825,0.737676918506622,0.730963528156281,0.769085824489594,0.715940952301025,0.518877506256104,0.450653254985809,0.556667447090149,0.739306807518005,0.77404522895813,0.562865197658539,0.235267832875252,0.220936223864555,0.545259475708008,0.605476915836334,0.88180947303772,0.712017834186554,0.776495099067688,0.759233176708221,0.509371042251587,0.331817328929901,0.320713192224503,0,0.255140364170074,0.528631091117859,0.628387093544006,0.689256906509399,0.66166889667511,0.497565597295761,0.733623206615448,0.967984020709991,0.735294342041016,0,0,0,0,0.490728467702866,0.526692807674408,0,0.308902412652969,0.435655951499939,0.244476512074471,0,0,0,0,0,0,0,0,0,0,0,0,0,0,0,0,0.0387856960296631,0,0.398782283067703,0.273072570562363,0,0,0,0,0,0,0,0,0,0,0,0,0,0.274888128042221,0.226158007979393,0.265864998102188,0.235042691230774,0,0,0,0,0,0,0,0.146162658929825,0,0,0,0,0,0,0,0,0,0,0,0,0,0,0,0,0,0,0,0,0,0,0,0,0,0,0,0,0,0,0,0,376
Stendal,0,0,0,0,0,0,0,0,0,0,0,0,0,0,0,0,0,0,0,0,0,0,0,0,0,0,0,0,0,0,0,0,0,0,0,0,0,0,0,0,0,0,0,0,0,0,0,0,0,0,0,0,0,0,0,0,0,0,0,0,0,0,0,0,0,0,0,0,0,0,0,0,0,0,0,0,0,0,0,0,0,0,0,0,0,0,0,0,0,0,0,0,0,0,0,0,0,0,0,0,0,0,0,0,0,0,0,0,0,0,0,0,0,0,0,0,0,0,0,0,0,0,0,0,0.000467636389657855,0,0,0,0,0,0,0,0,0,0,0,0,0,0,0,0,0,0,0,0,0,0,0,0,0,0,0,0,0,0,0,0,0,0,0,0,0,0,0,0,0,0.0282895918935537,0.00570013932883739,0,0.00591962598264217,0.0148396082222462,0.0920131132006645,0.111553825438023,0.115424521267414,0.00486727897077799,0.00318779214285314,0.0781492292881012,0.123960174620152,0,0,0.175546705722809,0.244967371225357,0.316091507673264,0.327235698699951,0.31313356757164,0.224836677312851,0.0291957966983318,0.234417706727982,0.235880464315414,0.193995028734207,0.226357653737068,0.264356166124344,0,0.203402519226074,0.367647051811218,0.333981812000275,0.488126963376999,0.391267359256744,0.254134625196457,0.250943630933762,0.475470930337906,0.293441414833069,0.314679831266403,0.426717489957809,0.610621690750122,0.566022515296936,0.367547214031219,0.47103214263916,0.511861979961395,0.463848143815994,0.401227980852127,0.311848014593124,0.292548775672913,0.557536244392395,0.477539896965027,0.300074279308319,0.263553082942963,0.267095386981964,0.391915649175644,0.362432330846786,0.330105096101761,0.591498374938965,0.674827873706818,0.566043615341187,0.470883011817932,0.45639768242836,0.522988736629486,0.288517832756042,0,0.331885159015656,0.397256761789322,0.445300251245499,0.497117131948471,0.485792100429535,0.730373978614807,0.72217184305191,0.673073649406433,0.616023480892181,0.58732008934021,0.471653699874878,0.293559163808823,0.409681409597397,0.499882429838181,0.515626728534698,0.674192667007446,0.872790157794952,0.80229640007019,0.762785673141479,0.736408889293671,0.78868305683136,0.707996487617493,0.481627136468887,0.451577991247177,0.547237813472748,0.727215647697449,0.750884056091309,0.681014239788055,0.397604405879974,0.169196367263794,0.520359516143799,0.561766266822815,0.890656590461731,0.708451151847839,0.751461327075958,0.729878425598145,0.483446657657623,0.105566576123238,0.270724684000015,0,0,0.441421210765839,0.586884558200836,0.59136825799942,0.640384554862976,0.423277109861374,0.688890099525452,0.94071626663208,0.714354574680328,0,0,0,0,0.311106503009796,0.450713723897934,0,0,0.278707236051559,0,0,0,0,0,0,0,0,0,0,0,0,0,0,0,0,0,0.0136806946247816,0.150368615984917,0.341437309980392,0.1984873265028,0,0,0,0,0,0,0,0,0,0,0,0,0,0.162737861275673,0.0048690726980567,0.179758846759796,0.00451649911701679,0,0,0,0,0,0,0,0,0,0,0,0,0,0,0,0,0,0,0,0,0,0,0,0,0,0,0,0,0,0,0,0,0,0,0,0,0,0,0,0,377
Wittenberg,0,0,0,0,0,0,0,0,0,0,0,0,0,0,0,0,0,0,0,0,0,0,0,0,0,0,0,0,0,0,0,0,0,0,0,0,0,0,0,0,0,0,0,0,0,0,0,0,0,0,0,0,0,0,0,0,0,0,0,0,0,0,0,0,0,0,0,0,0,0,0,0,0,0,0,0,0,0,0,0,0,0,0,0,0,0,0,0,0,0,0,0,0,0,0,0,0,0,0,0,0,0,0,0,0,0,0,0,0,0,0,0,0,0,0,0,0,0,0,0,0,0,0,0,0.000570543634239584,0.000506038486491889,0,0,0,0,0,0,0,0,0,0,0,0,0,0,0,0,0,0,0,0,0,0,0,0,0,0,0,0,0,0,0,0,0,0,0,0,0,0,0,0,0.0256911031901836,0.0262162480503321,0.0141651555895805,0.00806271471083164,0.0450749099254608,0.0940226465463638,0.113016523420811,0.124050915241241,0.0531020537018776,0.0695662125945091,0.0920882448554039,0.144049689173698,0,0,0.166175648570061,0.254762917757034,0.328499138355255,0.364336788654327,0.338636994361877,0.258636057376862,0.136390224099159,0.285269975662231,0.297425627708435,0.175524324178696,0.203198105096817,0.289451718330383,0,0.27866131067276,0.406381249427795,0.353792756795883,0.515322148799896,0.447041660547256,0.245035633444786,0.309455156326294,0.498000591993332,0.313348740339279,0.277371197938919,0.467936933040619,0.625819623470306,0.648420691490173,0.476304560899734,0.52681690454483,0.541879832744598,0.574036836624146,0.513049244880676,0.373615890741348,0.405271083116531,0.559459090232849,0.447962701320648,0.437377899885178,0.355308622121811,0.340936809778214,0.477239549160004,0.462630778551102,0.399045497179031,0.65738308429718,0.7736576795578,0.67533153295517,0.61685049533844,0.592725455760956,0.584349155426025,0.401772379875183,0,0.312605768442154,0.44769611954689,0.556350648403168,0.558583915233612,0.613796293735504,0.842995762825012,0.786678194999695,0.766587615013123,0.754416644573212,0.697689056396484,0.525967955589294,0.257402151823044,0.288995087146759,0.540242433547974,0.628501415252686,0.757474839687347,0.99629670381546,0.932885706424713,0.913586735725403,0.878633856773376,0.90383368730545,0.840369045734406,0.675047397613525,0.507502615451813,0.612100422382355,0.881155490875244,0.939561128616333,0.748137235641479,0.417314380407333,0.118687145411968,0.609072268009186,0.706912875175476,1.01269996166229,0.809308886528015,0.923664331436157,0.985476970672607,0.609140276908875,0.0809006243944168,0.341739296913147,0,0,0.535442471504211,0.708944261074066,0.829818367958069,0.787916541099548,0.503673613071442,0.79189145565033,1.10134124755859,0.884123563766479,0,0,0,0,0.434376150369644,0.543593466281891,0,0.201898828148842,0.426682472229004,0.355448096990585,0,0,0,0,0,0,0,0,0,0,0,0,0,0,0,0,0,0.29372575879097,0.409863144159317,0.240299567580223,0,0,0,0,0,0,0,0,0,0,0,0,0,0.247209712862968,0.177474036812782,0.256213426589966,0.256727308034897,0,0,0,0,0,0,0,0.0089064622297883,0,0,0,0,0,0,0,0,0,0,0,0,0,0,0,0,0,0,0,0,0,0,0,0,0,0,0,0,0,0,0,0,378
Erfurt,0,0,0,0,0,0,0,0,0,0,0,0,0,0,0,0,0,0,0,0,0,0,0,0,0,0,0,0,0,0,0,0,0,0,0,0,0,0,0,0,0,0,0,0,0,0,0,0,0,0,0,0,0,0,0,0,0,0,0,0,0,0,0,0,0,0,0,0,0,0,0,0,0,0,0,0,0,0,0,0,0,0,0,0,0,0,0,0,0,0,0,0,0,0,0,0,0,0,0,0,0,0,0,0,0,0,0,0,0,0,0,0,0,0,0,0,0,0,0,0,0,0,0,0,0,0,0,0,0,0,0,0,0,0,0,0,0,0,0,0,0,0,0,0,0,0,0,0,0,0,0,0,0,0,0,0,0,0,0,0,0,0,0,0,0,0,0,0.000112061497929972,0,0,0.0226011257618666,0.0414775237441063,0.0495776198804379,0.0269325580447912,0,0,0,0.0567686222493649,0,0.0375097543001175,0.0791902393102646,0.112510539591312,0.149466142058372,0.161241099238396,0.146792635321617,0.111072801053524,0.106905661523342,0.147559314966202,0.151006177067757,0.101114109158516,0.00178730522748083,0.00171805243007839,0,0.116279542446136,0.15577620267868,0.132129177451134,0.271871209144592,0.228504687547684,0.00217319978401065,0.1489447504282,0.246275216341019,0.165107324719429,0.00230249599553645,0.223101854324341,0.303615629673004,0.338487148284912,0.296784520149231,0.336057275533676,0.280359983444214,0.272357493638992,0.25092339515686,0.233603537082672,0.209942311048508,0.257960617542267,0.163014188408852,0.219781950116158,0.142121121287346,0.163467973470688,0.24810317158699,0.295983284711838,0.31729182600975,0.378873914480209,0.404437571763992,0.385921657085419,0.385393768548965,0.333361625671387,0.319461077451706,0.199001610279083,0,0.142422690987587,0.00314339622855186,0.266547024250031,0.339070409536362,0.377904802560806,0.454859018325806,0.3895263671875,0.405899405479431,0.391588300466537,0.331239104270935,0.00110447057522833,0,0.000944568892009556,0.238379344344139,0.279635936021805,0.391939371824265,0.493536651134491,0.463748544454575,0.456951111555099,0.440537452697754,0.448366075754166,0.420419424772263,0.343748271465302,0.211401537060738,0.292027294635773,0.393639922142029,0.394239217042923,0.193364799022675,0,0,0.249033287167549,0.339348524808884,0.47337618470192,0.411199301481247,0.452038109302521,0.444615423679352,0.235191136598587,0.00205321493558586,0,0,0.157350927591324,0.33609265089035,0.350183606147766,0.401299118995667,0.371677458286285,0.28104692697525,0.393714845180511,0.518661916255951,0.35159108042717,0,0,0,0,0.162758454680443,0.260817974805832,0,0.167993456125259,0.174417614936829,0,0,0,0,0,0,0,0,0,0,0,0,0,0,0,0,0,0,0,0.129736736416817,0.132030948996544,0,0,0,0,0,0,0,0,0,0,0,0,0,0.059551227837801,0,0.0591094493865967,0.0608914643526077,0,0,0,0,0,0,0,0,0,0,0,0,0,0,0,0,0,0,0,0,0,0,0,0,0,0,0,0,0,0,0,0,0,0,0,0,0,0,0,0,379
Gera,0,0,0,0,0,0,0,0,0,0,0,0,0,0,0,0,0,0,0,0,0,0,0,0,0,0,0,0,0,0,0,0,0,0,0,0,0,0,0,0,0,0,0,0,0,0,0,0,0,0,0,0,0,0,0,0,0,0,0,0,0,0,0,0,0,0,0,0,0,0,0,0,0,0,0,0,0,0,0,0,0,0,0,0,0,0,0,0,0,0,0,0,0,0,0,0,0,0,0,0,0,0,0,0,0,0,0,0,0,0,0,0,0,0,0,0,0,0,0,0,0,0,0,0,0.000465847522718832,0,0,0,0,0,0,0,0,0,0,0,0,0,0,0,0,0,0,0,0,0,0,0,0,0,0,0,0,0,0,0,0,0,0,0,0,0,0,0,0,0,0,0.00668902788311243,0,0,0.0240251086652279,0.0444594360888004,0.0521137379109859,0.0451906844973564,0,0,0,0.0603704228997231,0,0,0.0731945335865021,0.11714056879282,0.15630030632019,0.172862589359283,0.140583142638206,0.117496535181999,0.0949452444911003,0.150933563709259,0.161512896418571,0.0800477042794228,0,0.100452944636345,0,0.10161654651165,0.188144937157631,0.145494297146797,0.267144769430161,0.246746420860291,0.00385067146271467,0.150116115808487,0.262194067239761,0.177975907921791,0.0950925797224045,0.219006642699242,0.315380483865738,0.352751702070236,0.290249347686768,0.33063593506813,0.273545771837234,0.29569399356842,0.274289608001709,0.229762136936188,0.220418021082878,0.288659572601318,0.137361824512482,0.213903516530991,0.154988497495651,0.17580446600914,0.25780713558197,0.283640593290329,0.304326772689819,0.380749613046646,0.416239321231842,0.395054996013641,0.39818412065506,0.338515371084213,0.313741445541382,0.217211112380028,0,0.0892672687768936,0,0.282508909702301,0.318737685680389,0.376965820789337,0.463134169578552,0.384942173957825,0.416432321071625,0.398765534162521,0.353562355041504,0.179945409297943,0,0,0.25753128528595,0.304160594940186,0.399647444486618,0.517722368240356,0.478601843118668,0.488799601793289,0.462482064962387,0.460156708955765,0.440097779035568,0.384686142206192,0.236823320388794,0.323779940605164,0.449433296918869,0.463708341121674,0.197990134358406,0.00794333498924971,0.00668045179918408,0.245697602629662,0.361799269914627,0.523420989513397,0.424413830041885,0.483892947435379,0.502312421798706,0.288067519664764,0.0842389464378357,0,0,0.0854543223977089,0.382952600717545,0.401254326105118,0.424734592437744,0.403771877288818,0.284809142351151,0.430430829524994,0.549769699573517,0.378244549036026,0,0,0,0,0.222637116909027,0.293144136667252,0,0.0844801515340805,0.00644448678940535,0.0882408916950226,0,0,0,0,0,0,0,0,0,0,0,0,0,0,0,0,0,0,0.160578355193138,0.151501372456551,0,0,0,0,0,0,0,0,0,0,0,0,0,0.0544467009603977,0.0707938149571419,0.165300697088242,0.170773655176163,0,0,0,0,0,0,0,0,0,0,0,0,0,0,0,0,0,0,0,0,0,0,0,0,0,0,0,0,0,0,0,0,0,0,0,0,0,0,0,0,380
Jena,0,0,0,0,0,0,0,0,0,0,0,0,0,0,0,0,0,0,0,0,0,0,0,0,0,0,0,0,0,0,0,0,0,0,0,0,0,0,0,0,0,0,0,0,0,0,0,0,0,0,0,0,0,0,0,0,0,0,0,0,0,0,0,0,0,0,0,0,0,0,0,0,0,0,0,0,0,0,0,0,0,0,0,0,0,0,0,0,0,0,0,0,0,0,0,0,0,0,0,0,0,0,0,0,0,0,0,0,0,0,0,0,0,0,0,0,0,0,0,0,0,0,0,0,0.000553063058760017,0,0,0,0,0,0,0,0,0,0,0,0,0,0,0,0,0,0,0,0,0,0,0,0,0,0,0,0,0,0,0,0,0,0,0,0,0,0,0,0,0,0,0,0,0,0.0270551424473524,0.0495835579931736,0.0576778240501881,0.0427079759538174,0,0,0,0.0631733015179634,0,0,0.0841259956359863,0.123905315995216,0.164562299847603,0.173739746212959,0.152479335665703,0.122903503477573,0.109664529561996,0.155357152223587,0.165693163871765,0.0977564975619316,0,0.0873135402798653,0,0.119862414896488,0.182422503829002,0.149551749229431,0.281551033258438,0.247714579105377,0.00791374035179615,0.160226806998253,0.267927229404449,0.179084867238998,0.0960543230175972,0.233689367771149,0.317904263734818,0.356348812580109,0.305541813373566,0.346834540367126,0.287755340337753,0.297358751296997,0.273756980895996,0.239441767334938,0.224002957344055,0.278527110815048,0.151151344180107,0.224407017230988,0.155802980065346,0.174719542264938,0.271543502807617,0.298982113599777,0.322161883115768,0.392430931329727,0.427941888570786,0.404459208250046,0.405199110507965,0.346442639827728,0.329304039478302,0.215120032429695,0,0.150919333100319,0.0612081624567509,0.299025326967239,0.336854726076126,0.392712235450745,0.480453103780746,0.400919765233994,0.431227564811707,0.402421116828918,0.360153317451477,0.128271639347076,0,0,0.26006492972374,0.303923100233078,0.413490802049637,0.52225124835968,0.496395438909531,0.49081215262413,0.474062561988831,0.465948641300201,0.451672494411469,0.385133415460587,0.248577952384949,0.339721590280533,0.452756285667419,0.459905326366425,0.198626711964607,0,0,0.270496517419815,0.36648166179657,0.526843070983887,0.441055327653885,0.494716733694077,0.496738702058792,0.281166911125183,0.0497673563659191,0,0,0.160735711455345,0.374921888113022,0.396994382143021,0.435751140117645,0.413078844547272,0.304488450288773,0.42989444732666,0.560579776763916,0.387585043907166,0,0,0,0,0.189445525407791,0.296601593494415,0,0.146595433354378,0.144595324993134,0,0,0,0,0,0,0,0,0,0,0,0,0,0,0,0,0,0,0,0.174401670694351,0.169990628957748,0,0,0,0,0,0,0,0,0,0,0,0,0,0,0.0336339026689529,0.135935187339783,0.141953259706497,0,0,0,0,0,0,0,0,0,0,0,0,0,0,0,0,0,0,0,0,0,0,0,0,0,0,0,0,0,0,0,0,0,0,0,0,0,0,0,0,381
Suhl,0,0,0,0,0,0,0,0,0,0,0,0,0,0,0,0,0,0,0,0,0,0,0,0,0,0,0,0,0,0,0,0,0,0,0,0,0,0,0,0,0,0,0,0,0,0,0,0,0,0,0,0,0,0,0,0,0,0,0,0,0,0,0,0,0,0,0,0,0,0,0,0,0,0,0,0,0,0,0,0,0,0,0,0,0,0,0,0,0,0,0,0,0,0,0,0,0,0,0,0,0,0,0,0,0,0,0,0,0,0,0,0,0,0,0,0,0,0,0,0,0,0,0,0,0,0,0,0,0,0,0,0,0,0,0,0,0,0,0,0,0,0,0,0,0,0,0,0,0,0,0,0,0,0,0,0,0,0,0,0,0,0,0,0,0,0,0,0,0,0,0.00516782095655799,0.0149777205660939,0.0180265996605158,0,0,0,0,0.0239752940833569,0,0,0.0313770920038223,0.055044874548912,0.0722340494394302,0.0863315835595131,0.0706306993961334,0.0458408519625664,0.0571199394762516,0.0835202857851982,0.0904546156525612,0,0,0,0,0,0.0534499511122704,0,0.157823652029037,0.135248124599457,0,0.0772609114646912,0.16464276611805,0.0721185877919197,0,0.126352727413177,0.204124480485916,0.234705522656441,0.211592689156532,0.237218365073204,0.170647129416466,0.158353924751282,0.133172154426575,0.152443438768387,0.127267599105835,0.139532372355461,0,0,0,0,0.117020770907402,0.172831982374191,0.216086953878403,0.267096102237701,0.270365595817566,0.26050066947937,0.28756394982338,0.207251220941544,0.154844373464584,0,0,0,0,0.11154069006443,0.203213974833488,0.241688072681427,0.314432501792908,0.221467405557632,0.244406044483185,0.237603977322578,0.171043813228607,0,0,0,0,0.051261480897665,0.209583342075348,0.293110221624374,0.268076986074448,0.294244974851608,0.259697437286377,0.257885992527008,0.22698600590229,0.18045049905777,0,0.144645407795906,0.214327067136765,0.200344666838646,0,0,0,0,0.195058971643448,0.261191815137863,0.206923142075539,0.242545202374458,0.233368873596191,0,0,0,0,0,0.173334807157516,0.188151881098747,0.234153568744659,0.188938871026039,0.140378788113594,0.208086401224136,0.278692424297333,0.127713963389397,0,0,0,0,0,0,0,0,0,0,0,0,0,0,0,0,0,0,0,0,0,0,0,0,0,0,0,0,0,0,0,0,0,0,0,0,0,0,0,0,0,0,0,0,0,0,0,0,0,0,0,0,0,0,0,0,0,0,0,0,0,0,0,0,0,0,0,0,0,0,0,0,0,0,0,0,0,0,0,0,0,0,0,0,0,0,0,382
Weimar,0,0,0,0,0,0,0,0,0,0,0,0,0,0,0,0,0,0,0,0,0,0,0,0,0,0,0,0,0,0,0,0,0,0,0,0,0,0,0,0,0,0,0,0,0,0,0,0,0,0,0,0,0,0,0,0,0,0,0,0,0,0,0,0,0,0,0,0,0,0,0,0,0,0,0,0,0,0,0,0,0,0,0,0,0,0,0,0,0,0,0,0,0,0,0,0,0,0,0,0,0,0,0,0,0,0,0,0,0,0,0,0,0,0,0,0,0,0,0,0,0,0,0,0,0.000504810712300241,0,0,0,0,0,0,0,0,0,0,0,0,0,0,0,0,0,0,0,0,0,0,0,0,0,0,0,0,0,0,0,0,0,0,0,0,0,0,0,0,0,0,0,0,0,0.0223344843834639,0.0397919192910194,0.046327531337738,0.0297960080206394,0,0,0,0.0526740066707134,0,8.29629716463387e-05,0.0714816078543663,0.107027851045132,0.142535328865051,0.151632279157639,0.137492388486862,0.102431431412697,0.0951167941093445,0.138133525848389,0.142563179135323,0.0842067673802376,0,0,0,0.106150150299072,0.155800715088844,0.121160641312599,0.260115027427673,0.216137781739235,0,0.139855325222015,0.23856158554554,0.150335520505905,0,0.207594320178032,0.288107484579086,0.322337508201599,0.278067886829376,0.318495035171509,0.260695189237595,0.261643290519714,0.239406436681747,0.213061466813087,0.194013953208923,0.24786002933979,0.138595461845398,0.198840364813805,0.121894784271717,0.140256509184837,0.231485813856125,0.269768416881561,0.295147895812988,0.357089698314667,0.383655548095703,0.364035397768021,0.365549147129059,0.314549148082733,0.295285910367966,0.184363380074501,0,0.126091331243515,0,0.257082909345627,0.306900233030319,0.353085070848465,0.433300018310547,0.36423447728157,0.38797515630722,0.36441957950592,0.318071305751801,0,0,0,0.226221516728401,0.261177718639374,0.367863923311234,0.464833766222,0.443120360374451,0.4349145591259,0.419764757156372,0.42181983590126,0.398966431617737,0.334345728158951,0.200423792004585,0.29500824213028,0.391449689865112,0.386824280023575,0.164760306477547,0,0,0.225879102945328,0.319607794284821,0.46221137046814,0.387870132923126,0.434115916490555,0.43149933218956,0.226728305220604,0,0,0,0.132108613848686,0.325217008590698,0.341670572757721,0.382336914539337,0.355367869138718,0.265231609344482,0.381977409124374,0.495011955499649,0.329982042312622,0,0,0,0,0.133799061179161,0.237970158457756,0,0.129731208086014,0.132821276783943,0,0,0,0,0,0,0,0,0,0,0,0,0,0,0,0,0,0,0,0.127994924783707,0.12913416326046,0,0,0,0,0,0,0,0,0,0,0,0,0,0,0,0.0810270458459854,0.0929844826459885,0,0,0,0,0,0,0,0,0,0,0,0,0,0,0,0,0,0,0,0,0,0,0,0,0,0,0,0,0,0,0,0,0,0,0,0,0,0,0,0,383
Eichsfeld,0,0,0,0,0,0,0,0,0,0,0,0,0,0,0,0,0,0,0,0,0,0,0,0,0,0,0,0,0,0,0,0,0,0,0,0,0,0,0,0,0,0,0,0,0,0,0,0,0,0,0,0,0,0,0,0,0,0,0,0,0,0,0,0,0,0,0,0,0,0,0,0,0,0,0,0,0,0,0,0,0,0,0,0,0,0,0,0,0,0,0,0,0,0,0,0,0,0,0,0,0,0,0,0,0,0,0,0,0,0,0,0,0,0,0,0,0,0,0,0,0,0,0,0,0,0,0,0,0,0,0,0,0,0,0,0,0,0,0,0,0,0,0,0,0,0,0,0,0,0,0,0,0,0,0,0,0,0,0,0,0,0,0,0,0,0,0,0,0,0,0.0208968017250299,0.0387047342956066,0.0412744581699371,1.44530349643901e-05,0,0,0,0.0520439110696316,0,0,0.0757124572992325,0.105056747794151,0.137268483638763,0.160974353551865,0.141550287604332,0.0886659771203995,0.0798686221241951,0.143794402480125,0.147197231650352,0.0760404840111732,0.012609513476491,0,0,0.0154256662353873,0.106256008148193,0.114802278578281,0.248680025339127,0.190509617328644,0,0.130984902381897,0.23708687722683,0.1099893450737,0,0.239683002233505,0.305390685796738,0.328839659690857,0.271671622991562,0.331024527549744,0.26352846622467,0.228610321879387,0.228757604956627,0.159126758575439,0.171992287039757,0.246789783239365,0.128981485962868,0.146483346819878,0,0.00648219371214509,0.195993855595589,0.230822861194611,0.290483355522156,0.349461168050766,0.39002001285553,0.357376724481583,0.360614061355591,0.313668549060822,0.29728952050209,0.00724517134949565,0,0.0164192058146,0,0.225078567862511,0.284395039081573,0.331740111112595,0.429363518953323,0.356252133846283,0.358510166406631,0.362283676862717,0.267811328172684,0,0,0,0.206822782754898,0.201105430722237,0.35740602016449,0.446188360452652,0.415837287902832,0.381539046764374,0.384749323129654,0.400631606578827,0.358599483966827,0.263219445943832,0.138019368052483,0.246940389275551,0.324646204710007,0.296060413122177,0.0661585479974747,0,0,0.215275019407272,0.292186558246613,0.406973838806152,0.347813636064529,0.378993988037109,0.321998298168182,0,0,0,0,0.146431222558022,0.266230404376984,0.27434828877449,0.338584333658218,0.281287670135498,0.235173314809799,0.359021216630936,0.447808742523193,0.249777987599373,0,0,0,0,0.0476465150713921,0.17530132830143,0,0,0,0,0,0,0,0,0,0,0,0,0,0,0,0,0,0,0,0,0,0,0.0419780723750591,0,0,0,0,0,0,0,0,0,0,0,0,0,0,0.0475123785436153,0,0.0716434195637703,0.0389893539249897,0,0,0,0,0,0,0,0,0,0,0,0,0,0,0,0,0,0,0,0,0,0,0,0,0,0,0,0,0,0,0,0,0,0,0,0,0,0,0,0,384
Nordhausen,0,0,0,0,0,0,0,0,0,0,0,0,0,0,0,0,0,0,0,0,0,0,0,0,0,0,0,0,0,0,0,0,0,0,0,0,0,0,0,0,0,0,0,0,0,0,0,0,0,0,0,0,0,0,0,0,0,0,0,0,0,0,0,0,0,0,0,0,0,0,0,0,0,0,0,0,0,0,0,0,0,0,0,0,0,0,0,0,0,0,0,0,0,0,0,0,0,0,0,0,0,0,0,0,0,0,0,0,0,0,0,0,0,0,0,0,0,0,0,0,0,0,0,0,0,0,0,0,0,0,0,0,0,0,0,0,0,0,0,0,0,0,0,0,0,0,0,0,0,0,0,0,0,0,0,0,0,0,0,0,0,0,0,0,0,0,0,0,0,0,0.0166715495288372,0.0328508503735065,0.0371181704103947,0.0168551299721003,0,0,0,0.0460598990321159,0,0.000670637527946383,0.0656772330403328,0.0914551690220833,0.123881109058857,0.13983142375946,0.129523634910583,0.0821462199091911,0.0558653846383095,0.121788688004017,0.124558679759502,0.073891781270504,0.00131052976939827,0,0,0.069283090531826,0.128185242414474,0.112326018512249,0.226385310292244,0.172300323843956,0.00152076024096459,0.1121009811759,0.211993709206581,0.102248005568981,0.00166631140746176,0.208383157849312,0.275510787963867,0.290522754192352,0.224848881363869,0.288693994283676,0.240304112434387,0.219214931130409,0.209214851260185,0.13447992503643,0.137412130832672,0.222964853048325,0.14372543990612,0.142822176218033,0.00659103645011783,0.00736881094053388,0.168873339891434,0.204212293028831,0.237542986869812,0.314498245716095,0.357953310012817,0.322632044553757,0.291386753320694,0.270532220602036,0.274724274873734,0.0646526664495468,0,0.0373873934149742,0.00222619785927236,0.203197598457336,0.240801319479942,0.277686297893524,0.375000894069672,0.325705498456955,0.321732580661774,0.315305650234222,0.250941455364227,0,0,0,0.19698640704155,0.188851729035378,0.322870135307312,0.408386290073395,0.3730089366436,0.347809314727783,0.346252411603928,0.362250626087189,0.324446856975555,0.226352602243423,0.128373309969902,0.212774038314819,0.308898031711578,0.287509858608246,0.15578356385231,0,0,0.181138709187508,0.238723590970039,0.379968345165253,0.311102002859116,0.338187962770462,0.301827758550644,0.074493981897831,0,0,0,0.00400049984455109,0.236912250518799,0.237744122743607,0.298604786396027,0.247026860713959,0.172722086310387,0.314199149608612,0.40864309668541,0.25254014134407,0,0,0,0,0.0430606864392757,0.159606441855431,0,0.00303101050667465,0.00803651195019484,0,0,0,0,0,0,0,0,0,0,0,0,0,0,0,0,0,0,0,0.106738366186619,0.0111465053632855,0,0,0,0,0,0,0,0,0,0,0,0,0,0.0639719888567924,0,0.0840213820338249,0.0560404285788536,0,0,0,0,0,0,0,0,0,0,0,0,0,0,0,0,0,0,0,0,0,0,0,0,0,0,0,0,0,0,0,0,0,0,0,0,0,0,0,0,385
Wartburgkreis,0,0,0,0,0,0,0,0,0,0,0,0,0,0,0,0,0,0,0,0,0,0,0,0,0,0,0,0,0,0,0,0,0,0,0,0,0,0,0,0,0,0,0,0,0,0,0,0,0,0,0,0,0,0,0,0,0,0,0,0,0,0,0,0,0,0,0,0,0,0,0,0,0,0,0,0,0,0,0,0,0,0,0,0,0,0,0,0,0,0,0,0,0,0,0,0,0,0,0,0,0,0,0,0,0,0,0,0,0,0,0,0,0,0,0,0,0,0,0,0,0,0,0,0,0,0,0,0,0,0,0,0,0,0,0,0,0,0,0,0,0,0,0,0,0,0,0,0,0,0,0,0,0,0,0,0,0,0,0,0,0,0,0,0,0,0,0,0,0,0,0.0188072025775909,0.0366782210767269,0.0429166629910469,0.00066731299739331,0,0,0,0.0558690764009953,0,0,0.070264644920826,0.103797644376755,0.137813404202461,0.161813497543335,0.140267923474312,0.101743347942829,0.108518674969673,0.145792916417122,0.151230230927467,0.0744558349251747,0,0,0,0.0812711343169212,0.095477469265461,0.111141696572304,0.257364720106125,0.216930687427521,0,0.139346674084663,0.242063581943512,0.149855718016624,0,0.227695822715759,0.297382563352585,0.339308559894562,0.315380066633224,0.344910979270935,0.275238960981369,0.234619915485382,0.231685861945152,0.235204815864563,0.205355748534203,0.237972438335419,0.128211081027985,0.160833820700645,0,0.127210810780525,0.220664709806442,0.279585391283035,0.327785164117813,0.36819788813591,0.3863844871521,0.37327167391777,0.398109644651413,0.324767559766769,0.291468799114227,0.126064136624336,0,0.00458758836612105,0,0.237636968493462,0.329404681921005,0.375076830387115,0.448226749897003,0.364461958408356,0.374984443187714,0.379185438156128,0.276639997959137,0,0,0,0.162301480770111,0.225948020815849,0.362887591123581,0.455468684434891,0.430722057819366,0.412718057632446,0.407683551311493,0.414480268955231,0.386003702878952,0.300737142562866,0.127567008137703,0.23646841943264,0.311899721622467,0.317798852920532,0.0319442898035049,0,0,0.2083660364151,0.315543353557587,0.405645817518234,0.356542259454727,0.396779090166092,0.370082676410675,0.11197055131197,0,0,0,0.192724943161011,0.285921037197113,0.304128050804138,0.379472762346268,0.315698534250259,0.250383645296097,0.348539501428604,0.451815336942673,0.268357992172241,0,0,0,0,0,0.196007341146469,0,0,0,0,0,0,0,0,0,0,0,0,0,0,0,0,0,0,0,0,0,0,0,0,0,0,0,0,0,0,0,0,0,0,0,0,0,0.0362900570034981,0,0.0229135993868113,0.0136774722486734,0,0,0,0,0,0,0,0,0,0,0,0,0,0,0,0,0,0,0,0,0,0,0,0,0,0,0,0,0,0,0,0,0,0,0,0,0,0,0,0,386
Unstrut-Hainich-Kreis,0,0,0,0,0,0,0,0,0,0,0,0,0,0,0,0,0,0,0,0,0,0,0,0,0,0,0,0,0,0,0,0,0,0,0,0,0,0,0,0,0,0,0,0,0,0,0,0,0,0,0,0,0,0,0,0,0,0,0,0,0,0,0,0,0,0,0,0,0,0,0,0,0,0,0,0,0,0,0,0,0,0,0,0,0,0,0,0,0,0,0,0,0,0,0,0,0,0,0,0,0,0,0,0,0,0,0,0,0,0,0,0,0,0,0,0,0,0,0,0,0,0,0,0,0,0,0,0,0,0,0,0,0,0,0,0,0,0,0,0,0,0,0,0,0,0,0,0,0,0,0,0,0,0,0,0,0,0,0,0,0,0,0,0,0,0,0,0.000215212188777514,0,0,0.0234990976750851,0.0438510105013847,0.0507285371422768,0.0207266062498093,0,0,0,0.0630344226956367,0,0.0244572553783655,0.0862167105078697,0.115241929888725,0.154453858733177,0.180137753486633,0.160166427493095,0.11597865074873,0.111194960772991,0.15705806016922,0.157225668430328,0.104697987437248,0.0169813763350248,0.00187132705468684,0,0.106629401445389,0.134346395730972,0.136225894093513,0.277050912380219,0.231955572962761,0.0515122190117836,0.151184394955635,0.249202415347099,0.161168113350868,0.0212105996906757,0.245082974433899,0.314835131168365,0.354173362255096,0.306064695119858,0.351198077201843,0.294190466403961,0.26341050863266,0.255591720342636,0.218999162316322,0.202777937054634,0.257611453533173,0.169250667095184,0.207642883062363,0.0791118294000626,0.133343368768692,0.239863231778145,0.294249325990677,0.324884206056595,0.377614676952362,0.407659500837326,0.39233472943306,0.392831653356552,0.341146647930145,0.332193195819855,0.158699676394463,0,0.116044767200947,0.00367353879846632,0.264923900365829,0.340348154306412,0.382182627916336,0.457364588975906,0.397885322570801,0.402756482362747,0.402468621730804,0.313802629709244,0,0,0,0.235283955931664,0.261737018823624,0.399738878011703,0.493916213512421,0.469607502222061,0.442771941423416,0.436723381280899,0.44713506102562,0.419480323791504,0.325646311044693,0.191008299589157,0.269639253616333,0.367861896753311,0.366763144731522,0.179743900895119,0,0,0.249214142560959,0.327961981296539,0.451818495988846,0.401768058538437,0.438177347183228,0.413139581680298,0.171676725149155,0.00394316436722875,0,0,0.144773215055466,0.307879477739334,0.329355537891388,0.390222162008286,0.348128795623779,0.269774168729782,0.387459605932236,0.501008152961731,0.328037589788437,0,0,0,0,0.0832692608237267,0.242047861218452,0,0.0956425964832306,0.0995171964168549,0,0,0,0,0,0,0,0,0,0,0,0,0,0,0,0,0,0,0,0.00376465590670705,0.00355912535451353,0,0,0,0,0,0,0,0,0,0,0,0,0,0.0836054235696793,0,0.0433248728513718,0.00853733159601688,0,0,0,0,0,0,0,0,0,0,0,0,0,0,0,0,0,0,0,0,0,0,0,0,0,0,0,0,0,0,0,0,0,0,0,0,0,0,0,0,387
Kyffhäuserkreis,0,0,0,0,0,0,0,0,0,0,0,0,0,0,0,0,0,0,0,0,0,0,0,0,0,0,0,0,0,0,0,0,0,0,0,0,0,0,0,0,0,0,0,0,0,0,0,0,0,0,0,0,0,0,0,0,0,0,0,0,0,0,0,0,0,0,0,0,0,0,0,0,0,0,0,0,0,0,0,0,0,0,0,0,0,0,0,0,0,0,0,0,0,0,0,0,0,0,0,0,0,0,0,0,0,0,0,0,0,0,0,0,0,0,0,0,0,0,0,0,0,0,0,0,0.000102537567727268,0,0,0,0,0,0,0,0,0,0,0,0,0,0,0,0,0,0,0,0,0,0,0,0,0,0,0,0,0,0,0,0,0,0,0,0,0,0,0,0,0,0,0.000330895010847598,0,0,0.025197921320796,0.0479634702205658,0.0562615990638733,0.0345117636024952,0,0,0,0.0661036223173141,0,0.0214102491736412,0.0903835445642471,0.124810963869095,0.166127800941467,0.185482069849968,0.167385905981064,0.127319693565369,0.105796940624714,0.157995581626892,0.159769505262375,0.118740953505039,0.0657898560166359,0.0431947447359562,0,0.132194727659225,0.169857650995255,0.15610545873642,0.290884226560593,0.240108475089073,0.0693715736269951,0.159403845667839,0.266928166151047,0.173575550317764,0.0832896828651428,0.249986618757248,0.335044056177139,0.364049762487411,0.30256250500679,0.34773650765419,0.302292048931122,0.284159898757935,0.26738703250885,0.221688970923424,0.208627417683601,0.281981855630875,0.190855547785759,0.230149298906326,0.143878668546677,0.150520130991936,0.258584201335907,0.307688921689987,0.314535290002823,0.399109333753586,0.431439131498337,0.409717351198196,0.394608408212662,0.35208335518837,0.355583846569061,0.188043966889381,0,0.145668834447861,0.109030902385712,0.289121091365814,0.337452620267868,0.387087762355804,0.478407740592957,0.42145374417305,0.432175844907761,0.423828154802322,0.349735826253891,0.0647411420941353,0,0.0652863457798958,0.277423858642578,0.299527168273926,0.432631701231003,0.531624138355255,0.50024938583374,0.474461287260056,0.47121262550354,0.480657875537872,0.455127537250519,0.35194143652916,0.231631934642792,0.31014946103096,0.425424873828888,0.424158751964569,0.250719755887985,0.0272243656218052,0,0.287378996610641,0.355162918567657,0.507853507995605,0.437501460313797,0.479315042495728,0.463260680437088,0.245273619890213,0.00606273021548986,0,0,0.0127117587253451,0.329353809356689,0.361921101808548,0.420435339212418,0.38688725233078,0.287040948867798,0.419996827840805,0.554853677749634,0.388598322868347,0,0,0,0,0.135181605815887,0.27999672293663,0,0.147315666079521,0.192657679319382,0,0,0,0,0,0,0,0,0,0,0,0,0,0,0,0,0,0,0.0546536780893803,0.150917828083038,0.107666879892349,0,0,0,0,0,0,0,0,0,0,0,0,0,0.105796657502651,0,0.0297007728368044,0.0186960864812136,0,0,0,0,0,0,0,0,0,0,0,0,0,0,0,0,0,0,0,0,0,0,0,0,0,0,0,0,0,0,0,0,0,0,0,0,0,0,0,0,388
Schmalkalden-Meiningen,0,0,0,0,0,0,0,0,0,0,0,0,0,0,0,0,0,0,0,0,0,0,0,0,0,0,0,0,0,0,0,0,0,0,0,0,0,0,0,0,0,0,0,0,0,0,0,0,0,0,0,0,0,0,0,0,0,0,0,0,0,0,0,0,0,0,0,0,0,0,0,0,0,0,0,0,0,0,0,0,0,0,0,0,0,0,0,0,0,0,0,0,0,0,0,0,0,0,0,0,0,0,0,0,0,0,0,0,0,0,0,0,0,0,0,0,0,0,0,0,0,0,0,0,0,0,0,0,0,0,0,0,0,0,0,0,0,0,0,0,0,0,0,0,0,0,0,0,0,0,0,0,0,0,0,0,0,0,0,0,0,0,0,0,0,0,0,0,0,0,0.0108346734195948,0.0241263043135405,0.0279211308807135,0.000336732075084001,0,0,0,0.039136067032814,0,0,0.0489978790283203,0.0764147117733955,0.098709300160408,0.115867450833321,0.0988726764917374,0.0742540135979652,0.083930067718029,0.112166538834572,0.11786337941885,0.0385558791458607,0,0,0,0.00392941059544683,0.0515673756599426,0.0509180799126625,0.196858748793602,0.17473104596138,0,0.113803274929523,0.203050181269646,0.123545497655869,0,0.172452330589294,0.242937698960304,0.279250383377075,0.264668107032776,0.286684274673462,0.22268134355545,0.197832137346268,0.180310964584351,0.205771267414093,0.175740748643875,0.18495973944664,0.0474344752728939,0.0928487554192543,0,0.075365275144577,0.180818513035774,0.235199823975563,0.277430534362793,0.319142162799835,0.327077597379684,0.318137943744659,0.343499839305878,0.264638274908066,0.216836586594582,0.0534527748823166,0,0,0,0.174599409103394,0.26830592751503,0.315691262483597,0.380382716655731,0.288852363824844,0.305849671363831,0.307299852371216,0.2298723757267,0,0,0,0.0294401850551367,0.175837740302086,0.283234030008316,0.364363819360733,0.341611117124557,0.354416787624359,0.334248542785645,0.327253878116608,0.304519504308701,0.240301355719566,0.0556310676038265,0.195275396108627,0.262475579977036,0.258361786603928,0,0,0,0.140022590756416,0.263605833053589,0.328788071870804,0.284684419631958,0.318381041288376,0.300263553857803,0.0608449503779411,0,0,0,0.126428067684174,0.22994738817215,0.254574418067932,0.311682641506195,0.26143804192543,0.211771801114082,0.276793897151947,0.358133465051651,0.196843877434731,0,0,0,0,0,0.114784963428974,0,0,0,0,0,0,0,0,0,0,0,0,0,0,0,0,0,0,0,0,0,0,0,0,0,0,0,0,0,0,0,0,0,0,0,0,0,0,0,0.000494292355142534,0.000458160095149651,0,0,0,0,0,0,0,0,0,0,0,0,0,0,0,0,0,0,0,0,0,0,0,0,0,0,0,0,0,0,0,0,0,0,0,0,0,0,0,0,389
Gotha,0,0,0,0,0,0,0,0,0,0,0,0,0,0,0,0,0,0,0,0,0,0,0,0,0,0,0,0,0,0,0,0,0,0,0,0,0,0,0,0,0,0,0,0,0,0,0,0,0,0,0,0,0,0,0,0,0,0,0,0,0,0,0,0,0,0,0,0,0,0,0,0,0,0,0,0,0,0,0,0,0,0,0,0,0,0,0,0,0,0,0,0,0,0,0,0,0,0,0,0,0,0,0,0,0,0,0,0,0,0,0,0,0,0,0,0,0,0,0,0,0,0,0,0,0,0,0,0,0,0,0,0,0,0,0,0,0,0,0,0,0,0,0,0,0,0,0,0,0,0,0,0,0,0,0,0,0,0,0,0,0,0,0,0,0,0,0,1.01870173239149e-05,0,0,0.0150323808193207,0.0297600906342268,0.0358432419598103,0.0113733261823654,0,0,0,0.0446751527488232,0,0.0134078627452254,0.0602307617664337,0.0872695967555046,0.118920460343361,0.13490317761898,0.119786486029625,0.0855230167508125,0.0898637250065804,0.123658001422882,0.12443533539772,0.0552595146000385,0.00444351974874735,8.85788176674396e-05,0,0.0644740238785744,0.113464437425137,0.0898155122995377,0.228475973010063,0.19247442483902,0.00644859857857227,0.118877470493317,0.210830315947533,0.124857172369957,0.00552986329421401,0.189715415239334,0.262808233499527,0.299954622983932,0.265288144350052,0.300135284662247,0.238993734121323,0.225066497921944,0.206102713942528,0.200451195240021,0.17371541261673,0.206681877374649,0.0921520814299583,0.139589130878448,0.0464399866759777,0.0886083543300629,0.196980625391006,0.249451234936714,0.280059456825256,0.33043509721756,0.346595615148544,0.333721816539764,0.341697722673416,0.282904714345932,0.260553926229477,0.102128565311432,0,0.0735499635338783,0.000173886073753238,0.210670188069344,0.288173884153366,0.323401510715485,0.394157111644745,0.327295571565628,0.336070239543915,0.33007824420929,0.260272979736328,0,0,0,0.14798729121685,0.202843204140663,0.3238285779953,0.414361387491226,0.385517567396164,0.381840169429779,0.36502394080162,0.372800916433334,0.343077093362808,0.275490313768387,0.105712115764618,0.220968723297119,0.305968910455704,0.304998993873596,0.0916960537433624,0,0,0.152861297130585,0.273736655712128,0.376092135906219,0.321883589029312,0.361168324947357,0.349678665399551,0.115823194384575,0.000186648743692786,0,0,0.0967445373535156,0.264389127492905,0.274993419647217,0.329059481620789,0.288024365901947,0.21451623737812,0.312619090080261,0.417219072580338,0.25344243645668,0,0,0,0,0.054479468613863,0.160591557621956,0,0.0533327385783195,0.0550481416285038,0,0,0,0,0,0,0,0,0,0,0,0,0,0,0,0,0,0,0,0.0314536392688751,0.0313643999397755,0,0,0,0,0,0,0,0,0,0,0,0,0,0.0536641180515289,0,0.0706381723284721,0.0647258684039116,0,0,0,0,0,0,0,0,0,0,0,0,0,0,0,0,0,0,0,0,0,0,0,0,0,0,0,0,0,0,0,0,0,0,0,0,0,0,0,0,390
Sömmerda,0,0,0,0,0,0,0,0,0,0,0,0,0,0,0,0,0,0,0,0,0,0,0,0,0,0,0,0,0,0,0,0,0,0,0,0,0,0,0,0,0,0,0,0,0,0,0,0,0,0,0,0,0,0,0,0,0,0,0,0,0,0,0,0,0,0,0,0,0,0,0,0,0,0,0,0,0,0,0,0,0,0,0,0,0,0,0,0,0,0,0,0,0,0,0,0,0,0,0,0,0,0,0,0,0,0,0,0,0,0,0,0,0,0,0,0,0,0,0,0,0,0,0,0,0.000157953923917376,0,0,0,0,0,0,0,0,0,0,0,0,0,0,0,0,0,0,0,0,0,0,0,0,0,0,0,0,0,0,0,0,0,0,0,0,0,0,0,0,0,0,0.00252682180143893,0,0,0.0302813667804003,0.0555874221026897,0.0655558481812477,0.0434608235955238,0,0,0,0.0750681459903717,0,0.038427647203207,0.0998843461275101,0.140247210860252,0.184762358665466,0.202030852437019,0.183905154466629,0.144654557108879,0.123006395995617,0.174530416727066,0.178074598312378,0.133593663573265,0.091206967830658,0.0933329984545708,0,0.155895471572876,0.191011324524879,0.169460132718086,0.319316834211349,0.266763985157013,0.0764757916331291,0.175762593746185,0.291138499975204,0.20301578938961,0.117578975856304,0.265332281589508,0.357024073600769,0.391335636377335,0.332877963781357,0.377274334430695,0.328041911125183,0.316658914089203,0.291326016187668,0.256787568330765,0.239089205861092,0.309251546859741,0.209106549620628,0.268050611019135,0.192740082740784,0.196893751621246,0.294077605009079,0.344472825527191,0.352580517530441,0.433716773986816,0.460496962070465,0.444417953491211,0.436231642961502,0.38550528883934,0.385834634304047,0.233688548207283,0,0.192841321229935,0.162981331348419,0.324450075626373,0.382920414209366,0.438435286283493,0.526092886924744,0.460028380155563,0.479772388935089,0.464457839727402,0.395251721143723,0.107123799622059,0,0.0555724203586578,0.314133286476135,0.346836447715759,0.475565224885941,0.5830038189888,0.550647914409637,0.532342374324799,0.52325040102005,0.531857192516327,0.511346399784088,0.40995666384697,0.273152977228165,0.35968205332756,0.481054276227951,0.482451796531677,0.285207241773605,0.00328679475933313,0,0.327057182788849,0.409699738025665,0.570353031158447,0.495924323797226,0.54863965511322,0.537566781044006,0.313908517360687,0.0462969802320004,0,0,0.14174710214138,0.379636853933334,0.420684576034546,0.474469482898712,0.448863327503204,0.340506583452225,0.471560806035995,0.624810516834259,0.44821760058403,0,0,0,0,0.216987177729607,0.332653731107712,0,0.243942245841026,0.266061544418335,0,0,0,0,0,0,0,0,0,0,0,0,0,0,0,0,0,0,0.0493667088449001,0.195718064904213,0.18055123090744,0,0,0,0,0,0,0,0,0,0,0,0,0,0.118684627115726,0,0.0112017076462507,0.0109220249578357,0,0,0,0,0,0,0,0,0,0,0,0,0,0,0,0,0,0,0,0,0,0,0,0,0,0,0,0,0,0,0,0,0,0,0,0,0,0,0,0,391
Hildburghausen,0,0,0,0,0,0,0,0,0,0,0,0,0,0,0,0,0,0,0,0,0,0,0,0,0,0,0,0,0,0,0,0,0,0,0,0,0,0,0,0,0,0,0,0,0,0,0,0,0,0,0,0,0,0,0,0,0,0,0,0,0,0,0,0,0,0,0,0,0,0,0,0,0,0,0,0,0,0,0,0,0,0,0,0,0,0,0,0,0,0,0,0,0,0,0,0,0,0,0,0,0,0,0,0,0,0,0,0,0,0,0,0,0,0,0,0,0,0,0,0,0,0,0,0,0,0,0,0,0,0,0,0,0,0,0,0,0,0,0,0,0,0,0,0,0,0,0,0,0,0,0,0,0,0,0,0,0,0,0,0,0,0,0,0,0,0,0,0,0,0,0.00913637597113848,0.0235096141695976,0.0275626722723246,0.00932139530777931,0,0,0,0.0373772233724594,0,0,0.0475523136556149,0.0739581361413002,0.0934217050671577,0.109282456338406,0.091633178293705,0.0746565461158752,0.0827290341258049,0.108198203146458,0.126437172293663,0.0468952022492886,0,0,0,0,0.0770439356565475,0.00258499407209456,0.186373949050903,0.177736148238182,0,0.118671327829361,0.205538466572762,0.137210071086884,0,0.157239407300949,0.237975850701332,0.27549010515213,0.266734272241592,0.287947326898575,0.224162414669991,0.199975967407227,0.184288457036018,0.22198922932148,0.187548890709877,0.18728606402874,0.0522926859557629,0.0901790782809258,0,0.0878520607948303,0.180854380130768,0.231679782271385,0.27414533495903,0.326648622751236,0.330988496541977,0.325587302446365,0.353297978639603,0.268689543008804,0.20996031165123,0.0916275233030319,0,0,0,0.170753553509712,0.268065392971039,0.317204177379608,0.383462995290756,0.281867444515228,0.309416979551315,0.300383299589157,0.238140523433685,0,0,0,0.0590292699635029,0.174401059746742,0.272633403539658,0.361023843288422,0.336605310440063,0.370895177125931,0.330253601074219,0.315707623958588,0.296034187078476,0.244152784347534,0.09433463960886,0.191986098885536,0.274222582578659,0.274938374757767,0.0313137620687485,0,0,0.13915753364563,0.273348569869995,0.338818669319153,0.291637152433395,0.317456603050232,0.309906721115112,0.0784007459878922,0,0,0,0.0742238014936447,0.233273968100548,0.259910583496094,0.31812310218811,0.268222063779831,0.223015978932381,0.267377108335495,0.352403104305267,0.207175850868225,0,0,0,0,0,0.121135175228119,0,0,0,0,0,0,0,0,0,0,0,0,0,0,0,0,0,0,0,0,0,0,0,0,0,0,0,0,0,0,0,0,0,0,0,0,0,0,0,0,0,0,0,0,0,0,0,0,0,0,0,0,0,0,0,0,0,0,0,0,0,0,0,0,0,0,0,0,0,0,0,0,0,0,0,0,0,0,0,0,0,392
Ilm-Kreis,0,0,0,0,0,0,0,0,0,0,0,0,0,0,0,0,0,0,0,0,0,0,0,0,0,0,0,0,0,0,0,0,0,0,0,0,0,0,0,0,0,0,0,0,0,0,0,0,0,0,0,0,0,0,0,0,0,0,0,0,0,0,0,0,0,0,0,0,0,0,0,0,0,0,0,0,0,0,0,0,0,0,0,0,0,0,0,0,0,0,0,0,0,0,0,0,0,0,0,0,0,0,0,0,0,0,0,0,0,0,0,0,0,0,0,0,0,0,0,0,0,0,0,0,0,0,0,0,0,0,0,0,0,0,0,0,0,0,0,0,0,0,0,0,0,0,0,0,0,0,0,0,0,0,0,0,0,0,0,0,0,0,0,0,0,0,0,0,0,0,0.00963581725955009,0.0209453105926514,0.0253726188093424,0.00738811492919922,0,0,0,0.0310344640165567,0,0.00148677884135395,0.0429390147328377,0.0679609850049019,0.091262973845005,0.102253876626492,0.0880376175045967,0.0617591105401516,0.067875973880291,0.0974833145737648,0.105321146547794,0.029711976647377,0,0,0,0.00466396473348141,0.0965274125337601,0.057109672576189,0.189389988780022,0.161909013986588,0,0.0963082760572433,0.184228986501694,0.0979772806167603,0,0.153419554233551,0.227149918675423,0.259919077157974,0.231047928333282,0.260485470294952,0.197297990322113,0.193760395050049,0.172905653715134,0.175584048032761,0.148832783102989,0.174439817667007,0.00652953516691923,0.093835324048996,0.00570383062586188,0.0616035498678684,0.159198552370071,0.205432817339897,0.240050494670868,0.295045077800751,0.310151338577271,0.291851818561554,0.309209018945694,0.244951367378235,0.205106273293495,0.075871154665947,0,0.00569945015013218,0,0.163296654820442,0.241518214344978,0.27488449215889,0.349480092525482,0.27031871676445,0.288747757673264,0.275733709335327,0.220596730709076,0,0,0,0.0908450856804848,0.126280412077904,0.260269552469254,0.351058453321457,0.324631839990616,0.341105937957764,0.309347748756409,0.313895493745804,0.279792696237564,0.234072431921959,0.0710295960307121,0.184789031744003,0.268120139837265,0.264550805091858,0.00775955757126212,0,0,0.103825107216835,0.229602068662643,0.323609828948975,0.263516157865524,0.301716983318329,0.29913330078125,0.0703816786408424,0,0,0,0.00631164712831378,0.229779615998268,0.234814122319221,0.282108634710312,0.241400137543678,0.17271563410759,0.259162425994873,0.348559409379959,0.198747724294662,0,0,0,0,0.00650057382881641,0.108551651239395,0,0.00673174392431974,0.00698465807363391,0,0,0,0,0,0,0,0,0,0,0,0,0,0,0,0,0,0,0,0.00522879417985678,0.0198350083082914,0,0,0,0,0,0,0,0,0,0,0,0,0,0.00212211557663977,0,0.0527351684868336,0.0499574430286884,0,0,0,0,0,0,0,0,0,0,0,0,0,0,0,0,0,0,0,0,0,0,0,0,0,0,0,0,0,0,0,0,0,0,0,0,0,0,0,0,393
Weimarer Land,0,0,0,0,0,0,0,0,0,0,0,0,0,0,0,0,0,0,0,0,0,0,0,0,0,0,0,0,0,0,0,0,0,0,0,0,0,0,0,0,0,0,0,0,0,0,0,0,0,0,0,0,0,0,0,0,0,0,0,0,0,0,0,0,0,0,0,0,0,0,0,0,0,0,0,0,0,0,0,0,0,0,0,0,0,0,0,0,0,0,0,0,0,0,0,0,0,0,0,0,0,0,0,0,0,0,0,0,0,0,0,0,0,0,0,0,0,0,0,0,0,0,0,0,0.000350761838490143,0,0,0,0,0,0,0,0,0,0,0,0,0,0,0,0,0,0,0,0,0,0,0,0,0,0,0,0,0,0,0,0,0,0,0,0,0,0,0,0,0,0,0.000433840265031904,0,0,0.0239353273063898,0.0437440872192383,0.0510735735297203,0.034607969224453,0,0,0,0.0574153624475002,0,0.0059297108091414,0.0774760320782661,0.113873213529587,0.151272431015968,0.161119669675827,0.144562467932701,0.112189635634422,0.101304441690445,0.145204395055771,0.152451053261757,0.0932881981134415,0.0163542199879885,0.0432050600647926,0,0.10810849070549,0.165051147341728,0.133161395788193,0.269186586141586,0.229509696364403,0.00377627718262374,0.148475468158722,0.251311331987381,0.164294198155403,0.0490859150886536,0.220502212643623,0.302362054586411,0.338037878274918,0.291076719760895,0.330584406852722,0.273829609155655,0.275676697492599,0.253311663866043,0.225502550601959,0.207019090652466,0.260613054037094,0.140708565711975,0.210869759321213,0.121646881103516,0.157413199543953,0.248366162180901,0.284827262163162,0.307478040456772,0.374883532524109,0.403558015823364,0.382712125778198,0.384348303079605,0.330610930919647,0.312786936759949,0.197280913591385,0,0.122392013669014,0.0560819990932941,0.273301899433136,0.322574138641357,0.372740685939789,0.454788774251938,0.382614761590958,0.406991213560104,0.383816301822662,0.335469216108322,0.0647323206067085,0,0.00255925045348704,0.238506689667702,0.279318243265152,0.388301759958267,0.491252452135086,0.466227352619171,0.460025370121002,0.44339308142662,0.443175733089447,0.422930806875229,0.353750467300415,0.221208900213242,0.309368550777435,0.413946181535721,0.416035145521164,0.167846083641052,0,0,0.250082403421402,0.340453773736954,0.486685276031494,0.410550117492676,0.458502143621445,0.458227127790451,0.245935812592506,0.0106485616415739,0,0,0.104953832924366,0.339859247207642,0.362538486719131,0.40529876947403,0.378746926784515,0.28096404671669,0.398069024085999,0.521493494510651,0.35706952214241,0,0,0,0,0.140420541167259,0.263444900512695,0,0.134859219193459,0.140174329280853,0.00591532373800874,0,0,0,0,0,0,0,0,0,0,0,0,0,0,0,0,0,0.0169502031058073,0.131074190139771,0.144271209836006,0,0,0,0,0,0,0,0,0,0,0,0,0,0.0193515010178089,0.00667138677090406,0.0779865831136703,0.0830307304859161,0,0,0,0,0,0,0,0,0,0,0,0,0,0,0,0,0,0,0,0,0,0,0,0,0,0,0,0,0,0,0,0,0,0,0,0,0,0,0,0,394
Sonneberg,0,0,0,0,0,0,0,0,0,0,0,0,0,0,0,0,0,0,0,0,0,0,0,0,0,0,0,0,0,0,0,0,0,0,0,0,0,0,0,0,0,0,0,0,0,0,0,0,0,0,0,0,0,0,0,0,0,0,0,0,0,0,0,0,0,0,0,0,0,0,0,0,0,0,0,0,0,0,0,0,0,0,0,0,0,0,0,0,0,0,0,0,0,0,0,0,0,0,0,0,0,0,0,0,0,0,0,0,0,0,0,0,0,0,0,0,0,0,0,0,0,0,0,0,0,0,0,0,0,0,0,0,0,0,0,0,0,0,0,0,0,0,0,0,0,0,0,0,0,0,0,0,0,0,0,0,0,0,0,0,0,0,0,0,0,0,0,0,0,0,0.00281820981763303,0.0161687359213829,0.0193928088992834,0.00784643925726414,0,0,0,0.0261663179844618,0,0,0.0319429077208042,0.057452529668808,0.0735318213701248,0.0885264500975609,0.0721139088273048,0.0540303997695446,0.0591195896267891,0.0877361968159676,0.104448027908802,0.00882567930966616,0,0,0,0,0.0677613094449043,0,0.156593427062035,0.147474363446236,0,0.0909857377409935,0.174802795052528,0.100074201822281,0,0.125293120741844,0.208945959806442,0.241206020116806,0.220678091049194,0.243808090686798,0.178525149822235,0.169194936752319,0.152517825365067,0.175653055310249,0.151953727006912,0.153652295470238,0.0112087512388825,0.0169955715537071,0,0.0195054169744253,0.131896555423737,0.180652618408203,0.224921882152557,0.284673720598221,0.279483467340469,0.2796231508255,0.306688845157623,0.224283948540688,0.159085601568222,0.0212644282728434,0,0,0,0.122212208807468,0.217223435640335,0.253341734409332,0.330918341875076,0.229601249098778,0.261229962110519,0.249508425593376,0.187299147248268,0,0,0,0.0124608734622598,0.121098481118679,0.218176141381264,0.307774543762207,0.275997072458267,0.322319954633713,0.270429372787476,0.259833544492722,0.238431289792061,0.201654464006424,0.0220221038907766,0.156346514821053,0.234094858169556,0.226303860545158,0.0158517528325319,0,0,0.0257676094770432,0.214950859546661,0.28096416592598,0.229130119085312,0.258110821247101,0.260201424360275,0.0205092635005713,0,0,0,0.0126529131084681,0.186505153775215,0.208682999014854,0.260385572910309,0.214453712105751,0.165253832936287,0.215162515640259,0.282751798629761,0.154642775654793,0,0,0,0,0,0.0286859646439552,0,0,0,0,0,0,0,0,0,0,0,0,0,0,0,0,0,0,0,0,0,0,0,0,0,0,0,0,0,0,0,0,0,0,0,0,0,0,0,0,0,0,0,0,0,0,0,0,0,0,0,0,0,0,0,0,0,0,0,0,0,0,0,0,0,0,0,0,0,0,0,0,0,0,0,0,0,0,0,0,0,395
Saalfeld-Rudolstadt,0,0,0,0,0,0,0,0,0,0,0,0,0,0,0,0,0,0,0,0,0,0,0,0,0,0,0,0,0,0,0,0,0,0,0,0,0,0,0,0,0,0,0,0,0,0,0,0,0,0,0,0,0,0,0,0,0,0,0,0,0,0,0,0,0,0,0,0,0,0,0,0,0,0,0,0,0,0,0,0,0,0,0,0,0,0,0,0,0,0,0,0,0,0,0,0,0,0,0,0,0,0,0,0,0,0,0,0,0,0,0,0,0,0,0,0,0,0,0,0,0,0,0,0,0,0,0,0,0,0,0,0,0,0,0,0,0,0,0,0,0,0,0,0,0,0,0,0,0,0,0,0,0,0,0,0,0,0,0,0,0,0,0,0,0,0,0,0,0,0,0.0100027117878199,0.0230214204639196,0.0275792609900236,0.0166562274098396,0,0,0,0.0343733578920364,0,0,0.0426599867641926,0.071200467646122,0.0951076149940491,0.104524463415146,0.0889459401369095,0.0702449381351471,0.0688041895627975,0.101441740989685,0.116815887391567,0.0251470077782869,0,0.00368739175610244,0,0.0160432159900665,0.106648586690426,0.0595776364207268,0.191980451345444,0.176987081766129,0.00462078815326095,0.105082906782627,0.195287004113197,0.115584507584572,0.00526804011315107,0.159715995192528,0.233408972620964,0.26831978559494,0.236569568514824,0.265232294797897,0.20300966501236,0.205544292926788,0.191342413425446,0.187859743833542,0.162215828895569,0.187028229236603,0.020157516002655,0.0866952836513519,0.00770706683397293,0.0758650228381157,0.17196236550808,0.209487020969391,0.243169903755188,0.304945558309555,0.32229071855545,0.306763827800751,0.324371933937073,0.258273392915726,0.211483538150787,0.0981554836034775,0,0.00673165684565902,0,0.174184903502464,0.249885082244873,0.282053261995316,0.360630482435226,0.276636123657227,0.303092509508133,0.282340854406357,0.237379103899002,0,0,0,0.0635231211781502,0.168988570570946,0.269668191671371,0.363666832447052,0.334746062755585,0.359274536371231,0.322914868593216,0.31782928109169,0.292867749929428,0.254158139228821,0.0954299569129944,0.199166879057884,0.287968307733536,0.293542206287384,0.00825293082743883,0,0,0.108849994838238,0.238486424088478,0.341059654951096,0.284764885902405,0.314763873815536,0.325933367013931,0.0716759711503983,0,0,0,0.00808838475495577,0.237753376364708,0.255155652761459,0.303631782531738,0.261924475431442,0.180102542042732,0.265677243471146,0.352428287267685,0.21769455075264,0,0,0,0,0.00783804897218943,0.141674816608429,0,0,0,0,0,0,0,0,0,0,0,0,0,0,0,0,0,0,0,0,0,0,0.00771706085652113,0.0261468440294266,0,0,0,0,0,0,0,0,0,0,0,0,0,0,0,0.0227009374648333,0.0243158899247646,0,0,0,0,0,0,0,0,0,0,0,0,0,0,0,0,0,0,0,0,0,0,0,0,0,0,0,0,0,0,0,0,0,0,0,0,0,0,0,0,396
Saale-Holzland-Kreis,0,0,0,0,0,0,0,0,0,0,0,0,0,0,0,0,0,0,0,0,0,0,0,0,0,0,0,0,0,0,0,0,0,0,0,0,0,0,0,0,0,0,0,0,0,0,0,0,0,0,0,0,0,0,0,0,0,0,0,0,0,0,0,0,0,0,0,0,0,0,0,0,0,0,0,0,0,0,0,0,0,0,0,0,0,0,0,0,0,0,0,0,0,0,0,0,0,0,0,0,0,0,0,0,0,0,0,0,0,0,0,0,0,0,0,0,0,0,0,0,0,0,0,0,0.000430245941970497,0,0,0,0,0,0,0,0,0,0,0,0,0,0,0,0,0,0,0,0,0,0,0,0,0,0,0,0,0,0,0,0,0,0,0,0,0,0,0,0,0,0,0.00315297511406243,0,0,0.0249821860343218,0.0469472110271454,0.0551810897886753,0.0424487702548504,0,0,0,0.061012364923954,0,0,0.0778304040431976,0.120649427175522,0.161013036966324,0.170919075608253,0.145478069782257,0.120410963892937,0.105761542916298,0.152993068099022,0.166734889149666,0.0893605947494507,0.00036647982778959,0.0882758721709251,0,0.108398780226707,0.185127690434456,0.147890210151672,0.277576923370361,0.251332461833954,0.0135964769870043,0.158125102519989,0.270647525787354,0.18034003674984,0.0731579512357712,0.230832651257515,0.320796430110931,0.358907401561737,0.304993897676468,0.347815096378326,0.286361545324326,0.301492810249329,0.280035942792892,0.243455424904823,0.228539481759071,0.28581640124321,0.141198113560677,0.220475599169731,0.154223248362541,0.17559839785099,0.269867360591888,0.297042697668076,0.322616279125214,0.397862732410431,0.435846537351608,0.410862296819687,0.413057774305344,0.349686324596405,0.327950745820999,0.22035551071167,0,0.112017393112183,0.00351708638481796,0.297164797782898,0.33788338303566,0.395697325468063,0.485811620950699,0.40240266919136,0.435097515583038,0.410388231277466,0.367832958698273,0.134304508566856,0,0,0.256900280714035,0.30810621380806,0.418248802423477,0.533713579177856,0.501461505889893,0.503201365470886,0.482375115156174,0.474335908889771,0.456658273935318,0.396511018276215,0.246915340423584,0.342770099639893,0.465460747480392,0.474727541208267,0.185157746076584,0,0,0.268371373414993,0.375319987535477,0.540668129920959,0.448143422603607,0.505078315734863,0.512040615081787,0.287433534860611,0.0367677174508572,0,0,0.150473609566689,0.393503099679947,0.41122305393219,0.447796195745468,0.423531830310822,0.303103119134903,0.442112028598785,0.574117243289948,0.392479866743088,0,0,0,0,0.198835790157318,0.309379994869232,0,0.0947795584797859,0.0408736318349838,0.0481798425316811,0,0,0,0,0,0,0,0,0,0,0,0,0,0,0,0,0,0,0.178470179438591,0.172094076871872,0,0,0,0,0,0,0,0,0,0,0,0,0,0.033221036195755,0.0640000328421593,0.162877261638641,0.167189761996269,0,0,0,0,0,0,0,0,0,0,0,0,0,0,0,0,0,0,0,0,0,0,0,0,0,0,0,0,0,0,0,0,0,0,0,0,0,0,0,0,397
Saale-Orla-Kreis,0,0,0,0,0,0,0,0,0,0,0,0,0,0,0,0,0,0,0,0,0,0,0,0,0,0,0,0,0,0,0,0,0,0,0,0,0,0,0,0,0,0,0,0,0,0,0,0,0,0,0,0,0,0,0,0,0,0,0,0,0,0,0,0,0,0,0,0,0,0,0,0,0,0,0,0,0,0,0,0,0,0,0,0,0,0,0,0,0,0,0,0,0,0,0,0,0,0,0,0,0,0,0,0,0,0,0,0,0,0,0,0,0,0,0,0,0,0,0,0,0,0,0,0,0,0,0,0,0,0,0,0,0,0,0,0,0,0,0,0,0,0,0,0,0,0,0,0,0,0,0,0,0,0,0,0,0,0,0,0,0,0,0,0,0,0,0,0,0,0,0.00928341597318649,0.0244226902723312,0.0296495407819748,0.0223515145480633,0,0,0,0.0355112291872501,0,0,0.038174819201231,0.0737376511096954,0.100922331213951,0.111036367714405,0.0923461318016052,0.0745555013418198,0.0677634179592133,0.105721764266491,0.123806267976761,0.0167191196233034,0,0.0115278540179133,0,0.0149178253486753,0.121645838022232,0.0730594247579575,0.197932332754135,0.190927416086197,0.00248226197436452,0.104696303606033,0.206344246864319,0.126824930310249,0.00282996194437146,0.162558242678642,0.243548065423965,0.280547320842743,0.241785675287247,0.274080723524094,0.21326170861721,0.223743587732315,0.212427914142609,0.196152567863464,0.167649775743484,0.208969190716743,0.0202053338289261,0.0947639867663383,0.0221354626119137,0.0835943296551704,0.185286119580269,0.214145645499229,0.246126174926758,0.316733688116074,0.338593363761902,0.326664596796036,0.339320331811905,0.27210795879364,0.224065408110619,0.133212670683861,0,0.00361620914191008,0,0.189611092209816,0.262037336826324,0.294440895318985,0.382076352834702,0.291984379291534,0.32634499669075,0.308683812618256,0.263099253177643,0.0180172529071569,0,0,0.102492965757847,0.200575545430183,0.300887048244476,0.394012898206711,0.357408732175827,0.387830466032028,0.350256770849228,0.344586074352264,0.320998072624207,0.288773566484451,0.0962040945887566,0.221978262066841,0.322642683982849,0.330902218818665,0.0226887408643961,0,0,0.130742520093918,0.262307614088058,0.382754981517792,0.312780410051346,0.350905328989029,0.367424041032791,0.119218543171883,0,0,0,0.0149057218804955,0.273323088884354,0.287772595882416,0.338847726583481,0.291027516126633,0.186180472373962,0.293980628252029,0.391651451587677,0.242320969700813,0,0,0,0,0.0253106690943241,0.175345048308372,0,0,0,0,0,0,0,0,0,0,0,0,0,0,0,0,0,0,0,0,0,0,0.0233481768518686,0.0234028697013855,0,0,0,0,0,0,0,0,0,0,0,0,0,0,0,0.0565259121358395,0.0601522102952003,0,0,0,0,0,0,0,0,0,0,0,0,0,0,0,0,0,0,0,0,0,0,0,0,0,0,0,0,0,0,0,0,0,0,0,0,0,0,0,0,398
Greiz,0,0,0,0,0,0,0,0,0,0,0,0,0,0,0,0,0,0,0,0,0,0,0,0,0,0,0,0,0,0,0,0,0,0,0,0,0,0,0,0,0,0,0,0,0,0,0,0,0,0,0,0,0,0,0,0,0,0,0,0,0,0,0,0,0,0,0,0,0,0,0,0,0,0,0,0,0,0,0,0,0,0,0,0,0,0,0,0,0,0,0,0,0,0,0,0,0,0,0,0,0,0,0,0,0,0,0,0,0,0,0,0,0,0,0,0,0,0,0,0,0,0,0,0,9.04153785086237e-05,0,0,0,0,0,0,0,0,0,0,0,0,0,0,0,0,0,0,0,0,0,0,0,0,0,0,0,0,0,0,0,0,0,0,0,0,0,0,0,0,0,0,0.0031587912235409,0,0,0.0174494739621878,0.0349914357066154,0.0418265648186207,0.0361950397491455,0,0,0,0.0474474765360355,0,0,0.0542632155120373,0.0961037948727608,0.131118208169937,0.144703507423401,0.117827825248241,0.096778392791748,0.0811754688620567,0.128835558891296,0.143935278058052,0.0434336215257645,0,0.0544464476406574,0,0.0567574016749859,0.166267842054367,0.121422328054905,0.233966469764709,0.223659604787827,0.00496755400672555,0.125364795327187,0.234046697616577,0.156042471528053,0.0462172254920006,0.190399006009102,0.280778169631958,0.31907707452774,0.265895038843155,0.29892510175705,0.243103086948395,0.26538547873497,0.249673321843147,0.211374461650848,0.192847594618797,0.256263852119446,0.0765595659613609,0.177715748548508,0.0979317277669907,0.1556526273489,0.227067396044731,0.250234574079514,0.27360326051712,0.344013929367065,0.372214406728745,0.359939992427826,0.365905433893204,0.308971256017685,0.274658173322678,0.190001145005226,0,0.0381918139755726,0,0.239214509725571,0.291964173316956,0.3369260430336,0.421259254217148,0.340508610010147,0.37271723151207,0.357306003570557,0.312906801700592,0.115354225039482,0,0,0.208607777953148,0.261997282505035,0.355430394411087,0.460936397314072,0.419409155845642,0.441361397504807,0.409595519304276,0.40613654255867,0.387023121118546,0.345508307218552,0.187479615211487,0.27898046374321,0.391650140285492,0.405906796455383,0.120608694851398,0.0102472892031074,0.00861810799688101,0.202398255467415,0.314759969711304,0.465069353580475,0.372493505477905,0.424149096012115,0.445980489253998,0.234751671552658,0.0158622115850449,0,0,0.0107847694307566,0.338744580745697,0.350745111703873,0.386662721633911,0.353690028190613,0.236637860536575,0.36908146739006,0.480371326208115,0.319656223058701,0,0,0,0,0.120307698845863,0.248160898685455,0,0.0196406673640013,0.00831370148807764,0.020318852737546,0,0,0,0,0,0,0,0,0,0,0,0,0,0,0,0,0,0,0.0823380798101425,0.0812659338116646,0,0,0,0,0,0,0,0,0,0,0,0,0,0.012024856172502,0.0301535148173571,0.132522121071815,0.136660933494568,0,0,0,0,0,0,0,0,0,0,0,0,0,0,0,0,0,0,0,0,0,0,0,0,0,0,0,0,0,0,0,0,0,0,0,0,0,0,0,0,399
Altenburger Land,0,0,0,0,0,0,0,0,0,0,0,0,0,0,0,0,0,0,0,0,0,0,0,0,0,0,0,0,0,0,0,0,0,0,0,0,0,0,0,0,0,0,0,0,0,0,0,0,0,0,0,0,0,0,0,0,0,0,0,0,0,0,0,0,0,0,0,0,0,0,0,0,0,0,0,0,0,0,0,0,0,0,0,0,0,0,0,0,0,0,0,0,0,0,0,0,0,0,0,0,0,0,0,0,0,0,0,0,0,0,0,0,0,0,0,0,0,0,0,0,0,0,0,0,0.000184385397005826,0,0,0,0,0,0,0,0,0,0,0,0,0,0,0,0,0,0,0,0,0,0,0,0,0,0,0,0,0,0,0,0,0,0,0,0,0,0,0,0,0,0,0.0147373871877789,0,0.000559056526981294,0.0279680676758289,0.053775992244482,0.0633426979184151,0.0628354474902153,0,0,0.00375908310525119,0.0783417671918869,0,0,0.0892233029007912,0.139942228794098,0.184906989336014,0.212663486599922,0.176268383860588,0.148325711488724,0.100834727287292,0.177598208189011,0.192501679062843,0.103104390203953,0.00964107643812895,0.145493552088737,0,0.148892849683762,0.237237706780434,0.188038483262062,0.316785037517548,0.299776256084442,0.093488983809948,0.18235157430172,0.308082699775696,0.224855437874794,0.139494121074677,0.26269793510437,0.371347099542618,0.422808408737183,0.340686053037643,0.386434763669968,0.331514209508896,0.356724470853806,0.333078622817993,0.274275571107864,0.256929636001587,0.35009765625,0.190990597009659,0.271895796060562,0.214303106069565,0.22953961789608,0.313491135835648,0.340165883302689,0.35658073425293,0.444656789302826,0.499427825212479,0.469286441802979,0.476055651903152,0.413017839193344,0.379696846008301,0.282528430223465,0,0.149793118238449,0.0195386614650488,0.351230710744858,0.37881726026535,0.439770519733429,0.550922691822052,0.471721410751343,0.499514609575272,0.482956379652023,0.430017530918121,0.25622484087944,0.00936142541468143,0.0183396991342306,0.338761627674103,0.389362454414368,0.488824039697647,0.626695513725281,0.582129776477814,0.602213084697723,0.56504088640213,0.565784275531769,0.554045855998993,0.475158959627151,0.300180435180664,0.379698425531387,0.539345145225525,0.583690524101257,0.313855350017548,0.22064334154129,0.17312228679657,0.302615314722061,0.43713390827179,0.64014345407486,0.521555542945862,0.597663223743439,0.641752123832703,0.383614420890808,0.0528118573129177,0.0217845290899277,0,0,0.450282633304596,0.496286123991013,0.518484473228455,0.497655004262924,0.332686394453049,0.509464144706726,0.679974615573883,0.499020576477051,0,0,0,0,0.297011226415634,0.376625418663025,0,0.189430922269821,0.179391577839851,0.194657236337662,0,0,0,0,0,0,0,0,0,0,0,0,0,0,0,0,0,0.00552335660904646,0.163254708051682,0.164253428578377,0,0,0,0,0,0,0,0,0,0,0,0,0,0.0795514807105064,0.120985269546509,0.199246659874916,0.203217014670372,0,0,0,0,0,0,0,0,0,0,0,0,0,0,0,0,0,0,0,0,0,0,0,0,0,0,0,0,0,0,0,0,0,0,0,0,0,0,0,0,400
