GeografischerName_GEN,mean.day_1,mean.day_2,mean.day_3,mean.day_4,mean.day_5,mean.day_6,mean.day_7,mean.day_8,mean.day_9,mean.day_10,mean.day_11,mean.day_12,mean.day_13,mean.day_14,mean.day_15,mean.day_16,mean.day_17,mean.day_18,mean.day_19,mean.day_20,mean.day_21,mean.day_22,mean.day_23,mean.day_24,mean.day_25,mean.day_26,mean.day_27,mean.day_28,mean.day_29,mean.day_30,mean.day_31,mean.day_32,mean.day_33,mean.day_34,mean.day_35,mean.day_36,mean.day_37,mean.day_38,mean.day_39,mean.day_40,mean.day_41,mean.day_42,mean.day_43,mean.day_44,mean.day_45,mean.day_46,mean.day_47,mean.day_48,mean.day_49,mean.day_50,mean.day_51,mean.day_52,mean.day_53,mean.day_54,mean.day_55,mean.day_56,mean.day_57,mean.day_58,mean.day_59,mean.day_60,mean.day_61,mean.day_62,mean.day_63,mean.day_64,mean.day_65,mean.day_66,mean.day_67,mean.day_68,mean.day_69,mean.day_70,mean.day_71,mean.day_72,mean.day_73,mean.day_74,mean.day_75,mean.day_76,mean.day_77,mean.day_78,mean.day_79,mean.day_80,mean.day_81,mean.day_82,mean.day_83,mean.day_84,mean.day_85,mean.day_86,mean.day_87,mean.day_88,mean.day_89,mean.day_90,mean.day_91,mean.day_92,mean.day_93,mean.day_94,mean.day_95,mean.day_96,mean.day_97,mean.day_98,mean.day_99,mean.day_100,mean.day_101,mean.day_102,mean.day_103,mean.day_104,mean.day_105,mean.day_106,mean.day_107,mean.day_108,mean.day_109,mean.day_110,mean.day_111,mean.day_112,mean.day_113,mean.day_114,mean.day_115,mean.day_116,mean.day_117,mean.day_118,mean.day_119,mean.day_120,mean.day_121,mean.day_122,mean.day_123,mean.day_124,mean.day_125,mean.day_126,mean.day_127,mean.day_128,mean.day_129,mean.day_130,mean.day_131,mean.day_132,mean.day_133,mean.day_134,mean.day_135,mean.day_136,mean.day_137,mean.day_138,mean.day_139,mean.day_140,mean.day_141,mean.day_142,mean.day_143,mean.day_144,mean.day_145,mean.day_146,mean.day_147,mean.day_148,mean.day_149,mean.day_150,mean.day_151,mean.day_152,mean.day_153,mean.day_154,mean.day_155,mean.day_156,mean.day_157,mean.day_158,mean.day_159,mean.day_160,mean.day_161,mean.day_162,mean.day_163,mean.day_164,mean.day_165,mean.day_166,mean.day_167,mean.day_168,mean.day_169,mean.day_170,mean.day_171,mean.day_172,mean.day_173,mean.day_174,mean.day_175,mean.day_176,mean.day_177,mean.day_178,mean.day_179,mean.day_180,mean.day_181,mean.day_182,mean.day_183,mean.day_184,mean.day_185,mean.day_186,mean.day_187,mean.day_188,mean.day_189,mean.day_190,mean.day_191,mean.day_192,mean.day_193,mean.day_194,mean.day_195,mean.day_196,mean.day_197,mean.day_198,mean.day_199,mean.day_200,mean.day_201,mean.day_202,mean.day_203,mean.day_204,mean.day_205,mean.day_206,mean.day_207,mean.day_208,mean.day_209,mean.day_210,mean.day_211,mean.day_212,mean.day_213,mean.day_214,mean.day_215,mean.day_216,mean.day_217,mean.day_218,mean.day_219,mean.day_220,mean.day_221,mean.day_222,mean.day_223,mean.day_224,mean.day_225,mean.day_226,mean.day_227,mean.day_228,mean.day_229,mean.day_230,mean.day_231,mean.day_232,mean.day_233,mean.day_234,mean.day_235,mean.day_236,mean.day_237,mean.day_238,mean.day_239,mean.day_240,mean.day_241,mean.day_242,mean.day_243,mean.day_244,mean.day_245,mean.day_246,mean.day_247,mean.day_248,mean.day_249,mean.day_250,mean.day_251,mean.day_252,mean.day_253,mean.day_254,mean.day_255,mean.day_256,mean.day_257,mean.day_258,mean.day_259,mean.day_260,mean.day_261,mean.day_262,mean.day_263,mean.day_264,mean.day_265,mean.day_266,mean.day_267,mean.day_268,mean.day_269,mean.day_270,mean.day_271,mean.day_272,mean.day_273,mean.day_274,mean.day_275,mean.day_276,mean.day_277,mean.day_278,mean.day_279,mean.day_280,mean.day_281,mean.day_282,mean.day_283,mean.day_284,mean.day_285,mean.day_286,mean.day_287,mean.day_288,mean.day_289,mean.day_290,mean.day_291,mean.day_292,mean.day_293,mean.day_294,mean.day_295,mean.day_296,mean.day_297,mean.day_298,mean.day_299,mean.day_300,mean.day_301,mean.day_302,mean.day_303,mean.day_304,mean.day_305,mean.day_306,mean.day_307,mean.day_308,mean.day_309,mean.day_310,mean.day_311,mean.day_312,mean.day_313,mean.day_314,mean.day_315,mean.day_316,mean.day_317,mean.day_318,mean.day_319,mean.day_320,mean.day_321,mean.day_322,mean.day_323,mean.day_324,mean.day_325,mean.day_326,mean.day_327,mean.day_328,mean.day_329,mean.day_330,mean.day_331,mean.day_332,mean.day_333,mean.day_334,mean.day_335,mean.day_336,mean.day_337,mean.day_338,mean.day_339,mean.day_340,mean.day_341,mean.day_342,mean.day_343,mean.day_344,mean.day_345,mean.day_346,mean.day_347,mean.day_348,mean.day_349,mean.day_350,mean.day_351,mean.day_352,mean.day_353,mean.day_354,mean.day_355,mean.day_356,mean.day_357,mean.day_358,mean.day_359,mean.day_360,mean.day_361,mean.day_362,mean.day_363,mean.day_364,mean.day_365,ID
Flensburg,0,0,0,0,0,0,0,0,0,0,0,0,0,0,0,0,0,0,0,0,0,0,0,0,0,0,0,0,0,0,0,0,0,0,0,0,0,0,0,0,0,0,0,0,0,0,0,0,0,0,0,0,0,0,0,0,0,0,0,0,0,0,0,0,0,0,0,0,0,0,0,0,0,0,0,0,0,0,0,0,0,0,0,0,0,0,0,0,0,0,0,0,0,0,0,0,0,0,0,0,0,0,0,0,0,0,0,0,0,0,0,0,0,0,0,0,0,0,0,0,0,0,0,0,0,0,0,0,0,0,0,0,0,0,0,0,0,0,0,0,0,0,0,0,0,0,0,0,0.0223803576081991,0.0344729162752628,0,0,0,0,0,0,0,0,0,0,0,0,0,0,0,0,0,0,0,0,0,0,0.0736970379948616,0,0.137916699051857,0,0,0,0,0,0,0,0,0,0,0.284083038568497,0.263462871313095,0.472556084394455,0.422098726034164,0.281264901161194,0.592263698577881,0.411458641290665,0.318321257829666,0,0.316208988428116,0.3142149746418,0.436940103769302,0.475453197956085,0.576619327068329,0.723369181156158,0.583687961101532,0.545661211013794,0.791348338127136,0.984440982341766,0.981509149074554,0.66774445772171,0.418036818504333,0.323618531227112,0.807284355163574,1.05673837661743,1.3686283826828,1.10023760795593,0,0.587888300418854,1.01467633247375,1.21683990955353,0.812816619873047,0,0,0,0.380184024572372,0,0,0,0,0.468179434537888,0.598858177661896,0.825177669525146,0.788251101970673,0,0,0.487323075532913,0.524179995059967,0.987517297267914,0.973781585693359,1.09868717193604,0.883337199687958,0.755661964416504,1.37370419502258,1.58261728286743,1.68698918819427,1.48634171485901,1.35009109973907,1.39720630645752,1.31900310516357,1.18609094619751,1.10906887054443,1.11898148059845,1.0294634103775,1.0579377412796,0.95702862739563,1.14748764038086,1.27015388011932,1.0337415933609,1.03752970695496,1.12239134311676,1.45828926563263,1.28844106197357,1.0934853553772,0,0,0.724535822868347,1.06617748737335,1.04007863998413,0.82559734582901,0.80206161737442,0.756548464298248,0.58074164390564,1.06256234645844,1.1496194601059,1.40096533298492,1.60876417160034,1.73439359664917,1.72160112857819,1.7971898317337,1.33290374279022,1.08883154392242,1.51540279388428,0.950841009616852,0,0.67977911233902,0.813120007514954,0,0,0,0,0,0,0,0.803889751434326,0.555617332458496,0,0,0,0,0,0,0,0,0.50998067855835,0.509221315383911,0.559463918209076,0,0,0.469114869832993,0,0,0,0,0,0,0,0,0,0,0,0,0,0,0,0,0,0,0,0,0,0,0,0,0,0,0,0,0.344983071088791,0,0,0,0,0,0,0,0,0,0,0,0,0,0,0,0,0,0,0,0,0,0,0,0,0,0,0,0,0,0,0,1
Kiel,0,0,0,0,0,0,0,0,0,0,0,0,0,0,0,0,0,0,0,0,0,0,0,0,0,0,0,0,0,0,0,0,0,0,0,0,0,0,0,0,0,0,0,0,0,0,0,0,0,0,0,0,0,0,0,0,0,0,0,0,0,0,0,0,0,0,0,0,0,0,0,0,0,0,0,0,0,0,0,0,0,0,0,0,0,0,0,0,0,0,0,0,0,0,0,0,0,0,0,0,0,0,0,0,0,0,0,0,0,0,0,0,0,0,0,0,0,0,0,0,0,0,0,0,0,0,0,0,0,0,0,0,0,0,0,0,0,0,0,0,0,0,0,0,0,0,0,0,0.0223803576081991,0.0344729162752628,0,0,0,0,0,0,0,0,0,0,0,0,0,0,0,0,0,0,0,0,0,0,0.0736970379948616,0,0.137916699051857,0,0,0,0,0,0,0,0,0,0,0.284083008766174,0.263462871313095,0.472556084394455,0.422098696231842,0.281264901161194,0.592263698577881,0.411458611488342,0.318321287631989,0,0.316208988428116,0.314214944839478,0.436940103769302,0.475453197956085,0.576619267463684,0.723369121551514,0.583687961101532,0.545661211013794,0.791348338127136,0.984440922737122,0.981509149074554,0.667744398117065,0.418036818504333,0.323618531227112,0.807284355163574,1.05673837661743,1.36862850189209,1.10023760795593,0,0.587888240814209,1.01467633247375,1.21684002876282,0.812816619873047,0,0,0,0.380184024572372,0,0,0,0,0.46817946434021,0.598858237266541,0.825177609920502,0.788251161575317,0,0,0.487323075532913,0.524180054664612,0.987517297267914,0.973781645298004,1.09868717193604,0.883337140083313,0.755661845207214,1.37370419502258,1.58261728286743,1.68698930740356,1.48634171485901,1.35009109973907,1.39720618724823,1.31900310516357,1.1860910654068,1.10906887054443,1.11898148059845,1.0294634103775,1.0579377412796,0.95702862739563,1.14748764038086,1.27015388011932,1.0337415933609,1.03752970695496,1.12239134311676,1.45828926563263,1.28844094276428,1.0934853553772,0,0,0.724535822868347,1.06617748737335,1.04007863998413,0.825597286224365,0.802061557769775,0.756548404693604,0.58074164390564,1.06256234645844,1.1496194601059,1.40096533298492,1.60876441001892,1.73439371585846,1.72160112857819,1.7971898317337,1.33290374279022,1.08883154392242,1.51540279388428,0.950840950012207,0,0.679779171943665,0.813120067119598,0,0,0,0,0,0,0,0.803889691829681,0.555617332458496,0,0,0,0,0,0,0,0,0.50998067855835,0.509221315383911,0.559463918209076,0,0,0.469114899635315,0,0,0,0,0,0,0,0,0,0,0,0,0,0,0,0,0,0,0,0,0,0,0,0,0,0,0,0,0.344983071088791,0,0,0,0,0,0,0,0,0,0,0,0,0,0,0,0,0,0,0,0,0,0,0,0,0,0,0,0,0,0,0,2
Lübeck,0,0,0,0,0,0,0,0,0,0,0,0,0,0,0,0,0,0,0,0,0,0,0,0,0,0,0,0,0,0,0,0,0,0,0,0,0,0,0,0,0,0,0,0,0,0,0,0,0,0,0,0,0,0,0,0,0,0,0,0,0,0,0,0,0,0,0,0,0,0,0,0,0,0,0,0,0,0,0,0,0,0,0,0,0,0,0,0,0,0,0,0,0,0,0,0,0,0,0,0,0,0,0,0,0,0,0,0,0,0,0,0,0,0,0,0,0,0,0,0,0,0,0,0,0,0,0,0,0,0,0,0,0,0,0,0,0,0,0,0,0,0,0,0,0,0,0,0,0.0218351781368256,0.0307257752865553,0,0,0,0,0,0,0,0,0,0,0,0,0,0,0,0,0,0,0,0,0,0,0.103053696453571,0,0,0,0,0,0,0,0,0,0,0,0,0.346527248620987,0.386389076709747,0.514233529567719,0.537202775478363,0.407226890325546,0.676389276981354,0.509928703308105,0.35325500369072,0.365728050470352,0.430885523557663,0.540527820587158,0.631233990192413,0.595323443412781,0.665096819400787,0.859143912792206,0.793476164340973,0.706411361694336,0.899574279785156,1.17771708965302,1.1883807182312,0.898257076740265,0.70504504442215,0.535376071929932,0.906950771808624,1.15851652622223,1.52595627307892,1.43428409099579,0.575846910476685,0.761990964412689,1.24507069587708,1.54438185691833,1.047483086586,0,0,0,0.611822128295898,0.431536734104156,0,0,0,0.644364595413208,0.885951697826385,0.952420353889465,1.13023734092712,0,0,0.770591139793396,0.548694431781769,1.15249228477478,1.23517513275146,1.31749260425568,1.16516280174255,0.854959607124329,1.59817790985107,1.7524209022522,1.85611498355865,1.65962255001068,1.5452915430069,1.62967491149902,1.55548405647278,1.18781268596649,1.20227122306824,1.24192249774933,1.18916976451874,1.3137195110321,1.14002120494843,1.40630853176117,1.5524525642395,1.20654118061066,1.17158603668213,1.37263023853302,1.69357132911682,1.56670725345612,1.40098750591278,0,0,0.778870046138763,1.20919287204742,1.33287584781647,1.20599961280823,1.14936506748199,1.1023325920105,0.806670725345612,1.33109605312347,1.44926953315735,1.69916236400604,1.94232606887817,2.11044239997864,2.01602578163147,2.12000727653503,1.64739537239075,1.53574562072754,1.95436835289001,1.47336792945862,0,0.537201762199402,1.00639152526855,0,0,0,0,0,0,0,0.987724781036377,0.824385762214661,0,0,0,0,0,0,0,0,0.577714800834656,0.693602442741394,0.77236407995224,0,0,0.577766180038452,0.465705662965775,0,0,0,0,0,0,0,0,0,0,0,0,0,0,0,0,0,0,0,0,0,0,0,0,0,0,0,0.382862627506256,0,0,0,0,0,0,0,0,0,0,0,0,0,0,0,0,0,0,0,0,0,0,0,0,0,0,0,0,0,0,0,3
Neumünster,0,0,0,0,0,0,0,0,0,0,0,0,0,0,0,0,0,0,0,0,0,0,0,0,0,0,0,0,0,0,0,0,0,0,0,0,0,0,0,0,0,0,0,0,0,0,0,0,0,0,0,0,0,0,0,0,0,0,0,0,0,0,0,0,0,0,0,0,0,0,0,0,0,0,0,0,0,0,0,0,0,0,0,0,0,0,0,0,0,0,0,0,0,0,0,0,0,0,0,0,0,0,0,0,0,0,0,0,0,0,0,0,0,0,0,0,0,0,0,0,0,0,0,0,0,0,0,0,0,0,0,0,0,0,0,0,0,0,0,0,0,0,0,0,0,0,0,0,0.0223803576081991,0.0344729200005531,0,0,0,0,0,0,0,0,0,0,0,0,0,0,0,0,0,0,0,0,0,0,0.0736970379948616,0,0.137916699051857,0,0,0,0,0,0,0,0,0,0,0.284083008766174,0.263462871313095,0.47255602478981,0.422098726034164,0.281264901161194,0.592263698577881,0.411458611488342,0.318321287631989,0,0.316209018230438,0.314214944839478,0.436940103769302,0.475453197956085,0.576619267463684,0.723369181156158,0.583687961101532,0.545661151409149,0.791348278522491,0.984440982341766,0.981509208679199,0.66774445772171,0.418036788702011,0.323618531227112,0.807284355163574,1.05673837661743,1.3686283826828,1.10023760795593,0,0.587888300418854,1.01467633247375,1.21684002876282,0.812816619873047,0,0,0,0.380184024572372,0,0,0,0,0.468179434537888,0.598858237266541,0.825177669525146,0.788251101970673,0,0,0.487323075532913,0.524180054664612,0.987517356872559,0.973781645298004,1.09868705272675,0.883337199687958,0.755661904811859,1.37370419502258,1.58261728286743,1.68698930740356,1.48634171485901,1.35009109973907,1.39720630645752,1.31900322437286,1.18609094619751,1.10906875133514,1.11898148059845,1.0294634103775,1.0579377412796,0.957028687000275,1.14748764038086,1.27015388011932,1.0337415933609,1.03752970695496,1.12239122390747,1.45828926563263,1.28844106197357,1.09348547458649,0,0,0.724535763263702,1.06617748737335,1.04007875919342,0.82559734582901,0.802061557769775,0.756548464298248,0.58074164390564,1.06256234645844,1.14961957931519,1.40096545219421,1.60876429080963,1.73439359664917,1.72160112857819,1.79718971252441,1.33290374279022,1.08883154392242,1.51540279388428,0.950840950012207,0,0.67977911233902,0.813120067119598,0,0,0,0,0,0,0,0.803889691829681,0.555617332458496,0,0,0,0,0,0,0,0,0.509980738162994,0.509221374988556,0.559463918209076,0,0,0.469114899635315,0,0,0,0,0,0,0,0,0,0,0,0,0,0,0,0,0,0,0,0,0,0,0,0,0,0,0,0,0.344983041286469,0,0,0,0,0,0,0,0,0,0,0,0,0,0,0,0,0,0,0,0,0,0,0,0,0,0,0,0,0,0,0,4
Dithmarschen,0,0,0,0,0,0,0,0,0,0,0,0,0,0,0,0,0,0,0,0,0,0,0,0,0,0,0,0,0,0,0,0,0,0,0,0,0,0,0,0,0,0,0,0,0,0,0,0,0,0,0,0,0,0,0,0,0,0,0,0,0,0,0,0,0,0,0,0,0,0,0,0,0,0,0,0,0,0,0,0,0,0,0,0,0,0,0,0,0,0,0,0,0,0,0,0,0,0,0,0,0,0,0,0,0,0,0,0,0,0,0,0,0,0,0,0,0,0,0,0,0,0,0,0,0,0,0,0,0,0,0,0,0,0,0,0,0,0,0,0,0,0,0,0,0,0,3.48510657204315e-05,4.84583433717489e-05,0.0224535204470158,0.0345020033419132,0,0,0,0,0,0,0,0,0,0,0,0,0,0,0,0,0,0,0,0,0,0,0.0738041400909424,0,0.137701377272606,0,0,0,0,0,0,0,0,0,0.000362135004252195,0.284245520830154,0.263581454753876,0.472807109355927,0.422109812498093,0.281579852104187,0.592305600643158,0.411414474248886,0.318556725978851,0,0.316203266382217,0.314534485340118,0.437073171138763,0.475382894277573,0.576630234718323,0.723476111888885,0.583790838718414,0.545594036579132,0.791645586490631,0.984573781490326,0.98176246881485,0.667711734771729,0.418069869279861,0.323844939470291,0.807844221591949,1.05733358860016,1.36908960342407,1.10003328323364,0,0.587603628635406,1.01500177383423,1.21708548069,0.813045918941498,0,0,0.000987674458883703,0.380902260541916,0.000905281747691333,0,0,0,0.467448472976685,0.599199593067169,0.825254738330841,0.787869513034821,0,0,0.487252801656723,0.524457514286041,0.987808346748352,0.974104821681976,1.09915900230408,0.883684158325195,0.756338775157928,1.3740428686142,1.58326733112335,1.68757390975952,1.48689699172974,1.35053527355194,1.39757323265076,1.31913018226624,1.1866854429245,1.10953593254089,1.11926209926605,1.0298844575882,1.05824959278107,0.957669019699097,1.14803886413574,1.27052438259125,1.03431975841522,1.03815877437592,1.12260043621063,1.45880818367004,1.28886282444,1.09370625019073,0,0,0.725192964076996,1.06671905517578,1.04058372974396,0.825993359088898,0.802557528018951,0.756944596767426,0.581369519233704,1.06303739547729,1.15000748634338,1.40170526504517,1.60931575298309,1.73476910591125,1.72235727310181,1.79776763916016,1.33343660831451,1.08935248851776,1.51591467857361,0.951070964336395,0,0.6802978515625,0.813264429569244,0,0,0,0,0,0,0,0.804530441761017,0.556297063827515,0,0,0,0,0,0,0,0,0.510895371437073,0.509611666202545,0.559730350971222,0,0.000889841292519122,0.46930655837059,0,0,0,0,0,0,0,0,0,0,0,0,0,0,0,0,0,0,0,0,0,0,0,0,0,0,0,0,0.345178842544556,0,0,0,0,0,0,0,0,0,0,0,0,0,0,0,0,0,0,0,0,0,0,0,0,0,0,0,0,0,0,0,5
Herzogtum Lauenburg,0,0,0,0,0,0,0,0,0,0,0,0,0,0,0,0,0,0,0,0,0,0,0,0,0,0,0,0,0,0,0,0,0,0,0,0,0,0,0,0,0,0,0,0,0,0,0,0,0,0,0,0,0,0,0,0,0,0,0,0,0,0,0,0,0,0,0,0,0,0,0,0,0,0,0,0,0,0,0,0,0,0,0,0,0,0,0,0,0,0,0,0,0,0,0,0,0,0,0,0,0,0,0,0,0,0,0,0,0,0,0,0,0,0,0,0,0,0,0,0,0,0,0,0,0,0,0,0,0,0,0,0,0,0,0,0,0,0,0,0,0,0,0,1.0433308489155e-05,0,0,0,2.13676030398346e-05,0.0292142033576965,0.0375879555940628,0,0,0,0,0,0,0,0,0,0,0,0,0,0,0,0,0,0,0,0,0,0,0.113839760422707,0.0491196177899837,0.0448368825018406,0.0347586236894131,0,0,0.0463967360556126,0,0.0348798781633377,0.059300173074007,0,0,0,0.366017758846283,0.412048816680908,0.547593832015991,0.559997856616974,0.45496141910553,0.70763111114502,0.518189072608948,0.400068491697311,0.37645497918129,0.459568977355957,0.603983163833618,0.671162784099579,0.614011526107788,0.685345768928528,0.895480573177338,0.852037012577057,0.692381262779236,0.917104065418243,1.19326102733612,1.22048389911652,0.927732884883881,0.744753658771515,0.618129134178162,0.97473132610321,1.2090517282486,1.54623186588287,1.48062789440155,0.631699204444885,0.79077273607254,1.28717350959778,1.60687243938446,1.11320376396179,0.172814473509789,0,0.153717413544655,0.717920780181885,0.515625,0,0,0,0.627183020114899,0.940342903137207,0.989201605319977,1.12283754348755,0.130506366491318,0,0.74908983707428,0.634000837802887,1.2103910446167,1.29776275157928,1.37029623985291,1.23036599159241,0.973215162754059,1.66350328922272,1.83565759658813,1.94084787368774,1.72560286521912,1.61521446704865,1.7010064125061,1.59958565235138,1.31916201114655,1.28498685359955,1.30098211765289,1.25265753269196,1.36509370803833,1.20640814304352,1.47247326374054,1.62035751342773,1.33267819881439,1.28712785243988,1.49945616722107,1.82932937145233,1.69240307807922,1.50377869606018,0.184104815125465,0.206389188766479,0.859977006912231,1.2672415971756,1.47065901756287,1.33417522907257,1.23734629154205,1.1632981300354,0.878491938114166,1.41171658039093,1.588094830513,1.83258831501007,2.10399055480957,2.26594233512878,2.14442777633667,2.22603344917297,1.76557004451752,1.68441736698151,2.12300300598145,1.56549108028412,0,0.565267860889435,1.1635445356369,0,0,0,0,0,0,0,1.13109159469604,0.954659283161163,0,0,0,0,0,0,0,0,0.677578449249268,0.530069947242737,0.849141478538513,0,0.000397046416765079,0.612019002437592,0.491648524999619,0,0,0,0,0,0,0,0,0,0,0,0,0,0.112544879317284,0.260220170021057,0.224721938371658,0.180540457367897,0,0,0,0,0,0,0,0,0,0,0.402803927659988,0,0,0,0,0,0,0,0,0,0,0,0,0,0,0,0,0,0,0,0,0,0,0,0,0,0,0,0,0,0,0,6
Nordfriesland,0,0,0,0,0,0,0,0,0,0,0,0,0,0,0,0,0,0,0,0,0,0,0,0,0,0,0,0,0,0,0,0,0,0,0,0,0,0,0,0,0,0,0,0,0,0,0,0,0,0,0,0,0,0,0,0,0,0,0,0,0,0,0,0,0,0,0,0,0,0,0,0,0,0,0,0,0,0,0,0,0,0,0,0,0,0,0,0,0,0,0,0,0,0,0,0,0,0,0,0,0,0,0,0,0,0,0,0,0,0,0,0,0,0,0,0,0,0,0,0,0,0,0,0,0,0,0,0,0,0,0,0,0,0,0,0,0,0,0,0,0,0,0,0,0,0,0.00502201355993748,0.00698281172662973,0.0329231433570385,0.0386642217636108,0,0,0,0,0,0,0,0,0,0,0,0,0,0,0,0,0,0,0,0,0,0,0.089130811393261,0,0.106888204813004,0,0,0,0,0,0,0,0,0,0.0521833896636963,0.307499319314957,0.280551850795746,0.508733093738556,0.423693895339966,0.326652556657791,0.598304629325867,0.405098587274551,0.352250933647156,0,0.315383434295654,0.360255599021912,0.456115752458572,0.465327888727188,0.57819789648056,0.738777935504913,0.598516881465912,0.535991370677948,0.834186911582947,1.00358510017395,1.0180082321167,0.663030922412872,0.422799080610275,0.356243193149567,0.887961506843567,1.14249849319458,1.43507754802704,1.07078611850739,0,0.54686838388443,1.06158602237701,1.25221920013428,0.845858573913574,0,0,0.142323181033134,0.483685046434402,0.130450427532196,0,0,0,0.362848460674286,0.648052990436554,0.836286067962646,0.733266949653625,0,0,0.477197110652924,0.564160585403442,1.02946054935455,1.02035939693451,1.16668879985809,0.933338761329651,0.853203892707825,1.4225172996521,1.67629086971283,1.77125120162964,1.56636726856232,1.41409051418304,1.45007610321045,1.3373042345047,1.27175676822662,1.17638397216797,1.1594272851944,1.09012007713318,1.10288894176483,1.04930317401886,1.22691524028778,1.32354462146759,1.11706733703613,1.12818276882172,1.1525354385376,1.53307795524597,1.34922587871552,1.12531304359436,0,0,0.819237470626831,1.14421403408051,1.11285519599915,0.882657825946808,0.873523354530334,0.813636660575867,0.671214163303375,1.13101732730865,1.20553147792816,1.50758481025696,1.68822813034058,1.78849792480469,1.83055877685547,1.88045966625214,1.40969061851501,1.16389358043671,1.58917140960693,0.983994245529175,0,0.75452321767807,0.833926200866699,0,0,0,0,0,0,0,0.896221280097961,0.65356171131134,0,0,0,0,0,0,0,0,0.641787469387054,0.565469980239868,0.597860217094421,0,0.128225475549698,0.49673667550087,0,0,0,0,0,0,0,0,0,0,0,0,0,0,0,0,0,0,0,0,0,0,0,0,0,0,0,0,0.373194426298141,0,0,0,0,0,0,0,0,0,0,0,0,0,0,0,0,0,0,0,0,0,0,0,0,0,0,0,0,0,0,0,7
Ostholstein,0,0,0,0,0,0,0,0,0,0,0,0,0,0,0,0,0,0,0,0,0,0,0,0,0,0,0,0,0,0,0,0,0,0,0,0,0,0,0,0,0,0,0,0,0,0,0,0,0,0,0,0,0,0,0,0,0,0,0,0,0,0,0,0,0,0,0,0,0,0,0,0,0,0,0,0,0,0,0,0,0,0,0,0,0,0,0,0,0,0,0,0,0,0,0,0,0,0,0,0,0,0,0,0,0,0,0,0,0,0,0,0,0,0,0,0,0,0,0,0,0,0,0,0,0,0,0,0,0,0,0,0,0,0,0,0,0,0,0,0,0,0,0,0,0,0,0,0,0.0218351762741804,0.0307257752865553,0,0,0,0,0,0,0,0,0,0,0,0,0,0,0,0,0,0,0,0,0,0,0.103053696453571,0,0,0,0,0,0,0,0,0,0,0,0,0.346527248620987,0.38638910651207,0.514233529567719,0.537202775478363,0.407226860523224,0.676389276981354,0.509928703308105,0.353254973888397,0.365728080272675,0.430885523557663,0.540527820587158,0.631233990192413,0.595323443412781,0.665096759796143,0.859143972396851,0.793476104736328,0.706411361694336,0.899574339389801,1.17771708965302,1.1883807182312,0.89825713634491,0.705045104026794,0.535376071929932,0.906950771808624,1.15851652622223,1.52595627307892,1.43428409099579,0.575846910476685,0.761991024017334,1.24507069587708,1.54438185691833,1.047483086586,0,0,0,0.611822128295898,0.431536704301834,0,0,0,0.644364595413208,0.885951697826385,0.952420294284821,1.13023734092712,0,0,0.770591139793396,0.548694431781769,1.15249228477478,1.23517513275146,1.31749260425568,1.16516292095184,0.854959607124329,1.59817779064178,1.7524209022522,1.85611486434937,1.65962255001068,1.5452915430069,1.62967479228973,1.55548405647278,1.18781268596649,1.20227122306824,1.24192249774933,1.18916976451874,1.31371963024139,1.14002120494843,1.40630853176117,1.5524525642395,1.20654106140137,1.17158603668213,1.37263023853302,1.69357132911682,1.56670737266541,1.40098762512207,0,0,0.778870046138763,1.20919287204742,1.33287584781647,1.20599961280823,1.14936506748199,1.1023325920105,0.806670784950256,1.33109617233276,1.44926953315735,1.69916224479675,1.94232606887817,2.11044239997864,2.01602578163147,2.12000727653503,1.64739537239075,1.53574573993683,1.9543684720993,1.47336792945862,0,0.537201762199402,1.00639140605927,0,0,0,0,0,0,0,0.987724721431732,0.824385762214661,0,0,0,0,0,0,0,0,0.577714800834656,0.693602442741394,0.77236407995224,0,0,0.577766180038452,0.465705662965775,0,0,0,0,0,0,0,0,0,0,0,0,0,0,0,0,0,0,0,0,0,0,0,0,0,0,0,0.382862627506256,0,0,0,0,0,0,0,0,0,0,0,0,0,0,0,0,0,0,0,0,0,0,0,0,0,0,0,0,0,0,0,8
Pinneberg,0,0,0,0,0,0,0,0,0,0,0,0,0,0,0,0,0,0,0,0,0,0,0,0,0,0,0,0,0,0,0,0,0,0,0,0,0,0,0,0,0,0,0,0,0,0,0,0,0,0,0,0,0,0,0,0,0,0,0,0,0,0,0,0,0,0,0,0,0,0,0,0,0,0,0,0,0,0,0,0,0,0,0,0,0,0,0,0,0,0,0,0,0,0,0,0,0,0,0,0,0,0,0,0,0,0,0,0,0,0,0,0,0,0,0,0,0,0,0,0,0,0,0,0,0,0,0,0,0,0,0,0,0,0,0,0,0,0,0,0,0,0,0,0,0,0,0.000116043687739875,0.000161351883434691,0.0226239692419767,0.0345697663724422,0,0,0,0,0,0,0,0,0,0,0,0,0,0,0,0,0,0,0,0,0,0,0.074053667485714,0,0.137199714779854,0,0,0,0,0,0,0,0,0,0.00120580196380615,0.284624099731445,0.26385772228241,0.473392009735107,0.422135591506958,0.282313644886017,0.592403292655945,0.411311656236649,0.319105297327042,0,0.316189914941788,0.315278828144073,0.437383204698563,0.475219219923019,0.576655745506287,0.723725199699402,0.584030568599701,0.545437753200531,0.792338192462921,0.984883308410645,0.982352554798126,0.667635500431061,0.418146818876266,0.324372380971909,0.809148490428925,1.05871999263763,1.37016379833221,1.09955704212189,0,0.586940407752991,1.01576018333435,1.21765744686127,0.81358003616333,0,0,0.00328866229392588,0.38257560133934,0.00301431911066175,0,0,0,0.465745538473129,0.599994897842407,0.825434327125549,0.78698056936264,0,0,0.487089097499847,0.525103807449341,0.988486528396606,0.974857866764069,1.1002584695816,0.884492456912994,0.757915794849396,1.37483215332031,1.58478176593781,1.68893623352051,1.48819077014923,1.35156989097595,1.39842784404755,1.3194260597229,1.1880704164505,1.1106241941452,1.11991596221924,1.03086507320404,1.05897641181946,0.959160804748535,1.14932286739349,1.27138757705688,1.03566694259644,1.03962445259094,1.12308776378632,1.46001720428467,1.28984558582306,1.09422075748444,0,0,0.726724028587341,1.0679806470871,1.04176032543182,0.826915800571442,0.803712844848633,0.757867574691772,0.582832157611847,1.06414413452148,1.15091145038605,1.40342903137207,1.61060035228729,1.73564374446869,1.72411870956421,1.79911398887634,1.33467793464661,1.09056603908539,1.51710736751556,0.951607048511505,0,0.681506216526031,0.813600778579712,0,0,0,0,0,0,0,0.806023180484772,0.557880520820618,0,0,0,0,0,0,0,0,0.513026356697083,0.510521054267883,0.560351073741913,0,0.0029629070777446,0.469753116369247,0,0,0,0,0,0,0,0,0,0,0,0,0,0,0,0,0,0,0,0,0,0,0,0,0,0,0,0,0.345634907484055,0,0,0,0,0,0,0,0,0,0,0,0,0,0,0,0,0,0,0,0,0,0,0,0,0,0,0,0,0,0,0,9
Plön,0,0,0,0,0,0,0,0,0,0,0,0,0,0,0,0,0,0,0,0,0,0,0,0,0,0,0,0,0,0,0,0,0,0,0,0,0,0,0,0,0,0,0,0,0,0,0,0,0,0,0,0,0,0,0,0,0,0,0,0,0,0,0,0,0,0,0,0,0,0,0,0,0,0,0,0,0,0,0,0,0,0,0,0,0,0,0,0,0,0,0,0,0,0,0,0,0,0,0,0,0,0,0,0,0,0,0,0,0,0,0,0,0,0,0,0,0,0,0,0,0,0,0,0,0,0,0,0,0,0,0,0,0,0,0,0,0,0,0,0,0,0,0,0,0,0,0,0,0.0219789110124111,0.0317137017846107,0,0,0,0,0,0,0,0,0,0,0,0,0,0,0,0,0,0,0,0,0,0,0.0953138694167137,0,0.0363614298403263,0,0,0,0,0,0,0,0,0,0,0.330063939094543,0.353979855775833,0.50324535369873,0.506855845451355,0.374017268419266,0.654209733009338,0.483967244625092,0.344044774770737,0.269304662942886,0.400651305913925,0.480860888957977,0.580008804798126,0.563719868659973,0.641769826412201,0.823347151279449,0.73816591501236,0.664029896259308,0.87104070186615,1.12676024436951,1.13383936882019,0.837482929229736,0.629375994205475,0.479546636343002,0.880673885345459,1.13168287277222,1.48447704315186,1.34621345996857,0.424026161432266,0.716089129447937,1.18432772159576,1.4580260515213,0.985613763332367,0,0,0,0.550751209259033,0.3177630007267,0,0,0,0.59791374206543,0.810260057449341,0.918873071670532,1.04007339477539,0,0,0.695908069610596,0.542231202125549,1.10899698734283,1.16625916957855,1.25980496406555,1.09086012840271,0.828779935836792,1.53899574279785,1.70765244960785,1.81152522563934,1.6139372587204,1.49382722377777,1.56838500499725,1.49313640594482,1.18735861778259,1.17769849300385,1.20950937271118,1.14706349372864,1.2462831735611,1.09177565574646,1.3380708694458,1.4780250787735,1.16098284721375,1.13624238967896,1.30665528774261,1.63153970241547,1.49334287643433,1.31991517543793,0,0,0.76454496383667,1.17148721218109,1.25568044185638,1.10570728778839,1.05779922008514,1.01116728782654,0.747105002403259,1.26029777526855,1.37026751041412,1.62054324150085,1.85438311100006,2.01129794120789,1.93840146064758,2.03489708900452,1.56448030471802,1.41791772842407,1.83863604068756,1.33560478687286,0,0.57479190826416,0.955435812473297,0,0,0,0,0,0,0,0.939256966114044,0.753525495529175,0,0,0,0,0,0,0,0,0.559856832027435,0.644990742206573,0.716233372688293,0,0,0.549120426177979,0.342923372983932,0,0,0,0,0,0,0,0,0,0,0,0,0,0,0,0,0,0,0,0,0,0,0,0,0,0,0,0.37287575006485,0,0,0,0,0,0,0,0,0,0,0,0,0,0,0,0,0,0,0,0,0,0,0,0,0,0,0,0,0,0,0,10
Rendsburg-Eckernförde,0,0,0,0,0,0,0,0,0,0,0,0,0,0,0,0,0,0,0,0,0,0,0,0,0,0,0,0,0,0,0,0,0,0,0,0,0,0,0,0,0,0,0,0,0,0,0,0,0,0,0,0,0,0,0,0,0,0,0,0,0,0,0,0,0,0,0,0,0,0,0,0,0,0,0,0,0,0,0,0,0,0,0,0,0,0,0,0,0,0,0,0,0,0,0,0,0,0,0,0,0,0,0,0,0,0,0,0,0,0,0,0,0,0,0,0,0,0,0,0,0,0,0,0,0,0,0,0,0,0,0,0,0,0,0,0,0,0,0,0,0,0,0,0,0,0,0,0,0.0223803576081991,0.0344729200005531,0,0,0,0,0,0,0,0,0,0,0,0,0,0,0,0,0,0,0,0,0,0,0.0736970379948616,0,0.137916699051857,0,0,0,0,0,0,0,0,0,0,0.284083038568497,0.263462841510773,0.472556054592133,0.422098726034164,0.281264871358871,0.592263698577881,0.411458641290665,0.318321257829666,0,0.316208988428116,0.3142149746418,0.436940103769302,0.475453197956085,0.576619327068329,0.723369181156158,0.583687961101532,0.545661211013794,0.791348338127136,0.984440922737122,0.98150908946991,0.66774445772171,0.418036818504333,0.323618531227112,0.807284355163574,1.05673837661743,1.3686283826828,1.10023760795593,0,0.587888300418854,1.01467633247375,1.21683990955353,0.812816619873047,0,0,0,0.380184024572372,0,0,0,0,0.468179434537888,0.598858177661896,0.825177669525146,0.788251101970673,0,0,0.487323045730591,0.524180054664612,0.987517297267914,0.973781645298004,1.09868717193604,0.883337140083313,0.755661904811859,1.37370419502258,1.58261728286743,1.68698918819427,1.48634171485901,1.35009109973907,1.39720618724823,1.31900322437286,1.18609094619751,1.10906887054443,1.11898148059845,1.0294634103775,1.0579377412796,0.95702862739563,1.14748764038086,1.27015388011932,1.0337415933609,1.03752970695496,1.12239134311676,1.45828914642334,1.28844106197357,1.09348547458649,0,0,0.724535763263702,1.06617748737335,1.04007863998413,0.82559734582901,0.80206161737442,0.756548464298248,0.58074164390564,1.06256234645844,1.1496194601059,1.40096545219421,1.60876429080963,1.73439359664917,1.72160112857819,1.7971898317337,1.33290374279022,1.08883166313171,1.51540279388428,0.950840950012207,0,0.67977911233902,0.813120067119598,0,0,0,0,0,0,0,0.803889691829681,0.555617332458496,0,0,0,0,0,0,0,0,0.50998067855835,0.509221315383911,0.559463918209076,0,0,0.469114869832993,0,0,0,0,0,0,0,0,0,0,0,0,0,0,0,0,0,0,0,0,0,0,0,0,0,0,0,0,0.344983071088791,0,0,0,0,0,0,0,0,0,0,0,0,0,0,0,0,0,0,0,0,0,0,0,0,0,0,0,0,0,0,0,11
Schleswig-Flensburg,0,0,0,0,0,0,0,0,0,0,0,0,0,0,0,0,0,0,0,0,0,0,0,0,0,0,0,0,0,0,0,0,0,0,0,0,0,0,0,0,0,0,0,0,0,0,0,0,0,0,0,0,0,0,0,0,0,0,0,0,0,0,0,0,0,0,0,0,0,0,0,0,0,0,0,0,0,0,0,0,0,0,0,0,0,0,0,0,0,0,0,0,0,0,0,0,0,0,0,0,0,0,0,0,0,0,0,0,0,0,0,0,0,0,0,0,0,0,0,0,0,0,0,0,0,0,0,0,0,0,0,0,0,0,0,0,0,0,0,0,0,0,0,0,0,0,0,0,0.0223803576081991,0.0344729200005531,0,0,0,0,0,0,0,0,0,0,0,0,0,0,0,0,0,0,0,0,0,0,0.0736970379948616,0,0.137916699051857,0,0,0,0,0,0,0,0,0,0,0.284083008766174,0.263462871313095,0.472556054592133,0.422098726034164,0.281264871358871,0.592263698577881,0.411458611488342,0.318321287631989,0,0.316208988428116,0.3142149746418,0.436940103769302,0.475453197956085,0.576619327068329,0.723369181156158,0.583687901496887,0.545661151409149,0.791348278522491,0.984440982341766,0.981509149074554,0.667744398117065,0.418036818504333,0.323618531227112,0.807284355163574,1.05673837661743,1.3686283826828,1.10023760795593,0,0.587888300418854,1.01467633247375,1.21683990955353,0.812816619873047,0,0,0,0.380184024572372,0,0,0,0,0.46817946434021,0.598858237266541,0.825177609920502,0.788251101970673,0,0,0.487323075532913,0.524180054664612,0.987517356872559,0.973781645298004,1.09868717193604,0.883337140083313,0.755661904811859,1.37370419502258,1.58261728286743,1.68698918819427,1.48634171485901,1.35009109973907,1.39720630645752,1.31900322437286,1.18609094619751,1.10906887054443,1.11898148059845,1.0294634103775,1.0579377412796,0.957028687000275,1.14748764038086,1.27015388011932,1.0337415933609,1.03752970695496,1.12239122390747,1.45828914642334,1.28844106197357,1.09348547458649,0,0,0.724535763263702,1.06617748737335,1.04007875919342,0.82559734582901,0.802061557769775,0.756548464298248,0.58074164390564,1.06256234645844,1.1496194601059,1.40096533298492,1.60876429080963,1.73439359664917,1.72160112857819,1.79718971252441,1.33290374279022,1.08883166313171,1.51540279388428,0.950840950012207,0,0.67977911233902,0.813120007514954,0,0,0,0,0,0,0,0.803889751434326,0.555617332458496,0,0,0,0,0,0,0,0,0.50998067855835,0.509221315383911,0.559463918209076,0,0,0.469114899635315,0,0,0,0,0,0,0,0,0,0,0,0,0,0,0,0,0,0,0,0,0,0,0,0,0,0,0,0,0.344983041286469,0,0,0,0,0,0,0,0,0,0,0,0,0,0,0,0,0,0,0,0,0,0,0,0,0,0,0,0,0,0,0,12
Segeberg,0,0,0,0,0,0,0,0,0,0,0,0,0,0,0,0,0,0,0,0,0,0,0,0,0,0,0,0,0,0,0,0,0,0,0,0,0,0,0,0,0,0,0,0,0,0,0,0,0,0,0,0,0,0,0,0,0,0,0,0,0,0,0,0,0,0,0,0,0,0,0,0,0,0,0,0,0,0,0,0,0,0,0,0,0,0,0,0,0,0,0,0,0,0,0,0,0,0,0,0,0,0,0,0,0,0,0,0,0,0,0,0,0,0,0,0,0,0,0,0,0,0,0,0,0,0,0,0,0,0,0,0,0,0,0,0,0,0,0,0,0,0,0,0,0,0,0,0,0.0222100783139467,0.0333025529980659,0,0,0,0,0,0,0,0,0,0,0,0,0,0,0,0,0,0,0,0,0,0,0.0828661546111107,0,0.0948404669761658,0,0,0,0,0,0,0,0,0,0,0.303586542606354,0.301857054233551,0.485573381185532,0.458049774169922,0.320607244968414,0.618539094924927,0.44221431016922,0.329232305288315,0.114229738712311,0.352026492357254,0.38490042090416,0.497624933719635,0.51289290189743,0.604253947734833,0.765776336193085,0.649212181568146,0.595869123935699,0.825151145458221,1.04480791091919,1.04612243175507,0.739741683006287,0.507679581642151,0.389757871627808,0.838413655757904,1.0885272026062,1.41776752471924,1.20457208156586,0.17985725402832,0.642266690731049,1.08663654327393,1.31914281845093,0.886111199855804,0,0,0,0.452532768249512,0.134784087538719,0,0,0,0.523208260536194,0.688527584075928,0.864920020103455,0.895065426826477,0,0,0.5757976770401,0.531836748123169,1.03904485702515,1.05542397499084,1.16702783107758,0.971361219882965,0.786676049232483,1.44381523132324,1.63565289974213,1.73981320858002,1.5404634475708,1.41105914115906,1.4698144197464,1.39286458492279,1.18662869930267,1.13817918300629,1.15738022327423,1.07934534549713,1.13782739639282,1.01418375968933,1.22832655906677,1.35832571983337,1.08771300315857,1.07940018177032,1.20054972171783,1.53177607059479,1.37535333633423,1.18952918052673,0,0,0.741506278514862,1.11084616184235,1.13152945041656,0.944410383701324,0.910536706447601,0.864548981189728,0.651307225227356,1.14643490314484,1.2432107925415,1.49410283565521,1.71294736862183,1.85184693336487,1.81356036663055,1.89801716804504,1.43113052845001,1.22841858863831,1.65250718593597,1.1140444278717,0,0.63524717092514,0.873485565185547,0,0,0,0,0,0,0,0.861307919025421,0.639563143253326,0,0,0,0,0,0,0,0,0.531136453151703,0.566810071468353,0.625960111618042,0,0,0.50305050611496,0.145456254482269,0,0,0,0,0,0,0,0,0,0,0,0,0,0,0,0,0,0,0,0,0,0,0,0,0,0,0,0.356814205646515,0,0,0,0,0,0,0,0,0,0,0,0,0,0,0,0,0,0,0,0,0,0,0,0,0,0,0,0,0,0,0,13
Steinburg,0,0,0,0,0,0,0,0,0,0,0,0,0,0,0,0,0,0,0,0,0,0,0,0,0,0,0,0,0,0,0,0,0,0,0,0,0,0,0,0,0,0,0,0,0,0,0,0,0,0,0,0,0,0,0,0,0,0,0,0,0,0,0,0,0,0,0,0,0,0,0,0,0,0,0,0,0,0,0,0,0,0,0,0,0,0,0,0,0,0,0,0,0,0,0,0,0,0,0,0,0,0,0,0,0,0,0,0,0,0,0,0,0,0,0,0,0,0,0,0,0,0,0,0,0,0,0,0,0,0,0,0,0,0,0,0,0,0,0,0,0,0,0,0,0,0,0,0,0.0223803576081991,0.0344729162752628,0,0,0,0,0,0,0,0,0,0,0,0,0,0,0,0,0,0,0,0,0,0,0.0736970379948616,0,0.137916699051857,0,0,0,0,0,0,0,0,0,0,0.284083038568497,0.263462841510773,0.472556084394455,0.422098726034164,0.281264901161194,0.592263698577881,0.411458641290665,0.318321287631989,0,0.316208988428116,0.3142149746418,0.436940103769302,0.475453197956085,0.576619267463684,0.723369181156158,0.583687961101532,0.545661151409149,0.791348338127136,0.984440982341766,0.981509149074554,0.667744398117065,0.418036788702011,0.323618501424789,0.807284355163574,1.05673837661743,1.3686283826828,1.10023760795593,0,0.587888300418854,1.01467633247375,1.21684002876282,0.812816619873047,0,0,0,0.380184024572372,0,0,0,0,0.46817946434021,0.598858177661896,0.825177669525146,0.788251101970673,0,0,0.487323075532913,0.524180054664612,0.987517356872559,0.973781645298004,1.09868717193604,0.883337140083313,0.755661904811859,1.37370419502258,1.58261728286743,1.68698930740356,1.48634171485901,1.35009121894836,1.39720618724823,1.31900322437286,1.18609094619751,1.10906875133514,1.11898148059845,1.0294634103775,1.0579377412796,0.95702862739563,1.14748764038086,1.27015388011932,1.0337415933609,1.03752970695496,1.12239122390747,1.45828914642334,1.28844106197357,1.0934853553772,0,0,0.724535763263702,1.06617748737335,1.04007863998413,0.82559734582901,0.802061557769775,0.756548464298248,0.58074164390564,1.06256234645844,1.14961957931519,1.40096533298492,1.60876429080963,1.73439359664917,1.72160112857819,1.7971898317337,1.33290374279022,1.08883154392242,1.51540279388428,0.950840950012207,0,0.679779171943665,0.813120067119598,0,0,0,0,0,0,0,0.803889691829681,0.555617332458496,0,0,0,0,0,0,0,0,0.50998067855835,0.509221315383911,0.559463918209076,0,0,0.469114869832993,0,0,0,0,0,0,0,0,0,0,0,0,0,0,0,0,0,0,0,0,0,0,0,0,0,0,0,0,0.344983071088791,0,0,0,0,0,0,0,0,0,0,0,0,0,0,0,0,0,0,0,0,0,0,0,0,0,0,0,0,0,0,0,14
Stormarn,0,0,0,0,0,0,0,0,0,0,0,0,0,0,0,0,0,0,0,0,0,0,0,0,0,0,0,0,0,0,0,0,0,0,0,0,0,0,0,0,0,0,0,0,0,0,0,0,0,0,0,0,0,0,0,0,0,0,0,0,0,0,0,0,0,0,0,0,0,0,0,0,0,0,0,0,0,0,0,0,0,0,0,0,0,0,0,0,0,0,0,0,0,0,0,0,0,0,0,0,0,0,0,0,0,0,0,0,0,0,0,0,0,0,0,0,0,0,0,0,0,0,0,0,0,0,0,0,0,0,0,0,0,0,0,0,0,0,0,0,0,0,0,3.57472799805691e-06,0,0,0,7.32110720491619e-06,0.0219912603497505,0.0317290052771568,0,0,0,0,0,0,0,0,0,0,0,0,0,0,0,0,0,0,0,0,0,0,0.0952189266681671,5.05929237988312e-05,0.03680769354105,0,0,0,3.97372641600668e-05,0,0,4.9754624342313e-05,0,0,0,0.329850375652313,0.353582859039307,0.503075122833252,0.506435811519623,0.373619467020035,0.653873920440674,0.483576059341431,0.343913584947586,0.268173843622208,0.400265723466873,0.48016893863678,0.579348027706146,0.563251793384552,0.641403138637543,0.822831869125366,0.737441062927246,0.663436114788055,0.870587229728699,1.12600636482239,1.1330531835556,0.836667537689209,0.628442704677582,0.478912860155106,0.88029956817627,1.1312460899353,1.48377823829651,1.34501171112061,0.422277420759201,0.715484261512756,1.18348824977875,1.45684695243835,0.984792292118073,0.000169537321198732,0,0.000154893816215917,0.55008852481842,0.316504120826721,0,0,0,0.597262501716614,0.80927038192749,0.918354272842407,1.03879904747009,0,0,0.694873631000519,0.542158901691437,1.10836684703827,1.16532731056213,1.2589510679245,1.08987355232239,0.828460931777954,1.5381121635437,1.70692706108093,1.81078326702118,1.61320674419403,1.49303996562958,1.56745207309723,1.49216449260712,1.18728566169739,1.17729008197784,1.20897614955902,1.14645707607269,1.24532735347748,1.09112107753754,1.33714437484741,1.47697067260742,1.16035234928131,1.13573884963989,1.30576014518738,1.63063859939575,1.49232697486877,1.31881737709045,0,0.000213065111893229,0.764326751232147,1.17090690135956,1.25467836856842,1.10440754890442,1.05663681030273,1.00998401641846,0.746335208415985,1.25933289527893,1.36921942234039,1.61945927143097,1.85315573215485,2.00992870330811,1.93728137016296,2.03362560272217,1.56330978870392,1.41638076305389,1.83708119392395,1.33382141590118,0,0.575179934501648,0.954774618148804,0,0,0,0,0,0,0,0.938659429550171,0.752672910690308,0,0,0,0,0,0,0,0,0.559676945209503,0.644160270690918,0.715467214584351,0,0.000136038608616218,0.548738241195679,0.341501325368881,0,0,0,0,0,0,0,0,0,0,0,0,0,0,0.000214732994209044,0.000167147736647166,0.000169564053067006,0,0,0,0,0,0,0,0,0,0,0.372738748788834,0,0,0,0,0,0,0,0,0,0,0,0,0,0,0,0,0,0,0,0,0,0,0,0,0,0,0,0,0,0,0,15
Hamburg,0,0,0,0,0,0,0,0,0,0,0,0,0,0,0,0,0,0,0,0,0,0,0,0,0,0,0,0,0,0,0,0,0,0,0,0,0,0,0,0,0,0,0,0,0,0,0,0,0,0,0,0,0,0,0,0,0,0,0,0,0,0,0,0,0,0,0,0,0,0,0,0,0,0,0,0,0,0,0,0,0,0,0,0,0,0,0,0,0,0,0,0,0,0,0,0,0,0,0,0,0,0,0,0,0,0,0,0,0,0,0,0,0,0,0,0,0,0,0,0,0,0,0,0,0,0,0,0,0,0,0,0,0,0,0,0,0,0,0,0,0,0,0,0.00259832572191954,0,0,0.000129424370243214,0.00550137460231781,0.0310398079454899,0.0372902750968933,0,0,0,0,0,0,0,0,0,0,0,0,0,0,0,0,0,0,0,0,0,0,0.0774917304515839,0.0416929312050343,0.13090093433857,0.00349131925031543,0,0,0.0335320755839348,0,0.00350349885411561,0.0421064347028732,0,0,0.00134483957663178,0.283133536577225,0.276580989360809,0.454401552677155,0.398808658123016,0.304115027189255,0.555860459804535,0.367036640644073,0.313409388065338,0.0677141100168228,0.317432343959808,0.368656814098358,0.433262228965759,0.428079843521118,0.527137637138367,0.682783722877502,0.572829365730286,0.502971708774567,0.727583765983582,0.908153355121613,0.916799366474152,0.638032734394073,0.441134810447693,0.386594206094742,0.786251425743103,0.993786752223969,1.2466596364975,1.04230189323425,0.133591786026955,0.573080718517303,0.969721078872681,1.16279458999634,0.79334956407547,0.140538439154625,0,0.131648629903793,0.474605530500412,0.145205304026604,0,0,0,0.418473154306412,0.583743572235107,0.761293709278107,0.690756559371948,0.0131086725741625,0,0.421235799789429,0.540740847587585,0.937230706214905,0.938986361026764,1.0167179107666,0.858817875385284,0.779455840587616,1.28466010093689,1.47873866558075,1.5693963766098,1.38512539863586,1.26078057289124,1.29260516166687,1.19200193881989,1.1526266336441,1.04864299297333,1.03711652755737,0.984727382659912,0.990981459617615,0.934923410415649,1.11155354976654,1.19788467884064,1.010138630867,1.01126730442047,1.09336054325104,1.39051675796509,1.24025237560272,1.05377650260925,0.0184923503547907,0.175536677241325,0.708560526371002,0.999726355075836,1.03878617286682,0.819471478462219,0.811727821826935,0.744230687618256,0.579708814620972,1.02353549003601,1.13133478164673,1.35375046730042,1.54540872573853,1.66981840133667,1.63871538639069,1.670126080513,1.2601842880249,1.07447743415833,1.47075843811035,0.934289574623108,0,0.620171844959259,0.81837260723114,0,0,0,0,0,0,0,0.832981050014496,0.60452139377594,0,0,0,0,0,0,0,0,0.557208180427551,0.338641107082367,0.528580665588379,0,0.102185547351837,0.459420293569565,0.100444756448269,0,0,0,0,0,0,0,0,0,0,0,0,0,0.0113045368343592,0.182155534625053,0.144016087055206,0.141333907842636,0,0,0,0,0,0,0,0,0,0,0.340177714824677,0,0,0,0,0,0,0,0,0,0,0,0,0,0,0,0,0,0,0,0,0,0,0,0,0,0,0,0,0,0,0,16
Braunschweig,0,0,0,0,0,0,0,0,0,0,0,0,0,0,0,0,0,0,0,0,0,0,0,0,0,0,0,0,0,0,0,0,0,0,0,0,0,0,0,0,0,0,0,0,0,0,0,0,0,0,0,0,0,0,0,0,0,0,0,0,0,0,0,0,0,0,0,0,0,0,0,0,0,0,0,0,0,0,0,0,0,0,0,0,0,0,0,0,0,0,0,0,0,0,0,0,0,0,0,0,0,0,0,0,0,0,0,0,0,0,0,0,0,0,0,0,0,0,0,0,0,0,0,0,0,0,0,0,0,0,0,0,0,0,0,0,0,0,0,0,0,0,0,0,0,0,0,0,0.0531816259026527,0.059938907623291,0,0,0,0,0,0,0,0,0,0,0,0,0,0,0,0,0,0,0,0,0,0,0.149257838726044,0.208932757377625,0.190411254763603,0.148293361067772,0,0,0.197451084852219,0,0.148810669779778,0.252377271652222,0,0,0,0.430222809314728,0.496637850999832,0.657266914844513,0.635781764984131,0.611562371253967,0.811007738113403,0.54670262336731,0.553428173065186,0.413171112537384,0.554172098636627,0.812193989753723,0.803223729133606,0.676817834377289,0.753052413463593,1.01598155498505,1.04522979259491,0.648496329784393,0.976339161396027,1.24686646461487,1.328120470047,1.02634716033936,0.876344382762909,0.889142155647278,1.19740927219391,1.37610733509064,1.61582744121552,1.63563990592957,0.816380560398102,0.886412501335144,1.42733728885651,1.81456506252289,1.33014285564423,0.73518043756485,0,0.653887510299683,1.0648752450943,0.791330218315125,0,0,0,0.573195934295654,1.12059330940247,1.11148750782013,1.10293817520142,0.556789219379425,0,0.682133972644806,0.912713408470154,1.40176212787628,1.50493788719177,1.54598617553711,1.44607138633728,1.36008679866791,1.88027226924896,2.11081433296204,2.22112035751343,1.9443393945694,1.84679353237152,1.9377338886261,1.74772167205811,1.74904930591583,1.557093501091,1.49636363983154,1.46216678619385,1.53612899780273,1.42519736289978,1.69135284423828,1.84571623802185,1.7466801404953,1.66625344753265,1.91637635231018,2.27600860595703,2.10618758201599,1.84277594089508,0.785460293292999,0.877880752086639,1.12577688694,1.45922672748566,1.92326021194458,1.75612950325012,1.52742123603821,1.36544263362885,1.11501049995422,1.67796170711517,2.04443788528442,2.27179265022278,2.63601899147034,2.77816152572632,2.56779623031616,2.57724022865295,2.15548133850098,2.17401599884033,2.67829966545105,1.8708860874176,0,0.656945943832397,1.67854559421539,0,0,0,0,0,0,0,1.60058856010437,1.38168370723724,0,0,0,0,0,0,0,0,1.00371384620667,0,1.10224545001984,0,0,0.724976599216461,0.578301906585693,0,0,0,0,0,0,0,0,0,0,0,0,0,0.480158746242523,1.10752320289612,0.956666886806488,0.76814204454422,0,0,0,0,0,0,0,0,0,0,0.468360930681229,0,0,0,0,0,0,0,0,0,0,0,0,0,0,0,0,0,0,0,0,0,0,0,0,0,0,0,0,0,0,0,17
Salzgitter,0,0,0,0,0,0,0,0,0,0,0,0,0,0,0,0,0,0,0,0,0,0,0,0,0,0,0,0,0,0,0,0,0,0,0,0,0,0,0,0,0,0,0,0,0,0,0,0,0,0,0,0,0,0,0,0,0,0,0,0,0,0,0,0,0,0,0,0,0,0,0,0,0,0,0,0,0,0,0,0,0,0,0,0,0,0,0,0,0,0,0,0,0,0,0,0,0,0,0,0,0,0,0,0,0,0,0,0,0,0,0,0,0,0,0,0,0,0,0,0,0,0,0,0,0,0,0,0,0,0,0,0,0,0,0,0,0,0,0,0,0,0,0,0.000183908938197419,0,0,0,0.000376648851670325,0.0530388094484806,0.059521745890379,0,0,0,0,0,0,0,0,0,0,0,0,0,0,0,0,0,0,0,0,0,0,0.147691503167152,0.206887885928154,0.188716068863869,0.144994556903839,0,0,0.195103138685226,0,0.145500361919403,0.249322846531868,0,0,0,0.426618456840515,0.491959661245346,0.651499271392822,0.629020869731903,0.605198979377747,0.803189635276794,0.540336191654205,0.547396898269653,0.408084392547607,0.548570156097412,0.80405592918396,0.794170022010803,0.668668270111084,0.745328545570374,1.0060840845108,1.03339803218842,0.643033504486084,0.967324376106262,1.23515701293945,1.31518578529358,1.01567804813385,0.867011845111847,0.880017518997192,1.18644487857819,1.36385869979858,1.60116231441498,1.61879074573517,0.806315302848816,0.878301084041595,1.41420269012451,1.79638278484344,1.31633472442627,0.727548480033875,0,0.647310554981232,1.05499756336212,0.782448053359985,0,0,0,0.567358791828156,1.10695827007294,1.10009956359863,1.08861315250397,0.544403374195099,0,0.672816574573517,0.904522240161896,1.38822114467621,1.48968946933746,1.52936482429504,1.43078887462616,1.34714031219482,1.86176800727844,2.09066104888916,2.19987154006958,1.92607796192169,1.82847857475281,1.91730892658234,1.72844779491425,1.73306322097778,1.54198086261749,1.48147165775299,1.44854319095612,1.51987361907959,1.41226971149445,1.67566013336182,1.8267410993576,1.72781026363373,1.64919567108154,1.89528119564056,2.25152254104614,2.08311247825623,1.82199048995972,0.767987668514252,0.869313776493073,1.11487913131714,1.44498264789581,1.90191769599915,1.73334157466888,1.51063072681427,1.34990727901459,1.1019971370697,1.66035950183868,2.02164554595947,2.24743366241455,2.60682678222656,2.74853420257568,2.54149723052979,2.54944276809692,2.13052535057068,2.14691472053528,2.64719891548157,1.84765458106995,0,0.653136610984802,1.6581859588623,0,0,0,0,0,0,0,1.58342885971069,1.36521399021149,0,0,0,0,0,0,0,0,0.995010316371918,0,1.08701086044312,0,0.00699877599254251,0.718122005462646,0.571583330631256,0,0,0,0,0,0,0,0,0,0,0,0,0,0.469477593898773,1.09393358230591,0.943985104560852,0.759778201580048,0,0,0,0,0,0,0,0,0,0,0.465019226074219,0,0,0,0,0,0,0,0,0,0,0,0,0,0,0,0,0,0,0,0,0,0,0,0,0,0,0,0,0,0,0,18
Wolfsburg,0,0,0,0,0,0,0,0,0,0,0,0,0,0,0,0,0,0,0,0,0,0,0,0,0,0,0,0,0,0,0,0,0,0,0,0,0,0,0,0,0,0,0,0,0,0,0,0,0,0,0,0,0,0,0,0,0,0,0,0,0,0,0,0,0,0,0,0,0,0,0,0,0,0,0,0,0,0,0,0,0,0,0,0,0,0,0,0,0,0,0,0,0,0,0,0,0,0,0,0,0,0,0,0,0,0,0,0,0,0,0,0,0,0,0,0,0,0,0,0,0,0,0,0,0,0,0,0,0,0,0,0,0,0,0,0,0,0,0,0,0,0,0,0,0,0,0,0,0.053181629627943,0.0599389038980007,0,0,0,0,0,0,0,0,0,0,0,0,0,0,0,0,0,0,0,0,0,0,0.149257853627205,0.208932757377625,0.190411239862442,0.148293346166611,0,0,0.19745109975338,0,0.148810669779778,0.252377271652222,0,0,0,0.430222809314728,0.496637850999832,0.657266974449158,0.635781764984131,0.611562371253967,0.811007738113403,0.54670262336731,0.553428173065186,0.413171112537384,0.554172158241272,0.812193930149078,0.803223729133606,0.676817774772644,0.753052473068237,1.01598155498505,1.04522967338562,0.648496329784393,0.976339161396027,1.24686646461487,1.32812035083771,1.02634716033936,0.876344382762909,0.889142096042633,1.19740927219391,1.37610721588135,1.61582732200623,1.63563990592957,0.816380500793457,0.886412501335144,1.42733728885651,1.81456506252289,1.33014285564423,0.73518043756485,0,0.653887450695038,1.06487512588501,0.791330218315125,0,0,0,0.57319587469101,1.12059330940247,1.11148750782013,1.10293817520142,0.556789219379425,0,0.682133972644806,0.912713408470154,1.40176212787628,1.50493776798248,1.5459862947464,1.44607138633728,1.36008667945862,1.88027215003967,2.11081409454346,2.22112035751343,1.94433927536011,1.84679353237152,1.93773376941681,1.74772167205811,1.74904930591583,1.55709362030029,1.49636352062225,1.46216678619385,1.53612899780273,1.42519724369049,1.69135284423828,1.84571611881256,1.74668025970459,1.66625344753265,1.91637635231018,2.27600860595703,2.10618758201599,1.84277582168579,0.785460293292999,0.877880692481995,1.12577688694,1.45922672748566,1.92326021194458,1.75612950325012,1.52742123603821,1.36544275283813,1.11501049995422,1.67796182632446,2.04443788528442,2.27179265022278,2.63601899147034,2.77816128730774,2.56779646873474,2.57724046707153,2.15548157691956,2.17401599884033,2.67829990386963,1.87088620662689,0,0.656945943832397,1.67854571342468,0,0,0,0,0,0,0,1.60058844089508,1.38168358802795,0,0,0,0,0,0,0,0,1.00371396541595,0,1.10224545001984,0,0,0.724976658821106,0.578301906585693,0,0,0,0,0,0,0,0,0,0,0,0,0,0.480158746242523,1.10752308368683,0.956666946411133,0.768141984939575,0,0,0,0,0,0,0,0,0,0,0.468360930681229,0,0,0,0,0,0,0,0,0,0,0,0,0,0,0,0,0,0,0,0,0,0,0,0,0,0,0,0,0,0,0,19
Gifhorn,0,0,0,0,0,0,0,0,0,0,0,0,0,0,0,0,0,0,0,0,0,0,0,0,0,0,0,0,0,0,0,0,0,0,0,0,0,0,0,0,0,0,0,0,0,0,0,0,0,0,0,0,0,0,0,0,0,0,0,0,0,0,0,0,0,0,0,0,0,0,0,0,0,0,0,0,0,0,0,0,0,0,0,0,0,0,0,0,0,0,0,0,0,0,0,0,0,0,0,0,0,0,0,0,0,0,0,0,0,0,0,0,0,0,0,0,0,0,0,0,0,0,0,0,0,0,0,0,0,0,0,0,0,0,0,0,0,0,0,0,0,0,0,0,0,0,0,0,0.053181629627943,0.0599389113485813,0,0,0,0,0,0,0,0,0,0,0,0,0,0,0,0,0,0,0,0,0,0,0.149257838726044,0.208932772278786,0.190411254763603,0.148293346166611,0,0,0.19745109975338,0,0.148810669779778,0.252377271652222,0,0,0,0.430222779512405,0.496637880802155,0.657266974449158,0.635781764984131,0.611562371253967,0.811007738113403,0.54670262336731,0.55342823266983,0.413171112537384,0.554172098636627,0.812193989753723,0.803223669528961,0.676817834377289,0.753052413463593,1.01598155498505,1.04522967338562,0.648496329784393,0.976339101791382,1.24686646461487,1.328120470047,1.02634716033936,0.876344442367554,0.889142155647278,1.19740915298462,1.37610733509064,1.61582744121552,1.63563978672028,0.816380560398102,0.886412441730499,1.4273374080658,1.81456518173218,1.33014285564423,0.73518043756485,0,0.653887510299683,1.06487512588501,0.791330218315125,0,0,0,0.573195934295654,1.12059330940247,1.11148750782013,1.10293817520142,0.556789219379425,0,0.682133972644806,0.912713408470154,1.40176212787628,1.50493776798248,1.54598617553711,1.44607138633728,1.36008667945862,1.88027238845825,2.11081409454346,2.22112011909485,1.9443393945694,1.84679353237152,1.93773376941681,1.74772155284882,1.74904930591583,1.55709362030029,1.49636352062225,1.46216678619385,1.53612899780273,1.42519724369049,1.69135296344757,1.84571611881256,1.74668025970459,1.66625344753265,1.91637635231018,2.27600860595703,2.10618758201599,1.84277582168579,0.785460293292999,0.877880752086639,1.12577688694,1.45922672748566,1.92326009273529,1.75612950325012,1.5274213552475,1.36544275283813,1.11501049995422,1.67796182632446,2.044438123703,2.27179265022278,2.63601899147034,2.77816152572632,2.56779646873474,2.57724022865295,2.15548157691956,2.17401576042175,2.67829990386963,1.87088620662689,0,0.656945943832397,1.67854571342468,0,0,0,0,0,0,0,1.60058844089508,1.38168370723724,0,0,0,0,0,0,0,0,1.00371384620667,0,1.10224545001984,0,0,0.724976658821106,0.578301906585693,0,0,0,0,0,0,0,0,0,0,0,0,0,0.480158776044846,1.10752308368683,0.956666946411133,0.76814204454422,0,0,0,0,0,0,0,0,0,0,0.468360930681229,0,0,0,0,0,0,0,0,0,0,0,0,0,0,0,0,0,0,0,0,0,0,0,0,0,0,0,0,0,0,0,20
Goslar,0,0,0,0,0,0,0,0,0,0,0,0,0,0,0,0,0,0,0,0,0,0,0,0,0,0,0,0,0,0,0,0,0,0,0,0,0,0,0,0,0,0,0,0,0,0,0,0,0,0,0,0,0,0,0,0,0,0,0,0,0,0,0,0,0,0,0,0,0,0,0,0,0,0,0,0,0,0,0,0,0,0,0,0,0,0,0,0,0,0,0,0,0,0,0,0,0,0,0,0,0,0,0,0,0,0,0,0,0,0,0,0,0,0,0,0,0,0,0,0,0,0,0,0,0,0,0,0,0,0,0,0,0,0,0,0,0,0,0,0,0,0,0,2.28762182814535e-05,0,0,0,4.68509024358355e-05,0.0156279224902391,0.0107649983838201,0,0,0,0,0,0,0,0,0,0,0,0,0,0,0,0,0,0,0,0,0,0,0.00869644805788994,0.0353282950818539,0.0111319255083799,0.00842349417507648,0,0,0.042682483792305,0,0.00845287926495075,0.0146541642025113,0,0,0,0.123543687164783,0.154339969158173,0.203478038311005,0.201515465974808,0.207937255501747,0.270281732082367,0.115203648805618,0.113949753344059,0.023979851976037,0.171378761529922,0.258611679077148,0.242560282349586,0.146390318870544,0.227860242128372,0.350496977567673,0.375234991312027,0.18793423473835,0.337404519319534,0.437729150056839,0.486998081207275,0.364183187484741,0.315193772315979,0.353715479373932,0.459866285324097,0.517639517784119,0.609975576400757,0.665838837623596,0.416228860616684,0.324991703033447,0.544687569141388,0.723476409912109,0.56137752532959,0.274530380964279,0,0.186543792486191,0.479437172412872,0.499242305755615,0,0,0,0.160201504826546,0.269894480705261,0.361783683300018,0.255889356136322,0.0316272489726543,0,0.0394757054746151,0.260111957788467,0.51463770866394,0.517520785331726,0.644281387329102,0.583711981773376,0.584079205989838,0.755782246589661,0.85187965631485,0.889937162399292,0.805720448493958,0.732744455337524,0.713988125324249,0.619788408279419,0.715046405792236,0.587654292583466,0.54519385099411,0.551695883274078,0.524802148342133,0.58589780330658,0.680492579936981,0.71889054775238,0.637973248958588,0.654471039772034,0.787688612937927,0.809033095836639,0.756213366985321,0.568320035934448,0.231851354241371,0.0512296743690968,0.342340022325516,0.507700324058533,0.657851815223694,0.743073403835297,0.588919222354889,0.351384073495865,0.307727217674255,0.554078280925751,0.711325645446777,0.803534686565399,0.953831195831299,0.974011600017548,0.898881673812866,0.935069501399994,0.817306041717529,0.83421391248703,0.960685908794403,0.664040803909302,0,0.202496975660324,0.59243106842041,0,0,0,0,0,0,0,0.528261303901672,0.467019259929657,0,0.328519403934479,0,0,0,0,0,0,0.280102372169495,0,0.225514963269234,0,0.000870569434482604,0.0423341877758503,0.0336137004196644,0,0,0,0,0,0,0,0,0,0,0,0,0,0.257194697856903,0.469481825828552,0.379766553640366,0.265636295080185,0,0,0,0,0,0,0,0,0,0,0.0274845622479916,0,0,0,0,0,0,0,0,0,0,0,0,0,0,0,0,0,0,0,0,0,0,0,0,0,0,0,0,0,0,0,21
Helmstedt,0,0,0,0,0,0,0,0,0,0,0,0,0,0,0,0,0,0,0,0,0,0,0,0,0,0,0,0,0,0,0,0,0,0,0,0,0,0,0,0,0,0,0,0,0,0,0,0,0,0,0,0,0,0,0,0,0,0,0,0,0,0,0,0,0,0,0,0,0,0,0,0,0,0,0,0,0,0,0,0,0,0,0,0,0,0,0,0,0,0,0,0,0,0,0,0,0,0,0,0,0,0,0,0,0,0,0,0,0,0,0,0,0,0,0,0,0,0,0,0,0,0,0,0,0,0,0,0,0,0,0,0,0,0,0,0,0,0,0,0,0,0,0,0,0,0,0,0,0.0531816259026527,0.0599389113485813,0,0,0,0,0,0,0,0,0,0,0,0,0,0,0,0,0,0,0,0,0,0,0.149257838726044,0.208932757377625,0.190411239862442,0.148293346166611,0,0,0.197451084852219,0,0.148810669779778,0.252377271652222,0,0,0,0.430222779512405,0.496637850999832,0.657266914844513,0.635781764984131,0.611562311649323,0.811007797718048,0.54670262336731,0.553428173065186,0.413171112537384,0.554172158241272,0.812193989753723,0.803223729133606,0.676817834377289,0.753052473068237,1.01598155498505,1.04522967338562,0.648496329784393,0.976339101791382,1.24686646461487,1.328120470047,1.02634716033936,0.876344442367554,0.889142155647278,1.19740927219391,1.37610733509064,1.61582744121552,1.63563978672028,0.816380560398102,0.886412501335144,1.4273374080658,1.81456518173218,1.33014297485352,0.73518043756485,0,0.653887450695038,1.0648752450943,0.791330277919769,0,0,0,0.573195934295654,1.12059330940247,1.11148750782013,1.10293817520142,0.556789219379425,0,0.682133972644806,0.912713468074799,1.40176212787628,1.50493788719177,1.54598617553711,1.44607138633728,1.36008679866791,1.88027238845825,2.11081409454346,2.22112011909485,1.9443393945694,1.84679353237152,1.93773376941681,1.74772167205811,1.74904930591583,1.557093501091,1.49636363983154,1.46216690540314,1.53612899780273,1.42519736289978,1.69135296344757,1.84571623802185,1.74668025970459,1.66625356674194,1.91637635231018,2.27600860595703,2.10618758201599,1.84277582168579,0.785460293292999,0.877880752086639,1.12577688694,1.45922672748566,1.923259973526,1.75612950325012,1.5274213552475,1.36544275283813,1.11501049995422,1.67796182632446,2.04443788528442,2.27179288864136,2.63601922988892,2.77816152572632,2.56779623031616,2.57724022865295,2.15548133850098,2.17401576042175,2.67829990386963,1.87088620662689,0,0.656945884227753,1.67854571342468,0,0,0,0,0,0,0,1.60058844089508,1.38168370723724,0,0,0,0,0,0,0,0,1.00371384620667,0,1.10224545001984,0,0,0.724976599216461,0.578301906585693,0,0,0,0,0,0,0,0,0,0,0,0,0,0.480158776044846,1.10752308368683,0.956666946411133,0.768141984939575,0,0,0,0,0,0,0,0,0,0,0.468360930681229,0,0,0,0,0,0,0,0,0,0,0,0,0,0,0,0,0,0,0,0,0,0,0,0,0,0,0,0,0,0,0,22
Northeim,0,0,0,0,0,0,0,0,0,0,0,0,0,0,0,0,0,0,0,0,0,0,0,0,0,0,0,0,0,0,0,0,0,0,0,0,0,0,0,0,0,0,0,0,0,0,0,0,0,0,0,0,0,0,0,0,0,0,0,0,0,0,0,0,0,0,0,0,0,0,0,0,0,0,0,0,0,0,0,0,0,0,0,0,0,0,0,0,0,0,0,0,0,0,0,0,0,0,0,0,0,0,0,0,0,0,0,0,0,0,0,0,0,0,0,0,0,0,0,0,0,0,0,0,0,0,0,0,0,0,0,0,0,0,0,0,0,0,0,0,0,0,0,0,0,0,0,0,0.0228965412825346,0,0,0,0,0,0,0,0,0,0,0,0,0,0,0,0,0,0,0,0,0,0,0,0,0.0387454181909561,0,0,0,0,0.0456596538424492,0,0,0,0,0,0,0.125938892364502,0.162945449352264,0.218246415257454,0.188791185617447,0.215232610702515,0.284293711185455,0,0,0,0.150916263461113,0.2538743019104,0.204054042696953,0,0.191177144646645,0.325060248374939,0.337880820035934,0.182205468416214,0.331699788570404,0.437517195940018,0.480744808912277,0.346970111131668,0.290521889925003,0.347230911254883,0.476514577865601,0.537965893745422,0.609034836292267,0.661364734172821,0.424382477998734,0.333588600158691,0.537975966930389,0.703139245510101,0.533710539340973,0.230896353721619,0,0,0.492524981498718,0.512124121189117,0,0,0,0,0,0.284733384847641,0,0,0,0,0,0.467927575111389,0.477324217557907,0.583252489566803,0.535364627838135,0.56642884016037,0.725682199001312,0.828666865825653,0.869075179100037,0.810365796089172,0.723647892475128,0.625944495201111,0.512768745422363,0.676750600337982,0.565170347690582,0.484214693307877,0.514886617660522,0.477718114852905,0.559839963912964,0.685412585735321,0.644287347793579,0.599012613296509,0.566931009292603,0.695021212100983,0.730058789253235,0.60468602180481,0.398499667644501,0,0,0.332222640514374,0.444488793611526,0.562107980251312,0.624038398265839,0.464714765548706,0,0,0.465025633573532,0.607174217700958,0.705446064472198,0.844784080982208,0.874506890773773,0.806602478027344,0.822722733020782,0.718382775783539,0.705683767795563,0.81039834022522,0.461492121219635,0,0,0.458499699831009,0,0,0,0,0,0,0,0.439965069293976,0.35502901673317,0,0.237524941563606,0,0,0,0,0,0,0.227017730474472,0,0,0,0,0,0,0,0,0,0,0,0,0,0,0,0,0,0,0,0.205798402428627,0.3891741335392,0.303642362356186,0.219592928886414,0,0,0,0,0,0,0,0,0,0,0,0,0,0,0,0,0,0,0,0,0,0,0,0,0,0,0,0,0,0,0,0,0,0,0,0,0,0,0,0,0,0,23
Peine,0,0,0,0,0,0,0,0,0,0,0,0,0,0,0,0,0,0,0,0,0,0,0,0,0,0,0,0,0,0,0,0,0,0,0,0,0,0,0,0,0,0,0,0,0,0,0,0,0,0,0,0,0,0,0,0,0,0,0,0,0,0,0,0,0,0,0,0,0,0,0,0,0,0,0,0,0,0,0,0,0,0,0,0,0,0,0,0,0,0,0,0,0,0,0,0,0,0,0,0,0,0,0,0,0,0,0,0,0,0,0,0,0,0,0,0,0,0,0,0,0,0,0,0,0,0,0,0,0,0,0,0,0,0,0,0,0,0,0,0,0,0,0,0.00362771609798074,0,0,0,0.00742962770164013,0.0503643974661827,0.0517101101577282,0,0,0,0,0,0,0,0,0,0,0,0,0,0,0,0,0,0,0,0,0,0,0.118360906839371,0.168596357107162,0.156972408294678,0.0832225307822227,0,0,0.151136234402657,0,0.0835128501057625,0.192126780748367,0,0,0,0.359125047922134,0.404356837272644,0.543496012687683,0.502419769763947,0.486041069030762,0.656790316104889,0.421120285987854,0.434456914663315,0.312831997871399,0.443670064210892,0.651666581630707,0.624634325504303,0.516063332557678,0.600692629814148,0.820746660232544,0.811840891838074,0.540738165378571,0.798516809940338,1.01588892936707,1.07297515869141,0.815892398357391,0.692252576351166,0.709153532981873,0.981131076812744,1.13449382781982,1.32655072212219,1.30327880382538,0.617836952209473,0.72640997171402,1.1682448387146,1.45590698719025,1.05776798725128,0.584635138511658,0,0.524152755737305,0.870032668113708,0.616122782230377,0,0,0,0.458054214715958,0.851634502410889,0.886851251125336,0.820369124412537,0.312471240758896,0,0.49834269285202,0.751137614250183,1.13465774059296,1.20415186882019,1.21811902523041,1.14461505413055,1.10470914840698,1.51526248455048,1.71327710151672,1.80197548866272,1.5841212272644,1.48551869392395,1.53484010696411,1.36753404140472,1.43371498584747,1.25898730754852,1.20261108875275,1.19343245029449,1.21548104286194,1.17019391059875,1.38180041313171,1.47142004966736,1.37445747852325,1.32977545261383,1.50026190280914,1.79300284385681,1.65101528167725,1.43277335166931,0.440801918506622,0.708891808986664,0.910812258720398,1.1782523393631,1.50226807594299,1.30662071704865,1.19621646404266,1.05899441242218,0.858315229415894,1.33074569702148,1.59483969211578,1.79129409790039,2.0601806640625,2.19374394416809,2.04902911186218,2.02891564369202,1.66320538520813,1.63942682743073,2.06481194496155,1.41262817382813,0,0.581804037094116,1.27693629264832,0,0,0,0,0,0,0,1.26210510730743,1.05680847167969,0,0,0,0,0,0,0,0,0.832030653953552,0,0.80173248052597,0,0.138055115938187,0.58976548910141,0.445773482322693,0,0,0,0,0,0,0,0,0,0,0,0,0,0.269466072320938,0.839460253715515,0.706508815288544,0.603160381317139,0,0,0,0,0,0,0,0,0,0,0.40244323015213,0,0,0,0,0,0,0,0,0,0,0,0,0,0,0,0,0,0,0,0,0,0,0,0,0,0,0,0,0,0,0,24
Wolfenbüttel,0,0,0,0,0,0,0,0,0,0,0,0,0,0,0,0,0,0,0,0,0,0,0,0,0,0,0,0,0,0,0,0,0,0,0,0,0,0,0,0,0,0,0,0,0,0,0,0,0,0,0,0,0,0,0,0,0,0,0,0,0,0,0,0,0,0,0,0,0,0,0,0,0,0,0,0,0,0,0,0,0,0,0,0,0,0,0,0,0,0,0,0,0,0,0,0,0,0,0,0,0,0,0,0,0,0,0,0,0,0,0,0,0,0,0,0,0,0,0,0,0,0,0,0,0,0,0,0,0,0,0,0,0,0,0,0,0,0,0,0,0,0,0,0.00078471377491951,0,0,0,0.00160710781347007,0.0520139373838902,0.0574941225349903,0,0,0,0,0,0,0,0,0,0,0,0,0,0,0,0,0,0,0,0,0,0,0.140603452920914,0.197727516293526,0.180663555860519,0.132259517908096,0,0,0.18522310256958,0,0.132720917463303,0.236011639237404,0,0,0,0.410474270582199,0.47178190946579,0.626156389713287,0.600802898406982,0.57865035533905,0.769916474819183,0.513777315616608,0.521814405918121,0.386010497808456,0.524893999099731,0.769616067409515,0.756749391555786,0.634979844093323,0.712748408317566,0.96437269449234,0.98534631729126,0.618655681610107,0.928809106349945,1.18540155887604,1.26099443435669,0.971468329429626,0.828628659248352,0.842621088027954,1.14008772373199,1.31157350540161,1.53895795345306,1.54998064041138,0.767727732658386,0.843793213367462,1.35876774787903,1.72154378890991,1.26039206981659,0.696210741996765,0,0.619784951210022,1.01436674594879,0.749247014522552,0,0,0,0.542937338352203,1.05119872093201,1.05248939990997,1.0306077003479,0.496587872505188,0,0.633369922637939,0.869325816631317,1.33152616024017,1.42596983909607,1.46245205402374,1.36876666545868,1.29387509822845,1.78543341159821,2.00700497627258,2.11160254478455,1.85022258758545,1.75284290313721,1.83347821235657,1.64980161190033,1.66626596450806,1.47890365123749,1.41950011253357,1.39121377468109,1.45254850387573,1.3581919670105,1.6100093126297,1.74898052215576,1.65053558349609,1.57937514781952,1.81063163280487,2.15093779563904,1.9890364408493,1.73652589321136,0.703808963298798,0.829733610153198,1.06817221641541,1.38512790203094,1.81452298164368,1.64489793777466,1.4428459405899,1.2858794927597,1.04900848865509,1.5871696472168,1.92857873439789,2.14730763435364,2.48790907859802,2.62642812728882,2.43216013908386,2.43565964698792,2.03030633926392,2.03976535797119,2.52167892456055,1.75527262687683,0,0.634881794452667,1.57667720317841,0,0,0,0,0,0,0,1.51241648197174,1.29877686500549,0,0.00497547816485167,0,0,0,0,0,0,0.956458330154419,0,1.02551424503326,0,0.0298627987504005,0.686155200004578,0.541997730731964,0,0,0,0,0,0,0,0,0,0,0,0,0,0.431596845388412,1.04073762893677,0.894609987735748,0.725462734699249,0,0,0,0,0,0,0,0,0,0,0.447917222976685,0,0,0,0,0,0,0,0,0,0,0,0,0,0,0,0,0,0,0,0,0,0,0,0,0,0,0,0,0,0,0,25
Göttingen,0,0,0,0,0,0,0,0,0,0,0,0,0,0,0,0,0,0,0,0,0,0,0,0,0,0,0,0,0,0,0,0,0,0,0,0,0,0,0,0,0,0,0,0,0,0,0,0,0,0,0,0,0,0,0,0,0,0,0,0,0,0,0,0,0,0,0,0,0,0,0,0,0,0,0,0,0,0,0,0,0,0,0,0,0,0,0,0,0,0,0,0,0,0,0,0,0,0,0,0,0,0,0,0,0,0,0,0,0,0,0,0,0,0,0,0,0,0,0,0,0,0,0,0,0,0,0,0,0,0,0,0,0,0,0,0,0,0,0,0,0,0,0,0,0,0,0,0,0.0190805494785309,0.00305379764176905,0,0,0,0,0,0,0,0,0,0,0,0,0,0,0,0,0,0,0,0,0,0,0,0.0331401005387306,0,0,0,0,0.0407174490392208,0,0,0,0,0,0,0.117479577660561,0.151186972856522,0.201303616166115,0.183286547660828,0.202542126178741,0.265575706958771,0.0351590141654015,0.0344441719353199,0,0.14970988035202,0.242281094193459,0.205714404582977,0.0451289117336273,0.192935764789581,0.318953663110733,0.33648556470871,0.173200160264969,0.318393230438232,0.417902112007141,0.462785333395004,0.337728142738342,0.286701828241348,0.33683767914772,0.451975703239441,0.509000897407532,0.58492511510849,0.639674961566925,0.411633104085922,0.316512554883957,0.519166111946106,0.684761345386505,0.526100039482117,0.237025231122971,0,0.0625438764691353,0.473158717155457,0.500151693820953,0,0,0,0.0534294694662094,0.0863237306475639,0.297046303749084,0.0809009820222855,0,0,0,0.0871344283223152,0.464879006147385,0.469265878200531,0.585674166679382,0.533677875995636,0.554621577262878,0.710352003574371,0.807318329811096,0.845038652420044,0.780897676944733,0.700245678424835,0.631187498569489,0.527877330780029,0.666808128356934,0.550536334514618,0.485284268856049,0.507332324981689,0.471841961145401,0.549774825572968,0.658908367156982,0.646560668945313,0.587609350681305,0.577119052410126,0.704518258571625,0.725814163684845,0.632059037685394,0.434898465871811,0.0789058059453964,0,0.317135959863663,0.446400135755539,0.56940495967865,0.646977126598358,0.49125948548317,0.114618457853794,0.102375008165836,0.473027527332306,0.616179585456848,0.708738029003143,0.84730190038681,0.870203912258148,0.802656412124634,0.827479779720306,0.725302398204803,0.72440892457962,0.828471422195435,0.512687385082245,0,0.0690451189875603,0.485380738973618,0,0,0,0,0,0,0,0.448938250541687,0.377314537763596,0,0.281835377216339,0,0,0,0,0,0,0.23034679889679,0,0.0681654736399651,0,0,0,0,0,0,0,0,0,0,0,0,0,0,0,0,0,0.221130445599556,0.405696630477905,0.319994121789932,0.225664302706718,0,0,0,0,0,0,0,0,0,0,0,0,0,0,0,0,0,0,0,0,0,0,0,0,0,0,0,0,0,0,0,0,0,0,0,0,0,0,0,0,0,0,26
Region Hannover,0,0,0,0,0,0,0,0,0,0,0,0,0,0,0,0,0,0,0,0,0,0,0,0,0,0,0,0,0,0,0,0,0,0,0,0,0,0,0,0,0,0,0,0,0,0,0,0,0,0,0,0,0,0,0,0,0,0,0,0,0,0,0,0,0,0,0,0,0,0,0,0,0,0,0,0,0,0,0,0,0,0,0,0,0,0,0,0,0,0,0,0,0,0,0,0,0,0,0,0,0,0,0,0,0,0,0,0,0,0,0,0,0,0,0,0,0,0,0,0,0,0,0,0,0,0,0,0,0,0,0,0,0,0,0,0,0,0,0,0,0,0,0,0.00821134820580482,0,0,0,0.0168169885873795,0.0468048229813576,0.0413130074739456,0,0,0,0,0,0,0,0,0,0,0,0,0,0,0,0,0,0,0,0,0,0,0.0793225392699242,0.117631196975708,0.114722341299057,0.00100534514058381,0,0,0.0926173105835915,0,0.00100885226856917,0.116000108420849,0,0,0,0.269292891025543,0.287759482860565,0.399746119976044,0.333916485309601,0.327444553375244,0.461936175823212,0.262446641921997,0.284136354923248,0.186053231358528,0.304050415754318,0.448839902877808,0.39898607134819,0.312949448823929,0.408185452222824,0.574066817760468,0.516953408718109,0.404585391283035,0.57383793592453,0.724048137664795,0.750598549842834,0.549982130527496,0.459651976823807,0.481737524271011,0.707862973213196,0.829214334487915,0.961048722267151,0.883339703083038,0.366976529359818,0.524246335029602,0.840880572795868,1.00274169445038,0.713621497154236,0.394420713186264,0,0.360232651233673,0.623848617076874,0.394747674465179,0,0,0,0.312572330236435,0.511804282665253,0.603022754192352,0.463342428207397,0.00377471628598869,0,0.266121923923492,0.546986222267151,0.797170519828796,0.824108064174652,0.803858041763306,0.763723969459534,0.782038986682892,1.05407166481018,1.2109876871109,1.27238476276398,1.12898457050323,1.02904689311981,1.02578282356262,0.887166082859039,1.03528940677643,0.882329165935516,0.83145397901535,0.853885531425476,0.810341477394104,0.847996413707733,0.990680038928986,0.998495817184448,0.904152989387512,0.904634416103363,0.974500000476837,1.18272340297699,1.07590365409851,0.91473400592804,0.00532497698441148,0.495373904705048,0.639203906059265,0.823240637779236,0.970343291759491,0.738665103912354,0.777738094329834,0.671796321868896,0.533980071544647,0.892037212848663,1.02677094936371,1.18418276309967,1.33260715007782,1.45533049106598,1.39356505870819,1.33610546588898,1.04121315479279,0.963972091674805,1.28966856002808,0.833617925643921,0,0.486862003803253,0.769501864910126,0,0,0,0,0,0,0,0.834430336952209,0.646327793598175,0,0,0,0,0,0,0,0,0.615108489990234,0,0.422033429145813,0,0.312488257884979,0.418925851583481,0.278323411941528,0,0,0,0,0,0,0,0,0,0,0,0,0,0.00325520522892475,0.500761985778809,0.390433311462402,0.394705593585968,0,0,0,0,0,0,0,0,0,0,0.319156050682068,0,0,0,0,0,0,0,0,0,0,0,0,0,0,0,0,0,0,0,0,0,0,0,0,0,0,0,0,0,0,0,27
Diepholz,0,0,0,0,0,0,0,0,0,0,0,0,0,0,0,0,0,0,0,0,0,0,0,0,0,0,0,0,0,0,0,0,0,0,0,0,0,0,0,0,0,0,0,0,0,0,0,0,0,0,0,0,0,0,0,0,0,0,0,0,0,0,0,0,0,0,0,0,0,0,0,0,0,0,0,0,0,0,0,0,0,0,0,0,0,0,0,0,0,0,0,0,0,0,0,0,0,0,0,0,0,0,0,0,0,0,0,0,0,0,0,0,0,0,0,0,0,0,0,0,0,0,0,0,0,0,0,0,0,0,0,0,0,0,0,0,0,0,0,0,0,0,0,0.0100981183350086,0,0,0.0124787166714668,0.0215980559587479,0.0505405962467194,0.0347587056457996,0,0,0,0,0,0,0,0,0,0,0,0,0,0,0,0,0,0,0,0,0,0,0.0868451967835426,0.109410814940929,0.0929666385054588,0,0,0,0.0886701792478561,0,0.0614676885306835,0.0504897274076939,0,0,0.0817506164312363,0.275220543146133,0.284284353256226,0.408247768878937,0.313641548156738,0.336984544992447,0.452195435762405,0.233381643891335,0.274871706962585,0.165494903922081,0.288994401693344,0.417031347751617,0.369019597768784,0.287500888109207,0.358897358179092,0.548838496208191,0.479125797748566,0.393751472234726,0.57722282409668,0.710307896137238,0.709355413913727,0.509928524494171,0.408972144126892,0.458914786577225,0.708864748477936,0.845477879047394,0.965051591396332,0.824265539646149,0.348712265491486,0.497348755598068,0.827544510364532,0.944011032581329,0.666465401649475,0.389185696840286,0,0.379513472318649,0.631827592849731,0.376980543136597,0,0,0,0.136368975043297,0.478245794773102,0.576939404010773,0.443035662174225,0,0,0.115522220730782,0.547690808773041,0.775317251682281,0.813820600509644,0.781235039234161,0.730404436588287,0.779116570949554,1.04035115242004,1.1978166103363,1.26585042476654,1.14726972579956,1.0330753326416,0.999082446098328,0.881512403488159,1.02054262161255,0.828987240791321,0.778088748455048,0.824462950229645,0.774566948413849,0.872514188289642,0.995504438877106,0.981100380420685,0.879120409488678,0.887383043766022,0.900729238986969,1.14111638069153,1.02683734893799,0.820672035217285,0,0.487007975578308,0.655913710594177,0.820596933364868,0.908165633678436,0.659482657909393,0.726754188537598,0.602782428264618,0.48587241768837,0.853642523288727,0.970683991909027,1.14921402931213,1.27868020534515,1.39115011692047,1.37680244445801,1.32439434528351,1.01611793041229,0.877746760845184,1.19810223579407,0.719952642917633,0,0.514254987239838,0.682188808917999,0,0,0,0,0,0,0,0.835243761539459,0.627375423908234,0,0,0,0,0,0,0,0,0.649701356887817,0.248669326305389,0.366878986358643,0,0.364665031433105,0.38622322678566,0.268611907958984,0,0,0,0,0,0,0,0,0,0,0,0,0,0,0.450852960348129,0.290479838848114,0.324193298816681,0,0,0,0,0,0,0,0,0,0,0.329614043235779,0,0,0,0,0,0,0,0,0,0,0,0,0,0,0,0,0,0,0,0,0,0,0,0,0,0,0,0,0,0,0,28
Hameln-Pyrmont,0,0,0,0,0,0,0,0,0,0,0,0,0,0,0,0,0,0,0,0,0,0,0,0,0,0,0,0,0,0,0,0,0,0,0,0,0,0,0,0,0,0,0,0,0,0,0,0,0,0,0,0,0,0,0,0,0,0,0,0,0,0,0,0,0,0,0,0,0,0,0,0,0,0,0,0,0,0,0,0,0,0,0,0,0,0,0,0,0,0,0,0,0,0,0,0,0,0,0,0,0,0,0,0,0,0,0,0,0,0,0,0,0,0,0,0,0,0,0,0,0,0,0,0,0,0,0,0,0,0,0,0,0,0,0,0,0,0,0,0,0,0,0,0.00739550730213523,0,0,0,0.0151461316272616,0.0442444942891598,0.0368423648178577,0,0,0,0,0,0,0,0,0,0,0,0,0,0,0,0,0,0,0,0,0,0,0.0705300718545914,0.108754336833954,0.102161444723606,0,0,0,0.0870250016450882,0,0,0.102933898568153,0,0,0,0.253191977739334,0.273321062326431,0.379032552242279,0.316768258810043,0.313875764608383,0.441070437431335,0.233033090829849,0.252526760101318,0.165045097470284,0.286373525857925,0.426059991121292,0.375960111618042,0.277723729610443,0.383193790912628,0.545108020305634,0.49484258890152,0.379643678665161,0.545844078063965,0.690637946128845,0.718613088130951,0.525663614273071,0.439271003007889,0.465064704418182,0.68047559261322,0.795159697532654,0.919926941394806,0.855336546897888,0.370286613702774,0.50192803144455,0.80535501241684,0.966188311576843,0.690883457660675,0.375094622373581,0,0.320449113845825,0.607306182384491,0.404704809188843,0,0,0,0.278016775846481,0.454111665487289,0.566350996494293,0.410572499036789,0,0,0.235516279935837,0.487067312002182,0.758756637573242,0.783378779888153,0.776061296463013,0.735474646091461,0.755770981311798,1.01439464092255,1.16517341136932,1.22405850887299,1.09040415287018,0.991846024990082,0.978047072887421,0.842427313327789,0.993119299411774,0.844761192798615,0.790773868560791,0.814420223236084,0.770831048488617,0.81408280134201,0.954208016395569,0.955967485904694,0.866828143596649,0.864369451999664,0.939274787902832,1.12830936908722,1.01991772651672,0.85462486743927,0,0.440795660018921,0.603858351707458,0.779413759708405,0.921471953392029,0.720363914966583,0.740148842334747,0.596712589263916,0.474118202924728,0.842205345630646,0.976306140422821,1.12705373764038,1.27320218086243,1.38599908351898,1.3244936466217,1.27438533306122,1.00036346912384,0.929344296455383,1.23064541816711,0.788039743900299,0,0.434478491544724,0.731152713298798,0,0,0,0,0,0,0,0.788151502609253,0.611117124557495,0,0.0250496454536915,0,0,0,0,0,0,0.571807205677032,0,0.373371988534927,0,0.281440913677216,0.372876703739166,0.247139498591423,0,0,0,0,0,0,0,0,0,0,0,0,0,0.0217037294059992,0.485288977622986,0.37782284617424,0.373957872390747,0,0,0,0,0,0,0,0,0,0,0.28458645939827,0,0,0,0,0,0,0,0,0,0,0,0,0,0,0,0,0,0,0,0,0,0,0,0,0,0,0,0,0,0,0,29
Hildesheim,0,0,0,0,0,0,0,0,0,0,0,0,0,0,0,0,0,0,0,0,0,0,0,0,0,0,0,0,0,0,0,0,0,0,0,0,0,0,0,0,0,0,0,0,0,0,0,0,0,0,0,0,0,0,0,0,0,0,0,0,0,0,0,0,0,0,0,0,0,0,0,0,0,0,0,0,0,0,0,0,0,0,0,0,0,0,0,0,0,0,0,0,0,0,0,0,0,0,0,0,0,0,0,0,0,0,0,0,0,0,0,0,0,0,0,0,0,0,0,0,0,0,0,0,0,0,0,0,0,0,0,0,0,0,0,0,0,0,0,0,0,0,0,0.00661417469382286,0,0,0,0.0135459490120411,0.0420430935919285,0.0330568701028824,0,0,0,0,0,0,0,0,0,0,0,0,0,0,0,0,0,0,0,0,0,0,0.0633447617292404,0.101661406457424,0.0917076766490936,0.000264441594481468,0,0,0.082925446331501,0,0.000265364069491625,0.0925090238451958,0,0,0,0.240290358662605,0.262254983186722,0.362828433513641,0.304044604301453,0.304160892963409,0.425446271896362,0.209388121962547,0.226834282279015,0.148344919085503,0.272781610488892,0.408864259719849,0.358866721391678,0.249589249491692,0.363909274339676,0.523092091083527,0.479521006345749,0.35961589217186,0.524369418621063,0.665339112281799,0.694993555545807,0.507996201515198,0.424600392580032,0.453581988811493,0.660212755203247,0.769481897354126,0.888876616954803,0.836580812931061,0.376700848340988,0.485128879547119,0.778692483901978,0.94037926197052,0.675698399543762,0.360759377479553,0,0.287759810686111,0.596200227737427,0.416551500558853,0,0,0,0.249666556715965,0.408133238554001,0.538072466850281,0.36916247010231,0.000992884859442711,0,0.211850494146347,0.437236428260803,0.729695856571198,0.752876698970795,0.757407963275909,0.715957045555115,0.737182378768921,0.98595130443573,1.13190793991089,1.18896567821503,1.06284034252167,0.96551376581192,0.943186819553375,0.809801161289215,0.961607277393341,0.816991329193115,0.760190904140472,0.784463822841644,0.741751194000244,0.788765251636505,0.927603721618652,0.925181090831757,0.840580105781555,0.834905564785004,0.915647506713867,1.08899116516113,0.978726148605347,0.809010863304138,0.00140065862797201,0.395791232585907,0.57657527923584,0.745838582515717,0.885932564735413,0.712205946445465,0.712944388389587,0.536105036735535,0.426016122102737,0.804519414901733,0.939870417118073,1.08530426025391,1.23113417625427,1.33535480499268,1.27291917800903,1.22979605197906,0.973134994506836,0.908333003520966,1.18957734107971,0.756053328514099,0,0.389747500419617,0.704522609710693,0,0,0,0,0,0,0,0.753435432910919,0.585892260074615,0,0.0470740124583244,0,0,0,0,0,0,0.536765336990356,0,0.33589094877243,0,0.251706779003143,0.334775239229202,0.222060546278954,0,0,0,0,0,0,0,0,0,0,0,0,0,0.0416425056755543,0.476415455341339,0.371150225400925,0.358627468347549,0,0,0,0,0,0,0,0,0,0,0.255355209112167,0,0,0,0,0,0,0,0,0,0,0,0,0,0,0,0,0,0,0,0,0,0,0,0,0,0,0,0,0,0,0,30
Holzminden,0,0,0,0,0,0,0,0,0,0,0,0,0,0,0,0,0,0,0,0,0,0,0,0,0,0,0,0,0,0,0,0,0,0,0,0,0,0,0,0,0,0,0,0,0,0,0,0,0,0,0,0,0,0,0,0,0,0,0,0,0,0,0,0,0,0,0,0,0,0,0,0,0,0,0,0,0,0,0,0,0,0,0,0,0,0,0,0,0,0,0,0,0,0,0,0,0,0,0,0,0,0,0,0,0,0,0,0,0,0,0,0,0,0,0,0,0,0,0,0,0,0,0,0,0,0,0,0,0,0,0,0,0,0,0,0,0,0,0,0,0,0,0,0.000282226857962087,0,0,0,0.000578005681745708,0.0237112194299698,0.00140597589779645,0,0,0,0,0,0,0,0,0,0,0,0,0,0,0,0,0,0,0,0,0,0,0.00269156391732395,0.0414170958101749,0.00389867811463773,0,0,0,0.0472382344305515,0,0,0.00392815656960011,0,0,0,0.130795121192932,0.167157590389252,0.224382296204567,0.19367504119873,0.218997001647949,0.29027658700943,0.00889299344271421,0.00963690876960754,0.00629844004288316,0.156085565686226,0.260445237159729,0.210614293813705,0.0105984741821885,0.198504880070686,0.333457708358765,0.343870788812637,0.189740091562271,0.339871942996979,0.44717675447464,0.489822328090668,0.353789418935776,0.296198427677155,0.351727664470673,0.48429811000824,0.547780871391296,0.620899021625519,0.668767035007477,0.422318071126938,0.340012758970261,0.548179626464844,0.713177621364594,0.53970855474472,0.236399233341217,0,0.0122289573773742,0.496905237436295,0.5080246925354,0,0,0,0.0106096575036645,0.017329778522253,0.295480459928513,0.0156682394444942,0,0,0.00898775644600391,0.0185874309390783,0.479026168584824,0.48900380730629,0.590610384941101,0.543001174926758,0.573654472827911,0.736699998378754,0.841508567333221,0.882622063159943,0.821052551269531,0.73388284444809,0.639381408691406,0.525349140167236,0.688823878765106,0.575840055942535,0.495913594961166,0.526317417621613,0.488903820514679,0.569542348384857,0.695670366287231,0.656181633472443,0.6092329621315,0.578281760215759,0.704342424869537,0.745256781578064,0.620532035827637,0.415906310081482,0,0.0168216153979301,0.342588782310486,0.45727014541626,0.575821995735168,0.627714335918427,0.475225836038589,0.0227717068046331,0.0180932674556971,0.479419499635696,0.621260941028595,0.721535384654999,0.861133337020874,0.894026339054108,0.826366186141968,0.839959025382996,0.729143619537354,0.714219093322754,0.826435744762421,0.473953813314438,0,0.0165805388242006,0.468904674053192,0,0,0,0,0,0,0,0.453252524137497,0.364801824092865,0,0.229416459798813,0,0,0,0,0,0,0.240175560116768,0,0.0142485983669758,0,0.0107403285801411,0.014229697175324,0.00943132117390633,0,0,0,0,0,0,0,0,0,0,0,0,0,0.198772981762886,0.392842024564743,0.306473195552826,0.225483775138855,0,0,0,0,0,0,0,0,0,0,0.010860369540751,0,0,0,0,0,0,0,0,0,0,0,0,0,0,0,0,0,0,0,0,0,0,0,0,0,0,0,0,0,0,0,31
Nienburg (Weser),0,0,0,0,0,0,0,0,0,0,0,0,0,0,0,0,0,0,0,0,0,0,0,0,0,0,0,0,0,0,0,0,0,0,0,0,0,0,0,0,0,0,0,0,0,0,0,0,0,0,0,0,0,0,0,0,0,0,0,0,0,0,0,0,0,0,0,0,0,0,0,0,0,0,0,0,0,0,0,0,0,0,0,0,0,0,0,0,0,0,0,0,0,0,0,0,0,0,0,0,0,0,0,0,0,0,0,0,0,0,0,0,0,0,0,0,0,0,0,0,0,0,0,0,0,0,0,0,0,0,0,0,0,0,0,0,0,0,0,0,0,0,0,0.00835682172328234,0,0,0.000609543698374182,0.0171597097069025,0.0469459071755409,0.0408719293773174,0,0,0,0,0,0,0,0,0,0,0,0,0,0,0,0,0,0,0,0,0,0,0.0792359486222267,0.116636909544468,0.113168254494667,0,0,0,0.0917438939213753,0,0.00300249131396413,0.111914739012718,0,0,0.00399324484169483,0.268537640571594,0.286233633756638,0.398489475250244,0.33096632361412,0.326065987348557,0.459194093942642,0.259181410074234,0.281935483217239,0.183574512600899,0.301691144704819,0.444927155971527,0.394897878170013,0.309344053268433,0.403538912534714,0.569965422153473,0.511675953865051,0.402472645044327,0.571390092372894,0.719982624053955,0.74483448266983,0.544932961463928,0.45447114109993,0.477977722883224,0.704733669757843,0.826458215713501,0.956993281841278,0.875569939613342,0.363166719675064,0.520581245422363,0.836421728134155,0.994602262973785,0.707315444946289,0.391952693462372,0,0.359267979860306,0.62137508392334,0.391305088996887,0,0,0,0.302273362874985,0.506212651729584,0.598447561264038,0.458198070526123,0,0,0.256064772605896,0.544646203517914,0.792177855968475,0.819185435771942,0.797934830188751,0.7576664686203,0.778143405914307,1.0480375289917,1.20450234413147,1.26590621471405,1.12458419799805,1.02393460273743,1.01855790615082,0.881303012371063,1.02993512153625,0.875342845916748,0.824530422687531,0.848499238491058,0.803882002830505,0.845446646213531,0.98636668920517,0.992145657539368,0.897460281848907,0.898847103118896,0.964781641960144,1.1735931634903,1.06681799888611,0.904114305973053,0,0.492481917142868,0.636861145496368,0.818982541561127,0.961119592189789,0.728191614151001,0.770380556583405,0.66392183303833,0.527857959270477,0.885059356689453,1.01742434501648,1.17541348934174,1.32151079177856,1.44360733032227,1.38512289524078,1.32747566699982,1.03275322914124,0.951904296875,1.27618050575256,0.82133150100708,0,0.487095862627029,0.759335160255432,0,0,0,0,0,0,0,0.829495906829834,0.640627861022949,0,0,0,0,0,0,0,0,0.614275276660919,0.0121466675773263,0.414923191070557,0,0.317065685987473,0.415341436862946,0.27590149641037,0,0,0,0,0,0,0,0,0,0,0,0,0,0,0.494384825229645,0.381874769926071,0.388836830854416,0,0,0,0,0,0,0,0,0,0,0.318698197603226,0,0,0,0,0,0,0,0,0,0,0,0,0,0,0,0,0,0,0,0,0,0,0,0,0,0,0,0,0,0,0,32
Schaumburg,0,0,0,0,0,0,0,0,0,0,0,0,0,0,0,0,0,0,0,0,0,0,0,0,0,0,0,0,0,0,0,0,0,0,0,0,0,0,0,0,0,0,0,0,0,0,0,0,0,0,0,0,0,0,0,0,0,0,0,0,0,0,0,0,0,0,0,0,0,0,0,0,0,0,0,0,0,0,0,0,0,0,0,0,0,0,0,0,0,0,0,0,0,0,0,0,0,0,0,0,0,0,0,0,0,0,0,0,0,0,0,0,0,0,0,0,0,0,0,0,0,0,0,0,0,0,0,0,0,0,0,0,0,0,0,0,0,0,0,0,0,0,0,0.00826739612966776,0,0,0,0.016931775957346,0.0467612966895103,0.04118587449193,0,0,0,0,0,0,0,0,0,0,0,0,0,0,0,0,0,0,0,0,0,0,0.0788451731204987,0.117008000612259,0.114205710589886,0,0,0,0.0919017419219017,0,0,0.115069225430489,0,0,0,0.268194407224655,0.286333739757538,0.397988349199295,0.331856042146683,0.32550522685051,0.45955353975296,0.260506391525269,0.282298237085342,0.184503003954887,0.302343159914017,0.446359753608704,0.396226823329926,0.310465782880783,0.40583148598671,0.571050405502319,0.513347566127777,0.402920514345169,0.571090519428253,0.720479488372803,0.746656537055969,0.546730637550354,0.456807762384415,0.478956699371338,0.704521536827087,0.825481414794922,0.956579446792603,0.878204703330994,0.363909035921097,0.521774351596832,0.836877584457397,0.997200429439545,0.709413230419159,0.392094790935516,0,0.358228266239166,0.620838284492493,0.392040729522705,0,0,0,0.310793399810791,0.507648885250092,0.599552154541016,0.458976686000824,0,0,0.26328232884407,0.544489860534668,0.793043792247772,0.819460868835449,0.798792481422424,0.75906640291214,0.778093457221985,1.0484322309494,1.20484566688538,1.26590895652771,1.12341916561127,1.02346503734589,1.01955807209015,0.881292164325714,1.03041744232178,0.877723455429077,0.826915562152863,0.849733591079712,0.805387496948242,0.84405654668808,0.985897421836853,0.99271285533905,0.898402094841003,0.899435818195343,0.968070983886719,1.1752610206604,1.06887125968933,0.908399522304535,0,0.492763012647629,0.635882675647736,0.818899571895599,0.963838994503021,0.731720149517059,0.772620975971222,0.667061686515808,0.530014097690582,0.886672735214233,1.01982474327087,1.1767590045929,1.32371032238007,1.44630134105682,1.38555014133453,1.32763373851776,1.03360748291016,0.955712676048279,1.28019022941589,0.826537847518921,0,0.485701084136963,0.763297021389008,0,0,0,0,0,0,0,0.829200744628906,0.641308486461639,0,0,0,0,0,0,0,0,0.61245596408844,0,0.417390495538712,0,0.314621210098267,0.416836798191071,0.276275873184204,0,0,0,0,0,0,0,0,0,0,0,0,0,0,0.496620416641235,0.386568337678909,0.392156630754471,0,0,0,0,0,0,0,0,0,0,0.318137615919113,0,0,0,0,0,0,0,0,0,0,0,0,0,0,0,0,0,0,0,0,0,0,0,0,0,0,0,0,0,0,0,33
Celle,0,0,0,0,0,0,0,0,0,0,0,0,0,0,0,0,0,0,0,0,0,0,0,0,0,0,0,0,0,0,0,0,0,0,0,0,0,0,0,0,0,0,0,0,0,0,0,0,0,0,0,0,0,0,0,0,0,0,0,0,0,0,0,0,0,0,0,0,0,0,0,0,0,0,0,0,0,0,0,0,0,0,0,0,0,0,0,0,0,0,0,0,0,0,0,0,0,0,0,0,0,0,0,0,0,0,0,0,0,0,0,0,0,0,0,0,0,0,0,0,0,0,0,0,0,0,0,0,0,0,0,0,0,0,0,0,0,0,0,0,0,0,0,0.00638934504240751,0,0,0,0.0130854938179255,0.0482197590172291,0.045445878058672,0,0,0,0,0,0,0,0,0,0,0,0,0,0,0,0,0,0,0,0,0,0,0.094840370118618,0.137889951467514,0.131516829133034,0.0336868427693844,0,0,0.115878701210022,0,0.0338043607771397,0.146260619163513,0,0,0,0.305001348257065,0.334107160568237,0.456886976957321,0.4008968770504,0.390486985445023,0.539391100406647,0.325519740581512,0.343889087438583,0.236448064446449,0.359549522399902,0.529463946819305,0.488681703805923,0.393687635660172,0.484707415103912,0.672122538089752,0.634171783924103,0.458706378936768,0.66314822435379,0.840055406093597,0.878743946552277,0.655682027339935,0.552111148834229,0.572135865688324,0.816487610340118,0.950563549995422,1.10633647441864,1.05026638507843,0.466694056987762,0.604606807231903,0.971008479595184,1.18287587165833,0.850420415401459,0.470031321048737,0,0.425391256809235,0.721707284450531,0.482744753360748,0,0,0,0.370401680469513,0.646887540817261,0.715845167636871,0.605261266231537,0.126482203602791,0,0.358430176973343,0.628136813640594,0.931322336196899,0.975176215171814,0.968527674674988,0.915128886699677,0.910301029682159,1.2373960018158,1.41064870357513,1.48289823532104,1.30990219116211,1.21049535274506,1.22813403606415,1.07811331748962,1.19366443157196,1.03205144405365,0.978989720344543,0.988856136798859,0.971385300159454,0.976070582866669,1.14615118503571,1.18648409843445,1.09109997749329,1.0736289024353,1.18349146842957,1.42531061172485,1.30451166629791,1.1206556558609,0.178427949547768,0.580247759819031,0.747168779373169,0.964358568191528,1.18178451061249,0.964428603649139,0.944084107875824,0.825708389282227,0.662903964519501,1.06642472743988,1.2525794506073,1.42551064491272,1.62181901931763,1.74885129928589,1.65411329269409,1.61149871349335,1.28845632076263,1.23246669769287,1.5977897644043,1.06377577781677,0,0.524601697921753,0.971208155155182,0,0,0,0,0,0,0,1.00443196296692,0.80949467420578,0,0,0,0,0,0,0,0,0.701335430145264,0,0.572964549064636,0,0.243150725960732,0.486834943294525,0.344885170459747,0,0,0,0,0,0,0,0,0,0,0,0,0,0.10907457023859,0.635395169258118,0.516073942184448,0.477566808462143,0,0,0,0,0,0,0,0,0,0,0.352262854576111,0,0,0,0,0,0,0,0,0,0,0,0,0,0,0,0,0,0,0,0,0,0,0,0,0,0,0,0,0,0,0,34
Cuxhaven,0,0,0,0,0,0,0,0,0,0,0,0,0,0,0,0,0,0,0,0,0,0,0,0,0,0,0,0,0,0,0,0,0,0,0,0,0,0,0,0,0,0,0,0,0,0,0,0,0,0,0,0,0,0,0,0,0,0,0,0,0,0,0,0,0,0,0,0,0,0,0,0,0,0,0,0,0,0,0,0,0,0,0,0,0,0,0,0,0,0,0,0,0,0,0,0,0,0,0,0,0,0,0,0,0,0,0,0,0,0,0,0,0,0,0,0,0,0,0,0,0,0,0,0,0,0,0,0,0,0,0,0,0,0,0,0,0,0,0,0,0,0,0,0.00269895768724382,0,0,0.00980239175260067,0.0139999287202954,0.0421888306736946,0.0390936806797981,0,0,0,0,0,0,0,0,0,0,0,0,0,0,0,0,0,0,0,0,0,0,0.0956206396222115,0.027683112770319,0.0887895971536636,0,0,0,0.0226016230881214,0,0.0192894712090492,0.0093030147254467,0,0,0.0868195742368698,0.309651702642441,0.288727074861526,0.499017834663391,0.395063072443008,0.349435180425644,0.562933087348938,0.356701999902725,0.346503496170044,0.0414461977779865,0.30748924612999,0.392933130264282,0.440416157245636,0.413982063531876,0.519854068756104,0.695318639278412,0.572254657745361,0.494769960641861,0.786885440349579,0.935858607292175,0.952235341072083,0.619574010372162,0.418570071458817,0.395485788583755,0.876803636550903,1.10410892963409,1.34328997135162,0.991734802722931,0.0887437239289284,0.51515394449234,1.02104270458221,1.18517661094666,0.811496734619141,0.0998425856232643,0,0.265551894903183,0.566788136959076,0.248918637633324,0,0,0,0.249539196491241,0.623855292797089,0.773123383522034,0.634187996387482,0,0,0.371513843536377,0.577265322208405,0.981143474578857,0.986950814723969,1.09582006931305,0.901016771793365,0.876077711582184,1.3447984457016,1.593132853508,1.67753195762634,1.4943665266037,1.34418952465057,1.3557071685791,1.22804594039917,1.24339926242828,1.1132276058197,1.07601475715637,1.04644513130188,1.03605675697327,1.04508543014526,1.20207738876343,1.25779640674591,1.09058034420013,1.10451769828796,1.09693551063538,1.4625061750412,1.29007470607758,1.05569982528687,0,0.124817922711372,0.819042265415192,1.09463584423065,1.08831894397736,0.845686316490173,0.863864123821259,0.780295491218567,0.659898281097412,1.08723640441895,1.1663806438446,1.4596780538559,1.61452436447144,1.70647251605988,1.76021289825439,1.7731146812439,1.34050917625427,1.1181389093399,1.51566588878632,0.924310684204102,0,0.726476788520813,0.799251437187195,0,0,0,0,0,0,0,0.920513570308685,0.688066959381104,0,0,0,0,0,0,0,0,0.702494561672211,0.522334158420563,0.552109360694885,0,0.246847048401833,0.478450119495392,0.0685887783765793,0,0,0,0,0,0,0,0,0,0,0,0,0,0,0.11325266957283,0.0691813975572586,0.0794434919953346,0,0,0,0,0,0,0,0,0,0,0.374753147363663,0,0,0,0,0,0,0,0,0,0,0,0,0,0,0,0,0,0,0,0,0,0,0,0,0,0,0,0,0,0,0,35
Harburg,0,0,0,0,0,0,0,0,0,0,0,0,0,0,0,0,0,0,0,0,0,0,0,0,0,0,0,0,0,0,0,0,0,0,0,0,0,0,0,0,0,0,0,0,0,0,0,0,0,0,0,0,0,0,0,0,0,0,0,0,0,0,0,0,0,0,0,0,0,0,0,0,0,0,0,0,0,0,0,0,0,0,0,0,0,0,0,0,0,0,0,0,0,0,0,0,0,0,0,0,0,0,0,0,0,0,0,0,0,0,0,0,0,0,0,0,0,0,0,0,0,0,0,0,0,0,0,0,0,0,0,0,0,0,0,0,0,0,0,0,0,0,0,0.00757066067308187,0,0,0,0.0155048482120037,0.0472946129739285,0.0427598729729652,0,0,0,0,0,0,0,0,0,0,0,0,0,0,0,0,0,0,0,0,0,0,0.0847601741552353,0.124702349305153,0.120614714920521,0.0124600892886519,0,0,0.100747190415859,0,0.0125035559758544,0.126577317714691,0,0,0,0.281812578439713,0.303998440504074,0.419792532920837,0.357415586709976,0.349529564380646,0.48911726474762,0.284591525793076,0.305088520050049,0.203669965267181,0.323506116867065,0.477065056562424,0.430434286594391,0.341289430856705,0.435049146413803,0.608473300933838,0.558055698871613,0.423590540885925,0.605196297168732,0.764774680137634,0.795572102069855,0.58705997467041,0.492048770189285,0.51338267326355,0.745961427688599,0.87180495262146,1.01207542419434,0.941902756690979,0.401835501194,0.55242908000946,0.886534690856934,1.06593334674835,0.761595010757446,0.420823216438293,0,0.382980287075043,0.658087074756622,0.425491601228714,0,0,0,0.332880944013596,0.559173405170441,0.642623424530029,0.513167321681976,0.0467832386493683,0,0.298532009124756,0.575424075126648,0.844239234924316,0.877095758914948,0.861649632453918,0.816822111606598,0.826988756656647,1.118408203125,1.28106319904327,1.34627497196198,1.19248688220978,1.09272611141205,1.09680128097534,0.954202592372894,1.09083843231201,0.934864521026611,0.883238196372986,0.901237428188324,0.866850256919861,0.892914354801178,1.04521286487579,1.06445479393005,0.969711303710938,0.963901042938232,1.04778945446014,1.26782059669495,1.15608525276184,0.986955344676971,0.0659969300031662,0.524997770786285,0.677067458629608,0.87276417016983,1.04447185993195,0.817817986011505,0.83604907989502,0.725764453411102,0.579180181026459,0.953203678131104,1.10594868659973,1.26882374286652,1.43404650688171,1.55828094482422,1.48497092723846,1.43274807929993,1.12794625759125,1.05811202526093,1.39772319793701,0.9143186211586,0,0.500138521194458,0.840211689472198,0,0,0,0,0,0,0,0.894008874893188,0.703495621681213,0,0,0,0,0,0,0,0,0.64530485868454,0.000128248808323406,0.474970012903214,0,0.288106471300125,0.442740887403488,0.301583468914032,0,0,0,0,0,0,0,0,0,0,0,0,0,0.0403444990515709,0.547825336456299,0.43437248468399,0.423649340867996,0,0,0,0,0,0,0,0,0,0,0.330766618251801,0,0,0,0,0,0,0,0,0,0,0,0,0,0,0,0,0,0,0,0,0,0,0,0,0,0,0,0,0,0,0,36
Lüchow-Dannenberg,0,0,0,0,0,0,0,0,0,0,0,0,0,0,0,0,0,0,0,0,0,0,0,0,0,0,0,0,0,0,0,0,0,0,0,0,0,0,0,0,0,0,0,0,0,0,0,0,0,0,0,0,0,0,0,0,0,0,0,0,0,0,0,0,0,0,0,0,0,0,0,0,0,0,0,0,0,0,0,0,0,0,0,0,0,0,0,0,0,0,0,0,0,0,0,0,0,0,0,0,0,0,0,0,0,0,0,0,0,0,0,0,0,0,0,0,0,0,0,0,0,0,0,0,0,0,0,0,0,0,0,0,0,0,0,0,0,0,0,0,0,0,0,0,0,0,0,0,0.0531816259026527,0.059938907623291,0,0,0,0,0,0,0,0,0,0,0,0,0,0,0,0,0,0,0,0,0,0,0.149257838726044,0.208932757377625,0.190411254763603,0.148293346166611,0,0,0.197451084852219,0,0.148810669779778,0.252377271652222,0,0,0,0.430222809314728,0.496637880802155,0.657266914844513,0.635781764984131,0.611562371253967,0.811007738113403,0.54670262336731,0.55342823266983,0.413171142339706,0.554172098636627,0.812193989753723,0.803223729133606,0.676817774772644,0.753052413463593,1.01598155498505,1.04522979259491,0.648496329784393,0.976339101791382,1.24686646461487,1.328120470047,1.02634716033936,0.876344442367554,0.889142155647278,1.19740927219391,1.37610733509064,1.61582744121552,1.63563990592957,0.816380500793457,0.886412501335144,1.4273374080658,1.81456518173218,1.33014297485352,0.73518043756485,0,0.653887450695038,1.0648752450943,0.791330218315125,0,0,0,0.573195934295654,1.12059330940247,1.11148762702942,1.10293817520142,0.556789219379425,0,0.682133913040161,0.912713468074799,1.40176212787628,1.50493776798248,1.54598617553711,1.44607138633728,1.36008679866791,1.88027238845825,2.11081409454346,2.22112035751343,1.9443393945694,1.84679353237152,1.93773376941681,1.74772155284882,1.74904918670654,1.557093501091,1.49636363983154,1.46216690540314,1.53612899780273,1.42519724369049,1.69135296344757,1.84571611881256,1.74668025970459,1.66625344753265,1.91637635231018,2.27600884437561,2.10618758201599,1.84277594089508,0.785460352897644,0.877880752086639,1.12577688694,1.45922660827637,1.92326009273529,1.75612950325012,1.52742123603821,1.36544275283813,1.11501049995422,1.67796170711517,2.04443788528442,2.27179265022278,2.63601922988892,2.77816152572632,2.56779646873474,2.57724022865295,2.15548133850098,2.17401576042175,2.67829990386963,1.87088620662689,0,0.656945943832397,1.67854571342468,0,0,0,0,0,0,0,1.60058844089508,1.38168370723724,0,0,0,0,0,0,0,0,1.00371384620667,0,1.10224545001984,0,0,0.724976599216461,0.578301906585693,0,0,0,0,0,0,0,0,0,0,0,0,0,0.480158776044846,1.10752308368683,0.956666886806488,0.768141984939575,0,0,0,0,0,0,0,0,0,0,0.468360900878906,0,0,0,0,0,0,0,0,0,0,0,0,0,0,0,0,0,0,0,0,0,0,0,0,0,0,0,0,0,0,0,37
Lüneburg,0,0,0,0,0,0,0,0,0,0,0,0,0,0,0,0,0,0,0,0,0,0,0,0,0,0,0,0,0,0,0,0,0,0,0,0,0,0,0,0,0,0,0,0,0,0,0,0,0,0,0,0,0,0,0,0,0,0,0,0,0,0,0,0,0,0,0,0,0,0,0,0,0,0,0,0,0,0,0,0,0,0,0,0,0,0,0,0,0,0,0,0,0,0,0,0,0,0,0,0,0,0,0,0,0,0,0,0,0,0,0,0,0,0,0,0,0,0,0,0,0,0,0,0,0,0,0,0,0,0,0,0,0,0,0,0,0,0,0,0,0,0,0,0.00102189788594842,0,0,0,0.00209286506287754,0.0523880384862423,0.0576209239661694,0,0,0,0,0,0,0,0,0,0,0,0,0,0,0,0,0,0,0,0,0,0,0.140554443001747,0.197570353746414,0.180991813540459,0.12996344268322,0,0,0.184404596686363,0,0.130416825413704,0.235405221581459,0,0,0,0.410195171833038,0.470643103122711,0.625218689441681,0.59821480512619,0.576204061508179,0.767566025257111,0.511327147483826,0.519914984703064,0.384906470775604,0.523044645786285,0.766974806785583,0.752916634082794,0.63153463602066,0.710133969783783,0.960985600948334,0.979486048221588,0.618141770362854,0.926248133182526,1.18180215358734,1.25624823570251,0.967063784599304,0.824487328529358,0.838440895080566,1.13648557662964,1.30804681777954,1.53434062004089,1.54201662540436,0.760452508926392,0.841341137886047,1.35435318946838,1.713534116745,1.25341713428497,0.692773044109344,0,0.617342293262482,1.00998973846436,0.741975784301758,0,0,0,0.540761470794678,1.04482984542847,1.04820942878723,1.02334082126617,0.487966895103455,0,0.630361497402191,0.867198884487152,1.32652115821838,1.42020893096924,1.45362889766693,1.36115372180939,1.28814911842346,1.7774521112442,1.99883139133453,2.10305070877075,1.84286904335022,1.74502551555634,1.82424199581146,1.64062595367432,1.6602224111557,1.47311949729919,1.41361606121063,1.3864666223526,1.44580519199371,1.35336494445801,1.60415470600128,1.74028015136719,1.64182817935944,1.5714704990387,1.79916048049927,2.13995003700256,1.97796940803528,1.72728157043457,0.688372910022736,0.830277979373932,1.0652232170105,1.38007867336273,1.80467021465302,1.62950658798218,1.43412363529205,1.2791188955307,1.04270160198212,1.58015394210815,1.91779005527496,2.13644051551819,2.47381019592285,2.61353611946106,2.4216639995575,2.4227819442749,2.01681137084961,2.02342677116394,2.50548553466797,1.74179875850677,0,0.635779082775116,1.56541574001312,0,0,0,0,0,0,0,1.50524055957794,1.2901691198349,0,0,0,0,0,0,0,0,0.955352246761322,0,1.01759350299835,0,0.0388889946043491,0.686888813972473,0.540969789028168,0,0,0,0,0,0,0,0,0,0,0,0,0,0.420808404684067,1.0320121049881,0.886199533939362,0.721668064594269,0,0,0,0,0,0,0,0,0,0,0.449792504310608,0,0,0,0,0,0,0,0,0,0,0,0,0,0,0,0,0,0,0,0,0,0,0,0,0,0,0,0,0,0,0,38
Osterholz,0,0,0,0,0,0,0,0,0,0,0,0,0,0,0,0,0,0,0,0,0,0,0,0,0,0,0,0,0,0,0,0,0,0,0,0,0,0,0,0,0,0,0,0,0,0,0,0,0,0,0,0,0,0,0,0,0,0,0,0,0,0,0,0,0,0,0,0,0,0,0,0,0,0,0,0,0,0,0,0,0,0,0,0,0,0,0,0,0,0,0,0,0,0,0,0,0,0,0,0,0,0,0,0,0,0,0,0,0,0,0,0,0,0,0,0,0,0,0,0,0,0,0,0,0,0,0,0,0,0,0,0,0,0,0,0,0,0,0,0,0,0,0,0.00925136916339397,0,0,0.00670703034847975,0.0194397978484631,0.0487925857305527,0.0377314165234566,0,0,0,0,0,0,0,0,0,0,0,0,0,0,0,0,0,0,0,0,0,0,0.0831450074911118,0.112924680113792,0.1027901917696,0,0,0,0.0901648551225662,0,0.0330375023186207,0.0803592056035995,0,0,0.043939121067524,0.271970808506012,0.285232275724411,0.403502583503723,0.322066158056259,0.331675112247467,0.455598682165146,0.245927453041077,0.278306663036346,0.17428657412529,0.295168519020081,0.43059641122818,0.381603568792343,0.298122704029083,0.380605459213257,0.559112071990967,0.494954109191895,0.397992372512817,0.574386477470398,0.715012550354004,0.726608037948608,0.526950299739838,0.431097209453583,0.468184620141983,0.706855952739716,0.836229085922241,0.961133062839508,0.849213659763336,0.355741113424301,0.508646190166473,0.831861317157745,0.968612313270569,0.686329782009125,0.390531212091446,0,0.36966860294342,0.62674480676651,0.38394621014595,0,0,0,0.217044204473495,0.491845369338989,0.587398290634155,0.450408786535263,0,0,0.183864608407021,0.546210289001465,0.78351616859436,0.816429316997528,0.789355754852295,0.743661284446716,0.778643369674683,1.04408884048462,1.20106768608093,1.26587760448456,1.13623833656311,1.02863037586212,1.0085529088974,0.881410539150238,1.0251100063324,0.851528823375702,0.800672233104706,0.83615118265152,0.788822174072266,0.859351933002472,0.99106103181839,0.98647141456604,0.888038635253906,0.892957746982574,0.931876361370087,1.15690910816193,1.04627895355225,0.861247956752777,0,0.48966982960701,0.646648943424225,0.819811880588531,0.933915853500366,0.692894101142883,0.74796861410141,0.632512986660004,0.506288945674896,0.868919789791107,0.993412673473358,1.161954164505,1.29950761795044,1.41665875911713,1.38084840774536,1.32589268684387,1.02420735359192,0.913807809352875,1.23606979846954,0.769250750541687,0,0.50104820728302,0.719703197479248,0,0,0,0,0,0,0,0.832448780536652,0.633819818496704,0,0,0,0,0,0,0,0,0.632474541664124,0.133654192090034,0.390241682529449,0,0.341518670320511,0.400382727384567,0.272156655788422,0,0,0,0,0,0,0,0,0,0,0,0,0,0,0.472021460533142,0.334922939538956,0.355627864599228,0,0,0,0,0,0,0,0,0,0,0.324305951595306,0,0,0,0,0,0,0,0,0,0,0,0,0,0,0,0,0,0,0,0,0,0,0,0,0,0,0,0,0,0,0,39
Rotenburg (Wümme),0,0,0,0,0,0,0,0,0,0,0,0,0,0,0,0,0,0,0,0,0,0,0,0,0,0,0,0,0,0,0,0,0,0,0,0,0,0,0,0,0,0,0,0,0,0,0,0,0,0,0,0,0,0,0,0,0,0,0,0,0,0,0,0,0,0,0,0,0,0,0,0,0,0,0,0,0,0,0,0,0,0,0,0,0,0,0,0,0,0,0,0,0,0,0,0,0,0,0,0,0,0,0,0,0,0,0,0,0,0,0,0,0,0,0,0,0,0,0,0,0,0,0,0,0,0,0,0,0,0,0,0,0,0,0,0,0,0,0,0,0,0,0,0.00773574644699693,0,0,0,0.0158429481089115,0.045193437486887,0.0407541841268539,0,0,0,0,0,0,0,0,0,0,0,0,0,0,0,0,0,0,0,0,0,0,0.0785141214728355,0.1094835922122,0.115730494260788,0,0,0,0.0859918370842934,0,0,0.107669495046139,0,0,0,0.269216150045395,0.284862995147705,0.402783572673798,0.337659269571304,0.32266029715538,0.468087702989578,0.270213633775711,0.284614771604538,0.172638192772865,0.303234845399857,0.437861949205399,0.398845016956329,0.321075618267059,0.41681432723999,0.580845534801483,0.517870962619781,0.412099748849869,0.585254669189453,0.737454056739807,0.761759161949158,0.554512679576874,0.454314529895782,0.468967407941818,0.71112984418869,0.840352833271027,0.983076989650726,0.892482936382294,0.340507209300995,0.526025950908661,0.848311305046082,1.01132464408875,0.716062843799591,0.366880416870117,0,0.33519172668457,0.605362594127655,0.366829812526703,0,0,0,0.320914417505264,0.513514280319214,0.614061415195465,0.480151325464249,0,0,0.277689695358276,0.543183743953705,0.805549740791321,0.829384803771973,0.818077802658081,0.7670578956604,0.776650965213776,1.06934952735901,1.22913897037506,1.29298746585846,1.14675760269165,1.04446947574615,1.04384350776672,0.909440040588379,1.04042840003967,0.892600536346436,0.845697343349457,0.861291468143463,0.821628212928772,0.851321518421173,0.99628883600235,1.01055431365967,0.907105386257172,0.908316254615784,0.977994859218597,1.19346165657043,1.08299100399017,0.920301854610443,0,0.461074978113174,0.641583740711212,0.834801256656647,0.968741714954376,0.737757086753845,0.774514257907867,0.672816336154938,0.533276259899139,0.89798367023468,1.02817153930664,1.19117701053619,1.34204137325287,1.46482753753662,1.40716052055359,1.35782957077026,1.05285429954529,0.964273154735565,1.29531598091125,0.834531366825104,0,0.498181641101837,0.766501009464264,0,0,0,0,0,0,0,0.827573120594025,0.63579797744751,0,0,0,0,0,0,0,0,0.605866074562073,0.0327464155852795,0.426526784896851,0,0.294388920068741,0.420198649168015,0.258509427309036,0,0,0,0,0,0,0,0,0,0,0,0,0,0,0.464684307575226,0.361709386110306,0.366938292980194,0,0,0,0,0,0,0,0,0,0,0.319863975048065,0,0,0,0,0,0,0,0,0,0,0,0,0,0,0,0,0,0,0,0,0,0,0,0,0,0,0,0,0,0,0,40
Heidekreis,0,0,0,0,0,0,0,0,0,0,0,0,0,0,0,0,0,0,0,0,0,0,0,0,0,0,0,0,0,0,0,0,0,0,0,0,0,0,0,0,0,0,0,0,0,0,0,0,0,0,0,0,0,0,0,0,0,0,0,0,0,0,0,0,0,0,0,0,0,0,0,0,0,0,0,0,0,0,0,0,0,0,0,0,0,0,0,0,0,0,0,0,0,0,0,0,0,0,0,0,0,0,0,0,0,0,0,0,0,0,0,0,0,0,0,0,0,0,0,0,0,0,0,0,0,0,0,0,0,0,0,0,0,0,0,0,0,0,0,0,0,0,0,0.00826739612966776,0,0,0,0.016931775957346,0.0467612966895103,0.04118587449193,0,0,0,0,0,0,0,0,0,0,0,0,0,0,0,0,0,0,0,0,0,0,0.0788451731204987,0.117008000612259,0.114205710589886,0,0,0,0.0919017419219017,0,0,0.115069232881069,0,0,0,0.268194437026978,0.28633376955986,0.397988349199295,0.331856042146683,0.325505256652832,0.459553509950638,0.260506361722946,0.282298237085342,0.184502989053726,0.302343189716339,0.446359753608704,0.39622688293457,0.310465812683105,0.40583148598671,0.571050405502319,0.513347566127777,0.402920544147491,0.571090579032898,0.720479547977448,0.746656537055969,0.546730637550354,0.456807732582092,0.478956699371338,0.704521477222443,0.825481414794922,0.956579446792603,0.878204703330994,0.363909035921097,0.521774351596832,0.836877584457397,0.997200310230255,0.709413230419159,0.392094790935516,0,0.358228266239166,0.620838284492493,0.392040729522705,0,0,0,0.310793399810791,0.507648885250092,0.599552154541016,0.458976686000824,0,0,0.26328232884407,0.544489860534668,0.793043732643127,0.819460868835449,0.798792481422424,0.759066462516785,0.77809339761734,1.04843235015869,1.20484566688538,1.265909075737,1.12341916561127,1.02346515655518,1.01955807209015,0.881292164325714,1.03041744232178,0.877723395824432,0.826915502548218,0.849733591079712,0.805387437343597,0.844056606292725,0.985897481441498,0.992712914943695,0.898402094841003,0.899435818195343,0.968070983886719,1.1752610206604,1.06887125968933,0.908399522304535,0,0.492763012647629,0.635882675647736,0.818899571895599,0.963838994503021,0.731720209121704,0.772620975971222,0.667061686515808,0.530014097690582,0.886672735214233,1.01982474327087,1.1767590045929,1.32371032238007,1.44630122184753,1.38555014133453,1.32763385772705,1.03360748291016,0.955712676048279,1.28019022941589,0.826537787914276,0,0.485701084136963,0.763297021389008,0,0,0,0,0,0,0,0.829200804233551,0.641308486461639,0,0,0,0,0,0,0,0,0.612455904483795,0,0.417390495538712,0,0.314621180295944,0.416836827993393,0.276275843381882,0,0,0,0,0,0,0,0,0,0,0,0,0,0,0.496620386838913,0.386568337678909,0.392156660556793,0,0,0,0,0,0,0,0,0,0,0.318137615919113,0,0,0,0,0,0,0,0,0,0,0,0,0,0,0,0,0,0,0,0,0,0,0,0,0,0,0,0,0,0,0,41
Stade,0,0,0,0,0,0,0,0,0,0,0,0,0,0,0,0,0,0,0,0,0,0,0,0,0,0,0,0,0,0,0,0,0,0,0,0,0,0,0,0,0,0,0,0,0,0,0,0,0,0,0,0,0,0,0,0,0,0,0,0,0,0,0,0,0,0,0,0,0,0,0,0,0,0,0,0,0,0,0,0,0,0,0,0,0,0,0,0,0,0,0,0,0,0,0,0,0,0,0,0,0,0,0,0,0,0,0,0,0,0,0,0,0,0,0,0,0,0,0,0,0,0,0,0,0,0,0,0,0,0,0,0,0,0,0,0,0,0,0,0,0,0,0,0.00272305798716843,0,0,0,0.00557687180116773,0.030410785228014,0.0366839841008186,0,0,0,0,0,0,0,0,0,0,0,0,0,0,0,0,0,0,0,0,0,0,0.0753927007317543,0.0385392904281616,0.130106940865517,0,0,0,0.0302699636667967,0,0,0.0379007086157799,0,0,0,0.278849750757217,0.270995914936066,0.447995483875275,0.392375230789185,0.295836478471756,0.548552513122559,0.361739009618759,0.30645626783371,0.060770321637392,0.311641991138458,0.357739925384521,0.423530250787735,0.421110808849335,0.520366370677948,0.673199474811554,0.560519754886627,0.498646259307861,0.718801379203796,0.897499203681946,0.904155075550079,0.627885758876801,0.430806905031204,0.374782741069794,0.773437023162842,0.980568647384644,1.23291063308716,1.02710592746735,0.119861841201782,0.566112160682678,0.956114172935486,1.14449656009674,0.778758347034454,0.129145488142967,0,0.117990761995316,0.459449082612991,0.129127666354179,0,0,0,0.416340708732605,0.568816304206848,0.750862717628479,0.679796993732452,0,0,0.413530081510544,0.530869543552399,0.923462986946106,0.92295253276825,0.999909937381744,0.842405736446381,0.763050258159637,1.2665684223175,1.45818960666656,1.54829680919647,1.36680471897125,1.24250936508179,1.2728191614151,1.17483294010162,1.13481628894806,1.03286981582642,1.02278280258179,0.97026526927948,0.974754452705383,0.919818699359894,1.09426414966583,1.17877233028412,0.989164471626282,0.992045342922211,1.07156240940094,1.36506736278534,1.21612071990967,1.0325231552124,0,0.162302896380424,0.695335865020752,0.984730780124664,1.01496744155884,0.794676780700684,0.792364656925201,0.727073907852173,0.564033389091492,1.00462901592255,1.10686862468719,1.32711780071259,1.51487517356873,1.63950371742249,1.61091494560242,1.64253079891205,1.2343236207962,1.0449857711792,1.4379301071167,0.909898817539215,0,0.615855097770691,0.796709716320038,0,0,0,0,0,0,0,0.812226474285126,0.583841681480408,0,0,0,0,0,0,0,0,0.543733298778534,0.341497540473938,0.512668788433075,0,0.103627763688564,0.451895922422409,0.0909978374838829,0,0,0,0,0,0,0,0,0,0,0,0,0,0,0.163573414087296,0.127325221896172,0.129165858030319,0,0,0,0,0,0,0,0,0,0,0.336140900850296,0,0,0,0,0,0,0,0,0,0,0,0,0,0,0,0,0,0,0,0,0,0,0,0,0,0,0,0,0,0,0,42
Uelzen,0,0,0,0,0,0,0,0,0,0,0,0,0,0,0,0,0,0,0,0,0,0,0,0,0,0,0,0,0,0,0,0,0,0,0,0,0,0,0,0,0,0,0,0,0,0,0,0,0,0,0,0,0,0,0,0,0,0,0,0,0,0,0,0,0,0,0,0,0,0,0,0,0,0,0,0,0,0,0,0,0,0,0,0,0,0,0,0,0,0,0,0,0,0,0,0,0,0,0,0,0,0,0,0,0,0,0,0,0,0,0,0,0,0,0,0,0,0,0,0,0,0,0,0,0,0,0,0,0,0,0,0,0,0,0,0,0,0,0,0,0,0,0,0.000239922315813601,0,0,0,0.000491365208290517,0.0529953055083752,0.0593946874141693,0,0,0,0,0,0,0,0,0,0,0,0,0,0,0,0,0,0,0,0,0,0,0.147214442491531,0.206265076994896,0.188199728727341,0.143989816308022,0,0,0.194388002157211,0,0.144492134451866,0.248392537236214,0,0,0,0.425520658493042,0.490534752607346,0.649742603302002,0.626961708068848,0.60326087474823,0.800808370113373,0.538397073745728,0.545559942722321,0.406535089015961,0.546863973140717,0.801577389240265,0.791412532329559,0.666186153888702,0.742975950241089,1.00306951999664,1.0297943353653,0.641369640827179,0.964578628540039,1.23159050941467,1.3112461566925,1.01242852210999,0.864169299602509,0.87723845243454,1.18310546875,1.3601279258728,1.5966956615448,1.6136589050293,0.803249716758728,0.875830471515656,1.41020202636719,1.79084491729736,1.31212913990021,0.725223958492279,0,0.645307302474976,1.05198907852173,0.77974271774292,0,0,0,0.565580904483795,1.10280549526215,1.09663093090057,1.0842502117157,0.540630996227264,0,0.669978737831116,0.902027428150177,1.38409686088562,1.48504495620728,1.52430236339569,1.42613422870636,1.34319710731506,1.85613203048706,2.08452248573303,2.19339966773987,1.92051589488983,1.82290017604828,1.91108798980713,1.72257745265961,1.72819435596466,1.53737795352936,1.47693586349487,1.44439387321472,1.51492261886597,1.40833234786987,1.67088043689728,1.82096171379089,1.72206282615662,1.64400005340576,1.88885617256165,2.24406456947327,2.07608437538147,1.81565999984741,0.762665927410126,0.86670446395874,1.11155986785889,1.4406441450119,1.89541745185852,1.72640073299408,1.50551676750183,1.34517538547516,1.09803366661072,1.65499830245972,2.01470327377319,2.24001455307007,2.59793543815613,2.73951029777527,2.53348708152771,2.54097628593445,2.12292432785034,2.1386604309082,2.6377260684967,1.84057879447937,0,0.651976346969604,1.65198481082916,0,0,0,0,0,0,0,1.57820248603821,1.36019766330719,0,0,0,0,0,0,0,0,0.992359459400177,0,1.08237075805664,0,0.00913040153682232,0.716034293174744,0.569537043571472,0,0,0,0,0,0,0,0,0,0,0,0,0,0.466224402189255,1.08979451656342,0.940122485160828,0.757230758666992,0,0,0,0,0,0,0,0,0,0,0.464001387357712,0,0,0,0,0,0,0,0,0,0,0,0,0,0,0,0,0,0,0,0,0,0,0,0,0,0,0,0,0,0,0,43
Verden,0,0,0,0,0,0,0,0,0,0,0,0,0,0,0,0,0,0,0,0,0,0,0,0,0,0,0,0,0,0,0,0,0,0,0,0,0,0,0,0,0,0,0,0,0,0,0,0,0,0,0,0,0,0,0,0,0,0,0,0,0,0,0,0,0,0,0,0,0,0,0,0,0,0,0,0,0,0,0,0,0,0,0,0,0,0,0,0,0,0,0,0,0,0,0,0,0,0,0,0,0,0,0,0,0,0,0,0,0,0,0,0,0,0,0,0,0,0,0,0,0,0,0,0,0,0,0,0,0,0,0,0,0,0,0,0,0,0,0,0,0,0,0,0.00826739612966776,0,0,0,0.016931775957346,0.0467612966895103,0.04118587449193,0,0,0,0,0,0,0,0,0,0,0,0,0,0,0,0,0,0,0,0,0,0,0.0788451731204987,0.117007993161678,0.114205710589886,0,0,0,0.0919017493724823,0,0,0.115069232881069,0,0,0,0.268194407224655,0.28633376955986,0.397988349199295,0.331856042146683,0.32550522685051,0.45955353975296,0.260506391525269,0.282298237085342,0.184502989053726,0.302343159914017,0.446359753608704,0.396226853132248,0.310465812683105,0.40583148598671,0.571050405502319,0.513347506523132,0.402920544147491,0.571090579032898,0.720479488372803,0.746656537055969,0.546730637550354,0.456807732582092,0.478956699371338,0.704521477222443,0.825481474399567,0.956579446792603,0.878204703330994,0.363909035921097,0.521774351596832,0.836877584457397,0.9972003698349,0.709413290023804,0.392094790935516,0,0.358228266239166,0.620838284492493,0.392040729522705,0,0,0,0.310793399810791,0.507648885250092,0.599552154541016,0.458976686000824,0,0,0.26328232884407,0.544489860534668,0.793043732643127,0.819460928440094,0.798792481422424,0.759066462516785,0.77809339761734,1.04843235015869,1.20484566688538,1.265909075737,1.12341916561127,1.02346515655518,1.01955807209015,0.881292223930359,1.03041744232178,0.877723395824432,0.826915502548218,0.849733650684357,0.805387437343597,0.844056606292725,0.985897481441498,0.992712914943695,0.898402094841003,0.899435877799988,0.968070983886719,1.1752610206604,1.06887125968933,0.90839946269989,0,0.492763042449951,0.63588273525238,0.818899571895599,0.963838934898376,0.731720149517059,0.772620975971222,0.667061686515808,0.530014097690582,0.886672735214233,1.01982474327087,1.1767590045929,1.32371032238007,1.44630122184753,1.38555014133453,1.32763385772705,1.03360748291016,0.955712676048279,1.28019022941589,0.826537847518921,0,0.485701084136963,0.763296961784363,0,0,0,0,0,0,0,0.829200744628906,0.641308486461639,0,0,0,0,0,0,0,0,0.61245596408844,0,0.417390495538712,0,0.314621210098267,0.416836827993393,0.276275873184204,0,0,0,0,0,0,0,0,0,0,0,0,0,0,0.496620416641235,0.386568337678909,0.392156630754471,0,0,0,0,0,0,0,0,0,0,0.318137615919113,0,0,0,0,0,0,0,0,0,0,0,0,0,0,0,0,0,0,0,0,0,0,0,0,0,0,0,0,0,0,0,44
Delmenhorst,0,0,0,0,0,0,0,0,0,0,0,0,0,0,0,0,0,0,0,0,0,0,0,0,0,0,0,0,0,0,0,0,0,0,0,0,0,0,0,0,0,0,0,0,0,0,0,0,0,0,0,0,0,0,0,0,0,0,0,0,0,0,0,0,0,0,0,0,0,0,0,0,0,0,0,0,0,0,0,0,0,0,0,0,0,0,0,0,0,0,0,0,0,0,0,0,0,0,0,0,0,0,0,0,0,0,0,0,0,0,0,0,0,0,0,0,0,0,0,0,0,0,0,0,0,0,0,0,0,0,0,0,0,0,0,0,0,0,0,0,0,0,0,0.0115294186398387,0,0,0.0222348626703024,0.0252462606877089,0.0534953400492668,0.0297338012605906,0,0,0,0,0,0,0,0,0,0,0,0,0,0,0,0,0,0,0,0,0,0,0.0930997952818871,0.103471167385578,0.0763614401221275,0,0,0,0.0861436724662781,0,0.109524525702,0,0,0,0.145665124058723,0.280713766813278,0.282682090997696,0.416268825531006,0.299401015043259,0.345959275960922,0.446442693471909,0.212174907326698,0.269065469503403,0.150633931159973,0.278558045625687,0.394101738929749,0.347748309373856,0.269546419382095,0.322203189134598,0.53147280216217,0.452370405197144,0.386582911014557,0.582017123699188,0.70235550403595,0.680192470550537,0.481155753135681,0.371573209762573,0.443245500326157,0.71226042509079,0.861111521720886,0.971675276756287,0.782094657421112,0.33683106303215,0.478252321481705,0.820247769355774,0.902426302433014,0.632887899875641,0.386911273002625,0,0.39615473151207,0.640419244766235,0.365206182003021,0,0,0,0,0.455257743597031,0.559260189533234,0.430572599172592,0,0,0,0.550193428993225,0.761458218097687,0.809410870075226,0.767508268356323,0.707995772361755,0.77991646528244,1.03403317928314,1.19232106208801,1.26580464839935,1.16591668128967,1.04058885574341,0.983074247837067,0.881684482097626,1.01282238960266,0.790884137153625,0.739914774894714,0.804705679416656,0.750470757484436,0.894763052463531,1.00301539897919,0.972021460533142,0.86404550075531,0.877959847450256,0.848079860210419,1.11442148685455,0.993974268436432,0.752084732055664,0,0.482508540153503,0.671574473381042,0.821923911571503,0.864638984203339,0.603005707263947,0.690894484519958,0.55252742767334,0.451361447572708,0.827818751335144,0.932264685630798,1.1276787519455,1.2434743642807,1.34803175926208,1.36996328830719,1.321861743927,1.00244426727295,0.816791236400604,1.13392400741577,0.636621952056885,0,0.536579132080078,0.618776559829712,0,0,0,0,0,0,0,0.839968383312225,0.616482257843018,0,0,0,0,0,0,0,0,0.678820610046387,0.44308465719223,0.327387928962708,0,0.403790473937988,0.36228883266449,0.262620031833649,0,0,0,0,0,0,0,0,0,0,0,0,0,0,0.415070950984955,0.215355664491653,0.271057963371277,0,0,0,0,0,0,0,0,0,0,0.33858659863472,0,0,0,0,0,0,0,0,0,0,0,0,0,0,0,0,0,0,0,0,0,0,0,0,0,0,0,0,0,0,0,45
Emden,0,0,0,0,0,0,0,0,0,0,0,0,0,0,0,0,0,0,0,0,0,0,0,0,0,0,0,0,0,0,0,0,0,0,0,0,0,0,0,0,0,0,0,0,0,0,0,0,0,0,0,0,0,0,0,0,0,0,0,0,0,0,0,0,0,0,0,0,0,0,0,0,0,0,0,0,0,0,0,0,0,0,0,0,0,0,0,0,0,0,0,0,0,0,0,0,0,0,0,0,0,0,0,0,0,0,0,0,0,0,0,0,0,0,0,0,0,0,0,0,0,0,0,0,0,0,0,0,0,0,0,0,0,0,0,0,0,0,0,0,0,0,0.00612909533083439,0.0121313659474254,0.00800538901239634,0,0.0253798514604568,0.0235991142690182,0.0486829578876495,0.00741604156792164,0,0,0,0,0,0,0,0,0,0,0,0,0,0,0,0,0,0,0,0,0,0,0.0882126688957214,0.092742808163166,0.01904565282166,0,0,0,0.0761194825172424,0,0.109914794564247,0,0,0,0.150642037391663,0.243968829512596,0.253942400217056,0.376818388700485,0.251680970191956,0.316264718770981,0.376542150974274,0.133269146084785,0.228303015232086,0.0375702902674675,0.232573866844177,0.345051229000092,0.280699789524078,0.188918545842171,0.245087578892708,0.457006305456161,0.375056982040405,0.345367431640625,0.510754525661469,0.606789171695709,0.581390976905823,0.411587089300156,0.303490161895752,0.39651620388031,0.655340135097504,0.78925883769989,0.882791340351105,0.667644917964935,0.344796121120453,0.466277986764908,0.756386339664459,0.7862828373909,0.548382997512817,0.379597574472427,0,0.378194034099579,0.613962650299072,0.379659205675125,0,0,0,0,0.435833841562271,0.50594574213028,0.456088989973068,0,0.180064544081688,0.184180870652199,0.542120695114136,0.703337252140045,0.749912023544312,0.72258186340332,0.648270726203918,0.748024702072144,0.969470202922821,1.13056862354279,1.17920327186584,1.12813675403595,0.996037781238556,0.905578792095184,0.83285117149353,0.94080126285553,0.71696811914444,0.683368504047394,0.720495223999023,0.694494068622589,0.831980764865875,0.973935544490814,0.90562629699707,0.85625433921814,0.834070980548859,0.822194337844849,1.03969120979309,0.906990766525269,0.682880163192749,0,0.486391991376877,0.668864786624908,0.78527843952179,0.795017063617706,0.594767928123474,0.621772825717926,0.462159395217896,0.437965422868729,0.765397608280182,0.878037512302399,1.09653687477112,1.1880589723587,1.2945214509964,1.33030068874359,1.27168726921082,0.947254717350006,0.740141332149506,1.06039607524872,0.575112462043762,0,0.5642209649086,0.543829619884491,0,0,0,0,0,0,0,0.858963191509247,0.599531173706055,0,0,0,0,0,0,0,0,0.723527729511261,0.466847121715546,0.335589855909348,0.215995252132416,0.422896683216095,0.347992181777954,0.259259283542633,0,0,0,0,0,0,0,0,0,0,0,0,0,0,0.426057696342468,0.0537128262221813,0.25087034702301,0,0,0,0,0,0,0,0,0,0,0.346539795398712,0,0,0,0,0,0,0,0,0,0,0,0,0,0,0,0,0,0,0,0,0,0,0,0,0,0,0,0,0,0,0,46
Oldenburg (Oldb),0,0,0,0,0,0,0,0,0,0,0,0,0,0,0,0,0,0,0,0,0,0,0,0,0,0,0,0,0,0,0,0,0,0,0,0,0,0,0,0,0,0,0,0,0,0,0,0,0,0,0,0,0,0,0,0,0,0,0,0,0,0,0,0,0,0,0,0,0,0,0,0,0,0,0,0,0,0,0,0,0,0,0,0,0,0,0,0,0,0,0,0,0,0,0,0,0,0,0,0,0,0,0,0,0,0,0,0,0,0,0,0,0,0,0,0,0,0,0,0,0,0,0,0,0,0,0,0,0,0,0,0,0,0,0,0,0,0,0,0,0,0,0,0.0115294195711613,0,0,0.0222348626703024,0.0252462606877089,0.0534953400492668,0.0297338012605906,0,0,0,0,0,0,0,0,0,0,0,0,0,0,0,0,0,0,0,0,0,0,0.0930997952818871,0.103471167385578,0.0763614401221275,0,0,0,0.0861436724662781,0,0.10952453315258,0,0,0,0.145665124058723,0.280713766813278,0.282682090997696,0.416268795728683,0.299401015043259,0.345959275960922,0.446442663669586,0.212174922227859,0.269065469503403,0.150633931159973,0.278558045625687,0.394101738929749,0.347748339176178,0.269546449184418,0.322203189134598,0.53147280216217,0.452370434999466,0.386582911014557,0.582017123699188,0.702355563640594,0.680192470550537,0.481155753135681,0.371573209762573,0.443245530128479,0.712260365486145,0.861111581325531,0.971675336360931,0.782094657421112,0.33683106303215,0.478252321481705,0.820247769355774,0.902426362037659,0.632887899875641,0.386911273002625,0,0.39615473151207,0.640419185161591,0.365206152200699,0,0,0,0,0.455257743597031,0.559260189533234,0.430572599172592,0,0,0,0.55019348859787,0.761458277702332,0.809410870075226,0.767508268356323,0.707995772361755,0.77991646528244,1.03403317928314,1.19232106208801,1.26580464839935,1.16591668128967,1.04058885574341,0.983074247837067,0.881684482097626,1.01282238960266,0.790884077548981,0.739914774894714,0.804705679416656,0.750470757484436,0.894763052463531,1.00301539897919,0.972021400928497,0.86404550075531,0.877959787845612,0.848079860210419,1.11442160606384,0.993974268436432,0.752084732055664,0,0.482508540153503,0.671574473381042,0.821923971176147,0.864638984203339,0.603005707263947,0.690894484519958,0.55252742767334,0.451361447572708,0.827818751335144,0.932264685630798,1.1276787519455,1.24347448348999,1.34803175926208,1.36996328830719,1.32186186313629,1.00244426727295,0.816791236400604,1.13392400741577,0.63662201166153,0,0.536579072475433,0.618776559829712,0,0,0,0,0,0,0,0.839968383312225,0.616482257843018,0,0,0,0,0,0,0,0,0.678820610046387,0.443084686994553,0.327387928962708,0,0.403790473937988,0.36228883266449,0.262620031833649,0,0,0,0,0,0,0,0,0,0,0,0,0,0,0.415070950984955,0.215355664491653,0.271057993173599,0,0,0,0,0,0,0,0,0,0,0.338586568832397,0,0,0,0,0,0,0,0,0,0,0,0,0,0,0,0,0,0,0,0,0,0,0,0,0,0,0,0,0,0,0,47
Osnabrück,0,0,0,0,0,0,0,0,0,0,0,0,0,0,0,0,0,0,0,0,0,0,0,0,0,0,0,0,0,0,0,0,0,0,0,0,0,0,0,0,0,0,0,0,0,0,0,0,0,0,0,0,0,0,0,0,0,0,0,0,0,0,0,0,0,0,0,0,0,0,0,0,0,0,0,0,0,0,0,0,0,0,0,0,0,0,0,0,0,0,0,0,0,0,0,0,0,0,0,0,0,0,0,0,0,0,0,0,0,0,0,0,0,0,0,0,0,0,0,0,0,0,0,0,0,0,0,0,0,0,0,0,0,0,0,0,0,0,0,0,0,0,0,0.0115294195711613,0,0,0.0222348608076572,0.0252462588250637,0.0534953363239765,0.0297338012605906,0,0,0,0,0,0,0,0,0,0,0,0,0,0,0,0,0,0,0,0,0,0,0.0930998027324677,0.103471174836159,0.0763614401221275,0,0,0,0.0861436724662781,0,0.109524525702,0,0,0,0.145665124058723,0.280713766813278,0.282682090997696,0.416268825531006,0.299401015043259,0.345959275960922,0.446442693471909,0.212174922227859,0.269065469503403,0.150633931159973,0.278558045625687,0.394101738929749,0.347748339176178,0.269546449184418,0.322203189134598,0.53147280216217,0.452370434999466,0.386582940816879,0.582017123699188,0.702355563640594,0.680192530155182,0.481155782938004,0.371573209762573,0.443245530128479,0.71226042509079,0.861111521720886,0.971675276756287,0.782094657421112,0.33683106303215,0.478252321481705,0.820247769355774,0.902426362037659,0.632887899875641,0.386911273002625,0,0.39615473151207,0.640419185161591,0.365206182003021,0,0,0,0,0.455257743597031,0.559260189533234,0.43057256937027,0,0,0,0.55019348859787,0.761458277702332,0.809410870075226,0.767508268356323,0.707995772361755,0.77991646528244,1.03403317928314,1.19232106208801,1.26580464839935,1.16591668128967,1.04058885574341,0.983074247837067,0.881684482097626,1.01282238960266,0.790884077548981,0.739914834499359,0.804705679416656,0.750470757484436,0.894763052463531,1.00301539897919,0.972021460533142,0.86404550075531,0.877959847450256,0.848079919815063,1.11442148685455,0.993974268436432,0.752084672451019,0,0.482508569955826,0.671574473381042,0.821923911571503,0.864638984203339,0.603005766868591,0.690894484519958,0.55252742767334,0.451361447572708,0.827818751335144,0.932264685630798,1.1276787519455,1.2434743642807,1.34803175926208,1.36996328830719,1.321861743927,1.00244438648224,0.816791236400604,1.13392400741577,0.63662201166153,0,0.536579072475433,0.618776500225067,0,0,0,0,0,0,0,0.83996844291687,0.616482198238373,0,0,0,0,0,0,0,0,0.678820669651031,0.443084686994553,0.327387928962708,0,0.403790473937988,0.362288862466812,0.262620031833649,0,0,0,0,0,0,0,0,0,0,0,0,0,0,0.415070950984955,0.215355664491653,0.271057993173599,0,0,0,0,0,0,0,0,0,0,0.338586568832397,0,0,0,0,0,0,0,0,0,0,0,0,0,0,0,0,0,0,0,0,0,0,0,0,0,0,0,0,0,0,0,48
Wilhelmshaven,0,0,0,0,0,0,0,0,0,0,0,0,0,0,0,0,0,0,0,0,0,0,0,0,0,0,0,0,0,0,0,0,0,0,0,0,0,0,0,0,0,0,0,0,0,0,0,0,0,0,0,0,0,0,0,0,0,0,0,0,0,0,0,0,0,0,0,0,0,0,0,0,0,0,0,0,0,0,0,0,0,0,0,0,0,0,0,0,0,0,0,0,0,0,0,0,0,0,0,0,0,0,0,0,0,0,0,0,0,0,0,0,0,0,0,0,0,0,0,0,0,0,0,0,0,0,0,0,0,0,0,0,0,0,0,0,0,0,0,0,0,0,0,0,0,0,0.0223220456391573,0.0310374796390533,0.0692413449287415,0.0531025864183903,0,0,0,0,0,0,0,0,0,0,0,0,0,0,0,0,0,0,0,0,0,0,0.142297685146332,0,0,0,0,0,0,0,0,0,0,0,0.231946811079979,0.388164758682251,0.339420646429062,0.633357167243958,0.429189026355743,0.483005732297897,0.619114756584167,0.383189290761948,0.469133198261261,0,0.312539517879486,0.518858134746552,0.522172749042511,0.430447846651077,0.583635866641998,0.791858434677124,0.649600148200989,0.502680420875549,0.981758892536163,1.06953346729279,1.14374208450317,0.64679354429245,0.439204335212708,0.468629896640778,1.16588139533997,1.43792831897736,1.66398358345032,0.969330072402954,0,0.405561298131943,1.22318279743195,1.37409472465515,0.959683001041412,0,0,0.632603704929352,0.840229570865631,0.579831302165985,0,0,0,0,0.817521035671234,0.87455278635025,0.543855309486389,0,0,0.442314833402634,0.70188707113266,1.17394816875458,1.1808123588562,1.40094351768494,1.1055862903595,1.1892204284668,1.59067010879517,1.99898147583008,2.06152033805847,1.84204268455505,1.63455820083618,1.63220453262329,1.40034830570221,1.5668613910675,1.4082738161087,1.29875683784485,1.29907250404358,1.25773918628693,1.36717426776886,1.50053036212921,1.5074667930603,1.40411138534546,1.44046831130981,1.25637686252594,1.79071307182312,1.55861949920654,1.23495388031006,0,0,1.14546966552734,1.41303789615631,1.36355888843536,1.07922208309174,1.11969769001007,1.01029634475708,0.982877314090729,1.36683416366577,1.39813888072968,1.87487149238586,1.96196818351746,1.97487819194794,2.2059006690979,2.16731119155884,1.67420935630798,1.42247009277344,1.84329259395599,1.09820222854614,0,1.01200461387634,0.905600190162659,0,0,0,0,0,0,0,1.21428883075714,0.990964353084564,0,0,0,0,0,0,0,0,1.09584069252014,0.759237408638,0.730129420757294,0,0.569941759109497,0.591889381408691,0,0,0,0,0,0,0,0,0,0,0,0,0,0,0,0,0,0,0,0,0,0,0,0,0,0,0,0,0.470378071069717,0,0,0,0,0,0,0,0,0,0,0,0,0,0,0,0,0,0,0,0,0,0,0,0,0,0,0,0,0,0,0,49
Ammerland,0,0,0,0,0,0,0,0,0,0,0,0,0,0,0,0,0,0,0,0,0,0,0,0,0,0,0,0,0,0,0,0,0,0,0,0,0,0,0,0,0,0,0,0,0,0,0,0,0,0,0,0,0,0,0,0,0,0,0,0,0,0,0,0,0,0,0,0,0,0,0,0,0,0,0,0,0,0,0,0,0,0,0,0,0,0,0,0,0,0,0,0,0,0,0,0,0,0,0,0,0,0,0,0,0,0,0,0,0,0,0,0,0,0,0,0,0,0,0,0,0,0,0,0,0,0,0,0,0,0,0,0,0,0,0,0,0,0,0,0,0,0,0,0.0115294195711613,0,0,0.0222348626703024,0.0252462588250637,0.0534953363239765,0.0297338012605906,0,0,0,0,0,0,0,0,0,0,0,0,0,0,0,0,0,0,0,0,0,0,0.0930998027324677,0.103471167385578,0.0763614401221275,0,0,0,0.0861436650156975,0,0.10952453315258,0,0,0,0.145665124058723,0.280713766813278,0.282682090997696,0.416268825531006,0.299401015043259,0.345959275960922,0.446442693471909,0.212174907326698,0.269065469503403,0.150633931159973,0.278558015823364,0.394101709127426,0.347748309373856,0.269546449184418,0.322203189134598,0.53147280216217,0.452370434999466,0.386582911014557,0.582017123699188,0.70235550403595,0.680192470550537,0.481155782938004,0.371573209762573,0.443245500326157,0.71226042509079,0.861111521720886,0.971675336360931,0.782094717025757,0.336831092834473,0.478252351284027,0.820247709751129,0.902426362037659,0.632887899875641,0.386911273002625,0,0.39615473151207,0.640419185161591,0.365206152200699,0,0,0,0,0.455257773399353,0.559260189533234,0.430572599172592,0,0,0,0.55019348859787,0.761458277702332,0.809410870075226,0.767508268356323,0.707995772361755,0.77991646528244,1.03403317928314,1.19232106208801,1.26580464839935,1.16591668128967,1.04058885574341,0.983074188232422,0.881684482097626,1.01282238960266,0.790884077548981,0.739914774894714,0.804705739021301,0.750470757484436,0.894762992858887,1.00301539897919,0.972021460533142,0.864045441150665,0.877959847450256,0.848079860210419,1.11442160606384,0.993974268436432,0.752084672451019,0,0.482508540153503,0.671574413776398,0.821923911571503,0.864638984203339,0.603005707263947,0.690894484519958,0.55252742767334,0.451361477375031,0.827818751335144,0.932264626026154,1.12767863273621,1.24347448348999,1.34803175926208,1.36996328830719,1.321861743927,1.00244426727295,0.816791236400604,1.13392412662506,0.63662201166153,0,0.536579132080078,0.618776559829712,0,0,0,0,0,0,0,0.83996844291687,0.616482257843018,0,0,0,0,0,0,0,0,0.678820610046387,0.443084686994553,0.327387928962708,0,0.403790473937988,0.36228883266449,0.262620031833649,0,0,0,0,0,0,0,0,0,0,0,0,0,0,0.415070950984955,0.215355649590492,0.271057993173599,0,0,0,0,0,0,0,0,0,0,0.33858659863472,0,0,0,0,0,0,0,0,0,0,0,0,0,0,0,0,0,0,0,0,0,0,0,0,0,0,0,0,0,0,0,50
Aurich,0,0,0,0,0,0,0,0,0,0,0,0,0,0,0,0,0,0,0,0,0,0,0,0,0,0,0,0,0,0,0,0,0,0,0,0,0,0,0,0,0,0,0,0,0,0,0,0,0,0,0,0,0,0,0,0,0,0,0,0,0,0,0,0,0,0,0,0,0,0,0,0,0,0,0,0,0,0,0,0,0,0,0,0,0,0,0,0,0,0,0,0,0,0,0,0,0,0,0,0,0,0,0,0,0,0,0,0,0,0,0,0,0,0,0,0,0,0,0,0,0,0,0,0,0,0,0,0,0,0,0,0,0,0,0,0,0,0,0,0,0,0,0.00128603517077863,0.00666908919811249,0.00167972780764103,0,0.0196645576506853,0.022861598059535,0.0491591356694698,0.0273841843008995,0,0,0,0,0,0,0,0,0,0,0,0,0,0,0,0,0,0,0,0,0,0,0.092520996928215,0.0564673766493797,0.0313077941536903,0,0,0,0.0467820167541504,0,0.0622355379164219,0,0,0,0.150070816278458,0.262651175260544,0.25150141119957,0.409162491559982,0.282690763473511,0.328291922807693,0.415821582078934,0.213486388325691,0.278364270925522,0.0617591291666031,0.23785163462162,0.361808687448502,0.332675695419312,0.259204000234604,0.333652406930923,0.512541592121124,0.426352441310883,0.354557126760483,0.596230506896973,0.684535026550293,0.692511320114136,0.443509757518768,0.322240352630615,0.375813066959381,0.725831508636475,0.885006129741669,1.00885391235352,0.697153985500336,0.192818224430084,0.384926468133926,0.802051246166229,0.880894660949707,0.616004168987274,0.21803218126297,0,0.402041524648666,0.598280549049377,0.376180827617645,0,0,0,0,0.488182365894318,0.556408941745758,0.405303448438644,0,0.0377819798886776,0.165198877453804,0.511354148387909,0.755806684494019,0.784693956375122,0.826955437660217,0.705571472644806,0.776154637336731,1.0283682346344,1.23560833930969,1.28998863697052,1.18075156211853,1.04884445667267,1.00861978530884,0.890758872032166,1.00795435905457,0.836235523223877,0.779621183872223,0.810674786567688,0.773995280265808,0.885762274265289,0.992420852184296,0.968987107276917,0.890437245368958,0.901161551475525,0.8353111743927,1.12908947467804,0.991760730743408,0.765616416931152,0,0.274631768465042,0.708277404308319,0.863033473491669,0.86619770526886,0.649251163005829,0.697932600975037,0.583651781082153,0.534547090530396,0.847750782966614,0.917698383331299,1.16983771324158,1.25537669658661,1.31880509853363,1.40025556087494,1.35971188545227,1.03631055355072,0.854425609111786,1.15545296669006,0.662580728530884,0,0.599851489067078,0.594527721405029,0,0,0,0,0,0,0,0.828082978725433,0.629818737506866,0,0,0,0,0,0,0,0,0.70813912153244,0.473660051822662,0.396410495042801,0.0453211255371571,0.396223694086075,0.371942907571793,0.148328050971031,0,0,0,0,0,0,0,0,0,0,0,0,0,0,0.237852275371552,0.0882946997880936,0.149585768580437,0,0,0,0,0,0,0,0,0,0,0.32839447259903,0,0,0,0,0,0,0,0,0,0,0,0,0,0,0,0,0,0,0,0,0,0,0,0,0,0,0,0,0,0,0,51
Cloppenburg,0,0,0,0,0,0,0,0,0,0,0,0,0,0,0,0,0,0,0,0,0,0,0,0,0,0,0,0,0,0,0,0,0,0,0,0,0,0,0,0,0,0,0,0,0,0,0,0,0,0,0,0,0,0,0,0,0,0,0,0,0,0,0,0,0,0,0,0,0,0,0,0,0,0,0,0,0,0,0,0,0,0,0,0,0,0,0,0,0,0,0,0,0,0,0,0,0,0,0,0,0,0,0,0,0,0,0,0,0,0,0,0,0,0,0,0,0,0,0,0,0,0,0,0,0,0,0,0,0,0,0,0,0,0,0,0,0,0,0,0,0,0,0,0.0115294195711613,0,0,0.0222348626703024,0.0252462606877089,0.0534953400492668,0.0297338012605906,0,0,0,0,0,0,0,0,0,0,0,0,0,0,0,0,0,0,0,0,0,0,0.0930997952818871,0.103471167385578,0.0763614475727081,0,0,0,0.0861436724662781,0,0.10952453315258,0,0,0,0.145665124058723,0.280713766813278,0.282682090997696,0.416268795728683,0.299401015043259,0.345959275960922,0.446442693471909,0.212174922227859,0.269065469503403,0.150633931159973,0.278558045625687,0.394101738929749,0.347748309373856,0.269546449184418,0.322203189134598,0.53147280216217,0.452370434999466,0.386582911014557,0.582017123699188,0.702355563640594,0.680192530155182,0.481155753135681,0.371573209762573,0.443245559930801,0.71226042509079,0.861111521720886,0.971675276756287,0.782094657421112,0.336831092834473,0.478252291679382,0.820247769355774,0.902426362037659,0.632887899875641,0.386911302804947,0,0.39615473151207,0.640419244766235,0.365206182003021,0,0,0,0,0.455257743597031,0.559260189533234,0.430572599172592,0,0,0,0.55019348859787,0.761458277702332,0.809410870075226,0.767508268356323,0.707995772361755,0.779916524887085,1.03403317928314,1.19232106208801,1.26580464839935,1.16591668128967,1.04058885574341,0.983074247837067,0.881684482097626,1.01282238960266,0.790884137153625,0.739914774894714,0.804705679416656,0.750470757484436,0.894762992858887,1.00301539897919,0.972021400928497,0.864045441150665,0.877959847450256,0.848079860210419,1.11442160606384,0.993974268436432,0.752084732055664,0,0.482508569955826,0.671574413776398,0.821923971176147,0.864639043807983,0.603005707263947,0.690894484519958,0.55252742767334,0.451361477375031,0.827818751335144,0.932264626026154,1.12767863273621,1.2434743642807,1.34803175926208,1.36996328830719,1.321861743927,1.00244438648224,0.816791296005249,1.13392400741577,0.636621952056885,0,0.536579132080078,0.618776559829712,0,0,0,0,0,0,0,0.839968383312225,0.616482257843018,0,0,0,0,0,0,0,0,0.678820669651031,0.443084686994553,0.327387928962708,0,0.403790473937988,0.36228883266449,0.262620031833649,0,0,0,0,0,0,0,0,0,0,0,0,0,0,0.415070980787277,0.215355664491653,0.271057993173599,0,0,0,0,0,0,0,0,0,0,0.338586568832397,0,0,0,0,0,0,0,0,0,0,0,0,0,0,0,0,0,0,0,0,0,0,0,0,0,0,0,0,0,0,0,52
Emsland,0,0,0,0,0,0,0,0,0,0,0,0,0,0,0,0,0,0,0,0,0,0,0,0,0,0,0,0,0,0,0,0,0,0,0,0,0,0,0,0,0,0,0,0,0,0,0,0,0,0,0,0,0,0,0,0,0,0,0,0,0,0,0,0,0,0,0,0,0,0,0,0,0,0,0,0,0,0,0,0,0,0,0,0,0,0,0,0,0,0,0,0,0,0,0,0,0,0,0,0,0,0,0,0,0,0,0,0,0,0,0,0,0,0,0,0,0,0,0,0,0,0,0,0,0,0,0,0,0,0,0,0,0,0,0,0,0,0,0,0,0,0,0.00157046166714281,0.0116836559027433,0.00205122539773583,0,0.0230407044291496,0.0248242095112801,0.0522622615098953,0.0240153074264526,0,0,0,0,0,0,0,0,0,0,0,0,0,0,0,0,0,0,0,0,0,0,0.0918475687503815,0.10072223842144,0.0616753809154034,0,0,0,0.0835751667618752,0,0.109624527394772,0,0,0,0.146940350532532,0.271298587322235,0.275318086147308,0.406160414218903,0.287173688411713,0.338350623846054,0.428532034158707,0.191956833004951,0.258620887994766,0.121663570404053,0.266775488853455,0.38153350353241,0.330568432807922,0.248887106776237,0.30244380235672,0.512392222881317,0.432560354471207,0.37602224946022,0.563757479190826,0.677868485450745,0.654876530170441,0.463330119848251,0.354128241539001,0.431272029876709,0.69767564535141,0.842700660228729,0.948900520801544,0.75276917219162,0.338871955871582,0.475184142589569,0.803884506225586,0.872666835784912,0.61123514175415,0.385037302970886,0,0.391552627086639,0.633640229701996,0.368909478187561,0,0,0,0,0.450280725955963,0.545599400997162,0.43711069226265,0,0.0461380407214165,0.0471927709877491,0.548124969005585,0.746565818786621,0.794165432453156,0.755996704101563,0.692692399024963,0.771744787693024,1.01749014854431,1.17649817466736,1.2436146736145,1.1562362909317,1.02917349338531,0.963217437267303,0.869171917438507,0.994368314743042,0.771944522857666,0.725425899028778,0.783128321170807,0.73612779378891,0.878676295280457,0.995564222335815,0.955008983612061,0.862049102783203,0.866714179515839,0.841447174549103,1.09527325630188,0.971686363220215,0.73435240983963,0,0.483503580093384,0.670880138874054,0.812534272670746,0.846799731254578,0.600894927978516,0.673183441162109,0.52937239408493,0.447928994894028,0.811824560165405,0.918369948863983,1.11969912052155,1.22927522659302,1.33432078361511,1.3598005771637,1.30900549888611,0.988303005695343,0.797151207923889,1.11508393287659,0.620861351490021,0,0.543661773204803,0.599572837352753,0,0,0,0,0,0,0,0.844835460186005,0.612138867378235,0,0,0,0,0,0,0,0,0.690275967121124,0.449173331260681,0.329489499330521,0.0553445890545845,0.408686071634293,0.358625590801239,0.261758893728256,0,0,0,0,0,0,0,0,0,0,0,0,0,0,0.417886108160019,0.173937827348709,0.265885293483734,0,0,0,0,0,0,0,0,0,0,0.340624451637268,0,0,0,0,0,0,0,0,0,0,0,0,0,0,0,0,0,0,0,0,0,0,0,0,0,0,0,0,0,0,0,53
Friesland,0,0,0,0,0,0,0,0,0,0,0,0,0,0,0,0,0,0,0,0,0,0,0,0,0,0,0,0,0,0,0,0,0,0,0,0,0,0,0,0,0,0,0,0,0,0,0,0,0,0,0,0,0,0,0,0,0,0,0,0,0,0,0,0,0,0,0,0,0,0,0,0,0,0,0,0,0,0,0,0,0,0,0,0,0,0,0,0,0,0,0,0,0,0,0,0,0,0,0,0,0,0,0,0,0,0,0,0,0,0,0,0,0,0,0,0,0,0,0,0,0,0,0,0,0,0,0,0,0,0,0,0,0,0,0,0,0,0,0,0,0,0,0,0.00560495024546981,0,0,0.0222796611487865,0.0282221157103777,0.0615865290164948,0.0417420119047165,0,0,0,0,0,0,0,0,0,0,0,0,0,0,0,0,0,0,0,0,0,0,0.118380457162857,0.0503018200397491,0.0371226072311401,0,0,0,0.0418781712651253,0,0.0532446205615997,0,0,0,0.190001547336578,0.335928171873093,0.311837583780289,0.527821123600006,0.366093456745148,0.416381508111954,0.535171389579773,0.300051778554916,0.371871590614319,0.0732296854257584,0.296019643545151,0.458208650350571,0.437377512454987,0.352226704359055,0.456542134284973,0.665273725986481,0.553718268871307,0.446240395307541,0.787427067756653,0.89103239774704,0.918390572071075,0.566269814968109,0.406325906515121,0.45628947019577,0.945356547832489,1.15751266479492,1.32742261886597,0.878306806087494,0.163748189806938,0.440899550914764,1.02729856967926,1.14479625225067,0.800813674926758,0.188094332814217,0,0.517655611038208,0.743093073368073,0.475492745637894,0,0,0,0,0.641409158706665,0.721275389194489,0.488783657550812,0,0,0.227286443114281,0.628142237663269,0.973418951034546,1.00025796890259,1.09300315380096,0.91230034828186,0.990239977836609,1.32006478309631,1.60682892799377,1.67468845844269,1.51334857940674,1.34580397605896,1.31663417816162,1.14820337295532,1.29751896858215,1.10813391208649,1.02707958221436,1.05873942375183,1.01113390922546,1.13751471042633,1.25866687297821,1.24716353416443,1.14156198501587,1.16700863838196,1.05788588523865,1.46193850040436,1.28412103652954,1.00021016597748,0,0.234568312764168,0.915088653564453,1.12567186355591,1.12101233005524,0.847712635993958,0.911237955093384,0.787755072116852,0.724484443664551,1.10479533672333,1.17165720462799,1.51162874698639,1.61267721652985,1.67014098167419,1.79951524734497,1.75630164146423,1.34763526916504,1.12802338600159,1.49843788146973,0.873808085918427,0,0.78087967634201,0.766162753105164,0,0,0,0,0,0,0,1.03231537342072,0.808912336826324,0,0,0,0,0,0,0,0,0.893109142780304,0.605541884899139,0.534339308738708,0,0.489168405532837,0.480270624160767,0.127670973539352,0,0,0,0,0,0,0,0,0,0,0,0,0,0,0.201783984899521,0.104693718254566,0.131773039698601,0,0,0,0,0,0,0,0,0,0,0.406308531761169,0,0,0,0,0,0,0,0,0,0,0,0,0,0,0,0,0,0,0,0,0,0,0,0,0,0,0,0,0,0,0,54
Grafschaft Bentheim,0,0,0,0,0,0,0,0,0,0,0,0,0,0,0,0,0,0,0,0,0,0,0,0,0,0,0,0,0,0,0,0,0,0,0,0,0,0,0,0,0,0,0,0,0,0,0,0,0,0,0,0,0,0,0,0,0,0,0,0,0,0,0,0,0,0,0,0,0,0,0,0,0,0,0,0,0,0,0,0,0,0,0,0,0,0,0,0,0,0,0,0,0,0,0,0,0,0,0,0,0,0,0,0,0,0,0,0,0,0,0,0,0,0,0,0,0,0,0,0,0,0,0,0,0,0,0,0,0,0,0,0,0,0,0,0,0,0,0,0,0,0,0.00785737670958042,0.0123011041432619,0.0102627463638783,0,0.0262666717171669,0.0231346543878317,0.0473259650170803,0.00112288480158895,0,0,0,0,0,0,0,0,0,0,0,0,0,0,0,0,0,0,0,0,0,0,0.0868345946073532,0.0897176340222359,0.00288375862874091,0,0,0,0.0732928588986397,0,0.110024839639664,0,0,0,0.152045428752899,0.23360750079155,0.24583837389946,0.365694165229797,0.238224893808365,0.307891458272934,0.356831610202789,0.111019320785999,0.216808810830116,0.00568862911313772,0.219607263803482,0.33121994137764,0.261793464422226,0.166183114051819,0.223342537879944,0.436008244752884,0.353256165981293,0.333745509386063,0.490659922361374,0.579841315746307,0.553530991077423,0.391970098018646,0.284292101860046,0.383339494466782,0.639289736747742,0.768997848033905,0.857727825641632,0.635372459888458,0.347042113542557,0.462901473045349,0.738378703594208,0.753532707691193,0.524554312229156,0.377535283565521,0,0.373129457235336,0.60650247335434,0.383734673261642,0,0,0,0,0.430356711149216,0.490912199020386,0.463284105062485,0,0.230839103460312,0.236116155982018,0.539844334125519,0.686948299407959,0.733134627342224,0.709913551807404,0.631429493427277,0.739031851291656,0.951264798641205,1.1131557226181,1.15478348731995,1.11748349666595,0.98347532749176,0.883726596832275,0.81908118724823,0.920492768287659,0.696125268936157,0.667423605918884,0.69674950838089,0.678709745407104,0.814277410507202,0.965735614299774,0.886904239654541,0.854057312011719,0.821695268154144,0.81489509344101,1.01861870288849,0.882463157176971,0.663365840911865,0,0.48748704791069,0.668100655078888,0.774945139884949,0.775385022163391,0.592445015907288,0.602281868457794,0.436677396297455,0.434188038110733,0.74779611825943,0.862746596336365,1.08775544166565,1.1724328994751,1.2794326543808,1.31911671161652,1.25753903388977,0.931692361831665,0.718527615070343,1.0396625995636,0.557767987251282,0,0.572015345096588,0.522696077823639,0,0,0,0,0,0,0,0.864319324493408,0.594751298427582,0,0,0,0,0,0,0,0,0.736134231090546,0.473547667264938,0.337902635335922,0.276901543140411,0.428284257650375,0.343960821628571,0.258311599493027,0,0,0,0,0,0,0,0,0,0,0,0,0,0,0.429155707359314,0.00813281815499067,0.245177835226059,0,0,0,0,0,0,0,0,0,0,0.348782449960709,0,0,0,0,0,0,0,0,0,0,0,0,0,0,0,0,0,0,0,0,0,0,0,0,0,0,0,0,0,0,0,55
Leer,0,0,0,0,0,0,0,0,0,0,0,0,0,0,0,0,0,0,0,0,0,0,0,0,0,0,0,0,0,0,0,0,0,0,0,0,0,0,0,0,0,0,0,0,0,0,0,0,0,0,0,0,0,0,0,0,0,0,0,0,0,0,0,0,0,0,0,0,0,0,0,0,0,0,0,0,0,0,0,0,0,0,0,0,0,0,0,0,0,0,0,0,0,0,0,0,0,0,0,0,0,0,0,0,0,0,0,0,0,0,0,0,0,0,0,0,0,0,0,0,0,0,0,0,0,0,0,0,0,0,0,0,0,0,0,0,0,0,0,0,0,0,0.000428243714850396,0.0112233888357878,0.000559341511689126,0,0.0217833053320646,0.0243689529597759,0.0515439994633198,0.0272767432034016,0,0,0,0,0,0,0,0,0,0,0,0,0,0,0,0,0,0,0,0,0,0,0.0899475291371346,0.0995976403355598,0.070051297545433,0,0,0,0.0828424841165543,0,0.10624510794878,0,0,0,0.141615033149719,0.269671261310577,0.272139459848404,0.40094467997551,0.287027478218079,0.333439499139786,0.428079962730408,0.200255870819092,0.258093923330307,0.138186275959015,0.266935050487518,0.378776103258133,0.332564622163773,0.255774945020676,0.307087302207947,0.510223865509033,0.433310806751251,0.372031718492508,0.559466063976288,0.674473166465759,0.652753233909607,0.461768239736557,0.355597883462906,0.426598340272903,0.686779260635376,0.830093026161194,0.936128735542297,0.750485479831696,0.32721820473671,0.462976604700089,0.791021347045898,0.867065906524658,0.60787570476532,0.374718874692917,0,0.382939368486404,0.619235515594482,0.355189979076385,0,0,0,0,0.440155744552612,0.538650274276733,0.419355899095535,0,0.0125812217593193,0.0128688327968121,0.533018350601196,0.734407842159271,0.780816435813904,0.741197109222412,0.682447373867035,0.754141449928284,0.998303234577179,1.15200853347778,1.22153747081757,1.12807643413544,1.00605928897858,0.947979211807251,0.851653218269348,0.977211713790894,0.761841714382172,0.713624835014343,0.774526715278625,0.723901927471161,0.863362312316895,0.970701158046722,0.938035726547241,0.837414443492889,0.848386526107788,0.820666551589966,1.07555413246155,0.957887232303619,0.724542915821075,0,0.468212306499481,0.651109397411346,0.794548511505127,0.833669900894165,0.58422464132309,0.665205895900726,0.529531836509705,0.436798244714737,0.798464417457581,0.90032947063446,1.09145665168762,1.20206034183502,1.30359411239624,1.32583105564117,1.27844727039337,0.968323051929474,0.786775648593903,1.09455192089081,0.613103806972504,0,0.522310376167297,0.594858288764954,0,0,0,0,0,0,0,0.815935790538788,0.596685469150543,0,0,0,0,0,0,0,0,0.66144984960556,0.431367665529251,0.318076729774475,0.01509172283113,0.39293447136879,0.350351929664612,0.254456371068954,0,0,0,0,0,0,0,0,0,0,0,0,0,0,0.403307050466537,0.197559699416161,0.261463850736618,0,0,0,0,0,0,0,0,0,0,0.328919917345047,0,0,0,0,0,0,0,0,0,0,0,0,0,0,0,0,0,0,0,0,0,0,0,0,0,0,0,0,0,0,0,56
Oldenburg,0,0,0,0,0,0,0,0,0,0,0,0,0,0,0,0,0,0,0,0,0,0,0,0,0,0,0,0,0,0,0,0,0,0,0,0,0,0,0,0,0,0,0,0,0,0,0,0,0,0,0,0,0,0,0,0,0,0,0,0,0,0,0,0,0,0,0,0,0,0,0,0,0,0,0,0,0,0,0,0,0,0,0,0,0,0,0,0,0,0,0,0,0,0,0,0,0,0,0,0,0,0,0,0,0,0,0,0,0,0,0,0,0,0,0,0,0,0,0,0,0,0,0,0,0,0,0,0,0,0,0,0,0,0,0,0,0,0,0,0,0,0,0,0.0115294186398387,0,0,0.0222348608076572,0.0252462588250637,0.0534953400492668,0.0297338012605906,0,0,0,0,0,0,0,0,0,0,0,0,0,0,0,0,0,0,0,0,0,0,0.0930997952818871,0.103471174836159,0.0763614401221275,0,0,0,0.0861436724662781,0,0.109524525702,0,0,0,0.145665124058723,0.280713766813278,0.282682090997696,0.416268825531006,0.299401015043259,0.345959275960922,0.446442693471909,0.212174922227859,0.269065469503403,0.150633931159973,0.278558015823364,0.394101738929749,0.347748339176178,0.269546419382095,0.322203189134598,0.53147280216217,0.452370405197144,0.386582940816879,0.582017064094543,0.702355563640594,0.680192530155182,0.481155782938004,0.371573179960251,0.443245530128479,0.712260365486145,0.861111521720886,0.971675336360931,0.782094657421112,0.336831092834473,0.478252321481705,0.820247769355774,0.902426302433014,0.632887899875641,0.386911273002625,0,0.396154761314392,0.640419244766235,0.365206182003021,0,0,0,0,0.455257743597031,0.559260189533234,0.430572599172592,0,0,0,0.55019348859787,0.761458277702332,0.809410870075226,0.767508208751678,0.707995772361755,0.779916405677795,1.03403317928314,1.19232106208801,1.26580464839935,1.16591668128967,1.04058885574341,0.983074247837067,0.881684482097626,1.01282238960266,0.790884137153625,0.739914834499359,0.804705679416656,0.750470757484436,0.894762992858887,1.00301539897919,0.972021400928497,0.864045441150665,0.877959847450256,0.848079860210419,1.11442148685455,0.993974268436432,0.752084732055664,0,0.482508540153503,0.671574473381042,0.821923971176147,0.864639043807983,0.603005707263947,0.690894484519958,0.55252742767334,0.451361447572708,0.827818810939789,0.932264626026154,1.12767863273621,1.2434743642807,1.34803175926208,1.36996328830719,1.321861743927,1.00244438648224,0.816791296005249,1.13392400741577,0.63662201166153,0,0.536579072475433,0.618776559829712,0,0,0,0,0,0,0,0.839968383312225,0.616482257843018,0,0,0,0,0,0,0,0,0.678820610046387,0.443084686994553,0.327387928962708,0,0.403790473937988,0.362288862466812,0.262620031833649,0,0,0,0,0,0,0,0,0,0,0,0,0,0,0.415070950984955,0.215355664491653,0.271057993173599,0,0,0,0,0,0,0,0,0,0,0.33858659863472,0,0,0,0,0,0,0,0,0,0,0,0,0,0,0,0,0,0,0,0,0,0,0,0,0,0,0,0,0,0,0,57
Osnabrück,0,0,0,0,0,0,0,0,0,0,0,0,0,0,0,0,0,0,0,0,0,0,0,0,0,0,0,0,0,0,0,0,0,0,0,0,0,0,0,0,0,0,0,0,0,0,0,0,0,0,0,0,0,0,0,0,0,0,0,0,0,0,0,0,0,0,0,0,0,0,0,0,0,0,0,0,0,0,0,0,0,0,0,0,0,0,0,0,0,0,0,0,0,0,0,0,0,0,0,0,0,0,0,0,0,0,0,0,0,0,0,0,0,0,0,0,0,0,0,0,0,0,0,0,0,0,0,0,0,0,0,0,0,0,0,0,0,0,0,0,0,0,0,0.0115294186398387,0,0,0.0222348626703024,0.0252462606877089,0.0534953400492668,0.0297338012605906,0,0,0,0,0,0,0,0,0,0,0,0,0,0,0,0,0,0,0,0,0,0,0.0930997952818871,0.103471174836159,0.0763614401221275,0,0,0,0.0861436724662781,0,0.109524525702,0,0,0,0.145665124058723,0.280713766813278,0.282682090997696,0.416268825531006,0.299401015043259,0.345959275960922,0.446442693471909,0.212174907326698,0.269065469503403,0.150633946061134,0.278558045625687,0.394101738929749,0.347748309373856,0.269546419382095,0.322203189134598,0.53147280216217,0.452370405197144,0.386582940816879,0.582017064094543,0.70235550403595,0.680192470550537,0.481155782938004,0.371573209762573,0.443245530128479,0.712260365486145,0.861111521720886,0.971675276756287,0.782094597816467,0.336831092834473,0.478252321481705,0.820247769355774,0.902426362037659,0.632887840270996,0.386911273002625,0,0.396154761314392,0.640419185161591,0.365206182003021,0,0,0,0,0.455257743597031,0.559260189533234,0.430572599172592,0,0,0,0.550193428993225,0.761458218097687,0.809410870075226,0.767508268356323,0.707995772361755,0.77991646528244,1.03403306007385,1.19232106208801,1.26580464839935,1.16591668128967,1.04058885574341,0.983074247837067,0.881684541702271,1.01282238960266,0.790884077548981,0.739914774894714,0.804705679416656,0.750470757484436,0.894763052463531,1.00301539897919,0.972021460533142,0.86404550075531,0.877959847450256,0.848079860210419,1.11442148685455,0.993974208831787,0.752084672451019,0,0.482508569955826,0.671574413776398,0.821923971176147,0.864639043807983,0.603005707263947,0.690894544124603,0.55252742767334,0.451361447572708,0.827818751335144,0.932264626026154,1.12767863273621,1.24347448348999,1.34803175926208,1.36996328830719,1.321861743927,1.00244426727295,0.816791236400604,1.13392412662506,0.636621952056885,0,0.536579072475433,0.618776559829712,0,0,0,0,0,0,0,0.839968383312225,0.616482257843018,0,0,0,0,0,0,0,0,0.678820669651031,0.443084686994553,0.327387928962708,0,0.403790473937988,0.362288862466812,0.262620031833649,0,0,0,0,0,0,0,0,0,0,0,0,0,0,0.415070950984955,0.215355649590492,0.271057993173599,0,0,0,0,0,0,0,0,0,0,0.33858659863472,0,0,0,0,0,0,0,0,0,0,0,0,0,0,0,0,0,0,0,0,0,0,0,0,0,0,0,0,0,0,0,58
Vechta,0,0,0,0,0,0,0,0,0,0,0,0,0,0,0,0,0,0,0,0,0,0,0,0,0,0,0,0,0,0,0,0,0,0,0,0,0,0,0,0,0,0,0,0,0,0,0,0,0,0,0,0,0,0,0,0,0,0,0,0,0,0,0,0,0,0,0,0,0,0,0,0,0,0,0,0,0,0,0,0,0,0,0,0,0,0,0,0,0,0,0,0,0,0,0,0,0,0,0,0,0,0,0,0,0,0,0,0,0,0,0,0,0,0,0,0,0,0,0,0,0,0,0,0,0,0,0,0,0,0,0,0,0,0,0,0,0,0,0,0,0,0,0,0.0115294195711613,0,0,0.0222348626703024,0.0252462588250637,0.0534953400492668,0.0297338012605906,0,0,0,0,0,0,0,0,0,0,0,0,0,0,0,0,0,0,0,0,0,0,0.0930998027324677,0.103471167385578,0.0763614401221275,0,0,0,0.0861436724662781,0,0.10952453315258,0,0,0,0.145665124058723,0.280713766813278,0.282682090997696,0.416268825531006,0.299401015043259,0.345959275960922,0.446442663669586,0.212174907326698,0.269065469503403,0.150633946061134,0.278558045625687,0.394101738929749,0.347748339176178,0.269546449184418,0.322203189134598,0.53147280216217,0.452370434999466,0.386582911014557,0.582017064094543,0.70235550403595,0.680192470550537,0.481155782938004,0.371573209762573,0.443245530128479,0.712260365486145,0.861111581325531,0.971675276756287,0.782094657421112,0.336831092834473,0.478252351284027,0.820247769355774,0.902426362037659,0.632887899875641,0.386911302804947,0,0.39615473151207,0.640419185161591,0.365206182003021,0,0,0,0,0.455257743597031,0.559260189533234,0.430572599172592,0,0,0,0.55019348859787,0.761458218097687,0.809410870075226,0.767508208751678,0.707995772361755,0.779916405677795,1.03403317928314,1.19232106208801,1.26580464839935,1.16591668128967,1.04058885574341,0.983074247837067,0.881684541702271,1.01282238960266,0.790884077548981,0.739914774894714,0.804705739021301,0.750470757484436,0.894763052463531,1.00301539897919,0.972021460533142,0.86404550075531,0.877959787845612,0.848079860210419,1.11442160606384,0.993974208831787,0.752084732055664,0,0.482508569955826,0.671574413776398,0.821923911571503,0.864638984203339,0.603005707263947,0.690894484519958,0.55252742767334,0.451361447572708,0.827818751335144,0.932264626026154,1.12767863273621,1.24347448348999,1.34803175926208,1.36996328830719,1.321861743927,1.00244426727295,0.816791236400604,1.13392400741577,0.63662201166153,0,0.536579072475433,0.618776559829712,0,0,0,0,0,0,0,0.839968383312225,0.616482257843018,0,0,0,0,0,0,0,0,0.678820610046387,0.443084686994553,0.327387928962708,0,0.403790473937988,0.362288862466812,0.262620031833649,0,0,0,0,0,0,0,0,0,0,0,0,0,0,0.415070950984955,0.215355664491653,0.271057993173599,0,0,0,0,0,0,0,0,0,0,0.33858659863472,0,0,0,0,0,0,0,0,0,0,0,0,0,0,0,0,0,0,0,0,0,0,0,0,0,0,0,0,0,0,0,59
Wesermarsch,0,0,0,0,0,0,0,0,0,0,0,0,0,0,0,0,0,0,0,0,0,0,0,0,0,0,0,0,0,0,0,0,0,0,0,0,0,0,0,0,0,0,0,0,0,0,0,0,0,0,0,0,0,0,0,0,0,0,0,0,0,0,0,0,0,0,0,0,0,0,0,0,0,0,0,0,0,0,0,0,0,0,0,0,0,0,0,0,0,0,0,0,0,0,0,0,0,0,0,0,0,0,0,0,0,0,0,0,0,0,0,0,0,0,0,0,0,0,0,0,0,0,0,0,0,0,0,0,0,0,0,0,0,0,0,0,0,0,0,0,0,0,0,0.00919293891638517,0,0,0.0222525298595428,0.0264198705554008,0.0566863231360912,0.0344695709645748,0,0,0,0,0,0,0,0,0,0,0,0,0,0,0,0,0,0,0,0,0,0,0.103069931268692,0.0825023502111435,0.0608865097165108,0,0,0,0.0686863288283348,0,0.0873289778828621,0,0,0,0.163150414824486,0.302489101886749,0.294180363416672,0.460262537002563,0.325703054666519,0.37373223900795,0.481435298919678,0.246831610798836,0.309609919786453,0.120107404887676,0.285444498062134,0.419384092092514,0.383096039295197,0.302153706550598,0.375183492898941,0.584240913391113,0.492339760065079,0.410110503435135,0.66302627325058,0.776765465736389,0.774132549762726,0.514722883701324,0.385278880596161,0.448389738798141,0.804188370704651,0.978005588054657,1.11197412014008,0.820038616657257,0.268571019172668,0.463521182537079,0.901903986930847,0.998011708259583,0.699114084243774,0.30850225687027,0,0.444071978330612,0.680911481380463,0.408700734376907,0,0,0,0,0.528671741485596,0.623155415058136,0.45352977514267,0,0,0.0896367505192757,0.580934703350067,0.845050811767578,0.884676694869995,0.895876228809357,0.78856897354126,0.862863421440125,1.14683771133423,1.3557938337326,1.42705929279327,1.30293619632721,1.16095888614655,1.1146228313446,0.986793637275696,1.1251003742218,0.916000366210938,0.853166222572327,0.904890954494476,0.853270530700684,0.990498900413513,1.10383868217468,1.08053135871887,0.973491787910461,0.991954207420349,0.930822789669037,1.25147449970245,1.10840165615082,0.84993988275528,0,0.384726375341415,0.767611026763916,0.941715359687805,0.965746939182281,0.699512720108032,0.777793049812317,0.645295977592468,0.559075117111206,0.937052249908447,1.02667582035065,1.27910006046295,1.38907980918884,1.4750645160675,1.53936898708344,1.49319517612457,1.13857996463776,0.939534246921539,1.2776802778244,0.730162918567657,0,0.632925808429718,0.67690235376358,0,0,0,0,0,0,0,0.91582578420639,0.692372381687164,0,0,0,0,0,0,0,0,0.763331294059753,0.507154226303101,0.409004986286163,0,0.437461644411087,0.408818244934082,0.209399089217186,0,0,0,0,0,0,0,0,0,0,0,0,0,0,0.330955266952515,0.171713024377823,0.216127067804337,0,0,0,0,0,0,0,0,0,0,0.365294605493546,0,0,0,0,0,0,0,0,0,0,0,0,0,0,0,0,0,0,0,0,0,0,0,0,0,0,0,0,0,0,0,60
Wittmund,0,0,0,0,0,0,0,0,0,0,0,0,0,0,0,0,0,0,0,0,0,0,0,0,0,0,0,0,0,0,0,0,0,0,0,0,0,0,0,0,0,0,0,0,0,0,0,0,0,0,0,0,0,0,0,0,0,0,0,0,0,0,0,0,0,0,0,0,0,0,0,0,0,0,0,0,0,0,0,0,0,0,0,0,0,0,0,0,0,0,0,0,0,0,0,0,0,0,0,0,0,0,0,0,0,0,0,0,0,0,0,0,0,0,0,0,0,0,0,0,0,0,0,0,0,0,0,0,0,0,0,0,0,0,0,0,0,0,0,0,0,0,0,0.00278791901655495,0,0,0.0223009642213583,0.029637111350894,0.0654338151216507,0.0474518015980721,0,0,0,0,0,0,0,0,0,0,0,0,0,0,0,0,0,0,0,0,0,0,0.130401194095612,0.0250202752649784,0.018464894965291,0,0,0,0.0208303276449442,0,0.0264840330928564,0,0,0,0.211083129048347,0.362182140350342,0.325700759887695,0.580863237380981,0.397805124521255,0.449866652488708,0.577361047267914,0.341836452484131,0.420754998922348,0.0364246629178524,0.304322481155396,0.488690912723541,0.479995369911194,0.391540437936783,0.520419061183929,0.728894829750061,0.601908266544342,0.474606990814209,0.885097682476044,0.980746448040009,1.0316516160965,0.606740832328796,0.422850519418716,0.462491720914841,1.05619168281555,1.29844880104065,1.49657726287842,0.92405492067337,0.0814488381147385,0.423138648271561,1.12574946880341,1.26004099845886,0.880660951137543,0.0935586839914322,0,0.575428187847137,0.791913568973541,0.52793300151825,0,0,0,0,0.729922473430634,0.798312187194824,0.516462504863739,0,0,0.335359066724777,0.66520619392395,1.07420432567596,1.09100413322449,1.2477730512619,1.00944530963898,1.09024703502655,1.45607030391693,1.80392372608185,1.86910915374756,1.67854928970337,1.49093103408813,1.47523903846741,1.27493071556091,1.43288969993591,1.25898337364197,1.16362380981445,1.17953014373779,1.13507688045502,1.25294089317322,1.38022685050964,1.3779913187027,1.27351856231689,1.30444872379303,1.15764689445496,1.62717962265015,1.42208313941956,1.11819171905518,0,0.116674982011318,1.03087747097015,1.27010118961334,1.24291551113129,0.964068651199341,1.01600921154022,0.899603664875031,0.854351937770844,1.23649537563324,1.28548622131348,1.69419348239899,1.78822994232178,1.82330107688904,2.00376319885254,1.96287381649017,1.51177036762238,1.27601146697998,1.67176079750061,0.986587941646576,0,0.897042393684387,0.836243629455566,0,0,0,0,0,0,0,1.123774766922,0.900411188602448,0,0,0,0,0,0,0,0,0.995001435279846,0.682788789272308,0.632742822170258,0,0.529764890670776,0.536369860172272,0.0635039210319519,0,0,0,0,0,0,0,0,0,0,0,0,0,0,0.100367948412895,0.0520749688148499,0.0655442997813225,0,0,0,0,0,0,0,0,0,0,0.438509672880173,0,0,0,0,0,0,0,0,0,0,0,0,0,0,0,0,0,0,0,0,0,0,0,0,0,0,0,0,0,0,0,61
Bremen,0,0,0,0,0,0,0,0,0,0,0,0,0,0,0,0,0,0,0,0,0,0,0,0,0,0,0,0,0,0,0,0,0,0,0,0,0,0,0,0,0,0,0,0,0,0,0,0,0,0,0,0,0,0,0,0,0,0,0,0,0,0,0,0,0,0,0,0,0,0,0,0,0,0,0,0,0,0,0,0,0,0,0,0,0,0,0,0,0,0,0,0,0,0,0,0,0,0,0,0,0,0,0,0,0,0,0,0,0,0,0,0,0,0,0,0,0,0,0,0,0,0,0,0,0,0,0,0,0,0,0,0,0,0,0,0,0,0,0,0,0,0,0,0.00928197149187326,0,0,0.00872647762298584,0.0203274935483932,0.0497660115361214,0.0372302085161209,0,0,0,0,0,0,0,0,0,0,0,0,0,0,0,0,0,0,0,0,0,0,0.085570752620697,0.109314866364002,0.0975988507270813,0,0,0,0.0876596421003342,0,0.0404541082680225,0.0699185878038406,0,0,0.0591417327523232,0.275579929351807,0.286206871271133,0.410157889127731,0.322108715772629,0.336685329675674,0.458383500576019,0.245478391647339,0.281710922718048,0.167746394872665,0.293792545795441,0.428726345300674,0.381219655275345,0.298113405704498,0.37903493642807,0.561514258384705,0.493961066007614,0.399182200431824,0.584578692913055,0.721819341182709,0.731247007846832,0.524812936782837,0.424920260906219,0.465528666973114,0.71799898147583,0.852738440036774,0.978437483310699,0.844802856445313,0.345531433820724,0.503024101257324,0.839626729488373,0.970869481563568,0.686908185482025,0.381155401468277,0,0.378552079200745,0.63312041759491,0.386451423168182,0,0,0,0.18884488940239,0.495429903268814,0.59099954366684,0.450438946485519,0,0,0.170156836509705,0.550219357013702,0.790144503116608,0.824065923690796,0.80109691619873,0.748178720474243,0.788229644298553,1.0555944442749,1.21849811077118,1.28418302536011,1.15565657615662,1.04385542869568,1.02018356323242,0.893384158611298,1.03626585006714,0.857859969139099,0.805641114711761,0.843444406986237,0.795515060424805,0.87482613325119,1.00406539440155,0.996918261051178,0.897351920604706,0.903956353664398,0.930386781692505,1.16695499420166,1.05247962474823,0.858179152011871,0,0.477633565664291,0.660794973373413,0.833691895008087,0.93639862537384,0.692176461219788,0.750423014163971,0.632657408714294,0.511386394500732,0.875986218452454,0.996191024780273,1.17469906806946,1.30876505374908,1.4221705198288,1.3986748456955,1.34482860565186,1.03684163093567,0.91514378786087,1.23912596702576,0.762643158435822,0,0.516607344150543,0.713192164897919,0,0,0,0,0,0,0,0.842041432857513,0.640186607837677,0,0,0,0,0,0,0,0,0.648094534873962,0.181133538484573,0.391345322132111,0,0.353433549404144,0.400718092918396,0.264872908592224,0,0,0,0,0,0,0,0,0,0,0,0,0,0,0.455068558454514,0.314431458711624,0.338401257991791,0,0,0,0,0,0,0,0,0,0,0.329194784164429,0,0,0,0,0,0,0,0,0,0,0,0,0,0,0,0,0,0,0,0,0,0,0,0,0,0,0,0,0,0,0,62
Bremerhaven,0,0,0,0,0,0,0,0,0,0,0,0,0,0,0,0,0,0,0,0,0,0,0,0,0,0,0,0,0,0,0,0,0,0,0,0,0,0,0,0,0,0,0,0,0,0,0,0,0,0,0,0,0,0,0,0,0,0,0,0,0,0,0,0,0,0,0,0,0,0,0,0,0,0,0,0,0,0,0,0,0,0,0,0,0,0,0,0,0,0,0,0,0,0,0,0,0,0,0,0,0,0,0,0,0,0,0,0,0,0,0,0,0,0,0,0,0,0,0,0,0,0,0,0,0,0,0,0,0,0,0,0,0,0,0,0,0,0,0,0,0,0,0,0.00235166028141975,0,0,0.0223042629659176,0.0298562422394753,0.0660296231508255,0.0483360476791859,0,0,0,0,0,0,0,0,0,0,0,0,0,0,0,0,0,0,0,0,0,0,0.132262766361237,0.0211050566285849,0.0155754750594497,0,0,0,0.0175707601010799,0,0.0223397612571716,0,0,0,0.214347898960114,0.366247922182083,0.32784765958786,0.589077532291412,0.402716130018234,0.455052316188812,0.583894729614258,0.348307400941849,0.428325295448303,0.0307248663157225,0.305608302354813,0.493411511182785,0.486595302820206,0.397628724575043,0.530311346054077,0.738747477531433,0.60937112569809,0.4789999127388,0.90022337436676,0.994639992713928,1.04919171333313,0.613008320331573,0.425409585237503,0.463452249765396,1.07335615158081,1.32027471065521,1.52277326583862,0.931139528751373,0.0687035694718361,0.420388102531433,1.14099586009979,1.27788829803467,0.893026471138,0.0789184495806694,0,0.584375083446503,0.799474120140076,0.536054134368896,0,0,0,0,0.743630051612854,0.810242414474487,0.520748972892761,0,0,0.352095723152161,0.670946061611176,1.08981239795685,1.10505735874176,1.27174139022827,1.02448952198029,1.1057345867157,1.47713267803192,1.83444654941559,1.8992178440094,1.70413303375244,1.5134060382843,1.49980115890503,1.29455626010895,1.45385372638702,1.28234446048737,1.18476963043213,1.19823634624481,1.15427136421204,1.27081632614136,1.39905214309692,1.39825177192688,1.29395389556885,1.32573318481445,1.17309629917145,1.65276956558228,1.44344854354858,1.13646280765533,0,0.0984174683690071,1.04880905151367,1.29246807098389,1.26179385185242,0.982088029384613,1.0322345495224,0.916925013065338,0.874463737010956,1.25689089298248,1.3031142950058,1.72246623039246,1.81541669368744,1.84702014923096,2.03539419174194,1.99486434459686,1.53718912601471,1.29892945289612,1.69860243797302,1.0040534734726,0,0.915031909942627,0.847096621990204,0,0,0,0,0,0,0,1.13793861865997,0.914581060409546,0,0,0,0,0,0,0,0,1.0107809305191,0.694751560688019,0.647982060909271,0,0.53605180978775,0.545057654380798,0.053566712886095,0,0,0,0,0,0,0,0,0,0,0,0,0,0,0.0846621915698051,0.0439261831343174,0.0552878081798553,0,0,0,0,0,0,0,0,0,0,0.443496465682983,0,0,0,0,0,0,0,0,0,0,0,0,0,0,0,0,0,0,0,0,0,0,0,0,0,0,0,0,0,0,0,63
Düsseldorf,0,0,0,0,0,0,0,0,0,0,0,0,0,0,0,0,0,0,0,0,0,0,0,0,0,0,0,0,0,0,0,0,0,0,0,0,0,0,0,0,0,0,0,0,0,0,0,0,0,0,0,0,0,0,0,0,0,0,0,0,0,0,0,0,0,0,0,0,0,0,0,0,0,0,0,0,0,0,0,0,0,0,0,0,0,0,0,0,0,0,0,0,0,0,0,0,0,0,0,0,0,0,0,0,0,0,0,0,0,0,0,0,0,0,0,0,0,0,0,0,0,0,0,0,0,0,0,0,0,0,0,0,0,0,0,0,0,0,0,0,0,0,0.0196716580539942,0.0251191854476929,0.0297324098646641,0.0315529406070709,0.0501843951642513,0.0379111431539059,0.0677244439721107,0,0,0,0,0,0,0,0,0,0,0,0,0,0,0,0,0,0,0,0,0,0,0,0,0.112093068659306,0,0,0,0.104953803122044,0.172022014856339,0,0.158742979168892,0.104297876358032,0,0,0.196473389863968,0.307002812623978,0.370244026184082,0.509104490280151,0.387058615684509,0.460555285215378,0.485645443201065,0,0.249340608716011,0,0.31378573179245,0.428144812583923,0.343762665987015,0.318677097558975,0.329335480928421,0.588421285152435,0.546058356761932,0.510775744915009,0.652231216430664,0.779559254646301,0.762896239757538,0.504875659942627,0.410025596618652,0.620518505573273,0.879990339279175,1.01936388015747,1.11158883571625,0.974292516708374,0.717251479625702,0.70393443107605,1.03885006904602,1.0682784318924,0.782924175262451,0.605888664722443,0.518517434597015,0.612777471542358,0.920238196849823,0.853698551654816,0.412328362464905,0,0.35651707649231,0.491292715072632,0.834363460540771,0.77700537443161,0.663904130458832,0.451112449169159,0,0,0.613702058792114,0.949978649616241,1.00480592250824,1.04767429828644,0.898749053478241,1.08974647521973,1.34554731845856,1.53434956073761,1.55436253547668,1.47284686565399,1.12390959262848,0.862282633781433,1.02355110645294,1.19818162918091,0.984794437885284,0.971510529518127,0.924322426319122,0.919425845146179,1.17911553382874,1.38520848751068,1.22257506847382,1.16147434711456,1.09127402305603,1.26817572116852,1.3406662940979,1.05416941642761,0.717449843883514,0,0.774208247661591,0.948690295219421,0.998286664485931,1.10353028774261,0.81393975019455,0.865047693252563,0.638289213180542,0.694754302501678,1.0927107334137,1.2492378950119,1.42336940765381,1.54092752933502,1.65148603916168,1.66623306274414,1.59096455574036,1.2532856464386,1.08108365535736,1.48693513870239,0.830132603645325,0,0.629811823368073,0.886558592319489,0,0,0,0,0,0,0,1.14186525344849,0.933003544807434,0,0.726831197738647,0,0,0,0,0,0.615034580230713,1.08305668830872,0.609696507453918,0,0.451061338186264,0.579882264137268,0.459744304418564,0,0.404263198375702,0,0.311471968889236,0,0,0,0,0,0,0,0,0,0,0.426953017711639,0.743206679821014,0.585278689861298,0.240617036819458,0,0,0,0,0,0,0,0,0,0,0.390592128038406,0,0,0,0,0,0,0,0,0,0,0,0,0,0,0,0,0,0,0,0,0,0,0,0,0,0,0,0,0,0,0,64
Duisburg,0,0,0,0,0,0,0,0,0,0,0,0,0,0,0,0,0,0,0,0,0,0,0,0,0,0,0,0,0,0,0,0,0,0,0,0,0,0,0,0,0,0,0,0,0,0,0,0,0,0,0,0,0,0,0,0,0,0,0,0,0,0,0,0,0,0,0,0,0,0,0,0,0,0,0,0,0,0,0,0,0,0,0,0,0,0,0,0,0,0,0,0,0,0,0,0,0,0,0,0,0,0,0,0,0,0,0,0,0,0,0,0,0,0,0,0,0,0,0,0,0,0,0,0,0,0,0,0,0,0,0,0,0,0,0,0,0,0,0,0,0,0,0.0196716580539942,0.0251191835850477,0.0297324098646641,0.0315529406070709,0.0501843988895416,0.0379111468791962,0.0677244439721107,0,0,0,0,0,0,0,0,0,0,0,0,0,0,0,0,0,0,0,0,0,0,0,0,0.112093061208725,0,0,0,0.104953810572624,0.172021999955177,0,0.158742979168892,0.104297868907452,0,0,0.196473389863968,0.307002812623978,0.370244026184082,0.509104490280151,0.387058615684509,0.460555255413055,0.485645443201065,0,0.249340623617172,0,0.31378573179245,0.428144842386246,0.343762665987015,0.318677097558975,0.329335480928421,0.588421225547791,0.546058356761932,0.510775744915009,0.652231216430664,0.779559254646301,0.762896180152893,0.504875659942627,0.410025626420975,0.620518505573273,0.879990339279175,1.01936388015747,1.11158883571625,0.974292457103729,0.717251479625702,0.70393443107605,1.03885006904602,1.0682784318924,0.782924175262451,0.605888664722443,0.518517434597015,0.612777471542358,0.920238196849823,0.853698551654816,0.412328362464905,0,0.35651707649231,0.491292715072632,0.834363460540771,0.77700537443161,0.663904130458832,0.451112478971481,0,0,0.613702058792114,0.949978709220886,1.00480604171753,1.04767429828644,0.898749053478241,1.08974647521973,1.34554731845856,1.53434944152832,1.55436265468597,1.4728467464447,1.12390959262848,0.862282633781433,1.02355110645294,1.19818162918091,0.984794497489929,0.971510529518127,0.924322366714478,0.919425904750824,1.17911553382874,1.38520848751068,1.22257494926453,1.16147434711456,1.09127402305603,1.26817572116852,1.3406662940979,1.05416941642761,0.717449843883514,0,0.774208247661591,0.948690354824066,0.998286664485931,1.10353016853333,0.813939809799194,0.865047693252563,0.638289213180542,0.694754302501678,1.0927107334137,1.2492378950119,1.4233695268631,1.54092741012573,1.65148615837097,1.66623318195343,1.59096467494965,1.2532856464386,1.08108365535736,1.4869350194931,0.83013254404068,0,0.629811823368073,0.886558592319489,0,0,0,0,0,0,0,1.1418651342392,0.933003544807434,0,0.726831138134003,0,0,0,0,0,0.615034580230713,1.08305668830872,0.609696507453918,0,0.451061338186264,0.579882204532623,0.459744304418564,0,0.404263198375702,0,0.311471968889236,0,0,0,0,0,0,0,0,0,0,0.426953047513962,0.74320662021637,0.585278689861298,0.240617051720619,0,0,0,0,0,0,0,0,0,0,0.390592098236084,0,0,0,0,0,0,0,0,0,0,0,0,0,0,0,0,0,0,0,0,0,0,0,0,0,0,0,0,0,0,0,65
Essen,0,0,0,0,0,0,0,0,0,0,0,0,0,0,0,0,0,0,0,0,0,0,0,0,0,0,0,0,0,0,0,0,0,0,0,0,0,0,0,0,0,0,0,0,0,0,0,0,0,0,0,0,0,0,0,0,0,0,0,0,0,0,0,0,0,0,0,0,0,0,0,0,0,0,0,0,0,0,0,0,0,0,0,0,0,0,0,0,0,0,0,0,0,0,0,0,0,0,0,0,0,0,0,0,0,0,0,0,0,0,0,0,0,0,0,0,0,0,0,0,0,0,0,0,0,0,0,0,0,0,0,0,0,0,0,0,0,0,0,0,0,0,0.0196716580539942,0.0251191854476929,0.0297324098646641,0.0315529406070709,0.0501843988895416,0.0379111431539059,0.0677244439721107,0,0,0,0,0,0,0,0,0,0,0,0,0,0,0,0,0,0,0,0,0,0,0,0,0.112093068659306,0,0,0,0.104953803122044,0.172022014856339,0,0.158742979168892,0.104297868907452,0,0,0.196473404765129,0.307002812623978,0.370244026184082,0.509104490280151,0.387058585882187,0.460555255413055,0.485645413398743,0,0.249340608716011,0,0.313785761594772,0.428144842386246,0.343762695789337,0.318677097558975,0.329335480928421,0.588421225547791,0.546058297157288,0.510775744915009,0.652231216430664,0.779559254646301,0.762896180152893,0.504875659942627,0.410025626420975,0.620518505573273,0.879990339279175,1.01936388015747,1.11158883571625,0.974292516708374,0.717251539230347,0.70393443107605,1.03885006904602,1.06827855110168,0.782924175262451,0.605888664722443,0.518517434597015,0.612777531147003,0.920238196849823,0.853698492050171,0.412328362464905,0,0.356517046689987,0.491292685270309,0.834363520145416,0.77700537443161,0.663904190063477,0.451112478971481,0,0,0.613702058792114,0.949978768825531,1.00480604171753,1.04767429828644,0.898749053478241,1.08974647521973,1.34554743766785,1.53434944152832,1.55436265468597,1.4728467464447,1.12390959262848,0.862282574176788,1.02355110645294,1.19818150997162,0.984794497489929,0.971510529518127,0.924322366714478,0.919425845146179,1.17911541461945,1.38520848751068,1.22257506847382,1.16147446632385,1.09127402305603,1.26817560195923,1.3406662940979,1.05416941642761,0.717449843883514,0,0.774208247661591,0.948690354824066,0.998286724090576,1.10353016853333,0.81393975019455,0.865047693252563,0.638289213180542,0.694754302501678,1.0927107334137,1.2492378950119,1.42336940765381,1.54092752933502,1.65148615837097,1.66623306274414,1.59096455574036,1.25328552722931,1.08108365535736,1.48693513870239,0.830132603645325,0,0.629811823368073,0.886558651924133,0,0,0,0,0,0,0,1.1418651342392,0.933003544807434,0,0.726831138134003,0,0,0,0,0,0.615034580230713,1.08305656909943,0.609696507453918,0,0.451061338186264,0.579882264137268,0.459744334220886,0,0.404263198375702,0,0.311471998691559,0,0,0,0,0,0,0,0,0,0,0.426953047513962,0.743206679821014,0.585278749465942,0.240617051720619,0,0,0,0,0,0,0,0,0,0,0.390592098236084,0,0,0,0,0,0,0,0,0,0,0,0,0,0,0,0,0,0,0,0,0,0,0,0,0,0,0,0,0,0,0,66
Krefeld,0,0,0,0,0,0,0,0,0,0,0,0,0,0,0,0,0,0,0,0,0,0,0,0,0,0,0,0,0,0,0,0,0,0,0,0,0,0,0,0,0,0,0,0,0,0,0,0,0,0,0,0,0,0,0,0,0,0,0,0,0,0,0,0,0,0,0,0,0,0,0,0,0,0,0,0,0,0,0,0,0,0,0,0,0,0,0,0,0,0,0,0,0,0,0,0,0,0,0,0,0,0,0,0,0,0,0,0,0,0,0,0,0,0,0,0,0,0,0,0,0,0,0,0,0,0,0,0,0,0,0,0,0,0,0,0,0,0,0,0,0,0,0.0196716599166393,0.0251191854476929,0.0297324098646641,0.0315529368817806,0.0501843951642513,0.0379111431539059,0.0677244439721107,0,0,0,0,0,0,0,0,0,0,0,0,0,0,0,0,0,0,0,0,0,0,0,0,0.112093061208725,0,0,0,0.104953803122044,0.172022014856339,0,0.158742979168892,0.104297868907452,0,0,0.196473389863968,0.307002812623978,0.370244026184082,0.509104490280151,0.387058615684509,0.460555255413055,0.485645413398743,0,0.249340623617172,0,0.313785761594772,0.428144842386246,0.343762695789337,0.318677127361298,0.329335480928421,0.588421225547791,0.546058356761932,0.510775744915009,0.652231216430664,0.779559254646301,0.762896239757538,0.504875659942627,0.410025626420975,0.620518445968628,0.87999027967453,1.01936388015747,1.11158883571625,0.974292516708374,0.717251539230347,0.703934490680695,1.03885006904602,1.0682784318924,0.782924234867096,0.605888664722443,0.518517434597015,0.612777531147003,0.920238256454468,0.853698492050171,0.412328362464905,0,0.356517046689987,0.491292715072632,0.834363460540771,0.777005434036255,0.663904130458832,0.451112478971481,0,0,0.613702118396759,0.949978709220886,1.00480592250824,1.04767429828644,0.898749053478241,1.08974647521973,1.34554731845856,1.53434944152832,1.55436253547668,1.4728467464447,1.12390959262848,0.862282633781433,1.02355110645294,1.19818162918091,0.984794497489929,0.971510529518127,0.924322366714478,0.919425845146179,1.17911541461945,1.38520860671997,1.22257506847382,1.16147434711456,1.09127402305603,1.26817560195923,1.34066617488861,1.05416929721832,0.717449843883514,0,0.774208247661591,0.948690295219421,0.998286724090576,1.10353028774261,0.813939809799194,0.865047693252563,0.638289213180542,0.694754302501678,1.09271061420441,1.2492378950119,1.4233695268631,1.54092752933502,1.65148615837097,1.66623318195343,1.59096467494965,1.25328552722931,1.08108365535736,1.4869350194931,0.83013254404068,0,0.629811763763428,0.886558651924133,0,0,0,0,0,0,0,1.1418651342392,0.933003544807434,0,0.726831138134003,0,0,0,0,0,0.615034580230713,1.08305656909943,0.609696507453918,0,0.451061338186264,0.579882264137268,0.459744304418564,0,0.404263198375702,0,0.311471998691559,0,0,0,0,0,0,0,0,0,0,0.426953047513962,0.743206679821014,0.585278749465942,0.240617036819458,0,0,0,0,0,0,0,0,0,0,0.390592098236084,0,0,0,0,0,0,0,0,0,0,0,0,0,0,0,0,0,0,0,0,0,0,0,0,0,0,0,0,0,0,0,67
Mönchengladbach,0,0,0,0,0,0,0,0,0,0,0,0,0,0,0,0,0,0,0,0,0,0,0,0,0,0,0,0,0,0,0,0,0,0,0,0,0,0,0,0,0,0,0,0,0,0,0,0,0,0,0,0,0,0,0,0,0,0,0,0,0,0,0,0,0,0,0,0,0,0,0,0,0,0,0,0,0,0,0,0,0,0,0,0,0,0,0,0,0,0,0,0,0,0,0,0,0,0,0,0,0,0,0,0,0,0,0,0,0,0,0,0,0,0,0,0,0,0,0,0,0,0,0,0,0,0,0,0,0,0,0,0,0,0,0,0,0,0,0,0,0,0,0.0196716599166393,0.0251191835850477,0.0297324098646641,0.0315529406070709,0.0501843951642513,0.0379111468791962,0.0677244439721107,0,0,0,0,0,0,0,0,0,0,0,0,0,0,0,0,0,0,0,0,0,0,0,0,0.112093068659306,0,0,0,0.104953803122044,0.172022014856339,0,0.158742979168892,0.104297876358032,0,0,0.196473389863968,0.307002812623978,0.370244055986404,0.509104490280151,0.387058615684509,0.460555225610733,0.485645413398743,0,0.249340608716011,0,0.31378573179245,0.428144842386246,0.343762665987015,0.318677097558975,0.329335480928421,0.588421285152435,0.546058297157288,0.510775744915009,0.652231216430664,0.779559254646301,0.762896239757538,0.504875659942627,0.410025626420975,0.620518445968628,0.879990339279175,1.01936388015747,1.11158883571625,0.974292516708374,0.717251479625702,0.703934490680695,1.03885006904602,1.06827855110168,0.782924234867096,0.605888664722443,0.518517434597015,0.612777531147003,0.920238196849823,0.853698551654816,0.412328332662582,0,0.356517046689987,0.491292685270309,0.834363460540771,0.77700537443161,0.663904190063477,0.451112478971481,0,0,0.613702058792114,0.949978649616241,1.00480592250824,1.04767429828644,0.898749053478241,1.08974647521973,1.34554731845856,1.53434956073761,1.55436265468597,1.4728467464447,1.12390959262848,0.862282633781433,1.02355110645294,1.19818162918091,0.984794497489929,0.971510529518127,0.924322426319122,0.919425845146179,1.17911541461945,1.38520848751068,1.22257506847382,1.16147446632385,1.09127414226532,1.26817572116852,1.3406662940979,1.05416941642761,0.717449843883514,0,0.774208247661591,0.948690295219421,0.998286724090576,1.10353028774261,0.813939809799194,0.865047693252563,0.638289213180542,0.694754302501678,1.09271061420441,1.2492378950119,1.42336940765381,1.54092741012573,1.65148615837097,1.66623318195343,1.59096467494965,1.25328552722931,1.08108353614807,1.48693513870239,0.83013254404068,0,0.629811823368073,0.886558592319489,0,0,0,0,0,0,0,1.14186525344849,0.933003544807434,0,0.726831138134003,0,0,0,0,0,0.615034580230713,1.08305656909943,0.609696507453918,0,0.451061338186264,0.579882264137268,0.459744304418564,0,0.404263198375702,0,0.311471968889236,0,0,0,0,0,0,0,0,0,0,0.426953047513962,0.743206679821014,0.585278689861298,0.240617036819458,0,0,0,0,0,0,0,0,0,0,0.390592098236084,0,0,0,0,0,0,0,0,0,0,0,0,0,0,0,0,0,0,0,0,0,0,0,0,0,0,0,0,0,0,0,68
Mülheim an der Ruhr,0,0,0,0,0,0,0,0,0,0,0,0,0,0,0,0,0,0,0,0,0,0,0,0,0,0,0,0,0,0,0,0,0,0,0,0,0,0,0,0,0,0,0,0,0,0,0,0,0,0,0,0,0,0,0,0,0,0,0,0,0,0,0,0,0,0,0,0,0,0,0,0,0,0,0,0,0,0,0,0,0,0,0,0,0,0,0,0,0,0,0,0,0,0,0,0,0,0,0,0,0,0,0,0,0,0,0,0,0,0,0,0,0,0,0,0,0,0,0,0,0,0,0,0,0,0,0,0,0,0,0,0,0,0,0,0,0,0,0,0,0,0,0.0196716599166393,0.0251191854476929,0.0297324098646641,0.0315529406070709,0.0501843988895416,0.0379111431539059,0.0677244439721107,0,0,0,0,0,0,0,0,0,0,0,0,0,0,0,0,0,0,0,0,0,0,0,0,0.112093061208725,0,0,0,0.104953803122044,0.172022014856339,0,0.158742979168892,0.104297876358032,0,0,0.196473389863968,0.307002812623978,0.370244055986404,0.509104490280151,0.387058615684509,0.460555255413055,0.485645443201065,0,0.249340623617172,0,0.31378573179245,0.428144842386246,0.343762665987015,0.318677097558975,0.329335480928421,0.588421285152435,0.546058356761932,0.510775744915009,0.652231216430664,0.779559254646301,0.762896239757538,0.504875659942627,0.410025626420975,0.620518505573273,0.879990339279175,1.01936388015747,1.11158895492554,0.974292516708374,0.717251479625702,0.70393443107605,1.03885006904602,1.0682784318924,0.782924175262451,0.605888664722443,0.518517434597015,0.612777531147003,0.920238196849823,0.853698492050171,0.412328392267227,0,0.356517046689987,0.491292715072632,0.834363460540771,0.77700537443161,0.663904130458832,0.451112478971481,0,0,0.613702058792114,0.949978709220886,1.00480604171753,1.04767417907715,0.898749053478241,1.08974647521973,1.34554743766785,1.53434944152832,1.55436265468597,1.4728467464447,1.12390959262848,0.862282633781433,1.02355110645294,1.19818162918091,0.984794497489929,0.971510589122772,0.924322366714478,0.919425845146179,1.17911541461945,1.38520848751068,1.22257506847382,1.16147434711456,1.09127402305603,1.26817560195923,1.34066617488861,1.05416941642761,0.717449843883514,0,0.774208247661591,0.948690354824066,0.998286664485931,1.10353028774261,0.813939809799194,0.865047633647919,0.638289153575897,0.694754302501678,1.0927107334137,1.2492378950119,1.42336940765381,1.54092752933502,1.65148603916168,1.66623318195343,1.59096467494965,1.25328552722931,1.08108365535736,1.4869350194931,0.83013254404068,0,0.629811763763428,0.886558651924133,0,0,0,0,0,0,0,1.1418651342392,0.933003544807434,0,0.726831138134003,0,0,0,0,0,0.615034580230713,1.08305668830872,0.609696507453918,0,0.451061367988586,0.579882264137268,0.459744304418564,0,0.404263198375702,0,0.311471998691559,0,0,0,0,0,0,0,0,0,0,0.426953017711639,0.743206679821014,0.585278689861298,0.240617036819458,0,0,0,0,0,0,0,0,0,0,0.390592098236084,0,0,0,0,0,0,0,0,0,0,0,0,0,0,0,0,0,0,0,0,0,0,0,0,0,0,0,0,0,0,0,69
Oberhausen,0,0,0,0,0,0,0,0,0,0,0,0,0,0,0,0,0,0,0,0,0,0,0,0,0,0,0,0,0,0,0,0,0,0,0,0,0,0,0,0,0,0,0,0,0,0,0,0,0,0,0,0,0,0,0,0,0,0,0,0,0,0,0,0,0,0,0,0,0,0,0,0,0,0,0,0,0,0,0,0,0,0,0,0,0,0,0,0,0,0,0,0,0,0,0,0,0,0,0,0,0,0,0,0,0,0,0,0,0,0,0,0,0,0,0,0,0,0,0,0,0,0,0,0,0,0,0,0,0,0,0,0,0,0,0,0,0,0,0,0,0,0,0.0196716599166393,0.0251191835850477,0.0297324098646641,0.0315529406070709,0.0501843951642513,0.0379111431539059,0.0677244439721107,0,0,0,0,0,0,0,0,0,0,0,0,0,0,0,0,0,0,0,0,0,0,0,0,0.112093061208725,0,0,0,0.104953803122044,0.172022014856339,0,0.158742979168892,0.104297876358032,0,0,0.196473404765129,0.307002812623978,0.370244055986404,0.509104430675507,0.387058615684509,0.460555255413055,0.485645413398743,0,0.249340608716011,0,0.31378573179245,0.428144812583923,0.343762695789337,0.318677127361298,0.329335480928421,0.588421225547791,0.546058356761932,0.510775744915009,0.652231216430664,0.779559254646301,0.762896239757538,0.504875659942627,0.410025626420975,0.620518505573273,0.879990339279175,1.01936388015747,1.11158883571625,0.974292516708374,0.717251539230347,0.70393443107605,1.03885006904602,1.0682784318924,0.782924175262451,0.605888605117798,0.518517434597015,0.612777531147003,0.920238196849823,0.853698551654816,0.412328362464905,0,0.356517046689987,0.491292715072632,0.834363460540771,0.777005434036255,0.663904130458832,0.451112478971481,0,0,0.613702118396759,0.949978649616241,1.00480604171753,1.04767417907715,0.898749053478241,1.08974647521973,1.34554731845856,1.53434956073761,1.55436265468597,1.4728467464447,1.12390959262848,0.862282574176788,1.02355110645294,1.19818150997162,0.984794437885284,0.971510589122772,0.924322426319122,0.919425904750824,1.17911541461945,1.38520848751068,1.22257494926453,1.16147446632385,1.09127402305603,1.26817572116852,1.3406662940979,1.05416941642761,0.717449843883514,0,0.774208247661591,0.948690235614777,0.998286664485931,1.10353028774261,0.81393975019455,0.865047693252563,0.638289213180542,0.694754362106323,1.0927107334137,1.2492378950119,1.4233695268631,1.54092741012573,1.65148603916168,1.66623306274414,1.59096467494965,1.2532856464386,1.08108365535736,1.4869350194931,0.83013254404068,0,0.629811823368073,0.886558651924133,0,0,0,0,0,0,0,1.1418651342392,0.933003544807434,0,0.726831138134003,0,0,0,0,0,0.615034580230713,1.08305668830872,0.609696507453918,0,0.451061367988586,0.579882264137268,0.459744304418564,0,0.404263198375702,0,0.311471968889236,0,0,0,0,0,0,0,0,0,0,0.426953047513962,0.743206679821014,0.585278749465942,0.240617021918297,0,0,0,0,0,0,0,0,0,0,0.390592098236084,0,0,0,0,0,0,0,0,0,0,0,0,0,0,0,0,0,0,0,0,0,0,0,0,0,0,0,0,0,0,0,70
Remscheid,0,0,0,0,0,0,0,0,0,0,0,0,0,0,0,0,0,0,0,0,0,0,0,0,0,0,0,0,0,0,0,0,0,0,0,0,0,0,0,0,0,0,0,0,0,0,0,0,0,0,0,0,0,0,0,0,0,0,0,0,0,0,0,0,0,0,0,0,0,0,0,0,0,0,0,0,0,0,0,0,0,0,0,0,0,0,0,0,0,0,0,0,0,0,0,0,0,0,0,0,0,0,0,0,0,0,0,0,0,0,0,0,0,0,0,0,0,0,0,0,0,0,0,0,0,0,0,0,0,0,0,0,0,0,0,0,0,0,0,0,0,0,0.0131631540134549,0.0188533272594213,0.0228824988007545,0.0211134310811758,0.0380535461008549,0.0253679789602757,0.0548111125826836,0,0,0,0,0,0,0,0,0,0,0,0,0,0,0,0,0,0,0,0,0,0,0,0,0.0750062987208366,0,0,0,0.0702291131019592,0.135218113660812,0,0.10622176527977,0.0697901993989944,0,0,0.131468817591667,0.252472817897797,0.307132333517075,0.424013704061508,0.328220725059509,0.389845579862595,0.41865736246109,0,0.166844546794891,0,0.261564284563065,0.374910742044449,0.288675010204315,0.213240578770638,0.278247952461243,0.509618818759918,0.468607246875763,0.431891769170761,0.557074069976807,0.679027915000916,0.676296174526215,0.443713247776031,0.359704673290253,0.533286869525909,0.760827660560608,0.884748220443726,0.969934523105621,0.875124216079712,0.632031738758087,0.604828655719757,0.902507841587067,0.954606294631958,0.6913001537323,0.497883439064026,0.346962332725525,0.508948087692261,0.797082006931305,0.74364972114563,0.275906652212143,0,0.238560929894447,0.328745096921921,0.63233482837677,0.648078799247742,0.559908092021942,0.30185878276825,0,0,0.410654485225677,0.808348178863525,0.858287751674652,0.901705920696259,0.777880549430847,0.939597964286804,1.16811001300812,1.33214175701141,1.35870182514191,1.28795993328094,0.999460518360138,0.76970249414444,0.874285519123077,1.04382264614105,0.852271437644958,0.819111108779907,0.807061374187469,0.778747081756592,1.00172567367554,1.19030046463013,1.04513919353485,0.988882720470428,0.924895048141479,1.09359347820282,1.15212118625641,0.899278879165649,0.575926780700684,0,0.607911705970764,0.776256680488586,0.828955292701721,0.937456905841827,0.714824497699738,0.723758637905121,0.42710679769516,0.550315856933594,0.916959404945374,1.06538343429565,1.21414744853973,1.32713294029236,1.41146373748779,1.41901218891144,1.36633861064911,1.08468055725098,0.946042358875275,1.28259766101837,0.676000773906708,0,0.421434193849564,0.74679172039032,0,0,0,0,0,0,0,0.933051705360413,0.757219195365906,0,0.57997053861618,0,0,0,0,0,0.411546140909195,0.891375720500946,0.407974183559418,0,0.301824569702148,0.451131165027618,0.307634741067886,0,0.27050992846489,0,0.208419308066368,0,0,0,0,0,0,0,0,0,0,0.342635035514832,0.627777814865112,0.496340095996857,0.161007225513458,0,0,0,0,0,0,0,0,0,0,0.261361986398697,0,0,0,0,0,0,0,0,0,0,0,0,0,0,0,0,0,0,0,0,0,0,0,0,0,0,0,0,0,0,0,71
Solingen,0,0,0,0,0,0,0,0,0,0,0,0,0,0,0,0,0,0,0,0,0,0,0,0,0,0,0,0,0,0,0,0,0,0,0,0,0,0,0,0,0,0,0,0,0,0,0,0,0,0,0,0,0,0,0,0,0,0,0,0,0,0,0,0,0,0,0,0,0,0,0,0,0,0,0,0,0,0,0,0,0,0,0,0,0,0,0,0,0,0,0,0,0,0,0,0,0,0,0,0,0,0,0,0,0,0,0,0,0,0,0,0,0,0,0,0,0,0,0,0,0,0,0,0,0,0,0,0,0,0,0,0,0,0,0,0,0,0,0,0,0,0,0.0196716580539942,0.0251191835850477,0.0297324098646641,0.0315529406070709,0.0501843951642513,0.0379111431539059,0.0677244439721107,0,0,0,0,0,0,0,0,0,0,0,0,0,0,0,0,0,0,0,0,0,0,0,0,0.112093061208725,0,0,0,0.104953810572624,0.172022014856339,0,0.158742979168892,0.104297876358032,0,0,0.196473404765129,0.307002812623978,0.370244055986404,0.509104490280151,0.387058615684509,0.460555285215378,0.485645413398743,0,0.249340608716011,0,0.31378573179245,0.428144842386246,0.343762695789337,0.318677097558975,0.329335480928421,0.588421285152435,0.546058356761932,0.510775744915009,0.652231216430664,0.779559254646301,0.762896239757538,0.504875659942627,0.410025596618652,0.620518505573273,0.87999027967453,1.01936388015747,1.11158883571625,0.974292516708374,0.717251479625702,0.70393443107605,1.03885006904602,1.0682784318924,0.782924175262451,0.605888664722443,0.518517434597015,0.612777531147003,0.920238196849823,0.853698551654816,0.412328362464905,0,0.35651707649231,0.491292685270309,0.834363460540771,0.77700537443161,0.663904130458832,0.451112478971481,0,0,0.613702058792114,0.949978709220886,1.00480604171753,1.04767429828644,0.898749053478241,1.08974647521973,1.34554731845856,1.53434956073761,1.55436265468597,1.4728467464447,1.12390959262848,0.862282633781433,1.02355110645294,1.19818162918091,0.984794497489929,0.971510529518127,0.924322426319122,0.919425904750824,1.17911541461945,1.38520848751068,1.22257506847382,1.16147446632385,1.09127402305603,1.26817572116852,1.3406662940979,1.05416941642761,0.717449903488159,0,0.774208247661591,0.948690354824066,0.998286664485931,1.10353016853333,0.813939809799194,0.865047633647919,0.638289213180542,0.694754302501678,1.0927107334137,1.2492378950119,1.4233695268631,1.54092741012573,1.65148615837097,1.66623318195343,1.59096467494965,1.2532856464386,1.08108365535736,1.48693513870239,0.830132603645325,0,0.629811763763428,0.886558651924133,0,0,0,0,0,0,0,1.1418651342392,0.933003604412079,0,0.726831138134003,0,0,0,0,0,0.615034580230713,1.08305656909943,0.609696507453918,0,0.451061367988586,0.579882204532623,0.459744304418564,0,0.404263198375702,0,0.311471998691559,0,0,0,0,0,0,0,0,0,0,0.426953047513962,0.743206679821014,0.585278689861298,0.240617036819458,0,0,0,0,0,0,0,0,0,0,0.390592098236084,0,0,0,0,0,0,0,0,0,0,0,0,0,0,0,0,0,0,0,0,0,0,0,0,0,0,0,0,0,0,0,72
Wuppertal,0,0,0,0,0,0,0,0,0,0,0,0,0,0,0,0,0,0,0,0,0,0,0,0,0,0,0,0,0,0,0,0,0,0,0,0,0,0,0,0,0,0,0,0,0,0,0,0,0,0,0,0,0,0,0,0,0,0,0,0,0,0,0,0,0,0,0,0,0,0,0,0,0,0,0,0,0,0,0,0,0,0,0,0,0,0,0,0,0,0,0,0,0,0,0,0,0,0,0,0,0,0,0,0,0,0,0,0,0,0,0,0,0,0,0,0,0,0,0,0,0,0,0,0,0,0,0,0,0,0,0,0,0,0,0,0,0,0,0,0,0,0,0.0168909169733524,0.0224421136081219,0.0268058013170958,0.0270926877856255,0.0450015179812908,0.032552108168602,0.062207255512476,0,0,0,0,0,0,0,0,0,0,0,0,0,0,0,0,0,0,0,0,0,0,0,0,0.0962478294968605,0,0,0,0.0901177674531937,0.156297639012337,0,0.136303409934044,0.0895545557141304,0,0,0.168700352311134,0.283704996109009,0.343279719352722,0.472749650478363,0.361920267343521,0.430344700813293,0.457024961709976,0,0.214094370603561,0,0.291474252939224,0.405400693416595,0.320226609706879,0.273629605770111,0.30750846862793,0.554753124713898,0.512967586517334,0.477072775363922,0.611575543880463,0.736607491970062,0.725896537303925,0.478744149208069,0.388526111841202,0.583248972892761,0.829078376293182,0.961849689483643,1.05106747150421,0.931923091411591,0.680841565132141,0.661591768264771,0.980598151683807,1.01971232891083,0.743778049945831,0.559743702411652,0.445220947265625,0.568416655063629,0.86761999130249,0.80668044090271,0.354042530059814,0,0.306120604276657,0.421844631433487,0.748047232627869,0.721921801567078,0.619472086429596,0.387344211339951,0,0,0.526950538158417,0.889467477798462,0.942206382751465,0.985309660434723,0.84710830450058,1.02559590339661,1.2697377204895,1.44795680046082,1.4707670211792,1.39385426044464,1.07073903083801,0.822727978229523,0.959777772426605,1.13223206996918,0.928174376487732,0.906398296356201,0.874222934246063,0.859321177005768,1.10332608222961,1.3019345998764,1.14676606655121,1.08773505687714,1.02018904685974,1.19358587265015,1.26011085510254,0.987992882728577,0.656984508037567,0,0.703158438205719,0.875018417835236,0.925940275192261,1.03257584571838,0.771593034267426,0.80468225479126,0.548062026500702,0.633043348789215,1.01762139797211,1.17068660259247,1.333979845047,1.44958436489105,1.54893720149994,1.56060862541199,1.49499368667603,1.18124949932098,1.02338755130768,1.39963245391846,0.764280140399933,0,0.540782988071442,0.826843559741974,0,0,0,0,0,0,0,1.05265021324158,0.857900083065033,0,0.664085268974304,0,0,0,0,0,0.52809464931488,1.00116145610809,0.523511171340942,0,0.387300312519073,0.524873673915863,0.394755870103836,0,0.347117453813553,0,0.267442971467972,0,0,0,0,0,0,0,0,0,0,0.390928387641907,0.693889975547791,0.547279894351959,0.206603929400444,0,0,0,0,0,0,0,0,0,0,0.335378855466843,0,0,0,0,0,0,0,0,0,0,0,0,0,0,0,0,0,0,0,0,0,0,0,0,0,0,0,0,0,0,0,73
Kleve,0,0,0,0,0,0,0,0,0,0,0,0,0,0,0,0,0,0,0,0,0,0,0,0,0,0,0,0,0,0,0,0,0,0,0,0,0,0,0,0,0,0,0,0,0,0,0,0,0,0,0,0,0,0,0,0,0,0,0,0,0,0,0,0,0,0,0,0,0,0,0,0,0,0,0,0,0,0,0,0,0,0,0,0,0,0,0,0,0,0,0,0,0,0,0,0,0,0,0,0,0,0,0,0,0,0,0,0,0,0,0,0,0,0,0,0,0,0,0,0,0,0,0,0,0,0,0,0,0,0,0,0,0,0,0,0,0,0,0,0,0,0,0.0196716580539942,0.0251191835850477,0.0297324098646641,0.0315529406070709,0.0501843988895416,0.0379111468791962,0.0677244439721107,0,0,0,0,0,0,0,0,0,0,0,0,0,0,0,0,0,0,0,0,0,0,0,0,0.112093068659306,0,0,0,0.104953810572624,0.172021999955177,0,0.158742979168892,0.104297876358032,0,0,0.196473389863968,0.307002812623978,0.370244055986404,0.509104490280151,0.387058615684509,0.460555255413055,0.485645443201065,0,0.249340608716011,0,0.313785761594772,0.428144842386246,0.343762665987015,0.318677127361298,0.329335451126099,0.588421225547791,0.546058356761932,0.510775744915009,0.652231216430664,0.779559314250946,0.762896180152893,0.504875659942627,0.410025626420975,0.620518505573273,0.879990339279175,1.01936388015747,1.11158895492554,0.974292516708374,0.717251479625702,0.70393443107605,1.03885006904602,1.06827855110168,0.782924175262451,0.605888605117798,0.518517434597015,0.612777531147003,0.920238196849823,0.853698551654816,0.412328362464905,0,0.356517046689987,0.491292744874954,0.834363460540771,0.777005434036255,0.663904190063477,0.451112478971481,0,0,0.613702058792114,0.949978649616241,1.00480592250824,1.04767429828644,0.898749053478241,1.08974647521973,1.34554743766785,1.53434956073761,1.55436253547668,1.4728467464447,1.12390959262848,0.862282574176788,1.02355098724365,1.19818150997162,0.984794437885284,0.971510529518127,0.924322366714478,0.919425904750824,1.17911553382874,1.38520848751068,1.22257506847382,1.16147434711456,1.09127402305603,1.26817560195923,1.34066617488861,1.05416941642761,0.717449843883514,0,0.774208247661591,0.948690295219421,0.998286664485931,1.10353016853333,0.81393975019455,0.865047693252563,0.638289213180542,0.694754302501678,1.0927107334137,1.2492378950119,1.42336940765381,1.54092741012573,1.65148615837097,1.66623306274414,1.59096467494965,1.25328552722931,1.08108365535736,1.4869350194931,0.83013254404068,0,0.629811763763428,0.886558651924133,0,0,0,0,0,0,0,1.14186525344849,0.933003544807434,0,0.726831138134003,0,0,0,0,0,0.615034580230713,1.08305668830872,0.609696567058563,0,0.451061367988586,0.579882264137268,0.459744304418564,0,0.404263198375702,0,0.311471968889236,0,0,0,0,0,0,0,0,0,0,0.426953017711639,0.743206679821014,0.585278689861298,0.240617051720619,0,0,0,0,0,0,0,0,0,0,0.390592098236084,0,0,0,0,0,0,0,0,0,0,0,0,0,0,0,0,0,0,0,0,0,0,0,0,0,0,0,0,0,0,0,74
Mettmann,0,0,0,0,0,0,0,0,0,0,0,0,0,0,0,0,0,0,0,0,0,0,0,0,0,0,0,0,0,0,0,0,0,0,0,0,0,0,0,0,0,0,0,0,0,0,0,0,0,0,0,0,0,0,0,0,0,0,0,0,0,0,0,0,0,0,0,0,0,0,0,0,0,0,0,0,0,0,0,0,0,0,0,0,0,0,0,0,0,0,0,0,0,0,0,0,0,0,0,0,0,0,0,0,0,0,0,0,0,0,0,0,0,0,0,0,0,0,0,0,0,0,0,0,0,0,0,0,0,0,0,0,0,0,0,0,0,0,0,0,0,0,0.0196716599166393,0.0251191854476929,0.0297324098646641,0.0315529406070709,0.0501843951642513,0.0379111431539059,0.0677244439721107,0,0,0,0,0,0,0,0,0,0,0,0,0,0,0,0,0,0,0,0,0,0,0,0,0.112093068659306,0,0,0,0.104953803122044,0.172022014856339,0,0.158742979168892,0.104297876358032,0,0,0.196473404765129,0.307002812623978,0.370244055986404,0.509104490280151,0.387058615684509,0.460555255413055,0.485645443201065,0,0.249340623617172,0,0.31378573179245,0.428144842386246,0.343762695789337,0.318677097558975,0.329335480928421,0.588421225547791,0.546058356761932,0.510775744915009,0.652231216430664,0.779559254646301,0.762896180152893,0.504875659942627,0.410025626420975,0.620518505573273,0.879990339279175,1.01936388015747,1.11158883571625,0.974292516708374,0.717251479625702,0.703934490680695,1.03885006904602,1.06827855110168,0.782924234867096,0.605888664722443,0.518517434597015,0.612777531147003,0.920238196849823,0.853698551654816,0.412328362464905,0,0.35651707649231,0.491292685270309,0.834363460540771,0.77700537443161,0.663904130458832,0.451112478971481,0,0,0.613702058792114,0.949978709220886,1.00480592250824,1.04767429828644,0.898749053478241,1.08974647521973,1.34554743766785,1.53434944152832,1.55436265468597,1.4728467464447,1.12390959262848,0.862282633781433,1.02355110645294,1.19818162918091,0.984794497489929,0.971510529518127,0.924322366714478,0.919425904750824,1.17911541461945,1.38520848751068,1.22257506847382,1.16147446632385,1.09127402305603,1.26817572116852,1.3406662940979,1.05416941642761,0.717449843883514,0,0.774208247661591,0.948690295219421,0.998286664485931,1.10353016853333,0.81393975019455,0.865047693252563,0.638289213180542,0.694754362106323,1.09271061420441,1.2492378950119,1.42336940765381,1.54092741012573,1.65148615837097,1.66623306274414,1.59096467494965,1.2532856464386,1.08108365535736,1.48693513870239,0.830132603645325,0,0.629811823368073,0.886558651924133,0,0,0,0,0,0,0,1.1418651342392,0.933003544807434,0,0.726831138134003,0,0,0,0,0,0.615034580230713,1.08305668830872,0.609696507453918,0,0.451061338186264,0.579882204532623,0.459744304418564,0,0.404263198375702,0,0.311471968889236,0,0,0,0,0,0,0,0,0,0,0.426953047513962,0.743206679821014,0.585278689861298,0.240617036819458,0,0,0,0,0,0,0,0,0,0,0.390592128038406,0,0,0,0,0,0,0,0,0,0,0,0,0,0,0,0,0,0,0,0,0,0,0,0,0,0,0,0,0,0,0,75
Rhein-Kreis Neuss,0,0,0,0,0,0,0,0,0,0,0,0,0,0,0,0,0,0,0,0,0,0,0,0,0,0,0,0,0,0,0,0,0,0,0,0,0,0,0,0,0,0,0,0,0,0,0,0,0,0,0,0,0,0,0,0,0,0,0,0,0,0,0,0,0,0,0,0,0,0,0,0,0,0,0,0,0,0,0,0,0,0,0,0,0,0,0,0,0,0,0,0,0,0,0,0,0,0,0,0,0,0,0,0,0,0,0,0,0,0,0,0,0,0,0,0,0,0,0,0,0,0,0,0,0,0,0,0,0,0,0,0,0,0,0,0,0,0,0,0,0,0,0.0196716599166393,0.0251191835850477,0.0297324080020189,0.0315529406070709,0.0501843951642513,0.0379111431539059,0.0677244439721107,0,0,0,0,0,0,0,0,0,0,0,0,0,0,0,0,0,0,0,0,0,0,0,0,0.112093061208725,0,0,0,0.104953803122044,0.172022014856339,0,0.158742979168892,0.104297876358032,0,0,0.196473389863968,0.307002812623978,0.370244055986404,0.509104490280151,0.387058615684509,0.460555285215378,0.485645413398743,0,0.249340608716011,0,0.31378573179245,0.428144842386246,0.343762695789337,0.318677127361298,0.329335480928421,0.588421285152435,0.546058297157288,0.510775744915009,0.652231216430664,0.779559254646301,0.762896239757538,0.504875659942627,0.410025626420975,0.620518505573273,0.879990339279175,1.01936388015747,1.11158883571625,0.974292457103729,0.717251479625702,0.703934490680695,1.03885006904602,1.06827855110168,0.782924234867096,0.605888605117798,0.518517434597015,0.612777471542358,0.920238196849823,0.853698551654816,0.412328362464905,0,0.356517046689987,0.491292715072632,0.834363460540771,0.77700537443161,0.663904130458832,0.451112449169159,0,0,0.613702058792114,0.949978768825531,1.00480592250824,1.04767429828644,0.898749053478241,1.08974647521973,1.34554743766785,1.53434944152832,1.55436265468597,1.4728467464447,1.12390959262848,0.862282633781433,1.02355110645294,1.19818150997162,0.984794437885284,0.971510469913483,0.924322366714478,0.919425904750824,1.17911553382874,1.38520848751068,1.22257506847382,1.16147446632385,1.09127414226532,1.26817560195923,1.34066617488861,1.05416941642761,0.717449843883514,0,0.774208247661591,0.948690354824066,0.998286664485931,1.10353016853333,0.813939809799194,0.865047633647919,0.638289213180542,0.694754302501678,1.0927107334137,1.2492378950119,1.4233695268631,1.54092752933502,1.65148615837097,1.66623318195343,1.59096467494965,1.25328552722931,1.08108365535736,1.4869350194931,0.830132603645325,0,0.629811823368073,0.886558592319489,0,0,0,0,0,0,0,1.1418651342392,0.933003544807434,0,0.726831138134003,0,0,0,0,0,0.615034580230713,1.08305656909943,0.609696507453918,0,0.451061367988586,0.579882204532623,0.459744304418564,0,0.404263198375702,0,0.311471968889236,0,0,0,0,0,0,0,0,0,0,0.426953047513962,0.743206679821014,0.585278689861298,0.240617051720619,0,0,0,0,0,0,0,0,0,0,0.390592098236084,0,0,0,0,0,0,0,0,0,0,0,0,0,0,0,0,0,0,0,0,0,0,0,0,0,0,0,0,0,0,0,76
Viersen,0,0,0,0,0,0,0,0,0,0,0,0,0,0,0,0,0,0,0,0,0,0,0,0,0,0,0,0,0,0,0,0,0,0,0,0,0,0,0,0,0,0,0,0,0,0,0,0,0,0,0,0,0,0,0,0,0,0,0,0,0,0,0,0,0,0,0,0,0,0,0,0,0,0,0,0,0,0,0,0,0,0,0,0,0,0,0,0,0,0,0,0,0,0,0,0,0,0,0,0,0,0,0,0,0,0,0,0,0,0,0,0,0,0,0,0,0,0,0,0,0,0,0,0,0,0,0,0,0,0,0,0,0,0,0,0,0,0,0,0,0,0,0.0196716599166393,0.0251191835850477,0.0297324098646641,0.0315529406070709,0.0501843951642513,0.0379111468791962,0.0677244439721107,0,0,0,0,0,0,0,0,0,0,0,0,0,0,0,0,0,0,0,0,0,0,0,0,0.112093061208725,0,0,0,0.104953803122044,0.172022014856339,0,0.158742979168892,0.104297876358032,0,0,0.196473389863968,0.307002782821655,0.370244055986404,0.509104490280151,0.387058615684509,0.460555255413055,0.485645443201065,0,0.249340623617172,0,0.31378573179245,0.428144812583923,0.343762695789337,0.318677097558975,0.329335480928421,0.588421225547791,0.546058356761932,0.510775744915009,0.652231216430664,0.779559254646301,0.762896180152893,0.504875659942627,0.410025626420975,0.620518505573273,0.879990339279175,1.01936388015747,1.11158895492554,0.974292576313019,0.717251539230347,0.70393443107605,1.03885006904602,1.0682784318924,0.782924175262451,0.605888664722443,0.518517434597015,0.612777471542358,0.920238256454468,0.853698492050171,0.412328362464905,0,0.356517046689987,0.491292685270309,0.834363460540771,0.777005434036255,0.663904130458832,0.451112478971481,0,0,0.613702118396759,0.949978709220886,1.00480592250824,1.04767429828644,0.898749113082886,1.08974647521973,1.34554731845856,1.53434956073761,1.55436265468597,1.4728467464447,1.12390959262848,0.862282633781433,1.02355098724365,1.19818162918091,0.984794497489929,0.971510589122772,0.924322426319122,0.919425904750824,1.17911553382874,1.38520848751068,1.22257506847382,1.16147446632385,1.09127402305603,1.26817572116852,1.34066617488861,1.05416941642761,0.717449843883514,0,0.774208247661591,0.948690295219421,0.998286664485931,1.10353028774261,0.813939809799194,0.865047693252563,0.638289213180542,0.694754302501678,1.0927107334137,1.2492378950119,1.42336940765381,1.54092752933502,1.65148615837097,1.66623318195343,1.59096467494965,1.2532856464386,1.08108353614807,1.4869350194931,0.83013254404068,0,0.629811763763428,0.886558592319489,0,0,0,0,0,0,0,1.1418651342392,0.933003544807434,0,0.726831138134003,0,0,0,0,0,0.615034580230713,1.08305656909943,0.609696507453918,0,0.451061338186264,0.579882264137268,0.459744334220886,0,0.404263198375702,0,0.311471998691559,0,0,0,0,0,0,0,0,0,0,0.426953047513962,0.743206679821014,0.585278689861298,0.240617036819458,0,0,0,0,0,0,0,0,0,0,0.390592128038406,0,0,0,0,0,0,0,0,0,0,0,0,0,0,0,0,0,0,0,0,0,0,0,0,0,0,0,0,0,0,0,77
Wesel,0,0,0,0,0,0,0,0,0,0,0,0,0,0,0,0,0,0,0,0,0,0,0,0,0,0,0,0,0,0,0,0,0,0,0,0,0,0,0,0,0,0,0,0,0,0,0,0,0,0,0,0,0,0,0,0,0,0,0,0,0,0,0,0,0,0,0,0,0,0,0,0,0,0,0,0,0,0,0,0,0,0,0,0,0,0,0,0,0,0,0,0,0,0,0,0,0,0,0,0,0,0,0,0,0,0,0,0,0,0,0,0,0,0,0,0,0,0,0,0,0,0,0,0,0,0,0,0,0,0,0,0,0,0,0,0,0,0,0,0,0,0,0.0196716599166393,0.0251191854476929,0.0297324098646641,0.0315529406070709,0.0501843951642513,0.0379111468791962,0.0677244439721107,0,0,0,0,0,0,0,0,0,0,0,0,0,0,0,0,0,0,0,0,0,0,0,0,0.112093061208725,0,0,0,0.104953810572624,0.172022014856339,0,0.158742979168892,0.104297876358032,0,0,0.196473404765129,0.307002812623978,0.370244055986404,0.509104490280151,0.387058615684509,0.460555255413055,0.485645413398743,0,0.249340623617172,0,0.313785761594772,0.428144842386246,0.343762695789337,0.318677127361298,0.329335451126099,0.588421285152435,0.546058297157288,0.510775744915009,0.652231216430664,0.779559314250946,0.762896180152893,0.504875659942627,0.410025626420975,0.620518445968628,0.879990339279175,1.01936388015747,1.11158883571625,0.974292516708374,0.717251539230347,0.70393443107605,1.03885006904602,1.06827855110168,0.782924175262451,0.605888605117798,0.518517434597015,0.612777531147003,0.920238196849823,0.853698551654816,0.412328392267227,0,0.356517046689987,0.491292715072632,0.834363460540771,0.77700537443161,0.663904130458832,0.451112449169159,0,0,0.613702058792114,0.949978709220886,1.00480592250824,1.04767429828644,0.898749053478241,1.08974647521973,1.34554731845856,1.53434944152832,1.55436265468597,1.4728467464447,1.12390971183777,0.862282574176788,1.02355110645294,1.19818162918091,0.984794497489929,0.971510529518127,0.924322366714478,0.919425904750824,1.17911553382874,1.38520848751068,1.22257506847382,1.16147434711456,1.09127402305603,1.26817572116852,1.34066617488861,1.05416941642761,0.717449843883514,0,0.774208247661591,0.948690295219421,0.998286664485931,1.10353028774261,0.81393975019455,0.865047693252563,0.638289153575897,0.694754302501678,1.0927107334137,1.2492378950119,1.42336940765381,1.54092741012573,1.65148615837097,1.66623318195343,1.59096467494965,1.2532856464386,1.08108365535736,1.48693513870239,0.83013254404068,0,0.629811763763428,0.886558651924133,0,0,0,0,0,0,0,1.14186525344849,0.933003544807434,0,0.726831138134003,0,0,0,0,0,0.615034580230713,1.08305656909943,0.609696507453918,0,0.451061367988586,0.579882264137268,0.459744304418564,0,0.404263198375702,0,0.311471998691559,0,0,0,0,0,0,0,0,0,0,0.426953047513962,0.743206679821014,0.585278749465942,0.240617036819458,0,0,0,0,0,0,0,0,0,0,0.390592128038406,0,0,0,0,0,0,0,0,0,0,0,0,0,0,0,0,0,0,0,0,0,0,0,0,0,0,0,0,0,0,0,78
Bonn,0,0,0,0,0,0,0,0,0,0,0,0,0,0,0,0,0,0,0,0,0,0,0,0,0,0,0,0,0,0,0,0,0,0,0,0,0,0,0,0,0,0,0,0,0,0,0,0,0,0,0,0,0,0,0,0,0,0,0,0,0,0,0,0,0,0,0,0,0,0,0,0,0,0,0,0,0,0,0,0,0,0,0,0,0,0,0,0,0,0,0,0,0,0,0,0,0,0,0,0,0,0,0,0,0,0,0,0,0,0,0,0,0,0,0,0,0,0,0,0,0,0,0,0,0,0,0,0,0,0,0,0,0,0,0,0,0,0,0,0,0,0,0.0196716580539942,0.0251191854476929,0.0297324098646641,0.0315529406070709,0.0501843988895416,0.0379111468791962,0.0677244439721107,0,0,0,0,0,0,0,0,0,0,0,0,0,0,0,0,0,0,0,0,0,0,0,0,0.112093061208725,0,0,0,0.104953810572624,0.172021999955177,0,0.158742979168892,0.104297876358032,0,0,0.196473404765129,0.307002812623978,0.370244055986404,0.509104490280151,0.387058615684509,0.460555255413055,0.485645413398743,0,0.249340623617172,0,0.313785761594772,0.428144842386246,0.343762695789337,0.318677097558975,0.329335451126099,0.588421225547791,0.546058297157288,0.510775744915009,0.652231276035309,0.779559254646301,0.762896180152893,0.504875659942627,0.410025626420975,0.620518505573273,0.879990339279175,1.01936388015747,1.11158883571625,0.974292516708374,0.717251479625702,0.70393443107605,1.03885006904602,1.06827855110168,0.782924234867096,0.605888664722443,0.518517434597015,0.612777531147003,0.920238256454468,0.853698492050171,0.412328362464905,0,0.35651707649231,0.491292715072632,0.834363520145416,0.77700537443161,0.663904130458832,0.451112478971481,0,0,0.613702118396759,0.949978709220886,1.00480604171753,1.04767417907715,0.898749053478241,1.08974647521973,1.34554731845856,1.53434944152832,1.55436265468597,1.4728467464447,1.12390959262848,0.862282574176788,1.02355098724365,1.19818162918091,0.984794497489929,0.971510469913483,0.924322366714478,0.919425904750824,1.17911541461945,1.38520848751068,1.22257494926453,1.16147446632385,1.09127402305603,1.26817572116852,1.3406662940979,1.05416941642761,0.717449843883514,0,0.774208247661591,0.948690295219421,0.998286724090576,1.10353028774261,0.813939809799194,0.865047633647919,0.638289213180542,0.694754302501678,1.0927107334137,1.2492378950119,1.4233695268631,1.54092741012573,1.65148615837097,1.66623318195343,1.59096467494965,1.2532856464386,1.08108365535736,1.48693513870239,0.830132603645325,0,0.629811823368073,0.886558592319489,0,0,0,0,0,0,0,1.1418651342392,0.933003544807434,0,0.726831138134003,0,0,0,0,0,0.615034580230713,1.08305656909943,0.609696507453918,0,0.451061367988586,0.579882204532623,0.459744334220886,0,0.404263198375702,0,0.311471968889236,0,0,0,0,0,0,0,0,0,0,0.426953047513962,0.74320662021637,0.585278749465942,0.240617036819458,0,0,0,0,0,0,0,0,0,0,0.390592098236084,0,0,0,0,0,0,0,0,0,0,0,0,0,0,0,0,0,0,0,0,0,0,0,0,0,0,0,0,0,0,0,79
Köln,0,0,0,0,0,0,0,0,0,0,0,0,0,0,0,0,0,0,0,0,0,0,0,0,0,0,0,0,0,0,0,0,0,0,0,0,0,0,0,0,0,0,0,0,0,0,0,0,0,0,0,0,0,0,0,0,0,0,0,0,0,0,0,0,0,0,0,0,0,0,0,0,0,0,0,0,0,0,0,0,0,0,0,0,0,0,0,0,0,0,0,0,0,0,0,0,0,0,0,0,0,0,0,0,0,0,0,0,0,0,0,0,0,0,0,0,0,0,0,0,0,0,0,0,0,0,0,0,0,0,0,0,0,0,0,0,0,0,0,0,0,0,0.0196716580539942,0.0251191854476929,0.0297324098646641,0.0315529406070709,0.0501843988895416,0.0379111431539059,0.0677244439721107,0,0,0,0,0,0,0,0,0,0,0,0,0,0,0,0,0,0,0,0,0,0,0,0,0.112093061208725,0,0,0,0.104953803122044,0.172022014856339,0,0.158742979168892,0.104297868907452,0,0,0.196473404765129,0.307002812623978,0.370244055986404,0.509104490280151,0.387058615684509,0.460555255413055,0.485645413398743,0,0.249340623617172,0,0.31378573179245,0.428144812583923,0.343762695789337,0.318677097558975,0.329335480928421,0.588421285152435,0.546058356761932,0.510775744915009,0.652231216430664,0.779559314250946,0.762896239757538,0.504875659942627,0.410025626420975,0.620518505573273,0.879990339279175,1.01936388015747,1.11158883571625,0.974292576313019,0.717251539230347,0.703934490680695,1.03885006904602,1.06827855110168,0.782924234867096,0.605888605117798,0.518517434597015,0.612777471542358,0.920238196849823,0.853698551654816,0.412328392267227,0,0.356517046689987,0.491292715072632,0.834363520145416,0.77700537443161,0.663904130458832,0.451112478971481,0,0,0.613702058792114,0.949978709220886,1.00480604171753,1.04767429828644,0.898749053478241,1.08974647521973,1.34554743766785,1.53434956073761,1.55436265468597,1.4728467464447,1.12390959262848,0.862282574176788,1.02355098724365,1.19818150997162,0.984794437885284,0.971510529518127,0.924322426319122,0.919425845146179,1.17911553382874,1.38520848751068,1.22257506847382,1.16147434711456,1.09127402305603,1.26817560195923,1.3406662940979,1.05416941642761,0.717449843883514,0,0.774208247661591,0.948690295219421,0.998286664485931,1.10353016853333,0.81393975019455,0.865047633647919,0.638289213180542,0.694754302501678,1.0927107334137,1.2492378950119,1.4233695268631,1.54092741012573,1.65148603916168,1.66623318195343,1.59096467494965,1.25328552722931,1.08108365535736,1.48693513870239,0.83013254404068,0,0.629811763763428,0.886558651924133,0,0,0,0,0,0,0,1.1418651342392,0.933003485202789,0,0.726831138134003,0,0,0,0,0,0.615034580230713,1.08305656909943,0.609696567058563,0,0.451061338186264,0.579882264137268,0.459744304418564,0,0.404263198375702,0,0.311471968889236,0,0,0,0,0,0,0,0,0,0,0.426953047513962,0.743206679821014,0.585278689861298,0.240617036819458,0,0,0,0,0,0,0,0,0,0,0.390592098236084,0,0,0,0,0,0,0,0,0,0,0,0,0,0,0,0,0,0,0,0,0,0,0,0,0,0,0,0,0,0,0,80
Leverkusen,0,0,0,0,0,0,0,0,0,0,0,0,0,0,0,0,0,0,0,0,0,0,0,0,0,0,0,0,0,0,0,0,0,0,0,0,0,0,0,0,0,0,0,0,0,0,0,0,0,0,0,0,0,0,0,0,0,0,0,0,0,0,0,0,0,0,0,0,0,0,0,0,0,0,0,0,0,0,0,0,0,0,0,0,0,0,0,0,0,0,0,0,0,0,0,0,0,0,0,0,0,0,0,0,0,0,0,0,0,0,0,0,0,0,0,0,0,0,0,0,0,0,0,0,0,0,0,0,0,0,0,0,0,0,0,0,0,0,0,0,0,0,0.0196716580539942,0.0251191854476929,0.0297324098646641,0.0315529406070709,0.0501843951642513,0.0379111468791962,0.0677244439721107,0,0,0,0,0,0,0,0,0,0,0,0,0,0,0,0,0,0,0,0,0,0,0,0,0.112093061208725,0,0,0,0.104953810572624,0.172022014856339,0,0.158742979168892,0.104297868907452,0,0,0.196473389863968,0.307002812623978,0.370244055986404,0.509104490280151,0.387058615684509,0.460555225610733,0.485645443201065,0,0.249340623617172,0,0.31378573179245,0.428144842386246,0.343762695789337,0.318677127361298,0.329335480928421,0.588421285152435,0.546058356761932,0.510775744915009,0.652231216430664,0.779559314250946,0.762896239757538,0.504875659942627,0.410025596618652,0.620518505573273,0.879990339279175,1.01936376094818,1.11158895492554,0.974292457103729,0.717251539230347,0.70393443107605,1.03885006904602,1.06827855110168,0.782924175262451,0.605888605117798,0.518517434597015,0.612777471542358,0.920238196849823,0.853698492050171,0.412328362464905,0,0.35651707649231,0.491292715072632,0.834363460540771,0.77700537443161,0.663904130458832,0.451112478971481,0,0,0.613702058792114,0.949978709220886,1.00480592250824,1.04767429828644,0.898749113082886,1.08974647521973,1.34554731845856,1.53434944152832,1.55436253547668,1.4728467464447,1.12390959262848,0.862282633781433,1.02355098724365,1.19818150997162,0.984794557094574,0.971510469913483,0.924322366714478,0.919425904750824,1.17911553382874,1.38520848751068,1.22257506847382,1.16147434711456,1.09127402305603,1.26817572116852,1.3406662940979,1.05416941642761,0.717449903488159,0,0.774208247661591,0.948690295219421,0.998286664485931,1.10353016853333,0.813939809799194,0.865047693252563,0.638289153575897,0.694754302501678,1.0927107334137,1.2492378950119,1.4233695268631,1.54092741012573,1.65148615837097,1.66623318195343,1.59096467494965,1.2532856464386,1.08108365535736,1.48693513870239,0.830132603645325,0,0.629811823368073,0.886558592319489,0,0,0,0,0,0,0,1.1418651342392,0.933003544807434,0,0.726831138134003,0,0,0,0,0,0.615034580230713,1.08305656909943,0.609696507453918,0,0.451061367988586,0.579882204532623,0.459744304418564,0,0.404263198375702,0,0.311471998691559,0,0,0,0,0,0,0,0,0,0,0.426953047513962,0.743206679821014,0.585278689861298,0.240617036819458,0,0,0,0,0,0,0,0,0,0,0.390592098236084,0,0,0,0,0,0,0,0,0,0,0,0,0,0,0,0,0,0,0,0,0,0,0,0,0,0,0,0,0,0,0,81
Städteregion Aachen,0,0,0,0,0,0,0,0,0,0,0,0,0,0,0,0,0,0,0,0,0,0,0,0,0,0,0,0,0,0,0,0,0,0,0,0,0,0,0,0,0,0,0,0,0,0,0,0,0,0,0,0,0,0,0,0,0,0,0,0,0,0,0,0,0,0,0,0,0,0,0,0,0,0,0,0,0,0,0,0,0,0,0,0,0,0,0,0,0,0,0,0,0,0,0,0,0,0,0,0,0,0,0,0,0,0,0,0,0,0,0,0,0,0,0,0,0,0,0,0,0,0,0,0,0,0,0,0,0,0,0,0,0,0,0,0,0,0,0,0,0,0,0.0196515284478664,0.0250964239239693,0.0297065861523151,0.031528614461422,0.0501461885869503,0.037872351706028,0.0676551461219788,0,0,0,0,0,0,0,0,0,0,0,0,0,0,0,0,0,0,0,0,0,0,0,0,0.111978359520435,0,0,0,0.104846403002739,0.17190819978714,0,0.158580526709557,0.104191139340401,0,0,0.196272358298302,0.306803852319717,0.370040863752365,0.508814752101898,0.386872351169586,0.460321635007858,0.485400348901749,0,0.24908547103405,0,0.313464641571045,0.427862644195557,0.343410909175873,0.318351000547409,0.328998476266861,0.588088274002075,0.545776546001434,0.510477781295776,0.651885867118835,0.779187619686127,0.762537896633148,0.504614233970642,0.409840047359467,0.620208382606506,0.879540681838989,1.01888501644135,1.11108577251434,0.973948955535889,0.717085123062134,0.703724265098572,1.03840744495392,1.0678790807724,0.782638072967529,0.605657577514648,0.518370091915131,0.612603843212128,0.919887363910675,0.853448987007141,0.412183225154877,0,0.356152236461639,0.49123352766037,0.833847463130951,0.776636242866516,0.663554668426514,0.450650840997696,0,0.000259213236859068,0.613539159297943,0.949596524238586,1.00433778762817,1.04734075069427,0.898489236831665,1.08934712409973,1.34505224227905,1.5337620973587,1.55379521846771,1.47226846218109,1.12337982654572,0.861830949783325,1.02307820320129,1.19764566421509,0.98432332277298,0.971028625965118,0.924028396606445,0.919064283370972,1.17867600917816,1.38462853431702,1.22196698188782,1.16083168983459,1.09082520008087,1.26766169071198,1.34000504016876,1.05346775054932,0.716715693473816,0,0.773722290992737,0.948098182678223,0.997675597667694,1.10286319255829,0.813755512237549,0.864612221717834,0.637636065483093,0.694382131099701,1.09214794635773,1.24866807460785,1.42269384860992,1.54022204875946,1.65073084831238,1.66547787189484,1.59022653102875,1.25278496742249,1.08066725730896,1.48627483844757,0.82968008518219,0,0.629167318344116,0.886050820350647,0,0,0,0,0,0,0,1.1411908864975,0.932476162910461,0.000347201828844845,0.72655189037323,0.000363226281479001,0,0,0,0,0.61440521478653,1.08237671852112,0.609072625637054,0,0.450599759817123,0.579288840293884,0.459273844957352,0,0.403849512338638,0,0.311153262853622,0,0,0,0,0,0,0,0,0,0,0.426516145467758,0.742807269096375,0.584975242614746,0.240370810031891,0,0,0,0,0,0,0,0,0,0,0.39019238948822,0,0,0,0,0,0,0,0,0,0,0,0,0,0,0,0,0,0,0,0,0,0,0,0,0,0,0,0,0,0,0,82
Düren,0,0,0,0,0,0,0,0,0,0,0,0,0,0,0,0,0,0,0,0,0,0,0,0,0,0,0,0,0,0,0,0,0,0,0,0,0,0,0,0,0,0,0,0,0,0,0,0,0,0,0,0,0,0,0,0,0,0,0,0,0,0,0,0,0,0,0,0,0,0,0,0,0,0,0,0,0,0,0,0,0,0,0,0,0,0,0,0,0,0,0,0,0,0,0,0,0,0,0,0,0,0,0,0,0,0,0,0,0,0,0,0,0,0,0,0,0,0,0,0,0,0,0,0,0,0,0,0,0,0,0,0,0,0,0,0,0,0,0,0,0,0,0.0196716599166393,0.0251191835850477,0.0297324098646641,0.0315529406070709,0.0501843951642513,0.0379111431539059,0.0677244439721107,0,0,0,0,0,0,0,0,0,0,0,0,0,0,0,0,0,0,0,0,0,0,0,0,0.112093068659306,0,0,0,0.104953803122044,0.172022014856339,0,0.158742979168892,0.104297868907452,0,0,0.196473404765129,0.307002782821655,0.370244026184082,0.509104490280151,0.387058585882187,0.460555255413055,0.485645413398743,0,0.249340608716011,0,0.313785761594772,0.428144842386246,0.343762665987015,0.318677127361298,0.329335451126099,0.588421285152435,0.546058297157288,0.510775744915009,0.652231276035309,0.779559254646301,0.762896239757538,0.504875659942627,0.410025626420975,0.620518505573273,0.879990339279175,1.01936388015747,1.11158883571625,0.974292516708374,0.717251539230347,0.703934490680695,1.03885006904602,1.0682784318924,0.782924175262451,0.605888664722443,0.518517434597015,0.612777531147003,0.920238196849823,0.853698551654816,0.412328392267227,0,0.356517046689987,0.491292715072632,0.834363460540771,0.777005434036255,0.663904130458832,0.451112478971481,0,0,0.613702118396759,0.949978709220886,1.00480592250824,1.04767429828644,0.898749053478241,1.08974647521973,1.34554743766785,1.53434956073761,1.55436253547668,1.47284686565399,1.12390959262848,0.862282574176788,1.02355098724365,1.19818150997162,0.984794497489929,0.971510469913483,0.924322426319122,0.919425845146179,1.17911553382874,1.38520848751068,1.22257506847382,1.16147434711456,1.09127402305603,1.26817560195923,1.3406662940979,1.05416941642761,0.717449843883514,0,0.774208247661591,0.948690295219421,0.998286664485931,1.10353016853333,0.813939809799194,0.865047693252563,0.638289213180542,0.694754362106323,1.0927107334137,1.2492378950119,1.4233695268631,1.54092752933502,1.65148615837097,1.66623306274414,1.59096467494965,1.25328552722931,1.08108365535736,1.48693513870239,0.83013254404068,0,0.629811763763428,0.886558592319489,0,0,0,0,0,0,0,1.14186525344849,0.933003544807434,0,0.726831197738647,0,0,0,0,0,0.615034580230713,1.08305668830872,0.609696507453918,0,0.451061338186264,0.579882204532623,0.459744304418564,0,0.404263198375702,0,0.311471998691559,0,0,0,0,0,0,0,0,0,0,0.426953047513962,0.743206679821014,0.585278749465942,0.240617036819458,0,0,0,0,0,0,0,0,0,0,0.390592098236084,0,0,0,0,0,0,0,0,0,0,0,0,0,0,0,0,0,0,0,0,0,0,0,0,0,0,0,0,0,0,0,83
Rhein-Erft-Kreis,0,0,0,0,0,0,0,0,0,0,0,0,0,0,0,0,0,0,0,0,0,0,0,0,0,0,0,0,0,0,0,0,0,0,0,0,0,0,0,0,0,0,0,0,0,0,0,0,0,0,0,0,0,0,0,0,0,0,0,0,0,0,0,0,0,0,0,0,0,0,0,0,0,0,0,0,0,0,0,0,0,0,0,0,0,0,0,0,0,0,0,0,0,0,0,0,0,0,0,0,0,0,0,0,0,0,0,0,0,0,0,0,0,0,0,0,0,0,0,0,0,0,0,0,0,0,0,0,0,0,0,0,0,0,0,0,0,0,0,0,0,0,0.0196716599166393,0.0251191835850477,0.0297324098646641,0.0315529406070709,0.0501843951642513,0.0379111468791962,0.0677244439721107,0,0,0,0,0,0,0,0,0,0,0,0,0,0,0,0,0,0,0,0,0,0,0,0,0.112093053758144,0,0,0,0.104953803122044,0.172022014856339,0,0.158742979168892,0.104297876358032,0,0,0.196473389863968,0.307002812623978,0.370244055986404,0.509104490280151,0.387058615684509,0.460555255413055,0.485645443201065,0,0.249340608716011,0,0.31378573179245,0.428144812583923,0.343762665987015,0.318677097558975,0.329335480928421,0.588421285152435,0.546058356761932,0.510775744915009,0.652231216430664,0.779559254646301,0.762896180152893,0.504875659942627,0.410025626420975,0.620518505573273,0.87999027967453,1.01936388015747,1.11158883571625,0.974292516708374,0.717251539230347,0.703934490680695,1.03885006904602,1.0682784318924,0.782924175262451,0.605888664722443,0.518517434597015,0.612777531147003,0.920238196849823,0.853698551654816,0.412328362464905,0,0.356517046689987,0.491292744874954,0.834363460540771,0.77700537443161,0.663904130458832,0.451112478971481,0,0,0.613702118396759,0.949978709220886,1.00480592250824,1.04767429828644,0.898748993873596,1.08974647521973,1.34554743766785,1.53434956073761,1.55436253547668,1.4728467464447,1.12390959262848,0.862282574176788,1.02355098724365,1.19818162918091,0.984794497489929,0.971510529518127,0.924322366714478,0.919425845146179,1.17911553382874,1.38520848751068,1.22257506847382,1.16147446632385,1.09127402305603,1.26817560195923,1.3406662940979,1.05416941642761,0.717449843883514,0,0.774208247661591,0.948690295219421,0.998286664485931,1.10353016853333,0.81393975019455,0.865047693252563,0.638289213180542,0.694754302501678,1.0927107334137,1.2492378950119,1.4233695268631,1.54092741012573,1.65148615837097,1.66623306274414,1.59096467494965,1.25328552722931,1.08108365535736,1.4869350194931,0.83013254404068,0,0.629811763763428,0.886558651924133,0,0,0,0,0,0,0,1.1418651342392,0.933003544807434,0,0.726831138134003,0,0,0,0,0,0.615034580230713,1.08305668830872,0.609696507453918,0,0.451061367988586,0.579882204532623,0.459744334220886,0,0.40426316857338,0,0.311471968889236,0,0,0,0,0,0,0,0,0,0,0.426953047513962,0.743206679821014,0.585278749465942,0.240617036819458,0,0,0,0,0,0,0,0,0,0,0.390592098236084,0,0,0,0,0,0,0,0,0,0,0,0,0,0,0,0,0,0,0,0,0,0,0,0,0,0,0,0,0,0,0,84
Euskirchen,0,0,0,0,0,0,0,0,0,0,0,0,0,0,0,0,0,0,0,0,0,0,0,0,0,0,0,0,0,0,0,0,0,0,0,0,0,0,0,0,0,0,0,0,0,0,0,0,0,0,0,0,0,0,0,0,0,0,0,0,0,0,0,0,0,0,0,0,0,0,0,0,0,0,0,0,0,0,0,0,0,0,0,0,0,0,0,0,0,0,0,0,0,0,0,0,0,0,0,0,0,0,0,0,0,0,0,0,0,0,0,0,0,0,0,0,0,0,0,0,0,0,0,0,0,0,0,0,0,0,0,0,0,0,0,0,0,0,0,0,0,0,0.0120094055309892,0.0164560619741678,0.0199027694761753,0.0222932100296021,0.0356420017778873,0.023144481703639,0.0413452833890915,0,0,0,0,0,0,0,0,0,0,0,0,0,0,0,0,0,0,0,0,0,0,0,0,0.0684320032596588,0,0,0,0.0640735402703285,0.128700077533722,0,0.0969114452600479,0.0636731013655663,0,0,0.119945593178272,0.231282159686089,0.292902410030365,0.398843586444855,0.316169619560242,0.371629238128662,0.392367333173752,0,0.152220636606216,0,0.191563934087753,0.320733278989792,0.209864646196365,0.194550082087517,0.201056942343712,0.461673617362976,0.438790887594223,0.397379368543625,0.520781219005585,0.63812255859375,0.626518189907074,0.405364036560059,0.339396983385086,0.502482652664185,0.708857417106628,0.837074279785156,0.920100092887878,0.843534529209137,0.653919041156769,0.623937129974365,0.870393395423889,0.916239202022552,0.674010932445526,0.517926871776581,0.462440073490143,0.546665132045746,0.786701798439026,0.758732974529266,0.357086479663849,0,0.217651098966599,0.468767434358597,0.637960731983185,0.636510252952576,0.53088104724884,0.275400906801224,0,0.0986681655049324,0.551680445671082,0.80451899766922,0.826567947864532,0.920756161212921,0.799861073493958,0.93774402141571,1.15707385540009,1.31076371669769,1.33838832378387,1.25271260738373,0.922266960144043,0.69038325548172,0.843560993671417,0.994185507297516,0.805463671684265,0.788078844547272,0.812426805496216,0.781789541244507,1.01183605194092,1.16447830200195,0.991129398345947,0.916806936264038,0.920420408248901,1.07256257534027,1.08900547027588,0.787073016166687,0.437997967004776,0,0.589229762554169,0.723312258720398,0.765687584877014,0.849670171737671,0.743808031082153,0.699291169643402,0.389670938253403,0.553092539310455,0.878485441207886,1.03234875202179,1.16623556613922,1.27243447303772,1.36404955387115,1.3787659406662,1.31000864505768,1.06274628639221,0.922611057758331,1.23561668395996,0.657923102378845,0,0.384495556354523,0.693282008171082,0,0,0,0,0,0,0,0.885210037231445,0.732246339321136,0.132160574197769,0.620542109012604,0.138260200619698,0,0,0,0,0.375474184751511,0.824239790439606,0.372215330600739,0,0.275369703769684,0.354013949632645,0.280670583248138,0,0.246799767017365,0,0.190151408314705,0,0,0,0,0,0,0,0,0,0,0.260651767253876,0.591188728809357,0.469764053821564,0.146894976496696,0,0,0,0,0,0,0,0,0,0,0.238453656435013,0,0,0,0,0,0,0,0,0,0,0,0,0,0,0,0,0,0,0,0,0,0,0,0,0,0,0,0,0,0,0,85
Heinsberg,0,0,0,0,0,0,0,0,0,0,0,0,0,0,0,0,0,0,0,0,0,0,0,0,0,0,0,0,0,0,0,0,0,0,0,0,0,0,0,0,0,0,0,0,0,0,0,0,0,0,0,0,0,0,0,0,0,0,0,0,0,0,0,0,0,0,0,0,0,0,0,0,0,0,0,0,0,0,0,0,0,0,0,0,0,0,0,0,0,0,0,0,0,0,0,0,0,0,0,0,0,0,0,0,0,0,0,0,0,0,0,0,0,0,0,0,0,0,0,0,0,0,0,0,0,0,0,0,0,0,0,0,0,0,0,0,0,0,0,0,0,0,0.0196716599166393,0.0251191854476929,0.0297324098646641,0.0315529406070709,0.0501843951642513,0.0379111431539059,0.0677244439721107,0,0,0,0,0,0,0,0,0,0,0,0,0,0,0,0,0,0,0,0,0,0,0,0,0.112093068659306,0,0,0,0.104953810572624,0.172022014856339,0,0.158742979168892,0.104297868907452,0,0,0.196473404765129,0.307002812623978,0.370244055986404,0.509104490280151,0.387058615684509,0.460555255413055,0.485645413398743,0,0.249340608716011,0,0.31378573179245,0.428144812583923,0.343762695789337,0.318677127361298,0.329335480928421,0.588421285152435,0.546058356761932,0.510775744915009,0.652231216430664,0.779559254646301,0.762896180152893,0.504875659942627,0.410025626420975,0.620518505573273,0.879990339279175,1.01936388015747,1.11158883571625,0.974292516708374,0.717251479625702,0.70393443107605,1.03885006904602,1.0682784318924,0.782924234867096,0.605888664722443,0.518517434597015,0.612777531147003,0.920238256454468,0.853698551654816,0.412328362464905,0,0.35651707649231,0.491292715072632,0.834363460540771,0.77700537443161,0.663904130458832,0.451112478971481,0,0,0.613702118396759,0.949978709220886,1.00480604171753,1.04767429828644,0.898749053478241,1.08974647521973,1.34554731845856,1.53434956073761,1.55436265468597,1.47284686565399,1.12390959262848,0.862282633781433,1.02355098724365,1.19818150997162,0.984794497489929,0.971510529518127,0.924322426319122,0.919425904750824,1.17911553382874,1.38520848751068,1.22257506847382,1.16147446632385,1.09127402305603,1.26817560195923,1.3406662940979,1.05416941642761,0.717449843883514,0,0.774208247661591,0.948690295219421,0.998286664485931,1.10353028774261,0.813939809799194,0.865047633647919,0.638289213180542,0.694754302501678,1.0927107334137,1.2492378950119,1.42336940765381,1.54092741012573,1.65148615837097,1.66623318195343,1.59096467494965,1.2532856464386,1.08108365535736,1.48693513870239,0.83013254404068,0,0.629811823368073,0.886558592319489,0,0,0,0,0,0,0,1.1418651342392,0.933003604412079,0,0.726831138134003,0,0,0,0,0,0.615034580230713,1.08305656909943,0.609696567058563,0,0.451061338186264,0.579882264137268,0.459744304418564,0,0.404263198375702,0,0.311471998691559,0,0,0,0,0,0,0,0,0,0,0.426953017711639,0.743206679821014,0.585278689861298,0.240617051720619,0,0,0,0,0,0,0,0,0,0,0.390592098236084,0,0,0,0,0,0,0,0,0,0,0,0,0,0,0,0,0,0,0,0,0,0,0,0,0,0,0,0,0,0,0,86
Oberbergischer Kreis,0,0,0,0,0,0,0,0,0,0,0,0,0,0,0,0,0,0,0,0,0,0,0,0,0,0,0,0,0,0,0,0,0,0,0,0,0,0,0,0,0,0,0,0,0,0,0,0,0,0,0,0,0,0,0,0,0,0,0,0,0,0,0,0,0,0,0,0,0,0,0,0,0,0,0,0,0,0,0,0,0,0,0,0,0,0,0,0,0,0,0,0,0,0,0,0,0,0,0,0,0,0,0,0,0,0,0,0,0,0,0,0,0,0,0,0,0,0,0,0,0,0,0,0,0,0,0,0,0,0,0,0,0,0,0,0,0,0,0,0,0,0,0,0.00618091644719243,0.00902886036783457,0,0.0135194445028901,0,0.0286944806575775,0,0,0,0,0,0,0,0,0,0,0,0,0,0,0,0,0,0,0,0,0,0,0,0,0,0,0,0,0,0.0607839040458202,0,0,0,0,0,0,0.142188385128975,0.17949166893959,0.251921504735947,0.209223717451096,0.246838435530663,0.283177077770233,0,0,0,0.155948773026466,0.267247170209885,0.177262678742409,0,0.174925684928894,0.350244462490082,0.31196591258049,0.272352397441864,0.364622980356216,0.475707679986954,0.501151382923126,0.320014983415604,0.257932811975479,0.356864750385284,0.519826531410217,0.612494111061096,0.683445036411285,0.674560785293579,0.459678471088409,0.40439173579216,0.626761913299561,0.724709451198578,0.505994558334351,0.279447674751282,0,0.298957705497742,0.548004150390625,0.521081030368805,0,0,0,0,0.223741143941879,0.387330442667007,0.349580824375153,0,0,0,0,0.521906912326813,0.561961233615875,0.606491446495056,0.533429265022278,0.63592940568924,0.809251070022583,0.923185527324677,0.962986767292023,0.914034724235535,0.747767746448517,0.582463324069977,0.572402656078339,0.731638550758362,0.584249556064606,0.510890245437622,0.569906234741211,0.494230389595032,0.642962992191315,0.796107709407806,0.686283349990845,0.63982355594635,0.588401019573212,0.740508675575256,0.770797073841095,0.586019694805145,0.2897028028965,0,0.271584510803223,0.427517384290695,0.486490249633789,0.60158109664917,0.514368295669556,0.438007950782776,0,0.258195519447327,0.561510384082794,0.693546116352081,0.791005313396454,0.894743323326111,0.9260293841362,0.919018924236298,0.912042617797852,0.743684649467468,0.672927439212799,0.869334578514099,0.364276200532913,0,0,0.464119404554367,0,0,0,0,0,0,0,0.510736107826233,0.401703178882599,0,0.282951533794403,0,0,0,0,0,0,0.503709614276886,0,0,0,0.190737947821617,0,0,0,0,0,0,0,0,0,0,0,0,0,0,0,0.172105684876442,0.394328057765961,0.316465854644775,0,0,0,0,0,0,0,0,0,0,0,0,0,0,0,0,0,0,0,0,0,0,0,0,0,0,0,0,0,0,0,0,0,0,0,0,0,0,0,0,0,0,0,87
Rheinisch-Bergischer Kreis,0,0,0,0,0,0,0,0,0,0,0,0,0,0,0,0,0,0,0,0,0,0,0,0,0,0,0,0,0,0,0,0,0,0,0,0,0,0,0,0,0,0,0,0,0,0,0,0,0,0,0,0,0,0,0,0,0,0,0,0,0,0,0,0,0,0,0,0,0,0,0,0,0,0,0,0,0,0,0,0,0,0,0,0,0,0,0,0,0,0,0,0,0,0,0,0,0,0,0,0,0,0,0,0,0,0,0,0,0,0,0,0,0,0,0,0,0,0,0,0,0,0,0,0,0,0,0,0,0,0,0,0,0,0,0,0,0,0,0,0,0,0,0.0147760352119803,0.0204060766845942,0.024579981341958,0.0237004607915878,0.0410597063601017,0.0284763183444738,0.0580111779272556,0,0,0,0,0,0,0,0,0,0,0,0,0,0,0,0,0,0,0,0,0,0,0,0,0.0841968134045601,0,0,0,0.0788342878222466,0.14433853328228,0,0.119237117469311,0.0783415883779526,0,0,0.147577688097954,0.26598596572876,0.322772115468979,0.445100158452988,0.342801421880722,0.407368212938309,0.435257762670517,0,0.187288001179695,0,0.274505347013474,0.388102740049362,0.30232635140419,0.239368945360184,0.290907979011536,0.52914696931839,0.487800508737564,0.451440066099167,0.580655038356781,0.703940629959106,0.69775664806366,0.458869993686676,0.372174739837646,0.55490380525589,0.79035747051239,0.918107450008392,1.005038022995,0.899699211120605,0.653150141239166,0.629388213157654,0.936294972896576,0.982775509357452,0.714005529880524,0.524648308753967,0.389475643634796,0.534678161144257,0.827601492404938,0.770921051502228,0.309713512659073,0,0.267791777849197,0.369026243686676,0.682399809360504,0.680028259754181,0.585679531097412,0.338845521211624,0,0,0.460971981287003,0.843445837497711,0.894596636295319,0.937878489494324,0.807833015918732,0.976806402206421,1.21208095550537,1.38225114345551,1.40718877315521,1.33377695083618,1.03030037879944,0.792644858360291,0.911275148391724,1.08207440376282,0.885112166404724,0.856877446174622,0.836119949817657,0.813608825206757,1.04568493366241,1.23860085010529,1.08910977840424,1.03165280818939,0.966125667095184,1.1368567943573,1.19884467124939,0.937662482261658,0.610997796058655,0,0.649121880531311,0.818987607955933,0.870917499065399,0.978611767292023,0.739386379718781,0.758771657943726,0.479440212249756,0.586109340190887,0.960512518882751,1.11094462871552,1.26599502563477,1.38011360168457,1.47094404697418,1.48027634620667,1.42200350761414,1.12646281719208,0.979507029056549,1.3332347869873,0.714196383953094,0,0.473072528839111,0.781427562236786,0,0,0,0,0,0,0,0.984798073768616,0.800780475139618,0,0.616364240646362,0,0,0,0,0,0.461972892284393,0.938876390457153,0.457963287830353,0,0.338807135820389,0.483037143945694,0.345329195261002,0,0.303655505180359,0,0.233956933021545,0,0,0,0,0,0,0,0,0,0,0.36353000998497,0.656382381916046,0.518380105495453,0.180735439062119,0,0,0,0,0,0,0,0,0,0,0.293386697769165,0,0,0,0,0,0,0,0,0,0,0,0,0,0,0,0,0,0,0,0,0,0,0,0,0,0,0,0,0,0,0,88
Rhein-Sieg-Kreis,0,0,0,0,0,0,0,0,0,0,0,0,0,0,0,0,0,0,0,0,0,0,0,0,0,0,0,0,0,0,0,0,0,0,0,0,0,0,0,0,0,0,0,0,0,0,0,0,0,0,0,0,0,0,0,0,0,0,0,0,0,0,0,0,0,0,0,0,0,0,0,0,0,0,0,0,0,0,0,0,0,0,0,0,0,0,0,0,0,0,0,0,0,0,0,0,0,0,0,0,0,0,0,0,0,0,0,0,0,0,0,0,0,0,0,0,0,0,0,0,0,0,0,0,0,0,0,0,0,0,0,0,0,0,0,0,0,0,0,0,0,0,0.00967757496982813,0.0154976965859532,0.0192140806466341,0.0155226336792111,0.031556960195303,0.0186505857855082,0.0478954762220383,0,0,0,0,0,0,0,0,0,0,0,0,0,0,0,0,0,0,0,0,0,0,0,0,0.055144764482975,0,0,0,0.051632571965456,0.115508072078228,0,0.0780944377183914,0.0513098835945129,0,0,0.0966561138629913,0.223269701004028,0.273333311080933,0.378444015979767,0.296710520982742,0.351977527141571,0.382782429456711,0,0.122664421796799,0,0.233597487211227,0.346401631832123,0.259173214435577,0.156774863600731,0.250888377428055,0.467416793107986,0.427128911018372,0.389645993709564,0.506113350391388,0.625189065933228,0.629918158054352,0.410958170890808,0.3327556848526,0.486570596694946,0.697010934352875,0.812655806541443,0.894072592258453,0.822015345096588,0.586392879486084,0.551753401756287,0.829490780830383,0.893730044364929,0.642231523990631,0.440042018890381,0.255087345838547,0.453343003988266,0.731126666069031,0.684713959693909,0.202847093343735,0,0.175390422344208,0.241694033145905,0.524140000343323,0.579033076763153,0.504213809967041,0.221927121281624,0,0,0.301913946866989,0.732499063014984,0.779821038246155,0.823533654212952,0.713150203227997,0.859187066555023,1.07308483123779,1.2238507270813,1.25391721725464,1.18894517421722,0.932812690734863,0.72012186050415,0.794347524642944,0.961156785488129,0.781299710273743,0.737494766712189,0.744263112545013,0.703407526016235,0.906726002693176,1.08591890335083,0.950114786624908,0.8964524269104,0.835792064666748,1.00009727478027,1.05114722251892,0.816328406333923,0.500135183334351,0,0.518852889537811,0.683911085128784,0.738271176815033,0.848517596721649,0.661744058132172,0.64809238910675,0.314009696245193,0.472962886095047,0.822837114334106,0.966921627521515,1.10210013389587,1.21263706684113,1.28292155265808,1.28661489486694,1.24604177474976,0.994385480880737,0.873722016811371,1.1731663942337,0.59345668554306,0,0.309839189052582,0.671940565109253,0,0,0,0,0,0,0,0.821223378181458,0.663079142570496,0,0.501320421695709,0,0,0,0,0,0.302569478750229,0.788722395896912,0.299943387508392,0,0.22190198302269,0.382179498672485,0.226173609495163,0,0.19887937605381,0,0.153230264782906,0,0,0,0,0,0,0,0,0,0,0.297479152679443,0.565960705280304,0.448709756135941,0.118372805416584,0,0,0,0,0,0,0,0,0,0,0.192153811454773,0,0,0,0,0,0,0,0,0,0,0,0,0,0,0,0,0,0,0,0,0,0,0,0,0,0,0,0,0,0,0,89
Bottrop,0,0,0,0,0,0,0,0,0,0,0,0,0,0,0,0,0,0,0,0,0,0,0,0,0,0,0,0,0,0,0,0,0,0,0,0,0,0,0,0,0,0,0,0,0,0,0,0,0,0,0,0,0,0,0,0,0,0,0,0,0,0,0,0,0,0,0,0,0,0,0,0,0,0,0,0,0,0,0,0,0,0,0,0,0,0,0,0,0,0,0,0,0,0,0,0,0,0,0,0,0,0,0,0,0,0,0,0,0,0,0,0,0,0,0,0,0,0,0,0,0,0,0,0,0,0,0,0,0,0,0,0,0,0,0,0,0,0,0,0,0,0,0.0196716599166393,0.0251191835850477,0.0297324098646641,0.0315529406070709,0.0501843951642513,0.0379111468791962,0.0677244439721107,0,0,0,0,0,0,0,0,0,0,0,0,0,0,0,0,0,0,0,0,0,0,0,0,0.112093061208725,0,0,0,0.104953803122044,0.172022014856339,0,0.158742979168892,0.104297876358032,0,0,0.196473389863968,0.307002812623978,0.370244026184082,0.509104490280151,0.387058645486832,0.460555255413055,0.485645443201065,0,0.249340623617172,0,0.31378573179245,0.428144812583923,0.343762665987015,0.318677127361298,0.329335480928421,0.588421225547791,0.546058356761932,0.510775744915009,0.652231216430664,0.779559254646301,0.762896239757538,0.504875659942627,0.410025626420975,0.620518505573273,0.879990339279175,1.01936388015747,1.11158883571625,0.974292516708374,0.717251539230347,0.70393443107605,1.03885006904602,1.06827855110168,0.782924175262451,0.605888664722443,0.518517434597015,0.612777471542358,0.920238196849823,0.853698551654816,0.412328362464905,0,0.35651707649231,0.491292715072632,0.834363460540771,0.777005434036255,0.663904130458832,0.451112478971481,0,0,0.613702058792114,0.949978709220886,1.00480604171753,1.04767429828644,0.898749053478241,1.08974647521973,1.34554731845856,1.53434944152832,1.55436265468597,1.4728467464447,1.12390959262848,0.862282574176788,1.02355110645294,1.19818150997162,0.984794437885284,0.971510529518127,0.924322366714478,0.919425845146179,1.17911541461945,1.38520848751068,1.22257506847382,1.16147446632385,1.09127414226532,1.26817560195923,1.3406662940979,1.05416941642761,0.717449903488159,0,0.774208247661591,0.948690354824066,0.998286664485931,1.10353016853333,0.813939809799194,0.865047693252563,0.638289213180542,0.694754302501678,1.0927107334137,1.2492378950119,1.42336940765381,1.54092752933502,1.65148615837097,1.66623306274414,1.59096467494965,1.2532856464386,1.08108365535736,1.48693513870239,0.83013254404068,0,0.629811823368073,0.886558592319489,0,0,0,0,0,0,0,1.1418651342392,0.933003544807434,0,0.726831138134003,0,0,0,0,0,0.615034580230713,1.08305656909943,0.609696507453918,0,0.451061338186264,0.579882204532623,0.459744304418564,0,0.404263198375702,0,0.311471998691559,0,0,0,0,0,0,0,0,0,0,0.426953047513962,0.743206679821014,0.585278689861298,0.240617036819458,0,0,0,0,0,0,0,0,0,0,0.390592128038406,0,0,0,0,0,0,0,0,0,0,0,0,0,0,0,0,0,0,0,0,0,0,0,0,0,0,0,0,0,0,0,90
Gelsenkirchen,0,0,0,0,0,0,0,0,0,0,0,0,0,0,0,0,0,0,0,0,0,0,0,0,0,0,0,0,0,0,0,0,0,0,0,0,0,0,0,0,0,0,0,0,0,0,0,0,0,0,0,0,0,0,0,0,0,0,0,0,0,0,0,0,0,0,0,0,0,0,0,0,0,0,0,0,0,0,0,0,0,0,0,0,0,0,0,0,0,0,0,0,0,0,0,0,0,0,0,0,0,0,0,0,0,0,0,0,0,0,0,0,0,0,0,0,0,0,0,0,0,0,0,0,0,0,0,0,0,0,0,0,0,0,0,0,0,0,0,0,0,0,0.0196716580539942,0.0251191854476929,0.0297324098646641,0.0315529406070709,0.0501843988895416,0.0379111468791962,0.0677244439721107,0,0,0,0,0,0,0,0,0,0,0,0,0,0,0,0,0,0,0,0,0,0,0,0,0.112093061208725,0,0,0,0.104953803122044,0.172022014856339,0,0.158742979168892,0.104297868907452,0,0,0.196473404765129,0.307002812623978,0.370244055986404,0.509104490280151,0.387058615684509,0.460555255413055,0.485645443201065,0,0.249340623617172,0,0.31378573179245,0.428144812583923,0.343762665987015,0.318677097558975,0.329335480928421,0.588421225547791,0.546058356761932,0.510775744915009,0.652231216430664,0.779559314250946,0.762896180152893,0.504875659942627,0.410025626420975,0.620518505573273,0.879990339279175,1.01936388015747,1.11158895492554,0.974292516708374,0.717251479625702,0.70393443107605,1.03885006904602,1.0682784318924,0.782924175262451,0.605888664722443,0.518517434597015,0.612777531147003,0.920238196849823,0.853698551654816,0.412328362464905,0,0.35651707649231,0.491292685270309,0.834363460540771,0.77700537443161,0.663904130458832,0.451112449169159,0,0,0.613702058792114,0.949978709220886,1.00480592250824,1.04767429828644,0.898749113082886,1.08974647521973,1.34554731845856,1.53434944152832,1.55436253547668,1.47284686565399,1.12390959262848,0.862282633781433,1.02355110645294,1.19818162918091,0.984794497489929,0.971510529518127,0.924322366714478,0.919425904750824,1.17911541461945,1.38520836830139,1.22257506847382,1.16147446632385,1.09127402305603,1.26817560195923,1.34066617488861,1.05416941642761,0.717449903488159,0,0.774208307266235,0.948690295219421,0.998286664485931,1.10353028774261,0.81393975019455,0.865047633647919,0.638289213180542,0.694754302501678,1.0927107334137,1.2492378950119,1.4233695268631,1.54092752933502,1.65148615837097,1.66623318195343,1.59096455574036,1.25328552722931,1.08108365535736,1.4869350194931,0.83013254404068,0,0.629811763763428,0.886558592319489,0,0,0,0,0,0,0,1.1418651342392,0.933003544807434,0,0.726831138134003,0,0,0,0,0,0.615034580230713,1.08305656909943,0.609696507453918,0,0.451061338186264,0.579882264137268,0.459744304418564,0,0.404263198375702,0,0.311471968889236,0,0,0,0,0,0,0,0,0,0,0.426953047513962,0.74320662021637,0.585278749465942,0.240617036819458,0,0,0,0,0,0,0,0,0,0,0.390592098236084,0,0,0,0,0,0,0,0,0,0,0,0,0,0,0,0,0,0,0,0,0,0,0,0,0,0,0,0,0,0,0,91
Münster,0,0,0,0,0,0,0,0,0,0,0,0,0,0,0,0,0,0,0,0,0,0,0,0,0,0,0,0,0,0,0,0,0,0,0,0,0,0,0,0,0,0,0,0,0,0,0,0,0,0,0,0,0,0,0,0,0,0,0,0,0,0,0,0,0,0,0,0,0,0,0,0,0,0,0,0,0,0,0,0,0,0,0,0,0,0,0,0,0,0,0,0,0,0,0,0,0,0,0,0,0,0,0,0,0,0,0,0,0,0,0,0,0,0,0,0,0,0,0,0,0,0,0,0,0,0,0,0,0,0,0,0,0,0,0,0,0,0,0,0,0,0,0,0.00737427547574043,0.00701433978974819,0,0.0154640302062035,0.00563294906169176,0.0342280529439449,0.00663420977070928,0,0,0,0,0,0,0,0,0,0,0,0,0,0,0,0,0,0,0,0,0,0,0.0207724403589964,0.0230865012854338,0.0170377753674984,0,0,0,0.066442184150219,0,0.0244371294975281,0,0,0,0.0325008220970631,0.173096179962158,0.202515542507172,0.28859069943428,0.229344099760056,0.268954306840897,0.319604933261871,0.0473404973745346,0.0600339248776436,0.033609464764595,0.183305367827415,0.295551002025604,0.215301468968391,0.0601412393152714,0.20778626203537,0.39068016409874,0.343293011188507,0.297839522361755,0.413128018379211,0.526277422904968,0.541099071502686,0.355968743562698,0.283288300037384,0.376138031482697,0.562762439250946,0.667965769767761,0.74775505065918,0.698553800582886,0.432268768548965,0.420871555805206,0.66993248462677,0.764361619949341,0.53430700302124,0.303425014019012,0,0.320644319057465,0.568623840808868,0.486302256584167,0,0,0,0,0.275397151708603,0.425691425800323,0.367651730775833,0,0,0,0.122759245336056,0.575355648994446,0.617172181606293,0.64241760969162,0.572378575801849,0.668055772781372,0.859404504299164,0.983235061168671,1.03055155277252,0.97023469209671,0.813102066516876,0.671847701072693,0.641409695148468,0.794376313686371,0.630353927612305,0.561990261077881,0.622294783592224,0.551402747631073,0.699144601821899,0.842272937297821,0.750037252902985,0.689851999282837,0.653007447719574,0.764509975910187,0.847466647624969,0.677042603492737,0.392869532108307,0,0.318645924329758,0.481971442699432,0.561332285404205,0.660274624824524,0.53414511680603,0.494432091712952,0.123279996216297,0.301294714212418,0.620929181575775,0.746809065341949,0.866123914718628,0.972552299499512,1.02018666267395,1.01963376998901,1.00348150730133,0.801419138908386,0.705026388168335,0.92836982011795,0.425042062997818,0,0.119721598923206,0.498626559972763,0,0,0,0,0,0,0,0.584194540977478,0.449624747037888,0,0.219819337129593,0,0,0,0,0,0,0.542780458927155,0.0988611206412315,0.0730468407273293,0,0.238274246454239,0.0808339416980743,0.0585958212614059,0,0,0,0,0,0,0,0,0,0,0,0,0,0.133705452084541,0.398956209421158,0.29390612244606,0.0604784935712814,0,0,0,0,0,0,0,0,0,0,0.0755454823374748,0,0,0,0,0,0,0,0,0,0,0,0,0,0,0,0,0,0,0,0,0,0,0,0,0,0,0,0,0,0,0,92
Borken,0,0,0,0,0,0,0,0,0,0,0,0,0,0,0,0,0,0,0,0,0,0,0,0,0,0,0,0,0,0,0,0,0,0,0,0,0,0,0,0,0,0,0,0,0,0,0,0,0,0,0,0,0,0,0,0,0,0,0,0,0,0,0,0,0,0,0,0,0,0,0,0,0,0,0,0,0,0,0,0,0,0,0,0,0,0,0,0,0,0,0,0,0,0,0,0,0,0,0,0,0,0,0,0,0,0,0,0,0,0,0,0,0,0,0,0,0,0,0,0,0,0,0,0,0,0,0,0,0,0,0,0,0,0,0,0,0,0,0,0,0,0,0.0147290956228971,0.0196657720953226,0.0215556863695383,0.0181065667420626,0.0400390625,0.0315893404185772,0.0589592382311821,0.000143064884468913,0,0,0,0,0,0,0,0,0,0,0,0,0,0,0,0,0,0,0,0,0,0,0.0369313433766365,0.102396450936794,0.000367414875654504,0,0,0.0602274499833584,0.129797637462616,0,0.137987464666367,0.0598510429263115,0,0,0.177615106105804,0.275172889232635,0.316796243190765,0.447396814823151,0.322915434837341,0.395050823688507,0.429700404405594,0.046125166118145,0.23486439883709,0.000724778743460774,0.272960126399994,0.386102765798569,0.307823449373245,0.252479463815689,0.283007174730301,0.52235072851181,0.462733089923859,0.434714287519455,0.582306027412415,0.693012475967407,0.67218953371048,0.455714970827103,0.355420559644699,0.518741607666016,0.77655953168869,0.911589682102203,1.00206923484802,0.828140497207642,0.559605479240417,0.601037561893463,0.909843444824219,0.932402908802032,0.671548962593079,0.508465230464935,0.297549784183502,0.510380864143372,0.786141216754913,0.653639376163483,0.236613482236862,0,0.204586327075958,0.281926959753036,0.661902904510498,0.654284596443176,0.578792870044708,0.258869618177414,0.101079247891903,0.103389956057072,0.582106053829193,0.837013959884644,0.888138115406036,0.903061330318451,0.783932387828827,0.939809143543243,1.17655229568481,1.35392832756042,1.38277912139893,1.32083988189697,1.06339347362518,0.870256125926971,0.935681581497192,1.07876121997833,0.860666275024414,0.841073095798492,0.826075792312622,0.816002607345581,1.02269506454468,1.20601177215576,1.0785299539566,1.03035068511963,0.975732624530792,1.07461977005005,1.20230150222778,0.979688882827759,0.693361580371857,0,0.652079582214355,0.829075515270233,0.902558207511902,0.96264374256134,0.719425320625305,0.752030372619629,0.551013469696045,0.58351194858551,0.944786131381989,1.08371841907501,1.27987849712372,1.38305950164795,1.49213016033173,1.51771223545074,1.44812023639679,1.11540818214417,0.925427258014679,1.29522347450256,0.713139116764069,0,0.605597198009491,0.730371057987213,0,0,0,0,0,0,0,1.02387368679047,0.788601577281952,0,0.417090058326721,0,0,0,0,0,0.352935880422592,0.935886681079865,0.552033483982086,0.144121423363686,0.380089223384857,0.515565514564514,0.410187959671021,0.110029689967632,0.231985300779343,0,0.178737327456474,0,0,0,0,0,0,0,0,0,0,0.245005816221237,0.609538078308105,0.336896747350693,0.242257192730904,0,0,0,0,0,0,0,0,0,0,0.372894316911697,0,0,0,0,0,0,0,0,0,0,0,0,0,0,0,0,0,0,0,0,0,0,0,0,0,0,0,0,0,0,0,93
Coesfeld,0,0,0,0,0,0,0,0,0,0,0,0,0,0,0,0,0,0,0,0,0,0,0,0,0,0,0,0,0,0,0,0,0,0,0,0,0,0,0,0,0,0,0,0,0,0,0,0,0,0,0,0,0,0,0,0,0,0,0,0,0,0,0,0,0,0,0,0,0,0,0,0,0,0,0,0,0,0,0,0,0,0,0,0,0,0,0,0,0,0,0,0,0,0,0,0,0,0,0,0,0,0,0,0,0,0,0,0,0,0,0,0,0,0,0,0,0,0,0,0,0,0,0,0,0,0,0,0,0,0,0,0,0,0,0,0,0,0,0,0,0,0,0.00447419239208102,0.010702951811254,0.0129797225818038,0.00665013585239649,0.0222274549305439,0.0102543570101261,0.0389736630022526,0.00157552328892052,0,0,0,0,0,0,0,0,0,0,0,0,0,0,0,0,0,0,0,0,0,0,0.00841301400214434,0.0326914936304092,0.00404621055349708,0,0,0.0221201907843351,0.0860547795891762,0,0.0436828397214413,0.0219819471240044,0,0,0.0552479699254036,0.187864705920219,0.227770954370499,0.319326639175415,0.252551734447479,0.299527406692505,0.337319314479828,0.0155448019504547,0.0754392817616463,0.0079817334190011,0.198176816105843,0.310351669788361,0.224649652838707,0.0879630297422409,0.217063024640083,0.413341909646988,0.370246291160583,0.331039547920227,0.441680014133453,0.55574905872345,0.56770932674408,0.370266020298004,0.29693129658699,0.417979329824448,0.610617637634277,0.717564523220062,0.795778214931488,0.741624236106873,0.502944886684418,0.473764628171921,0.728223025798798,0.807460784912109,0.57165938615799,0.357870250940323,0.109283357858658,0.373193502426147,0.6336510181427,0.577433943748474,0.0869028270244598,0,0.075139969587326,0.103545442223549,0.37296849489212,0.482623964548111,0.424740701913834,0.0950770080089569,0.0096411919221282,0.00986159313470125,0.180177286267281,0.631336331367493,0.675166428089142,0.712073087692261,0.623492062091827,0.743285000324249,0.939768970012665,1.07376575469971,1.11120438575745,1.05325722694397,0.851942360401154,0.674616456031799,0.693690299987793,0.852311134338379,0.683964669704437,0.62628310918808,0.661972224712372,0.604723453521729,0.776063323020935,0.937989115715027,0.822381854057312,0.77024233341217,0.719017207622528,0.860357522964478,0.918919742107391,0.718041777610779,0.419232875108719,0,0.397379130125046,0.559955656528473,0.623649418354034,0.728155493736267,0.585324108600616,0.547873377799988,0.181170433759689,0.367486387491226,0.694938182830811,0.83000385761261,0.953985631465912,1.0604602098465,1.11538302898407,1.11639630794525,1.09063196182251,0.872244000434875,0.768251597881317,1.02021729946136,0.484543412923813,0,0.184216320514679,0.563550710678101,0,0,0,0,0,0,0,0.675447285175323,0.532785356044769,0,0.350139766931534,0,0,0,0,0,0.12962543964386,0.644523441791534,0.171057641506195,0.0309439189732075,0.106631264090538,0.29362890124321,0.129887476563454,0.0242899935692549,0.0852029994130135,0,0.0656462088227272,0,0,0,0,0,0,0,0,0,0,0.209781467914581,0.470379143953323,0.355045258998871,0.0748879835009575,0,0,0,0,0,0,0,0,0,0,0.114295713603497,0,0,0,0,0,0,0,0,0,0,0,0,0,0,0,0,0,0,0,0,0,0,0,0,0,0,0,0,0,0,0,94
Recklinghausen,0,0,0,0,0,0,0,0,0,0,0,0,0,0,0,0,0,0,0,0,0,0,0,0,0,0,0,0,0,0,0,0,0,0,0,0,0,0,0,0,0,0,0,0,0,0,0,0,0,0,0,0,0,0,0,0,0,0,0,0,0,0,0,0,0,0,0,0,0,0,0,0,0,0,0,0,0,0,0,0,0,0,0,0,0,0,0,0,0,0,0,0,0,0,0,0,0,0,0,0,0,0,0,0,0,0,0,0,0,0,0,0,0,0,0,0,0,0,0,0,0,0,0,0,0,0,0,0,0,0,0,0,0,0,0,0,0,0,0,0,0,0,0.0141633208841085,0.0198162049055099,0.0239351280033588,0.0227176789194345,0.0399176999926567,0.0272954981774092,0.0567955113947392,0,0,0,0,0,0,0,0,0,0,0,0,0,0,0,0,0,0,0,0,0,0,0,0,0.0807054489850998,0,0,0,0.0755652785301208,0.140873789787292,0,0.114292740821838,0.0750930160284042,0,0,0.141458123922348,0.260852485895157,0.316830724477768,0.437089681625366,0.337262362241745,0.400711566209793,0.428951472043991,0,0.179521784186363,0,0.269589185714722,0.383091241121292,0.29714035987854,0.229443103075027,0.286098599433899,0.521728456020355,0.48050919175148,0.444013893604279,0.571696877479553,0.69447660446167,0.689603984355927,0.453112095594406,0.36743751168251,0.54669177532196,0.779139399528503,0.905434727668762,0.991702616214752,0.89036351442337,0.645127475261688,0.620058357715607,0.923459649085999,0.972074329853058,0.705380022525787,0.514480650424957,0.373325347900391,0.52490359544754,0.816007494926453,0.760560989379883,0.296870708465576,0,0.256687343120575,0.353723913431168,0.663380742073059,0.667890965938568,0.575889229774475,0.324794709682465,0,0,0.441856950521469,0.83011257648468,0.880803287029266,0.924136936664581,0.796454429626465,0.962671339511871,1.19537699222565,1.3632150888443,1.38876914978027,1.31637167930603,1.01858460903168,0.783929288387299,0.897223234176636,1.06754302978516,0.872636377811432,0.842530488967896,0.825080931186676,0.800365209579468,1.0289853811264,1.22025203704834,1.07240581512451,1.01540493965149,0.950462579727173,1.12042152881622,1.18109500408173,0.92308098077774,0.59767472743988,0,0.633466601371765,0.802754700183868,0.854976534843445,0.962977468967438,0.730055630207062,0.745470643043518,0.459559381008148,0.572511792182922,0.943967163562775,1.09363651275635,1.24629878997803,1.35998690128326,1.44834804534912,1.45700287818909,1.40085709095001,1.11059021949768,0.966794192790985,1.31399834156036,0.699686288833618,0,0.453455716371536,0.768269717693329,0,0,0,0,0,0,0,0.965140223503113,0.784232020378113,0,0.602538645267487,0,0,0,0,0,0.442816317081451,0.920831382274628,0.438973039388657,0,0.324757903814316,0.470916450023651,0.331009536981583,0,0.291063874959946,0,0.224255502223969,0,0,0,0,0,0,0,0,0,0,0.355592221021652,0.6455157995224,0.510007381439209,0.173240929841995,0,0,0,0,0,0,0,0,0,0,0.281220883131027,0,0,0,0,0,0,0,0,0,0,0,0,0,0,0,0,0,0,0,0,0,0,0,0,0,0,0,0,0,0,0,95
Steinfurt,0,0,0,0,0,0,0,0,0,0,0,0,0,0,0,0,0,0,0,0,0,0,0,0,0,0,0,0,0,0,0,0,0,0,0,0,0,0,0,0,0,0,0,0,0,0,0,0,0,0,0,0,0,0,0,0,0,0,0,0,0,0,0,0,0,0,0,0,0,0,0,0,0,0,0,0,0,0,0,0,0,0,0,0,0,0,0,0,0,0,0,0,0,0,0,0,0,0,0,0,0,0,0,0,0,0,0,0,0,0,0,0,0,0,0,0,0,0,0,0,0,0,0,0,0,0,0,0,0,0,0,0,0,0,0,0,0,0,0,0,0,0,0.0006344128632918,0.0115882242098451,0.000834534701425582,0,0.0225546900182962,0.0250592436641455,0.0529809854924679,0.0274042636156082,0,0,0,0,0,0,0,0,0,0,0,0,0,0,0,0,0,0,0,0,0,0,0.0925329998135567,0.102292969822884,0.0703787952661514,0,0,0,0.0850894823670387,0,0.109493240714073,0,0,0,0.146084919571877,0.276819705963135,0.27963975071907,0.412077784538269,0.294402569532394,0.342820763587952,0.439100503921509,0.203868642449379,0.264670103788376,0.138832300901413,0.273718029260635,0.388941556215286,0.340696632862091,0.261024355888367,0.314124673604965,0.523646235466003,0.444275915622711,0.382241994142532,0.574498534202576,0.692315220832825,0.669848501682281,0.473849356174469,0.36445164680481,0.438352108001709,0.706242740154266,0.853511452674866,0.962286412715912,0.770177781581879,0.337735921144485,0.47696453332901,0.813510894775391,0.890288174152374,0.624057829380035,0.386083900928497,0,0.394232034683228,0.637620270252228,0.366804212331772,0,0,0,0,0.453095674514771,0.553629219532013,0.433160752058029,0,0.0186381936073303,0.0190642680972815,0.548997759819031,0.755285441875458,0.803090274333954,0.762752592563629,0.701699495315552,0.776521146297455,1.02720320224762,1.18575298786163,1.25664246082306,1.1618412733078,1.03578579425812,0.974790573120117,0.876427352428436,1.00518357753754,0.783097922801971,0.733911871910095,0.795835494995117,0.744508981704712,0.888099730014801,0.9998699426651,0.96496194601059,0.863092303276062,0.873227417469025,0.845330059528351,1.10646140575409,0.984703719615936,0.744618833065033,0,0.482772439718246,0.671134233474731,0.817911267280579,0.857260346412659,0.602095067501068,0.683574318885803,0.542811930179596,0.449848413467407,0.821183323860168,0.926495432853699,1.12423491477966,1.23751020431519,1.3422167301178,1.36556279659271,1.31639993190765,0.996562361717224,0.808763206005096,1.12614011764526,0.630077004432678,0,0.539089024066925,0.610917687416077,0,0,0,0,0,0,0,0.841719031333923,0.614587068557739,0,0.000185199794941582,0,0,0,0,0,0,0.6833336353302,0.445254296064377,0.328022599220276,0.0223573241382837,0.405628681182861,0.360571891069412,0.262100279331207,0,0,0,0,0,0,0,0,0,0,0,0,0,0.000112648056528997,0.41619461774826,0.198690444231033,0.268790990114212,0,0,0,0,0,0,0,0,0,0,0.33918821811676,0,0,0,0,0,0,0,0,0,0,0,0,0,0,0,0,0,0,0,0,0,0,0,0,0,0,0,0,0,0,0,96
Warendorf,0,0,0,0,0,0,0,0,0,0,0,0,0,0,0,0,0,0,0,0,0,0,0,0,0,0,0,0,0,0,0,0,0,0,0,0,0,0,0,0,0,0,0,0,0,0,0,0,0,0,0,0,0,0,0,0,0,0,0,0,0,0,0,0,0,0,0,0,0,0,0,0,0,0,0,0,0,0,0,0,0,0,0,0,0,0,0,0,0,0,0,0,0,0,0,0,0,0,0,0,0,0,0,0,0,0,0,0,0,0,0,0,0,0,0,0,0,0,0,0,0,0,0,0,0,0,0,0,0,0,0,0,0,0,0,0,0,0,0,0,0,0,0,0.00700023770332336,0.00764575647190213,0,0.014854533597827,0.0038673987146467,0.0324936471879482,0.00455483142286539,0,0,0,0,0,0,0,0,0,0,0,0,0,0,0,0,0,0,0,0,0,0,0.0142616778612137,0.0158504378050566,0.0116975801065564,0,0,0,0.0646686851978302,0,0.0167777333408594,0,0,0,0.0223140027374029,0.163408666849136,0.195299103856087,0.277097374200821,0.223037704825401,0.262022465467453,0.308187216520309,0.0325024388730526,0.0412173308432102,0.0230751596391201,0.17473092675209,0.286679625511169,0.203378856182098,0.0412910096347332,0.19748666882515,0.378006279468536,0.333474069833755,0.289851009845734,0.397924929857254,0.510427176952362,0.528578162193298,0.344699651002884,0.275341063737869,0.370097160339355,0.549304902553558,0.65057909488678,0.727598130702972,0.691033601760864,0.440859854221344,0.415706217288971,0.656401336193085,0.751933336257935,0.525432944297791,0.295909702777863,0,0.313847005367279,0.562160909175873,0.497203022241592,0,0,0,0,0.259206473827362,0.413667857646942,0.361987680196762,0,0,0,0.0842824876308441,0.558603048324585,0.599867284297943,0.631157100200653,0.560170590877533,0.657986342906952,0.843684732913971,0.964413583278656,1.00937449932098,0.952619791030884,0.792624115943909,0.643831670284271,0.619780600070953,0.774712204933167,0.615903258323669,0.545973837375641,0.605874478816986,0.53348308801651,0.681535422801971,0.827803194522858,0.730054676532745,0.674171447753906,0.632757663726807,0.756987154483795,0.82343590259552,0.64851301908493,0.360533684492111,0,0.303895324468613,0.464903742074966,0.537874341011047,0.641878187656403,0.527946412563324,0.476746886968613,0.0846400186419487,0.28778600692749,0.602305352687836,0.730114698410034,0.842579305171967,0.948164403438568,0.990674614906311,0.988097727298737,0.9748215675354,0.783323228359222,0.694965541362762,0.909866213798523,0.405996054410934,0,0.082196943461895,0.487810850143433,0,0,0,0,0,0,0,0.561170220375061,0.434604525566101,0,0.239607006311417,0,0,0,0,0,0,0.530534327030182,0.0678748115897179,0.0501515753567219,0,0.223374798893929,0.055497944355011,0.0402299724519253,0,0,0,0,0,0,0,0,0,0,0,0,0,0.145741328597069,0.397505581378937,0.30097708106041,0.0415225587785244,0,0,0,0,0,0,0,0,0,0,0.051867064088583,0,0,0,0,0,0,0,0,0,0,0,0,0,0,0,0,0,0,0,0,0,0,0,0,0,0,0,0,0,0,0,97
Bielefeld,0,0,0,0,0,0,0,0,0,0,0,0,0,0,0,0,0,0,0,0,0,0,0,0,0,0,0,0,0,0,0,0,0,0,0,0,0,0,0,0,0,0,0,0,0,0,0,0,0,0,0,0,0,0,0,0,0,0,0,0,0,0,0,0,0,0,0,0,0,0,0,0,0,0,0,0,0,0,0,0,0,0,0,0,0,0,0,0,0,0,0,0,0,0,0,0,0,0,0,0,0,0,0,0,0,0,0,0,0,0,0,0,0,0,0,0,0,0,0,0,0,0,0,0,0,0,0,0,0,0,0,0,0,0,0,0,0,0,0,0,0,0,0,0.00916476547718048,0.00399179616943002,0,0.0183816440403461,0.0140845067799091,0.0425305031239986,0.0165880378335714,0,0,0,0,0,0,0,0,0,0,0,0,0,0,0,0,0,0,0,0,0,0,0.0519389659166336,0.0577250011265278,0.0426008924841881,0,0,0,0.0749317333102226,0,0.0611020773649216,0,0,0,0.0812643691897392,0.219469606876373,0.237060055136681,0.343608409166336,0.259532272815704,0.302136451005936,0.374260485172272,0.118369176983833,0.1501075476408,0.0840363949537277,0.22435063123703,0.33801743388176,0.272374033927917,0.150375887751579,0.257089585065842,0.451349020004272,0.390295475721359,0.336079895496368,0.485903888940811,0.602151095867157,0.601035714149475,0.409913003444672,0.321331083774567,0.405055314302444,0.627182483673096,0.751194000244141,0.844244360923767,0.734552323818207,0.391143798828125,0.445597469806671,0.734704732894897,0.823855042457581,0.576786458492279,0.33940002322197,0,0.353182464838028,0.599561095237732,0.434120833873749,0,0,0,0,0.352900773286819,0.483247458934784,0.394764930009842,0,0,0,0.306944608688354,0.655548989772797,0.700009644031525,0.696320354938507,0.630817294120789,0.716257631778717,0.934653580188751,1.07333219051361,1.13192427158356,1.05455589294434,0.911128222942352,0.805958092212677,0.744946360588074,0.888506770133972,0.69952791929245,0.638659596443176,0.700897336006165,0.637183010578156,0.783438384532928,0.911538422107697,0.845692336559296,0.764913558959961,0.749941527843475,0.800521016120911,0.962500035762787,0.813611388206482,0.547658681869507,0,0.389255851507187,0.563673138618469,0.673623621463776,0.748337149620056,0.563817739486694,0.5790895819664,0.308246672153473,0.365959882736206,0.710079848766327,0.826723635196686,0.978830337524414,1.08929514884949,1.16145813465118,1.17059397697449,1.14067447185516,0.888042747974396,0.753186881542206,1.0169450044632,0.516213834285736,0,0.299349337816238,0.55040031671524,0,0,0,0,0,0,0,0.694409847259521,0.521525204181671,0,0.125097155570984,0,0,0,0,0,0,0.601401448249817,0.247190237045288,0.182644784450531,0,0.309596717357635,0.202115476131439,0.146511733531952,0,0,0,0,0,0,0,0,0,0,0,0,0,0.0760905295610428,0.405900210142136,0.260058015584946,0.1512191593647,0,0,0,0,0,0,0,0,0,0,0.188892334699631,0,0,0,0,0,0,0,0,0,0,0,0,0,0,0,0,0,0,0,0,0,0,0,0,0,0,0,0,0,0,0,98
Gütersloh,0,0,0,0,0,0,0,0,0,0,0,0,0,0,0,0,0,0,0,0,0,0,0,0,0,0,0,0,0,0,0,0,0,0,0,0,0,0,0,0,0,0,0,0,0,0,0,0,0,0,0,0,0,0,0,0,0,0,0,0,0,0,0,0,0,0,0,0,0,0,0,0,0,0,0,0,0,0,0,0,0,0,0,0,0,0,0,0,0,0,0,0,0,0,0,0,0,0,0,0,0,0,0,0,0,0,0,0,0,0,0,0,0,0,0,0,0,0,0,0,0,0,0,0,0,0,0,0,0,0,0,0,0,0,0,0,0,0,0,0,0,0,0,0.00773790571838617,0.00640049297362566,0,0.0160565674304962,0.00734937330707908,0.0359141938388348,0.00865573063492775,0,0,0,0,0,0,0,0,0,0,0,0,0,0,0,0,0,0,0,0,0,0,0.0271020419895649,0.0301212258636951,0.0222293827682734,0,0,0,0.0681663230061531,0,0.0318834036588669,0,0,0,0.0424041971564293,0.182514145970345,0.209531188011169,0.299764215946198,0.23547500371933,0.275693237781525,0.330704927444458,0.061765693128109,0.0783269554376602,0.0438506565988064,0.191641256213188,0.304175496101379,0.226892307400703,0.0784669667482376,0.217799261212349,0.403001368045807,0.352838724851608,0.30560576915741,0.427908033132553,0.541686594486237,0.553271651268005,0.366924285888672,0.291014403104782,0.382010847330093,0.57584547996521,0.684868514537811,0.767351031303406,0.705864727497101,0.423916697502136,0.425893127918243,0.683087110519409,0.776444137096405,0.542934119701385,0.310731142759323,0,0.327252477407455,0.574906885623932,0.475704729557037,0,0,0,0,0.291137367486954,0.437380492687225,0.373158156871796,0,0,0,0.160165399312973,0.591642141342163,0.633995711803436,0.653364717960358,0.584246873855591,0.677845120429993,0.87468683719635,1.00153291225433,1.05113935470581,0.987359523773193,0.833010137081146,0.699084162712097,0.662436962127686,0.813493251800537,0.64440244436264,0.577561020851135,0.638258159160614,0.568823873996735,0.716263830661774,0.856340050697327,0.769463837146759,0.705096244812012,0.67269378900528,0.771823465824127,0.870828747749329,0.70477831363678,0.424305617809296,0,0.332986086606979,0.498564213514328,0.584137499332428,0.678159296512604,0.540171325206757,0.511625111103058,0.160844832658768,0.314427584409714,0.639034748077393,0.76303893327713,0.889013409614563,0.996261596679688,1.04887747764587,1.05029225349426,1.03134405612946,0.819011569023132,0.714807331562042,0.946358561515808,0.443558096885681,0,0.156202152371407,0.509141266345978,0,0,0,0,0,0,0,0.60657811164856,0.464226961135864,0,0.200582236051559,0,0,0,0,0,0,0.554685771465302,0.128985241055489,0.0953050553798676,0,0.252759099006653,0.105464972555637,0.0764506384730339,0,0,0,0,0,0,0,0,0,0,0,0,0,0.122004456818104,0.400366485118866,0.287031948566437,0.0789069905877113,0,0,0,0,0,0,0,0,0,0,0.0985650643706322,0,0,0,0,0,0,0,0,0,0,0,0,0,0,0,0,0,0,0,0,0,0,0,0,0,0,0,0,0,0,0,99
Herford,0,0,0,0,0,0,0,0,0,0,0,0,0,0,0,0,0,0,0,0,0,0,0,0,0,0,0,0,0,0,0,0,0,0,0,0,0,0,0,0,0,0,0,0,0,0,0,0,0,0,0,0,0,0,0,0,0,0,0,0,0,0,0,0,0,0,0,0,0,0,0,0,0,0,0,0,0,0,0,0,0,0,0,0,0,0,0,0,0,0,0,0,0,0,0,0,0,0,0,0,0,0,0,0,0,0,0,0,0,0,0,0,0,0,0,0,0,0,0,0,0,0,0,0,0,0,0,0,0,0,0,0,0,0,0,0,0,0,0,0,0,0,0,0.0108955092728138,0,0,0.0179139580577612,0.023630503565073,0.0521867126226425,0.0319592840969563,0,0,0,0,0,0,0,0,0,0,0,0,0,0,0,0,0,0,0,0,0,0,0.090329684317112,0.106101781129837,0.0837157294154167,0,0,0,0.0872626379132271,0,0.0882406011223793,0.0223614238202572,0,0,0.117357991635799,0.278280884027481,0.283391714096069,0.41271635890007,0.305707991123199,0.341984450817108,0.44899046421051,0.221567168831825,0.271636992692947,0.157215714454651,0.283180207014084,0.40425705909729,0.357169151306152,0.277498304843903,0.338454693555832,0.539163887500763,0.464220076799393,0.389757812023163,0.57989376783371,0.705877482891083,0.69310849905014,0.493898928165436,0.388136833906174,0.450185269117355,0.710756480693817,0.854187488555908,0.968741714954376,0.800771713256836,0.342093139886856,0.486709922552109,0.823479413986206,0.920843720436096,0.647759079933167,0.387918591499329,0,0.388784468173981,0.63661402463913,0.370420932769775,0,0,0,0.0603965297341347,0.465438902378082,0.567090153694153,0.436092346906662,0,0,0.051163699477911,0.549085080623627,0.767596244812012,0.811363875865936,0.773587703704834,0.717920362949371,0.779562175273895,1.03683137893677,1.19475483894348,1.26582491397858,1.15765810012817,1.0372611284256,0.99016410112381,0.881608247756958,1.01624155044556,0.807759582996368,0.756821632385254,0.813455939292908,0.761142671108246,0.884909212589264,0.999688804149628,0.97604238986969,0.870721936225891,0.88213324546814,0.87139767408371,1.12624442577362,1.0085289478302,0.78246134519577,0,0.484501302242279,0.664638459682465,0.821336150169373,0.88391649723053,0.628018796443939,0.70677638053894,0.574784874916077,0.466646015644073,0.83925586938858,0.949280202388763,1.13721644878387,1.25906658172607,1.36712849140167,1.37299227714539,1.32298338413239,1.00850021839142,0.843787848949432,1.16234791278839,0.673528373241425,0,0.526691973209381,0.64686119556427,0,0,0,0,0,0,0,0.837875843048096,0.621306717395782,0,0,0,0,0,0,0,0,0.665923953056335,0.356979936361313,0.344878137111664,0,0.386462181806564,0.372889161109924,0.265273749828339,0,0,0,0,0,0,0,0,0,0,0,0,0,0,0.430918455123901,0.248627454042435,0.294591099023819,0,0,0,0,0,0,0,0,0,0,0.334612727165222,0,0,0,0,0,0,0,0,0,0,0,0,0,0,0,0,0,0,0,0,0,0,0,0,0,0,0,0,0,0,0,100
Höxter,0,0,0,0,0,0,0,0,0,0,0,0,0,0,0,0,0,0,0,0,0,0,0,0,0,0,0,0,0,0,0,0,0,0,0,0,0,0,0,0,0,0,0,0,0,0,0,0,0,0,0,0,0,0,0,0,0,0,0,0,0,0,0,0,0,0,0,0,0,0,0,0,0,0,0,0,0,0,0,0,0,0,0,0,0,0,0,0,0,0,0,0,0,0,0,0,0,0,0,0,0,0,0,0,0,0,0,0,0,0,0,0,0,0,0,0,0,0,0,0,0,0,0,0,0,0,0,0,0,0,0,0,0,0,0,0,0,0,0,0,0,0,0,0,0,0,0,0,0.0228965412825346,0,0,0,0,0,0,0,0,0,0,0,0,0,0,0,0,0,0,0,0,0,0,0,0,0.0387454219162464,0,0,0,0,0.0456596538424492,0,0,0,0,0,0,0.125938892364502,0.162945449352264,0.218246400356293,0.188791200518608,0.215232610702515,0.284293711185455,0,0,0,0.150916263461113,0.2538743019104,0.204054027795792,0,0.191177144646645,0.325060248374939,0.337880820035934,0.182205483317375,0.331699788570404,0.437517195940018,0.480744779109955,0.346970111131668,0.290521889925003,0.347230911254883,0.476514548063278,0.537965834140778,0.609034836292267,0.661364734172821,0.424382477998734,0.333588600158691,0.537975907325745,0.703139185905457,0.533710598945618,0.230896338820457,0,0,0.492524981498718,0.512124061584473,0,0,0,0,0,0.284733414649963,0,0,0,0,0,0.467927604913712,0.477324187755585,0.583252489566803,0.535364627838135,0.56642884016037,0.725682199001312,0.828666865825653,0.869075238704681,0.810365796089172,0.723647892475128,0.625944495201111,0.512768745422363,0.676750659942627,0.565170347690582,0.484214693307877,0.514886617660522,0.477718114852905,0.559839963912964,0.685412645339966,0.644287347793579,0.599012613296509,0.566931009292603,0.695021212100983,0.73005872964859,0.60468602180481,0.398499697446823,0,0,0.332222640514374,0.444488763809204,0.562108039855957,0.624038457870483,0.464714765548706,0,0,0.46502560377121,0.607174217700958,0.705446064472198,0.844784021377563,0.874506831169128,0.806602478027344,0.822722733020782,0.718382716178894,0.705683827400208,0.81039834022522,0.461492121219635,0,0,0.458499699831009,0,0,0,0,0,0,0,0.439965069293976,0.355029046535492,0,0.237524956464767,0,0,0,0,0,0,0.227017730474472,0,0,0,0,0,0,0,0,0,0,0,0,0,0,0,0,0,0,0,0.205798402428627,0.3891741335392,0.303642332553864,0.219592913985252,0,0,0,0,0,0,0,0,0,0,0,0,0,0,0,0,0,0,0,0,0,0,0,0,0,0,0,0,0,0,0,0,0,0,0,0,0,0,0,0,0,0,101
Lippe,0,0,0,0,0,0,0,0,0,0,0,0,0,0,0,0,0,0,0,0,0,0,0,0,0,0,0,0,0,0,0,0,0,0,0,0,0,0,0,0,0,0,0,0,0,0,0,0,0,0,0,0,0,0,0,0,0,0,0,0,0,0,0,0,0,0,0,0,0,0,0,0,0,0,0,0,0,0,0,0,0,0,0,0,0,0,0,0,0,0,0,0,0,0,0,0,0,0,0,0,0,0,0,0,0,0,0,0,0,0,0,0,0,0,0,0,0,0,0,0,0,0,0,0,0,0,0,0,0,0,0,0,0,0,0,0,0,0,0,0,0,0,0,0.0040653869509697,0.00060244306223467,0,0.00213590660132468,0.00757201015949249,0.0336792729794979,0.0166608449071646,0,0,0,0,0,0,0,0,0,0,0,0,0,0,0,0,0,0,0,0,0,0,0.0339026525616646,0.068275973200798,0.0458615720272064,0,0,0,0.0657690167427063,0,0.00607761787250638,0.0419389270246029,0,0,0.00808309204876423,0.187459170818329,0.215664729475975,0.296991765499115,0.248434767127037,0.26478636264801,0.357093393802643,0.106719739735126,0.117819055914879,0.0756040513515472,0.213525101542473,0.33270251750946,0.280280768871307,0.128111898899078,0.275597959756851,0.427849948406219,0.406456619501114,0.280004858970642,0.435036927461624,0.557891964912415,0.590089976787567,0.425423711538315,0.35345071554184,0.401211351156235,0.575587272644043,0.665660262107849,0.760791540145874,0.747975647449493,0.39983868598938,0.414927870035172,0.668503403663635,0.822812616825104,0.601402521133423,0.301544815301895,0,0.172493040561676,0.551199495792389,0.46080270409584,0,0,0,0.113273911178112,0.225212842226028,0.42155385017395,0.214500188827515,0,0,0.0959577038884163,0.228979274630547,0.606311678886414,0.626096785068512,0.673584818840027,0.62634688615799,0.660057544708252,0.866000652313232,0.992257714271545,1.04198896884918,0.951110422611237,0.852118074893951,0.786319851875305,0.671533823013306,0.82796174287796,0.692883670330048,0.625086724758148,0.656680703163147,0.613379836082458,0.687559008598328,0.819939494132996,0.792265295982361,0.725560128688812,0.706809818744659,0.806067287921906,0.91636711359024,0.794222593307495,0.596702694892883,0,0.22449192404747,0.468086123466492,0.604695856571198,0.727947235107422,0.654800057411194,0.587705314159393,0.273782163858414,0.235446959733963,0.645271599292755,0.781374275684357,0.906363010406494,1.04479396343231,1.11262118816376,1.05637204647064,1.04040360450745,0.850722789764404,0.800790846347809,1.00350713729858,0.597770690917969,0,0.206797257065773,0.578857123851776,0,0,0,0,0,0,0,0.60874730348587,0.476990967988968,0,0.140805527567863,0,0,0,0,0,0,0.411030203104019,0.0245871804654598,0.1702920794487,0,0.149802565574646,0.172026962041855,0.115266442298889,0,0,0,0,0,0,0,0,0,0,0,0,0,0.117123633623123,0.430115669965744,0.329822659492493,0.270690381526947,0,0,0,0,0,0,0,0,0,0,0.134739115834236,0,0,0,0,0,0,0,0,0,0,0,0,0,0,0,0,0,0,0,0,0,0,0,0,0,0,0,0,0,0,0,102
Minden-Lübbecke,0,0,0,0,0,0,0,0,0,0,0,0,0,0,0,0,0,0,0,0,0,0,0,0,0,0,0,0,0,0,0,0,0,0,0,0,0,0,0,0,0,0,0,0,0,0,0,0,0,0,0,0,0,0,0,0,0,0,0,0,0,0,0,0,0,0,0,0,0,0,0,0,0,0,0,0,0,0,0,0,0,0,0,0,0,0,0,0,0,0,0,0,0,0,0,0,0,0,0,0,0,0,0,0,0,0,0,0,0,0,0,0,0,0,0,0,0,0,0,0,0,0,0,0,0,0,0,0,0,0,0,0,0,0,0,0,0,0,0,0,0,0,0,0.00998080708086491,0,0,0.0116790905594826,0.0212990436702967,0.0502984225749969,0.0351705551147461,0,0,0,0,0,0,0,0,0,0,0,0,0,0,0,0,0,0,0,0,0,0,0.0863325670361519,0.109897643327713,0.0943276211619377,0,0,0,0.0888772532343864,0,0.0575288869440556,0.0546279326081276,0,0,0.0765121057629585,0.274770349264145,0.284415692090988,0.407590359449387,0.314808696508408,0.336248934268951,0.452666908502579,0.235119789838791,0.275347590446472,0.166712924838066,0.289849787950516,0.418910682201385,0.370763003826141,0.288972467184067,0.361904859542847,0.550261855125427,0.481318682432175,0.394339025020599,0.576829850673676,0.710959672927856,0.711745619773865,0.512286722660065,0.412037402391434,0.460199058055878,0.708586454391479,0.844196498394012,0.964508652687073,0.827721893787384,0.349686086177826,0.498913943767548,0.828142642974854,0.947419345378876,0.669217526912689,0.389372110366821,0,0.378149539232254,0.63112336397171,0.377945572137833,0,0,0,0.147545963525772,0.480129927396774,0.578388333320618,0.444057136774063,0,0,0.124990575015545,0.547485709190369,0.776453077793121,0.814182043075562,0.782360136508942,0.732241034507751,0.779050946235657,1.04086899757385,1.19826698303223,1.26585423946381,1.14574134349823,1.03245949745178,1.00039458274841,0.881498217582703,1.02117550373077,0.832110166549683,0.781217455863953,0.826082229614258,0.776541888713837,0.870690643787384,0.994888842105865,0.981844484806061,0.880355894565582,0.888155341148376,0.905044436454773,1.14330446720123,1.0295307636261,0.826293528079987,0,0.487376749515533,0.654630184173584,0.820488154888153,0.911733150482178,0.66411155462265,0.729693293571472,0.606901407241821,0.488700985908508,0.855759084224701,0.973832905292511,1.15097904205322,1.28156566619873,1.39468419551849,1.37736296653748,1.32460200786591,1.01723861694336,0.882742762565613,1.20336246490479,0.726782560348511,0,0.512425243854523,0.687386155128479,0,0,0,0,0,0,0,0.834856569766998,0.628268182277679,0,0,0,0,0,0,0,0,0.647314727306366,0.23273478448391,0.370115727186203,0,0.361458271741867,0.388184934854507,0.269102990627289,0,0,0,0,0,0,0,0,0,0,0,0,0,0,0.453785717487335,0.296637117862701,0.328548312187195,0,0,0,0,0,0,0,0,0,0,0.32887864112854,0,0,0,0,0,0,0,0,0,0,0,0,0,0,0,0,0,0,0,0,0,0,0,0,0,0,0,0,0,0,0,103
Paderborn,0,0,0,0,0,0,0,0,0,0,0,0,0,0,0,0,0,0,0,0,0,0,0,0,0,0,0,0,0,0,0,0,0,0,0,0,0,0,0,0,0,0,0,0,0,0,0,0,0,0,0,0,0,0,0,0,0,0,0,0,0,0,0,0,0,0,0,0,0,0,0,0,0,0,0,0,0,0,0,0,0,0,0,0,0,0,0,0,0,0,0,0,0,0,0,0,0,0,0,0,0,0,0,0,0,0,0,0,0,0,0,0,0,0,0,0,0,0,0,0,0,0,0,0,0,0,0,0,0,0,0,0,0,0,0,0,0,0,0,0,0,0,0,0.00361809600144625,0.00528518436476588,0,0.00791381765156984,0,0.0262904558330774,0,0,0,0,0,0,0,0,0,0,0,0,0,0,0,0,0,0,0,0,0,0,0,0,0.0160651840269566,0,0,0,0,0.0545128732919693,0,0,0,0,0,0,0.135450795292854,0.172631040215492,0.237958654761314,0.200751706957817,0.233733579516411,0.283640056848526,0,0,0,0.153862133622169,0.261702328920364,0.188371300697327,0,0.181664109230042,0.339802235364914,0.322711139917374,0.2349743694067,0.350971907377243,0.459872603416443,0.492690145969391,0.331191509962082,0.271445363759995,0.352870225906372,0.501867890357971,0.581592202186584,0.65259200334549,0.669089257717133,0.445043534040451,0.375034332275391,0.589948177337646,0.715765655040741,0.517486572265625,0.259316653013229,0,0.174999549984932,0.525000631809235,0.51736718416214,0,0,0,0,0.130970373749733,0.344790190458298,0.204632595181465,0,0,0,0,0.499525249004364,0.526867806911469,0.596855819225311,0.534231722354889,0.607112109661102,0.774600565433502,0.883994817733765,0.924047827720642,0.87105005979538,0.737766861915588,0.600492119789124,0.547676384449005,0.708880186080933,0.576338648796082,0.499829679727554,0.547093212604523,0.487383812665939,0.608497321605682,0.75020968914032,0.668870329856873,0.622901976108551,0.579498827457428,0.721648037433624,0.753905594348907,0.593759417533875,0.334813743829727,0,0.15897624194622,0.388004928827286,0.469074994325638,0.585214197635651,0.559841275215149,0.449081540107727,0,0.151138782501221,0.521504521369934,0.657733380794525,0.755529522895813,0.874028503894806,0.904666364192963,0.872407257556915,0.875007510185242,0.733193635940552,0.686509430408478,0.844897627830505,0.404585272073746,0,0,0.461789280176163,0,0,0,0,0,0,0,0.481392055749893,0.382350474596024,0,0.264116108417511,0,0,0,0,0,0,0.38898366689682,0,0,0,0.111651428043842,0,0,0,0,0,0,0,0,0,0,0,0,0,0,0,0.18607585132122,0.392191082239151,0.311148792505264,0.0910507813096046,0,0,0,0,0,0,0,0,0,0,0,0,0,0,0,0,0,0,0,0,0,0,0,0,0,0,0,0,0,0,0,0,0,0,0,0,0,0,0,0,0,0,104
Bochum,0,0,0,0,0,0,0,0,0,0,0,0,0,0,0,0,0,0,0,0,0,0,0,0,0,0,0,0,0,0,0,0,0,0,0,0,0,0,0,0,0,0,0,0,0,0,0,0,0,0,0,0,0,0,0,0,0,0,0,0,0,0,0,0,0,0,0,0,0,0,0,0,0,0,0,0,0,0,0,0,0,0,0,0,0,0,0,0,0,0,0,0,0,0,0,0,0,0,0,0,0,0,0,0,0,0,0,0,0,0,0,0,0,0,0,0,0,0,0,0,0,0,0,0,0,0,0,0,0,0,0,0,0,0,0,0,0,0,0,0,0,0,0.0126634519547224,0.0183722544461489,0.0223565828055143,0.0203119181096554,0.0371221750974655,0.0244049560278654,0.0538196638226509,0,0,0,0,0,0,0,0,0,0,0,0,0,0,0,0,0,0,0,0,0,0,0,0,0.0721588879823685,0,0,0,0.0675630643963814,0.132392436265945,0,0.102189347147942,0.0671408101916313,0,0,0.126477971673012,0.248286187648773,0.302286803722382,0.417480707168579,0.323703318834305,0.384416699409485,0.413514256477356,0,0.160510763525963,0,0.257554918527603,0.370823621749878,0.284445554018021,0.205145493149757,0.274325609207153,0.503568649291992,0.462660789489746,0.425835281610489,0.549768209457397,0.671309411525726,0.66964727640152,0.43901738524437,0.355841189622879,0.526589453220367,0.751678705215454,0.874412834644318,0.959058821201324,0.867510378360748,0.625488817691803,0.597219705581665,0.892039895057678,0.945878922939301,0.684265494346619,0.489591091871262,0.333790898323059,0.500976383686066,0.787626504898071,0.735200583934784,0.26543265581131,0,0.229504629969597,0.316265225410461,0.616823732852936,0.638180136680603,0.551923632621765,0.290399551391602,0,0,0.395065128803253,0.797474265098572,0.847038567066193,0.8904989361763,0.768600583076477,0.928070068359375,1.15448701381683,1.31661689281464,1.34367966651917,1.2737649679184,0.989905655384064,0.762594521045685,0.862825393676758,1.03197145462036,0.84209680557251,0.807410359382629,0.798058450222015,0.767946124076843,0.988106310367584,1.17533600330353,1.03151631355286,0.975631594657898,0.912120997905731,1.08018958568573,1.13764524459839,0.887386858463287,0.565061092376709,0,0.595143973827362,0.763017773628235,0.815954566001892,0.924706339836121,0.707214713096619,0.712910950183868,0.410892874002457,0.539226293563843,0.903465807437897,1.05126774311066,1.19808399677277,1.31071853637695,1.3930356502533,1.40003144741058,1.3490926027298,1.07173573970795,0.93567430973053,1.26690936088562,0.664167046546936,0,0.405435621738434,0.736060798168182,0,0,0,0,0,0,0,0.917019724845886,0.743722975254059,0,0.56869500875473,0,0,0,0,0,0.395922929048538,0.876659035682678,0.392486602067947,0,0.290366649627686,0.441246062517166,0.29595622420311,0,0.260240763425827,0,0.200507268309593,0,0,0,0,0,0,0,0,0,0,0.336161375045776,0.618915498256683,0.489511698484421,0.154895037412643,0,0,0,0,0,0,0,0,0,0,0.251440107822418,0,0,0,0,0,0,0,0,0,0,0,0,0,0,0,0,0,0,0,0,0,0,0,0,0,0,0,0,0,0,0,105
Dortmund,0,0,0,0,0,0,0,0,0,0,0,0,0,0,0,0,0,0,0,0,0,0,0,0,0,0,0,0,0,0,0,0,0,0,0,0,0,0,0,0,0,0,0,0,0,0,0,0,0,0,0,0,0,0,0,0,0,0,0,0,0,0,0,0,0,0,0,0,0,0,0,0,0,0,0,0,0,0,0,0,0,0,0,0,0,0,0,0,0,0,0,0,0,0,0,0,0,0,0,0,0,0,0,0,0,0,0,0,0,0,0,0,0,0,0,0,0,0,0,0,0,0,0,0,0,0,0,0,0,0,0,0,0,0,0,0,0,0,0,0,0,0,0,0.00618091598153114,0.00902886129915714,0,0.0135194445028901,0,0.0286944806575775,0,0,0,0,0,0,0,0,0,0,0,0,0,0,0,0,0,0,0,0,0,0,0,0,0,0,0,0,0,0.0607839077711105,0,0,0,0,0,0,0.142188370227814,0.17949166893959,0.251921504735947,0.209223717451096,0.246838435530663,0.283177077770233,0,0,0,0.155948773026466,0.267247170209885,0.177262678742409,0,0.174925684928894,0.350244462490082,0.311965942382813,0.272352397441864,0.364622980356216,0.475707679986954,0.501151382923126,0.320015013217926,0.257932811975479,0.356864750385284,0.519826531410217,0.612494111061096,0.683445036411285,0.674560785293579,0.459678471088409,0.404391765594482,0.626761853694916,0.724709391593933,0.505994558334351,0.279447674751282,0,0.298957675695419,0.548004150390625,0.521081030368805,0,0,0,0,0.223741143941879,0.387330442667007,0.349580824375153,0,0,0,0,0.521906912326813,0.56196117401123,0.606491446495056,0.533429265022278,0.63592940568924,0.809251070022583,0.923185467720032,0.962986707687378,0.914034724235535,0.747767746448517,0.582463324069977,0.572402656078339,0.731638550758362,0.58424961566925,0.510890245437622,0.569906234741211,0.494230389595032,0.64296293258667,0.796107649803162,0.6862832903862,0.63982355594635,0.588401019573212,0.740508675575256,0.770797073841095,0.58601975440979,0.2897028028965,0,0.271584540605545,0.427517384290695,0.486490249633789,0.601581156253815,0.514368295669556,0.438007950782776,0,0.258195519447327,0.561510384082794,0.693546175956726,0.791005313396454,0.894743382930756,0.9260293841362,0.919018983840942,0.912042558193207,0.743684649467468,0.672927439212799,0.869334578514099,0.364276230335236,0,0,0.464119404554367,0,0,0,0,0,0,0,0.510736167430878,0.401703149080276,0,0.282951503992081,0,0,0,0,0,0,0.503709614276886,0,0,0,0.190737932920456,0,0,0,0,0,0,0,0,0,0,0,0,0,0,0,0.172105684876442,0.394328057765961,0.316465854644775,0,0,0,0,0,0,0,0,0,0,0,0,0,0,0,0,0,0,0,0,0,0,0,0,0,0,0,0,0,0,0,0,0,0,0,0,0,0,0,0,0,0,0,106
Hagen,0,0,0,0,0,0,0,0,0,0,0,0,0,0,0,0,0,0,0,0,0,0,0,0,0,0,0,0,0,0,0,0,0,0,0,0,0,0,0,0,0,0,0,0,0,0,0,0,0,0,0,0,0,0,0,0,0,0,0,0,0,0,0,0,0,0,0,0,0,0,0,0,0,0,0,0,0,0,0,0,0,0,0,0,0,0,0,0,0,0,0,0,0,0,0,0,0,0,0,0,0,0,0,0,0,0,0,0,0,0,0,0,0,0,0,0,0,0,0,0,0,0,0,0,0,0,0,0,0,0,0,0,0,0,0,0,0,0,0,0,0,0,0,0.00618091644719243,0.00902886036783457,0,0.0135194435715675,0,0.0286944806575775,0,0,0,0,0,0,0,0,0,0,0,0,0,0,0,0,0,0,0,0,0,0,0,0,0,0,0,0,0,0.0607839077711105,0,0,0,0,0,0,0.142188370227814,0.17949166893959,0.251921504735947,0.209223732352257,0.246838420629501,0.283177077770233,0,0,0,0.155948773026466,0.267247170209885,0.177262678742409,0,0.174925684928894,0.350244462490082,0.31196591258049,0.272352397441864,0.364622980356216,0.475707709789276,0.501151442527771,0.320014983415604,0.257932811975479,0.356864750385284,0.519826471805573,0.612494170665741,0.683444976806641,0.674560844898224,0.459678500890732,0.404391765594482,0.626761853694916,0.724709391593933,0.505994558334351,0.279447674751282,0,0.298957705497742,0.548004150390625,0.521081030368805,0,0,0,0,0.223741143941879,0.387330442667007,0.349580824375153,0,0,0,0,0.521906912326813,0.561961233615875,0.606491446495056,0.533429265022278,0.635929346084595,0.809251070022583,0.923185527324677,0.962986767292023,0.914034724235535,0.747767686843872,0.582463324069977,0.572402656078339,0.731638550758362,0.584249556064606,0.510890245437622,0.569906234741211,0.494230389595032,0.64296293258667,0.796107649803162,0.6862832903862,0.63982355594635,0.588401079177856,0.740508675575256,0.770797073841095,0.586019694805145,0.2897028028965,0,0.271584510803223,0.427517384290695,0.486490249633789,0.601581156253815,0.514368295669556,0.438007980585098,0,0.258195519447327,0.561510384082794,0.693546116352081,0.791005313396454,0.894743382930756,0.926029324531555,0.919018983840942,0.912042617797852,0.743684649467468,0.672927439212799,0.869334518909454,0.364276230335236,0,0,0.464119404554367,0,0,0,0,0,0,0,0.510736107826233,0.401703178882599,0,0.282951533794403,0,0,0,0,0,0,0.503709614276886,0,0,0,0.190737932920456,0,0,0,0,0,0,0,0,0,0,0,0,0,0,0,0.172105684876442,0.394328027963638,0.316465824842453,0,0,0,0,0,0,0,0,0,0,0,0,0,0,0,0,0,0,0,0,0,0,0,0,0,0,0,0,0,0,0,0,0,0,0,0,0,0,0,0,0,0,0,107
Hamm,0,0,0,0,0,0,0,0,0,0,0,0,0,0,0,0,0,0,0,0,0,0,0,0,0,0,0,0,0,0,0,0,0,0,0,0,0,0,0,0,0,0,0,0,0,0,0,0,0,0,0,0,0,0,0,0,0,0,0,0,0,0,0,0,0,0,0,0,0,0,0,0,0,0,0,0,0,0,0,0,0,0,0,0,0,0,0,0,0,0,0,0,0,0,0,0,0,0,0,0,0,0,0,0,0,0,0,0,0,0,0,0,0,0,0,0,0,0,0,0,0,0,0,0,0,0,0,0,0,0,0,0,0,0,0,0,0,0,0,0,0,0,0,0.00618091644719243,0.00902886036783457,0,0.0135194445028901,0,0.0286944806575775,0,0,0,0,0,0,0,0,0,0,0,0,0,0,0,0,0,0,0,0,0,0,0,0,0,0,0,0,0,0.0607839040458202,0,0,0,0,0,0,0.142188370227814,0.17949166893959,0.251921504735947,0.209223717451096,0.246838435530663,0.283177047967911,0,0,0,0.155948773026466,0.267247170209885,0.177262678742409,0,0.174925670027733,0.350244462490082,0.31196591258049,0.272352397441864,0.364622980356216,0.475707679986954,0.501151382923126,0.320014983415604,0.257932841777802,0.356864750385284,0.519826531410217,0.612494111061096,0.683445036411285,0.674560785293579,0.459678471088409,0.40439173579216,0.626761913299561,0.724709451198578,0.505994558334351,0.279447704553604,0,0.298957705497742,0.548004150390625,0.52108108997345,0,0,0,0,0.22374115884304,0.38733047246933,0.349580824375153,0,0,0,0,0.521906912326813,0.561961233615875,0.606491446495056,0.533429265022278,0.63592940568924,0.809251070022583,0.923185467720032,0.962986767292023,0.914034724235535,0.747767746448517,0.582463324069977,0.572402656078339,0.731638491153717,0.584249556064606,0.510890245437622,0.569906234741211,0.494230359792709,0.642962992191315,0.796107709407806,0.6862832903862,0.63982355594635,0.588401019573212,0.740508675575256,0.77079713344574,0.586019694805145,0.2897028028965,0,0.271584540605545,0.427517384290695,0.486490219831467,0.601581156253815,0.514368295669556,0.438007980585098,0,0.258195519447327,0.561510324478149,0.693546175956726,0.791005313396454,0.894743382930756,0.926029324531555,0.919018983840942,0.912042558193207,0.743684649467468,0.672927439212799,0.869334518909454,0.364276230335236,0,0,0.464119374752045,0,0,0,0,0,0,0,0.510736107826233,0.401703149080276,0,0.282951503992081,0,0,0,0,0,0,0.503709614276886,0,0,0,0.190737932920456,0,0,0,0,0,0,0,0,0,0,0,0,0,0,0,0.172105699777603,0.394328027963638,0.316465824842453,0,0,0,0,0,0,0,0,0,0,0,0,0,0,0,0,0,0,0,0,0,0,0,0,0,0,0,0,0,0,0,0,0,0,0,0,0,0,0,0,0,0,0,108
Herne,0,0,0,0,0,0,0,0,0,0,0,0,0,0,0,0,0,0,0,0,0,0,0,0,0,0,0,0,0,0,0,0,0,0,0,0,0,0,0,0,0,0,0,0,0,0,0,0,0,0,0,0,0,0,0,0,0,0,0,0,0,0,0,0,0,0,0,0,0,0,0,0,0,0,0,0,0,0,0,0,0,0,0,0,0,0,0,0,0,0,0,0,0,0,0,0,0,0,0,0,0,0,0,0,0,0,0,0,0,0,0,0,0,0,0,0,0,0,0,0,0,0,0,0,0,0,0,0,0,0,0,0,0,0,0,0,0,0,0,0,0,0,0.0154949640855193,0.0210982039570808,0.0253366231918335,0.0248536057770252,0.042399674654007,0.0298618339002132,0.0594375878572464,0,0,0,0,0,0,0,0,0,0,0,0,0,0,0,0,0,0,0,0,0,0,0,0,0.0882934108376503,0,0,0,0.0826699659228325,0.148403897881508,0,0.125038608908653,0.0821532979607582,0,0,0.154758080840111,0.272009313106537,0.329743415117264,0.454499244689941,0.349300622940063,0.415178805589676,0.442657262086868,0,0.196400508284569,0,0.280273735523224,0.393982976675034,0.308411329984665,0.251015454530716,0.296551138162613,0.537851452827454,0.49635574221611,0.460153609514236,0.591166079044342,0.715045392513275,0.707322418689728,0.46562597155571,0.377733200788498,0.564539432525635,0.803520202636719,0.932977080345154,1.02068519592285,0.910653293132782,0.662563502788544,0.640335440635681,0.951355338096619,0.995331764221191,0.72412633895874,0.53657853603363,0.408425569534302,0.546147167682648,0.841205298900604,0.7830770611763,0.324782609939575,0,0.280821204185486,0.386981219053268,0.704715847969055,0.694269418716431,0.597166895866394,0.355332046747208,0,0,0.483400583267212,0.859090328216553,0.910780966281891,0.954002141952515,0.82118421792984,0.993391811847687,1.23168075084686,1.40458691120148,1.42880141735077,1.35419952869415,1.04404699802399,0.802871286869049,0.927763044834137,1.09912490844727,0.899750590324402,0.873711407184601,0.849072575569153,0.829148173332214,1.06527936458588,1.26013028621674,1.10870933532715,1.0507173538208,0.984503865242004,1.15614116191864,1.21967136859894,0.954771637916565,0.626630425453186,0,0.667490899562836,0.838034629821777,0.88962185382843,0.996956169605255,0.750334680080414,0.774378418922424,0.502767384052277,0.602063953876495,0.979925990104675,1.13125312328339,1.28910565376282,1.40372931957245,1.49745678901672,1.50758421421051,1.44681560993195,1.1450868844986,0.994423747062683,1.35580587387085,0.731221735477448,0,0.49608987569809,0.796866118907928,0,0,0,0,0,0,0,1.00786352157593,0.820197582244873,0,0.632586419582367,0,0,0,0,0,0.484450161457062,0.960049450397491,0.480245500802994,0,0.355291783809662,0.497258961200714,0.362131208181381,0,0.318429857492447,0,0.24534010887146,0,0,0,0,0,0,0,0,0,0,0.372843742370605,0.669132649898529,0.528204262256622,0.189529120922089,0,0,0,0,0,0,0,0,0,0,0.307661414146423,0,0,0,0,0,0,0,0,0,0,0,0,0,0,0,0,0,0,0,0,0,0,0,0,0,0,0,0,0,0,0,109
Ennepe-Ruhr-Kreis,0,0,0,0,0,0,0,0,0,0,0,0,0,0,0,0,0,0,0,0,0,0,0,0,0,0,0,0,0,0,0,0,0,0,0,0,0,0,0,0,0,0,0,0,0,0,0,0,0,0,0,0,0,0,0,0,0,0,0,0,0,0,0,0,0,0,0,0,0,0,0,0,0,0,0,0,0,0,0,0,0,0,0,0,0,0,0,0,0,0,0,0,0,0,0,0,0,0,0,0,0,0,0,0,0,0,0,0,0,0,0,0,0,0,0,0,0,0,0,0,0,0,0,0,0,0,0,0,0,0,0,0,0,0,0,0,0,0,0,0,0,0,0.0043728444725275,0.0103907333686948,0.0136310858651996,0.00701395375654101,0.0216697547584772,0.00842732843011618,0.0373705141246319,0,0,0,0,0,0,0,0,0,0,0,0,0,0,0,0,0,0,0,0,0,0,0,0,0.0249173454940319,0,0,0,0.0233303476125002,0.0855112001299858,0,0.0352872274816036,0.0231845416128635,0,0,0.0436743833124638,0.178825244307518,0.221894308924675,0.309091120958328,0.248754918575287,0.294345885515213,0.328184068202972,0,0.0554263256490231,0,0.191034600138664,0.303013384342194,0.214274227619171,0.0708392411470413,0.209249675273895,0.403189182281494,0.364002674818039,0.325351923704147,0.428555846214294,0.54325133562088,0.559335052967072,0.3611079454422,0.291741788387299,0.415472775697708,0.599887907505035,0.70293790102005,0.778617799282074,0.741188645362854,0.516934812068939,0.470977574586868,0.718365550041199,0.801081895828247,0.567553699016571,0.352012783288956,0.115262068808079,0.368717223405838,0.630748629570007,0.595019102096558,0.0916571319103241,0,0.0792507454752922,0.10921023786068,0.359477370977402,0.473951905965805,0.419452250003815,0.100278504192829,0,0,0.13642081618309,0.617063701152802,0.660401880741119,0.704562723636627,0.614636778831482,0.736809134483337,0.928465187549591,1.059042096138,1.09444463253021,1.03825390338898,0.831380903720856,0.644664764404297,0.672689199447632,0.8353471159935,0.673287332057953,0.613282263278961,0.648689985275269,0.588747799396515,0.762145102024078,0.927059829235077,0.805496454238892,0.755782127380371,0.700185418128967,0.857804596424103,0.897474229335785,0.690085470676422,0.384787380695343,0,0.383313566446304,0.543369770050049,0.60025829076767,0.713160216808319,0.580960512161255,0.532935321331024,0.141886323690414,0.355238854885101,0.679591774940491,0.817071795463562,0.931574523448944,1.03838467597961,1.08729231357574,1.0851184129715,1.06296122074127,0.856964647769928,0.76365715265274,1.00662195682526,0.467832148075104,0,0.140001863241196,0.558024048805237,0,0,0,0,0,0,0,0.651030778884888,0.519806802272797,0,0.381622225046158,0,0,0,0,0,0.13671700656414,0.632493615150452,0.135530412197113,0,0.100267142057419,0.277241438627243,0.102197296917439,0,0.0898643136024475,0,0.0692376047372818,0,0,0,0,0,0,0,0,0,0,0.228756114840508,0.471880823373795,0.376220703125,0.0534871481359005,0,0,0,0,0,0,0,0,0,0,0.0868253484368324,0,0,0,0,0,0,0,0,0,0,0,0,0,0,0,0,0,0,0,0,0,0,0,0,0,0,0,0,0,0,0,110
Hochsauerlandkreis,0,0,0,0,0,0,0,0,0,0,0,0,0,0,0,0,0,0,0,0,0,0,0,0,0,0,0,0,0,0,0,0,0,0,0,0,0,0,0,0,0,0,0,0,0,0,0,0,0,0,0,0,0,0,0,0,0,0,0,0,0,0,0,0,0,0,0,0,0,0,0,0,0,0,0,0,0,0,0,0,0,0,0,0,0,0,0,0,0,0,0,0,0,0,0,0,0,0,0,0,0,0,0,0,0,0,0,0,0,0,0,0,0,0,0,0,0,0,0,0,0,0,0,0,0,0,0,0,0,0,0,0,0,0,0,0,0,0,0,0,0,0,0,0.00565016316249967,0.0082535557448864,0,0.0123585350811481,0,0.0281966123729944,0,0,0,0,0,0,0,0,0,0,0,0,0,0,0,0,0,0,0,0,0,0,0,0,0.0033270544372499,0,0,0,0,0.0594851896166801,0,0,0,0,0,0,0.140793025493622,0.178070858120918,0.249029830098152,0.207469180226326,0.244124442338943,0.283272951841354,0,0,0,0.155516639351845,0.266098827123642,0.179563239216805,0,0.176321193575859,0.348081886768341,0.314191222190857,0.264611512422562,0.361795902252197,0.472428262233734,0.499399095773697,0.322329610586166,0.260731250047684,0.356037497520447,0.516107320785522,0.606094419956207,0.677055418491364,0.673427641391754,0.456647634506226,0.398311883211136,0.61913788318634,0.722857177257538,0.508374452590942,0.275278598070145,0,0.273286312818527,0.543240189552307,0.520311892032623,0,0,0,0,0.204528585076332,0.378520458936691,0.319562435150146,0,0,0,0,0.517271757125854,0.554693460464478,0.604495942592621,0.533595442771912,0.629961371421814,0.80207496881485,0.915069222450256,0.954922556877136,0.905132710933685,0.745696544647217,0.586197018623352,0.56728196144104,0.726925313472748,0.582611203193665,0.508599579334259,0.56518167257309,0.49281245470047,0.635825157165527,0.786602318286896,0.682677149772644,0.636319160461426,0.586557388305664,0.736602663993835,0.767298877239227,0.587622582912445,0.299045145511627,0,0.248263657093048,0.419334471225739,0.48288357257843,0.598191559314728,0.523785591125488,0.440301269292831,0,0.236024364829063,0.553225219249725,0.68612939119339,0.783658385276794,0.890453338623047,0.921605110168457,0.909365773200989,0.904372692108154,0.741511940956116,0.67574018239975,0.864273726940155,0.372624099254608,0,0,0.463636815547943,0,0,0,0,0,0,0,0.504659056663513,0.397695273160934,0,0.2790507376194,0,0,0,0,0,0,0.479950189590454,0,0,0,0.174359336495399,0,0,0,0,0,0,0,0,0,0,0,0,0,0,0,0.174998864531517,0.393885463476181,0.315364688634872,0.0188563596457243,0,0,0,0,0,0,0,0,0,0,0,0,0,0,0,0,0,0,0,0,0,0,0,0,0,0,0,0,0,0,0,0,0,0,0,0,0,0,0,0,0,0,111
Märkischer Kreis,0,0,0,0,0,0,0,0,0,0,0,0,0,0,0,0,0,0,0,0,0,0,0,0,0,0,0,0,0,0,0,0,0,0,0,0,0,0,0,0,0,0,0,0,0,0,0,0,0,0,0,0,0,0,0,0,0,0,0,0,0,0,0,0,0,0,0,0,0,0,0,0,0,0,0,0,0,0,0,0,0,0,0,0,0,0,0,0,0,0,0,0,0,0,0,0,0,0,0,0,0,0,0,0,0,0,0,0,0,0,0,0,0,0,0,0,0,0,0,0,0,0,0,0,0,0,0,0,0,0,0,0,0,0,0,0,0,0,0,0,0,0,0,0.00618091644719243,0.00902886036783457,0,0.0135194454342127,0,0.0286944806575775,0,0,0,0,0,0,0,0,0,0,0,0,0,0,0,0,0,0,0,0,0,0,0,0,0,0,0,0,0,0.0607839040458202,0,0,0,0,0,0,0.142188370227814,0.17949166893959,0.251921504735947,0.209223717451096,0.246838435530663,0.283177077770233,0,0,0,0.155948773026466,0.267247170209885,0.177262678742409,0,0.174925684928894,0.350244462490082,0.31196591258049,0.272352397441864,0.364623010158539,0.475707679986954,0.501151382923126,0.320014983415604,0.257932811975479,0.356864750385284,0.519826531410217,0.612494170665741,0.683445036411285,0.674560785293579,0.459678471088409,0.404391765594482,0.626761853694916,0.724709391593933,0.505994558334351,0.279447704553604,0,0.298957705497742,0.548004150390625,0.52108108997345,0,0,0,0,0.22374115884304,0.387330442667007,0.349580824375153,0,0,0,0,0.521906971931458,0.56196117401123,0.606491446495056,0.533429205417633,0.63592940568924,0.809251070022583,0.923185527324677,0.962986767292023,0.914034724235535,0.747767746448517,0.582463324069977,0.572402715682983,0.731638550758362,0.58424961566925,0.510890245437622,0.569906234741211,0.494230389595032,0.64296293258667,0.796107649803162,0.6862832903862,0.63982355594635,0.588401019573212,0.740508675575256,0.770797073841095,0.586019694805145,0.2897028028965,0,0.271584540605545,0.427517384290695,0.486490219831467,0.601581156253815,0.514368295669556,0.438007980585098,0,0.258195489645004,0.561510324478149,0.693546175956726,0.791005313396454,0.894743382930756,0.926029324531555,0.919018924236298,0.912042558193207,0.743684649467468,0.672927498817444,0.869334518909454,0.364276230335236,0,0,0.464119404554367,0,0,0,0,0,0,0,0.510736167430878,0.401703178882599,0,0.282951533794403,0,0,0,0,0,0,0.503709614276886,0,0,0,0.190737932920456,0,0,0,0,0,0,0,0,0,0,0,0,0,0,0,0.172105699777603,0.394328027963638,0.316465854644775,0,0,0,0,0,0,0,0,0,0,0,0,0,0,0,0,0,0,0,0,0,0,0,0,0,0,0,0,0,0,0,0,0,0,0,0,0,0,0,0,0,0,0,112
Olpe,0,0,0,0,0,0,0,0,0,0,0,0,0,0,0,0,0,0,0,0,0,0,0,0,0,0,0,0,0,0,0,0,0,0,0,0,0,0,0,0,0,0,0,0,0,0,0,0,0,0,0,0,0,0,0,0,0,0,0,0,0,0,0,0,0,0,0,0,0,0,0,0,0,0,0,0,0,0,0,0,0,0,0,0,0,0,0,0,0,0,0,0,0,0,0,0,0,0,0,0,0,0,0,0,0,0,0,0,0,0,0,0,0,0,0,0,0,0,0,0,0,0,0,0,0,0,0,0,0,0,0,0,0,0,0,0,0,0,0,0,0,0,0,0.00618091691285372,0.00902886036783457,0,0.0135194454342127,0,0.0286944806575775,0,0,0,0,0,0,0,0,0,0,0,0,0,0,0,0,0,0,0,0,0,0,0,0,0,0,0,0,0,0.0607839040458202,0,0,0,0,0,0,0.142188385128975,0.17949166893959,0.251921504735947,0.209223732352257,0.246838435530663,0.283177077770233,0,0,0,0.155948787927628,0.267247170209885,0.177262678742409,0,0.174925684928894,0.350244462490082,0.311965942382813,0.272352397441864,0.364622980356216,0.475707679986954,0.501151382923126,0.320015013217926,0.257932841777802,0.356864750385284,0.519826531410217,0.612494170665741,0.683445036411285,0.674560844898224,0.459678471088409,0.404391765594482,0.626761853694916,0.724709451198578,0.505994558334351,0.279447674751282,0,0.298957675695419,0.548004150390625,0.52108108997345,0,0,0,0,0.22374115884304,0.387330442667007,0.349580824375153,0,0,0,0,0.521906912326813,0.56196117401123,0.606491446495056,0.533429265022278,0.63592940568924,0.809251070022583,0.923185527324677,0.962986767292023,0.914034724235535,0.747767746448517,0.582463324069977,0.572402656078339,0.731638550758362,0.58424961566925,0.510890245437622,0.569906234741211,0.494230359792709,0.64296293258667,0.796107649803162,0.6862832903862,0.63982355594635,0.588401019573212,0.740508675575256,0.77079713344574,0.586019694805145,0.2897028028965,0,0.271584510803223,0.427517414093018,0.486490219831467,0.60158109664917,0.514368295669556,0.438007950782776,0,0.258195519447327,0.561510384082794,0.693546116352081,0.791005373001099,0.894743382930756,0.9260293841362,0.919018983840942,0.912042617797852,0.743684649467468,0.672927498817444,0.869334518909454,0.364276230335236,0,0,0.464119374752045,0,0,0,0,0,0,0,0.510736107826233,0.401703178882599,0,0.282951503992081,0,0,0,0,0,0,0.503709614276886,0,0,0,0.190737932920456,0,0,0,0,0,0,0,0,0,0,0,0,0,0,0,0.172105684876442,0.394328057765961,0.316465854644775,0,0,0,0,0,0,0,0,0,0,0,0,0,0,0,0,0,0,0,0,0,0,0,0,0,0,0,0,0,0,0,0,0,0,0,0,0,0,0,0,0,0,0,113
Siegen-Wittgenstein,0,0,0,0,0,0,0,0,0,0,0,0,0,0,0,0,0,0,0,0,0,0,0,0,0,0,0,0,0,0,0,0,0,0,0,0,0,0,0,0,0,0,0,0,0,0,0,0,0,0,0,0,0,0,0,0,0,0,0,0,0,0,0,0,0,0,0,0,0,0,0,0,0,0,0,0,0,0,0,0,0,0,0,0,0,0,0,0,0,0,0,0,0,0,0,0,0,0,0,0,0,0,0,0,0,0,0,0,0,0,0,0,0,0,0,0,0,0,0,0,0,0,0,0,0,0,0,0,0,0,0,0,0,0,0,0,0,0,0,0,0,0,0,0.00618091644719243,0.00902886129915714,0,0.0135194445028901,0,0.0286944806575775,0,0,0,0,0,0,0,0,0,0,0,0,0,0,0,0,0,0,0,0,0,0,0,0,0,0,0,0,0,0.0607839077711105,0,0,0,0,0,0,0.142188385128975,0.179491683840752,0.251921504735947,0.209223717451096,0.246838435530663,0.283177047967911,0,0,0,0.155948773026466,0.267247170209885,0.177262678742409,0,0.174925684928894,0.350244462490082,0.311965942382813,0.272352397441864,0.364622980356216,0.475707709789276,0.501151442527771,0.320015013217926,0.257932841777802,0.356864750385284,0.519826531410217,0.612494170665741,0.683445036411285,0.674560844898224,0.459678500890732,0.40439173579216,0.626761853694916,0.724709451198578,0.505994498729706,0.279447704553604,0,0.298957705497742,0.548004150390625,0.521081030368805,0,0,0,0,0.22374115884304,0.387330442667007,0.349580824375153,0,0,0,0,0.521906912326813,0.561961233615875,0.606491506099701,0.533429265022278,0.63592940568924,0.809251010417938,0.923185527324677,0.962986767292023,0.914034724235535,0.747767686843872,0.582463324069977,0.572402715682983,0.731638550758362,0.58424961566925,0.510890245437622,0.569906234741211,0.494230389595032,0.64296293258667,0.796107649803162,0.6862832903862,0.63982355594635,0.588401079177856,0.740508675575256,0.770797073841095,0.586019694805145,0.2897028028965,0,0.271584510803223,0.427517414093018,0.486490279436111,0.601581156253815,0.514368236064911,0.438007950782776,0,0.258195519447327,0.561510384082794,0.693546175956726,0.791005313396454,0.894743323326111,0.926029324531555,0.919018924236298,0.912042558193207,0.743684649467468,0.672927439212799,0.869334578514099,0.364276230335236,0,0,0.464119404554367,0,0,0,0,0,0,0,0.510736107826233,0.401703149080276,0,0.282951503992081,0,0,0,0,0,0,0.503709614276886,0,0,0,0.190737947821617,0,0,0,0,0,0,0,0,0,0,0,0,0,0,0,0.172105684876442,0.394328057765961,0.316465824842453,0,0,0,0,0,0,0,0,0,0,0,0,0,0,0,0,0,0,0,0,0,0,0,0,0,0,0,0,0,0,0,0,0,0,0,0,0,0,0,0,0,0,0,114
Soest,0,0,0,0,0,0,0,0,0,0,0,0,0,0,0,0,0,0,0,0,0,0,0,0,0,0,0,0,0,0,0,0,0,0,0,0,0,0,0,0,0,0,0,0,0,0,0,0,0,0,0,0,0,0,0,0,0,0,0,0,0,0,0,0,0,0,0,0,0,0,0,0,0,0,0,0,0,0,0,0,0,0,0,0,0,0,0,0,0,0,0,0,0,0,0,0,0,0,0,0,0,0,0,0,0,0,0,0,0,0,0,0,0,0,0,0,0,0,0,0,0,0,0,0,0,0,0,0,0,0,0,0,0,0,0,0,0,0,0,0,0,0,0,0.00618091644719243,0.00902886036783457,0,0.0135194445028901,0,0.0286944806575775,0,0,0,0,0,0,0,0,0,0,0,0,0,0,0,0,0,0,0,0,0,0,0,0,0,0,0,0,0,0.0607839040458202,0,0,0,0,0,0,0.142188370227814,0.17949166893959,0.251921504735947,0.209223702549934,0.246838435530663,0.283177077770233,0,0,0,0.155948773026466,0.267247170209885,0.177262678742409,0,0.174925684928894,0.350244462490082,0.31196591258049,0.272352397441864,0.364622980356216,0.475707709789276,0.501151442527771,0.320014983415604,0.257932811975479,0.356864750385284,0.519826471805573,0.612494170665741,0.683445036411285,0.674560844898224,0.459678471088409,0.40439173579216,0.626761913299561,0.724709451198578,0.505994498729706,0.279447704553604,0,0.298957675695419,0.548004150390625,0.52108108997345,0,0,0,0,0.22374115884304,0.387330442667007,0.349580824375153,0,0,0,0,0.521906912326813,0.561961233615875,0.606491506099701,0.533429205417633,0.63592940568924,0.809251070022583,0.923185527324677,0.962986707687378,0.914034724235535,0.747767746448517,0.582463324069977,0.572402656078339,0.731638550758362,0.584249556064606,0.510890245437622,0.569906234741211,0.494230389595032,0.64296293258667,0.796107709407806,0.6862832903862,0.639823615550995,0.588401019573212,0.740508675575256,0.77079713344574,0.586019694805145,0.2897028028965,0,0.271584540605545,0.427517354488373,0.486490249633789,0.601581156253815,0.514368295669556,0.438007980585098,0,0.258195519447327,0.561510324478149,0.693546116352081,0.791005313396454,0.894743323326111,0.9260293841362,0.919019043445587,0.912042558193207,0.743684649467468,0.672927439212799,0.869334578514099,0.364276230335236,0,0,0.464119404554367,0,0,0,0,0,0,0,0.510736107826233,0.401703178882599,0,0.282951533794403,0,0,0,0,0,0,0.503709614276886,0,0,0,0.190737932920456,0,0,0,0,0,0,0,0,0,0,0,0,0,0,0,0.172105684876442,0.394328057765961,0.316465854644775,0,0,0,0,0,0,0,0,0,0,0,0,0,0,0,0,0,0,0,0,0,0,0,0,0,0,0,0,0,0,0,0,0,0,0,0,0,0,0,0,0,0,0,115
Unna,0,0,0,0,0,0,0,0,0,0,0,0,0,0,0,0,0,0,0,0,0,0,0,0,0,0,0,0,0,0,0,0,0,0,0,0,0,0,0,0,0,0,0,0,0,0,0,0,0,0,0,0,0,0,0,0,0,0,0,0,0,0,0,0,0,0,0,0,0,0,0,0,0,0,0,0,0,0,0,0,0,0,0,0,0,0,0,0,0,0,0,0,0,0,0,0,0,0,0,0,0,0,0,0,0,0,0,0,0,0,0,0,0,0,0,0,0,0,0,0,0,0,0,0,0,0,0,0,0,0,0,0,0,0,0,0,0,0,0,0,0,0,0,0.00618091598153114,0.00902886036783457,0,0.0135194445028901,0,0.0286944787949324,0,0,0,0,0,0,0,0,0,0,0,0,0,0,0,0,0,0,0,0,0,0,0,0,0,0,0,0,0,0.0607839040458202,0,0,0,0,0,0,0.142188370227814,0.17949166893959,0.251921504735947,0.209223717451096,0.246838435530663,0.283177077770233,0,0,0,0.155948787927628,0.267247170209885,0.177262678742409,0,0.174925684928894,0.350244462490082,0.311965942382813,0.272352397441864,0.364622980356216,0.475707679986954,0.501151442527771,0.320014983415604,0.257932811975479,0.356864750385284,0.519826531410217,0.612494170665741,0.683444976806641,0.674560844898224,0.459678471088409,0.404391765594482,0.626761853694916,0.724709391593933,0.505994498729706,0.279447674751282,0,0.298957705497742,0.548004150390625,0.521081030368805,0,0,0,0,0.22374115884304,0.387330442667007,0.34958079457283,0,0,0,0,0.521906912326813,0.561961233615875,0.606491506099701,0.533429265022278,0.63592940568924,0.809251070022583,0.923185467720032,0.962986707687378,0.914034783840179,0.747767746448517,0.582463324069977,0.572402656078339,0.731638550758362,0.58424961566925,0.510890245437622,0.569906234741211,0.494230389595032,0.64296293258667,0.796107649803162,0.6862832903862,0.63982355594635,0.588401079177856,0.740508615970612,0.770797073841095,0.586019694805145,0.2897028028965,0,0.271584540605545,0.427517384290695,0.486490249633789,0.601581156253815,0.514368236064911,0.438007980585098,0,0.258195519447327,0.561510384082794,0.693546116352081,0.791005313396454,0.894743382930756,0.926029324531555,0.919018983840942,0.912042558193207,0.743684649467468,0.672927498817444,0.869334578514099,0.364276230335236,0,0,0.464119404554367,0,0,0,0,0,0,0,0.510736167430878,0.401703178882599,0,0.282951533794403,0,0,0,0,0,0,0.503709614276886,0,0,0,0.190737947821617,0,0,0,0,0,0,0,0,0,0,0,0,0,0,0,0.172105684876442,0.394328027963638,0.316465824842453,0,0,0,0,0,0,0,0,0,0,0,0,0,0,0,0,0,0,0,0,0,0,0,0,0,0,0,0,0,0,0,0,0,0,0,0,0,0,0,0,0,0,0,116
Darmstadt,0,0,0,0,0,0,0,0,0,0,0,0,0,0,0,0,0,0,0,0,0,0,0,0,0,0,0,0,0,0,0,0,0,0,0,0,0,0,0,0,0,0,0,0,0,0,0,0,0,0,0,0,0,0,0,0,0,0,0,0,0,0,0,0,0,0,0,0,0,0,0,0,0,0,0,0,0,0,0,0,0,0,0,0,0,0,0,0,0,0,0,0,0,0,0,0,0,0,0,0,0,0,0,0,0,0,0,0,0,0,0,0,0,0,0,0,0,0,0,0,0,0,0,0,0,0,0,0,0,0,0,0,0,0,0,0,0,0,0,0,0,0,0,0.0119854938238859,0.0164371114224195,0.0210194811224937,0.0300871133804321,0.0205240864306688,0,0,0,0,0,0,0,0,0,0,0,0,0,0,0,0,0,0,0,0,0,0,0,0,0,0.0829838812351227,0,0,0,0,0.154701009392738,0.124253831803799,0.131153836846352,0,0,0,0,0.285558760166168,0.352895259857178,0.435126394033432,0.389152407646179,0.455804944038391,0.503994464874268,0,0,0,0.315123111009598,0.379447370767593,0.300556033849716,0.212981626391411,0.359668523073196,0.465593457221985,0.543747842311859,0.472464472055435,0.582706093788147,0.742556869983673,0.804211139678955,0.583677172660828,0.554534673690796,0.588088512420654,0.750783681869507,0.9066002368927,0.999661803245544,1.07778191566467,0.965274333953857,0.816232860088348,0.960658848285675,1.14607381820679,0.96723073720932,0.740338444709778,0.720400333404541,0.778961360454559,0.969986915588379,1.09754550457001,0.62821763753891,0.28995954990387,0,0.686784207820892,0.606320261955261,0.645376324653625,0.66280597448349,0.498433649539948,0.517809569835663,0.583451092243195,0.8402259349823,1.00533699989319,1.00236701965332,1.22158777713776,1.15902924537659,1.18933033943176,1.37845265865326,1.51412260532379,1.58228468894958,1.5351026058197,1.1396347284317,0.932345628738403,1.09717965126038,1.27483713626862,1.10628116130829,1.0367546081543,1.11894774436951,1.09624052047729,1.29111433029175,1.45941948890686,1.28171634674072,1.03662276268005,1.26926016807556,1.43629956245422,1.37731719017029,1.03256869316101,0.69522088766098,0.602859437465668,0.791317939758301,0.930437624454498,1.03438520431519,1.02628326416016,1.4393105506897,1.19730424880981,0.6251140832901,0.819730162620544,1.09299826622009,1.31198740005493,1.45754778385162,1.61992037296295,1.68116044998169,1.72264730930328,1.70763647556305,1.59507894515991,1.48985993862152,1.67689144611359,1.13057363033295,0.56503438949585,0.785906553268433,1.07579207420349,0.466816276311874,0,0,0,0,0,0,1.11010229587555,0.96504271030426,0.842708349227905,0.981258451938629,0.880332589149475,0.472702383995056,0,0,0,0,0.677799224853516,0.391348302364349,0,0,0.416103065013885,0,0,0.422009348869324,0,0,0,0,0,0,0,0,0,0,0,0,0.281978368759155,0.696985125541687,0.607791066169739,0,0,0,0,0,0,0,0,0,0,0,0,0,0,0,0,0,0,0,0,0,0,0,0,0,0,0,0,0,0,0,0,0,0,0,0,0,0,0,0,0,0,0,117
Frankfurt am Main,0,0,0,0,0,0,0,0,0,0,0,0,0,0,0,0,0,0,0,0,0,0,0,0,0,0,0,0,0,0,0,0,0,0,0,0,0,0,0,0,0,0,0,0,0,0,0,0,0,0,0,0,0,0,0,0,0,0,0,0,0,0,0,0,0,0,0,0,0,0,0,0,0,0,0,0,0,0,0,0,0,0,0,0,0,0,0,0,0,0,0,0,0,0,0,0,0,0,0,0,0,0,0,0,0,0,0,0,0,0,0,0,0,0,0,0,0,0,0,0,0,0,0,0,0,0,0,0,0,0,0,0,0,0,0,0,0,0,0,0,0,0,0,0.0116961216554046,0.0160940326750278,0.0203995108604431,0.0294360388070345,0.0206122696399689,0.00205186032690108,0,0,0,0,0,0,0,0,0,0,0,0,0,0,0,0,0,0,0,0,0,0,0,0,0.0827815532684326,0,0,0,0,0.150081634521484,0.115763314068317,0.127483025193214,0,0,0,0,0.280606508255005,0.348084330558777,0.429155647754669,0.384399086236954,0.450028657913208,0.499608486890793,0,0.0115075837820768,0,0.311237096786499,0.373863488435745,0.30015230178833,0.198428153991699,0.357942700386047,0.465627640485764,0.538990616798401,0.462189525365829,0.575587689876556,0.734265863895416,0.796528875827789,0.578794836997986,0.550076484680176,0.579666316509247,0.743930041790009,0.896408498287201,0.988733172416687,1.06806468963623,0.955081820487976,0.804326593875885,0.949064791202545,1.13410377502441,0.960701167583466,0.732410073280334,0.708690345287323,0.766188740730286,0.953481078147888,1.08638370037079,0.620122373104095,0.270146042108536,0,0.667572855949402,0.584443509578705,0.636556386947632,0.647863745689392,0.488519579172134,0.515655934810638,0.57906436920166,0.829655110836029,0.992696523666382,0.989602863788605,1.20989346504211,1.14523386955261,1.17361879348755,1.36171925067902,1.49621987342834,1.56360161304474,1.51776361465454,1.13055837154388,0.925415337085724,1.07865512371063,1.25893044471741,1.09219574928284,1.02136886119843,1.10054039955139,1.074373960495,1.2707896232605,1.43351268768311,1.26752412319183,1.02127468585968,1.25005209445953,1.42086708545685,1.36124849319458,1.02929830551147,0.693353474140167,0.590866386890411,0.768793523311615,0.904958069324493,1.01650905609131,1.01078402996063,1.42601954936981,1.18342769145966,0.607997477054596,0.796642422676086,1.07180988788605,1.28934800624847,1.43656325340271,1.59884548187256,1.6583456993103,1.69675314426422,1.68172264099121,1.5718400478363,1.47223269939423,1.65280830860138,1.12480175495148,0.549475491046906,0.759228944778442,1.05677461624146,0.468197166919708,0,0,0,0,0,0,1.08997797966003,0.945980668067932,0.827659964561462,0.962455749511719,0.859602153301239,0.440401643514633,0,0,0,0,0.655429542064667,0.36460667848587,0,0,0.387669891119003,0,0,0.417260587215424,0,0,0,0,0,0,0,0,0,0,0,0,0.262710213661194,0.686480462551117,0.594925045967102,0,0,0,0,0,0,0,0,0,0,0,0,0,0,0,0,0,0,0,0,0,0,0,0,0,0,0,0,0,0,0,0,0,0,0,0,0,0,0,0,0,0,0,118
Offenbach am Main,0,0,0,0,0,0,0,0,0,0,0,0,0,0,0,0,0,0,0,0,0,0,0,0,0,0,0,0,0,0,0,0,0,0,0,0,0,0,0,0,0,0,0,0,0,0,0,0,0,0,0,0,0,0,0,0,0,0,0,0,0,0,0,0,0,0,0,0,0,0,0,0,0,0,0,0,0,0,0,0,0,0,0,0,0,0,0,0,0,0,0,0,0,0,0,0,0,0,0,0,0,0,0,0,0,0,0,0,0,0,0,0,0,0,0,0,0,0,0,0,0,0,0,0,0,0,0,0,0,0,0,0,0,0,0,0,0,0,0,0,0,0,0,0.00838820263743401,0.012172139249742,0.0133123658597469,0.0219933483749628,0.0216203201562166,0.0255075041204691,0,0,0,0,0,0,0,0,0,0,0,0,0,0,0,0,0,0,0,0,0,0,0,0,0.080468624830246,0,0,0,0,0.0972758233547211,0.0187047459185123,0.085520476102829,0,0,0,0,0.223995327949524,0.293088018894196,0.360901236534119,0.330062031745911,0.383997708559036,0.449470013380051,0,0.1430554240942,0,0.266814261674881,0.310031712055206,0.295536905527115,0.0320615246891975,0.33821377158165,0.466018289327621,0.48460865020752,0.344732135534286,0.49421414732933,0.639487683773041,0.708709359169006,0.522982478141785,0.499112516641617,0.483387738466263,0.665582418441772,0.779902517795563,0.863803088665009,0.956982910633087,0.838566720485687,0.66822075843811,0.816528975963593,0.997267484664917,0.886058330535889,0.64177805185318,0.574827790260315,0.620180189609528,0.764794886112213,0.958788216114044,0.527581989765167,0.0436495169997215,0,0.447959393262863,0.334360241889954,0.535731673240662,0.477053076028824,0.375187605619431,0.491036802530289,0.528918266296387,0.708815217018127,0.848197638988495,0.843690633773804,1.0762106180191,0.987533628940582,0.994014263153076,1.17043197154999,1.29156589508057,1.35002791881561,1.31955373287201,1.02680349349976,0.84619152545929,0.866892516613007,1.0770925283432,0.931179106235504,0.845487236976624,0.890117824077606,0.824409365653992,1.03844821453094,1.13736045360565,1.1052873134613,0.845824360847473,1.03047657012939,1.24445199966431,1.1775621175766,0.991912364959717,0.672006249427795,0.453768700361252,0.511307656764984,0.613690853118896,0.81215888261795,0.833606421947479,1.27408373355865,1.02479946613312,0.412330240011215,0.532716929912567,0.829596340656281,1.0305483341217,1.1966792345047,1.35792922973633,1.39753973484039,1.40074563026428,1.38549160957336,1.30618739128113,1.27072787284851,1.37750327587128,1.0588207244873,0.371615767478943,0.454265952110291,0.839376926422119,0.483982533216476,0,0,0,0,0,0,0.85992842912674,0.728074669837952,0.655635714530945,0.747514307498932,0.622624158859253,0.0711589902639389,0,0,0,0,0.399712383747101,0.0589122325181961,0,0,0.0626387223601341,0,0,0.362975567579269,0,0,0,0,0,0,0,0,0,0,0,0,0.0424480549991131,0.566396951675415,0.447848677635193,0,0,0,0,0,0,0,0,0,0,0,0,0,0,0,0,0,0,0,0,0,0,0,0,0,0,0,0,0,0,0,0,0,0,0,0,0,0,0,0,0,0,0,119
Wiesbaden,0,0,0,0,0,0,0,0,0,0,0,0,0,0,0,0,0,0,0,0,0,0,0,0,0,0,0,0,0,0,0,0,0,0,0,0,0,0,0,0,0,0,0,0,0,0,0,0,0,0,0,0,0,0,0,0,0,0,0,0,0,0,0,0,0,0,0,0,0,0,0,0,0,0,0,0,0,0,0,0,0,0,0,0,0,0,0,0,0,0,0,0,0,0,0,0,0,0,0,0,0,0,0,0,0,0,0,0,0,0,0,0,0,0,0,0,0,0,0,0,0,0,0,0,0,0,0,0,0,0,0,0,0,0,0,0,0,0,0,0,0,0,0,0.0119854938238859,0.0164371114224195,0.0210194811224937,0.0300871133804321,0.0205240845680237,0,0,0,0,0,0,0,0,0,0,0,0,0,0,0,0,0,0,0,0,0,0,0,0,0,0.0829838886857033,0,0,0,0,0.154700994491577,0.124253824353218,0.131153851747513,0,0,0,0,0.285558760166168,0.3528952896595,0.435126423835754,0.389152437448502,0.455804944038391,0.503994464874268,0,0,0,0.31512314081192,0.379447340965271,0.300556033849716,0.212981626391411,0.359668552875519,0.465593457221985,0.543747842311859,0.472464472055435,0.582706093788147,0.742556929588318,0.804211139678955,0.583677113056183,0.554534673690796,0.588088512420654,0.750783741474152,0.9066002368927,0.999661803245544,1.07778191566467,0.965274274349213,0.816232800483704,0.96065878868103,1.14607381820679,0.967230796813965,0.740338444709778,0.720400393009186,0.778961300849915,0.969986975193024,1.09754538536072,0.62821763753891,0.289959579706192,0,0.686784267425537,0.606320321559906,0.645376324653625,0.66280597448349,0.498433619737625,0.517809569835663,0.583451092243195,0.8402259349823,1.00533699989319,1.00236701965332,1.22158777713776,1.15902924537659,1.18933033943176,1.37845277786255,1.51412272453308,1.58228468894958,1.5351026058197,1.1396347284317,0.932345628738403,1.09717977046967,1.27483725547791,1.10628116130829,1.0367546081543,1.11894774436951,1.09624052047729,1.29111433029175,1.45941948890686,1.28171634674072,1.03662276268005,1.26926016807556,1.43629956245422,1.37731719017029,1.03256869316101,0.69522088766098,0.602859437465668,0.791317999362946,0.930437624454498,1.03438520431519,1.02628314495087,1.43931043148041,1.19730424880981,0.6251140832901,0.8197301030159,1.09299826622009,1.31198740005493,1.45754790306091,1.61992049217224,1.68116044998169,1.72264730930328,1.70763647556305,1.5950790643692,1.48986005783081,1.67689144611359,1.13057363033295,0.56503438949585,0.785906553268433,1.07579207420349,0.466816276311874,0,0,0,0,0,0,1.11010217666626,0.965042650699615,0.84270828962326,0.981258451938629,0.880332589149475,0.472702354192734,0,0,0,0,0.677799224853516,0.391348302364349,0,0,0.416103065013885,0,0,0.422009348869324,0,0,0,0,0,0,0,0,0,0,0,0,0.281978338956833,0.696985125541687,0.607791066169739,0,0,0,0,0,0,0,0,0,0,0,0,0,0,0,0,0,0,0,0,0,0,0,0,0,0,0,0,0,0,0,0,0,0,0,0,0,0,0,0,0,0,0,120
Bergstraße,0,0,0,0,0,0,0,0,0,0,0,0,0,0,0,0,0,0,0,0,0,0,0,0,0,0,0,0,0,0,0,0,0,0,0,0,0,0,0,0,0,0,0,0,0,0,0,0,0,0,0,0,0,0,0,0,0,0,0,0,0,0,0,0,0,0,0,0,0,0,0,0,0,0,0,0,0,0,0,0,0,0,0,0,0,0,0,0,0,0,0,0,0,0,0,0,0,0,0,0,0,0,0,0,0,0,0,0,0,0,0,0,0,0,0,0,0,0,0,0,0,0,0,0,0,0,0,0,0,0,0,0,0,0,0,0,0,0,0,0,0,0,0,0.0105229923501611,0.0147031610831618,0.0178861040621996,0.0267965421080589,0.0209697671234608,0.0103702386841178,0,0,0,0,0,0,0,0,0,0,0,0,0,0,0,0,0,0,0,0,0,0,0,0,0.0819612890481949,0,0,0,0,0.131354421377182,0.0813421756029129,0.112601310014725,0,0,0,0,0.260529756546021,0.328580260276794,0.404949694871902,0.365128844976425,0.42661127448082,0.481827229261398,0,0.0581600964069366,0,0.295482873916626,0.351226001977921,0.298515468835831,0.139427408576012,0.350945979356766,0.465766191482544,0.519704401493073,0.420534074306488,0.546729147434235,0.700653433799744,0.765384316444397,0.559001386165619,0.532002449035645,0.545521795749664,0.716144561767578,0.855090498924255,0.94442754983902,1.02867031097412,0.913760542869568,0.756057620048523,0.902061879634857,1.08557569980621,0.934229552745819,0.700268089771271,0.661216914653778,0.714407801628113,0.88656485080719,1.04113280773163,0.587303578853607,0.189820662140846,0,0.58968847990036,0.495753228664398,0.60079962015152,0.587286949157715,0.44832718372345,0.50692492723465,0.561280429363251,0.786800146102905,0.941451013088226,0.937856078147888,1.16248381137848,1.08930671215057,1.10992336273193,1.29388058185577,1.42364072799683,1.48785924911499,1.44746994972229,1.09376239776611,0.897319138050079,1.00355505943298,1.19444286823273,1.03509223461151,0.958993673324585,1.02591550350189,0.985725820064545,1.18839132785797,1.328484416008,1.20998799800873,0.959052443504333,1.17218124866486,1.35830271244049,1.29610538482666,1.01603960990906,0.685782849788666,0.54224568605423,0.677478015422821,0.80166220664978,0.944037795066833,0.947949290275574,1.3721364736557,1.12717127799988,0.538605451583862,0.703043103218079,0.985910475254059,1.19756650924683,1.35149013996124,1.51340627670288,1.56585264205933,1.59177601337433,1.57666647434235,1.47762823104858,1.40077042579651,1.55517327785492,1.10140204429626,0.486398786306381,0.651075959205627,0.979676067829132,0.47379532456398,0,0,0,0,0,0,1.00839257240295,0.868701815605164,0.766652762889862,0.886228322982788,0.775559604167938,0.30945235490799,0,0,0,0,0.564741253852844,0.256194293498993,0,0,0.272399872541428,0,0,0.398008793592453,0,0,0,0,0,0,0,0,0,0,0,0,0.184595793485641,0.643893718719482,0.542765498161316,0,0,0,0,0,0,0,0,0,0,0,0,0,0,0,0,0,0,0,0,0,0,0,0,0,0,0,0,0,0,0,0,0,0,0,0,0,0,0,0,0,0,0,121
Darmstadt-Dieburg,0,0,0,0,0,0,0,0,0,0,0,0,0,0,0,0,0,0,0,0,0,0,0,0,0,0,0,0,0,0,0,0,0,0,0,0,0,0,0,0,0,0,0,0,0,0,0,0,0,0,0,0,0,0,0,0,0,0,0,0,0,0,0,0,0,0,0,0,0,0,0,0,0,0,0,0,0,0,0,0,0,0,0,0,0,0,0,0,0,0,0,0,0,0,0,0,0,0,0,0,0,0,0,0,0,0,0,0,0,0,0,0,0,0,0,0,0,0,0,0,0,0,0,0,0,0,0,0,0,0,0,0,0,0,0,0,0,0,0,0,0,0,0,0.00926350150257349,0.0132098998874426,0.0151876751333475,0.0239627361297607,0.0213535837829113,0.019300976768136,0,0,0,0,0,0,0,0,0,0,0,0,0,0,0,0,0,0,0,0,0,0,0,0,0.0810806453227997,0,0,0,0,0.11124861985445,0.0443871282041073,0.096624068915844,0,0,0,0,0.238975062966347,0.307640433311462,0.378961861133575,0.344440013170242,0.401470005512238,0.462737023830414,0,0.108246937394142,0,0.278568863868713,0.326922059059143,0.29675817489624,0.0760833099484444,0.34343421459198,0.465914964675903,0.498998522758484,0.375812202692032,0.515746176242828,0.664566695690155,0.731947064399719,0.537750840187073,0.512597918510437,0.508863747119904,0.68631374835968,0.810730874538422,0.896860539913177,0.98637592792511,0.869397461414337,0.704235315322876,0.851598918437958,1.03347539901733,0.905809342861176,0.665759980678558,0.610248804092407,0.658815085887909,0.81472259759903,0.992550849914551,0.552068889141083,0.103582099080086,0,0.506070673465729,0.400534063577652,0.562410593032837,0.522250831127167,0.405176073312759,0.497551172971725,0.542187333106995,0.74079030752182,0.886433124542236,0.882300078868866,1.11158406734467,1.02926230430603,1.04153895378113,1.22104799747467,1.34571874141693,1.40654110908508,1.37200152873993,1.05425775051117,0.867154717445374,0.922926425933838,1.12520813941956,0.97378534078598,0.892026782035828,0.945797145366669,0.890551745891571,1.09992742538452,1.2157244682312,1.14821636676788,0.892249763011932,1.08857786655426,1.29113268852234,1.22616684436798,1.00180494785309,0.677654981613159,0.490045726299286,0.579440295696259,0.690762281417847,0.866231441497803,0.880488932132721,1.31428706645966,1.0667736530304,0.464105218648911,0.602553486824036,0.893687725067139,1.09902858734131,1.26015424728394,1.42167747020721,1.46655094623566,1.47907137870789,1.46387648582458,1.37648105621338,1.32404756546021,1.45035099983215,1.07627987861633,0.418678730726242,0.534961342811584,0.896901905536652,0.479805648326874,0,0,0,0,0,0,0.920801222324371,0.785734176635742,0.701154589653015,0.804389357566833,0.685330212116241,0.168863207101822,0,0,0,0,0.467376947402954,0.139801144599915,0,0,0.148644268512726,0,0,0.37733981013298,0,0,0,0,0,0,0,0,0,0,0,0,0.1007309705019,0.598171949386597,0.486766159534454,0,0,0,0,0,0,0,0,0,0,0,0,0,0,0,0,0,0,0,0,0,0,0,0,0,0,0,0,0,0,0,0,0,0,0,0,0,0,0,0,0,0,0,122
Groß-Gerau,0,0,0,0,0,0,0,0,0,0,0,0,0,0,0,0,0,0,0,0,0,0,0,0,0,0,0,0,0,0,0,0,0,0,0,0,0,0,0,0,0,0,0,0,0,0,0,0,0,0,0,0,0,0,0,0,0,0,0,0,0,0,0,0,0,0,0,0,0,0,0,0,0,0,0,0,0,0,0,0,0,0,0,0,0,0,0,0,0,0,0,0,0,0,0,0,0,0,0,0,0,0,0,0,0,0,0,0,0,0,0,0,0,0,0,0,0,0,0,0,0,0,0,0,0,0,0,0,0,0,0,0,0,0,0,0,0,0,0,0,0,0,0,0.0119854928925633,0.0164371114224195,0.0210194811224937,0.0300871133804321,0.0205240864306688,0,0,0,0,0,0,0,0,0,0,0,0,0,0,0,0,0,0,0,0,0,0,0,0,0,0.0829838886857033,0,0,0,0,0.154701009392738,0.124253824353218,0.131153851747513,0,0,0,0,0.285558760166168,0.352895259857178,0.435126394033432,0.389152437448502,0.455804973840714,0.503994464874268,0,0,0,0.31512314081192,0.379447400569916,0.300556033849716,0.212981641292572,0.359668552875519,0.465593457221985,0.543747842311859,0.472464501857758,0.582706093788147,0.742556929588318,0.804211139678955,0.583677172660828,0.554534733295441,0.588088512420654,0.750783741474152,0.906600177288055,0.9996617436409,1.07778191566467,0.965274274349213,0.816232860088348,0.960658848285675,1.14607381820679,0.96723073720932,0.740338444709778,0.720400333404541,0.778961300849915,0.969986975193024,1.09754538536072,0.628217577934265,0.289959579706192,0,0.686784267425537,0.606320321559906,0.645376324653625,0.66280597448349,0.498433649539948,0.517809569835663,0.583451092243195,0.840225875377655,1.0053368806839,1.00236701965332,1.22158777713776,1.15902924537659,1.18933033943176,1.37845277786255,1.51412260532379,1.58228468894958,1.53510272502899,1.1396347284317,0.932345628738403,1.09717965126038,1.27483737468719,1.10628116130829,1.03675472736359,1.11894774436951,1.09624040126801,1.29111444950104,1.45941948890686,1.28171634674072,1.03662276268005,1.26926016807556,1.43629944324493,1.377317070961,1.03256869316101,0.69522088766098,0.602859497070313,0.791317939758301,0.930437624454498,1.03438532352448,1.02628314495087,1.4393105506897,1.19730424880981,0.6251140832901,0.8197301030159,1.09299826622009,1.31198740005493,1.45754778385162,1.61992037296295,1.68116044998169,1.72264730930328,1.70763635635376,1.59507894515991,1.48985993862152,1.67689144611359,1.13057363033295,0.56503438949585,0.785906612873077,1.07579207420349,0.466816276311874,0,0,0,0,0,0,1.11010217666626,0.96504271030426,0.84270828962326,0.981258451938629,0.880332589149475,0.472702354192734,0,0,0,0,0.677799224853516,0.391348302364349,0,0,0.416103035211563,0,0,0.422009348869324,0,0,0,0,0,0,0,0,0,0,0,0,0.281978368759155,0.696985125541687,0.607791006565094,0,0,0,0,0,0,0,0,0,0,0,0,0,0,0,0,0,0,0,0,0,0,0,0,0,0,0,0,0,0,0,0,0,0,0,0,0,0,0,0,0,0,0,123
Hochtaunuskreis,0,0,0,0,0,0,0,0,0,0,0,0,0,0,0,0,0,0,0,0,0,0,0,0,0,0,0,0,0,0,0,0,0,0,0,0,0,0,0,0,0,0,0,0,0,0,0,0,0,0,0,0,0,0,0,0,0,0,0,0,0,0,0,0,0,0,0,0,0,0,0,0,0,0,0,0,0,0,0,0,0,0,0,0,0,0,0,0,0,0,0,0,0,0,0,0,0,0,0,0,0,0,0,0,0,0,0,0,0,0,0,0,0,0,0,0,0,0,0,0,0,0,0,0,0,0,0,0,0,0,0,0,0,0,0,0,0,0,0,0,0,0,0,0.0119854928925633,0.0164371114224195,0.0210194811224937,0.0300871133804321,0.0205240845680237,0,0,0,0,0,0,0,0,0,0,0,0,0,0,0,0,0,0,0,0,0,0,0,0,0,0.0829838812351227,0,0,0,0,0.154700994491577,0.124253831803799,0.131153836846352,0,0,0,0,0.285558760166168,0.352895259857178,0.435126423835754,0.389152407646179,0.455804944038391,0.503994464874268,0,0,0,0.315123111009598,0.379447370767593,0.300556033849716,0.212981626391411,0.359668523073196,0.465593427419662,0.543747842311859,0.472464501857758,0.582706093788147,0.742556869983673,0.804211139678955,0.583677113056183,0.554534673690796,0.588088512420654,0.750783681869507,0.9066002368927,0.999661803245544,1.07778191566467,0.965274333953857,0.816232860088348,0.960658848285675,1.14607381820679,0.96723073720932,0.740338444709778,0.720400333404541,0.778961300849915,0.969986975193024,1.09754550457001,0.628217577934265,0.289959579706192,0,0.686784267425537,0.606320321559906,0.64537638425827,0.66280597448349,0.498433619737625,0.517809569835663,0.583451092243195,0.840225875377655,1.00533699989319,1.00236701965332,1.22158777713776,1.15902936458588,1.18933033943176,1.37845277786255,1.51412260532379,1.5822845697403,1.5351026058197,1.13963460922241,0.932345628738403,1.09717977046967,1.27483725547791,1.10628116130829,1.0367546081543,1.11894774436951,1.09624040126801,1.29111421108246,1.45941948890686,1.28171634674072,1.03662276268005,1.26926016807556,1.43629944324493,1.377317070961,1.03256869316101,0.69522088766098,0.602859497070313,0.791317939758301,0.930437624454498,1.03438532352448,1.02628314495087,1.4393105506897,1.19730424880981,0.6251140832901,0.819730162620544,1.09299826622009,1.31198740005493,1.45754778385162,1.61992049217224,1.68116044998169,1.72264730930328,1.70763647556305,1.59507894515991,1.48985993862152,1.67689144611359,1.13057363033295,0.56503438949585,0.785906553268433,1.07579207420349,0.466816246509552,0,0,0,0,0,0,1.11010229587555,0.96504271030426,0.84270828962326,0.981258451938629,0.88033252954483,0.472702354192734,0,0,0,0,0.677799165248871,0.391348272562027,0,0,0.416103065013885,0,0,0.422009348869324,0,0,0,0,0,0,0,0,0,0,0,0,0.281978368759155,0.696985125541687,0.607791006565094,0,0,0,0,0,0,0,0,0,0,0,0,0,0,0,0,0,0,0,0,0,0,0,0,0,0,0,0,0,0,0,0,0,0,0,0,0,0,0,0,0,0,0,124
Main-Kinzig-Kreis,0,0,0,0,0,0,0,0,0,0,0,0,0,0,0,0,0,0,0,0,0,0,0,0,0,0,0,0,0,0,0,0,0,0,0,0,0,0,0,0,0,0,0,0,0,0,0,0,0,0,0,0,0,0,0,0,0,0,0,0,0,0,0,0,0,0,0,0,0,0,0,0,0,0,0,0,0,0,0,0,0,0,0,0,0,0,0,0,0,0,0,0,0,0,0,0,0,0,0,0,0,0,0,0,0,0,0,0,0,0,0,0,0,0,0,0,0,0,0,0,0,0,0,0,0,0,0,0,0,0,0,0,0,0,0,0,0,0,0,0,0,0,0,0.00775071373209357,0.0114163281396031,0.0119465589523315,0.0205590203404427,0.0218145903199911,0.030027786269784,0,0,0,0,0,0,0,0,0,0,0,0,0,0,0,0,0,0,0,0,0,0,0,0,0.0800228863954544,0,0,0,0,0.0870992988348007,0,0.0774336159229279,0,0,0,0,0.213085472583771,0.282489359378815,0.347747564315796,0.319590419530869,0.371272504329681,0.439807564020157,0,0.168406814336777,0,0.258253276348114,0.297730326652527,0.294647455215454,0,0.334411710500717,0.466093599796295,0.474128395318985,0.322096228599548,0.478532195091248,0.621222376823425,0.691785156726837,0.512226581573486,0.489290982484818,0.464833319187164,0.65048360824585,0.757449984550476,0.839727103710175,0.935575664043427,0.816112399101257,0.641991019248962,0.790987133979797,0.970897078514099,0.871673583984375,0.624311864376068,0.549030423164368,0.592041969299316,0.728432059288025,0.934198558330536,0.509748041629791,0,0,0.405636370182037,0.286165237426758,0.516301095485687,0.444135099649429,0.353346765041351,0.486292272806168,0.519254386425018,0.685527503490448,0.820350468158722,0.815571069717407,1.05044782161713,0.957142353057861,0.959401667118073,1.13356792926788,1.25212585926056,1.30886888504028,1.28135550022125,1.00680828094482,0.830923855304718,0.826082468032837,1.04204940795898,0.900148689746857,0.811592042446136,0.849566102027893,0.776237189769745,0.993672311306,1.08028733730316,1.07402169704437,0.812012255191803,0.988160908222198,1.21045410633087,1.14216279983521,0.984707534313202,0.667892336845398,0.427347809076309,0.461686044931412,0.557559013366699,0.772777438163757,0.799461543560028,1.24480330944061,0.994229257106781,0.374622076749802,0.481854259967804,0.78291791677475,0.980673432350159,1.15044975280762,1.31150090694427,1.34727823734283,1.34370028972626,1.32840323448181,1.25499188899994,1.23189473152161,1.32444763183594,1.04610526561737,0.337339341640472,0.395494729280472,0.797480940818787,0.487024664878845,0,0,0,0,0,0,0.815594255924225,0.686080753803253,0.622483849525452,0.706091642379761,0.576954662799835,0,0,0,0,0,0.350431591272354,0,0,0,0,0,0,0.352513998746872,0,0,0,0,0,0,0,0,0,0,0,0,0,0.543254971504211,0.419504731893539,0,0,0,0,0,0,0,0,0,0,0,0,0,0,0,0,0,0,0,0,0,0,0,0,0,0,0,0,0,0,0,0,0,0,0,0,0,0,0,0,0,0,0,125
Main-Taunus-Kreis,0,0,0,0,0,0,0,0,0,0,0,0,0,0,0,0,0,0,0,0,0,0,0,0,0,0,0,0,0,0,0,0,0,0,0,0,0,0,0,0,0,0,0,0,0,0,0,0,0,0,0,0,0,0,0,0,0,0,0,0,0,0,0,0,0,0,0,0,0,0,0,0,0,0,0,0,0,0,0,0,0,0,0,0,0,0,0,0,0,0,0,0,0,0,0,0,0,0,0,0,0,0,0,0,0,0,0,0,0,0,0,0,0,0,0,0,0,0,0,0,0,0,0,0,0,0,0,0,0,0,0,0,0,0,0,0,0,0,0,0,0,0,0,0.0119854938238859,0.0164371114224195,0.0210194811224937,0.0300871133804321,0.0205240845680237,0,0,0,0,0,0,0,0,0,0,0,0,0,0,0,0,0,0,0,0,0,0,0,0,0,0.0829838886857033,0,0,0,0,0.154700994491577,0.124253824353218,0.131153836846352,0,0,0,0,0.285558760166168,0.3528952896595,0.435126423835754,0.389152407646179,0.455804944038391,0.503994464874268,0,0,0,0.31512314081192,0.379447400569916,0.300556033849716,0.212981641292572,0.359668552875519,0.465593457221985,0.543747842311859,0.472464501857758,0.582706093788147,0.742556869983673,0.804211139678955,0.583677172660828,0.554534673690796,0.588088512420654,0.750783741474152,0.9066002368927,0.999661803245544,1.07778191566467,0.965274274349213,0.816232860088348,0.960658848285675,1.14607381820679,0.96723073720932,0.740338444709778,0.720400333404541,0.778961300849915,0.969986975193024,1.09754550457001,0.62821763753891,0.289959579706192,0,0.686784207820892,0.606320321559906,0.64537638425827,0.66280597448349,0.498433649539948,0.517809569835663,0.583451092243195,0.8402259349823,1.00533699989319,1.00236701965332,1.22158777713776,1.15902924537659,1.18933033943176,1.37845265865326,1.51412260532379,1.58228468894958,1.53510272502899,1.1396347284317,0.932345688343048,1.09717965126038,1.27483725547791,1.10628116130829,1.03675472736359,1.11894774436951,1.09624040126801,1.29111433029175,1.45941948890686,1.28171634674072,1.03662276268005,1.26926016807556,1.43629944324493,1.377317070961,1.03256869316101,0.69522088766098,0.602859497070313,0.791317939758301,0.930437624454498,1.03438532352448,1.02628314495087,1.43931043148041,1.19730424880981,0.6251140832901,0.819730162620544,1.09299826622009,1.31198740005493,1.45754790306091,1.61992037296295,1.68116056919098,1.72264719009399,1.70763635635376,1.59507894515991,1.48985993862152,1.67689144611359,1.13057363033295,0.565034329891205,0.785906553268433,1.07579207420349,0.466816246509552,0,0,0,0,0,0,1.11010229587555,0.96504271030426,0.842708349227905,0.981258451938629,0.880332589149475,0.472702354192734,0,0,0,0,0.677799224853516,0.391348302364349,0,0,0.416103065013885,0,0,0.422009348869324,0,0,0,0,0,0,0,0,0,0,0,0,0.281978368759155,0.696985125541687,0.607791066169739,0,0,0,0,0,0,0,0,0,0,0,0,0,0,0,0,0,0,0,0,0,0,0,0,0,0,0,0,0,0,0,0,0,0,0,0,0,0,0,0,0,0,0,126
Odenwaldkreis,0,0,0,0,0,0,0,0,0,0,0,0,0,0,0,0,0,0,0,0,0,0,0,0,0,0,0,0,0,0,0,0,0,0,0,0,0,0,0,0,0,0,0,0,0,0,0,0,0,0,0,0,0,0,0,0,0,0,0,0,0,0,0,0,0,0,0,0,0,0,0,0,0,0,0,0,0,0,0,0,0,0,0,0,0,0,0,0,0,0,0,0,0,0,0,0,0,0,0,0,0,0,0,0,0,0,0,0,0,0,0,0,0,0,0,0,0,0,0,0,0,0,0,0,0,0,0,0,0,0,0,0,0,0,0,0,0,0,0,0,0,0,0,0.00775071419775486,0.0114163281396031,0.0119465598836541,0.0205590203404427,0.021814588457346,0.030027786269784,0,0,0,0,0,0,0,0,0,0,0,0,0,0,0,0,0,0,0,0,0,0,0,0,0.080022893846035,0,0,0,0,0.0870993062853813,0,0.0774336159229279,0,0,0,0,0.21308545768261,0.282489359378815,0.347747564315796,0.319590449333191,0.371272504329681,0.439807534217834,0,0.168406814336777,0,0.258253276348114,0.297730326652527,0.294647455215454,0,0.334411710500717,0.466093599796295,0.474128395318985,0.322096228599548,0.478532165288925,0.621222376823425,0.691785156726837,0.512226521968842,0.489290952682495,0.464833319187164,0.65048360824585,0.757449984550476,0.839727103710175,0.935575664043427,0.816112399101257,0.641990959644318,0.790987133979797,0.970897018909454,0.87167352437973,0.624311864376068,0.549030363559723,0.592041969299316,0.728432059288025,0.934198498725891,0.509748041629791,0,0,0.405636370182037,0.286165207624435,0.516301095485687,0.444135099649429,0.353346735239029,0.48629230260849,0.519254326820374,0.685527503490448,0.820350468158722,0.815571010112762,1.05044782161713,0.957142353057861,0.959401607513428,1.13356781005859,1.25212585926056,1.30886888504028,1.28135550022125,1.00680816173553,0.830923795700073,0.826082468032837,1.04204952716827,0.900148689746857,0.811592042446136,0.849566102027893,0.776237189769745,0.993672370910645,1.08028733730316,1.07402181625366,0.812012255191803,0.988160908222198,1.21045410633087,1.14216279983521,0.984707534313202,0.667892336845398,0.427347809076309,0.461686074733734,0.557559013366699,0.772777438163757,0.799461483955383,1.24480330944061,0.994229257106781,0.374622076749802,0.481854230165482,0.782917857170105,0.980673491954803,1.15044975280762,1.31150090694427,1.34727823734283,1.34370028972626,1.32840311527252,1.25499188899994,1.23189473152161,1.32444763183594,1.04610526561737,0.337339371442795,0.395494729280472,0.797480940818787,0.487024664878845,0,0,0,0,0,0,0.815594255924225,0.686080694198608,0.622483909130096,0.706091642379761,0.576954662799835,0,0,0,0,0,0.350431591272354,0,0,0,0,0,0,0.352513998746872,0,0,0,0,0,0,0,0,0,0,0,0,0,0.543254971504211,0.419504702091217,0,0,0,0,0,0,0,0,0,0,0,0,0,0,0,0,0,0,0,0,0,0,0,0,0,0,0,0,0,0,0,0,0,0,0,0,0,0,0,0,0,0,0,127
Offenbach,0,0,0,0,0,0,0,0,0,0,0,0,0,0,0,0,0,0,0,0,0,0,0,0,0,0,0,0,0,0,0,0,0,0,0,0,0,0,0,0,0,0,0,0,0,0,0,0,0,0,0,0,0,0,0,0,0,0,0,0,0,0,0,0,0,0,0,0,0,0,0,0,0,0,0,0,0,0,0,0,0,0,0,0,0,0,0,0,0,0,0,0,0,0,0,0,0,0,0,0,0,0,0,0,0,0,0,0,0,0,0,0,0,0,0,0,0,0,0,0,0,0,0,0,0,0,0,0,0,0,0,0,0,0,0,0,0,0,0,0,0,0,0,0.00911425147205591,0.0130329467356205,0.0148679073899984,0.0236269272863865,0.0213990658521652,0.0203592795878649,0,0,0,0,0,0,0,0,0,0,0,0,0,0,0,0,0,0,0,0,0,0,0,0,0.0809762924909592,0,0,0,0,0.108866058290005,0.0400079116225243,0.0947307422757149,0,0,0,0,0.236420795321465,0.305159032344818,0.375882267951965,0.341988384723663,0.398490726947784,0.460474789142609,0,0.114182285964489,0,0.276564538478851,0.324042022228241,0.296549946069717,0.0685769617557526,0.342544049024582,0.465932577848434,0.496544867753983,0.37051260471344,0.512074708938599,0.660290360450745,0.727984726428986,0.535232603549957,0.510298490524292,0.504519701004028,0.682778775691986,0.80547422170639,0.891223788261414,0.981364011764526,0.864140391349792,0.698094367980957,0.845619022846222,1.02730143070221,0.902441620826721,0.661670684814453,0.604209005832672,0.652227282524109,0.80620926618576,0.986793875694275,0.547893524169922,0.0933627337217331,0,0.496161848306656,0.389250457286835,0.55786144733429,0.514543950557709,0.400062620639801,0.496440410614014,0.539924800395966,0.735338151454926,0.87991338968277,0.875716626644135,1.10555231571198,1.02214705944061,1.03343534469604,1.21241724491119,1.33648502826691,1.39690482616425,1.36305844783783,1.04957640171051,0.863580226898193,0.913371801376343,1.1170037984848,0.966520369052887,0.884091138839722,0.936303079128265,0.879273593425751,1.08944427967072,1.20236229896545,1.14089643955231,0.884333610534668,1.07867074012756,1.28317308425903,1.21787905693054,1.00011813640594,0.676691770553589,0.483859986066818,0.567822694778442,0.677620470523834,0.857011318206787,0.87249481678009,1.30743169784546,1.05961644649506,0.455276817083359,0.590645372867584,0.882759213447571,1.08735167980194,1.24933087825775,1.41080749034882,1.45478355884552,1.46571564674377,1.45051074028015,1.36449491977692,1.31495583057404,1.43792951107025,1.07330286502838,0.410653799772263,0.521201610565186,0.887093067169189,0.480517834424973,0,0,0,0,0,0,0.91042149066925,0.775902390480042,0.693392932415009,0.794691383838654,0.674637913703918,0.152203232049942,0,0,0,0,0.455839157104492,0.126008421182632,0,0,0.133979082107544,0,0,0.374890476465225,0,0,0,0,0,0,0,0,0,0,0,0,0.0907929018139839,0.592753827571869,0.480130165815353,0,0,0,0,0,0,0,0,0,0,0,0,0,0,0,0,0,0,0,0,0,0,0,0,0,0,0,0,0,0,0,0,0,0,0,0,0,0,0,0,0,0,0,128
Rheingau-Taunus-Kreis,0,0,0,0,0,0,0,0,0,0,0,0,0,0,0,0,0,0,0,0,0,0,0,0,0,0,0,0,0,0,0,0,0,0,0,0,0,0,0,0,0,0,0,0,0,0,0,0,0,0,0,0,0,0,0,0,0,0,0,0,0,0,0,0,0,0,0,0,0,0,0,0,0,0,0,0,0,0,0,0,0,0,0,0,0,0,0,0,0,0,0,0,0,0,0,0,0,0,0,0,0,0,0,0,0,0,0,0,0,0,0,0,0,0,0,0,0,0,0,0,0,0,0,0,0,0,0,0,0,0,0,0,0,0,0,0,0,0,0,0,0,0,0,0.0119854928925633,0.0164371114224195,0.0210194811224937,0.0300871152430773,0.0205240845680237,0,0,0,0,0,0,0,0,0,0,0,0,0,0,0,0,0,0,0,0,0,0,0,0,0,0.0829838886857033,0,0,0,0,0.154700994491577,0.124253831803799,0.131153836846352,0,0,0,0,0.285558760166168,0.352895259857178,0.435126423835754,0.389152407646179,0.455804944038391,0.503994464874268,0,0,0,0.315123111009598,0.379447340965271,0.300556063652039,0.212981626391411,0.359668523073196,0.465593427419662,0.543747842311859,0.472464501857758,0.582706093788147,0.742556929588318,0.804211139678955,0.583677113056183,0.554534673690796,0.588088572025299,0.750783681869507,0.906600177288055,0.9996617436409,1.07778191566467,0.965274274349213,0.816232800483704,0.96065878868103,1.14607381820679,0.96723073720932,0.740338444709778,0.720400393009186,0.778961300849915,0.969986975193024,1.09754550457001,0.62821763753891,0.289959579706192,0,0.686784267425537,0.606320321559906,0.645376324653625,0.66280597448349,0.498433649539948,0.517809569835663,0.583451092243195,0.8402259349823,1.0053368806839,1.00236701965332,1.22158777713776,1.15902924537659,1.18933033943176,1.37845265865326,1.51412272453308,1.58228468894958,1.53510272502899,1.13963460922241,0.932345628738403,1.09717965126038,1.27483725547791,1.10628116130829,1.0367546081543,1.11894774436951,1.09624040126801,1.29111433029175,1.45941948890686,1.28171634674072,1.03662276268005,1.26926016807556,1.43629944324493,1.37731719017029,1.03256869316101,0.695220947265625,0.602859437465668,0.791317939758301,0.930437564849854,1.03438532352448,1.02628314495087,1.43931043148041,1.19730424880981,0.6251140832901,0.819730162620544,1.09299826622009,1.31198740005493,1.45754778385162,1.61992037296295,1.68116056919098,1.72264730930328,1.70763635635376,1.59507894515991,1.48985993862152,1.67689144611359,1.13057363033295,0.565034329891205,0.785906493663788,1.07579207420349,0.466816246509552,0,0,0,0,0,0,1.11010229587555,0.96504271030426,0.842708349227905,0.981258511543274,0.88033252954483,0.472702383995056,0,0,0,0,0.677799224853516,0.391348332166672,0,0,0.416103065013885,0,0,0.422009348869324,0,0,0,0,0,0,0,0,0,0,0,0,0.281978338956833,0.696985125541687,0.607791006565094,0,0,0,0,0,0,0,0,0,0,0,0,0,0,0,0,0,0,0,0,0,0,0,0,0,0,0,0,0,0,0,0,0,0,0,0,0,0,0,0,0,0,0,129
Wetteraukreis,0,0,0,0,0,0,0,0,0,0,0,0,0,0,0,0,0,0,0,0,0,0,0,0,0,0,0,0,0,0,0,0,0,0,0,0,0,0,0,0,0,0,0,0,0,0,0,0,0,0,0,0,0,0,0,0,0,0,0,0,0,0,0,0,0,0,0,0,0,0,0,0,0,0,0,0,0,0,0,0,0,0,0,0,0,0,0,0,0,0,0,0,0,0,0,0,0,0,0,0,0,0,0,0,0,0,0,0,0,0,0,0,0,0,0,0,0,0,0,0,0,0,0,0,0,0,0,0,0,0,0,0,0,0,0,0,0,0,0,0,0,0,0,0.00884850416332483,0.0127178756520152,0.0142985498532653,0.0230290070176125,0.0214800499379635,0.0222436245530844,0,0,0,0,0,0,0,0,0,0,0,0,0,0,0,0,0,0,0,0,0,0,0,0,0.0807904750108719,0,0,0,0,0.104623816907406,0.0322105549275875,0.0913596153259277,0,0,0,0,0.231872841715813,0.30074080824852,0.370398938655853,0.337623089551926,0.393185973167419,0.456446826457977,0,0.124750383198261,0,0.272995740175247,0.318913996219635,0.29617914557457,0.0552116297185421,0.340959072113037,0.465963929891586,0.492175966501236,0.361076474189758,0.505537390708923,0.652676165103912,0.720929503440857,0.530748784542084,0.506204187870026,0.496785014867783,0.676484525203705,0.796114444732666,0.881187260150909,0.9724400639534,0.854779899120331,0.687160015106201,0.83497142791748,1.01630842685699,0.896445035934448,0.654389619827271,0.593454957008362,0.640497386455536,0.791050732135773,0.976543188095093,0.540459096431732,0.0751667693257332,0,0.478518843650818,0.369159609079361,0.549761474132538,0.500821530818939,0.390957891941071,0.494462549686432,0.535896182060242,0.725630223751068,0.868304848670959,0.863994479179382,1.09481275081635,1.00947785377502,1.0190064907074,1.19704973697662,1.32004368305206,1.3797470331192,1.3471348285675,1.04124104976654,0.857215583324432,0.896359503269196,1.10239541530609,0.953584730625153,0.869961321353912,0.919398367404938,0.859192252159119,1.07077872753143,1.17857038974762,1.12786269187927,0.870238482952118,1.06103074550629,1.26900029182434,1.20312225818634,0.997114658355713,0.674976766109467,0.472846001386642,0.547137141227722,0.654220998287201,0.840594470500946,0.858260869979858,1.29522573947906,1.0468727350235,0.439557552337646,0.569442451000214,0.863300561904907,1.06656050682068,1.23005938529968,1.39145302772522,1.4338310956955,1.44193542003632,1.42671239376068,1.3431533575058,1.29876756668091,1.41581237316132,1.06800210475922,0.396365135908127,0.496701925992966,0.869628012180328,0.481785982847214,0,0,0,0,0,0,0.891940116882324,0.758396506309509,0.679573118686676,0.777423620223999,0.655599892139435,0.122539520263672,0,0,0,0,0.435295730829239,0.101449958980083,0,0,0.107867173850536,0,0,0.370529383420944,0,0,0,0,0,0,0,0,0,0,0,0,0.0730977803468704,0.583106696605682,0.468314498662949,0,0,0,0,0,0,0,0,0,0,0,0,0,0,0,0,0,0,0,0,0,0,0,0,0,0,0,0,0,0,0,0,0,0,0,0,0,0,0,0,0,0,0,130
Gießen,0,0,0,0,0,0,0,0,0,0,0,0,0,0,0,0,0,0,0,0,0,0,0,0,0,0,0,0,0,0,0,0,0,0,0,0,0,0,0,0,0,0,0,0,0,0,0,0,0,0,0,0,0,0,0,0,0,0,0,0,0,0,0,0,0,0,0,0,0,0,0,0,0,0,0,0,0,0,0,0,0,0,0,0,0,0,0,0,0,0,0,0,0,0,0,0,0,0,0,0,0,0,0,0,0,0,0,0,0,0,0,0,0,0,0,0,0,0,0,0,0,0,0,0,0,0,0,0,0,0,0,0,0,0,0,0,0,0,0,0,0,0,0,0.0035889174323529,0.00518107693642378,0.00288972514681518,0.00855365954339504,0.00405944650992751,0.0239190738648176,0,0,0,0,0,0,0,0,0,0,0,0,0,0,0,0,0,0,0,0,0,0,0,0,0.0353442467749119,0,0,0,0,0.0626158863306046,0.00846946518868208,0.0183834638446569,0,0,0,0,0.152249574661255,0.195362314581871,0.258775502443314,0.224438965320587,0.260001718997955,0.317905277013779,0,0.0205386150628328,0,0.176686972379684,0.271734476089478,0.213762640953064,0.0145173836499453,0.215327695012093,0.359282404184341,0.360870987176895,0.245692893862724,0.376446485519409,0.492000579833984,0.534562170505524,0.375292807817459,0.323127955198288,0.38083815574646,0.529226720333099,0.611886739730835,0.685786783695221,0.727091073989868,0.519457101821899,0.425024092197418,0.623883485794067,0.772360861301422,0.596286654472351,0.327950268983841,0.116063199937344,0.21365362405777,0.570237040519714,0.606150567531586,0.104988984763622,0.0197644010186195,0,0.0962837487459183,0.142352446913719,0.367878586053848,0.202658712863922,0.0770681202411652,0.0946026593446732,0.103096954524517,0.140877783298492,0.563492596149445,0.579377889633179,0.690609455108643,0.628742575645447,0.677353739738464,0.844619512557983,0.954967439174652,0.999080300331116,0.947844862937927,0.793664693832397,0.658978223800659,0.608438968658447,0.778290450572968,0.648545920848846,0.569687247276306,0.613138318061829,0.56116509437561,0.687160909175873,0.819043695926666,0.752557277679443,0.666879534721375,0.6725212931633,0.821853280067444,0.836476802825928,0.674681782722473,0.419426113367081,0.0932110995054245,0.190508082509041,0.428643345832825,0.537148177623749,0.634360432624817,0.722905337810516,0.571335792541504,0.0882976949214935,0.190947458148003,0.57511430978775,0.726293504238129,0.83626914024353,0.969304144382477,1.00237560272217,0.967769265174866,0.971109986305237,0.8510622382164,0.813630402088165,0.949571192264557,0.549665987491608,0.0796555653214455,0.101803325116634,0.543578326702118,0.0912161320447922,0,0,0,0,0,0,0.552369952201843,0.450777590274811,0.133358299732208,0.3587906062603,0.130370199680328,0.0322206281125546,0,0,0,0,0.354568243026733,0.026675321161747,0,0,0.084732823073864,0,0,0.0717572793364525,0,0,0,0,0,0,0,0,0,0,0,0,0.175934731960297,0.430469930171967,0.342294126749039,0.112945817410946,0,0,0,0,0,0,0,0,0,0,0,0,0,0,0,0,0,0,0,0,0,0,0,0,0,0,0,0,0,0,0,0,0,0,0,0,0,0,0,0,0,0,131
Lahn-Dill-Kreis,0,0,0,0,0,0,0,0,0,0,0,0,0,0,0,0,0,0,0,0,0,0,0,0,0,0,0,0,0,0,0,0,0,0,0,0,0,0,0,0,0,0,0,0,0,0,0,0,0,0,0,0,0,0,0,0,0,0,0,0,0,0,0,0,0,0,0,0,0,0,0,0,0,0,0,0,0,0,0,0,0,0,0,0,0,0,0,0,0,0,0,0,0,0,0,0,0,0,0,0,0,0,0,0,0,0,0,0,0,0,0,0,0,0,0,0,0,0,0,0,0,0,0,0,0,0,0,0,0,0,0,0,0,0,0,0,0,0,0,0,0,0,0,0.00673520565032959,0.00973628833889961,0.00200718780979514,0.0151015212759376,0.00195988151244819,0.0259543936699629,0,0,0,0,0,0,0,0,0,0,0,0,0,0,0,0,0,0,0,0,0,0,0,0,0.0079242791980505,0,0,0,0,0.0697522163391113,0.0118652191013098,0.012524114921689,0,0,0,0,0.155879065394402,0.19605028629303,0.269416064023972,0.226405441761017,0.266793042421341,0.304263293743134,0,0,0,0.171148613095284,0.277961373329163,0.189036190509796,0.0203379951417446,0.192567110061646,0.361259341239929,0.334099173545837,0.29146146774292,0.385448127985001,0.501189589500427,0.530091106891632,0.345192551612854,0.286255866289139,0.378944754600525,0.541881024837494,0.640578866004944,0.713641107082367,0.713065087795258,0.507958710193634,0.443719208240509,0.658646285533905,0.764946222305298,0.550038814544678,0.323458969593048,0.068792313337326,0.344794094562531,0.588300049304962,0.576128661632538,0.059989620000124,0.0276887565851212,0,0.0655822530388832,0.260274291038513,0.411971718072891,0.379491239786148,0.0475963205099106,0.0494465567171574,0.0557147823274136,0.0802346765995026,0.568070471286774,0.604016304016113,0.665228128433228,0.593168914318085,0.688774645328522,0.863605141639709,0.979615151882172,1.02212452888489,0.973341584205627,0.785187840461731,0.615874171257019,0.622514545917511,0.78350955247879,0.634099304676056,0.561105966567993,0.622335195541382,0.551717400550842,0.704856097698212,0.859448492527008,0.743142247200012,0.677714645862579,0.653417468070984,0.806950986385345,0.828714728355408,0.628661453723907,0.328426450490952,0.0575681291520596,0.32121479511261,0.47554212808609,0.538809716701508,0.642136693000793,0.602692604064941,0.510514497756958,0.0596932582557201,0.311817437410355,0.612263083457947,0.752602159976959,0.854654610157013,0.963991820812225,0.998138129711151,0.995758891105652,0.988015294075012,0.824985802173615,0.750937759876251,0.946449637413025,0.437451332807541,0.0539561398327351,0.0750476196408272,0.522529125213623,0.0445771142840385,0,0,0,0,0,0,0.567970633506775,0.455497473478317,0.0804717242717743,0.349634081125259,0.0840645283460617,0.0451391935348511,0,0,0,0,0.520333766937256,0.0373705476522446,0,0,0.212258443236351,0,0,0.0402984283864498,0,0,0,0,0,0,0,0,0,0,0,0,0.182597622275352,0.423229277133942,0.344284981489182,0,0,0,0,0,0,0,0,0,0,0,0,0,0,0,0,0,0,0,0,0,0,0,0,0,0,0,0,0,0,0,0,0,0,0,0,0,0,0,0,0,0,0,132
Limburg-Weilburg,0,0,0,0,0,0,0,0,0,0,0,0,0,0,0,0,0,0,0,0,0,0,0,0,0,0,0,0,0,0,0,0,0,0,0,0,0,0,0,0,0,0,0,0,0,0,0,0,0,0,0,0,0,0,0,0,0,0,0,0,0,0,0,0,0,0,0,0,0,0,0,0,0,0,0,0,0,0,0,0,0,0,0,0,0,0,0,0,0,0,0,0,0,0,0,0,0,0,0,0,0,0,0,0,0,0,0,0,0,0,0,0,0,0,0,0,0,0,0,0,0,0,0,0,0,0,0,0,0,0,0,0,0,0,0,0,0,0,0,0,0,0,0,0.0108605585992336,0.0150013826787472,0.0169458780437708,0.0268762763589621,0.0165464896708727,0.00556102953851223,0,0,0,0,0,0,0,0,0,0,0,0,0,0,0,0,0,0,0,0,0,0,0,0,0.0669014975428581,0,0,0,0,0.136499747633934,0.100173264741898,0.105736054480076,0,0,0,0,0.257773399353027,0.319289416074753,0.399621039628983,0.3542819917202,0.415306955575943,0.461199790239334,0,0,0,0.284274935722351,0.357702821493149,0.27666163444519,0.17170549929142,0.32386514544487,0.443238645792007,0.498828202486038,0.433682501316071,0.540441274642944,0.690841197967529,0.745477735996246,0.532579123973846,0.497052848339081,0.543277025222778,0.706023871898651,0.849602103233337,0.938378572463989,0.999637126922607,0.867289125919342,0.736417472362518,0.895949184894562,1.06441283226013,0.877842605113983,0.651017189025879,0.580785751342773,0.685935974121094,0.88820618391037,0.985825896263123,0.506468176841736,0.23376502096653,0,0.553684532642365,0.532175958156586,0.595366716384888,0.602102518081665,0.401836514472961,0.417457401752472,0.470377445220947,0.677388966083527,0.91164755821228,0.917015850543976,1.10238122940063,1.0377870798111,1.08208048343658,1.26814067363739,1.39959824085236,1.46226394176483,1.41473889350891,1.06369030475616,0.864538013935089,0.995477199554443,1.16956460475922,1.00511074066162,0.934841454029083,1.01254272460938,0.979570090770721,1.16550171375275,1.3308687210083,1.16632068157196,0.959722578525543,1.13730883598328,1.3014543056488,1.25977277755737,0.946026980876923,0.616630971431732,0.486024469137192,0.690592885017395,0.832971036434174,0.928202509880066,0.943975389003754,1.2600554227829,1.05015158653259,0.503966093063354,0.710904002189636,0.989995181560516,1.19213271141052,1.32837104797363,1.47938013076782,1.53481495380402,1.56690299510956,1.55344939231873,1.4300776720047,1.33153736591339,1.5203857421875,0.982064127922058,0.45552995800972,0.633596777915955,0.957249164581299,0.37634664773941,0,0,0,0,0,0,0.99394428730011,0.855866730213165,0.67939031124115,0.845925629138947,0.709722936153412,0.381092011928558,0,0,0,0,0.644060432910919,0.315504491329193,0,0,0.372426986694336,0,0,0.340223371982574,0,0,0,0,0,0,0,0,0,0,0,0,0.260684907436371,0.638329803943634,0.55133181810379,0,0,0,0,0,0,0,0,0,0,0,0,0,0,0,0,0,0,0,0,0,0,0,0,0,0,0,0,0,0,0,0,0,0,0,0,0,0,0,0,0,0,0,133
Marburg-Biedenkopf,0,0,0,0,0,0,0,0,0,0,0,0,0,0,0,0,0,0,0,0,0,0,0,0,0,0,0,0,0,0,0,0,0,0,0,0,0,0,0,0,0,0,0,0,0,0,0,0,0,0,0,0,0,0,0,0,0,0,0,0,0,0,0,0,0,0,0,0,0,0,0,0,0,0,0,0,0,0,0,0,0,0,0,0,0,0,0,0,0,0,0,0,0,0,0,0,0,0,0,0,0,0,0,0,0,0,0,0,0,0,0,0,0,0,0,0,0,0,0,0,0,0,0,0,0,0,0,0,0,0,0,0,0,0,0,0,0,0,0,0,0,0,0,0.00329389679245651,0.00481160636991262,0,0.00720470119267702,0,0.0259863436222076,0,0,0,0,0,0,0,0,0,0,0,0,0,0,0,0,0,0,0,0,0,0,0,0,0.0180974435061216,0,0,0,0,0.0537195801734924,0,0,0,0,0,0,0.134598463773727,0.17176316678524,0.23619233071804,0.199679970741272,0.232075810432434,0.28369864821434,0,0,0,0.15359815955162,0.261000901460648,0.189776539802551,0,0.182516515254974,0.338481277227402,0.324070394039154,0.230246037244797,0.349245011806488,0.457869440317154,0.491619765758514,0.332605361938477,0.273154735565186,0.352364927530289,0.499596148729324,0.57768303155899,0.648689031600952,0.668397068977356,0.443192213773727,0.371320605278015,0.5852912068367,0.714634239673615,0.518940329551697,0.256770044565201,0,0.1593187302351,0.52209061384201,0.51689738035202,0,0,0,0,0.119234792888165,0.339408785104752,0.186296507716179,0,0,0,0,0.496693938970566,0.522428452968597,0.59563684463501,0.534333229064941,0.603466629981995,0.77021723985672,0.879037201404572,0.919121980667114,0.865612387657166,0.736501693725586,0.602772772312164,0.544548451900482,0.706001162528992,0.575337946414948,0.498430460691452,0.544207334518433,0.486517757177353,0.604137361049652,0.744403541088104,0.666667580604553,0.620761334896088,0.578372657299042,0.71926212310791,0.75176876783371,0.594738483428955,0.340520322322845,0,0.144731193780899,0.383006542921066,0.466871947050095,0.583143770694733,0.565593659877777,0.450482308864594,0,0.137596011161804,0.51644366979599,0.653203010559082,0.751041769981384,0.871408045291901,0.901963889598846,0.866510808467865,0.870322525501251,0.731866478919983,0.688227474689484,0.84180623292923,0.409684389829636,0,0,0.461494505405426,0,0,0,0,0,0,0,0.477679967880249,0.379902333021164,0,0.261733412742615,0,0,0,0,0,0,0.374470710754395,0,0,0,0.101646915078163,0,0,0,0,0,0,0,0,0,0,0,0,0,0,0,0.187843084335327,0.391920745372772,0.310476154088974,0.102568775415421,0,0,0,0,0,0,0,0,0,0,0,0,0,0,0,0,0,0,0,0,0,0,0,0,0,0,0,0,0,0,0,0,0,0,0,0,0,0,0,0,0,0,134
Vogelsbergkreis,0,0,0,0,0,0,0,0,0,0,0,0,0,0,0,0,0,0,0,0,0,0,0,0,0,0,0,0,0,0,0,0,0,0,0,0,0,0,0,0,0,0,0,0,0,0,0,0,0,0,0,0,0,0,0,0,0,0,0,0,0,0,0,0,0,0,0,0,0,0,0,0,0,0,0,0,0,0,0,0,0,0,0,0,0,0,0,0,0,0,0,0,0,0,0,0,0,0,0,0,0,0,0,0,0,0,0,0,0,0,0,0,0,0,0,0,0,0,0,0,0,0,0,0,0,0,0,0,0,0,0,0,0,0,0,0,0,0,0,0,0,0,0,0.0010372920660302,0.00152786774560809,0.00159882951993495,0.00275145075283945,0.00291948579251766,0.023850928992033,0,0,0,0,0,0,0,0,0,0,0,0,0,0,0,0,0,0,0,0,0,0,0,0,0.0442696586251259,0,0,0,0,0.0512055978178978,0,0.0103630805388093,0,0,0,0,0.137601882219315,0.178944244980812,0.235577791929245,0.206296294927597,0.236115723848343,0.305106401443481,0,0.0225381869822741,0,0.165281370282173,0.259743630886078,0.216178312897682,0,0.210346505045891,0.343935012817383,0.356115072965622,0.200927302241325,0.351350635290146,0.462102800607681,0.508988738059998,0.369086712598801,0.317123502492905,0.362969875335693,0.499797165393829,0.567339837551117,0.639908790588379,0.698062896728516,0.476808428764343,0.374862670898438,0.571836888790131,0.738973736763,0.578940749168396,0.283547878265381,0.0734777301549911,0.0792340487241745,0.52409690618515,0.568611085414886,0.0682205036282539,0,0,0.0542870499193668,0.0382980071008205,0.315724521875381,0.059439405798912,0.0472890324890614,0.0650813728570938,0.0694927498698235,0.0917453765869141,0.51509302854538,0.522592425346375,0.645778119564056,0.591811895370483,0.619021058082581,0.780270278453827,0.885339200496674,0.927933692932129,0.873399198055267,0.761543750762939,0.653377294540405,0.554700136184692,0.725639283657074,0.610001146793365,0.528028190135956,0.559677422046661,0.517669498920441,0.617900550365448,0.738259434700012,0.70179945230484,0.627518773078918,0.623304963111877,0.764002621173859,0.785211384296417,0.655544996261597,0.434552997350693,0.057192724198103,0.0617882795631886,0.362379848957062,0.488424241542816,0.59387344121933,0.707116544246674,0.535580635070801,0.0501363463699818,0.0644874200224876,0.50756973028183,0.65716028213501,0.765001773834229,0.907245635986328,0.93777871131897,0.878483295440674,0.890398859977722,0.790198147296906,0.776107549667358,0.879194498062134,0.539731979370117,0.0451467335224152,0.0529297702014446,0.503866195678711,0.0651793926954269,0,0,0,0,0,0,0.490236192941666,0.399334281682968,0.0833081379532814,0.300234079360962,0.0772148817777634,0,0,0,0,0,0.243534430861473,0,0,0,0,0,0,0.0471775829792023,0,0,0,0,0,0,0,0,0,0,0,0,0.178256034851074,0.409795075654984,0.319148421287537,0.190204411745071,0,0,0,0,0,0,0,0,0,0,0,0,0,0,0,0,0,0,0,0,0,0,0,0,0,0,0,0,0,0,0,0,0,0,0,0,0,0,0,0,0,0,135
Kassel,0,0,0,0,0,0,0,0,0,0,0,0,0,0,0,0,0,0,0,0,0,0,0,0,0,0,0,0,0,0,0,0,0,0,0,0,0,0,0,0,0,0,0,0,0,0,0,0,0,0,0,0,0,0,0,0,0,0,0,0,0,0,0,0,0,0,0,0,0,0,0,0,0,0,0,0,0,0,0,0,0,0,0,0,0,0,0,0,0,0,0,0,0,0,0,0,0,0,0,0,0,0,0,0,0,0,0,0,0,0,0,0,0,0,0,0,0,0,0,0,0,0,0,0,0,0,0,0,0,0,0,0,0,0,0,0,0,0,0,0,0,0,0,0,0,0,0,0,0.0228965394198895,0,0,0,0,0,0,0,0,0,0,0,0,0,0,0,0,0,0,0,0,0,0,0,0,0.0387454181909561,0,0,0,0,0.0456596538424492,0,0,0,0,0,0,0.125938892364502,0.162945449352264,0.218246385455132,0.188791200518608,0.215232610702515,0.284293711185455,0,0,0,0.150916263461113,0.2538743019104,0.204054027795792,0,0.191177159547806,0.325060278177261,0.337880820035934,0.182205483317375,0.331699788570404,0.437517166137695,0.480744808912277,0.346970111131668,0.290521889925003,0.347230911254883,0.476514577865601,0.537965893745422,0.609034836292267,0.661364734172821,0.424382477998734,0.333588600158691,0.537975907325745,0.703139185905457,0.533710539340973,0.230896353721619,0,0,0.492524951696396,0.512124061584473,0,0,0,0,0,0.284733414649963,0,0,0,0,0,0.467927604913712,0.477324187755585,0.583252489566803,0.53536456823349,0.56642884016037,0.725682199001312,0.828666865825653,0.869075238704681,0.810365736484528,0.723647892475128,0.625944495201111,0.512768745422363,0.676750659942627,0.565170347690582,0.484214723110199,0.514886617660522,0.477718114852905,0.559839963912964,0.685412585735321,0.644287347793579,0.599012613296509,0.566931009292603,0.695021271705627,0.73005872964859,0.60468602180481,0.398499667644501,0,0,0.332222670316696,0.444488763809204,0.562108039855957,0.624038398265839,0.464714765548706,0,0,0.46502560377121,0.607174217700958,0.705446064472198,0.844784021377563,0.874506831169128,0.806602418422699,0.822722792625427,0.718382775783539,0.705683827400208,0.81039834022522,0.461492121219635,0,0,0.458499699831009,0,0,0,0,0,0,0,0.439965069293976,0.355029046535492,0,0.237524956464767,0,0,0,0,0,0,0.227017730474472,0,0,0,0,0,0,0,0,0,0,0,0,0,0,0,0,0,0,0,0.205798417329788,0.3891741335392,0.303642332553864,0.219592913985252,0,0,0,0,0,0,0,0,0,0,0,0,0,0,0,0,0,0,0,0,0,0,0,0,0,0,0,0,0,0,0,0,0,0,0,0,0,0,0,0,0,0,136
Fulda,0,0,0,0,0,0,0,0,0,0,0,0,0,0,0,0,0,0,0,0,0,0,0,0,0,0,0,0,0,0,0,0,0,0,0,0,0,0,0,0,0,0,0,0,0,0,0,0,0,0,0,0,0,0,0,0,0,0,0,0,0,0,0,0,0,0,0,0,0,0,0,0,0,0,0,0,0,0,0,0,0,0,0,0,0,0,0,0,0,0,0,0,0,0,0,0,0,0,0,0,0,0,0,0,0,0,0,0,0,0,0,0,0,0,0,0,0,0,0,0,0,0,0,0,0,0,0,0,0,0,0,0,0,0,0,0,0,0,0,0,0,0,0,0.00244421302340925,0.00360017595812678,0.00376738654449582,0.00648335460573435,0.00687930220738053,0.0251454003155231,0,0,0,0,0,0,0,0,0,0,0,0,0,0,0,0,0,0,0,0,0,0,0,0,0.0517624020576477,0,0,0,0,0.0587277784943581,0,0.024418942630291,0,0,0,0,0.153420850634575,0.200644001364708,0.25908499956131,0.230039149522781,0.264440298080444,0.333335489034653,0,0.0531076341867447,0,0.184765338897705,0.267704427242279,0.23262295126915,0,0.236346632242203,0.369535565376282,0.380846917629242,0.22632047533989,0.378003865480423,0.495449185371399,0.547297060489655,0.399084270000458,0.353204369544983,0.384317189455032,0.531376242637634,0.607180893421173,0.681784391403198,0.747838020324707,0.547915756702423,0.430844306945801,0.617763876914978,0.787577509880066,0.640288233757019,0.354961216449738,0.173138529062271,0.186702355742455,0.566919028759003,0.64522659778595,0.160750716924667,0,0,0.127918750047684,0.0902431309223175,0.357759028673172,0.140059441328049,0.111429050564766,0.153353855013847,0.163748547434807,0.216183334589005,0.579065263271332,0.583991408348083,0.730584025382996,0.668373584747314,0.69035404920578,0.854310274124146,0.962206065654755,1.00776565074921,0.958893835544586,0.812943458557129,0.690585374832153,0.611573219299316,0.791948795318604,0.67080682516098,0.587454199790955,0.620428919792175,0.571857035160065,0.696650385856628,0.809937536716461,0.779805481433868,0.66618275642395,0.699767172336578,0.857564568519592,0.860017120838165,0.72452700138092,0.483453541994095,0.134765520691872,0.145594194531441,0.403283178806305,0.548015654087067,0.636958241462708,0.819798588752747,0.631698846817017,0.118138283491135,0.151954308152199,0.565274000167847,0.72495836019516,0.845779478549957,0.99196469783783,1.02359688282013,0.975978076457977,0.982190728187561,0.887604176998138,0.871626138687134,0.972505390644073,0.645851731300354,0.106381058692932,0.124720543622971,0.565398573875427,0.153584823012352,0,0,0,0,0,0,0.558420956134796,0.459427267313004,0.196302324533463,0.38528898358345,0.18194454908371,0,0,0,0,0,0.265936702489853,0,0,0,0,0,0,0.111166432499886,0,0,0,0,0,0,0,0,0,0,0,0,0.140899211168289,0.437764018774033,0.340179890394211,0.15034356713295,0,0,0,0,0,0,0,0,0,0,0,0,0,0,0,0,0,0,0,0,0,0,0,0,0,0,0,0,0,0,0,0,0,0,0,0,0,0,0,0,0,0,137
Hersfeld-Rotenburg,0,0,0,0,0,0,0,0,0,0,0,0,0,0,0,0,0,0,0,0,0,0,0,0,0,0,0,0,0,0,0,0,0,0,0,0,0,0,0,0,0,0,0,0,0,0,0,0,0,0,0,0,0,0,0,0,0,0,0,0,0,0,0,0,0,0,0,0,0,0,0,0,0,0,0,0,0,0,0,0,0,0,0,0,0,0,0,0,0,0,0,0,0,0,0,0,0,0,0,0,0,0,0,0,0,0,0,0,0,0,0,0,0,0,0,0,0,0,0,0,0,0,0,0,0,0,0,0,0,0,0,0,0,0,0,0,0,0,0,0,0,0,0,0,0,0,0,0,0.0228965394198895,0,0,0,0,0,0,0,0,0,0,0,0,0,0,0,0,0,0,0,0,0,0,0,0,0.0387454181909561,0,0,0,0,0.0456596538424492,0,0,0,0,0,0,0.125938892364502,0.162945449352264,0.218246400356293,0.188791200518608,0.215232610702515,0.284293711185455,0,0,0,0.150916263461113,0.2538743019104,0.204054027795792,0,0.191177159547806,0.325060248374939,0.337880820035934,0.182205468416214,0.331699818372726,0.437517166137695,0.480744779109955,0.346970111131668,0.290521860122681,0.347230911254883,0.476514577865601,0.537965893745422,0.609034776687622,0.661364734172821,0.424382477998734,0.333588600158691,0.537975907325745,0.703139185905457,0.533710539340973,0.230896353721619,0,0,0.492524951696396,0.512124121189117,0,0,0,0,0,0.284733414649963,0,0,0,0,0,0.467927604913712,0.477324217557907,0.583252489566803,0.535364627838135,0.566428780555725,0.725682199001312,0.828666925430298,0.869075238704681,0.810365736484528,0.723647892475128,0.625944495201111,0.512768745422363,0.676750600337982,0.565170347690582,0.484214723110199,0.514886677265167,0.477718114852905,0.559839963912964,0.685412585735321,0.644287288188934,0.599012613296509,0.566931009292603,0.695021212100983,0.73005872964859,0.60468602180481,0.398499697446823,0,0,0.332222640514374,0.444488763809204,0.562107980251312,0.624038398265839,0.464714765548706,0,0,0.46502560377121,0.607174217700958,0.705446064472198,0.844784021377563,0.874506831169128,0.806602478027344,0.822722792625427,0.718382716178894,0.705683767795563,0.81039834022522,0.461492121219635,0,0,0.458499699831009,0,0,0,0,0,0,0,0.439965039491653,0.35502901673317,0,0.237524941563606,0,0,0,0,0,0,0.227017730474472,0,0,0,0,0,0,0,0,0,0,0,0,0,0,0,0,0,0,0,0.205798402428627,0.3891741335392,0.303642362356186,0.219592913985252,0,0,0,0,0,0,0,0,0,0,0,0,0,0,0,0,0,0,0,0,0,0,0,0,0,0,0,0,0,0,0,0,0,0,0,0,0,0,0,0,0,0,138
Kassel,0,0,0,0,0,0,0,0,0,0,0,0,0,0,0,0,0,0,0,0,0,0,0,0,0,0,0,0,0,0,0,0,0,0,0,0,0,0,0,0,0,0,0,0,0,0,0,0,0,0,0,0,0,0,0,0,0,0,0,0,0,0,0,0,0,0,0,0,0,0,0,0,0,0,0,0,0,0,0,0,0,0,0,0,0,0,0,0,0,0,0,0,0,0,0,0,0,0,0,0,0,0,0,0,0,0,0,0,0,0,0,0,0,0,0,0,0,0,0,0,0,0,0,0,0,0,0,0,0,0,0,0,0,0,0,0,0,0,0,0,0,0,0,0,0,0,0,0,0.0228965394198895,0,0,0,0,0,0,0,0,0,0,0,0,0,0,0,0,0,0,0,0,0,0,0,0,0.0387454219162464,0,0,0,0,0.0456596575677395,0,0,0,0,0,0,0.125938892364502,0.162945464253426,0.218246400356293,0.188791185617447,0.215232610702515,0.284293711185455,0,0,0,0.150916263461113,0.2538743019104,0.204054027795792,0,0.191177159547806,0.325060248374939,0.337880820035934,0.182205483317375,0.331699818372726,0.437517195940018,0.480744808912277,0.346970111131668,0.290521889925003,0.347230911254883,0.476514607667923,0.537965893745422,0.609034836292267,0.661364734172821,0.424382448196411,0.333588600158691,0.537975907325745,0.703139185905457,0.533710539340973,0.230896338820457,0,0,0.492524981498718,0.512124061584473,0,0,0,0,0,0.284733414649963,0,0,0,0,0,0.467927634716034,0.477324217557907,0.583252489566803,0.53536456823349,0.566428780555725,0.725682199001312,0.828666925430298,0.869075298309326,0.810365796089172,0.723647892475128,0.625944495201111,0.512768745422363,0.676750659942627,0.565170347690582,0.484214723110199,0.514886677265167,0.477718114852905,0.559839963912964,0.685412645339966,0.644287347793579,0.599012553691864,0.566931009292603,0.695021212100983,0.730058789253235,0.60468602180481,0.398499697446823,0,0,0.332222640514374,0.444488763809204,0.562108039855957,0.624038457870483,0.464714735746384,0,0,0.465025633573532,0.607174158096313,0.705446124076843,0.844784080982208,0.874506890773773,0.806602478027344,0.822722733020782,0.718382716178894,0.705683827400208,0.81039834022522,0.461492121219635,0,0,0.458499729633331,0,0,0,0,0,0,0,0.439965069293976,0.35502901673317,0,0.237524941563606,0,0,0,0,0,0,0.227017730474472,0,0,0,0,0,0,0,0,0,0,0,0,0,0,0,0,0,0,0,0.205798402428627,0.3891741335392,0.303642362356186,0.219592913985252,0,0,0,0,0,0,0,0,0,0,0,0,0,0,0,0,0,0,0,0,0,0,0,0,0,0,0,0,0,0,0,0,0,0,0,0,0,0,0,0,0,0,139
Schwalm-Eder-Kreis,0,0,0,0,0,0,0,0,0,0,0,0,0,0,0,0,0,0,0,0,0,0,0,0,0,0,0,0,0,0,0,0,0,0,0,0,0,0,0,0,0,0,0,0,0,0,0,0,0,0,0,0,0,0,0,0,0,0,0,0,0,0,0,0,0,0,0,0,0,0,0,0,0,0,0,0,0,0,0,0,0,0,0,0,0,0,0,0,0,0,0,0,0,0,0,0,0,0,0,0,0,0,0,0,0,0,0,0,0,0,0,0,0,0,0,0,0,0,0,0,0,0,0,0,0,0,0,0,0,0,0,0,0,0,0,0,0,0,0,0,0,0,0,0,0,0,0,0,0.0228965394198895,0,0,0,0,0,0,0,0,0,0,0,0,0,0,0,0,0,0,0,0,0,0,0,0,0.0387454219162464,0,0,0,0,0.0456596575677395,0,0,0,0,0,0,0.125938892364502,0.162945449352264,0.218246400356293,0.188791200518608,0.215232610702515,0.284293711185455,0,0,0,0.150916263461113,0.2538743019104,0.204054027795792,0,0.191177159547806,0.325060248374939,0.337880820035934,0.182205483317375,0.331699788570404,0.437517166137695,0.480744808912277,0.346970111131668,0.290521889925003,0.347230911254883,0.476514577865601,0.537965893745422,0.609034776687622,0.661364734172821,0.424382477998734,0.333588600158691,0.537975907325745,0.703139185905457,0.533710539340973,0.230896353721619,0,0,0.492524981498718,0.512124061584473,0,0,0,0,0,0.284733414649963,0,0,0,0,0,0.467927575111389,0.477324187755585,0.583252489566803,0.53536456823349,0.56642884016037,0.725682199001312,0.828666865825653,0.869075238704681,0.810365796089172,0.723647892475128,0.625944495201111,0.512768745422363,0.676750659942627,0.565170347690582,0.484214693307877,0.514886617660522,0.477718114852905,0.559839963912964,0.685412645339966,0.644287347793579,0.599012553691864,0.566930949687958,0.695021212100983,0.73005872964859,0.60468602180481,0.398499667644501,0,0,0.332222640514374,0.444488763809204,0.562108039855957,0.624038398265839,0.464714735746384,0,0,0.46502560377121,0.607174217700958,0.705446124076843,0.844784021377563,0.874506890773773,0.806602537631989,0.822722792625427,0.718382716178894,0.705683827400208,0.81039834022522,0.461492091417313,0,0,0.458499729633331,0,0,0,0,0,0,0,0.439965069293976,0.355029046535492,0,0.237524941563606,0,0,0,0,0,0,0.227017745375633,0,0,0,0,0,0,0,0,0,0,0,0,0,0,0,0,0,0,0,0.205798402428627,0.3891741335392,0.303642362356186,0.219592928886414,0,0,0,0,0,0,0,0,0,0,0,0,0,0,0,0,0,0,0,0,0,0,0,0,0,0,0,0,0,0,0,0,0,0,0,0,0,0,0,0,0,0,140
Waldeck-Frankenberg,0,0,0,0,0,0,0,0,0,0,0,0,0,0,0,0,0,0,0,0,0,0,0,0,0,0,0,0,0,0,0,0,0,0,0,0,0,0,0,0,0,0,0,0,0,0,0,0,0,0,0,0,0,0,0,0,0,0,0,0,0,0,0,0,0,0,0,0,0,0,0,0,0,0,0,0,0,0,0,0,0,0,0,0,0,0,0,0,0,0,0,0,0,0,0,0,0,0,0,0,0,0,0,0,0,0,0,0,0,0,0,0,0,0,0,0,0,0,0,0,0,0,0,0,0,0,0,0,0,0,0,0,0,0,0,0,0,0,0,0,0,0,0,0.00131125224288553,0.00191543030086905,0,0.00286808656528592,0,0.0241265464574099,0,0,0,0,0,0,0,0,0,0,0,0,0,0,0,0,0,0,0,0,0,0,0,0,0.0305257625877857,0,0,0,0,0.0488681979477406,0,0,0,0,0,0,0.129386141896248,0.166455656290054,0.225390419363976,0.193125858902931,0.221937641501427,0.284056812524796,0,0,0,0.151983886957169,0.256711304187775,0.198370382189751,0,0.187729492783546,0.330402970314026,0.332383096218109,0.201329723000526,0.338684290647507,0.445619136095047,0.485073953866959,0.341251701116562,0.283608257770538,0.349274694919586,0.485703021287918,0.553776681423187,0.624820590019226,0.664164245128632,0.431870371103287,0.348609149456024,0.556811451911926,0.707715213298798,0.527830719947815,0.241196289658546,0,0.0634224638342857,0.504294633865356,0.514024257659912,0,0,0,0,0.0474656336009502,0.306498885154724,0.0741619244217873,0,0,0,0,0.479379087686539,0.495279550552368,0.58818256855011,0.534954011440277,0.581173062324524,0.743411004543304,0.848718583583832,0.8889981508255,0.832358717918396,0.728764772415161,0.616720199584961,0.52541983127594,0.688394844532013,0.569217920303345,0.489873796701431,0.526558816432953,0.481221139431,0.577474117279053,0.708896100521088,0.653196573257446,0.607670426368713,0.571485757827759,0.704671204090118,0.738701164722443,0.600726008415222,0.375418961048126,0,0.0576153807342052,0.352438986301422,0.453399211168289,0.570482075214386,0.600772440433502,0.459049046039581,0,0.0547749623656273,0.485494405031204,0.625497579574585,0.72359710931778,0.855382680892944,0.885437190532684,0.830451130867004,0.841671526432037,0.723750412464142,0.698734700679779,0.822901368141174,0.440868228673935,0,0,0.459691882133484,0,0,0,0,0,0,0,0.454978823661804,0.364930719137192,0,0.247161984443665,0,0,0,0,0,0,0.285716623067856,0,0,0,0.0404641553759575,0,0,0,0,0,0,0,0,0,0,0,0,0,0,0,0.198650658130646,0.39026752114296,0.30636277794838,0.173007309436798,0,0,0,0,0,0,0,0,0,0,0,0,0,0,0,0,0,0,0,0,0,0,0,0,0,0,0,0,0,0,0,0,0,0,0,0,0,0,0,0,0,0,141
Werra-Meißner-Kreis,0,0,0,0,0,0,0,0,0,0,0,0,0,0,0,0,0,0,0,0,0,0,0,0,0,0,0,0,0,0,0,0,0,0,0,0,0,0,0,0,0,0,0,0,0,0,0,0,0,0,0,0,0,0,0,0,0,0,0,0,0,0,0,0,0,0,0,0,0,0,0,0,0,0,0,0,0,0,0,0,0,0,0,0,0,0,0,0,0,0,0,0,0,0,0,0,0,0,0,0,0,0,0,0,0,0,0,0,0,0,0,0,0,0,0,0,0,0,0,0,0,0,0,0,0,0,0,0,0,0,0,0,0,0,0,0,0,0,0,0,0,0,0,0,0,0,0,0,0.0228965412825346,0,0,0,0,0,0,0,0,0,0,0,0,0,0,0,0,0,0,0,0,0,0,0,0,0.0387454219162464,0,0,0,0,0.0456596575677395,0,0,0,0,0,0,0.125938892364502,0.162945464253426,0.218246400356293,0.188791200518608,0.215232610702515,0.284293711185455,0,0,0,0.150916248559952,0.2538743019104,0.204054027795792,0,0.191177159547806,0.325060278177261,0.337880820035934,0.182205468416214,0.331699788570404,0.437517195940018,0.480744808912277,0.346970111131668,0.290521889925003,0.347230911254883,0.476514607667923,0.537965893745422,0.609034836292267,0.661364734172821,0.424382477998734,0.333588600158691,0.537975966930389,0.703139185905457,0.533710539340973,0.230896353721619,0,0,0.492524951696396,0.512124061584473,0,0,0,0,0,0.284733414649963,0,0,0,0,0,0.467927604913712,0.477324217557907,0.583252489566803,0.535364627838135,0.56642884016037,0.725682199001312,0.828666925430298,0.869075238704681,0.810365736484528,0.723647892475128,0.625944554805756,0.512768745422363,0.676750600337982,0.565170347690582,0.484214723110199,0.514886617660522,0.477718114852905,0.559839963912964,0.685412645339966,0.644287347793579,0.599012613296509,0.566931009292603,0.695021212100983,0.73005872964859,0.60468602180481,0.398499667644501,0,0,0.332222640514374,0.444488793611526,0.562107980251312,0.624038457870483,0.464714735746384,0,0,0.465025633573532,0.607174217700958,0.705446064472198,0.844784021377563,0.874506831169128,0.806602478027344,0.822722733020782,0.718382716178894,0.705683827400208,0.81039834022522,0.461492121219635,0,0,0.458499699831009,0,0,0,0,0,0,0,0.439965069293976,0.35502901673317,0,0.237524956464767,0,0,0,0,0,0,0.227017730474472,0,0,0,0,0,0,0,0,0,0,0,0,0,0,0,0,0,0,0,0.205798402428627,0.3891741335392,0.303642332553864,0.219592913985252,0,0,0,0,0,0,0,0,0,0,0,0,0,0,0,0,0,0,0,0,0,0,0,0,0,0,0,0,0,0,0,0,0,0,0,0,0,0,0,0,0,0,142
Koblenz,0,0,0,0,0,0,0,0,0,0,0,0,0,0,0,0,0,0,0,0,0,0,0,0,0,0,0,0,0,0,0,0,0,0,0,0,0,0,0,0,0,0,0,0,0,0,0,0,0,0,0,0,0,0,0,0,0,0,0,0,0,0,0,0,0,0,0,0,0,0,0,0,0,0,0,0,0,0,0,0,0,0,0,0,0,0,0,0,0,0,0,0,0,0,0,0,0,0,0,0,0,0,0,0,0,0,0,0,0,0,0,0,0,0,0,0,0,0,0,0,0,0,0,0,0,0,0,0,0,0,0,0,0,0,0,0,0,0,0,0,0,0,0,0.0119854928925633,0.0164371114224195,0.0210194811224937,0.0300871133804321,0.0205240845680237,0,0,0,0,0,0,0,0,0,0,0,0,0,0,0,0,0,0,0,0,0,0,0,0,0,0.0829838886857033,0,0,0,0,0.154700994491577,0.124253824353218,0.131153836846352,0,0,0,0,0.285558760166168,0.352895259857178,0.435126423835754,0.389152407646179,0.455804944038391,0.503994464874268,0,0,0,0.31512314081192,0.379447370767593,0.300556033849716,0.212981641292572,0.359668523073196,0.465593427419662,0.543747842311859,0.472464472055435,0.582706093788147,0.742556869983673,0.804211139678955,0.583677172660828,0.554534673690796,0.588088572025299,0.750783681869507,0.906600177288055,0.9996617436409,1.07778191566467,0.965274274349213,0.816232860088348,0.960658848285675,1.14607381820679,0.967230796813965,0.740338444709778,0.720400333404541,0.778961300849915,0.969986975193024,1.09754538536072,0.62821763753891,0.289959579706192,0,0.686784207820892,0.606320321559906,0.64537638425827,0.66280597448349,0.498433649539948,0.517809569835663,0.583451092243195,0.8402259349823,1.00533699989319,1.00236701965332,1.22158777713776,1.15902924537659,1.18933033943176,1.37845265865326,1.51412260532379,1.58228468894958,1.53510272502899,1.13963460922241,0.932345688343048,1.09717965126038,1.27483725547791,1.10628116130829,1.0367546081543,1.11894774436951,1.09624040126801,1.29111433029175,1.45941948890686,1.28171634674072,1.03662276268005,1.26926016807556,1.43629956245422,1.377317070961,1.03256869316101,0.695220947265625,0.602859497070313,0.791317939758301,0.930437624454498,1.03438532352448,1.02628314495087,1.4393105506897,1.19730424880981,0.6251140832901,0.819730162620544,1.09299826622009,1.31198728084564,1.45754778385162,1.61992037296295,1.68116056919098,1.72264730930328,1.70763647556305,1.59507894515991,1.48985993862152,1.6768913269043,1.13057363033295,0.565034329891205,0.785906553268433,1.07579207420349,0.466816246509552,0,0,0,0,0,0,1.11010217666626,0.965042650699615,0.84270828962326,0.981258451938629,0.88033252954483,0.472702383995056,0,0,0,0,0.677799165248871,0.391348302364349,0,0,0.416103065013885,0,0,0.422009348869324,0,0,0,0,0,0,0,0,0,0,0,0,0.281978338956833,0.696985185146332,0.607791066169739,0,0,0,0,0,0,0,0,0,0,0,0,0,0,0,0,0,0,0,0,0,0,0,0,0,0,0,0,0,0,0,0,0,0,0,0,0,0,0,0,0,0,0,143
Ahrweiler,0,0,0,0,0,0,0,0,0,0,0,0,0,0,0,0,0,0,0,0,0,0,0,0,0,0,0,0,0,0,0,0,0,0,0,0,0,0,0,0,0,0,0,0,0,0,0,0,0,0,0,0,0,0,0,0,0,0,0,0,0,0,0,0,0,0,0,0,0,0,0,0,0,0,0,0,0,0,0,0,0,0,0,0,0,0,0,0,0,0,0,0,0,0,0,0,0,0,0,0,0,0,0,0,0,0,0,0,0,0,0,0,0,0,0,0,0,0,0,0,0,0,0,0,0,0,0,0,0,0,0,0,0,0,0,0,0,0,0,0,0,0,0.00605492433533072,0.0102987643331289,0.0130238151177764,0.0155597180128098,0.0252634603530169,0.0127438399940729,0.0216971877962351,0,0,0,0,0,0,0,0,0,0,0,0,0,0,0,0,0,0,0,0,0,0,0,0,0.0388479046523571,0,0,0,0.0323047153651714,0.0999507904052734,0.00650697108358145,0.055729303508997,0.032102819532156,0,0,0.0604743883013725,0.182373806834221,0.242520451545715,0.324876517057419,0.270844459533691,0.314663231372833,0.334479480981827,0,0.0767468884587288,0,0.117714069783688,0.252561926841736,0.126810684800148,0.109242118895054,0.125396266579628,0.376373171806335,0.370957970619202,0.324060767889023,0.434141308069229,0.547046542167664,0.543658792972565,0.347633481025696,0.302441418170929,0.426095068454742,0.594459295272827,0.715831100940704,0.793058156967163,0.765987157821655,0.623386740684509,0.575611293315887,0.75864177942276,0.823990046977997,0.613747119903564,0.465451061725616,0.425856560468674,0.508602976799011,0.702614367008209,0.707835376262665,0.324861407279968,0.0151847116649151,0.109735727310181,0.45166352391243,0.49663844704628,0.538464903831482,0.446140497922897,0.164954304695129,0.027116846293211,0.185115367174149,0.510194957256317,0.712313950061798,0.712329626083374,0.84487372636795,0.746631562709808,0.843384504318237,1.03611469268799,1.16490995883942,1.19995498657227,1.11468756198883,0.797701597213745,0.58837103843689,0.732067346572876,0.868794739246368,0.698351562023163,0.673915386199951,0.74871414899826,0.700461983680725,0.907029092311859,1.02584254741669,0.847201764583588,0.756188690662384,0.818032085895538,0.954896450042725,0.931452095508575,0.620744347572327,0.265836536884308,0.0315707735717297,0.470422685146332,0.579217493534088,0.620626866817474,0.686922311782837,0.727938771247864,0.610119819641113,0.22920124232769,0.466432809829712,0.741381764411926,0.89628005027771,1.00359761714935,1.10529851913452,1.18124723434448,1.19670069217682,1.13681447505951,0.957585155963898,0.842133581638336,1.08486902713776,0.562278211116791,0.0295899324119091,0.235012322664261,0.581167936325073,0.0244464110583067,0,0,0,0,0,0,0.719426572322845,0.604431807994843,0.251157194375992,0.56048184633255,0.262682408094406,0.0247546564787626,0,0,0,0.189307257533073,0.639209449291229,0.208158493041992,0,0.138836413621902,0.205939099192619,0.141509011387825,0,0.146531909704208,0,0.0958708822727203,0,0,0,0,0,0,0,0,0,0,0.151290699839592,0.492299556732178,0.397528767585754,0.0740617737174034,0,0,0,0,0,0,0,0,0,0,0.120224006474018,0,0,0,0,0,0,0,0,0,0,0,0,0,0,0,0,0,0,0,0,0,0,0,0,0,0,0,0,0,0,0,144
Altenkirchen (Westerwald),0,0,0,0,0,0,0,0,0,0,0,0,0,0,0,0,0,0,0,0,0,0,0,0,0,0,0,0,0,0,0,0,0,0,0,0,0,0,0,0,0,0,0,0,0,0,0,0,0,0,0,0,0,0,0,0,0,0,0,0,0,0,0,0,0,0,0,0,0,0,0,0,0,0,0,0,0,0,0,0,0,0,0,0,0,0,0,0,0,0,0,0,0,0,0,0,0,0,0,0,0,0,0,0,0,0,0,0,0,0,0,0,0,0,0,0,0,0,0,0,0,0,0,0,0,0,0,0,0,0,0,0,0,0,0,0,0,0,0,0,0,0,0,0.00618091644719243,0.00902886036783457,0,0.0135194445028901,0,0.0286944806575775,0,0,0,0,0,0,0,0,0,0,0,0,0,0,0,0,0,0,0,0,0,0,0,0,0,0,0,0,0,0.0607839040458202,0,0,0,0,0,0,0.142188385128975,0.17949166893959,0.251921504735947,0.209223732352257,0.246838435530663,0.283177047967911,0,0,0,0.155948773026466,0.267247170209885,0.177262678742409,0,0.174925684928894,0.350244462490082,0.31196591258049,0.272352397441864,0.364622980356216,0.475707709789276,0.501151442527771,0.320014983415604,0.257932811975479,0.356864750385284,0.519826531410217,0.612494170665741,0.683445036411285,0.674560844898224,0.459678471088409,0.404391765594482,0.626761853694916,0.724709391593933,0.505994558334351,0.279447674751282,0,0.298957675695419,0.548004150390625,0.521081030368805,0,0,0,0,0.223741143941879,0.387330442667007,0.349580824375153,0,0,0,0,0.521906912326813,0.561961233615875,0.606491446495056,0.533429265022278,0.635929346084595,0.809251070022583,0.923185467720032,0.962986707687378,0.914034783840179,0.747767686843872,0.582463324069977,0.572402715682983,0.731638550758362,0.584249556064606,0.510890245437622,0.569906234741211,0.494230389595032,0.64296293258667,0.796107649803162,0.6862832903862,0.63982355594635,0.588401019573212,0.740508615970612,0.770797073841095,0.586019694805145,0.2897028028965,0,0.271584510803223,0.427517384290695,0.486490249633789,0.601581156253815,0.514368295669556,0.438007980585098,0,0.258195519447327,0.561510324478149,0.693546175956726,0.791005313396454,0.8947434425354,0.9260293841362,0.919018924236298,0.912042558193207,0.743684649467468,0.672927498817444,0.869334578514099,0.364276230335236,0,0,0.464119374752045,0,0,0,0,0,0,0,0.510736107826233,0.401703178882599,0,0.282951503992081,0,0,0,0,0,0,0.503709614276886,0,0,0,0.190737932920456,0,0,0,0,0,0,0,0,0,0,0,0,0,0,0,0.172105684876442,0.394328027963638,0.316465854644775,0,0,0,0,0,0,0,0,0,0,0,0,0,0,0,0,0,0,0,0,0,0,0,0,0,0,0,0,0,0,0,0,0,0,0,0,0,0,0,0,0,0,0,145
Bad Kreuznach,0,0,0,0,0,0,0,0,0,0,0,0,0,0,0,0,0,0,0,0,0,0,0,0,0,0,0,0,0,0,0,0,0,0,0,0,0,0,0,0,0,0,0,0,0,0,0,0,0,0,0,0,0,0,0,0,0,0,0,0,0,0,0,0,0,0,0,0,0,0,0,0,0,0,0,0,0,0,0,0,0,0,0,0,0,0,0,0,0,0,0,0,0,0,0,0,0,0,0,0,0,0,0,0,0,0,0,0,0,0,0,0,0,0,0,0,0,0,0,0,0,0,0,0,0,0,0,0,0,0,0,0,0,0,0,0,0,0,0,0,0,0,0,0.0119854928925633,0.0164371114224195,0.0210194811224937,0.0300871152430773,0.0205240845680237,0,0,0,0,0,0,0,0,0,0,0,0,0,0,0,0,0,0,0,0,0,0,0,0,0,0.0829838812351227,0,0,0,0,0.154700994491577,0.124253824353218,0.131153836846352,0,0,0,0,0.285558760166168,0.3528952896595,0.435126394033432,0.389152407646179,0.455804944038391,0.503994464874268,0,0,0,0.315123111009598,0.379447370767593,0.300556033849716,0.212981626391411,0.359668552875519,0.465593457221985,0.543747842311859,0.472464501857758,0.582706093788147,0.742556869983673,0.80421108007431,0.583677172660828,0.554534673690796,0.588088572025299,0.750783681869507,0.9066002368927,0.999661803245544,1.07778191566467,0.965274333953857,0.816232860088348,0.960658848285675,1.14607381820679,0.967230796813965,0.740338444709778,0.720400393009186,0.778961300849915,0.969986975193024,1.09754538536072,0.62821763753891,0.289959579706192,0,0.686784267425537,0.606320321559906,0.64537638425827,0.66280597448349,0.498433649539948,0.517809569835663,0.583451092243195,0.8402259349823,1.0053368806839,1.00236701965332,1.22158777713776,1.15902924537659,1.18933033943176,1.37845265865326,1.51412260532379,1.58228468894958,1.53510272502899,1.13963460922241,0.932345688343048,1.09717965126038,1.27483725547791,1.10628116130829,1.0367546081543,1.11894774436951,1.09624052047729,1.29111433029175,1.45941936969757,1.28171634674072,1.03662276268005,1.26926016807556,1.43629944324493,1.37731719017029,1.03256869316101,0.695220947265625,0.602859437465668,0.791317999362946,0.930437624454498,1.03438532352448,1.02628314495087,1.43931043148041,1.19730424880981,0.6251140832901,0.819730162620544,1.09299826622009,1.31198740005493,1.45754778385162,1.61992037296295,1.68116044998169,1.72264730930328,1.70763635635376,1.59507894515991,1.48985993862152,1.6768913269043,1.13057363033295,0.56503438949585,0.785906553268433,1.07579207420349,0.466816246509552,0,0,0,0,0,0,1.11010217666626,0.965042650699615,0.84270828962326,0.981258451938629,0.880332589149475,0.472702383995056,0,0,0,0,0.677799165248871,0.391348302364349,0,0,0.416103065013885,0,0,0.422009348869324,0,0,0,0,0,0,0,0,0,0,0,0,0.281978368759155,0.696985125541687,0.607791006565094,0,0,0,0,0,0,0,0,0,0,0,0,0,0,0,0,0,0,0,0,0,0,0,0,0,0,0,0,0,0,0,0,0,0,0,0,0,0,0,0,0,0,0,146
Birkenfeld,0,0,0,0,0,0,0,0,0,0,0,0,0,0,0,0,0,0,0,0,0,0,0,0,0,0,0,0,0,0,0,0,0,0,0,0,0,0,0,0,0,0,0,0,0,0,0,0,0,0,0,0,0,0,0,0,0,0,0,0,0,0,0,0,0,0,0,0,0,0,0,0,0,0,0,0,0,0,0,0,0,0,0,0,0,0,0,0,0,0,0,0,0,0,0,0,0,0,0,0,0,0,0,0,0,0,0,0,0,0,0,0,0,0,0,0,0,0,0,0,0,0,0,0,0,0,0,0,0,0,0,0,0,0,0,0,0,0,0,0,0,0,0,0.00842823181301355,0.0117732295766473,0.0158483535051346,0.0233541950583458,0.012507707811892,0,0,0,0,0,0,0,0,0,0,0,0,0,0,0,0,0,0,0,0,0,0,0,0,0,0.0505717135965824,0,0,0,0,0.118024617433548,0.0757222771644592,0.0799272581934929,0,0,0,0,0.218004480004311,0.282115995883942,0.353455364704132,0.317249655723572,0.368488520383835,0.403291672468185,0,0,0,0.192041099071503,0.290759325027466,0.183163687586784,0.129794418811798,0.219187781214714,0.38646999001503,0.437086313962936,0.373718410730362,0.478048145771027,0.615181744098663,0.651319146156311,0.453111857175827,0.427267879247665,0.482392996549606,0.629643738269806,0.767850339412689,0.851360559463501,0.906241118907928,0.804893016815186,0.692152440547943,0.822276771068573,0.963228702545166,0.78602921962738,0.599619567394257,0.585315704345703,0.647757470607758,0.81665027141571,0.907074689865112,0.488500148057938,0.17670601606369,0,0.587840795516968,0.498444586992264,0.555905044078827,0.529844105243683,0.303753465414047,0.315561473369598,0.454505383968353,0.689556241035461,0.837853074073792,0.824588894844055,1.02639102935791,0.958206653594971,0.998011827468872,1.17660582065582,1.29781913757324,1.35480737686157,1.29004395008087,0.931292653083801,0.732605576515198,0.887933909893036,1.04033672809601,0.879003822803497,0.827332615852356,0.930725276470184,0.889162659645081,1.0796275138855,1.20909345149994,1.02653121948242,0.840044021606445,1.02841567993164,1.17447924613953,1.11064529418945,0.773170828819275,0.423678785562515,0.367392271757126,0.599145352840424,0.711565732955933,0.787043631076813,0.801892876625061,1.1247251033783,0.90131539106369,0.380954563617706,0.628863275051117,0.878068506717682,1.0699896812439,1.18635356426239,1.31983184814453,1.38133907318115,1.41235101222992,1.38033366203308,1.27051389217377,1.17128777503967,1.35068440437317,0.840540647506714,0.34434100985527,0.478944063186646,0.80806964635849,0.284485310316086,0,0,0,0,0,0,0.865143656730652,0.75121659040451,0.646085858345032,0.775300323963165,0.67513120174408,0.288072407245636,0,0,0,0,0.57655394077301,0.238493949174881,0,0,0.253579884767532,0,0,0.257179260253906,0,0,0,0,0,0,0,0,0,0,0,0,0.171842142939568,0.562600374221802,0.483164101839066,0,0,0,0,0,0,0,0,0,0,0,0,0,0,0,0,0,0,0,0,0,0,0,0,0,0,0,0,0,0,0,0,0,0,0,0,0,0,0,0,0,0,0,147
Cochem-Zell,0,0,0,0,0,0,0,0,0,0,0,0,0,0,0,0,0,0,0,0,0,0,0,0,0,0,0,0,0,0,0,0,0,0,0,0,0,0,0,0,0,0,0,0,0,0,0,0,0,0,0,0,0,0,0,0,0,0,0,0,0,0,0,0,0,0,0,0,0,0,0,0,0,0,0,0,0,0,0,0,0,0,0,0,0,0,0,0,0,0,0,0,0,0,0,0,0,0,0,0,0,0,0,0,0,0,0,0,0,0,0,0,0,0,0,0,0,0,0,0,0,0,0,0,0,0,0,0,0,0,0,0,0,0,0,0,0,0,0,0,0,0,0,0.00530115514993668,0.00767335575073957,0.0113025764003396,0.0174354985356331,0.00546076102182269,0,0,0,0,0,0,0,0,0,0,0,0,0,0,0,0,0,0,0,0,0,0,0,0,0,0.0220791902393103,0,0,0,0,0.085783563554287,0.0330597199499607,0.0348955765366554,0,0,0,0,0.15861964225769,0.219896137714386,0.281660884618759,0.25404217839241,0.291731357574463,0.314766973257065,0,0,0,0.0838435515761375,0.212796449661255,0.079967737197876,0.0566671676933765,0.0956955626606941,0.316915065050125,0.34332349896431,0.286913841962814,0.386046588420868,0.503210246562958,0.516916632652283,0.338335961103439,0.315391689538956,0.389479428529739,0.523153364658356,0.645879745483398,0.720993518829346,0.755444943904877,0.663906872272491,0.583077251911163,0.700629353523254,0.802495181560516,0.626740634441376,0.475917965173721,0.466567099094391,0.53242027759552,0.681856870651245,0.739637732505798,0.365678906440735,0.0771483853459358,0,0.500862717628479,0.403614431619644,0.477253556251526,0.412961453199387,0.132616236805916,0.137771517038345,0.341153234243393,0.557107269763947,0.69062328338623,0.66830962896347,0.854799449443817,0.781669795513153,0.829829633235931,0.999168634414673,1.10767340660095,1.15483915805817,1.0746203660965,0.748145699501038,0.557020366191864,0.703992486000061,0.834194779396057,0.679211497306824,0.643236219882965,0.765264809131622,0.707127094268799,0.893716037273407,0.989039778709412,0.802205979824066,0.66723769903183,0.81669682264328,0.94432121515274,0.876222610473633,0.545142292976379,0.184974640607834,0.160400405526161,0.430212408304214,0.51916229724884,0.56961327791214,0.604638338088989,0.84818297624588,0.641120851039886,0.166321590542793,0.461078107357025,0.689130365848541,0.857256948947906,0.947955191135406,1.05603337287903,1.11777532100677,1.13957917690277,1.09261202812195,0.985198855400085,0.891241014003754,1.06392586231232,0.585581839084625,0.150336429476738,0.209103003144264,0.572723209857941,0.12420392781496,0,0,0,0,0,0,0.6498082280159,0.563248693943024,0.47324126958847,0.59424901008606,0.49474510550499,0.125770017504692,0,0,0,0,0.487552344799042,0.104124471545219,0,0,0.110710866749287,0,0,0.112282335758209,0,0,0,0,0,0,0,0,0,0,0,0,0.0750248581171036,0.444466948509216,0.373608499765396,0,0,0,0,0,0,0,0,0,0,0,0,0,0,0,0,0,0,0,0,0,0,0,0,0,0,0,0,0,0,0,0,0,0,0,0,0,0,0,0,0,0,0,148
Mayen-Koblenz,0,0,0,0,0,0,0,0,0,0,0,0,0,0,0,0,0,0,0,0,0,0,0,0,0,0,0,0,0,0,0,0,0,0,0,0,0,0,0,0,0,0,0,0,0,0,0,0,0,0,0,0,0,0,0,0,0,0,0,0,0,0,0,0,0,0,0,0,0,0,0,0,0,0,0,0,0,0,0,0,0,0,0,0,0,0,0,0,0,0,0,0,0,0,0,0,0,0,0,0,0,0,0,0,0,0,0,0,0,0,0,0,0,0,0,0,0,0,0,0,0,0,0,0,0,0,0,0,0,0,0,0,0,0,0,0,0,0,0,0,0,0,0,0.00924461986869574,0.0128435846418142,0.0170351210981607,0.0248993933200836,0.0143474554643035,0,0,0,0,0,0,0,0,0,0,0,0,0,0,0,0,0,0,0,0,0,0,0,0,0,0.0580102689564228,0,0,0,0,0.126441806554794,0.0868602097034454,0.0916837006807327,0,0,0,0,0.233508110046387,0.298359781503677,0.372198790311813,0.333751231431961,0.388527542352676,0.426402866840363,0,0,0,0.220288276672363,0.311113119125366,0.210105091333389,0.148885786533356,0.251427948474884,0.404628753662109,0.461565017700195,0.396380513906479,0.502067029476166,0.644414186477661,0.686407744884491,0.483076453208923,0.456475466489792,0.506650030612946,0.657445192337036,0.79969334602356,0.885395526885986,0.945609509944916,0.841700375080109,0.72062873840332,0.854035258293152,1.00519144535065,0.827614784240723,0.631914377212524,0.616317510604858,0.677868604660034,0.851840853691101,0.950787484645844,0.520565152168274,0.202697575092316,0,0.610548257827759,0.523201942443848,0.57643860578537,0.560358703136444,0.348432332277298,0.361977159976959,0.48409828543663,0.724134743213654,0.876290500164032,0.865388751029968,1.07118844985962,1.0042952299118,1.04191923141479,1.22292947769165,1.34746050834656,1.4070131778717,1.34628462791443,0.979106962680817,0.778445780277252,0.93595564365387,1.09415447711945,0.931163728237152,0.875394761562347,0.97392213344574,0.936686813831329,1.12816345691681,1.26654303073883,1.08509588241577,0.885158598423004,1.08368921279907,1.2345666885376,1.17184627056122,0.832702338695526,0.485997349023819,0.421431690454483,0.643248736858368,0.761796593666077,0.843808233737946,0.853390216827393,1.19692206382751,0.969244480133057,0.436988860368729,0.672666966915131,0.92739462852478,1.12552785873413,1.24859237670898,1.38870179653168,1.45014762878418,1.48356366157532,1.45544922351837,1.34500122070313,1.24439978599548,1.42554843425751,0.907102882862091,0.394989877939224,0.549391567707062,0.869511663913727,0.326330035924911,0,0,0,0,0,0,0.92136138677597,0.800289392471313,0.691210508346558,0.822567522525787,0.722224652767181,0.330444753170013,0,0,0,0,0.599789619445801,0.273573845624924,0,0,0.290878742933273,0,0,0.295007586479187,0,0,0,0,0,0,0,0,0,0,0,0,0.197118267416954,0.593441545963287,0.511765837669373,0,0,0,0,0,0,0,0,0,0,0,0,0,0,0,0,0,0,0,0,0,0,0,0,0,0,0,0,0,0,0,0,0,0,0,0,0,0,0,0,0,0,0,149
Neuwied,0,0,0,0,0,0,0,0,0,0,0,0,0,0,0,0,0,0,0,0,0,0,0,0,0,0,0,0,0,0,0,0,0,0,0,0,0,0,0,0,0,0,0,0,0,0,0,0,0,0,0,0,0,0,0,0,0,0,0,0,0,0,0,0,0,0,0,0,0,0,0,0,0,0,0,0,0,0,0,0,0,0,0,0,0,0,0,0,0,0,0,0,0,0,0,0,0,0,0,0,0,0,0,0,0,0,0,0,0,0,0,0,0,0,0,0,0,0,0,0,0,0,0,0,0,0,0,0,0,0,0,0,0,0,0,0,0,0,0,0,0,0,0.000401733297621831,0.0078261261805892,0.0110578024759889,0.00520147196948528,0.0178601462393999,0.00522391498088837,0.0232704803347588,0,0,0,0,0,0,0,0,0,0,0,0,0,0,0,0,0,0,0,0,0,0,0,0,0.0202803649008274,0,0,0,0.00214335974305868,0.0834171697497368,0.0269386824220419,0.0316764712333679,0.00212996429763734,0,0,0.00401236675679684,0.176637426018715,0.220981746912003,0.296893179416656,0.251864641904831,0.296507626771927,0.33518585562706,0,0.00509201781824231,0,0.193681702017784,0.294858425855637,0.207393392920494,0.0526831932365894,0.218131944537163,0.380116581916809,0.366997718811035,0.320606499910355,0.417777717113495,0.539766788482666,0.572201192378998,0.380953133106232,0.32534322142601,0.412379235029221,0.577254116535187,0.684566497802734,0.760745465755463,0.768101692199707,0.574553608894348,0.499797642230988,0.707567572593689,0.823079109191895,0.611647665500641,0.386037051677704,0.166774541139603,0.409433037042618,0.647093296051025,0.652853310108185,0.144620403647423,0.062864288687706,0.00728076742962003,0.158930465579033,0.319155782461166,0.45123365521431,0.423908263444901,0.117274820804596,0.11226299405098,0.126494318246841,0.194697022438049,0.63545835018158,0.666486501693726,0.748856365680695,0.676522135734558,0.76517653465271,0.943608283996582,1.06378400325775,1.10932981967926,1.06009650230408,0.840407490730286,0.664033591747284,0.695389568805695,0.858933746814728,0.705607831478119,0.634306311607361,0.696178317070007,0.633431673049927,0.794433772563934,0.951946675777435,0.826327502727509,0.736504256725311,0.746283411979675,0.902134597301483,0.913930714130402,0.692393660545349,0.386356025934219,0.130702123045921,0.394529163837433,0.547195672988892,0.615727722644806,0.703908860683441,0.721016943454742,0.611347138881683,0.148562103509903,0.388853639364243,0.687587022781372,0.83897477388382,0.948428273200989,1.06516075134277,1.10455977916718,1.10850811004639,1.09839510917664,0.938677072525024,0.858376741409302,1.05702841281891,0.539925992488861,0.122501499950886,0.183249369263649,0.605359315872192,0.101207464933395,0,0,0,0,0,0,0.653569757938385,0.534687399864197,0.182702228426933,0.443411886692047,0.190859317779541,0.102483592927456,0,0,0,0.0125601952895522,0.553284287452698,0.097296915948391,0,0.00921154487878084,0.24754498898983,0.00938886776566505,0,0.0997489988803864,0,0.0063608605414629,0,0,0,0,0,0,0,0,0,0,0.201130956411362,0.467070013284683,0.385115891695023,0.0049138655886054,0,0,0,0,0,0,0,0,0,0,0.00797664560377598,0,0,0,0,0,0,0,0,0,0,0,0,0,0,0,0,0,0,0,0,0,0,0,0,0,0,0,0,0,0,0,150
Rhein-Hunsrück-Kreis,0,0,0,0,0,0,0,0,0,0,0,0,0,0,0,0,0,0,0,0,0,0,0,0,0,0,0,0,0,0,0,0,0,0,0,0,0,0,0,0,0,0,0,0,0,0,0,0,0,0,0,0,0,0,0,0,0,0,0,0,0,0,0,0,0,0,0,0,0,0,0,0,0,0,0,0,0,0,0,0,0,0,0,0,0,0,0,0,0,0,0,0,0,0,0,0,0,0,0,0,0,0,0,0,0,0,0,0,0,0,0,0,0,0,0,0,0,0,0,0,0,0,0,0,0,0,0,0,0,0,0,0,0,0,0,0,0,0,0,0,0,0,0,0.0118652209639549,0.016279423609376,0.0208446439355612,0.0298594702035189,0.0202530473470688,0,0,0,0,0,0,0,0,0,0,0,0,0,0,0,0,0,0,0,0,0,0,0,0,0,0.0818880125880241,0,0,0,0,0.153460949659348,0.122612953186035,0.129421845078468,0,0,0,0,0.283274710178375,0.350502222776413,0.4323650598526,0.386721342802048,0.452852725982666,0.500589668750763,0,0,0,0.310961663722992,0.376448780298233,0.296586930751801,0.210169017314911,0.35491880774498,0.462918251752853,0.540141582489014,0.469125807285309,0.579167544841766,0.738250255584717,0.79904180765152,0.579262673854828,0.550231754779816,0.584514915943146,0.746687889099121,0.901908993721008,0.994647622108459,1.07198202610016,0.959851682186127,0.812037646770477,0.955980002880096,1.13989186286926,0.961104273796082,0.735580682754517,0.715833067893982,0.774525284767151,0.964802622795105,1.09110546112061,0.623493671417236,0.286130398511887,0,0.683438897132874,0.60267299413681,0.64235132932663,0.65831047296524,0.491851419210434,0.510971426963806,0.579091310501099,0.835131704807281,0.999674260616302,0.996356189250946,1.21498811244965,1.15223932266235,1.18286168575287,1.37162816524506,1.50680923461914,1.57459354400635,1.52681708335876,1.13259053230286,0.925592303276062,1.09010493755341,1.26690864562988,1.09859681129456,1.02967405319214,1.11258375644684,1.08923900127411,1.28396379947662,1.45095586776733,1.27308833599091,1.02997636795044,1.26111710071564,1.42744719982147,1.36830079555511,1.02379834651947,0.686039924621582,0.594898164272308,0.78482049703598,0.923037469387054,1.02602243423462,1.01869642734528,1.42867422103882,1.18729662895203,0.616858959197998,0.813276886940002,1.08573138713837,1.30380523204803,1.44837856292725,1.60977435112,1.67102336883545,1.71215605735779,1.69657015800476,1.5841052532196,1.47908878326416,1.66586208343506,1.1207674741745,0.557572603225708,0.775527954101563,1.06674027442932,0.460651516914368,0,0,0,0,0,0,1.10182011127472,0.957813084125519,0.836060404777527,0.974294900894165,0.87339460849762,0.466459900140762,0,0,0,0,0.674376010894775,0.386180222034454,0,0,0.410608053207397,0,0,0.416436374187469,0,0,0,0,0,0,0,0,0,0,0,0,0.278254598379135,0.692441523075104,0.603577315807343,0,0,0,0,0,0,0,0,0,0,0,0,0,0,0,0,0,0,0,0,0,0,0,0,0,0,0,0,0,0,0,0,0,0,0,0,0,0,0,0,0,0,0,151
Rhein-Lahn-Kreis,0,0,0,0,0,0,0,0,0,0,0,0,0,0,0,0,0,0,0,0,0,0,0,0,0,0,0,0,0,0,0,0,0,0,0,0,0,0,0,0,0,0,0,0,0,0,0,0,0,0,0,0,0,0,0,0,0,0,0,0,0,0,0,0,0,0,0,0,0,0,0,0,0,0,0,0,0,0,0,0,0,0,0,0,0,0,0,0,0,0,0,0,0,0,0,0,0,0,0,0,0,0,0,0,0,0,0,0,0,0,0,0,0,0,0,0,0,0,0,0,0,0,0,0,0,0,0,0,0,0,0,0,0,0,0,0,0,0,0,0,0,0,0,0.0119854938238859,0.0164371114224195,0.0210194811224937,0.0300871152430773,0.0205240845680237,0,0,0,0,0,0,0,0,0,0,0,0,0,0,0,0,0,0,0,0,0,0,0,0,0,0.0829838812351227,0,0,0,0,0.154700994491577,0.124253831803799,0.131153851747513,0,0,0,0,0.285558760166168,0.3528952896595,0.435126394033432,0.389152407646179,0.455804944038391,0.503994464874268,0,0,0,0.31512314081192,0.379447370767593,0.300556033849716,0.212981626391411,0.359668523073196,0.465593457221985,0.543747842311859,0.472464472055435,0.582706034183502,0.742556929588318,0.804211139678955,0.583677172660828,0.554534673690796,0.588088572025299,0.750783741474152,0.9066002368927,0.9996617436409,1.07778191566467,0.965274214744568,0.816232800483704,0.960658848285675,1.14607381820679,0.96723073720932,0.740338444709778,0.720400333404541,0.778961300849915,0.969986975193024,1.09754538536072,0.62821763753891,0.289959579706192,0,0.686784267425537,0.606320321559906,0.645376324653625,0.66280597448349,0.498433649539948,0.517809569835663,0.583451092243195,0.8402259349823,1.00533699989319,1.00236701965332,1.22158777713776,1.15902924537659,1.18933033943176,1.37845265865326,1.51412272453308,1.58228468894958,1.5351026058197,1.1396347284317,0.932345628738403,1.09717965126038,1.27483725547791,1.10628116130829,1.0367546081543,1.11894762516022,1.09624040126801,1.29111433029175,1.45941948890686,1.28171634674072,1.03662276268005,1.26926016807556,1.43629956245422,1.37731719017029,1.03256869316101,0.69522088766098,0.602859437465668,0.791317939758301,0.930437624454498,1.03438532352448,1.02628326416016,1.43931043148041,1.19730424880981,0.6251140832901,0.8197301030159,1.0929981470108,1.31198740005493,1.45754790306091,1.61992049217224,1.68116056919098,1.72264730930328,1.70763647556305,1.5950790643692,1.48986005783081,1.67689144611359,1.13057363033295,0.565034329891205,0.785906553268433,1.07579219341278,0.466816276311874,0,0,0,0,0,0,1.11010229587555,0.965042650699615,0.842708349227905,0.981258392333984,0.880332589149475,0.472702354192734,0,0,0,0,0.677799224853516,0.391348302364349,0,0,0.416103035211563,0,0,0.422009348869324,0,0,0,0,0,0,0,0,0,0,0,0,0.281978368759155,0.696985125541687,0.607791006565094,0,0,0,0,0,0,0,0,0,0,0,0,0,0,0,0,0,0,0,0,0,0,0,0,0,0,0,0,0,0,0,0,0,0,0,0,0,0,0,0,0,0,0,152
Westerwaldkreis,0,0,0,0,0,0,0,0,0,0,0,0,0,0,0,0,0,0,0,0,0,0,0,0,0,0,0,0,0,0,0,0,0,0,0,0,0,0,0,0,0,0,0,0,0,0,0,0,0,0,0,0,0,0,0,0,0,0,0,0,0,0,0,0,0,0,0,0,0,0,0,0,0,0,0,0,0,0,0,0,0,0,0,0,0,0,0,0,0,0,0,0,0,0,0,0,0,0,0,0,0,0,0,0,0,0,0,0,0,0,0,0,0,0,0,0,0,0,0,0,0,0,0,0,0,0,0,0,0,0,0,0,0,0,0,0,0,0,0,0,0,0,0,0.00808013044297695,0.0114527847617865,0.00687741627916694,0.0189402624964714,0.00671532656997442,0.0193058606237173,0,0,0,0,0,0,0,0,0,0,0,0,0,0,0,0,0,0,0,0,0,0,0,0,0.0271517019718885,0,0,0,0,0.0915128663182259,0.0406549200415611,0.0429125502705574,0,0,0,0,0.189098089933395,0.2362280189991,0.311864763498306,0.268095046281815,0.315210729837418,0.355426877737045,0,0,0,0.208029419183731,0.303958237171173,0.217603340744972,0.0696859881281853,0.23537215590477,0.387985795736313,0.387803226709366,0.337827563285828,0.435978144407272,0.56301873922348,0.600310266017914,0.406283289194107,0.354978740215302,0.432519465684891,0.595394015312195,0.708723485469818,0.786908745765686,0.806491732597351,0.625105619430542,0.539143085479736,0.736010491847992,0.862576723098755,0.656907558441162,0.430247664451599,0.235709577798843,0.456011265516281,0.686073780059814,0.709695875644684,0.205548077821732,0.0948725938796997,0,0.224710628390312,0.348918169736862,0.471761137247086,0.452065736055374,0.163083747029305,0.169423401355743,0.190900802612305,0.274915605783463,0.680081605911255,0.7060586810112,0.807746350765228,0.738120853900909,0.81699800491333,0.995489597320557,1.11653566360474,1.16561639308929,1.11724352836609,0.875983655452728,0.696942210197449,0.744105815887451,0.909369111061096,0.755054354667664,0.682949125766754,0.749548435211182,0.691203594207764,0.855033218860626,1.01313829421997,0.881104469299316,0.7696533203125,0.811173021793365,0.96816623210907,0.969245851039886,0.73212718963623,0.4223852455616,0.197251081466675,0.441637396812439,0.592069089412689,0.665757358074188,0.740540444850922,0.817002415657043,0.686443984508514,0.204532623291016,0.441925436258316,0.735409140586853,0.895895481109619,1.00909304618835,1.13201582431793,1.1731024980545,1.181960105896,1.17235481739044,1.0222544670105,0.940221607685089,1.13356101512909,0.615002989768982,0.184874981641769,0.257142692804337,0.664254128932953,0.152738764882088,0,0,0,0,0,0,0.706844210624695,0.5860236287117,0.275727838277817,0.511432290077209,0.288038194179535,0.154664665460587,0,0,0,0,0.560670435428619,0.128046214580536,0,0,0.264475703239441,0,0,0.138078287243843,0,0,0,0,0,0,0,0,0,0,0,0,0.208055198192596,0.49335515499115,0.411785244941711,0,0,0,0,0,0,0,0,0,0,0,0,0,0,0,0,0,0,0,0,0,0,0,0,0,0,0,0,0,0,0,0,0,0,0,0,0,0,0,0,0,0,0,153
Trier,0,0,0,0,0,0,0,0,0,0,0,0,0,0,0,0,0,0,0,0,0,0,0,0,0,0,0,0,0,0,0,0,0,0,0,0,0,0,0,0,0,0,0,0,0,0,0,0,0,0,0,0,0,0,0,0,0,0,0,0,0,0,0,0,0,0,0,0,0,0,0,0,0,0,0,0,0,0,0,0,0,0,0,0,0,0,0,0,0,0,0,0,0,0,0,0,0,0,0,0,0,0,0,0,0,0,0,0,0,0,0,0,0,0,0,0,0,0,0,0,0,0,0,0,0,0,0,0,0,0,0,0,0,0,0,0,0,0,0,0,0,0,0,0.00287794671021402,0.00449631595984101,0.00778000103309751,0.0128490319475532,0,0,0,0,0,0,0,0,0,0,0,0,0,0,0,0,0,0,0,0,0,0,0,0,0,0,0,0,0,0,0,0.060799602419138,0,0,0,0,0,0,0.112601637840271,0.171681270003319,0.22602653503418,0.205061972141266,0.23225137591362,0.246168181300163,0,0,0,0,0.152382120490074,0,0,0,0.263016134500504,0.270665615797043,0.219647988677025,0.31475356221199,0.416442275047302,0.412766575813293,0.249394819140434,0.22869747877121,0.317479580640793,0.440632730722427,0.551363289356232,0.619970738887787,0.638591229915619,0.554655134677887,0.498553574085236,0.606363415718079,0.677941024303436,0.503306031227112,0.380060195922852,0.37454742193222,0.443044126033783,0.577403843402863,0.609888970851898,0.270503312349319,0,0,0.43346244096756,0.330129444599152,0.416305691003799,0.322387725114822,0,0,0.253315359354019,0.454470992088318,0.576533198356628,0.547207057476044,0.721831321716309,0.644869327545166,0.699503421783447,0.861670553684235,0.96032726764679,0.999881625175476,0.907686293125153,0.606223046779633,0.420957386493683,0.561454176902771,0.67445296049118,0.524390041828156,0.500577867031097,0.637047588825226,0.566065609455109,0.749651193618774,0.818517565727234,0.628373801708221,0.533328175544739,0.652633428573608,0.765969097614288,0.694565653800964,0.368440389633179,0,0,0.299304336309433,0.370066672563553,0.401124030351639,0.451783508062363,0.63388729095459,0.439493119716644,0,0.331059485673904,0.542720139026642,0.692408084869385,0.763217568397522,0.851612865924835,0.913536906242371,0.928205192089081,0.869653344154358,0.764105021953583,0.674229562282562,0.841713428497314,0.388011246919632,0,0,0.390350520610809,0,0,0,0,0,0,0,0.482942342758179,0.417590230703354,0.339301943778992,0.453950226306915,0.354961812496185,0,0,0,0,0,0.418583989143372,0,0,0,0,0,0,0,0,0,0,0,0,0,0,0,0,0,0,0,0,0.352923989295959,0.288712561130524,0,0,0,0,0,0,0,0,0,0,0,0,0,0,0,0,0,0,0,0,0,0,0,0,0,0,0,0,0,0,0,0,0,0,0,0,0,0,0,0,0,0,0,154
Bernkastel-Wittlich,0,0,0,0,0,0,0,0,0,0,0,0,0,0,0,0,0,0,0,0,0,0,0,0,0,0,0,0,0,0,0,0,0,0,0,0,0,0,0,0,0,0,0,0,0,0,0,0,0,0,0,0,0,0,0,0,0,0,0,0,0,0,0,0,0,0,0,0,0,0,0,0,0,0,0,0,0,0,0,0,0,0,0,0,0,0,0,0,0,0,0,0,0,0,0,0,0,0,0,0,0,0,0,0,0,0,0,0,0,0,0,0,0,0,0,0,0,0,0,0,0,0,0,0,0,0,0,0,0,0,0,0,0,0,0,0,0,0,0,0,0,0,0,0.00288717192597687,0.00450841058045626,0.00779341114684939,0.012866492383182,2.07890025194502e-05,0,0,0,0,0,0,0,0,0,0,0,0,0,0,0,0,0,0,0,0,0,0,0,0,0,8.40550055727363e-05,0,0,0,0,0.060894712805748,0.000125857652164996,0.000132846733322367,0,0,0,0,0.112776815891266,0.171864807605743,0.226238325238228,0.205248445272446,0.232477784156799,0.246429324150085,0,0,0,0.000319190585287288,0.15261210501194,0.000304435496218503,0.000215730717172846,0.000364310981240124,0.263221323490143,0.270942211151123,0.21990405023098,0.31502491235733,0.416772574186325,0.413163036108017,0.249733403325081,0.229027524590492,0.317753672599792,0.440946906805038,0.551723062992096,0.620355248451233,0.639036059379578,0.555070996284485,0.498875319957733,0.606722235679626,0.67841511964798,0.503775954246521,0.380425095558167,0.374897718429565,0.443384379148483,0.577801465988159,0.610382914543152,0.270865619182587,0.000293702265480533,0,0.433719009160995,0.33040913939476,0.416537672281265,0.322732537984848,0.000504867231938988,0.000524493225384504,0.253649771213531,0.454861700534821,0.576967477798462,0.547668039798737,0.722337484359741,0.645390152931213,0.699999570846558,0.862194001674652,0.960888206958771,1.00047147274017,0.908321738243103,0.606763303279877,0.421475321054459,0.561996817588806,0.675061047077179,0.524979412555695,0.501120865345001,0.637535691261292,0.56660258769989,0.750199556350708,0.819166719913483,0.629035472869873,0.533837974071503,0.653257966041565,0.766648054122925,0.695257186889648,0.369113057851791,0.000704194535501301,0.000610640912782401,0.2998026907444,0.370634257793427,0.401765435934067,0.452365398406982,0.634703099727631,0.440260678529739,0.000633182819001377,0.331554442644119,0.543277502059937,0.693035542964935,0.763920843601227,0.852391004562378,0.914314329624176,0.929009795188904,0.870502114295959,0.764946639537811,0.675055682659149,0.842559397220612,0.38876336812973,0.00057232758263126,0.000796050706412643,0.391044765710831,0.000472841726150364,0,0,0,0,0,0,0.483577579259872,0.418144732713699,0.339811831712723,0.454484313726425,0.355493932962418,0.000478803791338578,0,0,0,0,0.418846547603607,0.000396399671444669,0,0,0.000421473931055516,0,0,0.000427456456236541,0,0,0,0,0,0,0,0,0,0,0,0,0.000285618036286905,0.353272497653961,0.289035767316818,0,0,0,0,0,0,0,0,0,0,0,0,0,0,0,0,0,0,0,0,0,0,0,0,0,0,0,0,0,0,0,0,0,0,0,0,0,0,0,0,0,0,0,155
Eifelkreis Bitburg-Prüm,0,0,0,0,0,0,0,0,0,0,0,0,0,0,0,0,0,0,0,0,0,0,0,0,0,0,0,0,0,0,0,0,0,0,0,0,0,0,0,0,0,0,0,0,0,0,0,0,0,0,0,0,0,0,0,0,0,0,0,0,0,0,0,0,0,0,0,0,0,0,0,0,0,0,0,0,0,0,0,0,0,0,0,0,0,0,0,0,0,0,0,0,0,0,0,0,0,0,0,0,0,0,0,0,0,0,0,0,0,0,0,0,0,0,0,0,0,0,0,0,0,0,0,0,0,0,0,0,0,0,0,0,0,0,0,0,0,0,0,0,0,0,0,0.00287794694304466,0.00449631595984101,0.00778000103309751,0.0128490328788757,0,0,0,0,0,0,0,0,0,0,0,0,0,0,0,0,0,0,0,0,0,0,0,0,0,0,0,0,0,0,0,0.0607995986938477,0,0,0,0,0,0,0.112601645290852,0.171681270003319,0.22602653503418,0.205061987042427,0.23225137591362,0.246168181300163,0,0,0,0,0.152382120490074,0,0,0,0.263016134500504,0.270665615797043,0.219647988677025,0.314753532409668,0.416442304849625,0.412766575813293,0.249394834041595,0.22869747877121,0.317479580640793,0.44063276052475,0.551363289356232,0.619970679283142,0.638591289520264,0.554655134677887,0.498553574085236,0.606363415718079,0.677941024303436,0.503306090831757,0.380060195922852,0.37454742193222,0.443044155836105,0.577403843402863,0.609888970851898,0.270503312349319,0,0,0.433462411165237,0.330129414796829,0.416305691003799,0.322387754917145,0,0,0.253315359354019,0.454470992088318,0.576533198356628,0.547207057476044,0.721831381320953,0.644869387149811,0.699503421783447,0.861670553684235,0.96032726764679,0.999881684780121,0.907686293125153,0.606223046779633,0.420957386493683,0.561454176902771,0.67445296049118,0.524390041828156,0.500577867031097,0.637047588825226,0.566065609455109,0.74965113401413,0.818517625331879,0.628373801708221,0.533328175544739,0.652633428573608,0.765969097614288,0.694565713405609,0.368440389633179,0,0,0.299304336309433,0.37006664276123,0.401124060153961,0.451783508062363,0.63388729095459,0.439493089914322,0,0.331059485673904,0.542720139026642,0.692408084869385,0.763217568397522,0.85161292552948,0.913536846637726,0.928205192089081,0.869653344154358,0.764104962348938,0.674229562282562,0.841713428497314,0.388011246919632,0,0,0.390350520610809,0,0,0,0,0,0,0,0.482942372560501,0.417590230703354,0.339301973581314,0.453950226306915,0.354961812496185,0,0,0,0,0,0.418584018945694,0,0,0,0,0,0,0,0,0,0,0,0,0,0,0,0,0,0,0,0,0.352923989295959,0.288712590932846,0,0,0,0,0,0,0,0,0,0,0,0,0,0,0,0,0,0,0,0,0,0,0,0,0,0,0,0,0,0,0,0,0,0,0,0,0,0,0,0,0,0,0,156
Vulkaneifel,0,0,0,0,0,0,0,0,0,0,0,0,0,0,0,0,0,0,0,0,0,0,0,0,0,0,0,0,0,0,0,0,0,0,0,0,0,0,0,0,0,0,0,0,0,0,0,0,0,0,0,0,0,0,0,0,0,0,0,0,0,0,0,0,0,0,0,0,0,0,0,0,0,0,0,0,0,0,0,0,0,0,0,0,0,0,0,0,0,0,0,0,0,0,0,0,0,0,0,0,0,0,0,0,0,0,0,0,0,0,0,0,0,0,0,0,0,0,0,0,0,0,0,0,0,0,0,0,0,0,0,0,0,0,0,0,0,0,0,0,0,0,0,0.00287794694304466,0.00449631595984101,0.00778000103309751,0.0128490319475532,0,0,0,0,0,0,0,0,0,0,0,0,0,0,0,0,0,0,0,0,0,0,0,0,0,0,0,0,0,0,0,0.0607995986938477,0,0,0,0,0,0,0.112601645290852,0.171681255102158,0.22602653503418,0.205061972141266,0.232251361012459,0.246168181300163,0,0,0,0,0.152382105588913,0,0,0,0.263016134500504,0.270665615797043,0.219647988677025,0.314753532409668,0.416442275047302,0.412766575813293,0.249394819140434,0.228697493672371,0.317479610443115,0.44063276052475,0.551363289356232,0.619970679283142,0.638591289520264,0.554655075073242,0.498553603887558,0.606363415718079,0.677941024303436,0.503306090831757,0.380060195922852,0.37454742193222,0.443044155836105,0.577403843402863,0.609888970851898,0.270503312349319,0,0,0.43346244096756,0.330129444599152,0.416305661201477,0.322387725114822,0,0,0.253315359354019,0.454470992088318,0.576533198356628,0.547207057476044,0.721831321716309,0.644869387149811,0.699503421783447,0.861670553684235,0.96032726764679,0.999881625175476,0.907686233520508,0.606223046779633,0.420957386493683,0.561454176902771,0.67445296049118,0.524390041828156,0.500577867031097,0.637047588825226,0.566065609455109,0.74965113401413,0.818517565727234,0.628373801708221,0.533328175544739,0.652633428573608,0.765969157218933,0.694565653800964,0.368440359830856,0,0,0.299304336309433,0.37006664276123,0.401124060153961,0.451783508062363,0.63388729095459,0.439493119716644,0,0.331059485673904,0.542720139026642,0.69240802526474,0.763217568397522,0.851612865924835,0.913536906242371,0.928205192089081,0.869653344154358,0.764105021953583,0.674229562282562,0.841713488101959,0.388011246919632,0,0,0.390350520610809,0,0,0,0,0,0,0,0.482942342758179,0.417590230703354,0.339301943778992,0.453950226306915,0.354961812496185,0,0,0,0,0,0.418583989143372,0,0,0,0,0,0,0,0,0,0,0,0,0,0,0,0,0,0,0,0,0.352923989295959,0.288712590932846,0,0,0,0,0,0,0,0,0,0,0,0,0,0,0,0,0,0,0,0,0,0,0,0,0,0,0,0,0,0,0,0,0,0,0,0,0,0,0,0,0,0,0,157
Trier-Saarburg,0,0,0,0,0,0,0,0,0,0,0,0,0,0,0,0,0,0,0,0,0,0,0,0,0,0,0,0,0,0,0,0,0,0,0,0,0,0,0,0,0,0,0,0,0,0,0,0,0,0,0,0,0,0,0,0,0,0,0,0,0,0,0,0,0,0,0,0,0,0,0,0,0,0,0,0,0,0,0,0,0,0,0,0,0,0,0,0,0,0,0,0,0,0,0,0,0,0,0,0,0,0,0,0,0,0,0,0,0,0,0,0,0,0,0,0,0,0,0,0,0,0,0,0,0,0,0,0,0,0,0,0,0,0,0,0,0,0,0,0,0,0,0,0.00287794694304466,0.00449631595984101,0.00778000103309751,0.0128490319475532,0,0,0,0,0,0,0,0,0,0,0,0,0,0,0,0,0,0,0,0,0,0,0,0,0,0,0,0,0,0,0,0.0607995986938477,0,0,0,0,0,0,0.112601637840271,0.171681270003319,0.22602653503418,0.205061987042427,0.23225137591362,0.246168181300163,0,0,0,0,0.152382105588913,0,0,0,0.263016104698181,0.270665615797043,0.219647973775864,0.314753532409668,0.416442275047302,0.412766575813293,0.249394819140434,0.22869747877121,0.317479610443115,0.44063276052475,0.551363289356232,0.619970679283142,0.638591289520264,0.554655134677887,0.498553574085236,0.606363356113434,0.677940964698792,0.503306090831757,0.380060166120529,0.37454742193222,0.443044126033783,0.577403843402863,0.609888970851898,0.270503312349319,0,0,0.43346244096756,0.330129414796829,0.416305661201477,0.322387754917145,0,0,0.253315359354019,0.454470992088318,0.576533198356628,0.547207057476044,0.721831381320953,0.644869387149811,0.699503481388092,0.861670553684235,0.960327327251434,0.999881625175476,0.907686233520508,0.606223046779633,0.420957386493683,0.561454176902771,0.67445296049118,0.524390041828156,0.500577807426453,0.637047648429871,0.566065549850464,0.74965113401413,0.818517565727234,0.628373742103577,0.533328175544739,0.652633428573608,0.765969097614288,0.694565653800964,0.368440359830856,0,0,0.299304336309433,0.370066672563553,0.401124030351639,0.451783508062363,0.63388729095459,0.439493089914322,0,0.331059485673904,0.542720139026642,0.692408084869385,0.763217568397522,0.851612865924835,0.913536906242371,0.928205192089081,0.869653344154358,0.764104962348938,0.674229502677917,0.841713488101959,0.38801121711731,0,0,0.390350520610809,0,0,0,0,0,0,0,0.482942342758179,0.417590260505676,0.339301973581314,0.453950226306915,0.354961812496185,0,0,0,0,0,0.418584018945694,0,0,0,0,0,0,0,0,0,0,0,0,0,0,0,0,0,0,0,0,0.352923989295959,0.288712590932846,0,0,0,0,0,0,0,0,0,0,0,0,0,0,0,0,0,0,0,0,0,0,0,0,0,0,0,0,0,0,0,0,0,0,0,0,0,0,0,0,0,0,0,158
Frankenthal (Pfalz),0,0,0,0,0,0,0,0,0,0,0,0,0,0,0,0,0,0,0,0,0,0,0,0,0,0,0,0,0,0,0,0,0,0,0,0,0,0,0,0,0,0,0,0,0,0,0,0,0,0,0,0,0,0,0,0,0,0,0,0,0,0,0,0,0,0,0,0,0,0,0,0,0,0,0,0,0,0,0,0,0,0,0,0,0,0,0,0,0,0,0,0,0,0,0,0,0,0,0,0,0,0,0,0,0,0,0,0,0,0,0,0,0,0,0,0,0,0,0,0,0,0,0,0,0,0,0,0,0,0,0,0,0,0,0,0,0,0,0,0,0,0,0,0.0119854928925633,0.0164371114224195,0.0210194811224937,0.0300871152430773,0.0205240845680237,0,0,0,0,0,0,0,0,0,0,0,0,0,0,0,0,0,0,0,0,0,0,0,0,0,0.0829838886857033,0,0,0,0,0.154700994491577,0.124253824353218,0.131153851747513,0,0,0,0,0.285558760166168,0.3528952896595,0.435126394033432,0.389152407646179,0.455804944038391,0.503994464874268,0,0,0,0.31512314081192,0.379447370767593,0.300556033849716,0.212981626391411,0.359668523073196,0.465593457221985,0.543747842311859,0.472464501857758,0.582706034183502,0.742556929588318,0.804211139678955,0.583677172660828,0.554534673690796,0.588088572025299,0.750783681869507,0.906600177288055,0.999661803245544,1.07778191566467,0.965274274349213,0.816232800483704,0.960658848285675,1.14607381820679,0.967230796813965,0.740338444709778,0.720400393009186,0.778961300849915,0.969986915588379,1.09754538536072,0.62821763753891,0.289959579706192,0,0.686784267425537,0.606320321559906,0.64537638425827,0.66280597448349,0.498433649539948,0.517809569835663,0.58345103263855,0.8402259349823,1.0053368806839,1.00236701965332,1.22158777713776,1.15902924537659,1.18933033943176,1.37845265865326,1.51412260532379,1.58228468894958,1.53510272502899,1.13963460922241,0.932345688343048,1.09717977046967,1.27483725547791,1.10628116130829,1.03675472736359,1.11894774436951,1.09624052047729,1.29111433029175,1.45941948890686,1.28171634674072,1.03662276268005,1.26926016807556,1.43629956245422,1.37731719017029,1.03256869316101,0.695220947265625,0.602859497070313,0.791317939758301,0.930437624454498,1.03438520431519,1.02628314495087,1.43931043148041,1.19730424880981,0.6251140832901,0.819730162620544,1.09299826622009,1.31198740005493,1.45754790306091,1.61992037296295,1.68116044998169,1.72264730930328,1.70763635635376,1.59507894515991,1.48985993862152,1.6768913269043,1.13057363033295,0.565034329891205,0.785906553268433,1.07579207420349,0.466816246509552,0,0,0,0,0,0,1.11010229587555,0.965042650699615,0.842708349227905,0.981258511543274,0.880332589149475,0.472702383995056,0,0,0,0,0.677799224853516,0.391348302364349,0,0,0.416103035211563,0,0,0.422009348869324,0,0,0,0,0,0,0,0,0,0,0,0,0.281978338956833,0.696985125541687,0.607791006565094,0,0,0,0,0,0,0,0,0,0,0,0,0,0,0,0,0,0,0,0,0,0,0,0,0,0,0,0,0,0,0,0,0,0,0,0,0,0,0,0,0,0,0,159
Kaiserslautern,0,0,0,0,0,0,0,0,0,0,0,0,0,0,0,0,0,0,0,0,0,0,0,0,0,0,0,0,0,0,0,0,0,0,0,0,0,0,0,0,0,0,0,0,0,0,0,0,0,0,0,0,0,0,0,0,0,0,0,0,0,0,0,0,0,0,0,0,0,0,0,0,0,0,0,0,0,0,0,0,0,0,0,0,0,0,0,0,0,0,0,0,0,0,0,0,0,0,0,0,0,0,0,0,0,0,0,0,0,0,0,0,0,0,0,0,0,0,0,0,0,0,0,0,0,0,0,0,0,0,0,0,0,0,0,0,0,0,0,0,0,0,0,0.0119854928925633,0.0164371114224195,0.0210194811224937,0.0300871133804321,0.0205240845680237,0,0,0,0,0,0,0,0,0,0,0,0,0,0,0,0,0,0,0,0,0,0,0,0,0,0.0829838886857033,0,0,0,0,0.154700994491577,0.124253824353218,0.131153851747513,0,0,0,0,0.285558760166168,0.3528952896595,0.435126394033432,0.389152407646179,0.455804944038391,0.503994464874268,0,0,0,0.31512314081192,0.379447370767593,0.300556033849716,0.212981626391411,0.359668523073196,0.465593457221985,0.543747842311859,0.472464472055435,0.582706034183502,0.742556869983673,0.804211139678955,0.583677113056183,0.554534733295441,0.588088572025299,0.750783681869507,0.906600177288055,0.999661803245544,1.07778203487396,0.965274274349213,0.816232860088348,0.96065878868103,1.14607393741608,0.96723073720932,0.740338385105133,0.720400333404541,0.778961300849915,0.969986975193024,1.09754538536072,0.62821763753891,0.28995954990387,0,0.686784267425537,0.606320321559906,0.64537638425827,0.66280597448349,0.498433649539948,0.517809569835663,0.583451092243195,0.840225875377655,1.0053368806839,1.00236701965332,1.22158777713776,1.15902936458588,1.18933033943176,1.37845277786255,1.51412272453308,1.58228468894958,1.53510272502899,1.13963460922241,0.932345688343048,1.09717977046967,1.27483725547791,1.10628116130829,1.0367546081543,1.11894774436951,1.09624040126801,1.29111433029175,1.45941948890686,1.28171634674072,1.03662276268005,1.26926028728485,1.43629944324493,1.37731719017029,1.03256869316101,0.69522088766098,0.602859437465668,0.791317999362946,0.930437624454498,1.03438532352448,1.02628314495087,1.43931043148041,1.19730424880981,0.6251140832901,0.819730162620544,1.0929981470108,1.31198740005493,1.45754778385162,1.61992037296295,1.68116044998169,1.72264730930328,1.70763647556305,1.59507894515991,1.48985993862152,1.67689144611359,1.13057363033295,0.565034329891205,0.785906553268433,1.07579207420349,0.466816246509552,0,0,0,0,0,0,1.11010229587555,0.96504271030426,0.842708349227905,0.981258451938629,0.880332589149475,0.472702354192734,0,0,0,0,0.677799224853516,0.391348302364349,0,0,0.416103035211563,0,0,0.422009348869324,0,0,0,0,0,0,0,0,0,0,0,0,0.281978368759155,0.696985125541687,0.607791006565094,0,0,0,0,0,0,0,0,0,0,0,0,0,0,0,0,0,0,0,0,0,0,0,0,0,0,0,0,0,0,0,0,0,0,0,0,0,0,0,0,0,0,0,160
Landau in der Pfalz,0,0,0,0,0,0,0,0,0,0,0,0,0,0,0,0,0,0,0,0,0,0,0,0,0,0,0,0,0,0,0,0,0,0,0,0,0,0,0,0,0,0,0,0,0,0,0,0,0,0,0,0,0,0,0,0,0,0,0,0,0,0,0,0,0,0,0,0,0,0,0,0,0,0,0,0,0,0,0,0,0,0,0,0,0,0,0,0,0,0,0,0,0,0,0,0,0,0,0,0,0,0,0,0,0,0,0,0,0,0,0,0,0,0,0,0,0,0,0,0,0,0,0,0,0,0,0,0,0,0,0,0,0,0,0,0,0,0,0,0,0,0,0,0.0119854928925633,0.0164371114224195,0.0210194811224937,0.0300871133804321,0.0205240845680237,0,0,0,0,0,0,0,0,0,0,0,0,0,0,0,0,0,0,0,0,0,0,0,0,0,0.0829838886857033,0,0,0,0,0.154700994491577,0.124253824353218,0.131153851747513,0,0,0,0,0.285558760166168,0.3528952896595,0.435126394033432,0.389152407646179,0.455804973840714,0.503994464874268,0,0,0,0.315123111009598,0.379447370767593,0.300556033849716,0.212981641292572,0.359668552875519,0.465593457221985,0.543747842311859,0.472464472055435,0.582706034183502,0.742556869983673,0.804211139678955,0.583677172660828,0.554534673690796,0.588088572025299,0.750783681869507,0.9066002368927,0.999661803245544,1.07778191566467,0.965274274349213,0.816232860088348,0.960658848285675,1.14607381820679,0.96723073720932,0.740338444709778,0.720400333404541,0.778961300849915,0.969986915588379,1.09754550457001,0.62821763753891,0.28995954990387,0,0.686784207820892,0.606320321559906,0.645376324653625,0.66280597448349,0.498433649539948,0.517809569835663,0.583451092243195,0.8402259349823,1.0053368806839,1.00236701965332,1.22158777713776,1.15902924537659,1.18933022022247,1.37845277786255,1.51412260532379,1.58228468894958,1.53510272502899,1.1396347284317,0.932345628738403,1.09717965126038,1.27483725547791,1.10628116130829,1.03675472736359,1.11894774436951,1.09624052047729,1.29111433029175,1.45941948890686,1.28171634674072,1.03662288188934,1.26926028728485,1.43629956245422,1.37731719017029,1.03256869316101,0.69522088766098,0.602859437465668,0.791317999362946,0.930437624454498,1.03438520431519,1.02628314495087,1.43931043148041,1.19730412960052,0.6251140832901,0.8197301030159,1.09299826622009,1.31198740005493,1.45754790306091,1.61992037296295,1.68116044998169,1.72264730930328,1.70763635635376,1.59507894515991,1.48985993862152,1.67689144611359,1.13057363033295,0.56503438949585,0.785906553268433,1.07579219341278,0.466816276311874,0,0,0,0,0,0,1.11010229587555,0.96504271030426,0.842708349227905,0.981258451938629,0.88033264875412,0.472702354192734,0,0,0,0,0.677799224853516,0.391348302364349,0,0,0.416103065013885,0,0,0.422009348869324,0,0,0,0,0,0,0,0,0,0,0,0,0.281978368759155,0.696985125541687,0.607791066169739,0,0,0,0,0,0,0,0,0,0,0,0,0,0,0,0,0,0,0,0,0,0,0,0,0,0,0,0,0,0,0,0,0,0,0,0,0,0,0,0,0,0,0,161
Ludwigshafen am Rhein,0,0,0,0,0,0,0,0,0,0,0,0,0,0,0,0,0,0,0,0,0,0,0,0,0,0,0,0,0,0,0,0,0,0,0,0,0,0,0,0,0,0,0,0,0,0,0,0,0,0,0,0,0,0,0,0,0,0,0,0,0,0,0,0,0,0,0,0,0,0,0,0,0,0,0,0,0,0,0,0,0,0,0,0,0,0,0,0,0,0,0,0,0,0,0,0,0,0,0,0,0,0,0,0,0,0,0,0,0,0,0,0,0,0,0,0,0,0,0,0,0,0,0,0,0,0,0,0,0,0,0,0,0,0,0,0,0,0,0,0,0,0,0,0.0119854928925633,0.0164371132850647,0.0210194811224937,0.0300871152430773,0.0205240845680237,0,0,0,0,0,0,0,0,0,0,0,0,0,0,0,0,0,0,0,0,0,0,0,0,0,0.0829838812351227,0,0,0,0,0.154700994491577,0.124253824353218,0.131153836846352,0,0,0,0,0.285558760166168,0.3528952896595,0.435126394033432,0.389152407646179,0.455804944038391,0.503994464874268,0,0,0,0.31512314081192,0.379447370767593,0.300556033849716,0.212981626391411,0.359668552875519,0.465593457221985,0.543747842311859,0.472464501857758,0.582706093788147,0.742556869983673,0.804211139678955,0.583677172660828,0.554534673690796,0.588088512420654,0.750783741474152,0.9066002368927,0.999661803245544,1.07778203487396,0.965274214744568,0.816232860088348,0.96065878868103,1.14607381820679,0.96723073720932,0.740338444709778,0.720400393009186,0.778961300849915,0.969986915588379,1.09754550457001,0.62821763753891,0.28995954990387,0,0.686784207820892,0.606320321559906,0.645376324653625,0.66280597448349,0.498433649539948,0.517809569835663,0.583451092243195,0.8402259349823,1.0053368806839,1.00236701965332,1.22158777713776,1.15902924537659,1.18933033943176,1.37845277786255,1.51412272453308,1.58228468894958,1.53510272502899,1.13963460922241,0.932345628738403,1.09717965126038,1.27483725547791,1.10628116130829,1.0367546081543,1.11894774436951,1.09624040126801,1.29111433029175,1.45941948890686,1.28171634674072,1.03662276268005,1.26926016807556,1.43629956245422,1.37731719017029,1.03256869316101,0.69522088766098,0.602859437465668,0.791317939758301,0.930437624454498,1.03438532352448,1.02628314495087,1.43931043148041,1.19730424880981,0.6251140832901,0.819730162620544,1.09299826622009,1.31198740005493,1.45754778385162,1.61992037296295,1.68116056919098,1.72264730930328,1.70763647556305,1.59507894515991,1.48985993862152,1.6768913269043,1.13057363033295,0.56503438949585,0.785906553268433,1.07579207420349,0.466816276311874,0,0,0,0,0,0,1.11010217666626,0.96504271030426,0.842708349227905,0.981258392333984,0.880332589149475,0.472702383995056,0,0,0,0,0.677799224853516,0.391348302364349,0,0,0.416103035211563,0,0,0.422009348869324,0,0,0,0,0,0,0,0,0,0,0,0,0.281978368759155,0.696985125541687,0.607791066169739,0,0,0,0,0,0,0,0,0,0,0,0,0,0,0,0,0,0,0,0,0,0,0,0,0,0,0,0,0,0,0,0,0,0,0,0,0,0,0,0,0,0,0,162
Mainz,0,0,0,0,0,0,0,0,0,0,0,0,0,0,0,0,0,0,0,0,0,0,0,0,0,0,0,0,0,0,0,0,0,0,0,0,0,0,0,0,0,0,0,0,0,0,0,0,0,0,0,0,0,0,0,0,0,0,0,0,0,0,0,0,0,0,0,0,0,0,0,0,0,0,0,0,0,0,0,0,0,0,0,0,0,0,0,0,0,0,0,0,0,0,0,0,0,0,0,0,0,0,0,0,0,0,0,0,0,0,0,0,0,0,0,0,0,0,0,0,0,0,0,0,0,0,0,0,0,0,0,0,0,0,0,0,0,0,0,0,0,0,0,0.0119854938238859,0.0164371132850647,0.0210194811224937,0.030087111517787,0.0205240845680237,0,0,0,0,0,0,0,0,0,0,0,0,0,0,0,0,0,0,0,0,0,0,0,0,0,0.0829838886857033,0,0,0,0,0.154700994491577,0.124253831803799,0.131153851747513,0,0,0,0,0.285558760166168,0.3528952896595,0.435126394033432,0.389152437448502,0.455804944038391,0.503994464874268,0,0,0,0.31512314081192,0.379447340965271,0.300556033849716,0.212981626391411,0.359668523073196,0.465593457221985,0.543747842311859,0.472464472055435,0.582706093788147,0.742556929588318,0.8042111992836,0.583677172660828,0.554534733295441,0.588088512420654,0.750783681869507,0.9066002368927,0.999661803245544,1.07778191566467,0.965274274349213,0.816232860088348,0.960658848285675,1.14607381820679,0.96723073720932,0.740338385105133,0.720400333404541,0.778961300849915,0.969986975193024,1.09754550457001,0.62821763753891,0.289959579706192,0,0.686784207820892,0.606320321559906,0.64537638425827,0.66280597448349,0.49843367934227,0.517809569835663,0.583451092243195,0.840225875377655,1.0053368806839,1.00236701965332,1.22158777713776,1.15902924537659,1.18933033943176,1.37845265865326,1.51412260532379,1.58228468894958,1.53510272502899,1.1396347284317,0.932345628738403,1.09717965126038,1.27483725547791,1.10628116130829,1.0367546081543,1.11894774436951,1.09624052047729,1.29111433029175,1.45941948890686,1.28171634674072,1.03662276268005,1.26926016807556,1.43629956245422,1.377317070961,1.03256869316101,0.69522088766098,0.602859437465668,0.791317880153656,0.930437624454498,1.03438520431519,1.02628314495087,1.4393105506897,1.19730424880981,0.6251140832901,0.8197301030159,1.09299826622009,1.31198740005493,1.45754778385162,1.61992037296295,1.68116056919098,1.72264730930328,1.70763647556305,1.59507894515991,1.48985993862152,1.67689144611359,1.13057363033295,0.56503438949585,0.785906493663788,1.07579207420349,0.466816246509552,0,0,0,0,0,0,1.11010229587555,0.96504271030426,0.842708349227905,0.981258451938629,0.88033252954483,0.472702383995056,0,0,0,0,0.677799165248871,0.391348302364349,0,0,0.416103035211563,0,0,0.422009348869324,0,0,0,0,0,0,0,0,0,0,0,0,0.281978368759155,0.696985125541687,0.607791066169739,0,0,0,0,0,0,0,0,0,0,0,0,0,0,0,0,0,0,0,0,0,0,0,0,0,0,0,0,0,0,0,0,0,0,0,0,0,0,0,0,0,0,0,163
Neustadt an der Weinstraße,0,0,0,0,0,0,0,0,0,0,0,0,0,0,0,0,0,0,0,0,0,0,0,0,0,0,0,0,0,0,0,0,0,0,0,0,0,0,0,0,0,0,0,0,0,0,0,0,0,0,0,0,0,0,0,0,0,0,0,0,0,0,0,0,0,0,0,0,0,0,0,0,0,0,0,0,0,0,0,0,0,0,0,0,0,0,0,0,0,0,0,0,0,0,0,0,0,0,0,0,0,0,0,0,0,0,0,0,0,0,0,0,0,0,0,0,0,0,0,0,0,0,0,0,0,0,0,0,0,0,0,0,0,0,0,0,0,0,0,0,0,0,0,0.0119854928925633,0.0164371132850647,0.0210194811224937,0.0300871133804321,0.0205240845680237,0,0,0,0,0,0,0,0,0,0,0,0,0,0,0,0,0,0,0,0,0,0,0,0,0,0.0829838886857033,0,0,0,0,0.154700979590416,0.124253824353218,0.131153836846352,0,0,0,0,0.285558760166168,0.3528952896595,0.435126394033432,0.389152437448502,0.455804944038391,0.503994464874268,0,0,0,0.31512314081192,0.379447370767593,0.300556033849716,0.212981641292572,0.359668523073196,0.465593457221985,0.543747842311859,0.472464501857758,0.582706093788147,0.742556869983673,0.804211139678955,0.583677113056183,0.554534673690796,0.588088572025299,0.750783681869507,0.906600177288055,0.999661803245544,1.07778191566467,0.965274274349213,0.816232860088348,0.960658848285675,1.14607381820679,0.96723073720932,0.740338444709778,0.720400333404541,0.778961300849915,0.969986915588379,1.09754538536072,0.62821763753891,0.289959579706192,0,0.686784207820892,0.606320321559906,0.645376324653625,0.66280597448349,0.498433649539948,0.517809569835663,0.583451092243195,0.8402259349823,1.00533699989319,1.00236701965332,1.22158777713776,1.15902924537659,1.18933033943176,1.37845277786255,1.51412272453308,1.58228468894958,1.5351026058197,1.13963460922241,0.932345628738403,1.09717977046967,1.27483725547791,1.10628116130829,1.0367546081543,1.11894774436951,1.09624040126801,1.29111433029175,1.45941948890686,1.28171622753143,1.03662276268005,1.26926016807556,1.43629956245422,1.377317070961,1.03256869316101,0.69522088766098,0.602859497070313,0.791317939758301,0.930437624454498,1.03438520431519,1.02628314495087,1.43931043148041,1.19730412960052,0.625114023685455,0.8197301030159,1.09299826622009,1.31198740005493,1.45754790306091,1.61992037296295,1.68116044998169,1.72264719009399,1.70763635635376,1.59507894515991,1.48985993862152,1.67689144611359,1.13057363033295,0.565034329891205,0.785906553268433,1.07579207420349,0.466816276311874,0,0,0,0,0,0,1.11010229587555,0.965042650699615,0.84270828962326,0.981258451938629,0.880332589149475,0.472702354192734,0,0,0,0,0.677799224853516,0.391348332166672,0,0,0.416103065013885,0,0,0.422009378671646,0,0,0,0,0,0,0,0,0,0,0,0,0.281978368759155,0.696985125541687,0.607791066169739,0,0,0,0,0,0,0,0,0,0,0,0,0,0,0,0,0,0,0,0,0,0,0,0,0,0,0,0,0,0,0,0,0,0,0,0,0,0,0,0,0,0,0,164
Pirmasens,0,0,0,0,0,0,0,0,0,0,0,0,0,0,0,0,0,0,0,0,0,0,0,0,0,0,0,0,0,0,0,0,0,0,0,0,0,0,0,0,0,0,0,0,0,0,0,0,0,0,0,0,0,0,0,0,0,0,0,0,0,0,0,0,0,0,0,0,0,0,0,0,0,0,0,0,0,0,0,0,0,0,0,0,0,0,0,0,0,0,0,0,0,0,0,0,0,0,0,0,0,0,0,0,0,0,0,0,0,0,0,0,0,0,0,0,0,0,0,0,0,0,0,0,0,0,0,0,0,0,0,0,0,0,0,0,0,0,0,0,0,0,0,0.0119854928925633,0.0164371114224195,0.0210194811224937,0.0300871133804321,0.0205240845680237,0,0,0,0,0,0,0,0,0,0,0,0,0,0,0,0,0,0,0,0,0,0,0,0,0,0.0829838812351227,0,0,0,0,0.154701009392738,0.124253824353218,0.131153851747513,0,0,0,0,0.285558760166168,0.3528952896595,0.435126394033432,0.389152437448502,0.455804944038391,0.503994464874268,0,0,0,0.315123111009598,0.379447370767593,0.300556033849716,0.212981641292572,0.359668523073196,0.465593457221985,0.543747842311859,0.472464472055435,0.582706093788147,0.742556929588318,0.80421108007431,0.583677172660828,0.554534673690796,0.588088512420654,0.750783681869507,0.906600177288055,0.9996617436409,1.07778191566467,0.965274274349213,0.816232800483704,0.96065878868103,1.14607381820679,0.96723073720932,0.740338444709778,0.720400333404541,0.778961360454559,0.969986975193024,1.09754538536072,0.62821763753891,0.28995954990387,0,0.686784207820892,0.606320321559906,0.645376324653625,0.66280597448349,0.498433649539948,0.517809569835663,0.58345103263855,0.840225875377655,1.00533699989319,1.00236701965332,1.22158777713776,1.15902924537659,1.18933033943176,1.37845265865326,1.51412260532379,1.58228468894958,1.5351026058197,1.1396347284317,0.932345628738403,1.09717965126038,1.27483713626862,1.10628116130829,1.03675472736359,1.11894774436951,1.09624040126801,1.29111433029175,1.45941948890686,1.28171634674072,1.03662276268005,1.26926028728485,1.43629944324493,1.37731719017029,1.03256869316101,0.69522088766098,0.602859497070313,0.791317939758301,0.930437624454498,1.03438520431519,1.02628314495087,1.4393105506897,1.19730424880981,0.6251140832901,0.819730162620544,1.09299826622009,1.31198728084564,1.45754778385162,1.61992037296295,1.68116044998169,1.72264730930328,1.70763635635376,1.59507894515991,1.48985993862152,1.67689144611359,1.13057363033295,0.56503438949585,0.785906553268433,1.07579207420349,0.466816246509552,0,0,0,0,0,0,1.11010229587555,0.96504271030426,0.842708349227905,0.981258451938629,0.880332589149475,0.472702383995056,0,0,0,0,0.677799224853516,0.391348302364349,0,0,0.416103035211563,0,0,0.422009348869324,0,0,0,0,0,0,0,0,0,0,0,0,0.281978368759155,0.696985185146332,0.607791006565094,0,0,0,0,0,0,0,0,0,0,0,0,0,0,0,0,0,0,0,0,0,0,0,0,0,0,0,0,0,0,0,0,0,0,0,0,0,0,0,0,0,0,0,165
Speyer,0,0,0,0,0,0,0,0,0,0,0,0,0,0,0,0,0,0,0,0,0,0,0,0,0,0,0,0,0,0,0,0,0,0,0,0,0,0,0,0,0,0,0,0,0,0,0,0,0,0,0,0,0,0,0,0,0,0,0,0,0,0,0,0,0,0,0,0,0,0,0,0,0,0,0,0,0,0,0,0,0,0,0,0,0,0,0,0,0,0,0,0,0,0,0,0,0,0,0,0,0,0,0,0,0,0,0,0,0,0,0,0,0,0,0,0,0,0,0,0,0,0,0,0,0,0,0,0,0,0,0,0,0,0,0,0,0,0,0,0,0,0,0,0.0119854928925633,0.0164371114224195,0.0210194811224937,0.0300871133804321,0.0205240845680237,0,0,0,0,0,0,0,0,0,0,0,0,0,0,0,0,0,0,0,0,0,0,0,0,0,0.0829838812351227,0,0,0,0,0.154700994491577,0.124253824353218,0.131153851747513,0,0,0,0,0.285558760166168,0.3528952896595,0.435126394033432,0.389152407646179,0.455804944038391,0.503994464874268,0,0,0,0.315123111009598,0.379447370767593,0.300556033849716,0.212981626391411,0.359668552875519,0.465593487024307,0.543747842311859,0.472464472055435,0.582706093788147,0.742556929588318,0.804211139678955,0.583677172660828,0.554534673690796,0.588088572025299,0.750783681869507,0.9066002368927,0.999661803245544,1.07778191566467,0.965274274349213,0.816232860088348,0.96065878868103,1.14607393741608,0.96723073720932,0.740338385105133,0.720400333404541,0.778961300849915,0.969986975193024,1.09754550457001,0.62821763753891,0.289959579706192,0,0.686784207820892,0.606320321559906,0.645376324653625,0.66280597448349,0.498433649539948,0.517809569835663,0.583451092243195,0.840225875377655,1.00533699989319,1.00236701965332,1.22158777713776,1.15902924537659,1.18933033943176,1.37845265865326,1.51412260532379,1.58228468894958,1.53510272502899,1.1396347284317,0.932345628738403,1.09717977046967,1.27483725547791,1.10628116130829,1.0367546081543,1.11894774436951,1.09624052047729,1.29111433029175,1.45941948890686,1.28171622753143,1.03662276268005,1.26926016807556,1.43629956245422,1.377317070961,1.0325688123703,0.69522088766098,0.602859497070313,0.791317939758301,0.930437624454498,1.03438520431519,1.02628314495087,1.43931043148041,1.19730424880981,0.6251140832901,0.819730162620544,1.0929981470108,1.31198740005493,1.45754790306091,1.61992037296295,1.68116044998169,1.72264742851257,1.70763647556305,1.59507894515991,1.48985993862152,1.67689144611359,1.13057363033295,0.565034329891205,0.785906553268433,1.07579207420349,0.466816276311874,0,0,0,0,0,0,1.11010217666626,0.96504271030426,0.84270828962326,0.981258451938629,0.880332589149475,0.472702354192734,0,0,0,0,0.677799224853516,0.391348302364349,0,0,0.416103065013885,0,0,0.422009348869324,0,0,0,0,0,0,0,0,0,0,0,0,0.281978368759155,0.696985125541687,0.607791006565094,0,0,0,0,0,0,0,0,0,0,0,0,0,0,0,0,0,0,0,0,0,0,0,0,0,0,0,0,0,0,0,0,0,0,0,0,0,0,0,0,0,0,0,166
Worms,0,0,0,0,0,0,0,0,0,0,0,0,0,0,0,0,0,0,0,0,0,0,0,0,0,0,0,0,0,0,0,0,0,0,0,0,0,0,0,0,0,0,0,0,0,0,0,0,0,0,0,0,0,0,0,0,0,0,0,0,0,0,0,0,0,0,0,0,0,0,0,0,0,0,0,0,0,0,0,0,0,0,0,0,0,0,0,0,0,0,0,0,0,0,0,0,0,0,0,0,0,0,0,0,0,0,0,0,0,0,0,0,0,0,0,0,0,0,0,0,0,0,0,0,0,0,0,0,0,0,0,0,0,0,0,0,0,0,0,0,0,0,0,0.0119854928925633,0.0164371114224195,0.0210194811224937,0.0300871152430773,0.0205240845680237,0,0,0,0,0,0,0,0,0,0,0,0,0,0,0,0,0,0,0,0,0,0,0,0,0,0.0829838812351227,0,0,0,0,0.154700994491577,0.124253831803799,0.131153836846352,0,0,0,0,0.285558760166168,0.3528952896595,0.435126423835754,0.389152437448502,0.455804944038391,0.503994464874268,0,0,0,0.31512314081192,0.379447370767593,0.300556033849716,0.212981626391411,0.359668523073196,0.465593457221985,0.543747842311859,0.472464501857758,0.582706093788147,0.742556869983673,0.804211139678955,0.583677113056183,0.554534673690796,0.588088512420654,0.750783681869507,0.9066002368927,0.999661803245544,1.07778191566467,0.965274274349213,0.816232860088348,0.96065878868103,1.14607381820679,0.96723073720932,0.740338444709778,0.720400333404541,0.778961300849915,0.969986975193024,1.09754550457001,0.62821763753891,0.289959579706192,0,0.686784267425537,0.606320321559906,0.64537638425827,0.66280597448349,0.498433649539948,0.517809569835663,0.583451092243195,0.840225875377655,1.0053368806839,1.00236701965332,1.22158777713776,1.15902924537659,1.18933033943176,1.37845265865326,1.51412260532379,1.58228468894958,1.53510272502899,1.13963460922241,0.932345688343048,1.09717965126038,1.27483725547791,1.10628116130829,1.0367546081543,1.11894774436951,1.09624052047729,1.29111433029175,1.45941960811615,1.28171622753143,1.03662276268005,1.26926028728485,1.43629944324493,1.377317070961,1.03256869316101,0.695220947265625,0.602859437465668,0.791317999362946,0.930437624454498,1.03438532352448,1.02628314495087,1.43931043148041,1.19730424880981,0.6251140832901,0.819730162620544,1.09299826622009,1.31198740005493,1.45754790306091,1.61992049217224,1.68116056919098,1.72264719009399,1.70763635635376,1.59507894515991,1.48985993862152,1.6768913269043,1.13057363033295,0.56503438949585,0.785906553268433,1.07579207420349,0.466816246509552,0,0,0,0,0,0,1.11010229587555,0.96504271030426,0.842708349227905,0.981258451938629,0.88033264875412,0.472702383995056,0,0,0,0,0.677799224853516,0.391348302364349,0,0,0.416103035211563,0,0,0.422009348869324,0,0,0,0,0,0,0,0,0,0,0,0,0.281978338956833,0.696985185146332,0.607791066169739,0,0,0,0,0,0,0,0,0,0,0,0,0,0,0,0,0,0,0,0,0,0,0,0,0,0,0,0,0,0,0,0,0,0,0,0,0,0,0,0,0,0,0,167
Zweibrücken,0,0,0,0,0,0,0,0,0,0,0,0,0,0,0,0,0,0,0,0,0,0,0,0,0,0,0,0,0,0,0,0,0,0,0,0,0,0,0,0,0,0,0,0,0,0,0,0,0,0,0,0,0,0,0,0,0,0,0,0,0,0,0,0,0,0,0,0,0,0,0,0,0,0,0,0,0,0,0,0,0,0,0,0,0,0,0,0,0,0,0,0,0,0,0,0,0,0,0,0,0,0,0,0,0,0,0,0,0,0,0,0,0,0,0,0,0,0,0,0,0,0,0,0,0,0,0,0,0,0,0,0,0,0,0,0,0,0,0,0,0,0,0,0.0119854928925633,0.0164371114224195,0.0210194811224937,0.0300871133804321,0.0205240845680237,0,0,0,0,0,0,0,0,0,0,0,0,0,0,0,0,0,0,0,0,0,0,0,0,0,0.0829838886857033,0,0,0,0,0.154700994491577,0.124253831803799,0.131153851747513,0,0,0,0,0.285558760166168,0.3528952896595,0.435126394033432,0.389152407646179,0.455804944038391,0.503994464874268,0,0,0,0.315123111009598,0.379447370767593,0.300556033849716,0.212981626391411,0.359668552875519,0.465593457221985,0.543747842311859,0.472464501857758,0.582706093788147,0.742556869983673,0.804211139678955,0.583677172660828,0.554534733295441,0.588088572025299,0.750783681869507,0.9066002368927,0.999661803245544,1.07778191566467,0.965274274349213,0.816232860088348,0.960658848285675,1.14607381820679,0.96723073720932,0.740338444709778,0.720400393009186,0.778961300849915,0.969986975193024,1.09754550457001,0.62821763753891,0.289959579706192,0,0.686784207820892,0.606320321559906,0.64537638425827,0.66280597448349,0.498433649539948,0.517809569835663,0.583451092243195,0.840225875377655,1.00533699989319,1.00236701965332,1.22158777713776,1.15902924537659,1.18933033943176,1.37845265865326,1.51412272453308,1.58228468894958,1.53510272502899,1.1396347284317,0.932345688343048,1.09717965126038,1.27483725547791,1.10628116130829,1.0367546081543,1.11894774436951,1.09624052047729,1.29111433029175,1.45941948890686,1.28171622753143,1.03662276268005,1.26926016807556,1.43629944324493,1.37731719017029,1.0325688123703,0.695220947265625,0.602859437465668,0.791317939758301,0.930437624454498,1.03438520431519,1.02628314495087,1.4393105506897,1.19730412960052,0.625114023685455,0.819730162620544,1.0929981470108,1.31198728084564,1.45754778385162,1.61992037296295,1.68116044998169,1.72264719009399,1.70763647556305,1.59507894515991,1.48985993862152,1.67689144611359,1.13057351112366,0.565034329891205,0.785906553268433,1.07579207420349,0.466816246509552,0,0,0,0,0,0,1.11010229587555,0.965042650699615,0.842708349227905,0.981258451938629,0.880332589149475,0.472702354192734,0,0,0,0,0.677799224853516,0.391348272562027,0,0,0.416103035211563,0,0,0.422009378671646,0,0,0,0,0,0,0,0,0,0,0,0,0.281978338956833,0.696985125541687,0.607791006565094,0,0,0,0,0,0,0,0,0,0,0,0,0,0,0,0,0,0,0,0,0,0,0,0,0,0,0,0,0,0,0,0,0,0,0,0,0,0,0,0,0,0,0,168
Alzey-Worms,0,0,0,0,0,0,0,0,0,0,0,0,0,0,0,0,0,0,0,0,0,0,0,0,0,0,0,0,0,0,0,0,0,0,0,0,0,0,0,0,0,0,0,0,0,0,0,0,0,0,0,0,0,0,0,0,0,0,0,0,0,0,0,0,0,0,0,0,0,0,0,0,0,0,0,0,0,0,0,0,0,0,0,0,0,0,0,0,0,0,0,0,0,0,0,0,0,0,0,0,0,0,0,0,0,0,0,0,0,0,0,0,0,0,0,0,0,0,0,0,0,0,0,0,0,0,0,0,0,0,0,0,0,0,0,0,0,0,0,0,0,0,0,0.0119854938238859,0.0164371132850647,0.0210194811224937,0.030087111517787,0.0205240864306688,0,0,0,0,0,0,0,0,0,0,0,0,0,0,0,0,0,0,0,0,0,0,0,0,0,0.0829838812351227,0,0,0,0,0.154700994491577,0.124253824353218,0.131153836846352,0,0,0,0,0.285558760166168,0.352895259857178,0.435126394033432,0.389152407646179,0.455804944038391,0.503994464874268,0,0,0,0.315123111009598,0.379447370767593,0.300556033849716,0.212981626391411,0.359668523073196,0.465593457221985,0.543747842311859,0.472464501857758,0.582706093788147,0.742556929588318,0.804211139678955,0.583677172660828,0.554534733295441,0.588088572025299,0.750783741474152,0.9066002368927,0.9996617436409,1.07778191566467,0.965274274349213,0.816232800483704,0.96065878868103,1.14607381820679,0.96723073720932,0.740338444709778,0.720400393009186,0.778961300849915,0.969986975193024,1.09754550457001,0.62821763753891,0.289959579706192,0,0.686784207820892,0.606320321559906,0.645376324653625,0.66280597448349,0.498433649539948,0.517809569835663,0.58345103263855,0.8402259349823,1.00533699989319,1.00236701965332,1.22158777713776,1.15902924537659,1.18933033943176,1.37845265865326,1.51412260532379,1.58228468894958,1.53510272502899,1.1396347284317,0.932345628738403,1.09717965126038,1.27483725547791,1.10628116130829,1.03675472736359,1.11894762516022,1.09624052047729,1.29111433029175,1.45941948890686,1.28171634674072,1.03662276268005,1.26926028728485,1.43629944324493,1.37731719017029,1.03256869316101,0.69522088766098,0.602859437465668,0.791317939758301,0.930437624454498,1.03438532352448,1.02628314495087,1.43931043148041,1.19730424880981,0.6251140832901,0.819730162620544,1.09299826622009,1.31198740005493,1.45754790306091,1.61992037296295,1.68116044998169,1.72264730930328,1.70763635635376,1.59507894515991,1.48985993862152,1.6768913269043,1.13057363033295,0.565034329891205,0.785906553268433,1.07579207420349,0.466816246509552,0,0,0,0,0,0,1.11010217666626,0.96504271030426,0.84270828962326,0.981258511543274,0.880332589149475,0.472702383995056,0,0,0,0,0.677799224853516,0.391348302364349,0,0,0.416103065013885,0,0,0.422009348869324,0,0,0,0,0,0,0,0,0,0,0,0,0.281978338956833,0.696985125541687,0.607791066169739,0,0,0,0,0,0,0,0,0,0,0,0,0,0,0,0,0,0,0,0,0,0,0,0,0,0,0,0,0,0,0,0,0,0,0,0,0,0,0,0,0,0,0,169
Bad Dürkheim,0,0,0,0,0,0,0,0,0,0,0,0,0,0,0,0,0,0,0,0,0,0,0,0,0,0,0,0,0,0,0,0,0,0,0,0,0,0,0,0,0,0,0,0,0,0,0,0,0,0,0,0,0,0,0,0,0,0,0,0,0,0,0,0,0,0,0,0,0,0,0,0,0,0,0,0,0,0,0,0,0,0,0,0,0,0,0,0,0,0,0,0,0,0,0,0,0,0,0,0,0,0,0,0,0,0,0,0,0,0,0,0,0,0,0,0,0,0,0,0,0,0,0,0,0,0,0,0,0,0,0,0,0,0,0,0,0,0,0,0,0,0,0,0.0119854928925633,0.0164371132850647,0.0210194811224937,0.0300871152430773,0.0205240845680237,0,0,0,0,0,0,0,0,0,0,0,0,0,0,0,0,0,0,0,0,0,0,0,0,0,0.0829838812351227,0,0,0,0,0.154700994491577,0.124253824353218,0.131153851747513,0,0,0,0,0.285558760166168,0.3528952896595,0.435126394033432,0.389152407646179,0.455804944038391,0.503994464874268,0,0,0,0.315123111009598,0.379447370767593,0.300556033849716,0.212981626391411,0.359668523073196,0.465593457221985,0.543747842311859,0.472464472055435,0.582706093788147,0.742556869983673,0.804211139678955,0.583677113056183,0.554534733295441,0.588088512420654,0.750783681869507,0.9066002368927,0.999661803245544,1.07778191566467,0.965274274349213,0.816232860088348,0.960658848285675,1.14607381820679,0.967230677604675,0.740338444709778,0.720400333404541,0.778961360454559,0.969986975193024,1.09754538536072,0.62821763753891,0.289959579706192,0,0.686784267425537,0.606320261955261,0.64537638425827,0.66280597448349,0.498433649539948,0.517809569835663,0.58345103263855,0.8402259349823,1.0053368806839,1.00236701965332,1.22158777713776,1.15902924537659,1.18933033943176,1.37845265865326,1.51412260532379,1.58228468894958,1.53510272502899,1.13963460922241,0.932345688343048,1.09717977046967,1.27483725547791,1.10628116130829,1.03675472736359,1.11894762516022,1.09624040126801,1.29111433029175,1.45941948890686,1.28171634674072,1.03662288188934,1.26926016807556,1.43629944324493,1.37731719017029,1.0325688123703,0.69522088766098,0.602859437465668,0.791317939758301,0.930437564849854,1.03438520431519,1.02628314495087,1.43931043148041,1.19730424880981,0.6251140832901,0.819730162620544,1.09299826622009,1.31198740005493,1.45754778385162,1.61992037296295,1.68116044998169,1.72264730930328,1.70763647556305,1.59507894515991,1.48985993862152,1.67689144611359,1.13057363033295,0.56503438949585,0.785906553268433,1.07579219341278,0.466816246509552,0,0,0,0,0,0,1.11010229587555,0.965042650699615,0.842708349227905,0.981258451938629,0.880332589149475,0.472702354192734,0,0,0,0,0.677799224853516,0.391348302364349,0,0,0.416103035211563,0,0,0.422009348869324,0,0,0,0,0,0,0,0,0,0,0,0,0.281978368759155,0.696985185146332,0.607791066169739,0,0,0,0,0,0,0,0,0,0,0,0,0,0,0,0,0,0,0,0,0,0,0,0,0,0,0,0,0,0,0,0,0,0,0,0,0,0,0,0,0,0,0,170
Donnersbergkreis,0,0,0,0,0,0,0,0,0,0,0,0,0,0,0,0,0,0,0,0,0,0,0,0,0,0,0,0,0,0,0,0,0,0,0,0,0,0,0,0,0,0,0,0,0,0,0,0,0,0,0,0,0,0,0,0,0,0,0,0,0,0,0,0,0,0,0,0,0,0,0,0,0,0,0,0,0,0,0,0,0,0,0,0,0,0,0,0,0,0,0,0,0,0,0,0,0,0,0,0,0,0,0,0,0,0,0,0,0,0,0,0,0,0,0,0,0,0,0,0,0,0,0,0,0,0,0,0,0,0,0,0,0,0,0,0,0,0,0,0,0,0,0,0.0119854928925633,0.0164371132850647,0.0210194811224937,0.0300871133804321,0.0205240845680237,0,0,0,0,0,0,0,0,0,0,0,0,0,0,0,0,0,0,0,0,0,0,0,0,0,0.0829838812351227,0,0,0,0,0.154700994491577,0.124253831803799,0.131153836846352,0,0,0,0,0.285558760166168,0.3528952896595,0.435126423835754,0.389152407646179,0.455804944038391,0.503994464874268,0,0,0,0.315123111009598,0.379447370767593,0.300556033849716,0.212981626391411,0.359668552875519,0.465593457221985,0.543747842311859,0.472464501857758,0.582706093788147,0.742556929588318,0.804211139678955,0.583677172660828,0.554534673690796,0.588088572025299,0.750783681869507,0.9066002368927,0.999661803245544,1.07778191566467,0.965274214744568,0.816232860088348,0.96065878868103,1.14607381820679,0.96723073720932,0.740338444709778,0.720400333404541,0.778961300849915,0.969986915588379,1.09754550457001,0.62821763753891,0.289959579706192,0,0.686784267425537,0.606320321559906,0.64537638425827,0.66280597448349,0.498433649539948,0.517809569835663,0.583451092243195,0.8402259349823,1.0053368806839,1.00236701965332,1.22158777713776,1.15902924537659,1.18933033943176,1.37845265865326,1.51412260532379,1.58228468894958,1.53510272502899,1.13963460922241,0.932345628738403,1.09717965126038,1.27483725547791,1.10628116130829,1.0367546081543,1.11894774436951,1.09624052047729,1.29111433029175,1.45941948890686,1.28171634674072,1.03662276268005,1.26926016807556,1.43629956245422,1.37731719017029,1.03256869316101,0.69522088766098,0.602859497070313,0.791317939758301,0.930437684059143,1.03438532352448,1.02628314495087,1.43931043148041,1.19730412960052,0.6251140832901,0.819730162620544,1.09299826622009,1.31198740005493,1.45754790306091,1.61992037296295,1.68116044998169,1.72264730930328,1.70763635635376,1.59507894515991,1.48985993862152,1.67689144611359,1.13057363033295,0.565034329891205,0.785906553268433,1.07579207420349,0.466816246509552,0,0,0,0,0,0,1.11010229587555,0.965042650699615,0.84270828962326,0.981258451938629,0.88033252954483,0.472702354192734,0,0,0,0,0.677799224853516,0.391348302364349,0,0,0.416103065013885,0,0,0.422009348869324,0,0,0,0,0,0,0,0,0,0,0,0,0.281978338956833,0.696985125541687,0.607791006565094,0,0,0,0,0,0,0,0,0,0,0,0,0,0,0,0,0,0,0,0,0,0,0,0,0,0,0,0,0,0,0,0,0,0,0,0,0,0,0,0,0,0,0,171
Germersheim,0,0,0,0,0,0,0,0,0,0,0,0,0,0,0,0,0,0,0,0,0,0,0,0,0,0,0,0,0,0,0,0,0,0,0,0,0,0,0,0,0,0,0,0,0,0,0,0,0,0,0,0,0,0,0,0,0,0,0,0,0,0,0,0,0,0,0,0,0,0,0,0,0,0,0,0,0,0,0,0,0,0,0,0,0,0,0,0,0,0,0,0,0,0,0,0,0,0,0,0,0,0,0,0,0,0,0,0,0,0,0,0,0,0,0,0,0,0,0,0,0,0,0,0,0,0,0,0,0,0,0,0,0,0,0,0,0,0,0,0,0,0,0,0.0110891861841083,0.015207901597023,0.0194475892931223,0.0278371199965477,0.0189892388880253,0,0,0,0,0,0,0,0,0,0,0,0,0,0,0,0,0,0,0,0,0,0,0,0,0,0.0767781287431717,0,0,0,0,0.143132045865059,0.114961795508862,0.121345818042755,0,0,0,0,0.271512001752853,0.337196975946426,0.416133493185043,0.373191297054291,0.437827706336975,0.484471678733826,0,0,0,0.291557371616364,0.351071298122406,0.278079658746719,0.197054296731949,0.347974896430969,0.450317591428757,0.522993266582489,0.451264888048172,0.561191856861115,0.715793550014496,0.776534497737885,0.562451779842377,0.536229848861694,0.560536503791809,0.722245275974274,0.875665187835693,0.967678427696228,1.0441642999649,0.938966453075409,0.794726490974426,0.931315302848816,1.11098647117615,0.943658232688904,0.723970949649811,0.703025817871094,0.759297907352448,0.942411839962006,1.06144297122955,0.621123790740967,0.291113346815109,0,0.65677148103714,0.582628488540649,0.63017863035202,0.63916426897049,0.461159467697144,0.501655697822571,0.574585199356079,0.820709407329559,0.976889848709106,0.97789454460144,1.18838262557983,1.12613010406494,1.15577101707458,1.33794558048248,1.46902215480804,1.53471899032593,1.48873484134674,1.10408627986908,0.895777106285095,1.06001996994019,1.23517870903015,1.06542718410492,1.00254654884338,1.08549499511719,1.05885052680969,1.24933505058289,1.41749727725983,1.24897468090057,0.999887108802795,1.22764098644257,1.40048027038574,1.33193969726563,1.00168776512146,0.664144217967987,0.557776033878326,0.732141077518463,0.883011102676392,0.997879445552826,0.995950162410736,1.40100848674774,1.15491306781769,0.57836639881134,0.758428573608398,1.04423809051514,1.25741255283356,1.40062940120697,1.5595817565918,1.61844432353973,1.66014957427979,1.64903247356415,1.53815257549286,1.44013500213623,1.61737155914307,1.09920918941498,0.542797923088074,0.72713440656662,1.02984535694122,0.431906491518021,0,0,0,0,0,0,1.06197953224182,0.930715084075928,0.819420278072357,0.953604400157928,0.861616730690002,0.454841554164886,0,0,0,0,0.653918564319611,0.362082213163376,0,0,0.384985744953156,0,0,0.390450358390808,0,0,0,0,0,0,0,0,0,0,0,0,0.260891258716583,0.668449997901917,0.578183770179749,0,0,0,0,0,0,0,0,0,0,0,0,0,0,0,0,0,0,0,0,0,0,0,0,0,0,0,0,0,0,0,0,0,0,0,0,0,0,0,0,0,0,0,172
Kaiserslautern,0,0,0,0,0,0,0,0,0,0,0,0,0,0,0,0,0,0,0,0,0,0,0,0,0,0,0,0,0,0,0,0,0,0,0,0,0,0,0,0,0,0,0,0,0,0,0,0,0,0,0,0,0,0,0,0,0,0,0,0,0,0,0,0,0,0,0,0,0,0,0,0,0,0,0,0,0,0,0,0,0,0,0,0,0,0,0,0,0,0,0,0,0,0,0,0,0,0,0,0,0,0,0,0,0,0,0,0,0,0,0,0,0,0,0,0,0,0,0,0,0,0,0,0,0,0,0,0,0,0,0,0,0,0,0,0,0,0,0,0,0,0,0,0.0119854928925633,0.0164371114224195,0.0210194811224937,0.030087111517787,0.0205240845680237,0,0,0,0,0,0,0,0,0,0,0,0,0,0,0,0,0,0,0,0,0,0,0,0,0,0.0829838886857033,0,0,0,0,0.154700994491577,0.124253831803799,0.131153851747513,0,0,0,0,0.285558760166168,0.3528952896595,0.435126423835754,0.389152437448502,0.455804944038391,0.503994464874268,0,0,0,0.315123111009598,0.379447370767593,0.300556033849716,0.212981641292572,0.359668552875519,0.465593457221985,0.543747842311859,0.472464472055435,0.582706093788147,0.742556869983673,0.804211139678955,0.583677172660828,0.554534673690796,0.588088512420654,0.750783681869507,0.906600177288055,0.999661803245544,1.07778191566467,0.965274333953857,0.816232860088348,0.96065878868103,1.14607381820679,0.967230796813965,0.740338444709778,0.720400333404541,0.778961300849915,0.969987034797668,1.09754550457001,0.62821763753891,0.289959579706192,0,0.686784207820892,0.606320261955261,0.645376324653625,0.66280597448349,0.498433649539948,0.517809569835663,0.583451092243195,0.8402259349823,1.00533699989319,1.00236701965332,1.22158777713776,1.15902924537659,1.18933033943176,1.37845277786255,1.51412260532379,1.58228468894958,1.53510272502899,1.1396347284317,0.932345688343048,1.09717977046967,1.27483725547791,1.10628116130829,1.03675472736359,1.11894774436951,1.09624040126801,1.29111433029175,1.45941948890686,1.28171634674072,1.03662276268005,1.26926016807556,1.43629944324493,1.377317070961,1.03256869316101,0.69522088766098,0.602859437465668,0.791317939758301,0.930437564849854,1.03438532352448,1.02628314495087,1.4393105506897,1.19730412960052,0.625114023685455,0.819730162620544,1.0929981470108,1.31198740005493,1.45754778385162,1.61992037296295,1.68116056919098,1.72264730930328,1.70763647556305,1.59507894515991,1.48985993862152,1.67689144611359,1.13057363033295,0.56503438949585,0.785906553268433,1.07579219341278,0.466816246509552,0,0,0,0,0,0,1.11010229587555,0.965042650699615,0.84270828962326,0.981258451938629,0.880332589149475,0.472702354192734,0,0,0,0,0.677799224853516,0.391348302364349,0,0,0.416103065013885,0,0,0.422009348869324,0,0,0,0,0,0,0,0,0,0,0,0,0.281978368759155,0.696985125541687,0.607791006565094,0,0,0,0,0,0,0,0,0,0,0,0,0,0,0,0,0,0,0,0,0,0,0,0,0,0,0,0,0,0,0,0,0,0,0,0,0,0,0,0,0,0,0,173
Kusel,0,0,0,0,0,0,0,0,0,0,0,0,0,0,0,0,0,0,0,0,0,0,0,0,0,0,0,0,0,0,0,0,0,0,0,0,0,0,0,0,0,0,0,0,0,0,0,0,0,0,0,0,0,0,0,0,0,0,0,0,0,0,0,0,0,0,0,0,0,0,0,0,0,0,0,0,0,0,0,0,0,0,0,0,0,0,0,0,0,0,0,0,0,0,0,0,0,0,0,0,0,0,0,0,0,0,0,0,0,0,0,0,0,0,0,0,0,0,0,0,0,0,0,0,0,0,0,0,0,0,0,0,0,0,0,0,0,0,0,0,0,0,0,0.0119846714660525,0.0164360348135233,0.0210182871669531,0.0300855599343777,0.0205222330987453,0,0,0,0,0,0,0,0,0,0,0,0,0,0,0,0,0,0,0,0,0,0,0,0,0,0.082976408302784,0,0,0,0,0.154692515730858,0.12424261868,0.131142020225525,0,0,0,0,0.285543173551559,0.352878928184509,0.435107558965683,0.389135807752609,0.455784767866135,0.503971219062805,0,0,0,0.315094709396362,0.379426896572113,0.300528943538666,0.212962433695793,0.359636098146439,0.465575188398361,0.543723225593567,0.472441673278809,0.582681894302368,0.742527425289154,0.804175794124603,0.583647012710571,0.554505288600922,0.588064134120941,0.750755727291107,0.906568109989166,0.999627530574799,1.07774233818054,0.965237200260162,0.816204130649567,0.960626840591431,1.146031498909,0.967188894748688,0.74030590057373,0.720369100570679,0.778931021690369,0.969951570034027,1.09750151634216,0.628185331821442,0.289933443069458,0,0.686761319637299,0.60629540681839,0.645355701446533,0.662775218486786,0.498388707637787,0.517762899398804,0.583421289920807,0.840191125869751,1.00529825687408,1.00232601165771,1.22154271602631,1.15898287296295,1.18928611278534,1.37840604782104,1.51407265663147,1.58223211765289,1.53504610061646,1.13958656787872,0.932299494743347,1.09713137149811,1.27478301525116,1.1062285900116,1.03670620918274,1.11890423297882,1.0961925983429,1.29106545448303,1.45936167240143,1.2816573381424,1.03657734394073,1.26920461654663,1.43623900413513,1.37725555896759,1.03250873088837,0.695158243179321,0.602805078029633,0.791273593902588,0.930387079715729,1.03432822227478,1.0262314081192,1.43923783302307,1.1972359418869,0.625057697296143,0.819686055183411,1.09294867515564,1.31193149089813,1.45748519897461,1.61985111236572,1.68109118938446,1.72257566452026,1.70756077766418,1.59500396251678,1.48978626728058,1.67681610584259,1.13050663471222,0.564983367919922,0.785835683345795,1.0757303237915,0.466774165630341,0,0,0,0,0,0,1.11004567146301,0.964993298053741,0.842662870883942,0.981210887432098,0.880285203456879,0.472659736871719,0,0,0,0,0.677775800228119,0.391313016414642,0,0,0.416065543889999,0,0,0.421971291303635,0,0,0,0,0,0,0,0,0,0,0,0,0.281952917575836,0.696954071521759,0.607762217521667,0,0,0,0,0,0,0,0,0,0,0,0,0,0,0,0,0,0,0,0,0,0,0,0,0,0,0,0,0,0,0,0,0,0,0,0,0,0,0,0,0,0,0,174
Südliche Weinstraße,0,0,0,0,0,0,0,0,0,0,0,0,0,0,0,0,0,0,0,0,0,0,0,0,0,0,0,0,0,0,0,0,0,0,0,0,0,0,0,0,0,0,0,0,0,0,0,0,0,0,0,0,0,0,0,0,0,0,0,0,0,0,0,0,0,0,0,0,0,0,0,0,0,0,0,0,0,0,0,0,0,0,0,0,0,0,0,0,0,0,0,0,0,0,0,0,0,0,0,0,0,0,0,0,0,0,0,0,0,0,0,0,0,0,0,0,0,0,0,0,0,0,0,0,0,0,0,0,0,0,0,0,0,0,0,0,0,0,0,0,0,0,0,0.0119838053360581,0.0164347980171442,0.0210165213793516,0.0300828777253628,0.0205211956053972,0,0,0,0,0,0,0,0,0,0,0,0,0,0,0,0,0,0,0,0,0,0,0,0,0,0.0829721987247467,0,0,0,0,0.154679208993912,0.124236337840557,0.131135374307632,0,0,0,0,0.285532295703888,0.352865725755692,0.435090661048889,0.389122366905212,0.455771118402481,0.503957748413086,0,0,0,0.315078765153885,0.379393935203552,0.300513714551926,0.212951630353928,0.359646528959274,0.465564727783203,0.543708801269531,0.472424566745758,0.582665622234344,0.742506563663483,0.804159045219421,0.583637237548828,0.554500222206116,0.5880366563797,0.750729978084564,0.90654194355011,0.999601542949677,1.07771873474121,0.965224742889404,0.816192388534546,0.960603594779968,1.14600789546967,0.967186450958252,0.740307629108429,0.720367610454559,0.778924345970154,0.969935059547424,1.09747755527496,0.62820428609848,0.289961755275726,0,0.68672776222229,0.606275677680969,0.645347714424133,0.662761509418488,0.498363435268402,0.517779111862183,0.583434402942657,0.840189218521118,1.00528335571289,1.00232100486755,1.22152519226074,1.15896737575531,1.1892671585083,1.37837648391724,1.51403784751892,1.58219516277313,1.53501546382904,1.13956773281097,0.932276785373688,1.0971097946167,1.27476263046265,1.10620427131653,1.03669023513794,1.11888480186462,1.09617018699646,1.29103565216064,1.45934057235718,1.28165471553802,1.03655362129211,1.26918184757233,1.43623208999634,1.37723171710968,1.032510638237,0.695162415504456,0.602774620056152,0.791206479072571,0.930348336696625,1.0343165397644,1.02622604370117,1.43923842906952,1.19722437858582,0.625026047229767,0.819614768028259,1.09290647506714,1.31188464164734,1.45744073390961,1.6198068857193,1.68104243278503,1.7225296497345,1.70752620697021,1.5949718952179,1.48976635932922,1.67677938938141,1.13051450252533,0.564992487430573,0.785795867443085,1.07570552825928,0.466750502586365,0,0,0,0,0,0,1.11001169681549,0.964978039264679,0.842664480209351,0.98120641708374,0.880297362804413,0.472668766975403,0,0,0,0,0.67775422334671,0.391293197870255,0,0,0.416044473648071,0,0,0.421949923038483,0,0,0,0,0,0,0,0,0,0,0,0,0.281938672065735,0.696931421756744,0.607735276222229,0,0,0,0,0,0,0,0,0,0,0,0,0,0,0,0,0,0,0,0,0,0,0,0,0,0,0,0,0,0,0,0,0,0,0,0,0,0,0,0,0,0,0,175
Rhein-Pfalz-Kreis,0,0,0,0,0,0,0,0,0,0,0,0,0,0,0,0,0,0,0,0,0,0,0,0,0,0,0,0,0,0,0,0,0,0,0,0,0,0,0,0,0,0,0,0,0,0,0,0,0,0,0,0,0,0,0,0,0,0,0,0,0,0,0,0,0,0,0,0,0,0,0,0,0,0,0,0,0,0,0,0,0,0,0,0,0,0,0,0,0,0,0,0,0,0,0,0,0,0,0,0,0,0,0,0,0,0,0,0,0,0,0,0,0,0,0,0,0,0,0,0,0,0,0,0,0,0,0,0,0,0,0,0,0,0,0,0,0,0,0,0,0,0,0,0.0119854938238859,0.0164371114224195,0.0210194811224937,0.0300871133804321,0.0205240845680237,0,0,0,0,0,0,0,0,0,0,0,0,0,0,0,0,0,0,0,0,0,0,0,0,0,0.0829838886857033,0,0,0,0,0.154700994491577,0.124253824353218,0.131153851747513,0,0,0,0,0.285558760166168,0.3528952896595,0.435126394033432,0.389152407646179,0.455804944038391,0.503994464874268,0,0,0,0.315123111009598,0.379447370767593,0.300556033849716,0.212981626391411,0.359668552875519,0.465593487024307,0.543747842311859,0.472464501857758,0.582706093788147,0.742556869983673,0.804211139678955,0.583677172660828,0.554534673690796,0.588088572025299,0.750783681869507,0.9066002368927,0.9996617436409,1.07778191566467,0.965274214744568,0.816232800483704,0.96065878868103,1.14607381820679,0.967230796813965,0.740338444709778,0.720400333404541,0.778961300849915,0.969986975193024,1.09754538536072,0.62821763753891,0.28995954990387,0,0.686784207820892,0.606320321559906,0.64537638425827,0.66280597448349,0.498433649539948,0.517809569835663,0.58345103263855,0.8402259349823,1.00533699989319,1.00236701965332,1.22158777713776,1.15902936458588,1.18933033943176,1.37845265865326,1.51412260532379,1.58228468894958,1.53510272502899,1.13963460922241,0.932345628738403,1.09717977046967,1.27483725547791,1.10628116130829,1.0367546081543,1.11894774436951,1.09624040126801,1.29111433029175,1.45941948890686,1.28171634674072,1.03662276268005,1.26926016807556,1.43629944324493,1.377317070961,1.03256869316101,0.69522088766098,0.602859497070313,0.791317939758301,0.930437684059143,1.03438520431519,1.02628314495087,1.43931043148041,1.19730412960052,0.6251140832901,0.819730162620544,1.09299826622009,1.31198740005493,1.45754790306091,1.61992037296295,1.68116044998169,1.72264730930328,1.70763647556305,1.59507894515991,1.48985993862152,1.67689144611359,1.13057363033295,0.565034329891205,0.785906553268433,1.07579219341278,0.466816246509552,0,0,0,0,0,0,1.11010217666626,0.96504271030426,0.842708349227905,0.981258451938629,0.880332589149475,0.472702383995056,0,0,0,0,0.677799224853516,0.391348302364349,0,0,0.416103065013885,0,0,0.422009348869324,0,0,0,0,0,0,0,0,0,0,0,0,0.281978338956833,0.696985125541687,0.607791066169739,0,0,0,0,0,0,0,0,0,0,0,0,0,0,0,0,0,0,0,0,0,0,0,0,0,0,0,0,0,0,0,0,0,0,0,0,0,0,0,0,0,0,0,176
Mainz-Bingen,0,0,0,0,0,0,0,0,0,0,0,0,0,0,0,0,0,0,0,0,0,0,0,0,0,0,0,0,0,0,0,0,0,0,0,0,0,0,0,0,0,0,0,0,0,0,0,0,0,0,0,0,0,0,0,0,0,0,0,0,0,0,0,0,0,0,0,0,0,0,0,0,0,0,0,0,0,0,0,0,0,0,0,0,0,0,0,0,0,0,0,0,0,0,0,0,0,0,0,0,0,0,0,0,0,0,0,0,0,0,0,0,0,0,0,0,0,0,0,0,0,0,0,0,0,0,0,0,0,0,0,0,0,0,0,0,0,0,0,0,0,0,0,0.0119854928925633,0.0164371114224195,0.0210194811224937,0.0300871133804321,0.0205240845680237,0,0,0,0,0,0,0,0,0,0,0,0,0,0,0,0,0,0,0,0,0,0,0,0,0,0.0829838812351227,0,0,0,0,0.154700994491577,0.124253831803799,0.131153836846352,0,0,0,0,0.285558760166168,0.3528952896595,0.435126423835754,0.389152437448502,0.455804944038391,0.503994464874268,0,0,0,0.31512314081192,0.379447370767593,0.300556063652039,0.212981626391411,0.359668523073196,0.465593427419662,0.543747842311859,0.472464472055435,0.582706093788147,0.742556869983673,0.804211139678955,0.583677172660828,0.554534673690796,0.588088512420654,0.750783681869507,0.9066002368927,0.999661803245544,1.07778191566467,0.965274333953857,0.816232860088348,0.960658848285675,1.14607381820679,0.967230796813965,0.740338385105133,0.720400333404541,0.778961360454559,0.969986975193024,1.09754550457001,0.62821763753891,0.289959579706192,0,0.686784207820892,0.606320321559906,0.64537638425827,0.66280597448349,0.498433649539948,0.517809510231018,0.58345103263855,0.840225875377655,1.0053368806839,1.00236701965332,1.22158777713776,1.15902924537659,1.18933033943176,1.37845277786255,1.51412272453308,1.58228468894958,1.53510272502899,1.1396347284317,0.932345628738403,1.09717977046967,1.27483725547791,1.10628116130829,1.0367546081543,1.11894762516022,1.09624052047729,1.29111433029175,1.45941948890686,1.28171634674072,1.03662276268005,1.26926016807556,1.43629956245422,1.37731719017029,1.03256869316101,0.69522088766098,0.602859437465668,0.791317939758301,0.930437564849854,1.03438520431519,1.02628314495087,1.43931043148041,1.19730424880981,0.6251140832901,0.819730162620544,1.09299826622009,1.31198740005493,1.45754790306091,1.61992037296295,1.68116056919098,1.72264719009399,1.70763635635376,1.59507894515991,1.48985993862152,1.67689144611359,1.13057363033295,0.56503438949585,0.785906553268433,1.07579207420349,0.466816276311874,0,0,0,0,0,0,1.11010229587555,0.965042650699615,0.842708349227905,0.981258451938629,0.880332589149475,0.472702383995056,0,0,0,0,0.677799224853516,0.391348302364349,0,0,0.416103035211563,0,0,0.422009348869324,0,0,0,0,0,0,0,0,0,0,0,0,0.281978368759155,0.696985125541687,0.607791006565094,0,0,0,0,0,0,0,0,0,0,0,0,0,0,0,0,0,0,0,0,0,0,0,0,0,0,0,0,0,0,0,0,0,0,0,0,0,0,0,0,0,0,0,177
Südwestpfalz,0,0,0,0,0,0,0,0,0,0,0,0,0,0,0,0,0,0,0,0,0,0,0,0,0,0,0,0,0,0,0,0,0,0,0,0,0,0,0,0,0,0,0,0,0,0,0,0,0,0,0,0,0,0,0,0,0,0,0,0,0,0,0,0,0,0,0,0,0,0,0,0,0,0,0,0,0,0,0,0,0,0,0,0,0,0,0,0,0,0,0,0,0,0,0,0,0,0,0,0,0,0,0,0,0,0,0,0,0,0,0,0,0,0,0,0,0,0,0,0,0,0,0,0,0,0,0,0,0,0,0,0,0,0,0,0,0,0,0,0,0,0,0,0.0119854928925633,0.0164371114224195,0.0210194811224937,0.0300871133804321,0.0205240845680237,0,0,0,0,0,0,0,0,0,0,0,0,0,0,0,0,0,0,0,0,0,0,0,0,0,0.0829838886857033,0,0,0,0,0.154700994491577,0.124253831803799,0.131153851747513,0,0,0,0,0.285558760166168,0.3528952896595,0.435126423835754,0.389152407646179,0.455804944038391,0.503994464874268,0,0,0,0.31512314081192,0.379447370767593,0.300556033849716,0.212981641292572,0.359668523073196,0.465593457221985,0.543747842311859,0.472464472055435,0.582706093788147,0.742556869983673,0.804211139678955,0.583677113056183,0.554534733295441,0.588088512420654,0.750783681869507,0.906600177288055,0.999661803245544,1.07778191566467,0.965274274349213,0.816232800483704,0.96065878868103,1.14607381820679,0.96723073720932,0.740338444709778,0.720400333404541,0.778961300849915,0.969986915588379,1.09754550457001,0.62821763753891,0.289959579706192,0,0.686784267425537,0.606320261955261,0.64537638425827,0.66280597448349,0.498433649539948,0.517809569835663,0.58345103263855,0.840225875377655,1.00533699989319,1.00236701965332,1.22158777713776,1.15902924537659,1.18933033943176,1.37845265865326,1.51412260532379,1.58228468894958,1.53510272502899,1.13963460922241,0.932345628738403,1.09717977046967,1.27483725547791,1.10628116130829,1.0367546081543,1.11894774436951,1.09624052047729,1.29111433029175,1.45941948890686,1.28171634674072,1.03662276268005,1.26926016807556,1.43629944324493,1.37731719017029,1.03256869316101,0.695220947265625,0.602859437465668,0.791317939758301,0.930437624454498,1.03438520431519,1.02628314495087,1.4393105506897,1.19730424880981,0.6251140832901,0.819730162620544,1.09299826622009,1.31198740005493,1.45754790306091,1.61992037296295,1.68116044998169,1.72264730930328,1.70763647556305,1.59507894515991,1.48985993862152,1.67689144611359,1.13057363033295,0.56503438949585,0.785906493663788,1.07579207420349,0.466816276311874,0,0,0,0,0,0,1.11010229587555,0.965042650699615,0.84270828962326,0.981258451938629,0.88033252954483,0.472702354192734,0,0,0,0,0.677799224853516,0.391348302364349,0,0,0.416103035211563,0,0,0.422009348869324,0,0,0,0,0,0,0,0,0,0,0,0,0.281978368759155,0.696985125541687,0.607791066169739,0,0,0,0,0,0,0,0,0,0,0,0,0,0,0,0,0,0,0,0,0,0,0,0,0,0,0,0,0,0,0,0,0,0,0,0,0,0,0,0,0,0,0,178
Stuttgart,0,0,0,0,0,0,0,0,0,0,0,0,0,0,0,0,0,0,0,0,0,0,0,0,0,0,0,0,0,0,0,0,0,0,0,0,0,0,0,0,0,0,0,0,0,0,0,0,0,0,0,0,0,0,0,0,0,0,0,0,0,0,0,0,0,0,0,0,0,0,0,0,0,0,0,0,0,0,0,0,0,0,0,0,0,0,0,0,0,0,0,0,0,0,0,0,0,0,0,0,0,0,0,0,0,0,0,0,0,0,0,0,0,0,0,0,0,0,0,0,0,0,0,0,0,0,0,0,0,0,0,0,0,0,0,0,0,0,0,0,0,0,0,0,0,0,0,0,0,0,0,0,0,0,0,0,0,0,0,0,0,0,0,0,0,0,0,0,0,0,0,0,0,0,0,0,0,0,0,0,0,0,0,0,0,0.0812906473875046,0.123337969183922,0.158849686384201,0.159199967980385,0.195471167564392,0.22775687277317,0,0.113299794495106,0.0753372982144356,0,0,0,0,0.197848811745644,0.294729322195053,0.286123842000961,0.125956922769547,0.255654394626617,0.350552529096603,0.397880047559738,0.274738341569901,0.280364692211151,0.24640953540802,0.345136225223541,0.454355746507645,0.5291708111763,0.59055233001709,0.575710654258728,0.464637696743011,0.506867647171021,0.611230492591858,0.60180002450943,0.46583291888237,0.402204871177673,0.423728466033936,0.527649760246277,0.579704523086548,0.412413001060486,0.194963827729225,0,0,0,0,0.212886154651642,0.262380719184875,0.298329800367355,0.378454208374023,0.502192795276642,0.53495317697525,0.590024828910828,0.68995326757431,0.609494030475616,0.656150996685028,0.731377899646759,0.796155691146851,0.835291504859924,0.814844012260437,0.611516416072845,0.42021569609642,0.490058302879333,0.666559934616089,0.470262616872787,0.497472703456879,0.538654208183289,0.443470567464828,0.574966430664063,0.720417678356171,0.710724472999573,0.473113775253296,0.596262753009796,0.8204705119133,0.650538206100464,0.61847448348999,0,0,0,0,0.428762197494507,0.498374551534653,0.830782175064087,0.558519899845123,0,0,0.277898520231247,0.442641019821167,0.605445563793182,0.681040704250336,0.700832545757294,0.740222334861755,0.770262837409973,0.656926870346069,0.693024158477783,0.7303786277771,0.586918532848358,0,0,0.339542984962463,0,0,0,0,0,0,0,0.400205731391907,0.396839559078217,0.408958077430725,0.4569231569767,0.499143719673157,0,0,0,0,0,0,0,0,0,0,0,0,0,0,0,0,0,0,0,0,0,0,0,0,0,0,0.212180808186531,0,0,0,0,0,0,0,0,0,0,0,0,0,0,0,0,0,0,0,0,0,0,0,0,0,0,0,0,0,0,0,0,0,0,0,0,0,0,0,0,0,0,0,0,179
Böblingen,0,0,0,0,0,0,0,0,0,0,0,0,0,0,0,0,0,0,0,0,0,0,0,0,0,0,0,0,0,0,0,0,0,0,0,0,0,0,0,0,0,0,0,0,0,0,0,0,0,0,0,0,0,0,0,0,0,0,0,0,0,0,0,0,0,0,0,0,0,0,0,0,0,0,0,0,0,0,0,0,0,0,0,0,0,0,0,0,0,0,0,0,0,0,0,0,0,0,0,0,0,0,0,0,0,0,0,0,0,0,0,0,0,0,0,0,0,0,0,0,0,0,0,0,0,0,0,0,0,0,0,0,0,0,0,0,0,0,0,0,0,0,0,0,0,0,0,0,0,0,0,0,0,0,0,0,0,0,0,0,0,0,0,0,0,0,0,0,0,0,0,0,0,0,0,0,0,0,0,0,0,0,0,0,0,0.0812971815466881,0.123345769941807,0.158858552575111,0.159206539392471,0.195479094982147,0.227762922644615,0,0.113254778087139,0.0753073692321777,0,0,0,0,0.197850987315178,0.294716060161591,0.286115944385529,0.125981971621513,0.255670040845871,0.350566118955612,0.397894442081451,0.2747483253479,0.280376404523849,0.24639892578125,0.345145761966705,0.454371064901352,0.529187798500061,0.590567290782928,0.575725674629211,0.464663147926331,0.506892085075378,0.61125659942627,0.60181999206543,0.465855002403259,0.40223902463913,0.423765122890472,0.527678966522217,0.579718470573425,0.41246110200882,0.195007711648941,0,0.000113422676804475,0.000115035800263286,0.000175686727743596,0.21293930709362,0.262276470661163,0.298331201076508,0.378488570451736,0.502223432064056,0.534988939762115,0.590058624744415,0.689988076686859,0.609537601470947,0.656184554100037,0.731419861316681,0.796201348304749,0.835335612297058,0.814883887767792,0.611537337303162,0.42022493481636,0.490102142095566,0.666590869426727,0.470298320055008,0.497505217790604,0.53870701789856,0.443531274795532,0.575029015541077,0.720488488674164,0.710777401924133,0.473142504692078,0.596309065818787,0.820524871349335,0.650585830211639,0.618474960327148,0.000111122099042404,0,0,0.000117712152132299,0.428808867931366,0.498423159122467,0.830820500850677,0.558548510074615,0,0,0.277963310480118,0.44269648194313,0.605481684207916,0.681093156337738,0.700888872146606,0.74028068780899,0.770323932170868,0.656997203826904,0.693076610565186,0.730438470840454,0.586967945098877,0.000106364117527846,0,0.339591413736343,0,0,0,0,0,0,0,0.40023210644722,0.396882921457291,0.409006714820862,0.456984549760818,0.499195784330368,9.29257294046693e-05,0,0,0,0,0.000142434480949305,0,0,0,0,0,0,0,0,0,0,0,0,0,0,0,0,0,0,0,0,0.212221816182137,8.41897417558357e-05,0,0,0,0,0,0,0,0,0,0,0,0,0,0,0,0,0,0,0,0,0,0,0,0,0,0,0,0,0,0,0,0,0,0,0,0,0,0,0,0,0,0,0,180
Esslingen,0,0,0,0,0,0,0,0,0,0,0,0,0,0,0,0,0,0,0,0,0,0,0,0,0,0,0,0,0,0,0,0,0,0,0,0,0,0,0,0,0,0,0,0,0,0,0,0,0,0,0,0,0,0,0,0,0,0,0,0,0,0,0,0,0,0,0,0,0,0,0,0,0,0,0,0,0,0,0,0,0,0,0,0,0,0,0,0,0,0,0,0,0,0,0,0,0,0,0,0,0,0,0,0,0,0,0,0,0,0,0,0,0,0,0,0,0,0,0,0,0,0,0,0,0,0,0,0,0,0,0,0,0,0,0,0,0,0,0,0,0,0,0,0,0,0,0,0,0,0,0,0,0,0,0,0,0,0,0,0,0,0,0,0,0,0,0,0,0,0,0,0,0,0,0,0,0,0,0,0,0,0,0,0,0,0.0812906473875046,0.123337969183922,0.158849686384201,0.159199982881546,0.195471167564392,0.227756887674332,0,0.113299794495106,0.0753373056650162,0,0,0,0,0.197848811745644,0.294729322195053,0.286123842000961,0.125956922769547,0.255654394626617,0.350552558898926,0.397880047559738,0.274738311767578,0.280364692211151,0.246409550309181,0.345136225223541,0.454355716705322,0.5291708111763,0.590552270412445,0.575710713863373,0.464637726545334,0.506867647171021,0.611230492591858,0.601800084114075,0.465832948684692,0.402204900979996,0.423728466033936,0.527649760246277,0.579704523086548,0.412413030862808,0.194963827729225,0,0,0,0,0.212886154651642,0.262380719184875,0.298329800367355,0.378454208374023,0.502192795276642,0.53495317697525,0.590024828910828,0.68995326757431,0.609494030475616,0.656150996685028,0.731377959251404,0.796155631542206,0.835291564464569,0.814844071865082,0.611516416072845,0.42021569609642,0.490058362483978,0.666559934616089,0.470262616872787,0.497472733259201,0.538654208183289,0.443470567464828,0.574966430664063,0.720417618751526,0.710724472999573,0.473113745450974,0.596262753009796,0.820470452308655,0.650538206100464,0.61847448348999,0,0,0,0,0.428762197494507,0.498374551534653,0.830782175064087,0.558519959449768,0,0,0.277898520231247,0.442641019821167,0.605445563793182,0.681040644645691,0.700832545757294,0.7402223944664,0.770262837409973,0.656926870346069,0.693024158477783,0.7303786277771,0.586918592453003,0,0,0.339542984962463,0,0,0,0,0,0,0,0.400205731391907,0.396839559078217,0.408958077430725,0.4569231569767,0.499143749475479,0,0,0,0,0,0,0,0,0,0,0,0,0,0,0,0,0,0,0,0,0,0,0,0,0,0,0.21218079328537,0,0,0,0,0,0,0,0,0,0,0,0,0,0,0,0,0,0,0,0,0,0,0,0,0,0,0,0,0,0,0,0,0,0,0,0,0,0,0,0,0,0,0,0,181
Göppingen,0,0,0,0,0,0,0,0,0,0,0,0,0,0,0,0,0,0,0,0,0,0,0,0,0,0,0,0,0,0,0,0,0,0,0,0,0,0,0,0,0,0,0,0,0,0,0,0,0,0,0,0,0,0,0,0,0,0,0,0,0,0,0,0,0,0,0,0,0,0,0,0,0,0,0,0,0,0,0,0,0,0,0,0,0,0,0,0,0,0,0,0,0,0,0,0,0,0,0,0,0,0,0,0,0,0,0,0,0,0,0,0,0,0,0,0,0,0,0,0,0,0,0,0,0,0,0,0,0,0,0,0,0,0,0,0,0,0,0,0,0,0,0,0,0,0,0,0,0,0,0,0,0,0,0,0,0,0,0,0,0,0,0,0,0,0,0,0,0,0,0,0,0,0,0,0,0,0,0,0,0,0,0,0,0,0.0812906473875046,0.123337969183922,0.158849686384201,0.159199967980385,0.195471167564392,0.227756887674332,0,0.113299794495106,0.0753372982144356,0,0,0,0,0.197848826646805,0.294729322195053,0.286123842000961,0.125956922769547,0.255654394626617,0.350552529096603,0.397880047559738,0.274738341569901,0.280364692211151,0.246409550309181,0.345136225223541,0.454355746507645,0.5291708111763,0.59055233001709,0.575710713863373,0.464637726545334,0.506867647171021,0.611230492591858,0.601800084114075,0.46583291888237,0.402204900979996,0.423728466033936,0.527649760246277,0.579704523086548,0.412413030862808,0.194963827729225,0,0,0,0,0.212886154651642,0.262380719184875,0.298329800367355,0.378454178571701,0.502192795276642,0.53495317697525,0.590024828910828,0.68995326757431,0.609494030475616,0.656150996685028,0.731377899646759,0.796155631542206,0.835291564464569,0.814844071865082,0.611516416072845,0.42021569609642,0.490058302879333,0.666559934616089,0.47026264667511,0.497472733259201,0.538654208183289,0.443470537662506,0.574966490268707,0.720417618751526,0.710724472999573,0.473113775253296,0.596262812614441,0.820470452308655,0.650538146495819,0.61847448348999,0,0,0,0,0.428762197494507,0.498374551534653,0.830782175064087,0.558519959449768,0,0,0.277898520231247,0.442641019821167,0.605445563793182,0.681040644645691,0.700832545757294,0.7402223944664,0.770262837409973,0.656926870346069,0.693024218082428,0.7303786277771,0.586918592453003,0,0,0.339542984962463,0,0,0,0,0,0,0,0.400205731391907,0.396839529275894,0.408958077430725,0.456923186779022,0.499143719673157,0,0,0,0,0,0,0,0,0,0,0,0,0,0,0,0,0,0,0,0,0,0,0,0,0,0,0.212180808186531,0,0,0,0,0,0,0,0,0,0,0,0,0,0,0,0,0,0,0,0,0,0,0,0,0,0,0,0,0,0,0,0,0,0,0,0,0,0,0,0,0,0,0,0,182
Ludwigsburg,0,0,0,0,0,0,0,0,0,0,0,0,0,0,0,0,0,0,0,0,0,0,0,0,0,0,0,0,0,0,0,0,0,0,0,0,0,0,0,0,0,0,0,0,0,0,0,0,0,0,0,0,0,0,0,0,0,0,0,0,0,0,0,0,0,0,0,0,0,0,0,0,0,0,0,0,0,0,0,0,0,0,0,0,0,0,0,0,0,0,0,0,0,0,0,0,0,0,0,0,0,0,0,0,0,0,0,0,0,0,0,0,0,0,0,0,0,0,0,0,0,0,0,0,0,0,0,0,0,0,0,0,0,0,0,0,0,0,0,0,0,0,0,0.00169440940953791,0.00249576149508357,0.00261167716234922,0.00449447613209486,0.00476896017789841,0.00656447419896722,0,0,0,0,0,0,0,0,0,0,0,0,0,0,0,0,0,0,0,0,0,0,0,0,0.0174940712749958,0,0,0,0,0.0190410688519478,0,0.0169280208647251,0,0,0,0,0.110102750360966,0.158130586147308,0.200145274400711,0.194263473153114,0.2339036911726,0.274113982915878,0,0.125346913933754,0.0588675662875175,0.0564576126635075,0.0650878176093102,0.0644138604402542,0,0.227703303098679,0.332191824913025,0.327224165201187,0.16883559525013,0.304378479719162,0.409724563360214,0.46213161945343,0.326656430959702,0.326038777828217,0.294159889221191,0.411889225244522,0.520616173744202,0.597062528133392,0.665979027748108,0.628265678882599,0.503409504890442,0.568979978561401,0.689858376979828,0.660798013210297,0.500478506088257,0.434302896261215,0.460524022579193,0.571543455123901,0.657201647758484,0.433691769838333,0.152342140674591,0,0.0886775180697441,0.06255953758955,0.112870305776596,0.263440251350403,0.282267093658447,0.339420914649963,0.409235000610352,0.542272210121155,0.597344875335693,0.639332234859467,0.768762171268463,0.685494601726532,0.722445607185364,0.819302022457123,0.895836770534515,0.938821852207184,0.916829705238342,0.697932481765747,0.510001957416534,0.563517689704895,0.748646974563599,0.564241468906403,0.566143333911896,0.606623649597168,0.516217768192291,0.66650116443634,0.799089908599854,0.790146112442017,0.54720151424408,0.681936919689178,0.905726134777069,0.758013904094696,0.698537886142731,0.146010175347328,0.0934239253401756,0.100930728018284,0.121889837086201,0.50396853685379,0.564196169376373,0.921292662620544,0.653771817684174,0.0818973779678345,0.105339772999287,0.388302475214005,0.560262084007263,0.72459077835083,0.818867623806,0.842154204845428,0.872150659561157,0.892279744148254,0.787671864032745,0.810828447341919,0.860250055789948,0.687302887439728,0.073746882379055,0.0864604264497757,0.439654350280762,0.106470085680485,0,0,0,0,0,0,0.491015195846558,0.460071533918381,0.455637693405151,0.511394679546356,0.516154229640961,0,0,0,0,0,0.0766090229153633,0,0,0,0,0,0,0.077064260840416,0,0,0,0,0,0,0,0,0,0,0,0,0,0.284558027982712,0.0917093232274055,0,0,0,0,0,0,0,0,0,0,0,0,0,0,0,0,0,0,0,0,0,0,0,0,0,0,0,0,0,0,0,0,0,0,0,0,0,0,0,0,0,0,0,183
Rems-Murr-Kreis,0,0,0,0,0,0,0,0,0,0,0,0,0,0,0,0,0,0,0,0,0,0,0,0,0,0,0,0,0,0,0,0,0,0,0,0,0,0,0,0,0,0,0,0,0,0,0,0,0,0,0,0,0,0,0,0,0,0,0,0,0,0,0,0,0,0,0,0,0,0,0,0,0,0,0,0,0,0,0,0,0,0,0,0,0,0,0,0,0,0,0,0,0,0,0,0,0,0,0,0,0,0,0,0,0,0,0,0,0,0,0,0,0,0,0,0,0,0,0,0,0,0,0,0,0,0,0,0,0,0,0,0,0,0,0,0,0,0,0,0,0,0,0,0.0010200496762991,0.00150247081182897,0.00157225294969976,0.00270571489818394,0.00287095690146089,0.00395187269896269,0,0,0,0,0,0,0,0,0,0,0,0,0,0,0,0,0,0,0,0,0,0,0,0,0.0105315875262022,0,0,0,0,0.0114628933370113,0,0.0101908203214407,0,0,0,0,0.0986357927322388,0.144283443689346,0.183710008859634,0.180308505892754,0.218607902526855,0.25566428899765,0,0.120552271604538,0.0654223710298538,0.0339879877865314,0.0391834490001202,0.0387777239084244,0,0.215821474790573,0.31728208065033,0.310866594314575,0.151770263910294,0.284986704587936,0.386174619197845,0.436560094356537,0.305993497371674,0.307860910892487,0.275155693292618,0.385322123765945,0.494245141744614,0.570042252540588,0.63595986366272,0.607349276542664,0.48797869682312,0.54425984621048,0.65856522321701,0.637317359447479,0.486689895391464,0.421528190374374,0.445879727602005,0.554074168205261,0.626358509063721,0.425223022699356,0.169305205345154,0,0.0533846579492092,0.037661399692297,0.0679489374160767,0.243320181965828,0.274352520704269,0.323067009449005,0.39698451757431,0.526320993900299,0.572513520717621,0.619708299636841,0.737396955490112,0.655247092247009,0.696060955524445,0.784309029579163,0.856164574623108,0.897617697715759,0.876240313053131,0.66353964805603,0.474267840385437,0.534281492233276,0.715977072715759,0.526838719844818,0.53881311416626,0.579572439193726,0.487265020608902,0.63007116317749,0.767779052257538,0.758536994457245,0.517715275287628,0.647839367389679,0.871795177459717,0.715239524841309,0.666673362255096,0.0878994390368462,0.0562420375645161,0.0607611984014511,0.0733787715435028,0.474037081003189,0.537999749183655,0.885270357131958,0.615862429141998,0.0493029542267323,0.0634154826402664,0.344362705945969,0.513449966907501,0.677172064781189,0.764013707637787,0.785909473896027,0.819644391536713,0.84371817111969,0.735636532306671,0.763943433761597,0.808562397956848,0.6473508477211,0.0443962812423706,0.0520499497652054,0.399810910224915,0.0640959441661835,0,0,0,0,0,0,0.454873859882355,0.434905797243118,0.437059611082077,0.48971551656723,0.509384214878082,0,0,0,0,0,0.0461193174123764,0,0,0,0,0,0,0.0463933721184731,0,0,0,0,0,0,0,0,0,0,0,0,0,0.25575253367424,0.0552098341286182,0,0,0,0,0,0,0,0,0,0,0,0,0,0,0,0,0,0,0,0,0,0,0,0,0,0,0,0,0,0,0,0,0,0,0,0,0,0,0,0,0,0,0,184
Heilbronn,0,0,0,0,0,0,0,0,0,0,0,0,0,0,0,0,0,0,0,0,0,0,0,0,0,0,0,0,0,0,0,0,0,0,0,0,0,0,0,0,0,0,0,0,0,0,0,0,0,0,0,0,0,0,0,0,0,0,0,0,0,0,0,0,0,0,0,0,0,0,0,0,0,0,0,0,0,0,0,0,0,0,0,0,0,0,0,0,0,0,0,0,0,0,0,0,0,0,0,0,0,0,0,0,0,0,0,0,0,0,0,0,0,0,0,0,0,0,0,0,0,0,0,0,0,0,0,0,0,0,0,0,0,0,0,0,0,0,0,0,0,0,0,0.00775071373209357,0.0114163281396031,0.0119465589523315,0.0205590222030878,0.021814588457346,0.030027786269784,0,0,0,0,0,0,0,0,0,0,0,0,0,0,0,0,0,0,0,0,0,0,0,0,0.0800228863954544,0,0,0,0,0.0870992988348007,0,0.0774336159229279,0,0,0,0,0.21308545768261,0.282489359378815,0.347747564315796,0.319590419530869,0.371272504329681,0.439807564020157,0,0.168406814336777,0,0.258253276348114,0.297730326652527,0.294647455215454,0,0.334411710500717,0.466093599796295,0.474128425121307,0.322096228599548,0.478532195091248,0.621222376823425,0.691785156726837,0.512226581573486,0.489290952682495,0.464833348989487,0.65048360824585,0.757449924945831,0.839727103710175,0.935575664043427,0.816112399101257,0.641991019248962,0.790987193584442,0.970897078514099,0.871673583984375,0.624311864376068,0.549030423164368,0.592041969299316,0.728432059288025,0.934198498725891,0.509748041629791,0,0,0.40563639998436,0.286165207624435,0.516301095485687,0.444135129451752,0.353346735239029,0.48629230260849,0.519254326820374,0.685527503490448,0.820350527763367,0.815571010112762,1.05044770240784,0.957142353057861,0.959401667118073,1.13356792926788,1.25212585926056,1.30886888504028,1.28135550022125,1.00680828094482,0.830923855304718,0.826082468032837,1.04204940795898,0.900148689746857,0.811591982841492,0.849566102027893,0.776237189769745,0.993672370910645,1.08028721809387,1.07402181625366,0.812012314796448,0.988160908222198,1.21045410633087,1.14216279983521,0.984707534313202,0.667892336845398,0.427347809076309,0.461686074733734,0.557559013366699,0.772777378559113,0.799461483955383,1.24480330944061,0.994229257106781,0.374622076749802,0.481854259967804,0.782917857170105,0.980673432350159,1.15044975280762,1.31150090694427,1.34727823734283,1.34370028972626,1.32840311527252,1.25499188899994,1.23189473152161,1.32444775104523,1.04610526561737,0.337339371442795,0.395494699478149,0.797480940818787,0.487024664878845,0,0,0,0,0,0,0.815594255924225,0.686080694198608,0.622483909130096,0.706091642379761,0.576954662799835,0,0,0,0,0,0.350431621074677,0,0,0,0,0,0,0.352513998746872,0,0,0,0,0,0,0,0,0,0,0,0,0,0.543254971504211,0.419504702091217,0,0,0,0,0,0,0,0,0,0,0,0,0,0,0,0,0,0,0,0,0,0,0,0,0,0,0,0,0,0,0,0,0,0,0,0,0,0,0,0,0,0,0,185
Heilbronn,0,0,0,0,0,0,0,0,0,0,0,0,0,0,0,0,0,0,0,0,0,0,0,0,0,0,0,0,0,0,0,0,0,0,0,0,0,0,0,0,0,0,0,0,0,0,0,0,0,0,0,0,0,0,0,0,0,0,0,0,0,0,0,0,0,0,0,0,0,0,0,0,0,0,0,0,0,0,0,0,0,0,0,0,0,0,0,0,0,0,0,0,0,0,0,0,0,0,0,0,0,0,0,0,0,0,0,0,0,0,0,0,0,0,0,0,0,0,0,0,0,0,0,0,0,0,0,0,0,0,0,0,0,0,0,0,0,0,0,0,0,0,0,0.00775071419775486,0.0114163281396031,0.0119465589523315,0.0205590222030878,0.021814588457346,0.030027786269784,0,0,0,0,0,0,0,0,0,0,0,0,0,0,0,0,0,0,0,0,0,0,0,0,0.0800228863954544,0,0,0,0,0.0870993062853813,0,0.0774336159229279,0,0,0,0,0.21308545768261,0.282489359378815,0.347747534513474,0.319590419530869,0.371272504329681,0.439807534217834,0,0.168406814336777,0,0.258253276348114,0.297730296850204,0.294647425413132,0,0.334411710500717,0.466093599796295,0.474128395318985,0.322096228599548,0.478532195091248,0.621222376823425,0.691785216331482,0.512226581573486,0.489290952682495,0.464833319187164,0.65048360824585,0.757449984550476,0.839727103710175,0.935575723648071,0.816112399101257,0.641991019248962,0.790987133979797,0.970897018909454,0.871673583984375,0.624311864376068,0.549030363559723,0.592041969299316,0.728432059288025,0.934198558330536,0.509748041629791,0,0,0.405636370182037,0.286165237426758,0.516301095485687,0.444135099649429,0.353346735239029,0.48629230260849,0.519254326820374,0.685527503490448,0.820350527763367,0.815571010112762,1.05044770240784,0.957142353057861,0.959401667118073,1.13356792926788,1.25212585926056,1.30886888504028,1.28135550022125,1.00680828094482,0.830923795700073,0.826082527637482,1.04204940795898,0.900148689746857,0.811592042446136,0.849566102027893,0.776237189769745,0.993672311306,1.08028721809387,1.07402181625366,0.812012255191803,0.988160908222198,1.21045410633087,1.14216279983521,0.984707534313202,0.667892396450043,0.427347779273987,0.461686074733734,0.557559013366699,0.772777438163757,0.799461543560028,1.24480330944061,0.994229197502136,0.374622076749802,0.481854230165482,0.78291791677475,0.980673432350159,1.15044975280762,1.31150090694427,1.34727823734283,1.34370040893555,1.32840311527252,1.25499188899994,1.23189473152161,1.32444775104523,1.04610526561737,0.337339341640472,0.395494729280472,0.797480940818787,0.487024664878845,0,0,0,0,0,0,0.815594255924225,0.686080694198608,0.622483909130096,0.706091642379761,0.576954662799835,0,0,0,0,0,0.350431621074677,0,0,0,0,0,0,0.352513998746872,0,0,0,0,0,0,0,0,0,0,0,0,0,0.543254971504211,0.419504702091217,0,0,0,0,0,0,0,0,0,0,0,0,0,0,0,0,0,0,0,0,0,0,0,0,0,0,0,0,0,0,0,0,0,0,0,0,0,0,0,0,0,0,0,186
Hohenlohekreis,0,0,0,0,0,0,0,0,0,0,0,0,0,0,0,0,0,0,0,0,0,0,0,0,0,0,0,0,0,0,0,0,0,0,0,0,0,0,0,0,0,0,0,0,0,0,0,0,0,0,0,0,0,0,0,0,0,0,0,0,0,0,0,0,0,0,0,0,0,0,0,0,0,0,0,0,0,0,0,0,0,0,0,0,0,0,0,0,0,0,0,0,0,0,0,0,0,0,0,0,0,0,0,0,0,0,0,0,0,0,0,0,0,0,0,0,0,0,0,0,0,0,0,0,0,0,0,0,0,0,0,0,0,0,0,0,0,0,0,0,0,0,0,0.00775071419775486,0.0114163272082806,0.0119465598836541,0.0205590222030878,0.0218145903199911,0.0300277881324291,0,0,0,0,0,0,0,0,0,0,0,0,0,0,0,0,0,0,0,0,0,0,0,0,0.080022893846035,0,0,0,0,0.0870992988348007,0,0.0774336159229279,0,0,0,0,0.213085472583771,0.282489359378815,0.347747564315796,0.319590419530869,0.371272504329681,0.439807564020157,0,0.168406814336777,0,0.258253276348114,0.297730296850204,0.294647455215454,0,0.334411710500717,0.466093569993973,0.474128395318985,0.322096228599548,0.47853222489357,0.621222376823425,0.691785216331482,0.512226521968842,0.489290952682495,0.464833378791809,0.65048360824585,0.757449984550476,0.839727103710175,0.935575723648071,0.816112399101257,0.641991019248962,0.790987193584442,0.970897078514099,0.87167352437973,0.624311864376068,0.549030423164368,0.592041969299316,0.728432059288025,0.934198498725891,0.509748041629791,0,0,0.405636370182037,0.286165237426758,0.516301095485687,0.444135099649429,0.353346735239029,0.48629230260849,0.519254386425018,0.685527503490448,0.820350468158722,0.815571069717407,1.05044782161713,0.957142412662506,0.959401667118073,1.13356792926788,1.25212574005127,1.30886888504028,1.28135550022125,1.00680816173553,0.830923795700073,0.826082468032837,1.04204952716827,0.900148689746857,0.811591982841492,0.849566102027893,0.776237189769745,0.993672311306,1.08028721809387,1.07402181625366,0.812012255191803,0.988160908222198,1.21045410633087,1.14216279983521,0.984707534313202,0.667892336845398,0.427347809076309,0.461686044931412,0.557559013366699,0.772777438163757,0.799461543560028,1.24480330944061,0.994229257106781,0.374622076749802,0.481854230165482,0.78291791677475,0.980673491954803,1.15044975280762,1.31150078773499,1.34727823734283,1.34370028972626,1.32840311527252,1.25499188899994,1.23189473152161,1.32444775104523,1.04610526561737,0.337339341640472,0.395494729280472,0.797480940818787,0.487024664878845,0,0,0,0,0,0,0.815594255924225,0.686080694198608,0.622483909130096,0.706091642379761,0.576954662799835,0,0,0,0,0,0.350431621074677,0,0,0,0,0,0,0.35251396894455,0,0,0,0,0,0,0,0,0,0,0,0,0,0.543254971504211,0.419504702091217,0,0,0,0,0,0,0,0,0,0,0,0,0,0,0,0,0,0,0,0,0,0,0,0,0,0,0,0,0,0,0,0,0,0,0,0,0,0,0,0,0,0,0,187
Schwäbisch Hall,0,0,0,0,0,0,0,0,0,0,0,0,0,0,0,0,0,0,0,0,0,0,0,0,0,0,0,0,0,0,0,0,0,0,0,0,0,0,0,0,0,0,0,0,0,0,0,0,0,0,0,0,0,0,0,0,0,0,0,0,0,0,0,0,0,0,0,0,0,0,0,0,0,0,0,0,0,0,0,0,0,0,0,0,0,0,0,0,0,0,0,0,0,0,0,0,0,0,0,0,0,0,0,0,0,0,0,0,0,0,0,0,0,0,0,0,0,0,0,0,0,0,0,0,0,0,0,0,0,0,0,0,0,0,0,0,0,0,0,0,0,0,0,0.00709446193650365,0.0104497084394097,0.0109350457787514,0.0188182909041643,0.0199675504118204,0.027510292828083,1.80211973201949e-05,0,0,0,0,0,0,0,0,0,0,0,0,0,0,0,0,0,0,0,0,0,0,0,0.0732930898666382,0,0,0,0,0.0797246098518372,0,0.0708773210644722,6.10551287536509e-05,0,0,0,0.201978534460068,0.269069224596024,0.331822216510773,0.306087970733643,0.356446206569672,0.421925991773605,8.99505103006959e-05,0.1638213545084,0.00630853557959199,0.236575201153755,0.272741734981537,0.269954204559326,0.000181837924174033,0.322924196720123,0.451708644628525,0.458331257104874,0.305560320615768,0.459751158952713,0.598417639732361,0.667034864425659,0.492227882146835,0.471693843603134,0.446496337652206,0.624786019325256,0.731915533542633,0.813557624816895,0.906505346298218,0.795845329761505,0.627013206481934,0.767033874988556,0.940581440925598,0.848940312862396,0.610945761203766,0.536615431308746,0.577825963497162,0.711432695388794,0.904321730136871,0.501457452774048,0.0163257271051407,0,0.371291190385818,0.261935651302338,0.472973436117172,0.424606591463089,0.345756709575653,0.47052738070488,0.507335305213928,0.670026361942291,0.796274781227112,0.796482920646667,1.02005255222321,0.927820563316345,0.933796286582947,1.0996425151825,1.21368300914764,1.26894283294678,1.24202227592468,0.973504424095154,0.79640918970108,0.797780692577362,1.01036870479584,0.863876163959503,0.785102665424347,0.823319017887115,0.748129427433014,0.958333373069763,1.0498458147049,1.04337298870087,0.783416450023651,0.955073952674866,1.17753517627716,1.10070693492889,0.953891277313232,0.611790597438812,0.391427367925644,0.422595113515854,0.510350525379181,0.743722259998322,0.774044096469879,1.20987987518311,0.957511246204376,0.343223601579666,0.441055715084076,0.74036705493927,0.93531733751297,1.10453116893768,1.25837123394012,1.29273915290833,1.29277408123016,1.28132271766663,1.20455157756805,1.18647170066833,1.27435541152954,1.00743687152863,0.30877685546875,0.36200824379921,0.75883960723877,0.445788353681564,0,0,0,0,0,0,0.78048574924469,0.66161584854126,0.604350805282593,0.685003101825714,0.570204973220825,0,0,0,0,0,0.320760607719421,0,0,0,0,0,0,0.322860032320023,0,0,0,0,0,0,0,0,0,0,0,0,0,0.515360951423645,0.384170889854431,0,0,0,0,0,0,0,0,0,0,0,0,0,0,0,0,0,0,0,0,0,0,0,0,0,0,0,0,0,0,0,0,0,0,0,0,0,0,0,0,0,0,0,188
Main-Tauber-Kreis,0,0,0,0,0,0,0,0,0,0,0,0,0,0,0,0,0,0,0,0,0,0,0,0,0,0,0,0,0,0,0,0,0,0,0,0,0,0,0,0,0,0,0,0,0,0,0,0,0,0,0,0,0,0,0,0,0,0,0,0,0,0,0,0,0,0,0,0,0,0,0,0,0,0,0,0,0,0,0,0,0,0,0,0,0,0,0,0,0,0,0,0,0,0,0,0,0,0,0,0,0,0,0,0,0,0,0,0,0,0,0,0,0,0,0,0,0,0,0,0,0,0,0,0,0,0,0,0,0,0,0,0,0,0,0,0,0,0,0,0,0,0,0,0.00775071419775486,0.0114163272082806,0.0119465589523315,0.0205590222030878,0.0218145903199911,0.0300277881324291,0,0,0,0,0,0,0,0,0,0,0,0,0,0,0,0,0,0,0,0,0,0,0,0,0.0800228863954544,0,0,0,0,0.0870992988348007,0,0.0774336159229279,0,0,0,0,0.213085472583771,0.282489329576492,0.347747564315796,0.319590449333191,0.371272504329681,0.439807504415512,0,0.168406814336777,0,0.258253276348114,0.297730296850204,0.294647455215454,0,0.334411710500717,0.466093599796295,0.474128395318985,0.322096228599548,0.478532195091248,0.621222376823425,0.691785156726837,0.512226521968842,0.489290922880173,0.464833319187164,0.650483548641205,0.757449984550476,0.839727103710175,0.935575723648071,0.816112399101257,0.641991019248962,0.790987193584442,0.970897078514099,0.87167352437973,0.624311864376068,0.549030423164368,0.592041969299316,0.728432059288025,0.934198498725891,0.509748041629791,0,0,0.405636370182037,0.286165207624435,0.516301095485687,0.444135129451752,0.353346765041351,0.48629230260849,0.519254326820374,0.685527443885803,0.820350468158722,0.815571010112762,1.05044782161713,0.957142412662506,0.959401607513428,1.13356792926788,1.25212585926056,1.30886888504028,1.28135550022125,1.00680828094482,0.830923795700073,0.826082527637482,1.04204952716827,0.900148689746857,0.811592042446136,0.849566102027893,0.776237189769745,0.993672311306,1.08028721809387,1.07402169704437,0.812012314796448,0.988160848617554,1.21045398712158,1.14216268062592,0.984707474708557,0.667892396450043,0.427347809076309,0.461686044931412,0.557559013366699,0.772777438163757,0.799461483955383,1.24480319023132,0.994229197502136,0.374622076749802,0.481854259967804,0.782917857170105,0.980673432350159,1.15044987201691,1.31150090694427,1.34727823734283,1.34370028972626,1.32840311527252,1.25499188899994,1.23189473152161,1.32444775104523,1.04610514640808,0.337339371442795,0.395494729280472,0.797480940818787,0.487024664878845,0,0,0,0,0,0,0.815594255924225,0.686080694198608,0.622483909130096,0.706091642379761,0.576954662799835,0,0,0,0,0,0.350431621074677,0,0,0,0,0,0,0.352513998746872,0,0,0,0,0,0,0,0,0,0,0,0,0,0.543254971504211,0.419504702091217,0,0,0,0,0,0,0,0,0,0,0,0,0,0,0,0,0,0,0,0,0,0,0,0,0,0,0,0,0,0,0,0,0,0,0,0,0,0,0,0,0,0,0,189
Heidenheim,0,0,0,0,0,0,0,0,0,0,0,0,0,0,0,0,0,0,0,0,0,0,0,0,0,0,0,0,0,0,0,0,0,0,0,0,0,0,0,0,0,0,0,0,0,0,0,0,0,0,0,0,0,0,0,0,0,0,0,0,0,0,0,0,0,0,0,0,0,0,0,0,0,0,0,0,0,0,0,0,0,0,0,0,0,0,0,0,0,0,0,0,0,0,0,0,0,0,0,0,0,0,0,0,0,0,0,0,0,0,0,0,0,0,0,0,0,0,0,0,0,0,0,0,0,0,0,0,0,0,0,0,0,0,0,0,0,0,0,0,0,0,0,0,0,0,0,0,0.00444515608251095,0,0,0,0,0,0,0,0,0,0,0,0,0,0,0,0,0,0,0,0,0,0,0,0,0,0,0,0,0,0,0,0,0,0,0,0,0.0586463287472725,0.120970673859119,0.158764496445656,0.163016065955162,0.192582622170448,0.224343776702881,0.0207651015371084,0.126939088106155,0.080615371465683,0.039761945605278,0.0430537350475788,0.0435151793062687,0,0.204156309366226,0.307851642370224,0.299408704042435,0.130696624517441,0.257639020681381,0.356111526489258,0.404504030942917,0.281914412975311,0.280670821666718,0.251877546310425,0.340602666139603,0.453180968761444,0.531058430671692,0.594643771648407,0.580570101737976,0.465542823076248,0.504050612449646,0.6116544008255,0.590554475784302,0.466300278902054,0.400151699781418,0.422010749578476,0.522647321224213,0.585280179977417,0.404953449964523,0.140654712915421,0,0,0,0.0614410862326622,0.153584584593773,0.26344707608223,0.304304003715515,0.380943536758423,0.499229609966278,0.530728220939636,0.587647259235382,0.68673038482666,0.600447237491608,0.652452647686005,0.724321246147156,0.793532848358154,0.830807149410248,0.810635268688202,0.615055739879608,0.431839525699615,0.467160612344742,0.657147467136383,0.454962551593781,0.498673260211945,0.530078709125519,0.425828188657761,0.562049031257629,0.699330985546112,0.703250288963318,0.480668127536774,0.591747343540192,0.81601893901825,0.644497871398926,0.636350393295288,0,0,0,0,0.418822258710861,0.49946328997612,0.834897875785828,0.563601553440094,0.078054666519165,0,0.200487107038498,0.441493272781372,0.617725193500519,0.670212030410767,0.689581453800201,0.73031622171402,0.757342457771301,0.646861851215363,0.683413028717041,0.719498693943024,0.592880845069885,0,0,0.326144844293594,0,0,0,0,0,0,0,0.389664024114609,0.402854532003403,0.40586793422699,0.447782665491104,0.49599677324295,0.0585425533354282,0,0,0,0,0,0,0,0,0,0.0540845282375813,0,0,0,0,0,0,0,0,0,0,0,0,0,0,0,0.153075709939003,0,0,0,0,0,0,0,0,0,0,0,0,0,0,0,0,0,0,0,0,0,0,0,0,0,0,0,0,0,0,0,0,0,0,0,0,0,0,0,0,0,0,0,0,190
Ostalbkreis,0,0,0,0,0,0,0,0,0,0,0,0,0,0,0,0,0,0,0,0,0,0,0,0,0,0,0,0,0,0,0,0,0,0,0,0,0,0,0,0,0,0,0,0,0,0,0,0,0,0,0,0,0,0,0,0,0,0,0,0,0,0,0,0,0,0,0,0,0,0,0,0,0,0,0,0,0,0,0,0,0,0,0,0,0,0,0,0,0,0,0,0,0,0,0,0,0,0,0,0,0,0,0,0,0,0,0,0,0,0,0,0,0,0,0,0,0,0,0,0,0,0,0,0,0,0,0,0,0,0,0,0,0,0,0,0,0,0,0,0,0,0,0,0.000518302724231035,0.00076342822285369,0.000798885652329773,0.00137481477577239,0.00145877664908767,0.00658026803284883,0.000390652392525226,0,0,0,0,0,0,0,0,0,0,0,0,0,0,0,0,0,0,0,0,0,0,0,0.0063424683175981,0,0,0,0,0.00582447042688727,0,0.00517811067402363,0.00132351520005614,0,0,0,0.0706978589296341,0.133030205965042,0.172891914844513,0.175072252750397,0.205881237983704,0.240418657660484,0.0207816101610661,0.131098166108131,0.0735627934336662,0.0574091747403145,0.0637279897928238,0.0646848306059837,0.00394176971167326,0.214332163333893,0.320786952972412,0.313370615243912,0.144914597272873,0.274309158325195,0.376139968633652,0.426458477973938,0.299499362707138,0.296621471643448,0.269376009702682,0.364829033613205,0.476344227790833,0.554365754127502,0.620428085327148,0.59809398651123,0.4781574010849,0.525546729564667,0.638642251491547,0.612181782722473,0.477987676858902,0.410524487495422,0.434186816215515,0.536557853221893,0.611461937427521,0.411089509725571,0.128731817007065,0,0.0271255560219288,0.0191363282501698,0.0986465588212013,0.175681859254837,0.271859586238861,0.31956484913826,0.390181660652161,0.512237668037415,0.552133023738861,0.603143692016602,0.713907599449158,0.626998484134674,0.674610555171967,0.754648625850677,0.827824771404266,0.866615414619446,0.845827877521515,0.644746601581573,0.463856250047684,0.49499985575676,0.685559809207916,0.487862676382065,0.521888494491577,0.553354024887085,0.451188266277313,0.593697369098663,0.72598135471344,0.730656981468201,0.504764914512634,0.620434463024139,0.844699621200562,0.68161928653717,0.663353621959686,0.0543874241411686,0.0342799015343189,0.0308736898005009,0.0372848697006702,0.444326490163803,0.521133840084076,0.865053713321686,0.596025168895721,0.102792099118233,0.0322223678231239,0.245999068021774,0.481894224882126,0.657943844795227,0.718827545642853,0.738093316555023,0.775281250476837,0.799711227416992,0.692077875137329,0.724745690822601,0.764734864234924,0.627604842185974,0.0225584264844656,0.0264473687857389,0.360882192850113,0.0325681231915951,0,0,0,0,0,0,0.41977447271347,0.422181367874146,0.419265896081924,0.465480834245682,0.497993022203445,0.0530918203294277,0,0,0,0,0.0234339255839586,0,0,0,0,0.0490488633513451,0,0.0277649611234665,0,0,0,0,0,0,0,0,0,0,0,0,0,0.183708816766739,0.0320759564638138,0,0,0,0,0,0,0,0,0,0,0,0,0,0,0,0,0,0,0,0,0,0,0,0,0,0,0,0,0,0,0,0,0,0,0,0,0,0,0,0,0,0,0,191
Baden-Baden,0,0,0,0,0,0,0,0,0,0,0,0,0,0,0,0,0,0,0,0,0,0,0,0,0,0,0,0,0,0,0,0,0,0,0,0,0,0,0,0,0,0,0,0,0,0,0,0,0,0,0,0,0,0,0,0,0,0,0,0,0,0,0,0,0,0,0,0,0,0,0,0,0,0,0,0,0,0,0,0,0,0,0,0,0,0,0,0,0,0,0,0,0,0,0,0,0,0,0,0,0,0,0,0,0,0,0,0,0,0,0,0,0,0,0,0,0,0,0,0,0,0,0,0,0,0,0,0,0,0,0,0,0,0,0,0,0,0,0,0,0,0,0,0,0,0,0,0,0,0,0,0,0,0,0,0,0,0,0,0,0,0,0,0,0,0,0,0,0,0,0,0,0,0,0,0,0,0,0,0,0,0,0,0,0,0.0977244004607201,0.142976343631744,0.181151658296585,0.175718903541565,0.215411797165871,0.242934033274651,0,0,0,0,0,0,0,0.203300386667252,0.261323213577271,0.266215831041336,0.188981875777245,0.295015752315521,0.384674698114395,0.434117555618286,0.299849301576614,0.309761166572571,0.219660237431526,0.369165986776352,0.492934226989746,0.571978092193604,0.628244757652283,0.61348420381546,0.528648197650909,0.568274557590485,0.67688262462616,0.652016580104828,0.521471261978149,0.488066524267197,0.516020953655243,0.601249516010284,0.614779651165009,0.533358216285706,0.305388122797012,0,0.285450994968414,0.289510756731033,0.442151010036469,0.3466677069664,0,0.30179899930954,0.464896023273468,0.579249203205109,0.624940812587738,0.675119161605835,0.777565658092499,0.719099581241608,0.740572273731232,0.836786925792694,0.911034524440765,0.94623214006424,0.915068447589874,0.664279282093048,0.443347901105881,0.600277125835419,0.744519770145416,0.559978187084198,0.579320311546326,0.67161500453949,0.596258819103241,0.732437908649445,0.898833572864532,0.843892455101013,0.545391082763672,0.712724387645721,0.957322180271149,0.770525336265564,0.619626462459564,0.279661148786545,0,0,0.296246320009232,0.546226501464844,0.620667397975922,0.927132487297058,0.630447208881378,0,0,0.440974235534668,0.582208335399628,0.696429848670959,0.813066840171814,0.842514276504517,0.886922240257263,0.923978447914124,0.833855748176575,0.824933648109436,0.880987226963043,0.711165308952332,0.267686724662781,0,0.461388438940048,0,0,0,0,0,0,0,0.466601312160492,0.506011307239532,0.531299233436584,0.611465811729431,0.630062878131866,0.233866319060326,0,0,0,0,0.358465015888214,0,0,0,0,0,0,0,0,0,0,0,0,0,0,0,0,0,0,0,0,0.315411388874054,0.211880430579185,0,0,0,0,0,0,0,0,0,0,0,0,0,0,0,0,0,0,0,0,0,0,0,0,0,0,0,0,0,0,0,0,0,0,0,0,0,0,0,0,0,0,0,192
Karlsruhe,0,0,0,0,0,0,0,0,0,0,0,0,0,0,0,0,0,0,0,0,0,0,0,0,0,0,0,0,0,0,0,0,0,0,0,0,0,0,0,0,0,0,0,0,0,0,0,0,0,0,0,0,0,0,0,0,0,0,0,0,0,0,0,0,0,0,0,0,0,0,0,0,0,0,0,0,0,0,0,0,0,0,0,0,0,0,0,0,0,0,0,0,0,0,0,0,0,0,0,0,0,0,0,0,0,0,0,0,0,0,0,0,0,0,0,0,0,0,0,0,0,0,0,0,0,0,0,0,0,0,0,0,0,0,0,0,0,0,0,0,0,0,0,0.0075159715488553,0.0103075327351689,0.0131810856983066,0.0188672989606857,0.0128704290837049,0,0,0,0,0,0,0,0,0,0,0,0,0,0,0,0,0,0,0,0,0,0,0,0,0,0.0520382858812809,0,0,0,0,0.0970112979412079,0.077918216586113,0.0822451412677765,0,0,0,0,0.215513274073601,0.274614214897156,0.340416461229324,0.309560745954514,0.366159707307816,0.4066421687603,0,0,0,0.197610273957253,0.237947285175323,0.188475400209427,0.133558437228203,0.30135715007782,0.389418870210648,0.440253138542175,0.366750746965408,0.475423246622086,0.609098732471466,0.666199207305908,0.477834641933441,0.463256001472473,0.4506975710392,0.608474314212799,0.752339661121368,0.840173900127411,0.910144627094269,0.83408796787262,0.708989441394806,0.814334452152252,0.971107363700867,0.849683940410614,0.65872049331665,0.633760511875153,0.680908024311066,0.832480788230896,0.917516767978668,0.592843532562256,0.295713067054749,0,0.537122666835785,0.488178551197052,0.569591403007507,0.544914543628693,0.31256228685379,0.437256842851639,0.539240598678589,0.742904901504517,0.863483071327209,0.880332708358765,1.05600714683533,0.994974672794342,1.02198350429535,1.17645967006683,1.2892245054245,1.34509384632111,1.30388522148132,0.962369501590729,0.749993085861206,0.911879301071167,1.07707607746124,0.902558863162994,0.866172432899475,0.952132523059845,0.909791946411133,1.08277785778046,1.25037086009979,1.11844706535339,0.853437185287476,1.06172204017639,1.257683634758,1.15103793144226,0.878578066825867,0.54025411605835,0.378046572208405,0.496226787567139,0.693940758705139,0.852345585823059,0.875024616718292,1.2483137845993,0.985917091369629,0.392002195119858,0.514043807983398,0.849851369857788,1.03984475135803,1.17371869087219,1.3190358877182,1.36842012405396,1.41099631786346,1.4154018163681,1.31121051311493,1.24190163612366,1.38009011745453,0.97417163848877,0.454150199890137,0.492833375930786,0.846674263477325,0.29273533821106,0,0,0,0,0,0,0.870133757591248,0.793864905834198,0.726580500602722,0.843358755111694,0.787004351615906,0.38363778591156,0,0,0,0,0.558716058731079,0.245410248637199,0,0,0.260933667421341,0,0,0.264637440443039,0,0,0,0,0,0,0,0,0,0,0,0,0.176825538277626,0.554692149162292,0.460151612758636,0,0,0,0,0,0,0,0,0,0,0,0,0,0,0,0,0,0,0,0,0,0,0,0,0,0,0,0,0,0,0,0,0,0,0,0,0,0,0,0,0,0,0,193
Karlsruhe,0,0,0,0,0,0,0,0,0,0,0,0,0,0,0,0,0,0,0,0,0,0,0,0,0,0,0,0,0,0,0,0,0,0,0,0,0,0,0,0,0,0,0,0,0,0,0,0,0,0,0,0,0,0,0,0,0,0,0,0,0,0,0,0,0,0,0,0,0,0,0,0,0,0,0,0,0,0,0,0,0,0,0,0,0,0,0,0,0,0,0,0,0,0,0,0,0,0,0,0,0,0,0,0,0,0,0,0,0,0,0,0,0,0,0,0,0,0,0,0,0,0,0,0,0,0,0,0,0,0,0,0,0,0,0,0,0,0,0,0,0,0,0,0.00866220612078905,0.0119759887456894,0.0149894179776311,0.0218798723071814,0.0158807523548603,0.0036822073161602,0,0,0,0,0,0,0,0,0,0,0,0,0,0,0,0,0,0,0,0,0,0,0,0,0.0632068142294884,0,0,0,0,0.110219120979309,0.0799479708075523,0.0938830301165581,0,0,0,0,0.232727989554405,0.295151352882385,0.36499434709549,0.330689787864685,0.389199316501617,0.435048669576645,0,0.0206511653959751,0,0.234426707029343,0.280655473470688,0.229516789317131,0.137037619948387,0.319989234209061,0.41786602139473,0.470282405614853,0.387704938650131,0.502626836299896,0.643952012062073,0.703841805458069,0.508514225482941,0.489269614219666,0.486780852079391,0.649205267429352,0.791533768177032,0.879993498325348,0.95517498254776,0.864682197570801,0.727586090564728,0.848054766654968,1.01482582092285,0.881768941879272,0.6749067902565,0.645031630992889,0.694525480270386,0.854100227355957,0.964572310447693,0.591497838497162,0.258012294769287,0,0.558416604995728,0.492943555116653,0.582003951072693,0.562030971050262,0.364034205675125,0.463409304618835,0.547843039035797,0.760200560092926,0.893659472465515,0.902901649475098,1.0967230796814,1.0313515663147,1.05614864826202,1.22170126438141,1.34090316295624,1.39995300769806,1.35893034934998,1.01213777065277,0.805508196353912,0.94768625497818,1.12222421169281,0.953196942806244,0.902127504348755,0.981261432170868,0.940029442310333,1.12393844127655,1.2817794084549,1.15381908416748,0.894156515598297,1.1045891046524,1.2965487241745,1.20652282238007,0.930092334747314,0.594650030136108,0.440298855304718,0.565768480300903,0.736344516277313,0.888101100921631,0.903575479984283,1.29563534259796,1.03978633880615,0.448152452707291,0.586522698402405,0.9024338722229,1.10062849521637,1.24182677268982,1.39333760738373,1.44401752948761,1.4806615114212,1.47779643535614,1.37528800964355,1.30266785621643,1.44747161865234,1.02209544181824,0.467548787593842,0.554169833660126,0.897924780845642,0.360083281993866,0,0,0,0,0,0,0.923441529273987,0.823444724082947,0.742849171161652,0.861003160476685,0.784580051898956,0.358861058950424,0,0,0,0,0.562947392463684,0.251803129911423,0,0,0.267730951309204,0,0,0.314758807420731,0,0,0,0,0,0,0,0,0,0,0,0,0.181431815028191,0.588865041732788,0.492079317569733,0,0,0,0,0,0,0,0,0,0,0,0,0,0,0,0,0,0,0,0,0,0,0,0,0,0,0,0,0,0,0,0,0,0,0,0,0,0,0,0,0,0,0,194
Rastatt,0,0,0,0,0,0,0,0,0,0,0,0,0,0,0,0,0,0,0,0,0,0,0,0,0,0,0,0,0,0,0,0,0,0,0,0,0,0,0,0,0,0,0,0,0,0,0,0,0,0,0,0,0,0,0,0,0,0,0,0,0,0,0,0,0,0,0,0,0,0,0,0,0,0,0,0,0,0,0,0,0,0,0,0,0,0,0,0,0,0,0,0,0,0,0,0,0,0,0,0,0,0,0,0,0,0,0,0,0,0,0,0,0,0,0,0,0,0,0,0,0,0,0,0,0,0,0,0,0,0,0,0,0,0,0,0,0,0,0,0,0,0,0,0,0,0,0,0,0,0,0,0,0,0,0,0,0,0,0,0,0,0,0,0,0,0,0,0,0,0,0,0,0,0,0,0,0,0,0,0,0,0,0,0,0,0.0977244004607201,0.142976343631744,0.181151658296585,0.175718903541565,0.215411797165871,0.242934033274651,0,0,0,0,0,0,0,0.203300386667252,0.261323213577271,0.266215831041336,0.188981875777245,0.295015752315521,0.384674698114395,0.434117585420609,0.299849331378937,0.309761166572571,0.219660237431526,0.369165986776352,0.492934256792068,0.571978092193604,0.628244757652283,0.61348420381546,0.528648197650909,0.568274557590485,0.676882684230804,0.652016639709473,0.521471261978149,0.488066524267197,0.516021013259888,0.601249516010284,0.614779651165009,0.533358216285706,0.305388122797012,0,0.285450994968414,0.289510786533356,0.442151010036469,0.346667677164078,0,0.301798969507217,0.464896023273468,0.579249203205109,0.624940812587738,0.675119161605835,0.777565658092499,0.719099581241608,0.740572273731232,0.836786925792694,0.91103458404541,0.94623214006424,0.915068507194519,0.664279282093048,0.443347901105881,0.600277125835419,0.744519770145416,0.559978187084198,0.579320311546326,0.67161500453949,0.596258878707886,0.7324378490448,0.898833632469177,0.843892514705658,0.545391082763672,0.712724447250366,0.957322180271149,0.770525336265564,0.619626522064209,0.279661148786545,0,0,0.296246320009232,0.546226561069489,0.620667397975922,0.927132487297058,0.630447208881378,0,0,0.440974205732346,0.582208275794983,0.696429908275604,0.813066780567169,0.842514276504517,0.886922240257263,0.923978447914124,0.83385568857193,0.824933588504791,0.880987226963043,0.711165249347687,0.267686724662781,0,0.461388409137726,0,0,0,0,0,0,0,0.46660128235817,0.506011307239532,0.531299233436584,0.611465811729431,0.630062878131866,0.233866304159164,0,0,0,0,0.358465015888214,0,0,0,0,0,0,0,0,0,0,0,0,0,0,0,0,0,0,0,0,0.315411388874054,0.211880445480347,0,0,0,0,0,0,0,0,0,0,0,0,0,0,0,0,0,0,0,0,0,0,0,0,0,0,0,0,0,0,0,0,0,0,0,0,0,0,0,0,0,0,0,195
Heidelberg,0,0,0,0,0,0,0,0,0,0,0,0,0,0,0,0,0,0,0,0,0,0,0,0,0,0,0,0,0,0,0,0,0,0,0,0,0,0,0,0,0,0,0,0,0,0,0,0,0,0,0,0,0,0,0,0,0,0,0,0,0,0,0,0,0,0,0,0,0,0,0,0,0,0,0,0,0,0,0,0,0,0,0,0,0,0,0,0,0,0,0,0,0,0,0,0,0,0,0,0,0,0,0,0,0,0,0,0,0,0,0,0,0,0,0,0,0,0,0,0,0,0,0,0,0,0,0,0,0,0,0,0,0,0,0,0,0,0,0,0,0,0,0,0.0112732006236911,0.0155926132574677,0.0194934122264385,0.0284844841808081,0.0207411479204893,0.00505069084465504,0,0,0,0,0,0,0,0,0,0,0,0,0,0,0,0,0,0,0,0,0,0,0,0,0.0824858471751213,0,0,0,0,0.143330350518227,0.103354260325432,0.122118070721626,0,0,0,0,0.273368716239929,0.341052979230881,0.420429229736328,0.377452045679092,0.441586554050446,0.493198186159134,0,0.0283261239528656,0,0.305557608604431,0.365702509880066,0.299562215805054,0.177157998085022,0.35542032122612,0.465677559375763,0.532037854194641,0.447172492742538,0.565183997154236,0.722148358821869,0.785301029682159,0.571659088134766,0.543560683727264,0.567356944084167,0.73391318321228,0.881513118743896,0.972760677337646,1.05386281013489,0.940185189247131,0.786925315856934,0.932119965553284,1.11660897731781,0.951157987117767,0.720822691917419,0.691575825214386,0.747521340847015,0.929357290267944,1.07007038593292,0.608291029930115,0.241188213229179,0,0.639495015144348,0.552470088005066,0.623665809631348,0.626025438308716,0.474029958248138,0.51250833272934,0.57265317440033,0.814205586910248,0.974222123622894,0.970947861671448,1.19280195236206,1.12507176399231,1.15065622329712,1.33726298809052,1.47005474567413,1.5362960100174,1.49242222309113,1.11729323863983,0.915286481380463,1.0515810251236,1.23568224906921,1.0716096162796,0.998882234096527,1.07363760471344,1.04241573810577,1.24108445644379,1.3956493139267,1.24678194522858,0.998843193054199,1.22197914123535,1.39831221103668,1.3377640247345,1.02451848983765,0.690624237060547,0.573338270187378,0.735873699188232,0.867719233036041,0.990382730960846,0.988131642341614,1.40659439563751,1.16314685344696,0.582981169223785,0.762899279594421,1.04084253311157,1.25626015663147,1.40589380264282,1.56804406642914,1.62500143051147,1.65890824794769,1.64384925365448,1.53787624835968,1.44647014141083,1.61761021614075,1.11636602878571,0.526735961437225,0.720239102840424,1.02898001670837,0.470215350389481,0,0,0,0,0,0,1.06056582927704,0.918121159076691,0.805666506290436,0.934975206851959,0.829304218292236,0.393193572759628,0,0,0,0,0.622735798358917,0.325523287057877,0,0,0.346114277839661,0,0,0.410320222377777,0,0,0,0,0,0,0,0,0,0,0,0,0.234549432992935,0.671127617359161,0.576121211051941,0,0,0,0,0,0,0,0,0,0,0,0,0,0,0,0,0,0,0,0,0,0,0,0,0,0,0,0,0,0,0,0,0,0,0,0,0,0,0,0,0,0,0,196
Mannheim,0,0,0,0,0,0,0,0,0,0,0,0,0,0,0,0,0,0,0,0,0,0,0,0,0,0,0,0,0,0,0,0,0,0,0,0,0,0,0,0,0,0,0,0,0,0,0,0,0,0,0,0,0,0,0,0,0,0,0,0,0,0,0,0,0,0,0,0,0,0,0,0,0,0,0,0,0,0,0,0,0,0,0,0,0,0,0,0,0,0,0,0,0,0,0,0,0,0,0,0,0,0,0,0,0,0,0,0,0,0,0,0,0,0,0,0,0,0,0,0,0,0,0,0,0,0,0,0,0,0,0,0,0,0,0,0,0,0,0,0,0,0,0,0.0119854938238859,0.0164371132850647,0.0210194811224937,0.0300871152430773,0.0205240845680237,0,0,0,0,0,0,0,0,0,0,0,0,0,0,0,0,0,0,0,0,0,0,0,0,0,0.0829838812351227,0,0,0,0,0.154700994491577,0.124253824353218,0.131153851747513,0,0,0,0,0.285558760166168,0.352895259857178,0.435126394033432,0.389152407646179,0.455804944038391,0.503994464874268,0,0,0,0.31512314081192,0.379447370767593,0.300556033849716,0.212981626391411,0.359668523073196,0.465593457221985,0.543747842311859,0.472464501857758,0.582706034183502,0.742556869983673,0.804211139678955,0.583677113056183,0.554534673690796,0.588088572025299,0.750783681869507,0.9066002368927,0.9996617436409,1.07778191566467,0.965274274349213,0.816232860088348,0.96065878868103,1.14607393741608,0.96723073720932,0.740338385105133,0.720400333404541,0.778961360454559,0.969986975193024,1.09754538536072,0.62821763753891,0.289959579706192,0,0.686784267425537,0.606320261955261,0.64537638425827,0.66280597448349,0.498433649539948,0.517809569835663,0.58345103263855,0.840225875377655,1.00533699989319,1.00236701965332,1.22158765792847,1.15902924537659,1.18933033943176,1.37845277786255,1.51412260532379,1.58228468894958,1.5351026058197,1.13963460922241,0.932345688343048,1.09717965126038,1.27483725547791,1.10628116130829,1.03675472736359,1.11894774436951,1.09624052047729,1.29111433029175,1.45941948890686,1.28171622753143,1.03662288188934,1.26926016807556,1.43629956245422,1.377317070961,1.03256869316101,0.69522088766098,0.602859497070313,0.791317939758301,0.930437624454498,1.03438520431519,1.02628314495087,1.4393105506897,1.19730412960052,0.6251140832901,0.819730162620544,1.09299826622009,1.31198740005493,1.45754778385162,1.61992037296295,1.68116044998169,1.72264730930328,1.70763647556305,1.59507894515991,1.48985993862152,1.67689144611359,1.13057363033295,0.565034329891205,0.785906553268433,1.07579207420349,0.466816246509552,0,0,0,0,0,0,1.11010229587555,0.96504271030426,0.842708349227905,0.981258392333984,0.880332589149475,0.472702354192734,0,0,0,0,0.677799224853516,0.391348302364349,0,0,0.416103035211563,0,0,0.422009348869324,0,0,0,0,0,0,0,0,0,0,0,0,0.281978368759155,0.696985185146332,0.607791006565094,0,0,0,0,0,0,0,0,0,0,0,0,0,0,0,0,0,0,0,0,0,0,0,0,0,0,0,0,0,0,0,0,0,0,0,0,0,0,0,0,0,0,0,197
Neckar-Odenwald-Kreis,0,0,0,0,0,0,0,0,0,0,0,0,0,0,0,0,0,0,0,0,0,0,0,0,0,0,0,0,0,0,0,0,0,0,0,0,0,0,0,0,0,0,0,0,0,0,0,0,0,0,0,0,0,0,0,0,0,0,0,0,0,0,0,0,0,0,0,0,0,0,0,0,0,0,0,0,0,0,0,0,0,0,0,0,0,0,0,0,0,0,0,0,0,0,0,0,0,0,0,0,0,0,0,0,0,0,0,0,0,0,0,0,0,0,0,0,0,0,0,0,0,0,0,0,0,0,0,0,0,0,0,0,0,0,0,0,0,0,0,0,0,0,0,0.00775071419775486,0.0114163281396031,0.0119465589523315,0.0205590203404427,0.021814588457346,0.030027786269784,0,0,0,0,0,0,0,0,0,0,0,0,0,0,0,0,0,0,0,0,0,0,0,0,0.080022893846035,0,0,0,0,0.0870992988348007,0,0.0774336159229279,0,0,0,0,0.21308545768261,0.282489359378815,0.347747564315796,0.319590419530869,0.371272504329681,0.439807534217834,0,0.168406814336777,0,0.258253276348114,0.297730326652527,0.294647455215454,0,0.334411710500717,0.466093599796295,0.474128395318985,0.322096228599548,0.478532195091248,0.621222376823425,0.691785156726837,0.512226581573486,0.489290982484818,0.464833348989487,0.650483548641205,0.757449984550476,0.839727103710175,0.935575723648071,0.816112399101257,0.641991019248962,0.790987193584442,0.970897018909454,0.871673583984375,0.624311864376068,0.549030363559723,0.592041969299316,0.728432059288025,0.934198498725891,0.509748041629791,0,0,0.405636370182037,0.286165237426758,0.516301095485687,0.444135099649429,0.353346735239029,0.486292272806168,0.519254386425018,0.685527503490448,0.820350468158722,0.815571010112762,1.05044770240784,0.957142353057861,0.959401667118073,1.13356781005859,1.25212585926056,1.30886900424957,1.28135538101196,1.00680828094482,0.830923795700073,0.826082468032837,1.04204952716827,0.900148630142212,0.811592042446136,0.849566161632538,0.776237189769745,0.993672311306,1.08028721809387,1.07402181625366,0.812012255191803,0.988160908222198,1.21045410633087,1.14216279983521,0.984707534313202,0.667892336845398,0.427347809076309,0.461686044931412,0.557559072971344,0.772777438163757,0.799461543560028,1.24480330944061,0.994229257106781,0.374622076749802,0.481854259967804,0.78291791677475,0.980673432350159,1.15044987201691,1.31150078773499,1.34727823734283,1.34370028972626,1.32840311527252,1.25499188899994,1.23189473152161,1.32444763183594,1.04610526561737,0.337339371442795,0.395494729280472,0.797480940818787,0.487024664878845,0,0,0,0,0,0,0.815594255924225,0.686080694198608,0.622483849525452,0.706091642379761,0.576954662799835,0,0,0,0,0,0.350431591272354,0,0,0,0,0,0,0.352513998746872,0,0,0,0,0,0,0,0,0,0,0,0,0,0.543254971504211,0.419504731893539,0,0,0,0,0,0,0,0,0,0,0,0,0,0,0,0,0,0,0,0,0,0,0,0,0,0,0,0,0,0,0,0,0,0,0,0,0,0,0,0,0,0,0,198
Rhein-Neckar-Kreis,0,0,0,0,0,0,0,0,0,0,0,0,0,0,0,0,0,0,0,0,0,0,0,0,0,0,0,0,0,0,0,0,0,0,0,0,0,0,0,0,0,0,0,0,0,0,0,0,0,0,0,0,0,0,0,0,0,0,0,0,0,0,0,0,0,0,0,0,0,0,0,0,0,0,0,0,0,0,0,0,0,0,0,0,0,0,0,0,0,0,0,0,0,0,0,0,0,0,0,0,0,0,0,0,0,0,0,0,0,0,0,0,0,0,0,0,0,0,0,0,0,0,0,0,0,0,0,0,0,0,0,0,0,0,0,0,0,0,0,0,0,0,0,0.00971327908337116,0.0137431584298611,0.0161513108760118,0.0249747186899185,0.02121651917696,0.0161117184907198,0,0,0,0,0,0,0,0,0,0,0,0,0,0,0,0,0,0,0,0,0,0,0,0,0.0813951268792152,0,0,0,0,0.118428610265255,0.0575841516256332,0.102329701185226,0,0,0,0,0.246672466397285,0.315118253231049,0.388242393732071,0.351828217506409,0.41044819355011,0.469554305076599,0,0.0903604105114937,0,0.284609019756317,0.3356012403965,0.29738575220108,0.0987041369080544,0.346116721630096,0.465861797332764,0.50639283657074,0.391782850027084,0.526810467243195,0.677453637123108,0.743887782096863,0.545339643955231,0.519527494907379,0.521954655647278,0.696966648101807,0.826572120189667,0.913847208023071,1.00147974491119,0.885239958763123,0.722741603851318,0.869619727134705,1.05208098888397,0.915958523750305,0.678083181381226,0.628450036048889,0.678667783737183,0.840378224849701,1.00989997386932,0.564651548862457,0.134378775954247,0,0.535931468009949,0.434537798166275,0.576119661331177,0.545475900173187,0.420585751533508,0.500898659229279,0.549005627632141,0.757220864295959,0.906080543994904,0.902139663696289,1.1297607421875,1.0507048368454,1.06595969200134,1.24705719947815,1.37354552745819,1.43558061122894,1.3989520072937,1.06836521625519,0.877926707267761,0.951719701290131,1.14993250370026,0.995678663253784,0.915941298007965,0.974408209323883,0.92453944683075,1.13151872158051,1.25599205493927,1.17027568817139,0.9161057472229,1.11843347549438,1.31511986255646,1.25114262104034,1.00688827037811,0.680557489395142,0.50868684053421,0.614450573921204,0.730365753173828,0.894016861915588,0.904579639434814,1.33494555950165,1.08834218978882,0.490710020065308,0.638439357280731,0.926621377468109,1.13421738147736,1.29277122020721,1.45443475246429,1.5020124912262,1.51931941509247,1.504154920578,1.41260182857513,1.35144603252411,1.48778414726257,1.08525133132935,0.442862242460251,0.576427042484283,0.926461338996887,0.477659285068512,0,0,0,0,0,0,0.952080965042114,0.815362811088562,0.724544644355774,0.833614826202393,0.717552065849304,0.21906903386116,0,0,0,0,0.50214672088623,0.181366324424744,0,0,0.192838653922081,0,0,0.384720891714096,0,0,0,0,0,0,0,0,0,0,0,0,0.130679950118065,0.614499688148499,0.506764054298401,0,0,0,0,0,0,0,0,0,0,0,0,0,0,0,0,0,0,0,0,0,0,0,0,0,0,0,0,0,0,0,0,0,0,0,0,0,0,0,0,0,0,0,199
Pforzheim,0,0,0,0,0,0,0,0,0,0,0,0,0,0,0,0,0,0,0,0,0,0,0,0,0,0,0,0,0,0,0,0,0,0,0,0,0,0,0,0,0,0,0,0,0,0,0,0,0,0,0,0,0,0,0,0,0,0,0,0,0,0,0,0,0,0,0,0,0,0,0,0,0,0,0,0,0,0,0,0,0,0,0,0,0,0,0,0,0,0,0,0,0,0,0,0,0,0,0,0,0,0,0,0,0,0,0,0,0,0,0,0,0,0,0,0,0,0,0,0,0,0,0,0,0,0,0,0,0,0,0,0,0,0,0,0,0,0,0,0,0,0,0,0,0,0,0,0,0,0,0,0,0,0,0,0,0,0,0,0,0,0,0,0,0,0,0,0,0,0,0,0,0,0,0,0,0,0,0,0,0,0,0,0,0,0.0943235009908676,0.138912260532379,0.176536381244659,0.172300383448601,0.211285173892975,0.239793196320534,0,0.0234468802809715,0.0155907161533833,0,0,0,0,0.202172219753265,0.268236428499222,0.270335733890533,0.17593914270401,0.286870092153549,0.37761327624321,0.426618367433548,0.294652700424194,0.303677707910538,0.225195869803429,0.364193111658096,0.484950602054596,0.563119292259216,0.620444476604462,0.605667173862457,0.515401542186737,0.555566668510437,0.663296222686768,0.641624510288239,0.509957134723663,0.470297813415527,0.496921479701996,0.58601838350296,0.607520997524261,0.508329153060913,0.282536298036575,0,0.226378187537193,0.229597806930542,0.350649833679199,0.31898221373558,0.0542985089123249,0.30108106136322,0.447007238864899,0.563302755355835,0.606318235397339,0.657509326934814,0.759434700012207,0.696417212486267,0.723101675510406,0.814972996711731,0.887260854244232,0.923273503780365,0.894327461719513,0.653360247612,0.438560783863068,0.577467858791351,0.728386342525482,0.541411936283112,0.562382340431213,0.644099354743958,0.564639985561371,0.699849903583527,0.861911237239838,0.816333949565887,0.530433654785156,0.688623189926147,0.92900139093399,0.745694518089294,0.619388103485107,0.22178652882576,0,0,0.234939470887184,0.521917819976807,0.59535938501358,0.907193243503571,0.615562200546265,0,0,0.40722644329071,0.553325474262238,0.677601099014282,0.785744607448578,0.81319385766983,0.856563448905945,0.892167747020721,0.79724109172821,0.797635495662689,0.849819481372833,0.685452997684479,0.212290152907372,0,0.436173051595688,0,0,0,0,0,0,0,0.45286101102829,0.483418732881546,0.50598132610321,0.579483926296234,0.602969765663147,0.185468733310699,0,0,0,0,0.284282326698303,0,0,0,0,0,0,0,0,0,0,0,0,0,0,0,0,0,0,0,0,0.294048279523849,0.168032735586166,0,0,0,0,0,0,0,0,0,0,0,0,0,0,0,0,0,0,0,0,0,0,0,0,0,0,0,0,0,0,0,0,0,0,0,0,0,0,0,0,0,0,0,200
Calw,0,0,0,0,0,0,0,0,0,0,0,0,0,0,0,0,0,0,0,0,0,0,0,0,0,0,0,0,0,0,0,0,0,0,0,0,0,0,0,0,0,0,0,0,0,0,0,0,0,0,0,0,0,0,0,0,0,0,0,0,0,0,0,0,0,0,0,0,0,0,0,0,0,0,0,0,0,0,0,0,0,0,0,0,0,0,0,0,0,0,0,0,0,0,0,0,0,0,0,0,0,0,0,0,0,0,0,0,0,0,0,0,0,0,0,0,0,0,0,0,0,0,0,0,0,0,0,0,0,0,0,0,0,0,0,0,0,0,0,0,0,0,0,0,0,0,0,0,0,0,0,0,0,0,0,0,0,0,0,0,0,0,0,0,0,0,0,0,0,0,0,0,0,0,0,0,0,0,0,0,0,0,0,0,0,0.0953156054019928,0.140097841620445,0.177882730960846,0.173297628760338,0.212488994002342,0.240709438920021,0,0.01660699211061,0.011042614467442,0,0,0,0,0.202501311898232,0.266219735145569,0.269133895635605,0.179743960499763,0.289246320724487,0.379673212766647,0.428806006908417,0.296168655157089,0.305452346801758,0.223581030964851,0.36564376950264,0.487279564142227,0.565703570842743,0.622719943523407,0.607947528362274,0.519265830516815,0.559273838996887,0.667259573936462,0.64465606212616,0.513316035270691,0.475481271743774,0.502493143081665,0.590461552143097,0.609638452529907,0.515630602836609,0.289202600717545,0,0.243610844016075,0.247075527906418,0.377342402935028,0.327058583498001,0.038458626717329,0.301290482282639,0.452225744724274,0.56795459985733,0.611750781536102,0.662646412849426,0.764723837375641,0.703034043312073,0.728198170661926,0.821336567401886,0.894196033477783,0.929970920085907,0.900377988815308,0.656545519828796,0.439957290887833,0.584121763706207,0.733092784881592,0.546828031539917,0.567323446273804,0.65212619304657,0.573863804340363,0.709356367588043,0.872682154178619,0.824373304843903,0.534797012805939,0.695653975009918,0.937263071537018,0.752938091754913,0.619457602500916,0.238669618964195,0,0,0.252823799848557,0.529009103775024,0.602742195129395,0.913009881973267,0.619904458522797,0,0,0.417071253061295,0.561751127243042,0.683093786239624,0.793715000152588,0.821747124195099,0.865419566631317,0.901447474956512,0.807922303676605,0.805598855018616,0.858911633491516,0.692953705787659,0.228450357913971,0,0.443528831005096,0,0,0,0,0,0,0,0.456869304180145,0.490009397268295,0.513367056846619,0.588813602924347,0.610873281955719,0.199587196111679,0,0,0,0,0.305922776460648,0,0,0,0,0,0,0,0,0,0,0,0,0,0,0,0,0,0,0,0,0.300280302762985,0.180823922157288,0,0,0,0,0,0,0,0,0,0,0,0,0,0,0,0,0,0,0,0,0,0,0,0,0,0,0,0,0,0,0,0,0,0,0,0,0,0,0,0,0,0,0,201
Enzkreis,0,0,0,0,0,0,0,0,0,0,0,0,0,0,0,0,0,0,0,0,0,0,0,0,0,0,0,0,0,0,0,0,0,0,0,0,0,0,0,0,0,0,0,0,0,0,0,0,0,0,0,0,0,0,0,0,0,0,0,0,0,0,0,0,0,0,0,0,0,0,0,0,0,0,0,0,0,0,0,0,0,0,0,0,0,0,0,0,0,0,0,0,0,0,0,0,0,0,0,0,0,0,0,0,0,0,0,0,0,0,0,0,0,0,0,0,0,0,0,0,0,0,0,0,0,0,0,0,0,0,0,0,0,0,0,0,0,0,0,0,0,0,0,0.000856391037814319,0.00125087960623205,0.00134203175548464,0.00225684908218682,0.00229600048623979,0.00291591347195208,0,0,0,0,0,0,0,0,0,0,0,0,0,0,0,0,0,0,0,0,0,0,0,0,0.00848906766623259,0,0,0,0,0.00979698915034533,0.00107548560481519,0.00865456834435463,0,0,0,0,0.103093549609184,0.149427443742752,0.189405053853989,0.184039533138275,0.223576962947845,0.257422804832458,0,0.0677786991000175,0.0341945439577103,0.0278058107942343,0.0321960784494877,0.0312138590961695,0.00184347375761718,0.214911296963692,0.298138529062271,0.297843813896179,0.175755798816681,0.297461062669754,0.395255267620087,0.445894598960876,0.311531841754913,0.315970808267593,0.258798390626907,0.388880282640457,0.504690885543823,0.582250654697418,0.644871711730957,0.619060933589935,0.513090312480927,0.565426170825958,0.679696083068848,0.653282642364502,0.508098721504211,0.457026153802872,0.483788758516312,0.583385586738586,0.634056031703949,0.476991236209869,0.225479170680046,0,0.171033412218094,0.160523176193237,0.250424414873123,0.298147261142731,0.157717645168304,0.320009678602219,0.431966036558151,0.556853711605072,0.606364905834198,0.652967393398285,0.768141686916351,0.696274697780609,0.727388799190521,0.822451233863831,0.897235155105591,0.936597764492035,0.910513818264008,0.677707433700562,0.4747174680233,0.576478660106659,0.74261736869812,0.557019114494324,0.568685472011566,0.632418215274811,0.548715174198151,0.691167235374451,0.840325713157654,0.809586226940155,0.542728126049042,0.691428065299988,0.923933863639832,0.757405638694763,0.658129811286926,0.194023802876472,0.0467166155576706,0.0516823194921017,0.192648887634277,0.519136130809784,0.586033403873444,0.918681740760803,0.638032734394073,0.0417891964316368,0.0538867227733135,0.405805259943008,0.563871145248413,0.705809831619263,0.808527290821075,0.83448201417923,0.871927320957184,0.900264620780945,0.801034390926361,0.81033593416214,0.862580299377441,0.690926730632782,0.155524954199791,0.0452078320086002,0.44403949379921,0.0513341389596462,0,0,0,0,0,0,0.475924849510193,0.477918982505798,0.487320423126221,0.553710639476776,0.56764954328537,0.107074834406376,0,0,0,0,0.197746694087982,0.00338733592070639,0,0,0.00360160181298852,0,0,0.0378843583166599,0,0,0,0,0,0,0,0,0,0,0,0,0.00244067865423858,0.293984442949295,0.139299511909485,0,0,0,0,0,0,0,0,0,0,0,0,0,0,0,0,0,0,0,0,0,0,0,0,0,0,0,0,0,0,0,0,0,0,0,0,0,0,0,0,0,0,0,202
Freudenstadt,0,0,0,0,0,0,0,0,0,0,0,0,0,0,0,0,0,0,0,0,0,0,0,0,0,0,0,0,0,0,0,0,0,0,0,0,0,0,0,0,0,0,0,0,0,0,0,0,0,0,0,0,0,0,0,0,0,0,0,0,0,0,0,0,0,0,0,0,0,0,0,0,0,0,0,0,0,0,0,0,0,0,0,0,0,0,0,0,0,0,0,0,0,0,0,0,0,0,0,0,0,0,0,0,0,0,0,0,0,0,0,0,0,0,0,0,0,0,0,0,0,0,0,0,0,0,0,0,0,0,0,0,0,0,0,0,0,0,0,0,0,0,0,0,0,0,0,0,0,0,0,0,0,0,0,0,0,0,0,0,0,0,0,0,0,0,0,0,0,0,0,0,0,0,0,0,0,0,0,0,0,0,0,0,0,0.097163513302803,0.142306089401245,0.180390477180481,0.175155118107796,0.214731216430664,0.24241603910923,0,0.00386691163294017,0.00257125543430448,0,0,0,0,0.203114300966263,0.262463331222534,0.266895294189453,0.186830833554268,0.293672353029251,0.383510082960129,0.432880789041519,0.298992276191711,0.308757871389389,0.220573171973228,0.36834579706192,0.491617530584335,0.570517063140869,0.626958310604095,0.612195014953613,0.526463508605957,0.566178739070892,0.674641907215118,0.650302708148956,0.519572257995605,0.485136032104492,0.512871026992798,0.59873753786087,0.613582491874695,0.529230356216431,0.301619321107864,0,0.275708556175232,0.279629796743393,0.427060425281525,0.342101722955704,0.00895502977073193,0.301680564880371,0.461945742368698,0.576619267463684,0.621869504451752,0.672214865684509,0.774575412273407,0.715358734130859,0.737690925598145,0.833189249038696,0.907113671302795,0.942445695400238,0.911647796630859,0.662478506565094,0.442558407783508,0.596515357494354,0.741858959197998,0.556916177272797,0.576526820659637,0.66707706451416,0.591044187545776,0.727063357830048,0.892744302749634,0.839347422122955,0.542924284934998,0.70874959230423,0.95265144109726,0.766430199146271,0.619587182998657,0.270116329193115,0,0,0.286135464906693,0.542217493057251,0.61649352312088,0.92384397983551,0.627992331981659,0,0,0.435408443212509,0.577444851398468,0.693324565887451,0.808560788631439,0.837678670883179,0.881915390491486,0.918732106685638,0.827817142009735,0.820431470870972,0.875846982002258,0.706924676895142,0.258550584316254,0,0.457229822874069,0,0,0,0,0,0,0,0.464335173368454,0.502285301685333,0.527123749256134,0.606191217899323,0.625594556331635,0.225884452462196,0,0,0,0,0.346230626106262,0,0,0,0,0,0,0,0,0,0,0,0,0,0,0,0,0,0,0,0,0.311888128519058,0.204648956656456,0,0,0,0,0,0,0,0,0,0,0,0,0,0,0,0,0,0,0,0,0,0,0,0,0,0,0,0,0,0,0,0,0,0,0,0,0,0,0,0,0,0,0,203
Freiburg im Breisgau,0,0,0,0,0,0,0,0,0,0,0,0,0,0,0,0,0,0,0,0,0,0,0,0,0,0,0,0,0,0,0,0,0,0,0,0,0,0,0,0,0,0,0,0,0,0,0,0,0,0,0,0,0,0,0,0,0,0,0,0,0,0,0,0,0,0,0,0,0,0,0,0,0,0,0,0,0,0,0,0,0,0,0,0,0,0,0,0,0,0,0,0,0,0,0,0,0,0,0,0,0,0,0,0,0,0,0,0,0,0,0,0,0,0,0,0,0,0,0,0,0,0,0,0,0,0,0,0,0,0,0,0,0,0,0,0,0,0,0,0,0,0,0,0,0,0,0,0,0,0,0,0,0,0,0,0,0,0,0,0,0,0,0,0,0,0,0,0,0,0,0,0,0,0,0,0,0,0,0,0,0,0,0,0,0,0.0977244004607201,0.142976343631744,0.181151658296585,0.175718903541565,0.215411797165871,0.242934033274651,0,0,0,0,0,0,0,0.203300386667252,0.261323213577271,0.266215831041336,0.188981890678406,0.295015752315521,0.384674698114395,0.434117555618286,0.299849301576614,0.309761166572571,0.219660237431526,0.369165986776352,0.492934226989746,0.571978092193604,0.628244757652283,0.61348420381546,0.528648197650909,0.568274617195129,0.67688262462616,0.652016639709473,0.521471261978149,0.488066524267197,0.516021013259888,0.601249516010284,0.614779651165009,0.533358216285706,0.30538809299469,0,0.285451024770737,0.289510756731033,0.442151010036469,0.346667677164078,0,0.30179899930954,0.464895993471146,0.579249262809753,0.624940812587738,0.675119161605835,0.777565717697144,0.719099581241608,0.740572273731232,0.836786925792694,0.911034524440765,0.94623214006424,0.915068447589874,0.664279282093048,0.443347901105881,0.600277125835419,0.744519770145416,0.559978187084198,0.579320311546326,0.671615064144135,0.596258819103241,0.7324378490448,0.898833632469177,0.843892514705658,0.545391082763672,0.712724387645721,0.957322180271149,0.770525336265564,0.619626522064209,0.279661148786545,0,0,0.296246320009232,0.546226501464844,0.620667397975922,0.927132487297058,0.630447268486023,0,0,0.440974205732346,0.582208275794983,0.696429848670959,0.813066840171814,0.842514216899872,0.886922299861908,0.923978447914124,0.833855748176575,0.824933588504791,0.880987226963043,0.711165249347687,0.267686724662781,0,0.461388409137726,0,0,0,0,0,0,0,0.46660128235817,0.506011307239532,0.531299293041229,0.611465811729431,0.630062878131866,0.233866319060326,0,0,0,0,0.358465015888214,0,0,0,0,0,0,0,0,0,0,0,0,0,0,0,0,0,0,0,0,0.315411388874054,0.211880430579185,0,0,0,0,0,0,0,0,0,0,0,0,0,0,0,0,0,0,0,0,0,0,0,0,0,0,0,0,0,0,0,0,0,0,0,0,0,0,0,0,0,0,0,204
Breisgau-Hochschwarzwald,0,0,0,0,0,0,0,0,0,0,0,0,0,0,0,0,0,0,0,0,0,0,0,0,0,0,0,0,0,0,0,0,0,0,0,0,0,0,0,0,0,0,0,0,0,0,0,0,0,0,0,0,0,0,0,0,0,0,0,0,0,0,0,0,0,0,0,0,0,0,0,0,0,0,0,0,0,0,0,0,0,0,0,0,0,0,0,0,0,0,0,0,0,0,0,0,0,0,0,0,0,0,0,0,0,0,0,0,0,0,0,0,0,0,0,0,0,0,0,0,0,0,0,0,0,0,0,0,0,0,0,0,0,0,0,0,0,0,0,0,0,0,0,0,0,0,0,0,0,0,0,0,0,0,0,0,0,0,0,0,0,0,0,0,0,0,0,0,0,0,0,0,0,0,0,0,0,0,0,0,0,0,0,0,0,0.0977244004607201,0.142976343631744,0.181151658296585,0.175718918442726,0.215411797165871,0.242934033274651,0,0,0,0,0,0,0,0.203300386667252,0.261323213577271,0.266215860843658,0.188981875777245,0.295015752315521,0.384674698114395,0.434117555618286,0.299849331378937,0.309761166572571,0.219660237431526,0.36916595697403,0.492934256792068,0.571978032588959,0.628244757652283,0.613484263420105,0.528648197650909,0.568274617195129,0.67688262462616,0.652016580104828,0.521471261978149,0.488066524267197,0.516021013259888,0.601249516010284,0.614779651165009,0.533358216285706,0.305388122797012,0,0.285450994968414,0.289510756731033,0.442150980234146,0.346667677164078,0,0.301798969507217,0.464896023273468,0.579249203205109,0.624940812587738,0.675119161605835,0.777565658092499,0.719099581241608,0.740572273731232,0.836786925792694,0.91103458404541,0.94623214006424,0.915068507194519,0.664279282093048,0.443347930908203,0.600277125835419,0.744519770145416,0.559978187084198,0.579320311546326,0.67161500453949,0.596258819103241,0.732437908649445,0.898833632469177,0.843892514705658,0.545391082763672,0.712724387645721,0.957322180271149,0.770525336265564,0.619626462459564,0.279661148786545,0,0,0.296246349811554,0.546226561069489,0.620667338371277,0.927132487297058,0.630447268486023,0,0,0.440974235534668,0.582208275794983,0.696429908275604,0.813066840171814,0.842514216899872,0.886922240257263,0.923978388309479,0.833855748176575,0.824933588504791,0.880987286567688,0.711165308952332,0.267686724662781,0,0.461388409137726,0,0,0,0,0,0,0,0.466601312160492,0.506011307239532,0.531299233436584,0.611465811729431,0.630062878131866,0.233866304159164,0,0,0,0,0.358465045690536,0,0,0,0,0,0,0,0,0,0,0,0,0,0,0,0,0,0,0,0,0.315411388874054,0.211880430579185,0,0,0,0,0,0,0,0,0,0,0,0,0,0,0,0,0,0,0,0,0,0,0,0,0,0,0,0,0,0,0,0,0,0,0,0,0,0,0,0,0,0,0,205
Emmendingen,0,0,0,0,0,0,0,0,0,0,0,0,0,0,0,0,0,0,0,0,0,0,0,0,0,0,0,0,0,0,0,0,0,0,0,0,0,0,0,0,0,0,0,0,0,0,0,0,0,0,0,0,0,0,0,0,0,0,0,0,0,0,0,0,0,0,0,0,0,0,0,0,0,0,0,0,0,0,0,0,0,0,0,0,0,0,0,0,0,0,0,0,0,0,0,0,0,0,0,0,0,0,0,0,0,0,0,0,0,0,0,0,0,0,0,0,0,0,0,0,0,0,0,0,0,0,0,0,0,0,0,0,0,0,0,0,0,0,0,0,0,0,0,0,0,0,0,0,0,0,0,0,0,0,0,0,0,0,0,0,0,0,0,0,0,0,0,0,0,0,0,0,0,0,0,0,0,0,0,0,0,0,0,0,0,0.0977244004607201,0.142976343631744,0.181151673197746,0.175718903541565,0.215411812067032,0.242934048175812,0,0,0,0,0,0,0,0.203300386667252,0.261323213577271,0.266215860843658,0.188981875777245,0.295015752315521,0.384674698114395,0.434117585420609,0.299849301576614,0.309761136770248,0.219660237431526,0.36916595697403,0.492934226989746,0.571978092193604,0.628244757652283,0.613484263420105,0.528648197650909,0.568274617195129,0.67688262462616,0.652016580104828,0.521471261978149,0.488066524267197,0.516021013259888,0.601249516010284,0.614779651165009,0.533358216285706,0.305388122797012,0,0.285450994968414,0.289510786533356,0.442150980234146,0.3466677069664,0,0.30179899930954,0.464896023273468,0.579249203205109,0.624940752983093,0.675119161605835,0.777565717697144,0.719099581241608,0.740572273731232,0.836786925792694,0.911034524440765,0.94623214006424,0.915068447589874,0.664279282093048,0.443347930908203,0.600277125835419,0.744519770145416,0.559978127479553,0.579320311546326,0.671615064144135,0.596258878707886,0.732437908649445,0.898833632469177,0.843892455101013,0.545391082763672,0.712724387645721,0.957322180271149,0.770525336265564,0.619626462459564,0.279661148786545,0,0,0.296246320009232,0.546226561069489,0.620667397975922,0.927132487297058,0.630447208881378,0,0,0.440974205732346,0.582208275794983,0.696429848670959,0.813066840171814,0.842514276504517,0.886922359466553,0.923978388309479,0.833855748176575,0.824933588504791,0.880987226963043,0.711165249347687,0.267686724662781,0,0.461388409137726,0,0,0,0,0,0,0,0.466601312160492,0.506011366844177,0.531299233436584,0.611465811729431,0.630062878131866,0.233866304159164,0,0,0,0,0.358465015888214,0,0,0,0,0,0,0,0,0,0,0,0,0,0,0,0,0,0,0,0,0.315411388874054,0.211880430579185,0,0,0,0,0,0,0,0,0,0,0,0,0,0,0,0,0,0,0,0,0,0,0,0,0,0,0,0,0,0,0,0,0,0,0,0,0,0,0,0,0,0,0,206
Ortenaukreis,0,0,0,0,0,0,0,0,0,0,0,0,0,0,0,0,0,0,0,0,0,0,0,0,0,0,0,0,0,0,0,0,0,0,0,0,0,0,0,0,0,0,0,0,0,0,0,0,0,0,0,0,0,0,0,0,0,0,0,0,0,0,0,0,0,0,0,0,0,0,0,0,0,0,0,0,0,0,0,0,0,0,0,0,0,0,0,0,0,0,0,0,0,0,0,0,0,0,0,0,0,0,0,0,0,0,0,0,0,0,0,0,0,0,0,0,0,0,0,0,0,0,0,0,0,0,0,0,0,0,0,0,0,0,0,0,0,0,0,0,0,0,0,0,0,0,0,0,0,0,0,0,0,0,0,0,0,0,0,0,0,0,0,0,0,0,0,0,0,0,0,0,0,0,0,0,0,0,0,0,0,0,0,0,0,0.0977244004607201,0.142976343631744,0.181151673197746,0.175718903541565,0.215411797165871,0.242934033274651,0,0,0,0,0,0,0,0.203300386667252,0.261323213577271,0.266215860843658,0.188981890678406,0.295015752315521,0.384674698114395,0.434117585420609,0.299849331378937,0.309761166572571,0.219660222530365,0.36916595697403,0.492934226989746,0.571978092193604,0.628244817256927,0.613484263420105,0.528648197650909,0.568274617195129,0.67688262462616,0.652016580104828,0.521471261978149,0.488066494464874,0.516020953655243,0.601249516010284,0.614779651165009,0.533358216285706,0.30538809299469,0,0.285451024770737,0.289510756731033,0.442151010036469,0.346667677164078,0,0.30179899930954,0.464895993471146,0.579249203205109,0.624940812587738,0.67511922121048,0.777565658092499,0.719099521636963,0.740572273731232,0.836786925792694,0.911034524440765,0.946232199668884,0.915068507194519,0.664279282093048,0.443347901105881,0.600277125835419,0.744519710540771,0.559978127479553,0.579320311546326,0.67161500453949,0.596258878707886,0.7324378490448,0.898833632469177,0.843892455101013,0.545391082763672,0.712724447250366,0.957322180271149,0.770525336265564,0.619626462459564,0.279661148786545,0,0,0.296246320009232,0.546226561069489,0.620667338371277,0.927132487297058,0.630447208881378,0,0,0.440974235534668,0.582208275794983,0.696429848670959,0.813066780567169,0.842514276504517,0.886922299861908,0.923978447914124,0.83385568857193,0.824933648109436,0.880987167358398,0.711165308952332,0.267686724662781,0,0.461388409137726,0,0,0,0,0,0,0,0.46660128235817,0.506011307239532,0.531299293041229,0.611465811729431,0.630062878131866,0.233866304159164,0,0,0,0,0.358465015888214,0,0,0,0,0,0,0,0,0,0,0,0,0,0,0,0,0,0,0,0,0.315411388874054,0.211880445480347,0,0,0,0,0,0,0,0,0,0,0,0,0,0,0,0,0,0,0,0,0,0,0,0,0,0,0,0,0,0,0,0,0,0,0,0,0,0,0,0,0,0,0,207
Rottweil,0,0,0,0,0,0,0,0,0,0,0,0,0,0,0,0,0,0,0,0,0,0,0,0,0,0,0,0,0,0,0,0,0,0,0,0,0,0,0,0,0,0,0,0,0,0,0,0,0,0,0,0,0,0,0,0,0,0,0,0,0,0,0,0,0,0,0,0,0,0,0,0,0,0,0,0,0,0,0,0,0,0,0,0,0,0,0,0,0,0,0,0,0,0,0,0,0,0,0,0,0,0,0,0,0,0,0,0,0,0,0,0,0,0,0,0,0,0,0,0,0,0,0,0,0,0,0,0,0,0,0,0,0,0,0,0,0,0,0,0,0,0,0,0,0,0,0,0,0,0,0,0,0,0,0,0,0,0,0,0,0,0,0,0,0,0,0,0,0,0,0,0,0,0,0,0,0,0,0,0,0,0,0,0,0,0.0977216511964798,0.142973065376282,0.181147947907448,0.175716146826744,0.215408474206924,0.242931500077248,0,1.89408983715111e-05,1.25945180116105e-05,0,0,0,0,0.20329949259758,0.261328786611557,0.266219198703766,0.188971355557442,0.295009195804596,0.384669005870819,0.434111535549164,0.29984512925148,0.309756249189377,0.219664707779884,0.36916196346283,0.492927819490433,0.57197093963623,0.628238499164581,0.613477945327759,0.52863746881485,0.568264305591583,0.676871657371521,0.652008235454559,0.521461963653564,0.488052189350128,0.516005575656891,0.601237237453461,0.614773809909821,0.533338010311127,0.305369645357132,0,0.285403311252594,0.289462387561798,0.442077100276947,0.346645325422287,4.38635106547736e-05,0.301798403263092,0.46488156914711,0.579236328601837,0.624925792217255,0.675104975700378,0.777551054954529,0.719081282615662,0.740558207035065,0.836769282817841,0.911015331745148,0.946213662624359,0.915051758289337,0.664270460605621,0.443344086408615,0.600258708000183,0.744506776332855,0.559963166713715,0.579306602478027,0.671592772006989,0.596233367919922,0.732411563396454,0.89880383014679,0.843870222568512,0.545379042625427,0.712704956531525,0.957299292087555,0.770505249500275,0.619626343250275,0.279614418745041,0,0,0.296196818351746,0.546206951141357,0.620646953582764,0.927116453647614,0.630435228347778,0,0,0.440946966409683,0.582184970378876,0.696414709091187,0.813044786453247,0.842490613460541,0.886897802352905,0.92395281791687,0.833826184272766,0.824911653995514,0.880962073802948,0.711144506931305,0.267641991376877,0,0.461368054151535,0,0,0,0,0,0,0,0.466590225696564,0.505993068218231,0.531278848648071,0.611440002918243,0.630041003227234,0.233827233314514,0,0,0,0,0.358405113220215,0,0,0,0,0,0,0,0,0,0,0,0,0,0,0,0,0,0,0,0,0.315394163131714,0.211845025420189,0,0,0,0,0,0,0,0,0,0,0,0,0,0,0,0,0,0,0,0,0,0,0,0,0,0,0,0,0,0,0,0,0,0,0,0,0,0,0,0,0,0,0,208
Schwarzwald-Baar-Kreis,0,0,0,0,0,0,0,0,0,0,0,0,0,0,0,0,0,0,0,0,0,0,0,0,0,0,0,0,0,0,0,0,0,0,0,0,0,0,0,0,0,0,0,0,0,0,0,0,0,0,0,0,0,0,0,0,0,0,0,0,0,0,0,0,0,0,0,0,0,0,0,0,0,0,0,0,0,0,0,0,0,0,0,0,0,0,0,0,0,0,0,0,0,0,0,0,0,0,0,0,0,0,0,0,0,0,0,0,0,0,0,0,0,0,0,0,0,0,0,0,0,0,0,0,0,0,0,0,0,0,0,0,0,0,0,0,0,0,0,0,0,0,0,0,0,0,0,0,0,0,0,0,0,0,0,0,0,0,0,0,0,0,0,0,0,0,0,0,0,0,0,0,0,0,0,0,0,0,0,0,0,0,0,0,0,0.0977243930101395,0.142976343631744,0.181151673197746,0.175718903541565,0.215411797165871,0.242934033274651,0,0,0,0,0,0,0,0.203300386667252,0.261323213577271,0.266215860843658,0.188981890678406,0.295015752315521,0.384674698114395,0.434117585420609,0.299849301576614,0.309761166572571,0.219660222530365,0.36916595697403,0.492934226989746,0.571978092193604,0.628244757652283,0.613484263420105,0.528648197650909,0.568274617195129,0.67688262462616,0.652016639709473,0.521471261978149,0.488066524267197,0.516020953655243,0.601249516010284,0.614779651165009,0.533358216285706,0.305388122797012,0,0.285450994968414,0.289510786533356,0.442151010036469,0.3466677069664,0,0.30179899930954,0.464895993471146,0.579249203205109,0.624940812587738,0.67511922121048,0.777565658092499,0.719099581241608,0.740572273731232,0.836786925792694,0.911034524440765,0.946232199668884,0.915068507194519,0.664279282093048,0.443347930908203,0.600277125835419,0.744519770145416,0.559978127479553,0.579320311546326,0.67161500453949,0.596258819103241,0.7324378490448,0.898833572864532,0.843892514705658,0.545391082763672,0.712724387645721,0.957322180271149,0.770525336265564,0.619626462459564,0.279661148786545,0,0,0.296246349811554,0.546226561069489,0.620667397975922,0.927132546901703,0.630447268486023,0,0,0.440974205732346,0.582208335399628,0.696429848670959,0.813066840171814,0.842514216899872,0.886922240257263,0.923978447914124,0.833855748176575,0.824933648109436,0.880987226963043,0.711165308952332,0.267686724662781,0,0.461388409137726,0,0,0,0,0,0,0,0.46660128235817,0.506011307239532,0.531299293041229,0.611465752124786,0.630062878131866,0.233866304159164,0,0,0,0,0.358465045690536,0,0,0,0,0,0,0,0,0,0,0,0,0,0,0,0,0,0,0,0,0.315411418676376,0.211880430579185,0,0,0,0,0,0,0,0,0,0,0,0,0,0,0,0,0,0,0,0,0,0,0,0,0,0,0,0,0,0,0,0,0,0,0,0,0,0,0,0,0,0,0,209
Tuttlingen,0,0,0,0,0,0,0,0,0,0,0,0,0,0,0,0,0,0,0,0,0,0,0,0,0,0,0,0,0,0,0,0,0,0,0,0,0,0,0,0,0,0,0,0,0,0,0,0,0,0,0,0,0,0,0,0,0,0,0,0,0,0,0,0,0,0,0,0,0,0,0,0,0,0,0,0,0,0,0,0,0,0,0,0,0,0,0,0,0,0,0,0,0,0,0,0,0,0,0,0,0,0,0,0,0,0,0,0,0,0,0,0,0,0,0,0,0,0,0,0,0,0,0,0,0,0,0,0,0,0,0,0,0,0,0,0,0,0,0,0,0,0,0,0,0,0,0,0,0,0,0,0,0,0,0,0,0,0,0,0,0,0,0,0,0,0,0,0,0,0,0,0,0,0,0,0,0,0,0,0,0,0,0,0,0,0.087441585958004,0.130688354372978,0.167197033762932,0.16538280248642,0.202934697270393,0.233437493443489,0,0.0708931460976601,0.0471395291388035,0,0,0,0,0.19988925755024,0.282225847244263,0.2786725461483,0.149546355009079,0.270386844873428,0.363324016332626,0.411443263292313,0.284137040376663,0.291367411613464,0.236397624015808,0.354130238294601,0.468795150518417,0.545193016529083,0.604660093784332,0.589848816394806,0.488595992326736,0.529851496219635,0.63580322265625,0.620595455169678,0.486657619476318,0.434341788291931,0.458272337913513,0.555197179317474,0.592832744121552,0.457681238651276,0.236294195055962,0,0.10684060305357,0.10836011916399,0.165491387248039,0.262958854436874,0.164175033569336,0.299628287553787,0.410808265209198,0.531034052371979,0.568634331226349,0.621874511241913,0.722745418548584,0.65051794052124,0.687748789787292,0.770831167697906,0.839153289794922,0.87681519985199,0.852356791496277,0.631264865398407,0.428873777389526,0.531311810016632,0.695739269256592,0.503841996192932,0.528107225894928,0.588419675827026,0.500657200813293,0.633905947208405,0.787196397781372,0.760567545890808,0.500166237354279,0.63985288143158,0.871692299842834,0.69544780254364,0.618905663490295,0.104673534631729,0,0,0.110881149768829,0.472727566957474,0.544147193431854,0.866844832897186,0.58544135093689,0,0,0.338935613632202,0.494879245758057,0.639499843120575,0.730456352233887,0.753862202167511,0.795130252838135,0.827796638011932,0.723149061203003,0.742396175861359,0.786749422550201,0.633422493934631,0.100191667675972,0,0.385148167610168,0,0,0,0,0,0,0,0.425056725740433,0.437701106071472,0.454748809337616,0.514766454696655,0.548145115375519,0.0875331237912178,0,0,0,0,0.134168803691864,0,0,0,0,0,0,0,0,0,0,0,0,0,0,0,0,0,0,0,0,0.25081866979599,0.0793040916323662,0,0,0,0,0,0,0,0,0,0,0,0,0,0,0,0,0,0,0,0,0,0,0,0,0,0,0,0,0,0,0,0,0,0,0,0,0,0,0,0,0,0,0,210
Konstanz,0,0,0,0,0,0,0,0,0,0,0,0,0,0,0,0,0,0,0,0,0,0,0,0,0,0,0,0,0,0,0,0,0,0,0,0,0,0,0,0,0,0,0,0,0,0,0,0,0,0,0,0,0,0,0,0,0,0,0,0,0,0,0,0,0,0,0,0,0,0,0,0,0,0,0,0,0,0,0,0,0,0,0,0,0,0,0,0,0,0,0,0,0,0,0,0,0,0,0,0,0,0,0,0,0,0,0,0,0,0,0,0,0,0,0,0,0,0,0,0,0,0,0,0,0,0,0,0,0,0,0,0,0,0,0,0,0,0,0,0,0,0,0,0,0,0,0,0,0,0,0,0,0,0,0,0,0,0,0,0,0,0,0,0,0,0,0,0,0,0,0,0,0,0,0,0,0,0,0,0,0,0,0,0,0,0.0837305709719658,0.126253694295883,0.162160873413086,0.16165255010128,0.198431760072708,0.230010241270065,0,0.0964781418442726,0.0641519576311111,0,0,0,0,0.198658213019371,0.289769500494003,0.283168107271194,0.135314255952835,0.261498391628265,0.355618685483932,0.403260260820389,0.278466582298279,0.284729212522507,0.242438077926636,0.348703920841217,0.460083514451981,0.5355264544487,0.596148550510406,0.581318914890289,0.474141389131546,0.515984773635864,0.620977938175201,0.609255731105804,0.474093586206436,0.41495281457901,0.437431126832962,0.538577139377594,0.584912180900574,0.430369794368744,0.211358562111855,0,0.0423809885978699,0.042983740568161,0.0656462758779526,0.232748731970787,0.223424986004829,0.298844873905182,0.391288250684738,0.51363343000412,0.548313677310944,0.602658808231354,0.702961087226868,0.625767230987549,0.668685078620911,0.747028052806854,0.813211798667908,0.85176295042038,0.829724490642548,0.61935019493103,0.423650175333023,0.506422579288483,0.678134679794312,0.483582764863968,0.509624660015106,0.558394968509674,0.466155052185059,0.598346292972565,0.746907114982605,0.730496048927307,0.483844816684723,0.613553881645203,0.840788960456848,0.668352723121643,0.618645548820496,0.0415213629603386,0,0,0.043983768671751,0.44620218873024,0.516531407833099,0.845087349414825,0.569199025630951,0,0,0.302110433578491,0.463362634181976,0.618954062461853,0.700642645359039,0.72186803817749,0.762002944946289,0.793085098266602,0.6831955909729,0.712608814239502,0.752739548683167,0.605365514755249,0.0397435203194618,0,0.357633411884308,0,0,0,0,0,0,0,0.410063505172729,0.413048326969147,0.42712214589119,0.479868173599243,0.518581330776215,0.0347221903502941,0,0,0,0,0.0532213971018791,0,0,0,0,0,0,0,0,0,0,0,0,0,0,0,0,0,0,0,0,0.22750748693943,0.0314579419791698,0,0,0,0,0,0,0,0,0,0,0,0,0,0,0,0,0,0,0,0,0,0,0,0,0,0,0,0,0,0,0,0,0,0,0,0,0,0,0,0,0,0,0,211
Lörrach,0,0,0,0,0,0,0,0,0,0,0,0,0,0,0,0,0,0,0,0,0,0,0,0,0,0,0,0,0,0,0,0,0,0,0,0,0,0,0,0,0,0,0,0,0,0,0,0,0,0,0,0,0,0,0,0,0,0,0,0,0,0,0,0,0,0,0,0,0,0,0,0,0,0,0,0,0,0,0,0,0,0,0,0,0,0,0,0,0,0,0,0,0,0,0,0,0,0,0,0,0,0,0,0,0,0,0,0,0,0,0,0,0,0,0,0,0,0,0,0,0,0,0,0,0,0,0,0,0,0,0,0,0,0,0,0,0,0,0,0,0,0,0,0,0,0,0,0,0,0,0,0,0,0,0,0,0,0,0,0,0,0,0,0,0,0,0,0,0,0,0,0,0,0,0,0,0,0,0,0,0,0,0,0,0,0.0977244004607201,0.142976343631744,0.181151658296585,0.175718903541565,0.215411812067032,0.242934033274651,0,0,0,0,0,0,0,0.203300386667252,0.261323213577271,0.266215860843658,0.188981875777245,0.295015752315521,0.384674698114395,0.434117585420609,0.299849301576614,0.309761166572571,0.219660237431526,0.369165986776352,0.492934256792068,0.571978092193604,0.628244757652283,0.61348420381546,0.528648197650909,0.568274617195129,0.67688262462616,0.652016639709473,0.521471202373505,0.488066524267197,0.516020953655243,0.601249516010284,0.614779651165009,0.533358216285706,0.305388122797012,0,0.285450994968414,0.289510786533356,0.442151010036469,0.346667677164078,0,0.30179899930954,0.464896023273468,0.579249203205109,0.624940752983093,0.67511922121048,0.777565717697144,0.719099581241608,0.740572214126587,0.836786925792694,0.91103458404541,0.946232199668884,0.915068507194519,0.664279282093048,0.443347901105881,0.600277125835419,0.744519770145416,0.559978187084198,0.579320311546326,0.671615064144135,0.596258819103241,0.7324378490448,0.898833572864532,0.843892514705658,0.545391082763672,0.712724447250366,0.957322180271149,0.770525336265564,0.619626462459564,0.279661148786545,0,0,0.296246349811554,0.546226501464844,0.620667397975922,0.927132487297058,0.630447208881378,0,0,0.440974235534668,0.582208275794983,0.696429908275604,0.813066780567169,0.842514276504517,0.886922299861908,0.923978507518768,0.83385568857193,0.824933588504791,0.880987226963043,0.711165249347687,0.267686724662781,0,0.461388438940048,0,0,0,0,0,0,0,0.466601312160492,0.506011307239532,0.531299293041229,0.611465811729431,0.630062878131866,0.233866304159164,0,0,0,0,0.358465015888214,0,0,0,0,0,0,0,0,0,0,0,0,0,0,0,0,0,0,0,0,0.315411418676376,0.211880430579185,0,0,0,0,0,0,0,0,0,0,0,0,0,0,0,0,0,0,0,0,0,0,0,0,0,0,0,0,0,0,0,0,0,0,0,0,0,0,0,0,0,0,0,212
Waldshut,0,0,0,0,0,0,0,0,0,0,0,0,0,0,0,0,0,0,0,0,0,0,0,0,0,0,0,0,0,0,0,0,0,0,0,0,0,0,0,0,0,0,0,0,0,0,0,0,0,0,0,0,0,0,0,0,0,0,0,0,0,0,0,0,0,0,0,0,0,0,0,0,0,0,0,0,0,0,0,0,0,0,0,0,0,0,0,0,0,0,0,0,0,0,0,0,0,0,0,0,0,0,0,0,0,0,0,0,0,0,0,0,0,0,0,0,0,0,0,0,0,0,0,0,0,0,0,0,0,0,0,0,0,0,0,0,0,0,0,0,0,0,0,0,0,0,0,0,0,0,0,0,0,0,0,0,0,0,0,0,0,0,0,0,0,0,0,0,0,0,0,0,0,0,0,0,0,0,0,0,0,0,0,0,0,0.0977243930101395,0.142976358532906,0.181151673197746,0.175718903541565,0.215411797165871,0.242934033274651,0,0,0,0,0,0,0,0.203300386667252,0.261323213577271,0.266215831041336,0.188981875777245,0.295015752315521,0.384674698114395,0.434117555618286,0.299849301576614,0.309761166572571,0.219660237431526,0.36916595697403,0.492934226989746,0.571978032588959,0.628244757652283,0.613484263420105,0.528648138046265,0.568274557590485,0.67688262462616,0.652016580104828,0.521471261978149,0.488066494464874,0.516021013259888,0.601249516010284,0.614779591560364,0.533358216285706,0.305388122797012,0,0.285450994968414,0.289510756731033,0.442151010036469,0.3466677069664,0,0.301798969507217,0.464895993471146,0.579249203205109,0.624940752983093,0.67511922121048,0.777565658092499,0.719099581241608,0.740572273731232,0.836786925792694,0.911034524440765,0.946232199668884,0.915068507194519,0.664279282093048,0.443347930908203,0.600277125835419,0.744519770145416,0.559978187084198,0.579320311546326,0.671615064144135,0.596258819103241,0.7324378490448,0.898833632469177,0.843892514705658,0.545391082763672,0.712724387645721,0.957322180271149,0.770525336265564,0.619626522064209,0.279661148786545,0,0,0.296246320009232,0.546226501464844,0.620667338371277,0.927132546901703,0.630447208881378,0,0,0.440974205732346,0.582208275794983,0.696429908275604,0.813066840171814,0.842514276504517,0.886922299861908,0.923978447914124,0.833855748176575,0.824933648109436,0.880987226963043,0.711165308952332,0.267686724662781,0,0.461388409137726,0,0,0,0,0,0,0,0.46660128235817,0.506011307239532,0.531299233436584,0.611465811729431,0.630062878131866,0.233866319060326,0,0,0,0,0.358465015888214,0,0,0,0,0,0,0,0,0,0,0,0,0,0,0,0,0,0,0,0,0.315411388874054,0.211880430579185,0,0,0,0,0,0,0,0,0,0,0,0,0,0,0,0,0,0,0,0,0,0,0,0,0,0,0,0,0,0,0,0,0,0,0,0,0,0,0,0,0,0,0,213
Reutlingen,0,0,0,0,0,0,0,0,0,0,0,0,0,0,0,0,0,0,0,0,0,0,0,0,0,0,0,0,0,0,0,0,0,0,0,0,0,0,0,0,0,0,0,0,0,0,0,0,0,0,0,0,0,0,0,0,0,0,0,0,0,0,0,0,0,0,0,0,0,0,0,0,0,0,0,0,0,0,0,0,0,0,0,0,0,0,0,0,0,0,0,0,0,0,0,0,0,0,0,0,0,0,0,0,0,0,0,0,0,0,0,0,0,0,0,0,0,0,0,0,0,0,0,0,0,0,0,0,0,0,0,0,0,0,0,0,0,0,0,0,0,0,0,0,0,0,0,0,0,0,0,0,0,0,0,0,0,0,0,0,0,0,0,0,0,0,0,0,0,0,0,0,0,0,0,0,0,0,0,0,0,0,0,0,0,0.0812906473875046,0.123337969183922,0.158849686384201,0.159199967980385,0.195471167564392,0.227756887674332,0,0.113299794495106,0.0753373056650162,0,0,0,0,0.197848811745644,0.294729292392731,0.286123871803284,0.125956922769547,0.255654394626617,0.350552529096603,0.397880047559738,0.274738341569901,0.280364722013474,0.246409550309181,0.345136195421219,0.454355746507645,0.5291708111763,0.59055233001709,0.575710654258728,0.464637696743011,0.506867647171021,0.611230492591858,0.601800084114075,0.46583291888237,0.402204900979996,0.423728466033936,0.527649760246277,0.579704523086548,0.412413030862808,0.194963827729225,0,0,0,0,0.212886154651642,0.262380719184875,0.298329830169678,0.378454208374023,0.502192795276642,0.53495317697525,0.590024888515472,0.68995326757431,0.609494030475616,0.656150996685028,0.731377899646759,0.796155691146851,0.835291564464569,0.814844071865082,0.611516416072845,0.420215725898743,0.490058332681656,0.666559934616089,0.47026264667511,0.497472733259201,0.538654208183289,0.443470567464828,0.574966430664063,0.720417618751526,0.710724472999573,0.473113775253296,0.596262753009796,0.8204705119133,0.650538146495819,0.61847448348999,0,0,0,0,0.428762197494507,0.498374551534653,0.830782175064087,0.558519959449768,0,0,0.277898490428925,0.442641019821167,0.605445563793182,0.681040644645691,0.700832545757294,0.7402223944664,0.770262897014618,0.656926929950714,0.693024218082428,0.7303786277771,0.586918532848358,0,0,0.339542984962463,0,0,0,0,0,0,0,0.400205731391907,0.396839559078217,0.408958077430725,0.456923127174377,0.499143749475479,0,0,0,0,0,0,0,0,0,0,0,0,0,0,0,0,0,0,0,0,0,0,0,0,0,0,0.21218079328537,0,0,0,0,0,0,0,0,0,0,0,0,0,0,0,0,0,0,0,0,0,0,0,0,0,0,0,0,0,0,0,0,0,0,0,0,0,0,0,0,0,0,0,0,214
Tübingen,0,0,0,0,0,0,0,0,0,0,0,0,0,0,0,0,0,0,0,0,0,0,0,0,0,0,0,0,0,0,0,0,0,0,0,0,0,0,0,0,0,0,0,0,0,0,0,0,0,0,0,0,0,0,0,0,0,0,0,0,0,0,0,0,0,0,0,0,0,0,0,0,0,0,0,0,0,0,0,0,0,0,0,0,0,0,0,0,0,0,0,0,0,0,0,0,0,0,0,0,0,0,0,0,0,0,0,0,0,0,0,0,0,0,0,0,0,0,0,0,0,0,0,0,0,0,0,0,0,0,0,0,0,0,0,0,0,0,0,0,0,0,0,0,0,0,0,0,0,0,0,0,0,0,0,0,0,0,0,0,0,0,0,0,0,0,0,0,0,0,0,0,0,0,0,0,0,0,0,0,0,0,0,0,0,0.0812906473875046,0.123337961733341,0.158849686384201,0.159199967980385,0.195471167564392,0.227756887674332,0,0.113299794495106,0.0753373056650162,0,0,0,0,0.197848811745644,0.294729322195053,0.286123871803284,0.125956922769547,0.255654394626617,0.350552529096603,0.397880047559738,0.274738341569901,0.280364692211151,0.246409550309181,0.345136225223541,0.454355746507645,0.5291708111763,0.59055233001709,0.575710654258728,0.464637726545334,0.506867647171021,0.611230492591858,0.601800084114075,0.46583291888237,0.402204871177673,0.423728466033936,0.527649760246277,0.579704523086548,0.412413001060486,0.194963842630386,0,0,0,0,0.212886154651642,0.262380719184875,0.298329800367355,0.378454208374023,0.502192795276642,0.53495317697525,0.590024828910828,0.68995326757431,0.609494090080261,0.656150937080383,0.731377959251404,0.796155631542206,0.835291564464569,0.814844071865082,0.61151647567749,0.420215725898743,0.490058332681656,0.666559934616089,0.47026264667511,0.497472733259201,0.538654208183289,0.443470567464828,0.574966430664063,0.720417618751526,0.710724472999573,0.473113775253296,0.596262753009796,0.820470452308655,0.650538206100464,0.61847448348999,0,0,0,0,0.428762227296829,0.498374551534653,0.830782175064087,0.558519899845123,0,0,0.277898520231247,0.442641019821167,0.605445563793182,0.681040644645691,0.700832545757294,0.7402223944664,0.770262837409973,0.656926870346069,0.693024158477783,0.7303786277771,0.586918532848358,0,0,0.339542984962463,0,0,0,0,0,0,0,0.400205701589584,0.396839559078217,0.408958107233047,0.456923127174377,0.499143749475479,0,0,0,0,0,0,0,0,0,0,0,0,0,0,0,0,0,0,0,0,0,0,0,0,0,0,0.21218079328537,0,0,0,0,0,0,0,0,0,0,0,0,0,0,0,0,0,0,0,0,0,0,0,0,0,0,0,0,0,0,0,0,0,0,0,0,0,0,0,0,0,0,0,0,215
Zollernalbkreis,0,0,0,0,0,0,0,0,0,0,0,0,0,0,0,0,0,0,0,0,0,0,0,0,0,0,0,0,0,0,0,0,0,0,0,0,0,0,0,0,0,0,0,0,0,0,0,0,0,0,0,0,0,0,0,0,0,0,0,0,0,0,0,0,0,0,0,0,0,0,0,0,0,0,0,0,0,0,0,0,0,0,0,0,0,0,0,0,0,0,0,0,0,0,0,0,0,0,0,0,0,0,0,0,0,0,0,0,0,0,0,0,0,0,0,0,0,0,0,0,0,0,0,0,0,0,0,0,0,0,0,0,0,0,0,0,0,0,0,0,0,0,0,0,0,0,0,0,0,0,0,0,0,0,0,0,0,0,0,0,0,0,0,0,0,0,0,0,0,0,0,0,0,0,0,0,0,0,0,0,0,0,0,0,0,0.0825736001133919,0.124871090054512,0.160590752959251,0.160489559173584,0.197027891874313,0.228941723704338,0,0.104454711079597,0.0694558694958687,0,0,0,0,0.198274403810501,0.292121380567551,0.284569680690765,0.130877152085304,0.258727252483368,0.353216350078583,0.40070903301239,0.276698678731918,0.282659620046616,0.244321271777153,0.347012162208557,0.457367479801178,0.532512664794922,0.593494832515717,0.57865959405899,0.469634860754013,0.511661529541016,0.616355776786804,0.605720341205597,0.470176488161087,0.408907920122147,0.43093353509903,0.53339546918869,0.582442760467529,0.421854943037033,0.203584417700768,0,0.0222845692187548,0.0226015076041222,0.0345178134739399,0.223330199718475,0.241897210478783,0.298600614070892,0.385202527046204,0.508208394050598,0.541978299617767,0.596667945384979,0.696792960166931,0.618050694465637,0.662741601467133,0.739606976509094,0.80512398481369,0.843952417373657,0.822668373584747,0.615635514259338,0.422021597623825,0.498662889003754,0.672646105289459,0.477266520261765,0.503862380981445,0.549034178256989,0.455398380756378,0.587259888648987,0.734346151351929,0.721120655536652,0.478756308555603,0.6053546667099,0.83115416765213,0.659905314445496,0.618564367294312,0.0218325648456812,0,0,0.0231273379176855,0.437932372093201,0.507921695709229,0.838304042816162,0.564135134220123,0,0,0.290629476308823,0.453536748886108,0.612548470497131,0.691347658634186,0.711893320083618,0.751674890518188,0.782263100147247,0.67073929309845,0.703322052955627,0.742136359214783,0.596618235111237,0.0208977498114109,0,0.349055200815201,0,0,0,0,0,0,0,0.405389100313187,0.405362337827682,0.418508976697922,0.468987971544266,0.509364306926727,0.0182574577629566,0,0,0,0,0.0279846228659153,0,0,0,0,0,0,0,0,0,0,0,0,0,0,0,0,0,0,0,0,0.220239788293839,0.0165410656481981,0,0,0,0,0,0,0,0,0,0,0,0,0,0,0,0,0,0,0,0,0,0,0,0,0,0,0,0,0,0,0,0,0,0,0,0,0,0,0,0,0,0,0,216
Ulm,0,0,0,0,0,0,0,0,0,0,0,0,0,0,0,0,0,0,0,0,0,0,0,0,0,0,0,0,0,0,0,0,0,0,0,0,0,0,0,0,0,0,0,0,0,0,0,0,0,0,0,0,0,0,0,0,0,0,0,0,0,0,0,0,0,0,0,0,0,0,0,0,0,0,0,0,0,0,0,0,0,0,0,0,0,0,0,0,0,0,0,0,0,0,0,0,0,0,0,0,0,0,0,0,0,0,0,0,0,0,0,0,0,0,0,0,0,0,0,0,0,0,0,0,0,0,0,0,0,0,0,0,0,0,0,0,0,0,0,0,0,0,0,0,0,0,0,0,0,0,0,0,0,0,0,0,0,0,0,0,0,0,0,0,0,0,0,0,0,0,0,0,0,0,0,0,0,0,0,0,0,0,0,0,0,0.0812906473875046,0.123337969183922,0.158849686384201,0.159199967980385,0.195471167564392,0.227756887674332,0,0.113299787044525,0.0753372982144356,0,0,0,0,0.197848826646805,0.294729322195053,0.286123842000961,0.125956922769547,0.255654394626617,0.350552558898926,0.397880047559738,0.274738341569901,0.280364692211151,0.24640953540802,0.345136195421219,0.454355776309967,0.5291708111763,0.59055233001709,0.575710654258728,0.464637696743011,0.506867647171021,0.611230492591858,0.601800084114075,0.46583291888237,0.402204900979996,0.423728436231613,0.527649700641632,0.579704523086548,0.412413030862808,0.194963842630386,0,0,0,0,0.212886139750481,0.262380719184875,0.298329800367355,0.378454208374023,0.502192795276642,0.53495317697525,0.590024828910828,0.68995326757431,0.609494090080261,0.656150996685028,0.731377959251404,0.796155631542206,0.835291564464569,0.814844071865082,0.611516416072845,0.420215725898743,0.490058362483978,0.666559934616089,0.47026264667511,0.497472703456879,0.538654208183289,0.443470537662506,0.574966490268707,0.720417618751526,0.710724472999573,0.473113775253296,0.596262753009796,0.8204705119133,0.650538146495819,0.61847448348999,0,0,0,0,0.428762197494507,0.498374551534653,0.830782175064087,0.558519899845123,0,0,0.277898490428925,0.442641019821167,0.605445563793182,0.681040644645691,0.700832545757294,0.7402223944664,0.770262897014618,0.656926870346069,0.693024158477783,0.7303786277771,0.586918592453003,0,0,0.339542984962463,0,0,0,0,0,0,0,0.400205731391907,0.396839559078217,0.408958077430725,0.456923127174377,0.499143749475479,0,0,0,0,0,0,0,0,0,0,0,0,0,0,0,0,0,0,0,0,0,0,0,0,0,0,0.21218079328537,0,0,0,0,0,0,0,0,0,0,0,0,0,0,0,0,0,0,0,0,0,0,0,0,0,0,0,0,0,0,0,0,0,0,0,0,0,0,0,0,0,0,0,0,217
Alb-Donau-Kreis,0,0,0,0,0,0,0,0,0,0,0,0,0,0,0,0,0,0,0,0,0,0,0,0,0,0,0,0,0,0,0,0,0,0,0,0,0,0,0,0,0,0,0,0,0,0,0,0,0,0,0,0,0,0,0,0,0,0,0,0,0,0,0,0,0,0,0,0,0,0,0,0,0,0,0,0,0,0,0,0,0,0,0,0,0,0,0,0,0,0,0,0,0,0,0,0,0,0,0,0,0,0,0,0,0,0,0,0,0,0,0,0,0,0,0,0,0,0,0,0,0,0,0,0,0,0,0,0,0,0,0,0,0,0,0,0,0,0,0,0,0,0,0,0,0,0,0,0,0,0,0,0,0,0,0,0,0,0,0,0,0,0,0,0,0,0,0,0,0,0,0,0,0,0,0,0,0,0,0,0,0,0,0,0,0,0.0812906473875046,0.123337969183922,0.158849686384201,0.159199967980385,0.195471182465553,0.227756902575493,0,0.113299794495106,0.0753373056650162,0,0,0,0,0.197848811745644,0.294729322195053,0.286123842000961,0.125956922769547,0.255654394626617,0.350552529096603,0.397880047559738,0.274738311767578,0.280364692211151,0.246409550309181,0.345136225223541,0.454355776309967,0.5291708111763,0.59055233001709,0.575710654258728,0.464637756347656,0.506867647171021,0.611230492591858,0.60180002450943,0.46583291888237,0.402204871177673,0.423728466033936,0.527649700641632,0.579704523086548,0.412413001060486,0.194963827729225,0,0,0,0,0.212886154651642,0.262380719184875,0.298329800367355,0.378454208374023,0.502192795276642,0.53495317697525,0.590024828910828,0.68995326757431,0.609494030475616,0.656150996685028,0.731377959251404,0.796155691146851,0.835291564464569,0.814844071865082,0.611516416072845,0.420215725898743,0.490058362483978,0.666559934616089,0.470262616872787,0.497472703456879,0.538654208183289,0.443470567464828,0.574966430664063,0.720417678356171,0.710724472999573,0.473113745450974,0.596262753009796,0.8204705119133,0.650538146495819,0.61847448348999,0,0,0,0,0.428762197494507,0.498374551534653,0.830782175064087,0.558519899845123,0,0,0.277898520231247,0.442641019821167,0.605445563793182,0.681040644645691,0.700832545757294,0.7402223944664,0.770262897014618,0.656926870346069,0.693024158477783,0.7303786277771,0.586918592453003,0,0,0.339543014764786,0,0,0,0,0,0,0,0.400205731391907,0.396839559078217,0.408958077430725,0.4569231569767,0.499143719673157,0,0,0,0,0,0,0,0,0,0,0,0,0,0,0,0,0,0,0,0,0,0,0,0,0,0,0.21218079328537,0,0,0,0,0,0,0,0,0,0,0,0,0,0,0,0,0,0,0,0,0,0,0,0,0,0,0,0,0,0,0,0,0,0,0,0,0,0,0,0,0,0,0,0,218
Biberach,0,0,0,0,0,0,0,0,0,0,0,0,0,0,0,0,0,0,0,0,0,0,0,0,0,0,0,0,0,0,0,0,0,0,0,0,0,0,0,0,0,0,0,0,0,0,0,0,0,0,0,0,0,0,0,0,0,0,0,0,0,0,0,0,0,0,0,0,0,0,0,0,0,0,0,0,0,0,0,0,0,0,0,0,0,0,0,0,0,0,0,0,0,0,0,0,0,0,0,0,0,0,0,0,0,0,0,0,0,0,0,0,0,0,0,0,0,0,0,0,0,0,0,0,0,0,0,0,0,0,0,0,0,0,0,0,0,0,0,0,0,0,0,0,0,0,0,0,0,0,0,0,0,0,0,0,0,0,0,0,0,0,0,0,0,0,0,0,0,0,0,0,0,0,0,0,0,0,0,0,0,0,0,0,0,0.0812906473875046,0.123337969183922,0.15884967148304,0.159199967980385,0.195471167564392,0.22775687277317,0,0.113299794495106,0.0753373056650162,0,0,0,0,0.197848811745644,0.294729322195053,0.286123871803284,0.125956922769547,0.255654394626617,0.350552558898926,0.397880047559738,0.274738341569901,0.280364692211151,0.246409550309181,0.345136225223541,0.454355746507645,0.5291708111763,0.59055233001709,0.575710654258728,0.464637696743011,0.506867647171021,0.611230492591858,0.601800084114075,0.465832948684692,0.402204871177673,0.423728436231613,0.527649700641632,0.579704523086548,0.412413030862808,0.194963827729225,0,0,0,0,0.212886139750481,0.262380719184875,0.298329800367355,0.378454208374023,0.502192795276642,0.53495317697525,0.590024828910828,0.689953207969666,0.609494030475616,0.656150996685028,0.731377959251404,0.796155631542206,0.835291504859924,0.814844071865082,0.611516416072845,0.420215725898743,0.490058332681656,0.666559934616089,0.47026264667511,0.497472733259201,0.538654208183289,0.443470567464828,0.574966430664063,0.720417618751526,0.710724472999573,0.473113775253296,0.596262753009796,0.8204705119133,0.650538206100464,0.61847448348999,0,0,0,0,0.428762197494507,0.49837452173233,0.830782234668732,0.558519899845123,0,0,0.277898520231247,0.442641019821167,0.605445563793182,0.681040644645691,0.700832545757294,0.7402223944664,0.770262837409973,0.656926870346069,0.693024218082428,0.7303786277771,0.586918592453003,0,0,0.339542984962463,0,0,0,0,0,0,0,0.400205731391907,0.396839529275894,0.408958107233047,0.4569231569767,0.499143749475479,0,0,0,0,0,0,0,0,0,0,0,0,0,0,0,0,0,0,0,0,0,0,0,0,0,0,0.212180808186531,0,0,0,0,0,0,0,0,0,0,0,0,0,0,0,0,0,0,0,0,0,0,0,0,0,0,0,0,0,0,0,0,0,0,0,0,0,0,0,0,0,0,0,0,219
Bodenseekreis,0,0,0,0,0,0,0,0,0,0,0,0,0,0,0,0,0,0,0,0,0,0,0,0,0,0,0,0,0,0,0,0,0,0,0,0,0,0,0,0,0,0,0,0,0,0,0,0,0,0,0,0,0,0,0,0,0,0,0,0,0,0,0,0,0,0,0,0,0,0,0,0,0,0,0,0,0,0,0,0,0,0,0,0,0,0,0,0,0,0,0,0,0,0,0,0,0,0,0,0,0,0,0,0,0,0,0,0,0,0,0,0,0,0,0,0,0,0,0,0,0,0,0,0,0,0,0,0,0,0,0,0,0,0,0,0,0,0,0,0,0,0,0,0,0,0,0,0,0,0,0,0,0,0,0,0,0,0,0,0,0,0,0,0,0,0,0,0,0,0,0,0,0,0,0,0,0,0,0,0,0,0,0,0,0,0.0812906473875046,0.123337969183922,0.158849686384201,0.159199967980385,0.195471167564392,0.22775687277317,0,0.113299794495106,0.0753373056650162,0,0,0,0,0.197848811745644,0.294729322195053,0.286123871803284,0.125956922769547,0.255654394626617,0.350552529096603,0.397880047559738,0.274738341569901,0.280364692211151,0.246409550309181,0.345136225223541,0.454355746507645,0.5291708111763,0.59055233001709,0.575710654258728,0.464637726545334,0.506867647171021,0.611230492591858,0.601800084114075,0.46583291888237,0.402204871177673,0.423728466033936,0.527649700641632,0.579704523086548,0.412413030862808,0.194963827729225,0,0,0,0,0.212886154651642,0.262380719184875,0.298329800367355,0.378454208374023,0.502192795276642,0.53495317697525,0.590024828910828,0.689953207969666,0.609494090080261,0.656150996685028,0.731377899646759,0.796155631542206,0.835291564464569,0.814844071865082,0.611516416072845,0.420215725898743,0.490058332681656,0.666559934616089,0.470262616872787,0.497472733259201,0.538654208183289,0.443470537662506,0.574966430664063,0.720417678356171,0.710724472999573,0.473113775253296,0.596262812614441,0.8204705119133,0.650538146495819,0.61847448348999,0,0,0,0,0.428762197494507,0.498374581336975,0.830782175064087,0.558519899845123,0,0,0.277898520231247,0.442641019821167,0.605445563793182,0.681040644645691,0.700832545757294,0.7402223944664,0.770262837409973,0.656926870346069,0.693024218082428,0.7303786277771,0.586918592453003,0,0,0.339542984962463,0,0,0,0,0,0,0,0.400205731391907,0.396839559078217,0.408958077430725,0.4569231569767,0.499143719673157,0,0,0,0,0,0,0,0,0,0,0,0,0,0,0,0,0,0,0,0,0,0,0,0,0,0,0.212180808186531,0,0,0,0,0,0,0,0,0,0,0,0,0,0,0,0,0,0,0,0,0,0,0,0,0,0,0,0,0,0,0,0,0,0,0,0,0,0,0,0,0,0,0,0,220
Ravensburg,0,0,0,0,0,0,0,0,0,0,0,0,0,0,0,0,0,0,0,0,0,0,0,0,0,0,0,0,0,0,0,0,0,0,0,0,0,0,0,0,0,0,0,0,0,0,0,0,0,0,0,0,0,0,0,0,0,0,0,0,0,0,0,0,0,0,0,0,0,0,0,0,0,0,0,0,0,0,0,0,0,0,0,0,0,0,0,0,0,0,0,0,0,0,0,0,0,0,0,0,0,0,0,0,0,0,0,0,0,0,0,0,0,0,0,0,0,0,0,0,0,0,0,0,0,0,0,0,0,0,0,0,0,0,0,0,0,0,0,0,0,0,0,0,0,0,0,0,0,0,0,0,0,0,0,0,0,0,0,0,0,0,0,0,0,0,0,0,0,0,0,0,0,0,0,0,0,0,0,0,0,0,0,0,0,0.0812906473875046,0.123337976634502,0.158849686384201,0.159199967980385,0.195471167564392,0.227756887674332,0,0.113299787044525,0.0753372982144356,0,0,0,0,0.197848811745644,0.294729322195053,0.286123842000961,0.125956922769547,0.255654394626617,0.350552529096603,0.397880047559738,0.274738341569901,0.280364722013474,0.24640953540802,0.345136225223541,0.454355746507645,0.5291708111763,0.59055233001709,0.575710654258728,0.464637726545334,0.506867706775665,0.611230492591858,0.601800084114075,0.46583291888237,0.402204900979996,0.423728466033936,0.527649760246277,0.579704582691193,0.412413030862808,0.194963842630386,0,0,0,0,0.212886154651642,0.262380719184875,0.298329800367355,0.378454208374023,0.502192795276642,0.53495317697525,0.590024828910828,0.68995326757431,0.609494030475616,0.656150996685028,0.731377959251404,0.796155631542206,0.835291624069214,0.814844012260437,0.611516416072845,0.420215725898743,0.490058332681656,0.666559934616089,0.47026264667511,0.497472733259201,0.538654208183289,0.443470537662506,0.574966430664063,0.720417618751526,0.710724472999573,0.473113775253296,0.596262753009796,0.820470452308655,0.650538146495819,0.61847448348999,0,0,0,0,0.428762197494507,0.498374581336975,0.830782175064087,0.558519959449768,0,0,0.277898520231247,0.442641049623489,0.605445563793182,0.681040644645691,0.700832545757294,0.7402223944664,0.770262837409973,0.656926870346069,0.693024218082428,0.7303786277771,0.586918532848358,0,0,0.339542984962463,0,0,0,0,0,0,0,0.400205731391907,0.396839529275894,0.408958107233047,0.456923127174377,0.499143749475479,0,0,0,0,0,0,0,0,0,0,0,0,0,0,0,0,0,0,0,0,0,0,0,0,0,0,0.21218079328537,0,0,0,0,0,0,0,0,0,0,0,0,0,0,0,0,0,0,0,0,0,0,0,0,0,0,0,0,0,0,0,0,0,0,0,0,0,0,0,0,0,0,0,0,221
Sigmaringen,0,0,0,0,0,0,0,0,0,0,0,0,0,0,0,0,0,0,0,0,0,0,0,0,0,0,0,0,0,0,0,0,0,0,0,0,0,0,0,0,0,0,0,0,0,0,0,0,0,0,0,0,0,0,0,0,0,0,0,0,0,0,0,0,0,0,0,0,0,0,0,0,0,0,0,0,0,0,0,0,0,0,0,0,0,0,0,0,0,0,0,0,0,0,0,0,0,0,0,0,0,0,0,0,0,0,0,0,0,0,0,0,0,0,0,0,0,0,0,0,0,0,0,0,0,0,0,0,0,0,0,0,0,0,0,0,0,0,0,0,0,0,0,0,0,0,0,0,0,0,0,0,0,0,0,0,0,0,0,0,0,0,0,0,0,0,0,0,0,0,0,0,0,0,0,0,0,0,0,0,0,0,0,0,0,0.0812906473875046,0.123337961733341,0.158849686384201,0.159199967980385,0.195471167564392,0.227756887674332,0,0.113299787044525,0.0753372982144356,0,0,0,0,0.197848811745644,0.294729322195053,0.286123842000961,0.125956937670708,0.255654394626617,0.350552529096603,0.397880077362061,0.274738341569901,0.280364692211151,0.246409550309181,0.345136225223541,0.454355746507645,0.5291708111763,0.590552270412445,0.575710654258728,0.464637726545334,0.506867706775665,0.611230492591858,0.60180002450943,0.46583291888237,0.402204871177673,0.423728466033936,0.527649760246277,0.579704523086548,0.412413030862808,0.194963827729225,0,0,0,0,0.212886154651642,0.262380719184875,0.298329800367355,0.378454178571701,0.502192795276642,0.53495317697525,0.590024828910828,0.68995326757431,0.609494030475616,0.656150996685028,0.731377959251404,0.796155631542206,0.835291564464569,0.814844071865082,0.611516416072845,0.420215725898743,0.490058332681656,0.666559934616089,0.470262616872787,0.497472703456879,0.538654208183289,0.443470567464828,0.574966490268707,0.720417678356171,0.710724472999573,0.473113775253296,0.596262753009796,0.820470452308655,0.650538206100464,0.61847448348999,0,0,0,0,0.428762197494507,0.49837452173233,0.830782175064087,0.558519959449768,0,0,0.277898520231247,0.442641019821167,0.605445563793182,0.681040644645691,0.700832545757294,0.7402223944664,0.770262837409973,0.656926870346069,0.693024158477783,0.7303786277771,0.586918592453003,0,0,0.339542984962463,0,0,0,0,0,0,0,0.400205731391907,0.396839559078217,0.408958107233047,0.4569231569767,0.499143749475479,0,0,0,0,0,0,0,0,0,0,0,0,0,0,0,0,0,0,0,0,0,0,0,0,0,0,0.21218079328537,0,0,0,0,0,0,0,0,0,0,0,0,0,0,0,0,0,0,0,0,0,0,0,0,0,0,0,0,0,0,0,0,0,0,0,0,0,0,0,0,0,0,0,0,222
Ingolstadt,0,0,0,0,0,0,0,0,0,0,0,0,0,0,0,0,0,0,0,0,0,0,0,0,0,0,0,0,0,0,0,0,0,0,0,0,0,0,0,0,0,0,0,0,0,0,0,0,0,0,0,0,0,0,0,0,0,0,0,0,0,0,0,0,0,0,0,0,0,0,0,0,0,0,0,0,0,0,0,0,0,0,0,0,0,0,0,0,0,0,0,0,0,0,0,0,0,0,0,0,0,0,0,0,0,0,0,0,0,0,0,0,0,0,0,0,0,0,0,0,0,0,0,0,0,0,0,0,0,0,0,0,0,0,0,0,0,0,0,0,0,0,0,0,0,0,0,0,0.0159576274454594,0,0,0,0,0,0,0,0,0,0,0,0,0,0,0,0,0,0,0,0,0,0,0,0,0,0,0,0,0,0,0,0,0,0,0,0,0,0.114839643239975,0.158543899655342,0.172899380326271,0.185101628303528,0.215504169464111,0.0745444521307945,0.162263348698616,0.0942849814891815,0.142741069197655,0.154558226466179,0.156214758753777,0,0.220492050051689,0.341837108135223,0.333815038204193,0.142971888184547,0.262779057025909,0.370508641004562,0.421659469604492,0.300499707460403,0.28146368265152,0.266039073467255,0.328861236572266,0.450138449668884,0.535947263240814,0.605240345001221,0.59315550327301,0.467886865139008,0.496754795312881,0.612752437591553,0.561429619789124,0.467510640621185,0.394834131002426,0.417562127113342,0.509691596031189,0.599720537662506,0.38563397526741,0,0,0,0,0.220566809177399,0,0.266208916902542,0.319776564836502,0.387390673160553,0.491555333137512,0.519785940647125,0.581489682197571,0.678383409976959,0.577016949653625,0.642874240875244,0.706045210361481,0.786740064620972,0.819192945957184,0.799734890460968,0.624222159385681,0.46194389462471,0.407857954502106,0.632770121097565,0.415336936712265,0.501782536506653,0.507869243621826,0.380136370658875,0.528594195842743,0.644718945026398,0.683892965316772,0.500233113765717,0.580052971839905,0.80448991060257,0.628854155540466,0.682646989822388,0,0,0,0,0.39307889342308,0.502282857894897,0.845557034015656,0.576762437820435,0.280207753181458,0,0,0.438520640134811,0.649528324604034,0.642166972160339,0.660442292690277,0.704660296440125,0.723879873752594,0.620794415473938,0.658521234989166,0.691320776939392,0.608322560787201,0,0,0.291445076465607,0,0,0,0,0,0,0,0.362362205982208,0.418432682752609,0.397864788770676,0.424109846353531,0.487846612930298,0.210161402821541,0,0,0,0,0,0,0,0,0,0.194157555699348,0,0,0,0,0,0,0,0,0,0,0,0,0,0,0,0,0,0,0,0,0,0,0,0,0,0,0,0,0,0,0,0,0,0,0,0,0,0,0,0,0,0,0,0,0,0,0,0,0,0,0,0,0,0,0,0,0,0,0,0,223
München,0,0,0,0,0,0,0,0,0,0,0,0,0,0,0,0,0,0,0,0,0,0,0,0,0,0,0,0,0,0,0,0,0,0,0,0,0,0,0,0,0,0,0,0,0,0,0,0,0,0,0,0,0,0,0,0,0,0,0,0,0,0,0,0,0,0,0,0,0,0,0,0,0,0,0,0,0,0,0,0,0,0,0,0,0,0,0,0,0,0,0,0,0,0,0,0,0,0,0,0,0,0,0,0,0,0,0,0,0,0,0,0,0,0,0,0,0,0,0,0,0,0,0,0,0,0,0,0,0,0,0,0,0,0,0,0,0,0,0,0,0,0,0,0,0,0,0,0,0.0159576274454594,0,0,0,0,0,0,0,0,0,0,0,0,0,0,0,0,0,0,0,0,0,0,0,0,0,0,0,0,0,0,0,0,0,0,0,0,0,0.114839643239975,0.158543899655342,0.17289936542511,0.185101628303528,0.215504169464111,0.0745444521307945,0.162263348698616,0.0942849814891815,0.142741054296494,0.154558226466179,0.156214758753777,0,0.220492050051689,0.341837108135223,0.333815038204193,0.142971903085709,0.262779057025909,0.370508670806885,0.42165943980217,0.300499677658081,0.281463652849197,0.266039073467255,0.328861236572266,0.450138479471207,0.535947263240814,0.605240404605865,0.59315550327301,0.467886865139008,0.496754825115204,0.612752437591553,0.561429679393768,0.467510670423508,0.394834131002426,0.417562156915665,0.509691596031189,0.599720478057861,0.385633945465088,0,0,0,0,0.220566809177399,0,0.266208916902542,0.31977653503418,0.387390643358231,0.491555333137512,0.519785940647125,0.581489682197571,0.678383350372314,0.57701700925827,0.642874240875244,0.706045210361481,0.786740124225616,0.819193005561829,0.799734890460968,0.624222218990326,0.461943864822388,0.407857954502106,0.632770121097565,0.415336936712265,0.501782536506653,0.507869243621826,0.380136370658875,0.528594195842743,0.644718885421753,0.683892965316772,0.500233054161072,0.580052971839905,0.80448991060257,0.628854095935822,0.682646989822388,0,0,0,0,0.39307889342308,0.502282857894897,0.845556974411011,0.57676237821579,0.280207753181458,0,0,0.438520669937134,0.649528324604034,0.642166972160339,0.660442233085632,0.704660296440125,0.723879873752594,0.620794475078583,0.658521175384521,0.691320717334747,0.608322501182556,0,0,0.291445076465607,0,0,0,0,0,0,0,0.362362176179886,0.418432682752609,0.397864788770676,0.424109846353531,0.487846612930298,0.210161402821541,0,0,0,0,0,0,0,0,0,0.19415757060051,0,0,0,0,0,0,0,0,0,0,0,0,0,0,0,0,0,0,0,0,0,0,0,0,0,0,0,0,0,0,0,0,0,0,0,0,0,0,0,0,0,0,0,0,0,0,0,0,0,0,0,0,0,0,0,0,0,0,0,0,224
Rosenheim,0,0,0,0,0,0,0,0,0,0,0,0,0,0,0,0,0,0,0,0,0,0,0,0,0,0,0,0,0,0,0,0,0,0,0,0,0,0,0,0,0,0,0,0,0,0,0,0,0,0,0,0,0,0,0,0,0,0,0,0,0,0,0,0,0,0,0,0,0,0,0,0,0,0,0,0,0,0,0,0,0,0,0,0,0,0,0,0,0,0,0,0,0,0,0,0,0,0,0,0,0,0,0,0,0,0,0,0,0,0,0,0,0,0,0,0,0,0,0,0,0,0,0,0,0,0,0,0,0,0,0,0,0,0,0,0,0,0,0,0,0,0,0,0,0,0,0,0,0.0361708477139473,0.0364640727639198,0,0,0,0,0,0,0,0,0,0,0,0,0,0,0,0,0,0,0,0,0,0,0,0,0,0,0,0,0,0.0786682590842247,0.091029554605484,0,0,0,0,0,0.190008491277695,0.253233402967453,0.285055071115494,0.299027979373932,0.333010017871857,0.254308998584747,0.285472691059113,0.202662363648415,0.311549991369247,0.343464761972427,0.358196496963501,0.340528070926666,0.372958719730377,0.559204697608948,0.576465010643005,0.322185903787613,0.456266611814499,0.584758818149567,0.62945157289505,0.490205883979797,0.474811762571335,0.48822146654129,0.505596280097961,0.681712746620178,0.802107810974121,0.889780521392822,0.881964862346649,0.700421154499054,0.725310981273651,0.890682101249695,0.826446950435638,0.72026127576828,0.608794867992401,0.649535715579987,0.726488947868347,0.884529173374176,0.598440289497375,0.338959157466888,0,0,0,0.535796165466309,0,0.305186748504639,0.511748135089874,0.612858176231384,0.747510433197021,0.800990402698517,0.834325730800629,1.0218917131424,0.790266156196594,0.920938491821289,1.0240775346756,1.11344504356384,1.1628201007843,1.15946388244629,0.931024312973022,0.773686170578003,0.669762194156647,0.942904114723206,0.652544915676117,0.80052638053894,0.843358635902405,0.577165961265564,0.812718331813812,0.943590342998505,1.06143832206726,0.877293467521667,0.911657989025116,1.18267047405243,0.960057437419891,1.10173833370209,0.522211372852325,0.444385796785355,0.339822441339493,0.324835211038589,0.645289361476898,0.792395412921906,1.2901428937912,0.956190943717957,0.729712903499603,0.325595617294312,0.566712737083435,0.845231950283051,1.07696747779846,1.02039074897766,1.05995678901672,1.09811925888062,1.09980225563049,1.01169610023499,1.06621110439301,1.12136280536652,1.05948114395142,0.407804399728775,0,0.487113535404205,0,0,0,0,0,0,0,0.4742830991745,0.708837509155273,0.675781965255737,0.658184707164764,0.779830515384674,0.396802186965942,0,0,0,0,0,0,0,0,0,0.431502163410187,0,0.284197688102722,0,0,0,0,0,0,0,0,0,0,0,0,0,0,0,0,0,0,0,0,0,0,0,0,0,0,0,0,0,0,0,0,0,0,0,0,0,0,0,0,0,0,0,0,0,0,0,0,0,0,0,0,0,0,0,0,0,0,225
Altötting,0,0,0,0,0,0,0,0,0,0,0,0,0,0,0,0,0,0,0,0,0,0,0,0,0,0,0,0,0,0,0,0,0,0,0,0,0,0,0,0,0,0,0,0,0,0,0,0,0,0,0,0,0,0,0,0,0,0,0,0,0,0,0,0,0,0,0,0,0,0,0,0,0,0,0,0,0,0,0,0,0,0,0,0,0,0,0,0,0,0,0,0,0,0,0,0,0,0,0,0,0,0,0,0,0,0,0,0,0,0,0,0,0,0,0,0,0,0,0,0,0,0,0,0,0,0,0,0,0,0,0,0,0,0,0,0,0,0,0,0,0,0,0,0,0,0,0,0,0.0361708477139473,0.0364640764892101,0,0,0,0,0,0,0,0,0,0,0,0,0,0,0,0,0,0,0,0,0,0,0,0,0,0,0,0,0,0.0786682516336441,0.091029554605484,0,0,0,0,0,0.190008491277695,0.253233432769775,0.285055071115494,0.299027979373932,0.333010017871857,0.254308998584747,0.28547266125679,0.202662363648415,0.311549991369247,0.343464761972427,0.358196526765823,0.340528070926666,0.372958719730377,0.559204757213593,0.576465010643005,0.322185933589935,0.456266611814499,0.584758818149567,0.62945157289505,0.490205883979797,0.474811762571335,0.48822146654129,0.505596280097961,0.681712746620178,0.802107810974121,0.889780521392822,0.881964862346649,0.700421094894409,0.725310981273651,0.890682101249695,0.826446890830994,0.720261216163635,0.608794867992401,0.649535715579987,0.726488947868347,0.884529232978821,0.598440289497375,0.338959157466888,0,0,0,0.535796165466309,0,0.305186718702316,0.511748135089874,0.612858235836029,0.747510492801666,0.800990402698517,0.834325730800629,1.0218917131424,0.790266156196594,0.920938491821289,1.0240775346756,1.11344492435455,1.1628201007843,1.15946388244629,0.931024312973022,0.773686230182648,0.669762194156647,0.942904114723206,0.652544915676117,0.800526440143585,0.84335869550705,0.577165961265564,0.812718331813812,0.94359028339386,1.06143832206726,0.877293467521667,0.911658048629761,1.18267047405243,0.960057437419891,1.10173833370209,0.52221143245697,0.444385796785355,0.339822471141815,0.324835211038589,0.645289361476898,0.792395353317261,1.2901428937912,0.956190943717957,0.729712903499603,0.325595617294312,0.566712737083435,0.845231950283051,1.07696759700775,1.02039074897766,1.05995678901672,1.09811925888062,1.09980237483978,1.01169610023499,1.06621110439301,1.12136280536652,1.05948114395142,0.407804399728775,0,0.487113535404205,0,0,0,0,0,0,0,0.4742830991745,0.708837568759918,0.675781965255737,0.65818464756012,0.779830515384674,0.39680215716362,0,0,0,0,0,0,0,0,0,0.431502163410187,0,0.284197717905045,0,0,0,0,0,0,0,0,0,0,0,0,0,0,0,0,0,0,0,0,0,0,0,0,0,0,0,0,0,0,0,0,0,0,0,0,0,0,0,0,0,0,0,0,0,0,0,0,0,0,0,0,0,0,0,0,0,0,226
Berchtesgadener Land,0,0,0,0,0,0,0,0,0,0,0,0,0,0,0,0,0,0,0,0,0,0,0,0,0,0,0,0,0,0,0,0,0,0,0,0,0,0,0,0,0,0,0,0,0,0,0,0,0,0,0,0,0,0,0,0,0,0,0,0,0,0,0,0,0,0,0,0,0,0,0,0,0,0,0,0,0,0,0,0,0,0,0,0,0,0,0,0,0,0,0,0,0,0,0,0,0,0,0,0,0,0,0,0,0,0,0,0,0,0,0,0,0,0,0,0,0,0,0,0,0,0,0,0,0,0,0,0,0,0,0,0,0,0,0,0,0,0,0,0,0,0,0,0,0,0,0,0,0.035266637802124,0.0355525352060795,0,0,0,0,0,0,0,0,0,0,0,0,0,0,0,0,0,0,0,0,0,0,0,0,0,0,0,0,0,0.0767016857862473,0.0887539833784103,0,0,0,0,0,0.185258612036705,0.246903017163277,0.277929186820984,0.291552811861038,0.324685335159302,0.247951701283455,0.278336346149445,0.197596177458763,0.303761780261993,0.334878742694855,0.349242210388184,0.332015454769135,0.363635420799255,0.545225620269775,0.562054395675659,0.314131826162338,0.444860726594925,0.570140838623047,0.61371636390686,0.47795158624649,0.46294230222702,0.476016759872437,0.492957234382629,0.664671123027802,0.782056510448456,0.867537617683411,0.859917283058167,0.682911813259125,0.707179486751556,0.868416607379913,0.805787205696106,0.702255964279175,0.593576073646545,0.633298397064209,0.708327949047089,0.86241751909256,0.583480358123779,0.330485761165619,0,0,0,0.522402226924896,0,0.297557592391968,0.498955339193344,0.597537815570831,0.728824019432068,0.780966997146606,0.813469052314758,0.996346175670624,0.770510852336884,0.897916674613953,0.998477458953857,1.08561074733734,1.13375151157379,1.13047933578491,0.907750308513641,0.75434535741806,0.65301924943924,0.919333159923553,0.636232435703278,0.780514657497406,0.822276175022125,0.562737822532654,0.792401850223541,0.920002222061157,1.03490424156189,0.8553626537323,0.88886821269989,1.15310573577881,0.936057686805725,1.07419669628143,0.509157001972198,0.433276921510696,0.331327468156815,0.316714912652969,0.62915825843811,0.772586822509766,1.25789153575897,0.932287812232971,0.711471319198608,0.317456275224686,0.55254590511322,0.824102580547333,1.05004513263702,0.994882762432098,1.03345966339111,1.07066810131073,1.07230913639069,0.986405432224274,1.03955769538879,1.09333062171936,1.03299605846405,0.397610008716583,0,0.47493651509285,0,0,0,0,0,0,0,0.462426841259003,0.691117823123932,0.658888578414917,0.641731202602386,0.760336101055145,0.386882811784744,0,0,0,0,0,0,0,0,0,0.420715361833572,0,0.277093231678009,0,0,0,0,0,0,0,0,0,0,0,0,0,0,0,0,0,0,0,0,0,0,0,0,0,0,0,0,0,0,0,0,0,0,0,0,0,0,0,0,0,0,0,0,0,0,0,0,0,0,0,0,0,0,0,0,0,0,227
Bad Tölz-Wolfratshausen,0,0,0,0,0,0,0,0,0,0,0,0,0,0,0,0,0,0,0,0,0,0,0,0,0,0,0,0,0,0,0,0,0,0,0,0,0,0,0,0,0,0,0,0,0,0,0,0,0,0,0,0,0,0,0,0,0,0,0,0,0,0,0,0,0,0,0,0,0,0,0,0,0,0,0,0,0,0,0,0,0,0,0,0,0,0,0,0,0,0,0,0,0,0,0,0,0,0,0,0,0,0,0,0,0,0,0,0,0,0,0,0,0,0,0,0,0,0,0,0,0,0,0,0,0,0,0,0,0,0,0,0,0,0,0,0,0,0,0,0,0,0,0,0,0,0,0,0,0.0159481447190046,0,0,0,0,0,0,0,0,0,0,0,0,0,0,0,0,0,0,0,0,0,0,0,0,0,0,0,0,0,0,0,0,0,0,0,0,0,0.114771403372288,0.158449694514275,0.172796636819839,0.184991642832756,0.215376928448677,0.0745001509785652,0.162166923284531,0.0942289531230927,0.142656236886978,0.154466390609741,0.1561219394207,0,0.220361024141312,0.341638773679733,0.333621084690094,0.142886951565742,0.262622892856598,0.370288491249084,0.421421229839325,0.300321102142334,0.28129643201828,0.265880972146988,0.328665792942047,0.449888378381729,0.53565514087677,0.604912936687469,0.592836737632751,0.467638581991196,0.49648642539978,0.612427532672882,0.561132311820984,0.467259466648102,0.394599497318268,0.417334228754044,0.509418249130249,0.59939432144165,0.385404825210571,0,0,0,0,0.220435738563538,0,0.266050726175308,0.319586545228958,0.38716048002243,0.49126324057579,0.519477069377899,0.581144094467163,0.678016126155853,0.576703071594238,0.642533123493195,0.705675363540649,0.78633451461792,0.818770408630371,0.799318194389343,0.62387490272522,0.461669355630875,0.407615602016449,0.632437646389008,0.415090143680573,0.501484394073486,0.507567405700684,0.379910469055176,0.528280079364777,0.64436548948288,0.683486580848694,0.499935865402222,0.579708278179169,0.804060697555542,0.628521025180817,0.68228805065155,2.351373223064e-05,0,0,0,0.392845302820206,0.501984417438507,0.845104038715363,0.576443791389465,0.280041217803955,0,0,0.438260108232498,0.649142324924469,0.641785323619843,0.660049796104431,0.704265236854553,0.723472714424133,0.620425522327423,0.658129870891571,0.690938889980316,0.607961058616638,0,0,0.291271895170212,0,0,0,0,0,0,0,0.362146854400635,0.418184012174606,0.397628366947174,0.423857837915421,0.487556725740433,0.210036531090736,0,0,0,0,0,0,0,0,0,0.194042190909386,0,0,0,0,0,0,0,0,0,0,0,0,0,0,0,0,0,0,0,0,0,0,0,0,0,0,0,0,0,0,0,0,0,0,0,0,0,0,0,0,0,0,0,0,0,0,0,0,0,0,0,0,0,0,0,0,0,0,0,0,228
Dachau,0,0,0,0,0,0,0,0,0,0,0,0,0,0,0,0,0,0,0,0,0,0,0,0,0,0,0,0,0,0,0,0,0,0,0,0,0,0,0,0,0,0,0,0,0,0,0,0,0,0,0,0,0,0,0,0,0,0,0,0,0,0,0,0,0,0,0,0,0,0,0,0,0,0,0,0,0,0,0,0,0,0,0,0,0,0,0,0,0,0,0,0,0,0,0,0,0,0,0,0,0,0,0,0,0,0,0,0,0,0,0,0,0,0,0,0,0,0,0,0,0,0,0,0,0,0,0,0,0,0,0,0,0,0,0,0,0,0,0,0,0,0,0,0,0,0,0,0,0.0159576274454594,0,0,0,0,0,0,0,0,0,0,0,0,0,0,0,0,0,0,0,0,0,0,0,0,0,0,0,0,0,0,0,0,0,0,0,0,0,0.114839650690556,0.158543899655342,0.17289936542511,0.185101628303528,0.215504169464111,0.0745444521307945,0.162263348698616,0.0942849814891815,0.142741069197655,0.154558226466179,0.156214758753777,0,0.220492050051689,0.341837078332901,0.333815038204193,0.142971888184547,0.262779057025909,0.370508641004562,0.42165943980217,0.300499677658081,0.28146368265152,0.266039073467255,0.328861206769943,0.450138479471207,0.535947263240814,0.605240404605865,0.59315550327301,0.467886865139008,0.496754825115204,0.612752437591553,0.561429619789124,0.467510670423508,0.394834101200104,0.417562127113342,0.509691596031189,0.599720478057861,0.38563397526741,0,0,0,0,0.220566809177399,0,0.26620888710022,0.31977653503418,0.387390673160553,0.491555333137512,0.519785940647125,0.581489622592926,0.678383350372314,0.577016949653625,0.642874240875244,0.706045210361481,0.786740064620972,0.819193005561829,0.799734950065613,0.624222159385681,0.461943864822388,0.407857954502106,0.632770180702209,0.415336936712265,0.501782536506653,0.507869184017181,0.380136370658875,0.528594136238098,0.644718885421753,0.683892965316772,0.500233113765717,0.58005291223526,0.80448991060257,0.628854155540466,0.682647049427032,0,0,0,0,0.39307889342308,0.502282857894897,0.845557034015656,0.576762437820435,0.280207753181458,0,0,0.438520669937134,0.649528324604034,0.642166912555695,0.660442233085632,0.704660296440125,0.723879873752594,0.620794415473938,0.658521175384521,0.691320717334747,0.608322560787201,0,0,0.291445076465607,0,0,0,0,0,0,0,0.362362176179886,0.418432652950287,0.397864788770676,0.424109846353531,0.487846612930298,0.210161402821541,0,0,0,0,0,0,0,0,0,0.19415757060051,0,0,0,0,0,0,0,0,0,0,0,0,0,0,0,0,0,0,0,0,0,0,0,0,0,0,0,0,0,0,0,0,0,0,0,0,0,0,0,0,0,0,0,0,0,0,0,0,0,0,0,0,0,0,0,0,0,0,0,0,229
Ebersberg,0,0,0,0,0,0,0,0,0,0,0,0,0,0,0,0,0,0,0,0,0,0,0,0,0,0,0,0,0,0,0,0,0,0,0,0,0,0,0,0,0,0,0,0,0,0,0,0,0,0,0,0,0,0,0,0,0,0,0,0,0,0,0,0,0,0,0,0,0,0,0,0,0,0,0,0,0,0,0,0,0,0,0,0,0,0,0,0,0,0,0,0,0,0,0,0,0,0,0,0,0,0,0,0,0,0,0,0,0,0,0,0,0,0,0,0,0,0,0,0,0,0,0,0,0,0,0,0,0,0,0,0,0,0,0,0,0,0,0,0,0,0,0,0,0,0,0,0,0.036168459802866,0.0364597626030445,0,0,0,0,0,0,0,0,0,0,0,0,0,0,0,0,0,0,0,0,0,0,0,0,0,0,0,0,0,0.0786589533090591,0.0910187959671021,0,0,0,0,0,0.189999610185623,0.253222227096558,0.285041809082031,0.299014508724213,0.332996129989624,0.254287719726563,0.285458087921143,0.202649548649788,0.31153005361557,0.343442440032959,0.358172625303268,0.34048780798912,0.372940689325333,0.559179067611694,0.576436340808868,0.322164714336395,0.456243753433228,0.584733426570892,0.629427015781403,0.490183472633362,0.474788904190063,0.488195180892944,0.505575358867645,0.681685388088226,0.80207633972168,0.889746904373169,0.881930708885193,0.700393676757813,0.725283920764923,0.890649199485779,0.826415598392487,0.720231354236603,0.608769536018372,0.649508237838745,0.726463317871094,0.884495556354523,0.598415195941925,0.338919103145599,0,0,0,0.535758852958679,0,0.305182129144669,0.51172548532486,0.612831592559814,0.747480154037476,0.800957143306732,0.834295868873596,1.02185106277466,0.790240943431854,0.920905590057373,1.02403998374939,1.11340641975403,1.16277945041656,1.15942120552063,0.930988013744354,0.773649334907532,0.669731199741364,0.942867457866669,0.652516901493073,0.800491094589233,0.843318998813629,0.577142655849457,0.812684774398804,0.943554997444153,1.06139361858368,0.87724894285202,0.911618828773499,1.18262565135956,0.960018277168274,1.10168874263763,0.522149682044983,0.444333255290985,0.339782267808914,0.324796795845032,0.64525955915451,0.79236102104187,1.29009032249451,0.956146061420441,0.729659736156464,0.325557112693787,0.566645741462708,0.845183849334717,1.07691705226898,1.02034592628479,1.05990958213806,1.0980726480484,1.09975790977478,1.01164984703064,1.06616294384003,1.12131190299988,1.05942797660828,0.407756149768829,0,0.487090408802032,0,0,0,0,0,0,0,0.474269866943359,0.708803176879883,0.675749123096466,0.658157050609589,0.779796004295349,0.396780103445053,0,0,0,0,0,0,0,0,0,0.43147411942482,0,0.284164071083069,0,0,0,0,0,0,0,0,0,0,0,0,0,0,0,0,0,0,0,0,0,0,0,0,0,0,0,0,0,0,0,0,0,0,0,0,0,0,0,0,0,0,0,0,0,0,0,0,0,0,0,0,0,0,0,0,0,0,230
Eichstätt,0,0,0,0,0,0,0,0,0,0,0,0,0,0,0,0,0,0,0,0,0,0,0,0,0,0,0,0,0,0,0,0,0,0,0,0,0,0,0,0,0,0,0,0,0,0,0,0,0,0,0,0,0,0,0,0,0,0,0,0,0,0,0,0,0,0,0,0,0,0,0,0,0,0,0,0,0,0,0,0,0,0,0,0,0,0,0,0,0,0,0,0,0,0,0,0,0,0,0,0,0,0,0,0,0,0,0,0,0,0,0,0,0,0,0,0,0,0,0,0,0,0,0,0,0,0,0,0,0,0,0,0,0,0,0,0,0,0,0,0,0,0,0,0,0,0,0,0,0.0170344151556492,0.00192658719606698,0,0,0,0,0,0,0,0,0,0,0,0,0,0,0,0,0,0,0,0,0,0,0,0.00488836225122213,0,0,0,0,0,0,0,0.00652720360085368,0,0,0,0.0136778652667999,0.12158739566803,0.165910661220551,0.179847806692123,0.19241638481617,0.224502861499786,0.0767277106642723,0.16598154604435,0.0848835334181786,0.148627072572708,0.162686675786972,0.167849719524384,0.0194396954029799,0.226277604699135,0.35044401884079,0.342013388872147,0.148885563015938,0.271688967943192,0.380581229925156,0.433675408363342,0.309628337621689,0.291256487369537,0.280855566263199,0.347178876399994,0.464296221733093,0.548664450645447,0.619029104709625,0.600787699222565,0.47170028090477,0.508781969547272,0.627276480197906,0.577949047088623,0.472931742668152,0.397360175848007,0.42192867398262,0.511571645736694,0.612496495246887,0.383039951324463,0,0,0,0,0.240000829100609,0.0267109274864197,0.277804970741272,0.333654820919037,0.386767685413361,0.494945257902145,0.530799031257629,0.583289563655853,0.693199634552002,0.592393100261688,0.651766836643219,0.722258031368256,0.805217206478119,0.839153409004211,0.81901741027832,0.640643358230591,0.485569834709167,0.43201756477356,0.648105502128601,0.434269636869431,0.512800991535187,0.519252181053162,0.393675625324249,0.545281589031219,0.655334532260895,0.698486089706421,0.508070111274719,0.591827630996704,0.816870987415314,0.649181365966797,0.696847975254059,0.0479579158127308,0.0281229633837938,0,0,0.404398918151855,0.509970188140869,0.85815304517746,0.59348726272583,0.286559194326401,0,0.0500652678310871,0.460211962461472,0.669379830360413,0.67290848493576,0.685357987880707,0.726390182971954,0.747452557086945,0.645531415939331,0.683674156665802,0.717392563819885,0.628738939762115,0,0,0.310379505157471,0,0,0,0,0,0,0,0.372799605131149,0.418966591358185,0.393207997083664,0.428293138742447,0.471711248159409,0.189205572009087,0,0,0,0,0,0,0,0,0,0.174797520041466,0,0.0206726901233196,0,0,0,0,0,0,0,0,0,0,0,0,0,0.0359056293964386,0.0198403038084507,0,0,0,0,0,0,0,0,0,0,0,0,0,0,0,0,0,0,0,0,0,0,0,0,0,0,0,0,0,0,0,0,0,0,0,0,0,0,0,0,0,0,0,231
Erding,0,0,0,0,0,0,0,0,0,0,0,0,0,0,0,0,0,0,0,0,0,0,0,0,0,0,0,0,0,0,0,0,0,0,0,0,0,0,0,0,0,0,0,0,0,0,0,0,0,0,0,0,0,0,0,0,0,0,0,0,0,0,0,0,0,0,0,0,0,0,0,0,0,0,0,0,0,0,0,0,0,0,0,0,0,0,0,0,0,0,0,0,0,0,0,0,0,0,0,0,0,0,0,0,0,0,0,0,0,0,0,0,0,0,0,0,0,0,0,0,0,0,0,0,0,0,0,0,0,0,0,0,0,0,0,0,0,0,0,0,0,0,0,0,0,0,0,0,0.0361021868884563,0.0363402105867863,0,0,0,0,0,0,0,0,0,0,0,0,0,0,0,0,0,0,0,0,0,0,0,0,0,0,0,0,0,0.0784010291099548,0.0907203406095505,0,0,0,0,0,0.189753159880638,0.252911776304245,0.284674108028412,0.298640996217728,0.332610875368118,0.253698348999023,0.2850541472435,0.202294230461121,0.310976594686508,0.342823088169098,0.357510417699814,0.33937132358551,0.372440814971924,0.558466374874115,0.575640738010406,0.321577161550522,0.455609381198883,0.584031045436859,0.62874573469162,0.489561468362808,0.474155008792877,0.487466752529144,0.504995942115784,0.680926203727722,0.801203727722168,0.888814032077789,0.880983889102936,0.69963127374649,0.724534630775452,0.889738023281097,0.825546681880951,0.719402670860291,0.608068108558655,0.648747742176056,0.725752472877502,0.883561730384827,0.597717463970184,0.33780774474144,0,0,0,0.534725368022919,0,0.30505433678627,0.511096060276031,0.61209237575531,0.746640980243683,0.800035178661346,0.83346688747406,1.02072489261627,0.789541780948639,0.919993996620178,1.02299726009369,1.11233520507813,1.16165280342102,1.1582418680191,0.92998218536377,0.772627294063568,0.668872535228729,0.941850602626801,0.651739180088043,0.799511611461639,0.842219114303589,0.576496660709381,0.811753213405609,0.942575097084045,1.06015586853027,0.876012682914734,0.910531640052795,1.18138587474823,0.958932399749756,1.10031473636627,0.52043753862381,0.442876279354095,0.338668137788773,0.323731780052185,0.644432663917542,0.791409850120544,1.28863275051117,0.954902112483978,0.728185951709747,0.324489623308182,0.564787685871124,0.843850374221802,1.07551550865173,1.01910591125488,1.05859971046448,1.09678268432617,1.09852540493011,1.01036822795868,1.06482625007629,1.11990201473236,1.05794870853424,0.40641912817955,0,0.486448884010315,0,0,0,0,0,0,0,0.473902940750122,0.707851052284241,0.674837946891785,0.657389581203461,0.778838694095612,0.396168202161789,0,0,0,0,0,0,0,0,0,0.430695921182632,0,0.28323233127594,0,0,0,0,0,0,0,0,0,0,0,0,0,0,0,0,0,0,0,0,0,0,0,0,0,0,0,0,0,0,0,0,0,0,0,0,0,0,0,0,0,0,0,0,0,0,0,0,0,0,0,0,0,0,0,0,0,0,232
Freising,0,0,0,0,0,0,0,0,0,0,0,0,0,0,0,0,0,0,0,0,0,0,0,0,0,0,0,0,0,0,0,0,0,0,0,0,0,0,0,0,0,0,0,0,0,0,0,0,0,0,0,0,0,0,0,0,0,0,0,0,0,0,0,0,0,0,0,0,0,0,0,0,0,0,0,0,0,0,0,0,0,0,0,0,0,0,0,0,0,0,0,0,0,0,0,0,0,0,0,0,0,0,0,0,0,0,0,0,0,0,0,0,0,0,0,0,0,0,0,0,0,0,0,0,0,0,0,0,0,0,0,0,0,0,0,0,0,0,0,0,0,0,0,0,0,0,0,0,0.0250255353748798,0.0163582507520914,0,0,0,0,0,0,0,0,0,0,0,0,0,0,0,0,0,0,0,0,0,0,0,0,0,0,0,0,0,0.0352915860712528,0.0408370271325111,0,0,0,0,0,0.148561343550682,0.201022818684578,0.223213851451874,0.236210450530052,0.268218785524368,0.155189111828804,0.217536628246307,0.142904460430145,0.218470916152,0.239304110407829,0.246826350688934,0.15276525914669,0.288890540599823,0.439350992441177,0.442670911550522,0.223369598388672,0.349580049514771,0.466624021530151,0.514877617359161,0.385604321956635,0.368202120065689,0.365712910890579,0.40814682841301,0.554025650024414,0.655350267887115,0.732888758182526,0.722719073295593,0.57220470905304,0.599288046360016,0.737435221672058,0.680319786071777,0.580897808074951,0.49081963300705,0.521628439426422,0.606949627399445,0.727489292621613,0.481101602315903,0.15206141769886,0,0,0,0.361982703208923,0,0.283694833517075,0.405897468328476,0.488538295030594,0.606380045413971,0.645937860012054,0.694915175437927,0.832485556602478,0.672683298587799,0.767617404460907,0.848718583583832,0.933304071426392,0.973348438739777,0.96111387014389,0.761857509613037,0.601795434951782,0.525351524353027,0.771900177001953,0.521751463413239,0.635802865028381,0.658374071121216,0.46852633357048,0.656055867671967,0.778796434402466,0.853264629840851,0.669387221336365,0.728815257549286,0.974146485328674,0.777436137199402,0.870656728744507,0.234270736575127,0.19935716688633,0.152448698878288,0.145725235342979,0.506223738193512,0.632431030273438,1.04500389099121,0.746978878974915,0.481861501932144,0.14606636762619,0.254234582185745,0.620976507663727,0.841283023357391,0.811842918395996,0.839669525623322,0.881171047687531,0.892523527145386,0.796157836914063,0.84141606092453,0.884243071079254,0.810718059539795,0.182946264743805,0,0.379224449396133,0,0,0,0,0,0,0,0.412571310997009,0.548711955547333,0.522541999816895,0.529118776321411,0.618834316730499,0.293890833854675,0,0,0,0,0,0,0,0,0,0.300633370876312,0,0.127494737505913,0,0,0,0,0,0,0,0,0,0,0,0,0,0,0,0,0,0,0,0,0,0,0,0,0,0,0,0,0,0,0,0,0,0,0,0,0,0,0,0,0,0,0,0,0,0,0,0,0,0,0,0,0,0,0,0,0,0,233
Fürstenfeldbruck,0,0,0,0,0,0,0,0,0,0,0,0,0,0,0,0,0,0,0,0,0,0,0,0,0,0,0,0,0,0,0,0,0,0,0,0,0,0,0,0,0,0,0,0,0,0,0,0,0,0,0,0,0,0,0,0,0,0,0,0,0,0,0,0,0,0,0,0,0,0,0,0,0,0,0,0,0,0,0,0,0,0,0,0,0,0,0,0,0,0,0,0,0,0,0,0,0,0,0,0,0,0,0,0,0,0,0,0,0,0,0,0,0,0,0,0,0,0,0,0,0,0,0,0,0,0,0,0,0,0,0,0,0,0,0,0,0,0,0,0,0,0,0,0,0,0,0,0,0.0159576255828142,0,0,0,0,0,0,0,0,0,0,0,0,0,0,0,0,0,0,0,0,0,0,0,0,0,0,0,0,0,0,0,0,0,0,0,0,0,0.114839650690556,0.158543899655342,0.17289936542511,0.185101628303528,0.215504169464111,0.0745444521307945,0.162263348698616,0.0942849814891815,0.142741054296494,0.154558226466179,0.156214758753777,0,0.220492035150528,0.341837108135223,0.333815038204193,0.142971903085709,0.262779057025909,0.370508641004562,0.42165943980217,0.300499677658081,0.28146368265152,0.266039073467255,0.328861236572266,0.450138509273529,0.535947263240814,0.605240345001221,0.59315550327301,0.467886865139008,0.496754795312881,0.612752437591553,0.561429679393768,0.467510670423508,0.394834131002426,0.417562127113342,0.509691596031189,0.599720478057861,0.38563397526741,0,0,0,0,0.220566794276237,0,0.266208916902542,0.31977653503418,0.387390673160553,0.491555333137512,0.519785940647125,0.581489682197571,0.678383409976959,0.577016949653625,0.642874181270599,0.706045210361481,0.786740124225616,0.819193005561829,0.799734950065613,0.624222159385681,0.461943864822388,0.407857954502106,0.632770180702209,0.415336936712265,0.501782596111298,0.507869243621826,0.380136370658875,0.528594195842743,0.644718885421753,0.683892965316772,0.500233113765717,0.580052971839905,0.80448991060257,0.628854095935822,0.682647049427032,0,0,0,0,0.39307889342308,0.502282917499542,0.845557034015656,0.57676237821579,0.280207753181458,0,0,0.438520640134811,0.649528324604034,0.642166972160339,0.660442233085632,0.704660296440125,0.723879933357239,0.620794415473938,0.658521175384521,0.691320776939392,0.608322560787201,0,0,0.291445076465607,0,0,0,0,0,0,0,0.362362205982208,0.418432682752609,0.397864788770676,0.424109816551208,0.487846583127975,0.210161417722702,0,0,0,0,0,0,0,0,0,0.194157555699348,0,0,0,0,0,0,0,0,0,0,0,0,0,0,0,0,0,0,0,0,0,0,0,0,0,0,0,0,0,0,0,0,0,0,0,0,0,0,0,0,0,0,0,0,0,0,0,0,0,0,0,0,0,0,0,0,0,0,0,0,234
Garmisch-Partenkirchen,0,0,0,0,0,0,0,0,0,0,0,0,0,0,0,0,0,0,0,0,0,0,0,0,0,0,0,0,0,0,0,0,0,0,0,0,0,0,0,0,0,0,0,0,0,0,0,0,0,0,0,0,0,0,0,0,0,0,0,0,0,0,0,0,0,0,0,0,0,0,0,0,0,0,0,0,0,0,0,0,0,0,0,0,0,0,0,0,0,0,0,0,0,0,0,0,0,0,0,0,0,0,0,0,0,0,0,0,0,0,0,0,0,0,0,0,0,0,0,0,0,0,0,0,0,0,0,0,0,0,0,0,0,0,0,0,0,0,0,0,0,0,0,0,0,0,0,0,0.0108145270496607,0,0,0,0,0,0,0,0,0,0,0,0,0,0,0,0,0,0,0,0,0,0,0,0,0,0,0,0,0,0,0,0,0,0,0,0,0,0.0778271406888962,0.107445620000362,0.117174364626408,0.125443875789642,0.146491080522537,0.0505189746618271,0.109966307878494,0.0638971850275993,0.0967359989881516,0.104744523763657,0.10586716234684,0,0.149428054690361,0.234267607331276,0.228614240884781,0.0968924388289452,0.178086072206497,0.251094698905945,0.292451202869415,0.203649431467056,0.190748691558838,0.180295392870903,0.222870141267776,0.314493656158447,0.377490222454071,0.427655279636383,0.420259535312653,0.333208113908768,0.351186126470566,0.436500430107117,0.400138676166534,0.331251174211502,0.267580151557922,0.293957114219666,0.361431807279587,0.422795414924622,0.26134517788887,0,0,0,0,0.14947871863842,0,0.180410489439964,0.216713413596153,0.262535691261292,0.333128362894058,0.352260321378708,0.394077122211456,0.47918289899826,0.406759828329086,0.457886606454849,0.5054572224617,0.566755890846252,0.589987695217133,0.573707938194275,0.435867309570313,0.313060581684113,0.276406437158585,0.452399611473083,0.281474947929382,0.340059369802475,0.344184339046478,0.257619440555573,0.358229666948318,0.453029900789261,0.463476091623306,0.339009314775467,0.393103450536728,0.571690082550049,0.448203384876251,0.487954646348953,0.012754344381392,0,0,0,0.26639062166214,0.340398460626602,0.599839627742767,0.403937309980392,0.189897537231445,0,0,0.297186613082886,0.440187066793442,0.435198277235031,0.447583496570587,0.490389615297318,0.503029823303223,0.420714050531387,0.446281552314758,0.484183996915817,0.412261813879013,0,0,0.197513103485107,0,0,0,0,0,0,0,0.245573818683624,0.283572942018509,0.269634038209915,0.287420362234116,0.33061495423317,0.142426937818527,0,0,0,0,0,0,0,0,0,0.131581097841263,0,0,0,0,0,0,0,0,0,0,0,0,0,0,0,0,0,0,0,0,0,0,0,0,0,0,0,0,0,0,0,0,0,0,0,0,0,0,0,0,0,0,0,0,0,0,0,0,0,0,0,0,0,0,0,0,0,0,0,0,235
Landsberg am Lech,0,0,0,0,0,0,0,0,0,0,0,0,0,0,0,0,0,0,0,0,0,0,0,0,0,0,0,0,0,0,0,0,0,0,0,0,0,0,0,0,0,0,0,0,0,0,0,0,0,0,0,0,0,0,0,0,0,0,0,0,0,0,0,0,0,0,0,0,0,0,0,0,0,0,0,0,0,0,0,0,0,0,0,0,0,0,0,0,0,0,0,0,0,0,0,0,0,0,0,0,0,0,0,0,0,0,0,0,0,0,0,0,0,0,0,0,0,0,0,0,0,0,0,0,0,0,0,0,0,0,0,0,0,0,0,0,0,0,0,0,0,0,0,0,0,0,0,0,0.0159576274454594,0,0,0,0,0,0,0,0,0,0,0,0,0,0,0,0,0,0,0,0,0,0,0,0,0,0,0,0,0,0,0,0,0,0,0,0,0,0.114839643239975,0.158543899655342,0.17289936542511,0.185101613402367,0.215504169464111,0.0745444521307945,0.162263348698616,0.0942849814891815,0.142741054296494,0.154558226466179,0.156214758753777,0,0.220492050051689,0.341837108135223,0.333815038204193,0.142971903085709,0.262779057025909,0.370508670806885,0.42165943980217,0.300499677658081,0.28146368265152,0.266039073467255,0.328861236572266,0.450138479471207,0.535947263240814,0.605240404605865,0.59315550327301,0.467886865139008,0.496754825115204,0.612752437591553,0.561429619789124,0.467510640621185,0.394834101200104,0.417562127113342,0.509691596031189,0.599720537662506,0.385633945465088,0,0,0,0,0.220566794276237,0,0.266208916902542,0.319776564836502,0.387390643358231,0.491555362939835,0.519785940647125,0.581489682197571,0.678383350372314,0.577016949653625,0.642874181270599,0.706045210361481,0.786740124225616,0.819192945957184,0.799734950065613,0.624222159385681,0.461943864822388,0.407857954502106,0.632770121097565,0.415336936712265,0.501782536506653,0.507869243621826,0.380136340856552,0.528594195842743,0.644718885421753,0.683892965316772,0.500233113765717,0.58005291223526,0.80448991060257,0.628854095935822,0.682647049427032,0,0,0,0,0.39307889342308,0.502282857894897,0.845556974411011,0.57676237821579,0.280207723379135,0,0,0.438520640134811,0.649528324604034,0.642166972160339,0.660442233085632,0.704660296440125,0.723879873752594,0.620794415473938,0.658521175384521,0.691320776939392,0.608322560787201,0,0,0.291445076465607,0,0,0,0,0,0,0,0.362362205982208,0.418432652950287,0.397864788770676,0.424109846353531,0.487846612930298,0.210161402821541,0,0,0,0,0,0,0,0,0,0.19415757060051,0,0,0,0,0,0,0,0,0,0,0,0,0,0,0,0,0,0,0,0,0,0,0,0,0,0,0,0,0,0,0,0,0,0,0,0,0,0,0,0,0,0,0,0,0,0,0,0,0,0,0,0,0,0,0,0,0,0,0,0,236
Miesbach,0,0,0,0,0,0,0,0,0,0,0,0,0,0,0,0,0,0,0,0,0,0,0,0,0,0,0,0,0,0,0,0,0,0,0,0,0,0,0,0,0,0,0,0,0,0,0,0,0,0,0,0,0,0,0,0,0,0,0,0,0,0,0,0,0,0,0,0,0,0,0,0,0,0,0,0,0,0,0,0,0,0,0,0,0,0,0,0,0,0,0,0,0,0,0,0,0,0,0,0,0,0,0,0,0,0,0,0,0,0,0,0,0,0,0,0,0,0,0,0,0,0,0,0,0,0,0,0,0,0,0,0,0,0,0,0,0,0,0,0,0,0,0,0,0,0,0,0,0.0293395239859819,0.0241405609995127,0,0,0,0,0,0,0,0,0,0,0,0,0,0,0,0,0,0,0,0,0,0,0,0,0,0,0,0,0,0.0520812794566154,0.06026491522789,0,0,0,0,0,0.164604187011719,0.22123184800148,0.24715057015419,0.260525077581406,0.293297380208969,0.193555176258087,0.243832468986511,0.166034817695618,0.254498779773712,0.279621332883835,0.289934098720551,0.225442111492157,0.321430593729019,0.485742479562759,0.494458258152008,0.261618196964264,0.390874922275543,0.512350142002106,0.559225499629974,0.426092177629471,0.409467220306396,0.413131982088089,0.445866346359253,0.603449165821075,0.712155282497406,0.793616473674774,0.784357964992523,0.621833086013794,0.64806741476059,0.796752095222473,0.736880838871002,0.634840846061707,0.536484003067017,0.571137130260468,0.653219401836395,0.788274347782135,0.526519596576691,0.22440342605114,0,0,0,0.429260224103928,0,0.292013674974442,0.44686883687973,0.536658465862274,0.661007046699524,0.705953657627106,0.748876452445984,0.905798494815826,0.718195796012878,0.826963007450104,0.916594326496124,1.00303077697754,1.0466867685318,1.03788876533508,0.827336549758911,0.668328762054443,0.581248164176941,0.838090240955353,0.572377324104309,0.699561953544617,0.729975581169128,0.510577201843262,0.716694891452789,0.842582762241364,0.933841943740845,0.749861001968384,0.799587726593018,1.05485928058624,0.848122894763947,0.960100889205933,0.345723181962967,0.294199764728546,0.22497496008873,0.215052872896194,0.560051500797272,0.694348037242889,1.13988924026489,0.827957987785339,0.577796697616577,0.215556293725967,0.375184684991837,0.707778453826904,0.932508826255798,0.892565011978149,0.924935579299927,0.965144574642181,0.9727543592453,0.879585742950439,0.928426921367645,0.976024389266968,0.907006204128265,0.269981533288956,0,0.42098480463028,0,0,0,0,0,0,0,0.436457931995392,0.610691368579865,0.581856191158295,0.579075992107391,0.681150734424591,0.333724468946457,0,0,0,0,0,0,0,0,0,0.351288408041,0,0.188149333000183,0,0,0,0,0,0,0,0,0,0,0,0,0,0,0,0,0,0,0,0,0,0,0,0,0,0,0,0,0,0,0,0,0,0,0,0,0,0,0,0,0,0,0,0,0,0,0,0,0,0,0,0,0,0,0,0,0,0,237
Mühldorf a.Inn,0,0,0,0,0,0,0,0,0,0,0,0,0,0,0,0,0,0,0,0,0,0,0,0,0,0,0,0,0,0,0,0,0,0,0,0,0,0,0,0,0,0,0,0,0,0,0,0,0,0,0,0,0,0,0,0,0,0,0,0,0,0,0,0,0,0,0,0,0,0,0,0,0,0,0,0,0,0,0,0,0,0,0,0,0,0,0,0,0,0,0,0,0,0,0,0,0,0,0,0,0,0,0,0,0,0,0,0,0,0,0,0,0,0,0,0,0,0,0,0,0,0,0,0,0,0,0,0,0,0,0,0,0,0,0,0,0,0,0,0,0,0,0,0,0,0,0,0,0.0361708477139473,0.0364640764892101,0,0,0,0,0,0,0,0,0,0,0,0,0,0,0,0,0,0,0,0,0,0,0,0,0,0,0,0,0,0.0786682516336441,0.091029554605484,0,0,0,0,0,0.190008491277695,0.253233432769775,0.285055071115494,0.299027979373932,0.333010017871857,0.254308968782425,0.28547266125679,0.202662378549576,0.311549991369247,0.343464761972427,0.358196496963501,0.340528070926666,0.372958719730377,0.559204697608948,0.576465010643005,0.322185933589935,0.456266611814499,0.584758758544922,0.62945157289505,0.49020591378212,0.474811792373657,0.48822146654129,0.505596280097961,0.681712746620178,0.802107751369476,0.889780580997467,0.881964862346649,0.700421154499054,0.725310981273651,0.890682101249695,0.826446890830994,0.720261216163635,0.608794867992401,0.649535715579987,0.726488947868347,0.884529173374176,0.59844034910202,0.338959157466888,0,0,0,0.535796165466309,0,0.305186718702316,0.511748135089874,0.612858235836029,0.747510433197021,0.800990402698517,0.834325790405273,1.02189159393311,0.790266156196594,0.920938491821289,1.0240775346756,1.11344492435455,1.1628201007843,1.15946388244629,0.931024312973022,0.773686230182648,0.669762194156647,0.942904114723206,0.652544915676117,0.800526440143585,0.84335869550705,0.577165961265564,0.812718331813812,0.94359028339386,1.06143832206726,0.877293467521667,0.911657989025116,1.18267047405243,0.960057497024536,1.10173833370209,0.52221143245697,0.444385796785355,0.339822441339493,0.324835211038589,0.645289361476898,0.792395353317261,1.2901428937912,0.956190943717957,0.729712903499603,0.325595617294312,0.566712737083435,0.845231890678406,1.07696747779846,1.02039074897766,1.05995678901672,1.09811925888062,1.09980225563049,1.01169610023499,1.06621110439301,1.12136268615723,1.05948126316071,0.407804369926453,0,0.487113535404205,0,0,0,0,0,0,0,0.474283069372177,0.708837509155273,0.675781965255737,0.658184707164764,0.779830515384674,0.396802186965942,0,0,0,0,0,0,0,0,0,0.431502163410187,0,0.284197688102722,0,0,0,0,0,0,0,0,0,0,0,0,0,0,0,0,0,0,0,0,0,0,0,0,0,0,0,0,0,0,0,0,0,0,0,0,0,0,0,0,0,0,0,0,0,0,0,0,0,0,0,0,0,0,0,0,0,0,238
München,0,0,0,0,0,0,0,0,0,0,0,0,0,0,0,0,0,0,0,0,0,0,0,0,0,0,0,0,0,0,0,0,0,0,0,0,0,0,0,0,0,0,0,0,0,0,0,0,0,0,0,0,0,0,0,0,0,0,0,0,0,0,0,0,0,0,0,0,0,0,0,0,0,0,0,0,0,0,0,0,0,0,0,0,0,0,0,0,0,0,0,0,0,0,0,0,0,0,0,0,0,0,0,0,0,0,0,0,0,0,0,0,0,0,0,0,0,0,0,0,0,0,0,0,0,0,0,0,0,0,0,0,0,0,0,0,0,0,0,0,0,0,0,0,0,0,0,0,0.0183240808546543,0.0042690159752965,0,0,0,0,0,0,0,0,0,0,0,0,0,0,0,0,0,0,0,0,0,0,0,0,0,0,0,0,0,0.00921005196869373,0.0106572462245822,0,0,0,0,0,0.123640015721321,0.169629648327827,0.186029955744743,0.19843952357769,0.229261130094528,0.0955903083086014,0.176688030362129,0.106973223388195,0.162504300475121,0.176674380898476,0.179861679673195,0.0398671738803387,0.238342016935349,0.367285311222076,0.362223207950592,0.163953319191933,0.285431504249573,0.395591914653778,0.445986658334732,0.32270947098732,0.304099828004837,0.292050987482071,0.349552422761917,0.477249950170517,0.567107915878296,0.638552784919739,0.62696772813797,0.495110750198364,0.523512899875641,0.645290970802307,0.592456459999084,0.497101336717606,0.419883489608765,0.444720357656479,0.535073041915894,0.633064389228821,0.410548180341721,0.039683498442173,0,0,0,0.257472157478333,0,0.270772218704224,0.342251569032669,0.413787215948105,0.521521151065826,0.552707850933075,0.611090362071991,0.718599438667297,0.601983070373535,0.675428509712219,0.743278741836548,0.824988961219788,0.859423041343689,0.84185004234314,0.660140931606293,0.498440980911255,0.438520282506943,0.669078946113586,0.44310799241066,0.53675788640976,0.547146499156952,0.403203517198563,0.561857879161835,0.679709136486053,0.728093981742859,0.544377326965332,0.618875503540039,0.848765254020691,0.667629599571228,0.731711983680725,0.0611376725137234,0.0520262755453587,0.0397845655679703,0.0380299426615238,0.422606319189072,0.536247670650482,0.897606790065765,0.6211838722229,0.332833379507065,0.0381189659237862,0.0663476511836052,0.486136198043823,0.699570596218109,0.686447381973267,0.707215249538422,0.750724375247955,0.767890870571136,0.666559100151062,0.706251323223114,0.741667747497559,0.661141753196716,0.047743521630764,0,0.31435289978981,0,0,0,0,0,0,0,0.375465273857117,0.452431678771973,0.430401861667633,0.451514035463333,0.522030532360077,0.232012286782265,0,0,0,0,0,0,0,0,0,0.221944585442543,0,0.0332723222672939,0,0,0,0,0,0,0,0,0,0,0,0,0,0,0,0,0,0,0,0,0,0,0,0,0,0,0,0,0,0,0,0,0,0,0,0,0,0,0,0,0,0,0,0,0,0,0,0,0,0,0,0,0,0,0,0,0,0,239
Neuburg-Schrobenhausen,0,0,0,0,0,0,0,0,0,0,0,0,0,0,0,0,0,0,0,0,0,0,0,0,0,0,0,0,0,0,0,0,0,0,0,0,0,0,0,0,0,0,0,0,0,0,0,0,0,0,0,0,0,0,0,0,0,0,0,0,0,0,0,0,0,0,0,0,0,0,0,0,0,0,0,0,0,0,0,0,0,0,0,0,0,0,0,0,0,0,0,0,0,0,0,0,0,0,0,0,0,0,0,0,0,0,0,0,0,0,0,0,0,0,0,0,0,0,0,0,0,0,0,0,0,0,0,0,0,0,0,0,0,0,0,0,0,0,0,0,0,0,0,0,0,0,0,0,0.0159576274454594,0,0,0,0,0,0,0,0,0,0,0,0,0,0,0,0,0,0,0,0,0,0,0,0,0,0,0,0,0,0,0,0,0,0,0,0,0,0.114839650690556,0.158543899655342,0.172899380326271,0.185101628303528,0.215504169464111,0.0745444446802139,0.162263348698616,0.0942849814891815,0.142741054296494,0.154558226466179,0.156214758753777,0,0.220492050051689,0.341837108135223,0.333815038204193,0.142971888184547,0.262779027223587,0.370508641004562,0.42165943980217,0.300499677658081,0.28146368265152,0.266039073467255,0.328861236572266,0.450138509273529,0.535947263240814,0.605240345001221,0.59315550327301,0.46788689494133,0.496754795312881,0.612752437591553,0.561429679393768,0.467510670423508,0.394834131002426,0.417562156915665,0.509691596031189,0.599720478057861,0.38563397526741,0,0,0,0,0.220566809177399,0,0.266208916902542,0.31977653503418,0.387390673160553,0.491555362939835,0.519785940647125,0.581489622592926,0.678383409976959,0.577016949653625,0.642874240875244,0.706045210361481,0.786740124225616,0.819193005561829,0.799734950065613,0.624222159385681,0.461943835020065,0.407857984304428,0.632770180702209,0.415336966514587,0.501782536506653,0.507869243621826,0.380136370658875,0.528594195842743,0.644718945026398,0.683892965316772,0.500233113765717,0.580052971839905,0.80448991060257,0.628854155540466,0.682646989822388,0,0,0,0,0.39307889342308,0.502282857894897,0.845557034015656,0.57676237821579,0.280207753181458,0,0,0.438520640134811,0.649528324604034,0.642166972160339,0.660442292690277,0.704660296440125,0.723879873752594,0.620794415473938,0.658521175384521,0.691320776939392,0.608322501182556,0,0,0.291445076465607,0,0,0,0,0,0,0,0.362362176179886,0.418432652950287,0.397864758968353,0.424109816551208,0.487846583127975,0.210161402821541,0,0,0,0,0,0,0,0,0,0.194157555699348,0,0,0,0,0,0,0,0,0,0,0,0,0,0,0,0,0,0,0,0,0,0,0,0,0,0,0,0,0,0,0,0,0,0,0,0,0,0,0,0,0,0,0,0,0,0,0,0,0,0,0,0,0,0,0,0,0,0,0,0,240
Pfaffenhofen a.d.Ilm,0,0,0,0,0,0,0,0,0,0,0,0,0,0,0,0,0,0,0,0,0,0,0,0,0,0,0,0,0,0,0,0,0,0,0,0,0,0,0,0,0,0,0,0,0,0,0,0,0,0,0,0,0,0,0,0,0,0,0,0,0,0,0,0,0,0,0,0,0,0,0,0,0,0,0,0,0,0,0,0,0,0,0,0,0,0,0,0,0,0,0,0,0,0,0,0,0,0,0,0,0,0,0,0,0,0,0,0,0,0,0,0,0,0,0,0,0,0,0,0,0,0,0,0,0,0,0,0,0,0,0,0,0,0,0,0,0,0,0,0,0,0,0,0,0,0,0,0,0.0159576274454594,0,0,0,0,0,0,0,0,0,0,0,0,0,0,0,0,0,0,0,0,0,0,0,0,0,0,0,0,0,0,0,0,0,0,0,0,0,0.114839650690556,0.158543899655342,0.172899380326271,0.185101628303528,0.21550415456295,0.0745444446802139,0.162263348698616,0.0942849814891815,0.142741054296494,0.154558226466179,0.156214758753777,0,0.220492050051689,0.341837108135223,0.333815038204193,0.142971888184547,0.262779027223587,0.370508641004562,0.42165943980217,0.300499677658081,0.28146368265152,0.266039073467255,0.328861236572266,0.450138449668884,0.535947263240814,0.605240404605865,0.59315550327301,0.46788689494133,0.496754795312881,0.612752437591553,0.561429619789124,0.467510640621185,0.394834101200104,0.417562127113342,0.509691596031189,0.599720537662506,0.385633945465088,0,0,0,0,0.220566809177399,0,0.266208916902542,0.31977653503418,0.387390673160553,0.491555333137512,0.519785940647125,0.581489622592926,0.678383409976959,0.577016949653625,0.642874240875244,0.706045210361481,0.786740124225616,0.819193005561829,0.799734950065613,0.624222159385681,0.461943864822388,0.407857954502106,0.632770180702209,0.415336936712265,0.501782536506653,0.507869184017181,0.380136370658875,0.528594136238098,0.644718945026398,0.683892965316772,0.500233113765717,0.58005291223526,0.804489850997925,0.628854155540466,0.682646989822388,0,0,0,0,0.393078863620758,0.502282857894897,0.845557034015656,0.57676237821579,0.280207753181458,0,0,0.438520640134811,0.649528324604034,0.642166972160339,0.660442292690277,0.704660296440125,0.723879873752594,0.620794475078583,0.658521175384521,0.691320776939392,0.608322501182556,0,0,0.291445076465607,0,0,0,0,0,0,0,0.362362176179886,0.418432652950287,0.397864758968353,0.424109846353531,0.487846612930298,0.210161402821541,0,0,0,0,0,0,0,0,0,0.194157555699348,0,0,0,0,0,0,0,0,0,0,0,0,0,0,0,0,0,0,0,0,0,0,0,0,0,0,0,0,0,0,0,0,0,0,0,0,0,0,0,0,0,0,0,0,0,0,0,0,0,0,0,0,0,0,0,0,0,0,0,0,241
Rosenheim,0,0,0,0,0,0,0,0,0,0,0,0,0,0,0,0,0,0,0,0,0,0,0,0,0,0,0,0,0,0,0,0,0,0,0,0,0,0,0,0,0,0,0,0,0,0,0,0,0,0,0,0,0,0,0,0,0,0,0,0,0,0,0,0,0,0,0,0,0,0,0,0,0,0,0,0,0,0,0,0,0,0,0,0,0,0,0,0,0,0,0,0,0,0,0,0,0,0,0,0,0,0,0,0,0,0,0,0,0,0,0,0,0,0,0,0,0,0,0,0,0,0,0,0,0,0,0,0,0,0,0,0,0,0,0,0,0,0,0,0,0,0,0,0,0,0,0,0,0.0361708477139473,0.0364640727639198,0,0,0,0,0,0,0,0,0,0,0,0,0,0,0,0,0,0,0,0,0,0,0,0,0,0,0,0,0,0.0786682516336441,0.091029554605484,0,0,0,0,0,0.190008491277695,0.253233402967453,0.285055071115494,0.299027979373932,0.333010017871857,0.254308998584747,0.285472691059113,0.202662378549576,0.311549991369247,0.343464761972427,0.358196496963501,0.340528041124344,0.372958689928055,0.559204757213593,0.576465010643005,0.322185903787613,0.456266611814499,0.584758818149567,0.62945157289505,0.490205883979797,0.474811762571335,0.488221436738968,0.505596280097961,0.681712746620178,0.802107751369476,0.889780521392822,0.881964862346649,0.700421094894409,0.725310981273651,0.89068204164505,0.826446890830994,0.720261216163635,0.608794867992401,0.649535715579987,0.726488947868347,0.884529232978821,0.598440289497375,0.338959157466888,0,0,0,0.535796165466309,0,0.305186718702316,0.511748194694519,0.612858235836029,0.747510492801666,0.800990402698517,0.834325730800629,1.0218917131424,0.790266156196594,0.920938551425934,1.02407765388489,1.11344492435455,1.1628201007843,1.15946388244629,0.931024372577667,0.773686170578003,0.669762194156647,0.942904114723206,0.652544915676117,0.800526440143585,0.84335869550705,0.577165961265564,0.812718331813812,0.943590342998505,1.06143844127655,0.877293467521667,0.911657989025116,1.18267047405243,0.960057497024536,1.10173833370209,0.522211372852325,0.444385826587677,0.339822441339493,0.324835211038589,0.645289361476898,0.792395412921906,1.2901428937912,0.956190943717957,0.729712903499603,0.325595617294312,0.566712737083435,0.845231890678406,1.07696747779846,1.02039074897766,1.05995678901672,1.09811925888062,1.09980237483978,1.01169610023499,1.06621110439301,1.12136268615723,1.05948126316071,0.407804399728775,0,0.487113535404205,0,0,0,0,0,0,0,0.4742830991745,0.708837568759918,0.675781965255737,0.65818464756012,0.779830574989319,0.39680215716362,0,0,0,0,0,0,0,0,0,0.431502163410187,0,0.284197688102722,0,0,0,0,0,0,0,0,0,0,0,0,0,0,0,0,0,0,0,0,0,0,0,0,0,0,0,0,0,0,0,0,0,0,0,0,0,0,0,0,0,0,0,0,0,0,0,0,0,0,0,0,0,0,0,0,0,0,242
Starnberg,0,0,0,0,0,0,0,0,0,0,0,0,0,0,0,0,0,0,0,0,0,0,0,0,0,0,0,0,0,0,0,0,0,0,0,0,0,0,0,0,0,0,0,0,0,0,0,0,0,0,0,0,0,0,0,0,0,0,0,0,0,0,0,0,0,0,0,0,0,0,0,0,0,0,0,0,0,0,0,0,0,0,0,0,0,0,0,0,0,0,0,0,0,0,0,0,0,0,0,0,0,0,0,0,0,0,0,0,0,0,0,0,0,0,0,0,0,0,0,0,0,0,0,0,0,0,0,0,0,0,0,0,0,0,0,0,0,0,0,0,0,0,0,0,0,0,0,0,0.0159576255828142,0,0,0,0,0,0,0,0,0,0,0,0,0,0,0,0,0,0,0,0,0,0,0,0,0,0,0,0,0,0,0,0,0,0,0,0,0,0.114839643239975,0.158543899655342,0.17289936542511,0.185101628303528,0.215504169464111,0.0745444521307945,0.162263348698616,0.0942849740386009,0.142741054296494,0.15455824136734,0.156214758753777,0,0.220492035150528,0.341837078332901,0.333815038204193,0.142971903085709,0.262779057025909,0.370508670806885,0.421659469604492,0.300499677658081,0.28146368265152,0.266039073467255,0.328861236572266,0.450138479471207,0.535947263240814,0.605240345001221,0.59315550327301,0.467886865139008,0.496754795312881,0.612752437591553,0.561429679393768,0.467510670423508,0.394834131002426,0.417562156915665,0.509691596031189,0.599720478057861,0.38563397526741,0,0,0,0,0.220566809177399,0,0.266208916902542,0.31977653503418,0.387390643358231,0.491555333137512,0.519785940647125,0.581489682197571,0.678383350372314,0.577016949653625,0.642874240875244,0.706045210361481,0.786740124225616,0.819192945957184,0.799734890460968,0.624222159385681,0.461943835020065,0.407857984304428,0.632770121097565,0.415336936712265,0.501782536506653,0.507869243621826,0.380136400461197,0.528594136238098,0.644718885421753,0.683892965316772,0.500233113765717,0.580052971839905,0.80448991060257,0.628854095935822,0.682646989822388,0,0,0,0,0.39307889342308,0.502282857894897,0.845557034015656,0.57676237821579,0.280207753181458,0,0,0.438520669937134,0.64952826499939,0.642166912555695,0.660442233085632,0.704660296440125,0.723879933357239,0.620794475078583,0.658521175384521,0.691320776939392,0.608322501182556,0,0,0.291445076465607,0,0,0,0,0,0,0,0.362362176179886,0.418432682752609,0.397864788770676,0.424109816551208,0.487846612930298,0.210161402821541,0,0,0,0,0,0,0,0,0,0.194157555699348,0,0,0,0,0,0,0,0,0,0,0,0,0,0,0,0,0,0,0,0,0,0,0,0,0,0,0,0,0,0,0,0,0,0,0,0,0,0,0,0,0,0,0,0,0,0,0,0,0,0,0,0,0,0,0,0,0,0,0,0,243
Traunstein,0,0,0,0,0,0,0,0,0,0,0,0,0,0,0,0,0,0,0,0,0,0,0,0,0,0,0,0,0,0,0,0,0,0,0,0,0,0,0,0,0,0,0,0,0,0,0,0,0,0,0,0,0,0,0,0,0,0,0,0,0,0,0,0,0,0,0,0,0,0,0,0,0,0,0,0,0,0,0,0,0,0,0,0,0,0,0,0,0,0,0,0,0,0,0,0,0,0,0,0,0,0,0,0,0,0,0,0,0,0,0,0,0,0,0,0,0,0,0,0,0,0,0,0,0,0,0,0,0,0,0,0,0,0,0,0,0,0,0,0,0,0,0,0,0,0,0,0,0.0361708477139473,0.0364640764892101,0,0,0,0,0,0,0,0,0,0,0,0,0,0,0,0,0,0,0,0,0,0,0,0,0,0,0,0,0,0.0786682516336441,0.0910295620560646,0,0,0,0,0,0.190008491277695,0.253233432769775,0.285055071115494,0.299028009176254,0.333010017871857,0.254308998584747,0.28547266125679,0.202662378549576,0.311549991369247,0.34346479177475,0.358196496963501,0.340528070926666,0.372958719730377,0.559204757213593,0.576465010643005,0.322185903787613,0.456266611814499,0.584758818149567,0.62945157289505,0.490205854177475,0.474811792373657,0.48822146654129,0.505596280097961,0.681712746620178,0.802107751369476,0.889780521392822,0.881964921951294,0.700421154499054,0.725310981273651,0.89068204164505,0.826446890830994,0.72026127576828,0.608794867992401,0.649535655975342,0.726488947868347,0.884529232978821,0.598440289497375,0.338959157466888,0,0,0,0.535796165466309,0,0.305186718702316,0.511748194694519,0.612858235836029,0.747510433197021,0.800990402698517,0.834325790405273,1.0218917131424,0.790266156196594,0.920938491821289,1.0240775346756,1.11344492435455,1.1628201007843,1.15946388244629,0.931024312973022,0.773686170578003,0.669762134552002,0.942904114723206,0.652544915676117,0.800526440143585,0.84335869550705,0.577165961265564,0.812718331813812,0.943590342998505,1.06143832206726,0.877293467521667,0.911657989025116,1.18267047405243,0.960057437419891,1.10173833370209,0.52221143245697,0.444385796785355,0.339822441339493,0.324835211038589,0.645289361476898,0.792395353317261,1.2901428937912,0.956190943717957,0.729712903499603,0.325595617294312,0.566712737083435,0.845231890678406,1.07696747779846,1.02039074897766,1.05995678901672,1.09811925888062,1.09980237483978,1.0116959810257,1.06621110439301,1.12136268615723,1.05948126316071,0.407804399728775,0,0.487113535404205,0,0,0,0,0,0,0,0.4742830991745,0.708837509155273,0.675781965255737,0.658184707164764,0.779830574989319,0.39680215716362,0,0,0,0,0,0,0,0,0,0.431502163410187,0,0.284197688102722,0,0,0,0,0,0,0,0,0,0,0,0,0,0,0,0,0,0,0,0,0,0,0,0,0,0,0,0,0,0,0,0,0,0,0,0,0,0,0,0,0,0,0,0,0,0,0,0,0,0,0,0,0,0,0,0,0,0,244
Weilheim-Schongau,0,0,0,0,0,0,0,0,0,0,0,0,0,0,0,0,0,0,0,0,0,0,0,0,0,0,0,0,0,0,0,0,0,0,0,0,0,0,0,0,0,0,0,0,0,0,0,0,0,0,0,0,0,0,0,0,0,0,0,0,0,0,0,0,0,0,0,0,0,0,0,0,0,0,0,0,0,0,0,0,0,0,0,0,0,0,0,0,0,0,0,0,0,0,0,0,0,0,0,0,0,0,0,0,0,0,0,0,0,0,0,0,0,0,0,0,0,0,0,0,0,0,0,0,0,0,0,0,0,0,0,0,0,0,0,0,0,0,0,0,0,0,0,0,0,0,0,0,0.0159576255828142,0,0,0,0,0,0,0,0,0,0,0,0,0,0,0,0,0,0,0,0,0,0,0,0,0,0,0,0,0,0,0,0,0,0,0,0,0,0.114839643239975,0.158543899655342,0.17289936542511,0.185101628303528,0.215504169464111,0.0745444521307945,0.162263348698616,0.0942849814891815,0.142741054296494,0.154558226466179,0.156214743852615,0,0.220492035150528,0.341837078332901,0.333815038204193,0.142971888184547,0.262779027223587,0.370508641004562,0.42165943980217,0.300499677658081,0.28146368265152,0.266039073467255,0.328861206769943,0.450138479471207,0.535947263240814,0.605240345001221,0.59315550327301,0.467886865139008,0.496754795312881,0.612752437591553,0.561429619789124,0.467510670423508,0.394834101200104,0.417562156915665,0.509691596031189,0.599720478057861,0.38563397526741,0,0,0,0,0.220566809177399,0,0.266208916902542,0.31977653503418,0.387390673160553,0.491555333137512,0.519785940647125,0.581489682197571,0.678383350372314,0.577016949653625,0.642874240875244,0.706045150756836,0.786740124225616,0.819193005561829,0.799734890460968,0.624222159385681,0.461943864822388,0.407857954502106,0.632770180702209,0.415336936712265,0.501782536506653,0.507869243621826,0.380136370658875,0.528594136238098,0.644718945026398,0.683892905712128,0.500233113765717,0.58005291223526,0.804489850997925,0.628854095935822,0.682646989822388,0,0,0,0,0.39307889342308,0.502282857894897,0.845557034015656,0.57676237821579,0.280207753181458,0,0,0.438520640134811,0.649528324604034,0.642166912555695,0.660442233085632,0.704660296440125,0.723879933357239,0.620794415473938,0.658521175384521,0.691320776939392,0.608322560787201,0,0,0.291445076465607,0,0,0,0,0,0,0,0.362362176179886,0.418432652950287,0.397864788770676,0.424109816551208,0.487846583127975,0.210161402821541,0,0,0,0,0,0,0,0,0,0.19415757060051,0,0,0,0,0,0,0,0,0,0,0,0,0,0,0,0,0,0,0,0,0,0,0,0,0,0,0,0,0,0,0,0,0,0,0,0,0,0,0,0,0,0,0,0,0,0,0,0,0,0,0,0,0,0,0,0,0,0,0,0,245
Landshut,0,0,0,0,0,0,0,0,0,0,0,0,0,0,0,0,0,0,0,0,0,0,0,0,0,0,0,0,0,0,0,0,0,0,0,0,0,0,0,0,0,0,0,0,0,0,0,0,0,0,0,0,0,0,0,0,0,0,0,0,0,0,0,0,0,0,0,0,0,0,0,0,0,0,0,0,0,0,0,0,0,0,0,0,0,0,0,0,0,0,0,0,0,0,0,0,0,0,0,0,0,0,0,0,0,0,0,0,0,0,0,0,0,0,0,0,0,0,0,0,0,0,0,0,0,0,0,0,0,0,0,0,0,0,0,0,0,0,0,0,0,0,0,0,0,0,0,0,0.036170843988657,0.0364640727639198,0,0,0,0,0,0,0,0,0,0,0,0,0,0,0,0,0,0,0,0,0,0,0,0,0,0,0,0,0,0.0786682516336441,0.091029554605484,0,0,0,0,0,0.190008491277695,0.253233432769775,0.285055071115494,0.299028009176254,0.333010017871857,0.254308968782425,0.28547266125679,0.202662378549576,0.311549991369247,0.343464761972427,0.358196496963501,0.340528041124344,0.372958719730377,0.559204757213593,0.576465010643005,0.322185903787613,0.456266611814499,0.584758758544922,0.62945157289505,0.490205883979797,0.474811762571335,0.48822146654129,0.505596280097961,0.681712746620178,0.802107751369476,0.889780580997467,0.881964862346649,0.700421094894409,0.725310981273651,0.89068204164505,0.826446950435638,0.72026127576828,0.608794867992401,0.649535655975342,0.726488947868347,0.884529232978821,0.59844034910202,0.338959157466888,0,0,0,0.535796165466309,0,0.305186718702316,0.511748194694519,0.612858235836029,0.747510433197021,0.800990402698517,0.834325730800629,1.02189159393311,0.790266156196594,0.920938551425934,1.02407765388489,1.11344492435455,1.1628201007843,1.15946388244629,0.931024312973022,0.773686170578003,0.669762194156647,0.942904114723206,0.652544915676117,0.800526440143585,0.84335869550705,0.577165961265564,0.812718331813812,0.943590342998505,1.06143832206726,0.877293467521667,0.911657989025116,1.18267047405243,0.960057437419891,1.10173833370209,0.52221143245697,0.444385796785355,0.339822441339493,0.324835240840912,0.645289361476898,0.792395353317261,1.2901428937912,0.956190884113312,0.729712903499603,0.325595617294312,0.566712737083435,0.845231890678406,1.07696747779846,1.02039074897766,1.05995678901672,1.09811913967133,1.09980225563049,1.01169610023499,1.06621110439301,1.12136268615723,1.05948126316071,0.407804369926453,0,0.487113535404205,0,0,0,0,0,0,0,0.4742830991745,0.708837568759918,0.675781965255737,0.658184707164764,0.779830574989319,0.39680215716362,0,0,0,0,0,0,0,0,0,0.431502163410187,0,0.284197717905045,0,0,0,0,0,0,0,0,0,0,0,0,0,0,0,0,0,0,0,0,0,0,0,0,0,0,0,0,0,0,0,0,0,0,0,0,0,0,0,0,0,0,0,0,0,0,0,0,0,0,0,0,0,0,0,0,0,0,246
Passau,0,0,0,0,0,0,0,0,0,0,0,0,0,0,0,0,0,0,0,0,0,0,0,0,0,0,0,0,0,0,0,0,0,0,0,0,0,0,0,0,0,0,0,0,0,0,0,0,0,0,0,0,0,0,0,0,0,0,0,0,0,0,0,0,0,0,0,0,0,0,0,0,0,0,0,0,0,0,0,0,0,0,0,0,0,0,0,0,0,0,0,0,0,0,0,0,0,0,0,0,0,0,0,0,0,0,0,0,0,0,0,0,0,0,0,0,0,0,0,0,0,0,0,0,0,0,0,0,0,0,0,0,0,0,0,0,0,0,0,0,0,0,0,0,0,0,0,0,0.0246248040348291,0.0279278885573149,0,0,0,0,0,0,0,0,0,0,0,0,0,0,0,0,0,0,0,0,0,0,0,0,0,0,0,0,0,0.0609061866998672,0.069394163787365,0,0,0,0,0,0.131577387452126,0.181365758180618,0.210607439279556,0.208036258816719,0.243000939488411,0.202543362975121,0.199970692396164,0.154587537050247,0.251814335584641,0.297022640705109,0.312202006578445,0.355476230382919,0.318659365177155,0.440311461687088,0.446428120136261,0.266753315925598,0.353831827640533,0.469393074512482,0.464117050170898,0.395197868347168,0.384968131780624,0.414053291082382,0.422227203845978,0.536856412887573,0.656533122062683,0.708943367004395,0.700387358665466,0.546454727649689,0.592241644859314,0.705217480659485,0.692704737186432,0.566730380058289,0.490702778100967,0.520033061504364,0.498610287904739,0.692916989326477,0.500642716884613,0.300670236349106,0,0,0,0.398952692747116,0,0.248647481203079,0.379127889871597,0.443837344646454,0.573045790195465,0.633840024471283,0.638581991195679,0.826005637645721,0.625494778156281,0.703192830085754,0.830128908157349,0.917471587657928,0.957200467586517,0.953170597553253,0.751546621322632,0.66469395160675,0.598543703556061,0.752121329307556,0.578404724597931,0.647492408752441,0.649248003959656,0.440336316823959,0.59038919210434,0.715043723583221,0.843860924243927,0.768755555152893,0.708033204078674,0.932643175125122,0.794118165969849,0.920505702495575,0.577923476696014,0.341695338487625,0,0,0.474393874406815,0.524747371673584,1.04071116447449,0.836260199546814,0.720880806446075,0,0.544060468673706,0.796910226345062,0.962511301040649,0.903949677944183,0.936321258544922,0.922646999359131,0.932494521141052,0.828749537467957,0.876498937606812,1.00787019729614,0.865993857383728,0.399494796991348,0,0.381126224994659,0,0,0,0,0,0,0,0,0.520184218883514,0.530739545822144,0.468130886554718,0.549824178218842,0,0,0,0,0,0,0,0,0,0,0.328932106494904,0,0,0,0,0,0,0,0,0,0,0,0,0,0,0,0,0,0,0,0,0,0,0,0,0,0,0,0,0,0,0,0,0,0,0,0,0,0,0,0,0,0,0,0,0,0,0,0,0,0,0,0,0,0,0,0,0,0,0,0,247
Straubing,0,0,0,0,0,0,0,0,0,0,0,0,0,0,0,0,0,0,0,0,0,0,0,0,0,0,0,0,0,0,0,0,0,0,0,0,0,0,0,0,0,0,0,0,0,0,0,0,0,0,0,0,0,0,0,0,0,0,0,0,0,0,0,0,0,0,0,0,0,0,0,0,0,0,0,0,0,0,0,0,0,0,0,0,0,0,0,0,0,0,0,0,0,0,0,0,0,0,0,0,0,0,0,0,0,0,0,0,0,0,0,0,0,0,0,0,0,0,0,0,0,0,0,0,0,0,0,0,0,0,0,0,0,0,0,0,0,0,0,0,0,0,0,0,0,0,0,0,0.0361708477139473,0.0364640727639198,0,0,0,0,0,0,0,0,0,0,0,0,0,0,0,0,0,0,0,0,0,0,0,0,0,0,0,0,0,0.0786682590842247,0.091029554605484,0,0,0,0,0,0.190008506178856,0.253233432769775,0.285055041313171,0.299027979373932,0.333010017871857,0.254308998584747,0.28547266125679,0.202662378549576,0.311549991369247,0.343464761972427,0.358196496963501,0.340528070926666,0.372958689928055,0.559204757213593,0.576464951038361,0.322185933589935,0.456266611814499,0.584758818149567,0.62945157289505,0.490205883979797,0.474811792373657,0.48822146654129,0.505596280097961,0.681712746620178,0.802107751369476,0.889780521392822,0.881964921951294,0.700421154499054,0.725310981273651,0.890682101249695,0.826446950435638,0.720261216163635,0.608794867992401,0.649535715579987,0.726488947868347,0.884529232978821,0.598440289497375,0.338959157466888,0,0,0,0.535796165466309,0,0.305186748504639,0.511748135089874,0.612858235836029,0.747510492801666,0.800990402698517,0.834325730800629,1.0218917131424,0.790266156196594,0.920938491821289,1.0240775346756,1.11344504356384,1.1628201007843,1.15946388244629,0.931024312973022,0.773686170578003,0.669762134552002,0.942904114723206,0.652544915676117,0.800526440143585,0.84335869550705,0.577165961265564,0.812718331813812,0.94359028339386,1.06143832206726,0.877293527126312,0.911658048629761,1.18267047405243,0.960057497024536,1.1017382144928,0.522211372852325,0.444385796785355,0.339822441339493,0.324835211038589,0.645289361476898,0.792395353317261,1.2901428937912,0.956190884113312,0.729712903499603,0.325595617294312,0.566712737083435,0.845231950283051,1.07696747779846,1.02039074897766,1.05995678901672,1.09811925888062,1.09980225563049,1.01169610023499,1.06621110439301,1.12136280536652,1.05948126316071,0.407804399728775,0,0.487113535404205,0,0,0,0,0,0,0,0.4742830991745,0.708837568759918,0.675781965255737,0.658184707164764,0.779830515384674,0.396802186965942,0,0,0,0,0,0,0,0,0,0.431502163410187,0,0.284197688102722,0,0,0,0,0,0,0,0,0,0,0,0,0,0,0,0,0,0,0,0,0,0,0,0,0,0,0,0,0,0,0,0,0,0,0,0,0,0,0,0,0,0,0,0,0,0,0,0,0,0,0,0,0,0,0,0,0,0,248
Deggendorf,0,0,0,0,0,0,0,0,0,0,0,0,0,0,0,0,0,0,0,0,0,0,0,0,0,0,0,0,0,0,0,0,0,0,0,0,0,0,0,0,0,0,0,0,0,0,0,0,0,0,0,0,0,0,0,0,0,0,0,0,0,0,0,0,0,0,0,0,0,0,0,0,0,0,0,0,0,0,0,0,0,0,0,0,0,0,0,0,0,0,0,0,0,0,0,0,0,0,0,0,0,0,0,0,0,0,0,0,0,0,0,0,0,0,0,0,0,0,0,0,0,0,0,0,0,0,0,0,0,0,0,0,0,0,0,0,0,0,0,0,0,0,0,0,0,0,0,0,0.0361510738730431,0.0364494547247887,0,0,0,0,0,0,0,0,0,0,0,0,0,0,0,0,0,0,0,0,0,0,0,0,0,0,0,0,0,0.0786378309130669,0.0909925028681755,0,0,0,0,0,0.189908415079117,0.253110319375992,0.284927576780319,0.298872143030167,0.332855850458145,0.254220336675644,0.285326212644577,0.202580034732819,0.311447709798813,0.343385219573975,0.35811772942543,0.34055370092392,0.372865706682205,0.55900114774704,0.57624226808548,0.322090983390808,0.456091195344925,0.584561228752136,0.629168391227722,0.490043163299561,0.474657893180847,0.488094419240952,0.505453526973724,0.681464672088623,0.801858484745026,0.889470815658569,0.881653904914856,0.700157463550568,0.72508305311203,0.890364468097687,0.826217830181122,0.719998240470886,0.608592629432678,0.649313926696777,0.726098656654358,0.884201049804688,0.598272800445557,0.338893592357635,0,0,0,0.535561800003052,0,0.305089920759201,0.51152104139328,0.612568736076355,0.747211694717407,0.800704121589661,0.833990454673767,1.02155613899231,0.789983928203583,0.920565605163574,1.02374541759491,1.11310935020447,1.16246795654297,1.15911054611206,0.930716931819916,0.773499548435211,0.669640183448792,0.942577421665192,0.652417957782745,0.800264298915863,0.843026220798492,0.576931655406952,0.812337577342987,0.94319885969162,1.06106567382813,0.877107620239258,0.911309242248535,1.18224227428436,0.959773302078247,1.1014279127121,0.522306859493256,0.444209903478622,0.339240372180939,0.324278831481934,0.644996702671051,0.791936993598938,1.28971576690674,0.955985546112061,0.72969776391983,0.325037926435471,0.566673934459686,0.845149219036102,1.07677149772644,1.02019131183624,1.05974507331848,1.09781873226166,1.0995157957077,1.01138269901276,1.06588625907898,1.12116837501526,1.05914986133575,0.407790154218674,0,0.486932009458542,0,0,0,0,0,0,0,0.473470747470856,0.708514451980591,0.675533592700958,0.657859206199646,0.779436588287354,0.396122515201569,0,0,0,0,0,0,0,0,0,0.431326508522034,0,0.283710926771164,0,0,0,0,0,0,0,0,0,0,0,0,0,0,0,0,0,0,0,0,0,0,0,0,0,0,0,0,0,0,0,0,0,0,0,0,0,0,0,0,0,0,0,0,0,0,0,0,0,0,0,0,0,0,0,0,0,0,249
Freyung-Grafenau,0,0,0,0,0,0,0,0,0,0,0,0,0,0,0,0,0,0,0,0,0,0,0,0,0,0,0,0,0,0,0,0,0,0,0,0,0,0,0,0,0,0,0,0,0,0,0,0,0,0,0,0,0,0,0,0,0,0,0,0,0,0,0,0,0,0,0,0,0,0,0,0,0,0,0,0,0,0,0,0,0,0,0,0,0,0,0,0,0,0,0,0,0,0,0,0,0,0,0,0,0,0,0,0,0,0,0,0,0,0,0,0,0,0,0,0,0,0,0,0,0,0,0,0,0,0,0,0,0,0,0,0,0,0,0,0,0,0,0,0,0,0,0,0,0,0,0,0,0.0249353405088186,0.0281574726104736,0,0,0,0,0,0,0,0,0,0,0,0,0,0,0,0,0,0,0,0,0,0,0,0,0,0,0,0,0,0.0613839104771614,0.0699760541319847,0,0,0,0,0,0.133148908615112,0.183298677206039,0.212609738111496,0.210483521223068,0.245421767234802,0.203935623168945,0.202270299196243,0.15588054060936,0.253420948982239,0.298271745443344,0.313439041376114,0.355074226856232,0.320119798183441,0.443509131669998,0.449925512075424,0.268244206905365,0.356586813926697,0.472495883703232,0.468563824892044,0.397753179073334,0.387384504079819,0.41604807972908,0.424469470977783,0.540752351284027,0.660448372364044,0.713806986808777,0.705271005630493,0.550595700740814,0.595820546150208,0.710205614566803,0.696301758289337,0.570859611034393,0.493878871202469,0.523516118526459,0.504739165306091,0.698070526123047,0.503273069858551,0.301700055599213,0,0,0,0.402633130550385,0,0.250168114900589,0.382694780826569,0.448383241891861,0.577738106250763,0.638335645198822,0.643846571445465,0.831274092197418,0.629926383495331,0.709049165248871,0.835345268249512,0.922742426395416,0.962730646133423,0.95871889591217,0.756373763084412,0.667625308036804,0.600459098815918,0.757252514362335,0.580398797988892,0.651608288288116,0.654468715190887,0.444016426801682,0.596368849277496,0.721190571784973,0.849712789058685,0.771674752235413,0.713509738445282,0.939367711544037,0.798581182956696,0.925379991531372,0.576425075531006,0.344457268714905,0.00913965422660112,0.00873656664043665,0.478990167379379,0.531945824623108,1.04741966724396,0.839485764503479,0.721118271350861,0.00875701848417521,0.5446697473526,0.798209846019745,0.965589702129364,0.907081365585327,0.939646482467651,0.927366375923157,0.936994314193726,0.833669900894165,0.881601333618164,1.01092267036438,0.871197760105133,0.399718284606934,0,0.38397678732872,0,0,0,0,0,0,0,0.0127560244873166,0.525258123874664,0.534640550613403,0.473242491483688,0.5560103058815,0.0106721455231309,0,0,0,0,0,0,0,0,0,0.331690758466721,0,0.00764360465109348,0,0,0,0,0,0,0,0,0,0,0,0,0,0,0,0,0,0,0,0,0,0,0,0,0,0,0,0,0,0,0,0,0,0,0,0,0,0,0,0,0,0,0,0,0,0,0,0,0,0,0,0,0,0,0,0,0,0,250
Kelheim,0,0,0,0,0,0,0,0,0,0,0,0,0,0,0,0,0,0,0,0,0,0,0,0,0,0,0,0,0,0,0,0,0,0,0,0,0,0,0,0,0,0,0,0,0,0,0,0,0,0,0,0,0,0,0,0,0,0,0,0,0,0,0,0,0,0,0,0,0,0,0,0,0,0,0,0,0,0,0,0,0,0,0,0,0,0,0,0,0,0,0,0,0,0,0,0,0,0,0,0,0,0,0,0,0,0,0,0,0,0,0,0,0,0,0,0,0,0,0,0,0,0,0,0,0,0,0,0,0,0,0,0,0,0,0,0,0,0,0,0,0,0,0,0,0,0,0,0,0.0319536291062832,0.0291192699223757,0,0,0,0,0,0,0,0,0,0,0,0,0,0,0,0,0,0,0,0,0,0,0,0.000845460745040327,0,0,0,0,0,0.0620705187320709,0.0718237832188606,0.00126248050946742,0,0,0,0.00217779306694865,0.174870476126671,0.233870908617973,0.261991858482361,0.275571346282959,0.308904230594635,0.217178046703339,0.259644448757172,0.177671581506729,0.276857793331146,0.305070012807846,0.317572295665741,0.273431956768036,0.341293752193451,0.514076113700867,0.526288032531738,0.285417824983597,0.416557520627975,0.540398240089417,0.586519181728363,0.45119833946228,0.435186684131622,0.443311363458633,0.470426857471466,0.634210288524628,0.747049450874329,0.830992043018341,0.82091760635376,0.650792360305786,0.678110182285309,0.833339989185333,0.772420406341553,0.667087495326996,0.563141465187073,0.600568652153015,0.679678678512573,0.825322449207306,0.551416397094727,0.267444252967834,0,0,0,0.471968799829483,0.00274056987836957,0.294876724481583,0.472895413637161,0.564058840274811,0.692786514759064,0.742523431777954,0.779915750026703,0.950764119625092,0.746425867080688,0.86235910654068,0.958241581916809,1.04592847824097,1.09194421768188,1.08515810966492,0.867573618888855,0.711747407913208,0.619024217128754,0.878925144672394,0.604542374610901,0.738822996616364,0.773819088935852,0.536702275276184,0.754121005535126,0.880453050136566,0.982596933841705,0.797854065895081,0.842114865779877,1.103346824646,0.891830444335938,1.01470863819122,0.419949114322662,0.356875211000443,0.268125385046005,0.256300210952759,0.592455804347992,0.731149733066559,1.19671523571014,0.877499878406525,0.636837363243103,0.256900191307068,0.456679612398148,0.762504398822784,0.989153504371643,0.94500994682312,0.978381454944611,1.01738631725311,1.02297961711884,0.932423889636993,0.983269155025482,1.03388285636902,0.967091619968414,0.321764260530472,0,0.447956442832947,0,0,0,0,0,0,0,0.447281062602997,0.646464467048645,0.614399611949921,0.608140408992767,0.713004231452942,0.352687537670135,0,0,0,0,0,0,0,0,0,0.377050518989563,0,0.226357594132423,0,0,0,0,0,0,0,0,0,0,0,0,0,0.00567414285615087,0.00203563645482063,0,0,0,0,0,0,0,0,0,0,0,0,0,0,0,0,0,0,0,0,0,0,0,0,0,0,0,0,0,0,0,0,0,0,0,0,0,0,0,0,0,0,0,251
Landshut,0,0,0,0,0,0,0,0,0,0,0,0,0,0,0,0,0,0,0,0,0,0,0,0,0,0,0,0,0,0,0,0,0,0,0,0,0,0,0,0,0,0,0,0,0,0,0,0,0,0,0,0,0,0,0,0,0,0,0,0,0,0,0,0,0,0,0,0,0,0,0,0,0,0,0,0,0,0,0,0,0,0,0,0,0,0,0,0,0,0,0,0,0,0,0,0,0,0,0,0,0,0,0,0,0,0,0,0,0,0,0,0,0,0,0,0,0,0,0,0,0,0,0,0,0,0,0,0,0,0,0,0,0,0,0,0,0,0,0,0,0,0,0,0,0,0,0,0,0.0361708477139473,0.0364640764892101,0,0,0,0,0,0,0,0,0,0,0,0,0,0,0,0,0,0,0,0,0,0,0,0,0,0,0,0,0,0.0786682516336441,0.091029554605484,0,0,0,0,0,0.190008491277695,0.253233402967453,0.285055071115494,0.299027979373932,0.333010017871857,0.254308998584747,0.28547266125679,0.202662378549576,0.311549991369247,0.343464761972427,0.358196496963501,0.340528070926666,0.372958719730377,0.559204697608948,0.576465010643005,0.322185903787613,0.456266641616821,0.584758758544922,0.62945157289505,0.490205883979797,0.474811762571335,0.48822146654129,0.505596280097961,0.681712746620178,0.802107751369476,0.889780521392822,0.881964862346649,0.700421154499054,0.725310981273651,0.89068204164505,0.826446950435638,0.720261216163635,0.608794867992401,0.649535715579987,0.726488947868347,0.884529173374176,0.598440289497375,0.338959157466888,0,0,0,0.535796165466309,0,0.305186718702316,0.511748194694519,0.612858176231384,0.747510433197021,0.800990402698517,0.834325730800629,1.0218917131424,0.790266156196594,0.920938491821289,1.0240775346756,1.11344504356384,1.1628201007843,1.15946388244629,0.931024312973022,0.773686170578003,0.669762134552002,0.942904114723206,0.652544915676117,0.800526440143585,0.84335869550705,0.577165961265564,0.812718331813812,0.94359028339386,1.06143832206726,0.877293467521667,0.911657989025116,1.18267035484314,0.960057437419891,1.10173833370209,0.522211372852325,0.444385796785355,0.339822471141815,0.324835211038589,0.645289361476898,0.792395353317261,1.2901428937912,0.956190943717957,0.729712903499603,0.325595617294312,0.566712737083435,0.845231890678406,1.07696747779846,1.02039074897766,1.05995678901672,1.09811925888062,1.09980237483978,1.01169610023499,1.06621110439301,1.12136280536652,1.05948126316071,0.407804399728775,0,0.487113535404205,0,0,0,0,0,0,0,0.474283128976822,0.708837509155273,0.675781965255737,0.65818464756012,0.779830574989319,0.39680215716362,0,0,0,0,0,0,0,0,0,0.431502163410187,0,0.284197688102722,0,0,0,0,0,0,0,0,0,0,0,0,0,0,0,0,0,0,0,0,0,0,0,0,0,0,0,0,0,0,0,0,0,0,0,0,0,0,0,0,0,0,0,0,0,0,0,0,0,0,0,0,0,0,0,0,0,0,252
Passau,0,0,0,0,0,0,0,0,0,0,0,0,0,0,0,0,0,0,0,0,0,0,0,0,0,0,0,0,0,0,0,0,0,0,0,0,0,0,0,0,0,0,0,0,0,0,0,0,0,0,0,0,0,0,0,0,0,0,0,0,0,0,0,0,0,0,0,0,0,0,0,0,0,0,0,0,0,0,0,0,0,0,0,0,0,0,0,0,0,0,0,0,0,0,0,0,0,0,0,0,0,0,0,0,0,0,0,0,0,0,0,0,0,0,0,0,0,0,0,0,0,0,0,0,0,0,0,0,0,0,0,0,0,0,0,0,0,0,0,0,0,0,0,0,0,0,0,0,0.0284774322062731,0.0307762045413256,0,0,0,0,0,0,0,0,0,0,0,0,0,0,0,0,0,0,0,0,0,0,0,0,0,0,0,0,0,0.0668329522013664,0.0766133591532707,0,0,0,0,0,0.151074394583702,0.205346241593361,0.235448777675629,0.23839795589447,0.27303472161293,0.219816267490387,0.228500604629517,0.170628920197487,0.271746635437012,0.31251922249794,0.327549248933792,0.350488394498825,0.336777716875076,0.479983180761337,0.489818215370178,0.285249799489975,0.388011783361435,0.507887721061707,0.519285082817078,0.42689973115921,0.414946705102921,0.438801407814026,0.45004540681839,0.585191369056702,0.705107748508453,0.769284248352051,0.760975301265717,0.597829461097717,0.636643528938293,0.767102420330048,0.73733115196228,0.617959856987,0.530107200145721,0.563244879245758,0.574647784233093,0.756853222846985,0.533275365829468,0.313446283340454,0,0,0,0.444613993167877,0,0.26751321554184,0.423379987478256,0.500235438346863,0.631260335445404,0.689613997936249,0.703896820545197,0.891367971897125,0.680474877357483,0.775849223136902,0.894844770431519,0.982863068580627,1.02581059932709,1.02200555801392,0.811433911323547,0.701061964035034,0.622307538986206,0.815780878067017,0.603143453598022,0.698556065559387,0.714017987251282,0.485993027687073,0.664574921131134,0.791304051876068,0.916461169719696,0.804971992969513,0.775977790355682,1.0160710811615,0.849488019943237,0.980978488922119,0.559333741664886,0.375960618257523,0.113390371203423,0.108389496803284,0.531417489051819,0.61405485868454,1.12394034862518,0.876278102397919,0.723827838897705,0.108643233776093,0.551618993282318,0.813033938407898,1.00070250034332,0.942803204059601,0.977575361728668,0.981197714805603,0.98832094669342,0.889794230461121,0.939801156520844,1.0457398891449,0.930555820465088,0.402267515659332,0,0.416491597890854,0,0,0,0,0,0,0,0.158256575465202,0.583133161067963,0.579136610031128,0.531547129154205,0.626571655273438,0.13240310549736,0,0,0,0,0,0,0,0,0,0.3631571829319,0,0.094829760491848,0,0,0,0,0,0,0,0,0,0,0,0,0,0,0,0,0,0,0,0,0,0,0,0,0,0,0,0,0,0,0,0,0,0,0,0,0,0,0,0,0,0,0,0,0,0,0,0,0,0,0,0,0,0,0,0,0,0,253
Regen,0,0,0,0,0,0,0,0,0,0,0,0,0,0,0,0,0,0,0,0,0,0,0,0,0,0,0,0,0,0,0,0,0,0,0,0,0,0,0,0,0,0,0,0,0,0,0,0,0,0,0,0,0,0,0,0,0,0,0,0,0,0,0,0,0,0,0,0,0,0,0,0,0,0,0,0,0,0,0,0,0,0,0,0,0,0,0,0,0,0,0,0,0,0,0,0,0,0,0,0,0,0,0,0,0,0,0,0,0,0,0,0,0,0,0,0,0,0,0,0,0,0,0,0,0,0,0,0,0,0,0,0,0,0,0,0,0,0,0,0,0,0,0,0,0,0,0,0,0.0181731823831797,0.0192291624844074,0,0,0,0,0,0,0,0,0,0,0,0,0,0,0,0,0,0,0,0,0,0,0,0.0142738241702318,0,0,0,0,0,0.0280249249190092,0.0323494635522366,0.0246031880378723,0,0,0,0.0321423783898354,0.126418262720108,0.164292618632317,0.184430629014969,0.192279994487762,0.217777639627457,0.152844101190567,0.17413604259491,0.0720275565981865,0.197945982217789,0.229616805911064,0.243020832538605,0.242377683520317,0.243911728262901,0.36809965968132,0.383225470781326,0.207182124257088,0.305084198713303,0.390866219997406,0.424448788166046,0.332618743181229,0.320966780185699,0.330982178449631,0.360275119543076,0.469425797462463,0.553472816944122,0.620532870292664,0.581246495246887,0.449006199836731,0.505511939525604,0.623384296894073,0.593047976493835,0.479291170835495,0.387990802526474,0.426320523023605,0.46208319067955,0.604275584220886,0.335730671882629,0.123545445501804,0,0,0,0.330888211727142,0,0.109623834490776,0.353782534599304,0.365584224462509,0.472571581602097,0.540745615959167,0.541799426078796,0.70590877532959,0.559577703475952,0.621494829654694,0.711581647396088,0.782511591911316,0.819230794906616,0.809519231319427,0.635932683944702,0.574880599975586,0.537471055984497,0.655775725841522,0.454187333583832,0.551646828651428,0.562705814838409,0.387562930583954,0.541580379009247,0.615786731243134,0.700721859931946,0.545945525169373,0.588506281375885,0.800104200839996,0.648914694786072,0.743390560150146,0.323039680719376,0.297683328390121,0.10183734446764,0.0973460003733635,0.396328032016754,0.498099505901337,0.856382787227631,0.627559125423431,0.468885719776154,0.0975738689303398,0.392091989517212,0.57105165719986,0.738604605197906,0.752303600311279,0.730005502700806,0.758532643318176,0.770454883575439,0.708366274833679,0.740389883518219,0.786742389202118,0.720660388469696,0.151396930217743,0,0.330284863710403,0,0,0,0,0,0,0,0.142132252454758,0.416127383708954,0.350358098745346,0.402935326099396,0.375007480382919,0.118912920355797,0,0,0,0,0,0,0,0,0,0.153343364596367,0,0.0851678252220154,0,0,0,0,0,0,0,0,0,0,0,0,0,0.082601897418499,0,0,0,0,0,0,0,0,0,0,0,0,0,0,0,0,0,0,0,0,0,0,0,0,0,0,0,0,0,0,0,0,0,0,0,0,0,0,0,0,0,0,0,0,254
Rottal-Inn,0,0,0,0,0,0,0,0,0,0,0,0,0,0,0,0,0,0,0,0,0,0,0,0,0,0,0,0,0,0,0,0,0,0,0,0,0,0,0,0,0,0,0,0,0,0,0,0,0,0,0,0,0,0,0,0,0,0,0,0,0,0,0,0,0,0,0,0,0,0,0,0,0,0,0,0,0,0,0,0,0,0,0,0,0,0,0,0,0,0,0,0,0,0,0,0,0,0,0,0,0,0,0,0,0,0,0,0,0,0,0,0,0,0,0,0,0,0,0,0,0,0,0,0,0,0,0,0,0,0,0,0,0,0,0,0,0,0,0,0,0,0,0,0,0,0,0,0,0.0361708477139473,0.0364640727639198,0,0,0,0,0,0,0,0,0,0,0,0,0,0,0,0,0,0,0,0,0,0,0,0,0,0,0,0,0,0.0786682590842247,0.091029554605484,0,0,0,0,0,0.190008491277695,0.253233432769775,0.285055071115494,0.299028009176254,0.333010017871857,0.254308998584747,0.28547266125679,0.202662378549576,0.311549991369247,0.343464761972427,0.358196496963501,0.340528041124344,0.372958719730377,0.559204757213593,0.576465010643005,0.322185903787613,0.456266641616821,0.584758818149567,0.62945157289505,0.490205854177475,0.474811762571335,0.48822146654129,0.505596280097961,0.681712746620178,0.802107810974121,0.889780521392822,0.881964862346649,0.700421094894409,0.725310981273651,0.890682101249695,0.826446950435638,0.720261216163635,0.608794867992401,0.649535715579987,0.726488947868347,0.884529232978821,0.598440289497375,0.338959157466888,0,0,0,0.535796165466309,0,0.305186718702316,0.511748194694519,0.612858235836029,0.747510492801666,0.800990402698517,0.834325730800629,1.0218917131424,0.790266156196594,0.920938491821289,1.02407765388489,1.11344504356384,1.1628201007843,1.15946388244629,0.931024372577667,0.773686170578003,0.669762194156647,0.942904055118561,0.652544915676117,0.800526440143585,0.843358635902405,0.577165961265564,0.812718331813812,0.943590342998505,1.06143832206726,0.877293527126312,0.911657989025116,1.18267047405243,0.960057497024536,1.10173833370209,0.522211372852325,0.444385796785355,0.339822441339493,0.324835211038589,0.645289361476898,0.792395353317261,1.2901428937912,0.956190943717957,0.729712903499603,0.325595617294312,0.566712737083435,0.845231890678406,1.07696759700775,1.02039074897766,1.05995678901672,1.09811913967133,1.09980237483978,1.0116959810257,1.06621110439301,1.12136268615723,1.05948126316071,0.407804399728775,0,0.487113565206528,0,0,0,0,0,0,0,0.474283069372177,0.708837568759918,0.675781965255737,0.658184707164764,0.779830515384674,0.39680215716362,0,0,0,0,0,0,0,0,0,0.431502163410187,0,0.284197688102722,0,0,0,0,0,0,0,0,0,0,0,0,0,0,0,0,0,0,0,0,0,0,0,0,0,0,0,0,0,0,0,0,0,0,0,0,0,0,0,0,0,0,0,0,0,0,0,0,0,0,0,0,0,0,0,0,0,0,255
Straubing-Bogen,0,0,0,0,0,0,0,0,0,0,0,0,0,0,0,0,0,0,0,0,0,0,0,0,0,0,0,0,0,0,0,0,0,0,0,0,0,0,0,0,0,0,0,0,0,0,0,0,0,0,0,0,0,0,0,0,0,0,0,0,0,0,0,0,0,0,0,0,0,0,0,0,0,0,0,0,0,0,0,0,0,0,0,0,0,0,0,0,0,0,0,0,0,0,0,0,0,0,0,0,0,0,0,0,0,0,0,0,0,0,0,0,0,0,0,0,0,0,0,0,0,0,0,0,0,0,0,0,0,0,0,0,0,0,0,0,0,0,0,0,0,0,0,0,0,0,0,0,0.0307920482009649,0.0313251130282879,0,0,0,0,0,0,0,0,0,0,0,0,0,0,0,0,0,0,0,0,0,0,0,0.00593293691053987,0,0,0,0,0,0.0619666576385498,0.0717036053538322,0.0102263521403074,0,0,0,0.013360028155148,0.174551442265511,0.23070864379406,0.259293079376221,0.271899670362473,0.303970664739609,0.226020202040672,0.255614042282104,0.159636318683624,0.281229078769684,0.314184069633484,0.3290636241436,0.315765589475632,0.339027136564255,0.510457932949066,0.528005123138428,0.291667491197586,0.418629825115204,0.535983502864838,0.579739689826965,0.451324701309204,0.43658384680748,0.448755949735641,0.472205191850662,0.630881726741791,0.742019832134247,0.826440691947937,0.805188179016113,0.634508967399597,0.673110604286194,0.828336834907532,0.773510992527008,0.659637928009033,0.550080418586731,0.592138111591339,0.658683776855469,0.816687643527985,0.521190047264099,0.266996741294861,0,0,0,0.480723857879639,0,0.240394338965416,0.474894881248474,0.544884741306305,0.674723029136658,0.736677885055542,0.759077727794647,0.945979833602905,0.737647294998169,0.847677052021027,0.949662089347839,1.03575444221497,1.0825526714325,1.07641291618347,0.858898043632507,0.731822848320007,0.649366736412048,0.875006258487701,0.603943943977356,0.740486741065979,0.77343362569809,0.530457854270935,0.746121525764465,0.859965801239014,0.969506502151489,0.785341441631317,0.827664136886597,1.08851194381714,0.882254123687744,1.01163864135742,0.463018208742142,0.408043593168259,0.267676740884781,0.2558713555336,0.578241765499115,0.716565191745758,1.17989122867584,0.869533836841583,0.656899452209473,0.256470322608948,0.522258579730988,0.773660719394684,0.99194723367691,0.961901724338531,0.977887988090515,1.01546740531921,1.02123999595642,0.940156936645508,0.988168299198151,1.04001832008362,0.975823879241943,0.321225821971893,0,0.448731303215027,0,0,0,0,0,0,0,0.37359082698822,0.627221822738647,0.577643930912018,0.5897296667099,0.656308054924011,0.312559425830841,0,0,0,0,0,0,0,0,0,0.339892476797104,0,0.22386135160923,0,0,0,0,0,0,0,0,0,0,0,0,0,0.0343336053192616,0,0,0,0,0,0,0,0,0,0,0,0,0,0,0,0,0,0,0,0,0,0,0,0,0,0,0,0,0,0,0,0,0,0,0,0,0,0,0,0,0,0,0,0,256
Dingolfing-Landau,0,0,0,0,0,0,0,0,0,0,0,0,0,0,0,0,0,0,0,0,0,0,0,0,0,0,0,0,0,0,0,0,0,0,0,0,0,0,0,0,0,0,0,0,0,0,0,0,0,0,0,0,0,0,0,0,0,0,0,0,0,0,0,0,0,0,0,0,0,0,0,0,0,0,0,0,0,0,0,0,0,0,0,0,0,0,0,0,0,0,0,0,0,0,0,0,0,0,0,0,0,0,0,0,0,0,0,0,0,0,0,0,0,0,0,0,0,0,0,0,0,0,0,0,0,0,0,0,0,0,0,0,0,0,0,0,0,0,0,0,0,0,0,0,0,0,0,0,0.0361708477139473,0.0364640727639198,0,0,0,0,0,0,0,0,0,0,0,0,0,0,0,0,0,0,0,0,0,0,0,0,0,0,0,0,0,0.0786682516336441,0.0910295620560646,0,0,0,0,0,0.190008491277695,0.253233432769775,0.285055071115494,0.299027979373932,0.333010017871857,0.254308968782425,0.28547266125679,0.202662378549576,0.311549991369247,0.34346479177475,0.358196496963501,0.340528070926666,0.372958689928055,0.559204697608948,0.576465010643005,0.322185933589935,0.456266611814499,0.584758758544922,0.629451513290405,0.490205883979797,0.474811762571335,0.48822146654129,0.505596280097961,0.681712746620178,0.802107751369476,0.889780521392822,0.881964921951294,0.700421154499054,0.725310981273651,0.89068204164505,0.826446950435638,0.72026127576828,0.608794867992401,0.649535655975342,0.726488888263702,0.884529173374176,0.59844034910202,0.338959157466888,0,0,0,0.535796165466309,0,0.305186748504639,0.511748135089874,0.612858235836029,0.747510433197021,0.800990402698517,0.834325730800629,1.02189159393311,0.790266156196594,0.920938491821289,1.02407765388489,1.11344504356384,1.1628201007843,1.15946388244629,0.931024312973022,0.773686230182648,0.669762134552002,0.942904114723206,0.652544915676117,0.800526440143585,0.843358635902405,0.577165961265564,0.812718331813812,0.943590342998505,1.06143832206726,0.877293527126312,0.911658048629761,1.18267047405243,0.960057497024536,1.10173833370209,0.52221143245697,0.444385796785355,0.339822441339493,0.324835211038589,0.645289361476898,0.792395353317261,1.2901428937912,0.956190943717957,0.729712903499603,0.325595617294312,0.566712737083435,0.845231950283051,1.07696747779846,1.02039074897766,1.05995678901672,1.09811925888062,1.09980237483978,1.01169610023499,1.06621110439301,1.12136268615723,1.05948126316071,0.407804399728775,0,0.487113535404205,0,0,0,0,0,0,0,0.4742830991745,0.708837568759918,0.675781965255737,0.658184707164764,0.779830515384674,0.396802186965942,0,0,0,0,0,0,0,0,0,0.431502163410187,0,0.284197688102722,0,0,0,0,0,0,0,0,0,0,0,0,0,0,0,0,0,0,0,0,0,0,0,0,0,0,0,0,0,0,0,0,0,0,0,0,0,0,0,0,0,0,0,0,0,0,0,0,0,0,0,0,0,0,0,0,0,0,257
Amberg,0,0,0,0,0,0,0,0,0,0,0,0,0,0,0,0,0,0,0,0,0,0,0,0,0,0,0,0,0,0,0,0,0,0,0,0,0,0,0,0,0,0,0,0,0,0,0,0,0,0,0,0,0,0,0,0,0,0,0,0,0,0,0,0,0,0,0,0,0,0,0,0,0,0,0,0,0,0,0,0,0,0,0,0,0,0,0,0,0,0,0,0,0,0,0,0,0,0,0,0,0,0,0,0,0,0,0,0,0,0,0,0,0,0,0,0,0,0,0,0,0,0,0,0,0,0,0,0,0,0,0,0,0,0,0,0,0,0,0,0,0,0,0,0,0,0,0,0,0.0108355032280087,0.0122584123164415,0,0,0,0,0,0,0,0,0,0,0,0,0,0,0,0,0,0,0,0,0,0,0,0.0279454663395882,0,0,0,0,0,0,0,0.0481684170663357,0,0,0,0.0629287362098694,0.117202281951904,0.147136673331261,0.163710296154022,0.171247541904449,0.196228206157684,0.121062427759171,0.144831866025925,0,0.168731793761253,0.205546036362648,0.220974087715149,0.223891422152519,0.213133469223976,0.329596310853958,0.348208129405975,0.17843733727932,0.278988897800446,0.355016320943832,0.395297586917877,0.307066887617111,0.294749677181244,0.302330017089844,0.348316878080368,0.442287355661392,0.519079983234406,0.591435551643372,0.520329654216766,0.389960199594498,0.479435503482819,0.597022235393524,0.577106773853302,0.434711903333664,0.332236498594284,0.379180371761322,0.40711173415184,0.564980328083038,0.234574303030968,0,0,0,0,0.276393264532089,0,0,0.338161021471024,0.292688012123108,0.404665350914001,0.49806410074234,0.479890763759613,0.664330065250397,0.542419493198395,0.575860738754272,0.67356413602829,0.74750542640686,0.784743130207062,0.768275260925293,0.591293454170227,0.576500535011292,0.573695123195648,0.623090147972107,0.423623532056808,0.517726004123688,0.513996064662933,0.357160151004791,0.499032586812973,0.549700081348419,0.628418564796448,0.444178730249405,0.516028106212616,0.739162862300873,0.593586385250092,0.67734831571579,0.243398234248161,0.273205906152725,0,0,0.329480171203613,0.435218155384064,0.770832598209381,0.548016905784607,0.386745423078537,0,0.357323884963989,0.508115470409393,0.676503300666809,0.744894206523895,0.673394381999969,0.708810746669769,0.72975617647171,0.674730837345123,0.698612332344055,0.738212764263153,0.665436863899231,0,0,0.306324630975723,0,0,0,0,0,0,0,0,0.324409335851669,0.213529750704765,0.335746020078659,0.198012098670006,0,0,0,0,0,0,0,0,0,0,0,0,0,0,0,0,0,0,0,0,0,0,0,0,0,0,0.161718994379044,0,0,0,0,0,0,0,0,0,0,0,0,0,0,0,0,0,0,0,0,0,0,0,0,0,0,0,0,0,0,0,0,0,0,0,0,0,0,0,0,0,0,0,0,258
Regensburg,0,0,0,0,0,0,0,0,0,0,0,0,0,0,0,0,0,0,0,0,0,0,0,0,0,0,0,0,0,0,0,0,0,0,0,0,0,0,0,0,0,0,0,0,0,0,0,0,0,0,0,0,0,0,0,0,0,0,0,0,0,0,0,0,0,0,0,0,0,0,0,0,0,0,0,0,0,0,0,0,0,0,0,0,0,0,0,0,0,0,0,0,0,0,0,0,0,0,0,0,0,0,0,0,0,0,0,0,0,0,0,0,0,0,0,0,0,0,0,0,0,0,0,0,0,0,0,0,0,0,0,0,0,0,0,0,0,0,0,0,0,0,0,0,0,0,0,0,0.0190456658601761,0.0201024916023016,0,0,0,0,0,0,0,0,0,0,0,0,0,0,0,0,0,0,0,0,0,0,0,0.0188894663006067,0,0,0,0,0,0.0254932101815939,0.0294990111142397,0.0325589738786221,0,0,0,0.0425360649824142,0.140795841813087,0.181518346071243,0.203033238649368,0.212656036019325,0.240553662180901,0.164242267608643,0.190407887101173,0.0656747072935104,0.215013414621353,0.250239938497543,0.265442341566086,0.261688649654388,0.264926373958588,0.404003143310547,0.422176957130432,0.225020453333855,0.336437463760376,0.42946657538414,0.4711774289608,0.366414844989777,0.353100508451462,0.36256992816925,0.399284780025482,0.519875466823578,0.610797882080078,0.688117146492004,0.637521028518677,0.490568071603775,0.55911386013031,0.692185521125793,0.657907843589783,0.527246952056885,0.421857923269272,0.46679162979126,0.510609030723572,0.668533265590668,0.352488607168198,0.109843000769615,0,0,0,0.360455304384232,0,0.0988987162709236,0.394413620233536,0.396442264318466,0.515767633914948,0.596230268478394,0.594748854637146,0.780201375484467,0.622736632823944,0.687686502933502,0.787151396274567,0.86609160900116,0.907262563705444,0.895043671131134,0.701386511325836,0.640400409698486,0.60482656955719,0.726728975772858,0.497807711362839,0.609370172023773,0.620729207992554,0.428455144166946,0.600685477256775,0.677344024181366,0.768742859363556,0.584533751010895,0.644235789775848,0.882885813713074,0.712344884872437,0.814875960350037,0.333750337362289,0.328678399324417,0.110122755169868,0.105266004800797,0.431821197271347,0.550964891910553,0.93912011384964,0.680289626121521,0.497887372970581,0.105512417852879,0.425178349018097,0.617361307144165,0.806277573108673,0.834171533584595,0.798663675785065,0.834969878196716,0.84967315196991,0.78392767906189,0.817736268043518,0.86237621307373,0.793130695819855,0.132152959704399,0,0.364911019802094,0,0,0,0,0,0,0,0.153696030378342,0.448987007141113,0.36332705616951,0.440235376358032,0.386555999517441,0.12858758866787,0,0,0,0,0,0,0,0,0,0.139832466840744,0,0.0920970216393471,0,0,0,0,0,0,0,0,0,0,0,0,0,0.109312377870083,0,0,0,0,0,0,0,0,0,0,0,0,0,0,0,0,0,0,0,0,0,0,0,0,0,0,0,0,0,0,0,0,0,0,0,0,0,0,0,0,0,0,0,0,259
Weiden i.d.OPf.,0,0,0,0,0,0,0,0,0,0,0,0,0,0,0,0,0,0,0,0,0,0,0,0,0,0,0,0,0,0,0,0,0,0,0,0,0,0,0,0,0,0,0,0,0,0,0,0,0,0,0,0,0,0,0,0,0,0,0,0,0,0,0,0,0,0,0,0,0,0,0,0,0,0,0,0,0,0,0,0,0,0,0,0,0,0,0,0,0,0,0,0,0,0,0,0,0,0,0,0,0,0,0,0,0,0,0,0,0,0,0,0,0,0,0,0,0,0,0,0,0,0,0,0,0,0,0,0,0,0,0,0,0,0,0,0,0,0,0,0,0,0,0,0,0,0,0,0,0.0108355032280087,0.0122584123164415,0,0,0,0,0,0,0,0,0,0,0,0,0,0,0,0,0,0,0,0,0,0,0,0.0279454663395882,0,0,0,0,0,0,0,0.0481684170663357,0,0,0,0.0629287362098694,0.117202289402485,0.147136673331261,0.163710296154022,0.171247541904449,0.196228206157684,0.121062427759171,0.144831866025925,0,0.168731793761253,0.205546036362648,0.220974087715149,0.223891422152519,0.213133469223976,0.329596310853958,0.348208129405975,0.17843733727932,0.278988927602768,0.355016320943832,0.395297557115555,0.307066887617111,0.294749647378922,0.302330017089844,0.348316878080368,0.442287355661392,0.519079983234406,0.591435551643372,0.520329654216766,0.389960199594498,0.479435473680496,0.597022235393524,0.577106773853302,0.434711903333664,0.332236498594284,0.379180401563644,0.407111704349518,0.564980387687683,0.234574288129807,0,0,0,0,0.276393294334412,0,0,0.338160991668701,0.292688012123108,0.404665350914001,0.498064070940018,0.479890763759613,0.664330065250397,0.542419493198395,0.575860679149628,0.67356413602829,0.747505366802216,0.784743070602417,0.768275201320648,0.591293454170227,0.576500535011292,0.573695123195648,0.623090147972107,0.423623502254486,0.517726004123688,0.513996064662933,0.357160151004791,0.499032586812973,0.549700140953064,0.628418624401093,0.444178700447083,0.516028106212616,0.739162862300873,0.593586444854736,0.67734831571579,0.243398234248161,0.273205906152725,0,0,0.329480201005936,0.435218155384064,0.770832598209381,0.548016905784607,0.386745423078537,0,0.357323855161667,0.508115470409393,0.676503241062164,0.744894206523895,0.673394381999969,0.708810687065125,0.729756116867065,0.674730837345123,0.698612332344055,0.738212764263153,0.665436804294586,0,0,0.306324630975723,0,0,0,0,0,0,0,0,0.324409335851669,0.213529750704765,0.335746020078659,0.198012098670006,0,0,0,0,0,0,0,0,0,0,0,0,0,0,0,0,0,0,0,0,0,0,0,0,0,0,0.161718994379044,0,0,0,0,0,0,0,0,0,0,0,0,0,0,0,0,0,0,0,0,0,0,0,0,0,0,0,0,0,0,0,0,0,0,0,0,0,0,0,0,0,0,0,0,260
Amberg-Sulzbach,0,0,0,0,0,0,0,0,0,0,0,0,0,0,0,0,0,0,0,0,0,0,0,0,0,0,0,0,0,0,0,0,0,0,0,0,0,0,0,0,0,0,0,0,0,0,0,0,0,0,0,0,0,0,0,0,0,0,0,0,0,0,0,0,0,0,0,0,0,0,0,0,0,0,0,0,0,0,0,0,0,0,0,0,0,0,0,0,0,0,0,0,0,0,0,0,0,0,0,0,0,0,0,0,0,0,0,0,0,0,0,0,0,0,0,0,0,0,0,0,0,0,0,0,0,0,0,0,0,0,0,0,0,0,0,0,0,0,0,0,0,0,0,0,0,0,0,0,0.017107117921114,0.0150406379252672,0,0,0,0,0,0,0,0,0,0,0,0,0,0,0,0,0,0,0,0,0,0,0,0.0362488627433777,0,0,0,0,0,0,0,0.0549798831343651,0,0,0,0.0921748280525208,0.142928913235664,0.180732980370522,0.194780200719833,0.205602258443832,0.239371180534363,0.111363060772419,0.16638745367527,0,0.181746453046799,0.217572644352913,0.241428524255753,0.212493255734444,0.238888293504715,0.368420273065567,0.374926418066025,0.187828913331032,0.307802587747574,0.400911271572113,0.453151732683182,0.340543150901794,0.328203052282333,0.346567571163177,0.41301766037941,0.50131094455719,0.575964272022247,0.651346683502197,0.579168677330017,0.435722351074219,0.533771991729736,0.66059672832489,0.636191785335541,0.469048291444778,0.36687433719635,0.411549955606461,0.454947352409363,0.629137456417084,0.28383207321167,0,0,0,0,0.331177085638046,0.105522833764553,0.150676175951958,0.385745674371719,0.327532410621643,0.45228511095047,0.550128698348999,0.527023434638977,0.728398203849792,0.616792142391205,0.637389242649078,0.75040864944458,0.835955560207367,0.877168118953705,0.856844127178192,0.669137477874756,0.624709784984589,0.603811919689178,0.687486469745636,0.495153784751892,0.554974496364594,0.556551396846771,0.419698476791382,0.576602041721344,0.629067540168762,0.707921981811523,0.497220158576965,0.587765216827393,0.813808798789978,0.68778270483017,0.735537111759186,0.336978554725647,0.276685386896133,0,0,0.399253398180008,0.492005348205566,0.850029289722443,0.625412821769714,0.369869560003281,0,0.414351612329483,0.566393196582794,0.744301795959473,0.825873613357544,0.766723096370697,0.793020665645599,0.820566356182098,0.75120884180069,0.782187581062317,0.822738826274872,0.723594427108765,0,0,0.375264644622803,0,0,0,0,0,0,0,0.183975845575333,0.363556504249573,0.267746359109879,0.387080758810043,0.248440489172935,0,0,0,0,0,0,0,0,0,0,0,0,0.0816684812307358,0,0,0,0,0,0,0,0,0,0,0,0,0,0.239861369132996,0.0783801004290581,0,0,0,0,0,0,0,0,0,0,0,0,0,0,0,0,0,0,0,0,0,0,0,0,0,0,0,0,0,0,0,0,0,0,0,0,0,0,0,0,0,0,0,261
Cham,0,0,0,0,0,0,0,0,0,0,0,0,0,0,0,0,0,0,0,0,0,0,0,0,0,0,0,0,0,0,0,0,0,0,0,0,0,0,0,0,0,0,0,0,0,0,0,0,0,0,0,0,0,0,0,0,0,0,0,0,0,0,0,0,0,0,0,0,0,0,0,0,0,0,0,0,0,0,0,0,0,0,0,0,0,0,0,0,0,0,0,0,0,0,0,0,0,0,0,0,0,0,0,0,0,0,0,0,0,0,0,0,0,0,0,0,0,0,0,0,0,0,0,0,0,0,0,0,0,0,0,0,0,0,0,0,0,0,0,0,0,0,0,0,0,0,0,0,0.0108355032280087,0.0122584123164415,0,0,0,0,0,0,0,0,0,0,0,0,0,0,0,0,0,0,0,0,0,0,0,0.0279454663395882,0,0,0,0,0,0,0,0.0481684170663357,0,0,0,0.0629287287592888,0.117202281951904,0.147136673331261,0.163710296154022,0.171247541904449,0.196228221058846,0.121062427759171,0.144831866025925,0,0.168731793761253,0.205546036362648,0.220974072813988,0.22389143705368,0.213133469223976,0.329596310853958,0.348208129405975,0.178437322378159,0.278988927602768,0.355016350746155,0.395297557115555,0.307066887617111,0.294749677181244,0.302330017089844,0.348316878080368,0.442287355661392,0.519079983234406,0.591435551643372,0.520329654216766,0.38996022939682,0.479435503482819,0.597022235393524,0.577106773853302,0.434711903333664,0.332236498594284,0.379180401563644,0.40711173415184,0.564980328083038,0.234574288129807,0,0,0,0,0.276393294334412,0,0,0.338161021471024,0.292688012123108,0.404665321111679,0.498064070940018,0.479890763759613,0.664330065250397,0.542419493198395,0.575860738754272,0.67356413602829,0.747505366802216,0.784743070602417,0.768275201320648,0.591293454170227,0.576500535011292,0.573695123195648,0.623090147972107,0.423623502254486,0.517726004123688,0.513996124267578,0.357160151004791,0.499032586812973,0.549700081348419,0.628418564796448,0.444178730249405,0.516028106212616,0.739162921905518,0.593586385250092,0.67734831571579,0.243398234248161,0.273205906152725,0,0,0.329480171203613,0.435218155384064,0.770832598209381,0.548016905784607,0.386745423078537,0,0.357323884963989,0.508115470409393,0.676503300666809,0.744894206523895,0.673394381999969,0.708810746669769,0.729756116867065,0.674730837345123,0.69861227273941,0.738212764263153,0.665436804294586,0,0,0.306324630975723,0,0,0,0,0,0,0,0,0.324409335851669,0.213529735803604,0.335746020078659,0.198012113571167,0,0,0,0,0,0,0,0,0,0,0,0,0,0,0,0,0,0,0,0,0,0,0,0,0,0,0.161718994379044,0,0,0,0,0,0,0,0,0,0,0,0,0,0,0,0,0,0,0,0,0,0,0,0,0,0,0,0,0,0,0,0,0,0,0,0,0,0,0,0,0,0,0,0,262
Neumarkt i.d.OPf.,0,0,0,0,0,0,0,0,0,0,0,0,0,0,0,0,0,0,0,0,0,0,0,0,0,0,0,0,0,0,0,0,0,0,0,0,0,0,0,0,0,0,0,0,0,0,0,0,0,0,0,0,0,0,0,0,0,0,0,0,0,0,0,0,0,0,0,0,0,0,0,0,0,0,0,0,0,0,0,0,0,0,0,0,0,0,0,0,0,0,0,0,0,0,0,0,0,0,0,0,0,0,0,0,0,0,0,0,0,0,0,0,0,0,0,0,0,0,0,0,0,0,0,0,0,0,0,0,0,0,0,0,0,0,0,0,0,0,0,0,0,0,0,0,0,0,0,0,0.0244883242994547,0.0181810352951288,0,0,0,0,0,0,0,0,0,0,0,0,0,0,0,0,0,0,0,0,0,0,0,0.0457009114325047,0,0,0,0,0,0,0,0.0625006929039955,0,0,0,0.125794231891632,0.172991514205933,0.22012534737587,0.231197744607925,0.245904043316841,0.289999902248383,0.0995915308594704,0.19175511598587,0.000869928160682321,0.196725830435753,0.23116597533226,0.264750152826309,0.197098627686501,0.26907354593277,0.413933455944061,0.406037628650665,0.198484092950821,0.341347396373749,0.454723179340363,0.521048963069916,0.37962931394577,0.367200404405594,0.397963553667068,0.488498449325562,0.570404887199402,0.642639696598053,0.721533298492432,0.648646354675293,0.489955008029938,0.597472190856934,0.735085010528564,0.70514041185379,0.509503424167633,0.407956928014755,0.449756681919098,0.511832118034363,0.704482555389404,0.342827290296555,0,0,0,0,0.394725531339645,0.228919938206673,0.329331248998642,0.441220968961716,0.369152754545212,0.508772850036621,0.611212909221649,0.583077132701874,0.803448379039764,0.704081892967224,0.70995831489563,0.84056943655014,0.939750015735626,0.985566735267639,0.960705757141113,0.760471105575562,0.680028140544891,0.637500047683716,0.762880086898804,0.578723847866058,0.598385274410248,0.606258571147919,0.4930419921875,0.667583525180817,0.722755491733551,0.801404178142548,0.559763312339783,0.672244489192963,0.90170156955719,0.798260152339935,0.803631246089935,0.444164484739304,0.278233468532562,0,0,0.481432110071182,0.55903035402298,0.943330407142639,0.71618390083313,0.349152147769928,0,0.477742284536362,0.633900344371796,0.823335587978363,0.91962206363678,0.875741064548492,0.891456484794617,0.926704347133636,0.84014356136322,0.87954968214035,0.921149909496307,0.791076183319092,0,0,0.455744922161102,0,0,0,0,0,0,0,0.402458280324936,0.410202234983444,0.332847326993942,0.447926253080368,0.310085028409958,0.00193907169159502,0,0,0,0,0,0,0,0,0,0.00179141096305102,0,0.177170604467392,0,0,0,0,0,0,0,0,0,0,0,0,0,0.329747974872589,0.170036822557449,0,0,0,0,0,0,0,0,0,0,0,0,0,0,0,0,0,0,0,0,0,0,0,0,0,0,0,0,0,0,0,0,0,0,0,0,0,0,0,0,0,0,0,263
Neustadt a.d.Waldnaab,0,0,0,0,0,0,0,0,0,0,0,0,0,0,0,0,0,0,0,0,0,0,0,0,0,0,0,0,0,0,0,0,0,0,0,0,0,0,0,0,0,0,0,0,0,0,0,0,0,0,0,0,0,0,0,0,0,0,0,0,0,0,0,0,0,0,0,0,0,0,0,0,0,0,0,0,0,0,0,0,0,0,0,0,0,0,0,0,0,0,0,0,0,0,0,0,0,0,0,0,0,0,0,0,0,0,0,0,0,0,0,0,0,0,0,0,0,0,0,0,0,0,0,0,0,0,0,0,0,0,0,0,0,0,0,0,0,0,0,0,0,0,0,0,0,0,0,0,0.0125878378748894,0.0130357872694731,0,0,0,0,0,0,0,0,0,0,0,0,0,0,0,0,0,0,0,0,0,0,0,0.0302654951810837,0,0,0,0,0,0,0,0.0500715896487236,0,0,0,0.0711003094911575,0.124390497803688,0.15652371942997,0.172391459345818,0.180846497416496,0.208282664418221,0.118352353572845,0.150854662060738,0,0.172368183732033,0.20890636742115,0.226689204573631,0.220706716179848,0.22032955288887,0.340444028377533,0.355673402547836,0.181061416864395,0.287039667367935,0.367839723825455,0.411462426185608,0.316420406103134,0.304096788167953,0.314690291881561,0.366394758224487,0.458778977394104,0.534973919391632,0.608175218105316,0.53676974773407,0.402746468782425,0.494617462158203,0.614785373210907,0.593615591526031,0.444305747747421,0.341914564371109,0.388224691152573,0.420477360486984,0.582906305789948,0.248337268829346,0,0,0,0,0.291700273752213,0.029483849182725,0.0421000197529793,0.351456522941589,0.302423775196075,0.41797062754631,0.512611329555511,0.493059992790222,0.682231187820435,0.563199818134308,0.593052208423615,0.695035040378571,0.772219002246857,0.810567319393158,0.793022036552429,0.613043665885925,0.589970529079437,0.582109987735748,0.641083002090454,0.443609595298767,0.528133511543274,0.525886356830597,0.374633818864822,0.520706057548523,0.571875929832458,0.650632441043854,0.458998888731003,0.536071956157684,0.760019481182098,0.619905531406403,0.693606674671173,0.269545257091522,0.274178117513657,0,0,0.348975330591202,0.451084911823273,0.792960703372955,0.569641888141632,0.382030189037323,0,0.373257845640182,0.524398684501648,0.695446729660034,0.767520427703857,0.699471056461334,0.73233962059021,0.755129158496857,0.696099400520325,0.721963882446289,0.761829972267151,0.681686460971832,0,0,0.325586974620819,0,0,0,0,0,0,0,0.0514041855931282,0.335347354412079,0.228678271174431,0.350089311599731,0.212102144956589,0,0,0,0,0,0,0,0,0,0,0,0,0.0228187665343285,0,0,0,0,0,0,0,0,0,0,0,0,0,0.183552548289299,0.0218999683856964,0,0,0,0,0,0,0,0,0,0,0,0,0,0,0,0,0,0,0,0,0,0,0,0,0,0,0,0,0,0,0,0,0,0,0,0,0,0,0,0,0,0,0,264
Regensburg,0,0,0,0,0,0,0,0,0,0,0,0,0,0,0,0,0,0,0,0,0,0,0,0,0,0,0,0,0,0,0,0,0,0,0,0,0,0,0,0,0,0,0,0,0,0,0,0,0,0,0,0,0,0,0,0,0,0,0,0,0,0,0,0,0,0,0,0,0,0,0,0,0,0,0,0,0,0,0,0,0,0,0,0,0,0,0,0,0,0,0,0,0,0,0,0,0,0,0,0,0,0,0,0,0,0,0,0,0,0,0,0,0,0,0,0,0,0,0,0,0,0,0,0,0,0,0,0,0,0,0,0,0,0,0,0,0,0,0,0,0,0,0,0,0,0,0,0,0.0210173316299915,0.0216683149337769,0,0,0,0,0,0,0,0,0,0,0,0,0,0,0,0,0,0,0,0,0,0,0,0.0181448571383953,0,0,0,0,0,0.0297523997724056,0.0344274565577507,0.030562536790967,0,0,0,0.0418619811534882,0.14718134701252,0.190464600920677,0.212563216686249,0.222850188612938,0.252074599266052,0.170499637722969,0.200084343552589,0.0767175704240799,0.22396345436573,0.258812099695206,0.274767607450485,0.266752660274506,0.276033163070679,0.420134007930756,0.437064051628113,0.233669370412827,0.348762273788452,0.446279257535934,0.489373862743378,0.379507392644882,0.366019308567047,0.376812219619751,0.41393569111824,0.538454592227936,0.631541132926941,0.709975123405457,0.662747859954834,0.51178503036499,0.577603697776794,0.714139461517334,0.677012085914612,0.54599529504776,0.440170407295227,0.484534621238708,0.532524168491364,0.691958487033844,0.376983880996704,0.128194645047188,0,0,0,0.379665434360504,0.010030503384769,0.129943460226059,0.408321261405945,0.417159587144852,0.538921177387238,0.617596328258514,0.618494510650635,0.805660724639893,0.643250703811646,0.712268114089966,0.813457369804382,0.894340991973877,0.936543405056,0.924665629863739,0.727204084396362,0.65557324886322,0.612766563892365,0.750172555446625,0.516994893550873,0.628210127353668,0.642601847648621,0.446328312158585,0.625064313411713,0.706285059452057,0.799785733222961,0.613066911697388,0.67252254486084,0.914042174816132,0.741166293621063,0.843388080596924,0.357558935880661,0.338072776794434,0.128521144390106,0.122852951288223,0.455599367618561,0.575750946998596,0.974820137023926,0.709767043590546,0.514772236347198,0.123140536248684,0.441668570041656,0.641100764274597,0.834383606910706,0.856707990169525,0.828454375267029,0.864049017429352,0.878335535526276,0.809400677680969,0.845552802085876,0.89112001657486,0.819950222969055,0.15423196554184,0,0.381241142749786,0,0,0,0,0,0,0,0.197133049368858,0.473591834306717,0.393645316362381,0.462638288736343,0.42306649684906,0.150228038430214,0,0,0,0,0,0,0,0,0,0.163339644670486,0,0.115246824920177,0,0,0,0,0,0,0,0,0,0,0,0,0,0.107863672077656,0.0074504422955215,0,0,0,0,0,0,0,0,0,0,0,0,0,0,0,0,0,0,0,0,0,0,0,0,0,0,0,0,0,0,0,0,0,0,0,0,0,0,0,0,0,0,0,265
Schwandorf,0,0,0,0,0,0,0,0,0,0,0,0,0,0,0,0,0,0,0,0,0,0,0,0,0,0,0,0,0,0,0,0,0,0,0,0,0,0,0,0,0,0,0,0,0,0,0,0,0,0,0,0,0,0,0,0,0,0,0,0,0,0,0,0,0,0,0,0,0,0,0,0,0,0,0,0,0,0,0,0,0,0,0,0,0,0,0,0,0,0,0,0,0,0,0,0,0,0,0,0,0,0,0,0,0,0,0,0,0,0,0,0,0,0,0,0,0,0,0,0,0,0,0,0,0,0,0,0,0,0,0,0,0,0,0,0,0,0,0,0,0,0,0,0,0,0,0,0,0.0108355032280087,0.0122584123164415,0,0,0,0,0,0,0,0,0,0,0,0,0,0,0,0,0,0,0,0,0,0,0,0.0279454663395882,0,0,0,0,0,0,0,0.0481684170663357,0,0,0,0.0629287362098694,0.117202289402485,0.147136673331261,0.163710296154022,0.171247556805611,0.196228206157684,0.12106242030859,0.144831866025925,0,0.168731793761253,0.205546021461487,0.220974087715149,0.22389143705368,0.213133469223976,0.329596310853958,0.348208129405975,0.178437322378159,0.278988927602768,0.355016320943832,0.395297586917877,0.307066887617111,0.294749647378922,0.302330017089844,0.348316878080368,0.442287355661392,0.519079983234406,0.591435611248016,0.520329654216766,0.389960199594498,0.479435473680496,0.597022235393524,0.577106773853302,0.434711903333664,0.332236528396606,0.379180401563644,0.40711173415184,0.564980387687683,0.234574288129807,0,0,0,0,0.276393294334412,0,0,0.338161021471024,0.292688012123108,0.404665350914001,0.498064070940018,0.479890793561935,0.664330065250397,0.54241955280304,0.575860738754272,0.67356413602829,0.747505366802216,0.784743130207062,0.768275201320648,0.591293454170227,0.576500535011292,0.573695123195648,0.623090147972107,0.423623502254486,0.517726004123688,0.513996124267578,0.357160151004791,0.499032557010651,0.549700081348419,0.628418624401093,0.444178700447083,0.516028106212616,0.739162921905518,0.593586385250092,0.67734831571579,0.243398219347,0.273205906152725,0,0,0.329480171203613,0.435218125581741,0.770832598209381,0.548016905784607,0.386745393276215,0,0.357323884963989,0.508115470409393,0.676503300666809,0.744894206523895,0.673394381999969,0.708810687065125,0.729756116867065,0.674730837345123,0.698612332344055,0.738212764263153,0.665436804294586,0,0,0.306324630975723,0,0,0,0,0,0,0,0,0.324409335851669,0.213529750704765,0.335746020078659,0.198012098670006,0,0,0,0,0,0,0,0,0,0,0,0,0,0,0,0,0,0,0,0,0,0,0,0,0,0,0.161718994379044,0,0,0,0,0,0,0,0,0,0,0,0,0,0,0,0,0,0,0,0,0,0,0,0,0,0,0,0,0,0,0,0,0,0,0,0,0,0,0,0,0,0,0,0,266
Tirschenreuth,0,0,0,0,0,0,0,0,0,0,0,0,0,0,0,0,0,0,0,0,0,0,0,0,0,0,0,0,0,0,0,0,0,0,0,0,0,0,0,0,0,0,0,0,0,0,0,0,0,0,0,0,0,0,0,0,0,0,0,0,0,0,0,0,0,0,0,0,0,0,0,0,0,0,0,0,0,0,0,0,0,0,0,0,0,0,0,0,0,0,0,0,0,0,0,0,0,0,0,0,0,0,0,0,0,0,0,0,0,0,0,0,0,0,0,0,0,0,0,0,0,0,0,0,0,0,0,0,0,0,0,0,0,0,0,0,0,0,0,0,0,0,0,0,0,0,0,0,0.0108355032280087,0.0122584123164415,0,0,0,0,0,0,0,0,0,0,0,0,0,0,0,0,0,0,0,0,0,0,0,0.0279454663395882,0,0,0,0,0,0,0,0.0481684170663357,0,0,0,0.0629287362098694,0.117202289402485,0.147136673331261,0.163710296154022,0.171247556805611,0.196228206157684,0.121062427759171,0.144831866025925,0,0.168731793761253,0.205546036362648,0.220974072813988,0.22389143705368,0.213133469223976,0.329596310853958,0.348208129405975,0.17843733727932,0.278988897800446,0.355016320943832,0.395297557115555,0.307066887617111,0.294749677181244,0.302330017089844,0.348316878080368,0.44228732585907,0.519079983234406,0.591435611248016,0.520329654216766,0.389960199594498,0.479435473680496,0.597022235393524,0.577106773853302,0.434711933135986,0.332236498594284,0.379180371761322,0.40711173415184,0.564980387687683,0.234574288129807,0,0,0,0,0.276393264532089,0,0,0.338161021471024,0.292688012123108,0.404665321111679,0.498064070940018,0.479890793561935,0.664330065250397,0.542419493198395,0.575860679149628,0.67356413602829,0.747505366802216,0.784743010997772,0.768275201320648,0.591293454170227,0.576500535011292,0.573695123195648,0.623090147972107,0.423623502254486,0.517726063728333,0.513996064662933,0.357160151004791,0.499032586812973,0.549700081348419,0.628418564796448,0.444178730249405,0.516028106212616,0.739162921905518,0.593586385250092,0.67734831571579,0.243398234248161,0.273205906152725,0,0,0.329480171203613,0.435218185186386,0.770832598209381,0.548016905784607,0.386745423078537,0,0.357323884963989,0.508115470409393,0.676503300666809,0.744894206523895,0.673394381999969,0.708810746669769,0.729756116867065,0.674730837345123,0.698612332344055,0.738212764263153,0.665436863899231,0,0,0.306324630975723,0,0,0,0,0,0,0,0,0.324409335851669,0.213529750704765,0.335746049880981,0.198012098670006,0,0,0,0,0,0,0,0,0,0,0,0,0,0,0,0,0,0,0,0,0,0,0,0,0,0,0.161718994379044,0,0,0,0,0,0,0,0,0,0,0,0,0,0,0,0,0,0,0,0,0,0,0,0,0,0,0,0,0,0,0,0,0,0,0,0,0,0,0,0,0,0,0,0,267
Bamberg,0,0,0,0,0,0,0,0,0,0,0,0,0,0,0,0,0,0,0,0,0,0,0,0,0,0,0,0,0,0,0,0,0,0,0,0,0,0,0,0,0,0,0,0,0,0,0,0,0,0,0,0,0,0,0,0,0,0,0,0,0,0,0,0,0,0,0,0,0,0,0,0,0,0,0,0,0,0,0,0,0,0,0,0,0,0,0,0,0,0,0,0,0,0,0,0,0,0,0,0,0,0,0,0,0,0,0,0,0,0,0,0,0,0,0,0,0,0,0,0,0,0,0,0,0,0,0,0,0,0,0,0,0,0,0,0,0,0,0,0,0,0,0,0,0,0,0,0,0.0267564784735441,0.0193213056772947,0,0,0,0,0,0,0,0,0,0,0,0,0,0,0,0,0,0,0,0,0,0,0,0.0490242764353752,0,0,0,0,0,0,0,0.0654598474502563,0,0,0,0.13717220723629,0.182511314749718,0.232423484325409,0.242583632469177,0.258459597826004,0.305749952793121,0.0964398384094238,0.19955238699913,0,0.201770514249802,0.236076518893242,0.272899240255356,0.194956302642822,0.278514057397842,0.428153961896896,0.416034549474716,0.202278599143028,0.352134644985199,0.471524149179459,0.542164862155914,0.392048984766006,0.379673629999161,0.41463041305542,0.512564778327942,0.592123329639435,0.663485169410706,0.743524491786957,0.669697105884552,0.506130874156952,0.617372810840607,0.7584108710289,0.727098643779755,0.521877408027649,0.42016726732254,0.461353063583374,0.528546094894409,0.72784811258316,0.35961902141571,0,0,0,0,0.415466219186783,0.267877846956253,0.382503032684326,0.458958327770233,0.381143152713776,0.525551855564117,0.630234181880951,0.599540591239929,0.826972007751465,0.731220304965973,0.732055723667145,0.868639945983887,0.972042858600616,1.01937127113342,0.993114233016968,0.788906514644623,0.698883473873138,0.650148987770081,0.786565184593201,0.605208516120911,0.612284123897552,0.622026085853577,0.515918493270874,0.695948660373688,0.751180410385132,0.830244183540344,0.578828513622284,0.698138296604156,0.928657293319702,0.832711040973663,0.825065016746521,0.480959087610245,0.282038807868958,0,0,0.506604850292206,0.579376876354218,0.971879482269287,0.744492471218109,0.343904733657837,0,0.502093195915222,0.656058013439178,0.848614931106567,0.950466632843018,0.910316467285156,0.922584176063538,0.960284769535065,0.868876099586487,0.9107745885849,0.952788710594177,0.813074231147766,0,0,0.481334149837494,0,0,0,0,0,0,0,0.467036783695221,0.423787444829941,0.351162761449814,0.466063231229782,0.32602846622467,0,0,0,0,0,0,0,0,0,0,0,0,0.207321718335152,0,0,0,0,0,0,0,0,0,0,0,0,0,0.360089421272278,0.198973909020424,0,0,0,0,0,0,0,0,0,0,0,0,0,0,0,0,0,0,0,0,0,0,0,0,0,0,0,0,0,0,0,0,0,0,0,0,0,0,0,0,0,0,0,268
Bayreuth,0,0,0,0,0,0,0,0,0,0,0,0,0,0,0,0,0,0,0,0,0,0,0,0,0,0,0,0,0,0,0,0,0,0,0,0,0,0,0,0,0,0,0,0,0,0,0,0,0,0,0,0,0,0,0,0,0,0,0,0,0,0,0,0,0,0,0,0,0,0,0,0,0,0,0,0,0,0,0,0,0,0,0,0,0,0,0,0,0,0,0,0,0,0,0,0,0,0,0,0,0,0,0,0,0,0,0,0,0,0,0,0,0,0,0,0,0,0,0,0,0,0,0,0,0,0,0,0,0,0,0,0,0,0,0,0,0,0,0,0,0,0,0,0,0,0,0,0,0.026756476610899,0.0193213056772947,0,0,0,0,0,0,0,0,0,0,0,0,0,0,0,0,0,0,0,0,0,0,0,0.0490242764353752,0,0,0,0,0,0,0,0.0654598474502563,0,0,0,0.13717220723629,0.182511314749718,0.232423484325409,0.242583647370338,0.258459597826004,0.305749952793121,0.0964398309588432,0.199552372097969,0,0.20177049934864,0.236076518893242,0.272899240255356,0.194956302642822,0.278514087200165,0.428153932094574,0.416034519672394,0.202278599143028,0.352134644985199,0.471524149179459,0.542164862155914,0.392049014568329,0.379673629999161,0.414630442857742,0.512564778327942,0.592123329639435,0.663485169410706,0.743524491786957,0.669697165489197,0.506130874156952,0.617372810840607,0.758410930633545,0.727098643779755,0.521877408027649,0.42016726732254,0.461353063583374,0.528546035289764,0.72784811258316,0.359618991613388,0,0,0,0,0.41546618938446,0.267877846956253,0.382503062486649,0.458958327770233,0.381143152713776,0.525551795959473,0.630234181880951,0.599540650844574,0.826972007751465,0.731220245361328,0.7320556640625,0.868639945983887,0.972042858600616,1.01937115192413,0.993114233016968,0.788906514644623,0.698883414268494,0.650148987770081,0.786565184593201,0.605208516120911,0.612284123897552,0.622026026248932,0.515918493270874,0.695948600769043,0.751180350780487,0.830244183540344,0.578828513622284,0.698138356208801,0.928657293319702,0.832711040973663,0.825065076351166,0.480959057807922,0.282038807868958,0,0,0.506604850292206,0.579376816749573,0.971879482269287,0.744492471218109,0.343904763460159,0,0.502093195915222,0.656057953834534,0.848614931106567,0.950466632843018,0.910316467285156,0.922584176063538,0.96028470993042,0.868876099586487,0.910774648189545,0.952788710594177,0.813074290752411,0,0,0.481334120035172,0,0,0,0,0,0,0,0.467036813497543,0.423787444829941,0.351162731647491,0.466063231229782,0.326028436422348,0,0,0,0,0,0,0,0,0,0,0,0,0.207321718335152,0,0,0,0,0,0,0,0,0,0,0,0,0,0.360089421272278,0.198973894119263,0,0,0,0,0,0,0,0,0,0,0,0,0,0,0,0,0,0,0,0,0,0,0,0,0,0,0,0,0,0,0,0,0,0,0,0,0,0,0,0,0,0,0,269
Coburg,0,0,0,0,0,0,0,0,0,0,0,0,0,0,0,0,0,0,0,0,0,0,0,0,0,0,0,0,0,0,0,0,0,0,0,0,0,0,0,0,0,0,0,0,0,0,0,0,0,0,0,0,0,0,0,0,0,0,0,0,0,0,0,0,0,0,0,0,0,0,0,0,0,0,0,0,0,0,0,0,0,0,0,0,0,0,0,0,0,0,0,0,0,0,0,0,0,0,0,0,0,0,0,0,0,0,0,0,0,0,0,0,0,0,0,0,0,0,0,0,0,0,0,0,0,0,0,0,0,0,0,0,0,0,0,0,0,0,0,0,0,0,0,0,0,0,0,0,0.026756476610899,0.0193213075399399,0,0,0,0,0,0,0,0,0,0,0,0,0,0,0,0,0,0,0,0,0,0,0,0.0490242764353752,0,0,0,0,0,0,0,0.0654598474502563,0,0,0,0.13717220723629,0.182511314749718,0.23242349922657,0.242583647370338,0.258459597826004,0.305749952793121,0.0964398384094238,0.199552372097969,0,0.20177049934864,0.236076518893242,0.272899240255356,0.194956317543983,0.278514057397842,0.428153932094574,0.416034519672394,0.202278584241867,0.352134615182877,0.471524149179459,0.542164862155914,0.392049014568329,0.379673600196838,0.41463041305542,0.512564778327942,0.592123329639435,0.663485169410706,0.743524551391602,0.669697165489197,0.506130933761597,0.617372810840607,0.7584108710289,0.72709858417511,0.521877408027649,0.42016726732254,0.461353063583374,0.528546035289764,0.72784811258316,0.359618991613388,0,0,0,0,0.41546618938446,0.267877846956253,0.382503062486649,0.458958327770233,0.381143152713776,0.525551855564117,0.630234181880951,0.599540650844574,0.82697206735611,0.731220245361328,0.732055723667145,0.868640005588531,0.972042918205261,1.01937115192413,0.993114173412323,0.788906455039978,0.698883473873138,0.650148987770081,0.786565244197845,0.605208516120911,0.612284183502197,0.622026026248932,0.515918493270874,0.695948600769043,0.751180350780487,0.830244123935699,0.578828513622284,0.698138356208801,0.928657293319702,0.832711040973663,0.825065016746521,0.480959057807922,0.282038807868958,0,0,0.506604850292206,0.579376816749573,0.971879482269287,0.744492530822754,0.343904733657837,0,0.502093195915222,0.656057953834534,0.848614990711212,0.950466632843018,0.910316526889801,0.922584116458893,0.96028470993042,0.868876099586487,0.910774648189545,0.952788770198822,0.813074290752411,0,0,0.481334120035172,0,0,0,0,0,0,0,0.467036813497543,0.423787415027618,0.351162731647491,0.466063231229782,0.326028436422348,0,0,0,0,0,0,0,0,0,0,0,0,0.207321733236313,0,0,0,0,0,0,0,0,0,0,0,0,0,0.360089421272278,0.198973894119263,0,0,0,0,0,0,0,0,0,0,0,0,0,0,0,0,0,0,0,0,0,0,0,0,0,0,0,0,0,0,0,0,0,0,0,0,0,0,0,0,0,0,0,270
Hof,0,0,0,0,0,0,0,0,0,0,0,0,0,0,0,0,0,0,0,0,0,0,0,0,0,0,0,0,0,0,0,0,0,0,0,0,0,0,0,0,0,0,0,0,0,0,0,0,0,0,0,0,0,0,0,0,0,0,0,0,0,0,0,0,0,0,0,0,0,0,0,0,0,0,0,0,0,0,0,0,0,0,0,0,0,0,0,0,0,0,0,0,0,0,0,0,0,0,0,0,0,0,0,0,0,0,0,0,0,0,0,0,0,0,0,0,0,0,0,0,0,0,0,0,0,0,0,0,0,0,0,0,0,0,0,0,0,0,0,0,0,0,0,0,0,0,0,0,0.0108355032280087,0.0122584132477641,0,0,0,0,0,0,0,0,0,0,0,0,0,0,0,0,0,0,0,0,0,0,0,0.0279454663395882,0,0,0,0,0,0,0,0.0481684170663357,0,0,0,0.0629287362098694,0.117202289402485,0.147136673331261,0.163710296154022,0.171247541904449,0.196228206157684,0.121062427759171,0.144831866025925,0,0.168731793761253,0.205546021461487,0.220974087715149,0.223891422152519,0.213133469223976,0.329596310853958,0.348208129405975,0.178437322378159,0.278988897800446,0.355016320943832,0.395297557115555,0.307066887617111,0.294749677181244,0.302330017089844,0.348316878080368,0.44228732585907,0.519079983234406,0.591435551643372,0.520329654216766,0.38996022939682,0.479435473680496,0.597022235393524,0.577106773853302,0.434711933135986,0.332236528396606,0.379180371761322,0.40711173415184,0.564980328083038,0.234574288129807,0,0,0,0,0.276393294334412,0,0,0.338161021471024,0.292688012123108,0.404665321111679,0.49806410074234,0.479890793561935,0.664330065250397,0.542419493198395,0.575860679149628,0.67356413602829,0.747505366802216,0.784743070602417,0.768275201320648,0.591293454170227,0.576500535011292,0.573695123195648,0.623090147972107,0.423623502254486,0.517726004123688,0.513996124267578,0.357160151004791,0.499032586812973,0.549700081348419,0.628418624401093,0.444178730249405,0.516028106212616,0.739162862300873,0.593586385250092,0.67734831571579,0.243398219347,0.273205906152725,0,0,0.329480171203613,0.435218155384064,0.770832598209381,0.548016905784607,0.386745423078537,0,0.357323855161667,0.508115470409393,0.676503300666809,0.744894206523895,0.673394322395325,0.708810687065125,0.729756116867065,0.674730837345123,0.698612332344055,0.738212764263153,0.665436863899231,0,0,0.306324630975723,0,0,0,0,0,0,0,0,0.324409335851669,0.213529750704765,0.335746020078659,0.198012098670006,0,0,0,0,0,0,0,0,0,0,0,0,0,0,0,0,0,0,0,0,0,0,0,0,0,0,0.161718994379044,0,0,0,0,0,0,0,0,0,0,0,0,0,0,0,0,0,0,0,0,0,0,0,0,0,0,0,0,0,0,0,0,0,0,0,0,0,0,0,0,0,0,0,0,271
Bamberg,0,0,0,0,0,0,0,0,0,0,0,0,0,0,0,0,0,0,0,0,0,0,0,0,0,0,0,0,0,0,0,0,0,0,0,0,0,0,0,0,0,0,0,0,0,0,0,0,0,0,0,0,0,0,0,0,0,0,0,0,0,0,0,0,0,0,0,0,0,0,0,0,0,0,0,0,0,0,0,0,0,0,0,0,0,0,0,0,0,0,0,0,0,0,0,0,0,0,0,0,0,0,0,0,0,0,0,0,0,0,0,0,0,0,0,0,0,0,0,0,0,0,0,0,0,0,0,0,0,0,0,0,0,0,0,0,0,0,0,0,0,0,0,0,0,0,0,0,0.026756476610899,0.0193213056772947,0,0,0,0,0,0,0,0,0,0,0,0,0,0,0,0,0,0,0,0,0,0,0,0.0490242764353752,0,0,0,0,0,0,0,0.0654598474502563,0,0,0,0.13717220723629,0.182511314749718,0.232423484325409,0.242583647370338,0.258459597826004,0.305749952793121,0.0964398309588432,0.19955238699913,0,0.201770514249802,0.236076518893242,0.272899240255356,0.194956302642822,0.278514087200165,0.428153932094574,0.416034519672394,0.202278599143028,0.352134644985199,0.471524149179459,0.542164862155914,0.392048984766006,0.379673600196838,0.41463041305542,0.512564778327942,0.59212327003479,0.663485169410706,0.743524491786957,0.669697105884552,0.506130874156952,0.617372810840607,0.758410930633545,0.727098643779755,0.521877408027649,0.42016726732254,0.461353063583374,0.528546035289764,0.72784811258316,0.359618991613388,0,0,0,0,0.415466219186783,0.267877846956253,0.382503062486649,0.458958327770233,0.381143152713776,0.525551795959473,0.630234181880951,0.599540591239929,0.826972007751465,0.731220245361328,0.7320556640625,0.868639945983887,0.972042918205261,1.01937115192413,0.993114173412323,0.788906514644623,0.698883414268494,0.650148987770081,0.786565184593201,0.605208516120911,0.612284183502197,0.622026085853577,0.515918552875519,0.695948600769043,0.751180350780487,0.830244183540344,0.578828454017639,0.698138356208801,0.928657293319702,0.832710981369019,0.825065076351166,0.480959057807922,0.282038807868958,0,0,0.506604790687561,0.579376816749573,0.971879482269287,0.744492471218109,0.343904733657837,0,0.502093195915222,0.656058013439178,0.848614990711212,0.950466632843018,0.910316526889801,0.922584176063538,0.960284769535065,0.868876039981842,0.910774648189545,0.952788710594177,0.813074290752411,0,0,0.481334149837494,0,0,0,0,0,0,0,0.467036813497543,0.423787415027618,0.351162731647491,0.466063231229782,0.326028436422348,0,0,0,0,0,0,0,0,0,0,0,0,0.207321718335152,0,0,0,0,0,0,0,0,0,0,0,0,0,0.360089421272278,0.198973894119263,0,0,0,0,0,0,0,0,0,0,0,0,0,0,0,0,0,0,0,0,0,0,0,0,0,0,0,0,0,0,0,0,0,0,0,0,0,0,0,0,0,0,0,272
Bayreuth,0,0,0,0,0,0,0,0,0,0,0,0,0,0,0,0,0,0,0,0,0,0,0,0,0,0,0,0,0,0,0,0,0,0,0,0,0,0,0,0,0,0,0,0,0,0,0,0,0,0,0,0,0,0,0,0,0,0,0,0,0,0,0,0,0,0,0,0,0,0,0,0,0,0,0,0,0,0,0,0,0,0,0,0,0,0,0,0,0,0,0,0,0,0,0,0,0,0,0,0,0,0,0,0,0,0,0,0,0,0,0,0,0,0,0,0,0,0,0,0,0,0,0,0,0,0,0,0,0,0,0,0,0,0,0,0,0,0,0,0,0,0,0,0,0,0,0,0,0.0241634510457516,0.0181709825992584,0,0,0,0,0,0,0,0,0,0,0,0,0,0,0,0,0,0,0,0,0,0,0,0.0455911979079247,0,0,0,0,0,0,0,0.0626436173915863,0,0,0,0.125080272555351,0.171874523162842,0.21853294968605,0.229737654328346,0.244255483150482,0.287912309169769,0.100450083613396,0.19064012169838,0,0.19638954102993,0.2311040610075,0.264442265033722,0.199668928980827,0.267865628004074,0.412101984024048,0.404987752437592,0.198395594954491,0.340221494436264,0.452548652887344,0.518244802951813,0.378208070993423,0.365842163562775,0.396340221166611,0.485813945531845,0.567719757556915,0.639966070652008,0.7187539935112,0.64536988735199,0.487210303544998,0.594907104969025,0.732125759124756,0.702669680118561,0.507680892944336,0.405846118927002,0.447969734668732,0.508768260478973,0.701322019100189,0.339253127574921,0,0,0,0,0.392815589904785,0.224248915910721,0.320205301046371,0.439284265041351,0.366736590862274,0.50586324930191,0.608707845211029,0.580053389072418,0.800482749938965,0.700470566749573,0.706616401672363,0.836868226528168,0.935472726821899,0.981157600879669,0.956494987010956,0.756721556186676,0.6789510846138,0.637697041034698,0.759940207004547,0.575634002685547,0.596883594989777,0.604431331157684,0.49006175994873,0.663877189159393,0.718365550041199,0.797373056411743,0.556898236274719,0.668478310108185,0.897794604301453,0.793765127658844,0.801006615161896,0.442267835140228,0.280600219964981,0,0,0.477756768465042,0.555897951126099,0.939135313034058,0.712492763996124,0.350882142782211,0,0.478514820337296,0.631962776184082,0.820583343505859,0.916985332965851,0.87172931432724,0.887767255306244,0.92273885011673,0.837255954742432,0.876219987869263,0.917841076850891,0.789028763771057,0,0,0.452830582857132,0,0,0,0,0,0,0,0.390971153974533,0.407601833343506,0.328746646642685,0.444838643074036,0.305178612470627,0,0,0,0,0,0,0,0,0,0,0,0,0.173555508255959,0,0,0,0,0,0,0,0,0,0,0,0,0,0.327781081199646,0.166567280888557,0,0,0,0,0,0,0,0,0,0,0,0,0,0,0,0,0,0,0,0,0,0,0,0,0,0,0,0,0,0,0,0,0,0,0,0,0,0,0,0,0,0,0,273
Coburg,0,0,0,0,0,0,0,0,0,0,0,0,0,0,0,0,0,0,0,0,0,0,0,0,0,0,0,0,0,0,0,0,0,0,0,0,0,0,0,0,0,0,0,0,0,0,0,0,0,0,0,0,0,0,0,0,0,0,0,0,0,0,0,0,0,0,0,0,0,0,0,0,0,0,0,0,0,0,0,0,0,0,0,0,0,0,0,0,0,0,0,0,0,0,0,0,0,0,0,0,0,0,0,0,0,0,0,0,0,0,0,0,0,0,0,0,0,0,0,0,0,0,0,0,0,0,0,0,0,0,0,0,0,0,0,0,0,0,0,0,0,0,0,0,0,0,0,0,0.026756476610899,0.0193213075399399,0,0,0,0,0,0,0,0,0,0,0,0,0,0,0,0,0,0,0,0,0,0,0,0.0490242764353752,0,0,0,0,0,0,0,0.0654598474502563,0,0,0,0.137172192335129,0.182511314749718,0.232423484325409,0.2425836622715,0.258459597826004,0.305749952793121,0.0964398384094238,0.199552372097969,0,0.201770514249802,0.236076518893242,0.272899240255356,0.194956302642822,0.278514057397842,0.428153932094574,0.416034549474716,0.202278584241867,0.352134644985199,0.471524119377136,0.542164862155914,0.392049014568329,0.379673600196838,0.41463041305542,0.512564778327942,0.592123329639435,0.663485169410706,0.743524491786957,0.669697105884552,0.506130874156952,0.617372810840607,0.758410930633545,0.727098643779755,0.521877408027649,0.42016726732254,0.461353063583374,0.528546094894409,0.72784811258316,0.359618991613388,0,0,0,0,0.41546618938446,0.267877846956253,0.382503062486649,0.458958327770233,0.381143152713776,0.525551855564117,0.630234241485596,0.599540591239929,0.826972007751465,0.731220245361328,0.7320556640625,0.868639945983887,0.972042858600616,1.01937127113342,0.993114233016968,0.788906514644623,0.698883473873138,0.650148987770081,0.786565184593201,0.605208575725555,0.612284123897552,0.622026085853577,0.515918493270874,0.695948600769043,0.751180410385132,0.830244123935699,0.578828513622284,0.698138356208801,0.928657293319702,0.832711040973663,0.825065076351166,0.480959087610245,0.28203883767128,0,0,0.506604790687561,0.579376816749573,0.971879482269287,0.744492471218109,0.343904763460159,0,0.502093195915222,0.656057953834534,0.848614931106567,0.950466632843018,0.910316467285156,0.922584176063538,0.960284769535065,0.868876099586487,0.910774648189545,0.952788710594177,0.813074290752411,0,0,0.481334149837494,0,0,0,0,0,0,0,0.467036813497543,0.423787444829941,0.351162761449814,0.466063231229782,0.326028436422348,0,0,0,0,0,0,0,0,0,0,0,0,0.207321733236313,0,0,0,0,0,0,0,0,0,0,0,0,0,0.360089421272278,0.198973909020424,0,0,0,0,0,0,0,0,0,0,0,0,0,0,0,0,0,0,0,0,0,0,0,0,0,0,0,0,0,0,0,0,0,0,0,0,0,0,0,0,0,0,0,274
Forchheim,0,0,0,0,0,0,0,0,0,0,0,0,0,0,0,0,0,0,0,0,0,0,0,0,0,0,0,0,0,0,0,0,0,0,0,0,0,0,0,0,0,0,0,0,0,0,0,0,0,0,0,0,0,0,0,0,0,0,0,0,0,0,0,0,0,0,0,0,0,0,0,0,0,0,0,0,0,0,0,0,0,0,0,0,0,0,0,0,0,0,0,0,0,0,0,0,0,0,0,0,0,0,0,0,0,0,0,0,0,0,0,0,0,0,0,0,0,0,0,0,0,0,0,0,0,0,0,0,0,0,0,0,0,0,0,0,0,0,0,0,0,0,0,0,0,0,0,0,0.026756476610899,0.0193213056772947,0,0,0,0,0,0,0,0,0,0,0,0,0,0,0,0,0,0,0,0,0,0,0,0.0490242764353752,0,0,0,0,0,0,0,0.0654598474502563,0,0,0,0.137172192335129,0.182511314749718,0.23242349922657,0.242583647370338,0.258459597826004,0.305749952793121,0.0964398309588432,0.199552372097969,0,0.20177049934864,0.236076518893242,0.272899240255356,0.194956302642822,0.278514057397842,0.428153932094574,0.416034549474716,0.202278599143028,0.352134644985199,0.471524119377136,0.542164862155914,0.392049014568329,0.379673629999161,0.41463041305542,0.512564778327942,0.59212327003479,0.663485169410706,0.743524491786957,0.669697105884552,0.506130874156952,0.617372810840607,0.7584108710289,0.727098643779755,0.521877408027649,0.42016726732254,0.461353063583374,0.528546035289764,0.72784811258316,0.359618991613388,0,0,0,0,0.41546618938446,0.267877817153931,0.382503062486649,0.458958327770233,0.381143152713776,0.525551795959473,0.630234181880951,0.599540591239929,0.826972007751465,0.731220304965973,0.732055723667145,0.868639945983887,0.972042918205261,1.01937127113342,0.993114173412323,0.788906455039978,0.698883473873138,0.650148987770081,0.786565244197845,0.605208516120911,0.612284123897552,0.622026026248932,0.515918493270874,0.695948600769043,0.751180350780487,0.830244123935699,0.578828454017639,0.698138356208801,0.928657352924347,0.832711040973663,0.825065076351166,0.480959057807922,0.282038807868958,0,0,0.506604790687561,0.579376876354218,0.971879482269287,0.744492471218109,0.343904733657837,0,0.502093255519867,0.656057953834534,0.848614931106567,0.950466632843018,0.910316467285156,0.922584116458893,0.960284769535065,0.868876099586487,0.9107745885849,0.952788710594177,0.813074290752411,0,0,0.481334120035172,0,0,0,0,0,0,0,0.467036843299866,0.423787415027618,0.351162761449814,0.46606320142746,0.326028436422348,0,0,0,0,0,0,0,0,0,0,0,0,0.207321718335152,0,0,0,0,0,0,0,0,0,0,0,0,0,0.360089421272278,0.198973894119263,0,0,0,0,0,0,0,0,0,0,0,0,0,0,0,0,0,0,0,0,0,0,0,0,0,0,0,0,0,0,0,0,0,0,0,0,0,0,0,0,0,0,0,275
Hof,0,0,0,0,0,0,0,0,0,0,0,0,0,0,0,0,0,0,0,0,0,0,0,0,0,0,0,0,0,0,0,0,0,0,0,0,0,0,0,0,0,0,0,0,0,0,0,0,0,0,0,0,0,0,0,0,0,0,0,0,0,0,0,0,0,0,0,0,0,0,0,0,0,0,0,0,0,0,0,0,0,0,0,0,0,0,0,0,0,0,0,0,0,0,0,0,0,0,0,0,0,0,0,0,0,0,0,0,0,0,0,0,0,0,0,0,0,0,0,0,0,0,0,0,0,0,0,0,0,0,0,0,0,0,0,0,0,0,0,0,0,0,0,0,0,0,0,0,0.0164604336023331,0.0147537551820278,0,0,0,0,0,0,0,0,0,0,0,0,0,0,0,0,0,0,0,0,0,0,0,0.0353926755487919,0,0,0,0,0,0,0,0.0542775318026543,0,0,0,0.0891591906547546,0.140276178717613,0.177268773317337,0.19157649576664,0.202059835195541,0.234922587871552,0.112363189458847,0.164164796471596,0,0.180404469370842,0.216332539916039,0.239319398999214,0.213668555021286,0.23623263835907,0.364417016506195,0.372171431779861,0.186860516667366,0.3048315346241,0.396178901195526,0.447186231613159,0.337091326713562,0.324753552675247,0.342006087303162,0.406346172094345,0.495224863290787,0.57009881734848,0.645169019699097,0.57310163974762,0.43100368976593,0.52816915512085,0.654041349887848,0.630099356174469,0.465507715940475,0.363302737474442,0.408212244510651,0.450014859437943,0.622521996498108,0.278752952814102,0,0,0,0,0.325528204441071,0.0946420952677727,0.135139554738998,0.380839079618454,0.323939502239227,0.447374910116196,0.544760167598724,0.522163391113281,0.721791923046112,0.609123408794403,0.631044864654541,0.742484986782074,0.826835215091705,0.867637932300568,0.847711563110352,0.661110758781433,0.619738757610321,0.600706517696381,0.680846393108368,0.487778067588806,0.551133692264557,0.552163422107697,0.413249969482422,0.56860363483429,0.620883703231812,0.699724197387695,0.491750866174698,0.580368220806122,0.806111812591553,0.678069889545441,0.729537129402161,0.327329248189926,0.276326596736908,0,0,0.392058849334717,0.486149877309799,0.841863036155701,0.617432296276093,0.371609628200531,0,0.408471345901489,0.560383975505829,0.737310886383057,0.817523598670959,0.757099688053131,0.784337520599365,0.811202585697174,0.743322908878326,0.773569881916046,0.814023077487946,0.717597603797913,0,0,0.368156015872955,0,0,0,0,0,0,0,0.165005594491959,0.359519898891449,0.262155920267105,0.381787478923798,0.243240684270859,0,0,0,0,0,0,0,0,0,0,0,0,0.0732474252581596,0,0,0,0,0,0,0,0,0,0,0,0,0,0.231803879141808,0.0702981203794479,0,0,0,0,0,0,0,0,0,0,0,0,0,0,0,0,0,0,0,0,0,0,0,0,0,0,0,0,0,0,0,0,0,0,0,0,0,0,0,0,0,0,0,276
Kronach,0,0,0,0,0,0,0,0,0,0,0,0,0,0,0,0,0,0,0,0,0,0,0,0,0,0,0,0,0,0,0,0,0,0,0,0,0,0,0,0,0,0,0,0,0,0,0,0,0,0,0,0,0,0,0,0,0,0,0,0,0,0,0,0,0,0,0,0,0,0,0,0,0,0,0,0,0,0,0,0,0,0,0,0,0,0,0,0,0,0,0,0,0,0,0,0,0,0,0,0,0,0,0,0,0,0,0,0,0,0,0,0,0,0,0,0,0,0,0,0,0,0,0,0,0,0,0,0,0,0,0,0,0,0,0,0,0,0,0,0,0,0,0,0,0,0,0,0,0.0264149978756905,0.0191118102520704,0,0,0,0,0,0,0,0,0,0,0,0,0,0,0,0,0,0,0,0,0,0,0,0.0484233871102333,0,0,0,0,0.000649049412459135,0,0,0.0640496909618378,0,0,0,0.136357545852661,0.181293815374374,0.230971142649651,0.241052180528641,0.256669282913208,0.304020613431931,0.0967424213886261,0.19758528470993,0,0.200593322515488,0.235675111413002,0.271528571844101,0.193811535835266,0.276751697063446,0.425519675016403,0.414256483316422,0.201236546039581,0.35079362988472,0.469463706016541,0.539626002311707,0.390452265739441,0.377494484186172,0.412474900484085,0.510127007961273,0.588995814323425,0.660680055618286,0.740286290645599,0.663549363613129,0.501257956027985,0.614389061927795,0.75597608089447,0.722417414188385,0.516023933887482,0.411115884780884,0.455648392438889,0.526459097862244,0.722390413284302,0.351871967315674,0,0,0.00361696677282453,0.00584378000348806,0.413483440876007,0.267583787441254,0.374263048171997,0.449071288108826,0.372932434082031,0.520128905773163,0.626531362533569,0.596362292766571,0.821885704994202,0.726886868476868,0.727688431739807,0.864522457122803,0.967509031295776,1.01450634002686,0.987182557582855,0.785916447639465,0.697667121887207,0.648212313652039,0.783526480197906,0.603355348110199,0.609597682952881,0.619206607341766,0.514697790145874,0.69233512878418,0.747969388961792,0.826392114162445,0.578491389751434,0.696001529693604,0.924267172813416,0.830212354660034,0.822170674800873,0.481646746397018,0.281304657459259,0,0.00613555684685707,0.505396127700806,0.579498827457428,0.965939044952393,0.740262389183044,0.344255447387695,0.00693038944154978,0.50183641910553,0.65561455488205,0.84575366973877,0.948360443115234,0.909253835678101,0.919818580150604,0.957643389701843,0.866102576255798,0.907624185085297,0.950944840908051,0.808966100215912,0,0.00467408541589975,0.4826620221138,0,0,0,0,0,0,0,0.467061102390289,0.423814862966537,0.343597859144211,0.464139640331268,0.319005042314529,0,0,0,0,0,0.00511586666107178,0,0.00461453711614013,0,0,0,0,0.20285552740097,0,0,0,0,0,0,0,0,0,0,0,0,0.00547130685299635,0.361834496259689,0.202335670590401,0.00514156278222799,0,0,0,0,0,0,0,0,0,0,0,0,0,0,0,0,0,0,0,0,0,0,0,0,0,0,0,0,0,0,0,0,0,0,0,0,0,0,0,0,0,0,277
Kulmbach,0,0,0,0,0,0,0,0,0,0,0,0,0,0,0,0,0,0,0,0,0,0,0,0,0,0,0,0,0,0,0,0,0,0,0,0,0,0,0,0,0,0,0,0,0,0,0,0,0,0,0,0,0,0,0,0,0,0,0,0,0,0,0,0,0,0,0,0,0,0,0,0,0,0,0,0,0,0,0,0,0,0,0,0,0,0,0,0,0,0,0,0,0,0,0,0,0,0,0,0,0,0,0,0,0,0,0,0,0,0,0,0,0,0,0,0,0,0,0,0,0,0,0,0,0,0,0,0,0,0,0,0,0,0,0,0,0,0,0,0,0,0,0,0,0,0,0,0,0.026756476610899,0.0193213056772947,0,0,0,0,0,0,0,0,0,0,0,0,0,0,0,0,0,0,0,0,0,0,0,0.0490242764353752,0,0,0,0,0,0,0,0.0654598474502563,0,0,0,0.13717220723629,0.182511314749718,0.232423484325409,0.242583647370338,0.258459597826004,0.305749982595444,0.0964398309588432,0.199552372097969,0,0.201770514249802,0.236076533794403,0.272899240255356,0.194956302642822,0.278514057397842,0.428153932094574,0.416034549474716,0.202278584241867,0.352134644985199,0.471524119377136,0.542164862155914,0.392049014568329,0.379673629999161,0.41463041305542,0.512564778327942,0.592123329639435,0.663485169410706,0.743524491786957,0.669697105884552,0.506130874156952,0.617372810840607,0.758410930633545,0.72709858417511,0.521877408027649,0.42016726732254,0.461353063583374,0.528546094894409,0.72784811258316,0.359618991613388,0,0,0,0,0.41546618938446,0.267877846956253,0.382503062486649,0.458958327770233,0.381143152713776,0.525551855564117,0.630234241485596,0.599540591239929,0.826972007751465,0.731220245361328,0.732055723667145,0.868639945983887,0.972042858600616,1.01937115192413,0.993114233016968,0.788906455039978,0.698883414268494,0.650148928165436,0.786565244197845,0.605208516120911,0.612284123897552,0.622026085853577,0.515918493270874,0.695948600769043,0.751180350780487,0.830244183540344,0.578828513622284,0.698138356208801,0.928657293319702,0.832711040973663,0.825065016746521,0.480959087610245,0.282038807868958,0,0,0.506604850292206,0.579376816749573,0.971879482269287,0.744492471218109,0.343904733657837,0,0.502093195915222,0.656058013439178,0.848614931106567,0.950466632843018,0.910316467285156,0.922584176063538,0.960284769535065,0.868876099586487,0.9107745885849,0.952788710594177,0.813074231147766,0,0,0.481334149837494,0,0,0,0,0,0,0,0.467036813497543,0.423787444829941,0.351162731647491,0.466063231229782,0.326028436422348,0,0,0,0,0,0,0,0,0,0,0,0,0.207321718335152,0,0,0,0,0,0,0,0,0,0,0,0,0,0.360089421272278,0.198973909020424,0,0,0,0,0,0,0,0,0,0,0,0,0,0,0,0,0,0,0,0,0,0,0,0,0,0,0,0,0,0,0,0,0,0,0,0,0,0,0,0,0,0,0,278
Lichtenfels,0,0,0,0,0,0,0,0,0,0,0,0,0,0,0,0,0,0,0,0,0,0,0,0,0,0,0,0,0,0,0,0,0,0,0,0,0,0,0,0,0,0,0,0,0,0,0,0,0,0,0,0,0,0,0,0,0,0,0,0,0,0,0,0,0,0,0,0,0,0,0,0,0,0,0,0,0,0,0,0,0,0,0,0,0,0,0,0,0,0,0,0,0,0,0,0,0,0,0,0,0,0,0,0,0,0,0,0,0,0,0,0,0,0,0,0,0,0,0,0,0,0,0,0,0,0,0,0,0,0,0,0,0,0,0,0,0,0,0,0,0,0,0,0,0,0,0,0,0.026756476610899,0.0193213075399399,0,0,0,0,0,0,0,0,0,0,0,0,0,0,0,0,0,0,0,0,0,0,0,0.0490242764353752,0,0,0,0,0,0,0,0.0654598474502563,0,0,0,0.137172192335129,0.182511314749718,0.232423484325409,0.242583647370338,0.258459597826004,0.305749982595444,0.0964398384094238,0.199552372097969,0,0.20177049934864,0.236076518893242,0.272899240255356,0.194956302642822,0.278514057397842,0.428153932094574,0.416034549474716,0.202278584241867,0.352134644985199,0.471524119377136,0.542164921760559,0.392049014568329,0.379673600196838,0.41463041305542,0.512564778327942,0.592123329639435,0.663485169410706,0.743524551391602,0.669697105884552,0.506130874156952,0.617372810840607,0.7584108710289,0.727098643779755,0.521877408027649,0.42016726732254,0.461353063583374,0.528546094894409,0.72784811258316,0.359618991613388,0,0,0,0,0.41546618938446,0.267877846956253,0.382503092288971,0.458958327770233,0.381143152713776,0.525551795959473,0.630234181880951,0.599540650844574,0.826972007751465,0.731220245361328,0.732055723667145,0.868639945983887,0.972042858600616,1.01937127113342,0.993114173412323,0.788906455039978,0.698883473873138,0.650148987770081,0.786565184593201,0.605208516120911,0.612284183502197,0.622026085853577,0.515918493270874,0.695948600769043,0.751180350780487,0.830244183540344,0.578828454017639,0.698138356208801,0.928657352924347,0.832710981369019,0.825065076351166,0.480959057807922,0.282038807868958,0,0,0.506604850292206,0.579376816749573,0.971879541873932,0.744492471218109,0.343904733657837,0,0.502093255519867,0.656058013439178,0.848614990711212,0.950466632843018,0.910316526889801,0.922584176063538,0.960284769535065,0.868876039981842,0.910774648189545,0.952788770198822,0.813074290752411,0,0,0.481334149837494,0,0,0,0,0,0,0,0.467036813497543,0.423787415027618,0.351162731647491,0.466063231229782,0.326028436422348,0,0,0,0,0,0,0,0,0,0,0,0,0.207321718335152,0,0,0,0,0,0,0,0,0,0,0,0,0,0.360089421272278,0.198973909020424,0,0,0,0,0,0,0,0,0,0,0,0,0,0,0,0,0,0,0,0,0,0,0,0,0,0,0,0,0,0,0,0,0,0,0,0,0,0,0,0,0,0,0,279
Wunsiedel i.Fichtelgebirge,0,0,0,0,0,0,0,0,0,0,0,0,0,0,0,0,0,0,0,0,0,0,0,0,0,0,0,0,0,0,0,0,0,0,0,0,0,0,0,0,0,0,0,0,0,0,0,0,0,0,0,0,0,0,0,0,0,0,0,0,0,0,0,0,0,0,0,0,0,0,0,0,0,0,0,0,0,0,0,0,0,0,0,0,0,0,0,0,0,0,0,0,0,0,0,0,0,0,0,0,0,0,0,0,0,0,0,0,0,0,0,0,0,0,0,0,0,0,0,0,0,0,0,0,0,0,0,0,0,0,0,0,0,0,0,0,0,0,0,0,0,0,0,0,0,0,0,0,0.0108355032280087,0.0122584132477641,0,0,0,0,0,0,0,0,0,0,0,0,0,0,0,0,0,0,0,0,0,0,0,0.0279454663395882,0,0,0,0,0,0,0,0.0481684170663357,0,0,0,0.0629287287592888,0.117202289402485,0.147136658430099,0.163710296154022,0.171247541904449,0.196228206157684,0.12106242030859,0.144831866025925,0,0.168731793761253,0.205546021461487,0.220974072813988,0.22389143705368,0.213133469223976,0.329596310853958,0.348208129405975,0.178437322378159,0.278988927602768,0.355016320943832,0.395297586917877,0.307066857814789,0.294749677181244,0.302330017089844,0.348316878080368,0.442287355661392,0.51908004283905,0.591435551643372,0.520329713821411,0.389960199594498,0.479435473680496,0.597022235393524,0.577106773853302,0.434711903333664,0.332236498594284,0.379180371761322,0.40711173415184,0.564980387687683,0.234574273228645,0,0,0,0,0.276393264532089,0,0,0.338160991668701,0.292688012123108,0.404665350914001,0.49806410074234,0.479890763759613,0.664330065250397,0.542419493198395,0.575860679149628,0.67356413602829,0.747505366802216,0.784743070602417,0.768275201320648,0.591293454170227,0.576500535011292,0.573695123195648,0.623090147972107,0.423623502254486,0.517726004123688,0.513996124267578,0.357160151004791,0.499032586812973,0.549700140953064,0.628418624401093,0.444178730249405,0.516028106212616,0.739162921905518,0.593586444854736,0.67734831571579,0.243398234248161,0.273205906152725,0,0,0.329480171203613,0.435218155384064,0.770832598209381,0.548016905784607,0.386745423078537,0,0.357323884963989,0.508115470409393,0.676503300666809,0.744894206523895,0.673394381999969,0.708810746669769,0.729756116867065,0.674730837345123,0.698612332344055,0.738212764263153,0.665436804294586,0,0,0.306324630975723,0,0,0,0,0,0,0,0,0.324409335851669,0.213529750704765,0.335746020078659,0.198012098670006,0,0,0,0,0,0,0,0,0,0,0,0,0,0,0,0,0,0,0,0,0,0,0,0,0,0,0.161718994379044,0,0,0,0,0,0,0,0,0,0,0,0,0,0,0,0,0,0,0,0,0,0,0,0,0,0,0,0,0,0,0,0,0,0,0,0,0,0,0,0,0,0,0,0,280
Ansbach,0,0,0,0,0,0,0,0,0,0,0,0,0,0,0,0,0,0,0,0,0,0,0,0,0,0,0,0,0,0,0,0,0,0,0,0,0,0,0,0,0,0,0,0,0,0,0,0,0,0,0,0,0,0,0,0,0,0,0,0,0,0,0,0,0,0,0,0,0,0,0,0,0,0,0,0,0,0,0,0,0,0,0,0,0,0,0,0,0,0,0,0,0,0,0,0,0,0,0,0,0,0,0,0,0,0,0,0,0,0,0,0,0,0,0,0,0,0,0,0,0,0,0,0,0,0,0,0,0,0,0,0,0,0,0,0,0,0,0,0,0,0,0,0,0,0,0,0,0.0267564784735441,0.0193213075399399,0,0,0,0,0,0,0,0,0,0,0,0,0,0,0,0,0,0,0,0,0,0,0,0.0490242764353752,0,0,0,0,0,0,0,0.0654598399996758,0,0,0,0.13717220723629,0.182511314749718,0.232423484325409,0.242583647370338,0.258459597826004,0.305749952793121,0.0964398309588432,0.19955238699913,0,0.201770514249802,0.236076533794403,0.272899240255356,0.194956302642822,0.278514087200165,0.428153932094574,0.416034549474716,0.202278584241867,0.352134644985199,0.471524119377136,0.542164862155914,0.392049014568329,0.379673629999161,0.41463041305542,0.512564778327942,0.592123329639435,0.663485169410706,0.743524551391602,0.669697165489197,0.506130933761597,0.617372810840607,0.7584108710289,0.727098643779755,0.521877408027649,0.42016726732254,0.461353063583374,0.528546094894409,0.72784811258316,0.35961902141571,0,0,0,0,0.41546618938446,0.267877846956253,0.382503062486649,0.458958357572556,0.381143152713776,0.525551855564117,0.630234241485596,0.599540591239929,0.826972007751465,0.731220304965973,0.732055723667145,0.868639945983887,0.972042918205261,1.01937127113342,0.993114173412323,0.788906455039978,0.698883414268494,0.650148987770081,0.786565184593201,0.605208516120911,0.612284123897552,0.622026085853577,0.515918493270874,0.695948600769043,0.751180410385132,0.830244183540344,0.578828454017639,0.698138296604156,0.928657293319702,0.832710981369019,0.825065016746521,0.480959057807922,0.282038807868958,0,0,0.506604790687561,0.579376816749573,0.971879541873932,0.744492471218109,0.343904733657837,0,0.502093255519867,0.656057953834534,0.848614931106567,0.950466632843018,0.910316467285156,0.922584116458893,0.960284769535065,0.868876099586487,0.910774648189545,0.952788710594177,0.813074290752411,0,0,0.481334120035172,0,0,0,0,0,0,0,0.467036813497543,0.423787415027618,0.351162761449814,0.46606320142746,0.326028436422348,0,0,0,0,0,0,0,0,0,0,0,0,0.207321718335152,0,0,0,0,0,0,0,0,0,0,0,0,0,0.3600894510746,0.198973909020424,0,0,0,0,0,0,0,0,0,0,0,0,0,0,0,0,0,0,0,0,0,0,0,0,0,0,0,0,0,0,0,0,0,0,0,0,0,0,0,0,0,0,0,281
Erlangen,0,0,0,0,0,0,0,0,0,0,0,0,0,0,0,0,0,0,0,0,0,0,0,0,0,0,0,0,0,0,0,0,0,0,0,0,0,0,0,0,0,0,0,0,0,0,0,0,0,0,0,0,0,0,0,0,0,0,0,0,0,0,0,0,0,0,0,0,0,0,0,0,0,0,0,0,0,0,0,0,0,0,0,0,0,0,0,0,0,0,0,0,0,0,0,0,0,0,0,0,0,0,0,0,0,0,0,0,0,0,0,0,0,0,0,0,0,0,0,0,0,0,0,0,0,0,0,0,0,0,0,0,0,0,0,0,0,0,0,0,0,0,0,0,0,0,0,0,0.0267564784735441,0.0193213056772947,0,0,0,0,0,0,0,0,0,0,0,0,0,0,0,0,0,0,0,0,0,0,0,0.0490242727100849,0,0,0,0,0,0,0,0.0654598474502563,0,0,0,0.13717220723629,0.182511299848557,0.232423484325409,0.242583647370338,0.258459597826004,0.305749952793121,0.0964398384094238,0.199552372097969,0,0.201770514249802,0.236076518893242,0.272899240255356,0.194956302642822,0.278514087200165,0.428153932094574,0.416034519672394,0.202278584241867,0.352134615182877,0.471524119377136,0.542164921760559,0.392049014568329,0.379673629999161,0.41463041305542,0.512564778327942,0.592123329639435,0.663485169410706,0.743524491786957,0.669697165489197,0.506130933761597,0.617372810840607,0.7584108710289,0.727098643779755,0.521877408027649,0.42016726732254,0.461353063583374,0.528546094894409,0.72784811258316,0.359618991613388,0,0,0,0,0.415466219186783,0.267877846956253,0.382503062486649,0.458958327770233,0.381143182516098,0.525551855564117,0.630234241485596,0.599540591239929,0.826972007751465,0.731220304965973,0.732055723667145,0.868639945983887,0.972042918205261,1.01937115192413,0.993114173412323,0.788906455039978,0.698883414268494,0.650148987770081,0.786565184593201,0.605208516120911,0.612284123897552,0.622026085853577,0.515918493270874,0.695948600769043,0.751180410385132,0.830244183540344,0.578828513622284,0.698138356208801,0.928657293319702,0.832711040973663,0.825065076351166,0.480959087610245,0.282038807868958,0,0,0.506604850292206,0.579376876354218,0.971879482269287,0.744492471218109,0.343904733657837,0,0.502093255519867,0.656057953834534,0.848614931106567,0.950466632843018,0.910316467285156,0.922584116458893,0.96028470993042,0.868876099586487,0.910774648189545,0.952788710594177,0.813074290752411,0,0,0.481334120035172,0,0,0,0,0,0,0,0.467036813497543,0.423787415027618,0.351162731647491,0.466063231229782,0.326028436422348,0,0,0,0,0,0,0,0,0,0,0,0,0.207321718335152,0,0,0,0,0,0,0,0,0,0,0,0,0,0.360089421272278,0.198973894119263,0,0,0,0,0,0,0,0,0,0,0,0,0,0,0,0,0,0,0,0,0,0,0,0,0,0,0,0,0,0,0,0,0,0,0,0,0,0,0,0,0,0,0,282
Fürth,0,0,0,0,0,0,0,0,0,0,0,0,0,0,0,0,0,0,0,0,0,0,0,0,0,0,0,0,0,0,0,0,0,0,0,0,0,0,0,0,0,0,0,0,0,0,0,0,0,0,0,0,0,0,0,0,0,0,0,0,0,0,0,0,0,0,0,0,0,0,0,0,0,0,0,0,0,0,0,0,0,0,0,0,0,0,0,0,0,0,0,0,0,0,0,0,0,0,0,0,0,0,0,0,0,0,0,0,0,0,0,0,0,0,0,0,0,0,0,0,0,0,0,0,0,0,0,0,0,0,0,0,0,0,0,0,0,0,0,0,0,0,0,0,0,0,0,0,0.026756476610899,0.0193213056772947,0,0,0,0,0,0,0,0,0,0,0,0,0,0,0,0,0,0,0,0,0,0,0,0.0490242764353752,0,0,0,0,0,0,0,0.0654598474502563,0,0,0,0.13717220723629,0.182511314749718,0.23242349922657,0.242583647370338,0.258459597826004,0.305749952793121,0.0964398384094238,0.19955238699913,0,0.20177049934864,0.236076518893242,0.272899240255356,0.194956302642822,0.278514057397842,0.428153932094574,0.416034549474716,0.202278584241867,0.352134644985199,0.471524119377136,0.542164862155914,0.392049014568329,0.379673629999161,0.41463041305542,0.512564778327942,0.592123329639435,0.663485169410706,0.743524551391602,0.669697105884552,0.506130874156952,0.617372810840607,0.7584108710289,0.72709858417511,0.521877408027649,0.42016726732254,0.461353063583374,0.528546094894409,0.72784811258316,0.359618991613388,0,0,0,0,0.415466219186783,0.267877846956253,0.382503062486649,0.458958327770233,0.381143152713776,0.525551855564117,0.630234241485596,0.599540650844574,0.826972007751465,0.731220304965973,0.7320556640625,0.868640005588531,0.972042858600616,1.01937115192413,0.993114233016968,0.788906514644623,0.698883473873138,0.650148987770081,0.786565244197845,0.605208516120911,0.612284123897552,0.622026085853577,0.515918493270874,0.695948600769043,0.751180350780487,0.830244123935699,0.578828454017639,0.698138296604156,0.928657352924347,0.832711040973663,0.825065076351166,0.480959087610245,0.28203883767128,0,0,0.506604850292206,0.579376816749573,0.971879482269287,0.744492471218109,0.343904763460159,0,0.502093195915222,0.656057953834534,0.848614990711212,0.950466632843018,0.910316526889801,0.922584176063538,0.96028470993042,0.868876039981842,0.910774648189545,0.952788710594177,0.813074290752411,0,0,0.481334120035172,0,0,0,0,0,0,0,0.467036813497543,0.423787415027618,0.351162731647491,0.466063231229782,0.326028436422348,0,0,0,0,0,0,0,0,0,0,0,0,0.207321718335152,0,0,0,0,0,0,0,0,0,0,0,0,0,0.360089421272278,0.198973909020424,0,0,0,0,0,0,0,0,0,0,0,0,0,0,0,0,0,0,0,0,0,0,0,0,0,0,0,0,0,0,0,0,0,0,0,0,0,0,0,0,0,0,0,283
Nürnberg,0,0,0,0,0,0,0,0,0,0,0,0,0,0,0,0,0,0,0,0,0,0,0,0,0,0,0,0,0,0,0,0,0,0,0,0,0,0,0,0,0,0,0,0,0,0,0,0,0,0,0,0,0,0,0,0,0,0,0,0,0,0,0,0,0,0,0,0,0,0,0,0,0,0,0,0,0,0,0,0,0,0,0,0,0,0,0,0,0,0,0,0,0,0,0,0,0,0,0,0,0,0,0,0,0,0,0,0,0,0,0,0,0,0,0,0,0,0,0,0,0,0,0,0,0,0,0,0,0,0,0,0,0,0,0,0,0,0,0,0,0,0,0,0,0,0,0,0,0.026756476610899,0.0193213056772947,0,0,0,0,0,0,0,0,0,0,0,0,0,0,0,0,0,0,0,0,0,0,0,0.0490242764353752,0,0,0,0,0,0,0,0.0654598474502563,0,0,0,0.13717220723629,0.182511314749718,0.23242349922657,0.242583647370338,0.258459597826004,0.305749982595444,0.0964398309588432,0.19955238699913,0,0.201770514249802,0.236076518893242,0.272899240255356,0.194956302642822,0.278514087200165,0.428153902292252,0.416034519672394,0.202278584241867,0.352134615182877,0.471524119377136,0.542164862155914,0.392048984766006,0.379673629999161,0.41463041305542,0.512564778327942,0.592123329639435,0.663485169410706,0.743524491786957,0.669697165489197,0.506130874156952,0.617372810840607,0.7584108710289,0.727098643779755,0.521877408027649,0.42016726732254,0.461353033781052,0.528546094894409,0.72784811258316,0.359618991613388,0,0,0,0,0.41546618938446,0.267877817153931,0.382503062486649,0.458958327770233,0.381143182516098,0.525551795959473,0.630234241485596,0.599540591239929,0.826972007751465,0.731220304965973,0.732055723667145,0.868640005588531,0.972042858600616,1.01937127113342,0.993114233016968,0.788906455039978,0.698883473873138,0.650148987770081,0.786565244197845,0.605208516120911,0.612284123897552,0.622026085853577,0.515918552875519,0.695948600769043,0.751180410385132,0.830244183540344,0.578828513622284,0.698138296604156,0.928657293319702,0.832710981369019,0.825065076351166,0.480959057807922,0.282038807868958,0,0,0.506604850292206,0.579376876354218,0.971879482269287,0.744492471218109,0.343904733657837,0,0.502093195915222,0.656057953834534,0.848614931106567,0.950466632843018,0.910316526889801,0.922584176063538,0.96028470993042,0.868876099586487,0.910774648189545,0.952788710594177,0.813074290752411,0,0,0.481334149837494,0,0,0,0,0,0,0,0.467036843299866,0.423787444829941,0.351162731647491,0.466063231229782,0.326028436422348,0,0,0,0,0,0,0,0,0,0,0,0,0.207321733236313,0,0,0,0,0,0,0,0,0,0,0,0,0,0.360089421272278,0.198973909020424,0,0,0,0,0,0,0,0,0,0,0,0,0,0,0,0,0,0,0,0,0,0,0,0,0,0,0,0,0,0,0,0,0,0,0,0,0,0,0,0,0,0,0,284
Schwabach,0,0,0,0,0,0,0,0,0,0,0,0,0,0,0,0,0,0,0,0,0,0,0,0,0,0,0,0,0,0,0,0,0,0,0,0,0,0,0,0,0,0,0,0,0,0,0,0,0,0,0,0,0,0,0,0,0,0,0,0,0,0,0,0,0,0,0,0,0,0,0,0,0,0,0,0,0,0,0,0,0,0,0,0,0,0,0,0,0,0,0,0,0,0,0,0,0,0,0,0,0,0,0,0,0,0,0,0,0,0,0,0,0,0,0,0,0,0,0,0,0,0,0,0,0,0,0,0,0,0,0,0,0,0,0,0,0,0,0,0,0,0,0,0,0,0,0,0,0.026756476610899,0.0193213056772947,0,0,0,0,0,0,0,0,0,0,0,0,0,0,0,0,0,0,0,0,0,0,0,0.0490242764353752,0,0,0,0,0,0,0,0.0654598474502563,0,0,0,0.13717220723629,0.182511314749718,0.232423484325409,0.242583647370338,0.258459597826004,0.305749952793121,0.0964398309588432,0.19955238699913,0,0.201770514249802,0.236076533794403,0.272899240255356,0.194956317543983,0.278514057397842,0.428153961896896,0.416034549474716,0.202278584241867,0.352134615182877,0.471524149179459,0.542164862155914,0.392049014568329,0.379673629999161,0.41463041305542,0.512564778327942,0.592123329639435,0.663485169410706,0.743524551391602,0.669697165489197,0.506130874156952,0.617372810840607,0.758410930633545,0.72709858417511,0.521877408027649,0.42016726732254,0.461353033781052,0.528546094894409,0.72784811258316,0.359618991613388,0,0,0,0,0.415466219186783,0.267877846956253,0.382503062486649,0.458958327770233,0.381143152713776,0.525551855564117,0.630234181880951,0.599540591239929,0.826972007751465,0.731220245361328,0.732055723667145,0.868639886379242,0.972042918205261,1.01937115192413,0.993114233016968,0.788906455039978,0.698883473873138,0.650148928165436,0.786565184593201,0.605208516120911,0.612284123897552,0.622026085853577,0.515918493270874,0.695948600769043,0.751180410385132,0.830244123935699,0.578828513622284,0.698138296604156,0.928657352924347,0.832711040973663,0.825065076351166,0.480959087610245,0.282038807868958,0,0,0.506604790687561,0.579376876354218,0.971879422664642,0.744492471218109,0.343904733657837,0,0.502093195915222,0.656057953834534,0.848614931106567,0.950466573238373,0.910316526889801,0.922584176063538,0.96028470993042,0.868876039981842,0.9107745885849,0.952788710594177,0.813074290752411,0,0,0.481334149837494,0,0,0,0,0,0,0,0.467036783695221,0.423787444829941,0.351162731647491,0.466063231229782,0.326028436422348,0,0,0,0,0,0,0,0,0,0,0,0,0.207321733236313,0,0,0,0,0,0,0,0,0,0,0,0,0,0.360089421272278,0.198973909020424,0,0,0,0,0,0,0,0,0,0,0,0,0,0,0,0,0,0,0,0,0,0,0,0,0,0,0,0,0,0,0,0,0,0,0,0,0,0,0,0,0,0,0,285
Ansbach,0,0,0,0,0,0,0,0,0,0,0,0,0,0,0,0,0,0,0,0,0,0,0,0,0,0,0,0,0,0,0,0,0,0,0,0,0,0,0,0,0,0,0,0,0,0,0,0,0,0,0,0,0,0,0,0,0,0,0,0,0,0,0,0,0,0,0,0,0,0,0,0,0,0,0,0,0,0,0,0,0,0,0,0,0,0,0,0,0,0,0,0,0,0,0,0,0,0,0,0,0,0,0,0,0,0,0,0,0,0,0,0,0,0,0,0,0,0,0,0,0,0,0,0,0,0,0,0,0,0,0,0,0,0,0,0,0,0,0,0,0,0,0,0.00123914668802172,0.00182518712244928,0.00190995808225125,0.0032868767157197,0.00348761072382331,0.027243472635746,0.01616788841784,0,0,0,0,0,0,0,0,0,0,0,0,0,0,0,0,0,0,0,0,0,0,0,0.0538167282938957,0,0,0,0,0.0139250149950385,0,0.0123797114938498,0.0547761879861355,0,0,0,0.148851498961449,0.198269680142403,0.250614613294601,0.254662781953812,0.27625098824501,0.326881557703018,0.0809485018253326,0.194448634982109,0.000314358621835709,0.210603892803192,0.24566163122654,0.275987207889557,0.163137629628181,0.287257254123688,0.433931738138199,0.425048172473907,0.221236705780029,0.372044533491135,0.495120346546173,0.565683662891388,0.410957157611847,0.396871268749237,0.422161191701889,0.534002065658569,0.618081569671631,0.691236674785614,0.773767650127411,0.692850112915039,0.527724027633667,0.644727230072021,0.791896462440491,0.749660193920135,0.538072824478149,0.440684795379639,0.482100933790207,0.560440003871918,0.760411262512207,0.383707612752914,0,0,0.0648511797189713,0.0457507111132145,0.430937379598618,0.295163869857788,0.377453953027725,0.462864279747009,0.403244525194168,0.551014602184296,0.660260796546936,0.634018301963806,0.862204790115356,0.766825497150421,0.768105328083038,0.910453200340271,1.01620328426361,1.06498730182648,1.03855204582214,0.823194444179535,0.719203412532806,0.677468538284302,0.826898038387299,0.651729047298431,0.643780052661896,0.658023476600647,0.557084262371063,0.742989242076874,0.80344146490097,0.868730187416077,0.615846693515778,0.744111955165863,0.973295629024506,0.881504952907562,0.850113034248352,0.509241461753845,0.304329752922058,0.0738121345639229,0.0891398414969444,0.548780679702759,0.614305853843689,1.01509201526642,0.78385990858078,0.348603308200836,0.0770365297794342,0.5453160405159,0.707230567932129,0.89620703458786,1.00715911388397,0.979342699050903,0.98918354511261,1.01834952831268,0.929779291152954,0.961272716522217,1.01133596897125,0.849647462368011,0.0539321824908257,0.0632297843694687,0.531244993209839,0.0778631493449211,0,0,0,0,0,0,0.522413492202759,0.465703725814819,0.394695967435837,0.504297912120819,0.366684824228287,0.000700705917552114,0,0,0,0,0.0560253076255322,0,0,0,0,0.000647346954792738,0,0.229843124747276,0,0,0,0,0,0,0,0,0,0,0,0,0,0.388172447681427,0.233567893505096,0,0,0,0,0,0,0,0,0,0,0,0,0,0,0,0,0,0,0,0,0,0,0,0,0,0,0,0,0,0,0,0,0,0,0,0,0,0,0,0,0,0,0,286
Erlangen-Höchstadt,0,0,0,0,0,0,0,0,0,0,0,0,0,0,0,0,0,0,0,0,0,0,0,0,0,0,0,0,0,0,0,0,0,0,0,0,0,0,0,0,0,0,0,0,0,0,0,0,0,0,0,0,0,0,0,0,0,0,0,0,0,0,0,0,0,0,0,0,0,0,0,0,0,0,0,0,0,0,0,0,0,0,0,0,0,0,0,0,0,0,0,0,0,0,0,0,0,0,0,0,0,0,0,0,0,0,0,0,0,0,0,0,0,0,0,0,0,0,0,0,0,0,0,0,0,0,0,0,0,0,0,0,0,0,0,0,0,0,0,0,0,0,0,0,0,0,0,0,0.026756476610899,0.0193213056772947,0,0,0,0,0,0,0,0,0,0,0,0,0,0,0,0,0,0,0,0,0,0,0,0.0490242764353752,0,0,0,0,0,0,0,0.0654598474502563,0,0,0,0.13717220723629,0.182511314749718,0.23242349922657,0.242583647370338,0.258459597826004,0.305749982595444,0.0964398309588432,0.199552372097969,0,0.20177049934864,0.236076518893242,0.272899210453033,0.194956317543983,0.278514057397842,0.428153932094574,0.416034519672394,0.202278584241867,0.352134615182877,0.471524149179459,0.542164921760559,0.392049014568329,0.379673629999161,0.414630442857742,0.512564778327942,0.59212327003479,0.663485169410706,0.743524551391602,0.669697165489197,0.506130933761597,0.617372810840607,0.7584108710289,0.727098643779755,0.521877408027649,0.42016726732254,0.461353063583374,0.528546094894409,0.72784811258316,0.359618991613388,0,0,0,0,0.41546618938446,0.267877817153931,0.382503062486649,0.458958327770233,0.381143152713776,0.525551855564117,0.630234181880951,0.599540591239929,0.826972007751465,0.731220304965973,0.732055723667145,0.868639945983887,0.972042858600616,1.01937115192413,0.993114233016968,0.788906455039978,0.698883414268494,0.650148987770081,0.786565184593201,0.605208516120911,0.612284183502197,0.622026085853577,0.515918552875519,0.695948600769043,0.751180410385132,0.830244183540344,0.578828513622284,0.698138356208801,0.928657293319702,0.832711040973663,0.825065076351166,0.480959057807922,0.282038807868958,0,0,0.506604850292206,0.579376816749573,0.971879482269287,0.744492471218109,0.343904763460159,0,0.502093195915222,0.656058013439178,0.848614931106567,0.950466632843018,0.910316526889801,0.922584176063538,0.96028470993042,0.868876039981842,0.9107745885849,0.952788770198822,0.813074290752411,0,0,0.481334120035172,0,0,0,0,0,0,0,0.467036813497543,0.423787415027618,0.351162761449814,0.466063231229782,0.326028436422348,0,0,0,0,0,0,0,0,0,0,0,0,0.207321718335152,0,0,0,0,0,0,0,0,0,0,0,0,0,0.360089421272278,0.198973909020424,0,0,0,0,0,0,0,0,0,0,0,0,0,0,0,0,0,0,0,0,0,0,0,0,0,0,0,0,0,0,0,0,0,0,0,0,0,0,0,0,0,0,0,287
Fürth,0,0,0,0,0,0,0,0,0,0,0,0,0,0,0,0,0,0,0,0,0,0,0,0,0,0,0,0,0,0,0,0,0,0,0,0,0,0,0,0,0,0,0,0,0,0,0,0,0,0,0,0,0,0,0,0,0,0,0,0,0,0,0,0,0,0,0,0,0,0,0,0,0,0,0,0,0,0,0,0,0,0,0,0,0,0,0,0,0,0,0,0,0,0,0,0,0,0,0,0,0,0,0,0,0,0,0,0,0,0,0,0,0,0,0,0,0,0,0,0,0,0,0,0,0,0,0,0,0,0,0,0,0,0,0,0,0,0,0,0,0,0,0,0,0,0,0,0,0.026756476610899,0.0193213056772947,0,0,0,0,0,0,0,0,0,0,0,0,0,0,0,0,0,0,0,0,0,0,0,0.0490242764353752,0,0,0,0,0,0,0,0.0654598474502563,0,0,0,0.13717220723629,0.182511314749718,0.23242349922657,0.242583647370338,0.258459597826004,0.305749952793121,0.0964398384094238,0.199552372097969,0,0.201770514249802,0.236076533794403,0.272899240255356,0.194956317543983,0.278514057397842,0.428153932094574,0.416034549474716,0.202278599143028,0.352134644985199,0.471524149179459,0.542164862155914,0.392049014568329,0.379673629999161,0.41463041305542,0.512564778327942,0.592123329639435,0.663485169410706,0.743524491786957,0.669697105884552,0.506130874156952,0.617372810840607,0.7584108710289,0.727098643779755,0.521877348423004,0.42016726732254,0.461353063583374,0.528546094894409,0.72784811258316,0.359618991613388,0,0,0,0,0.41546618938446,0.267877846956253,0.382503062486649,0.458958327770233,0.381143152713776,0.525551855564117,0.630234241485596,0.599540591239929,0.826972007751465,0.731220304965973,0.7320556640625,0.868639945983887,0.972042918205261,1.01937127113342,0.993114173412323,0.788906455039978,0.698883414268494,0.650148987770081,0.786565244197845,0.605208516120911,0.612284123897552,0.622026085853577,0.515918493270874,0.695948600769043,0.751180410385132,0.830244123935699,0.578828513622284,0.698138356208801,0.928657233715057,0.832711040973663,0.825065076351166,0.480959087610245,0.282038807868958,0,0,0.506604850292206,0.579376876354218,0.971879541873932,0.744492471218109,0.343904763460159,0,0.502093255519867,0.656058013439178,0.848614931106567,0.950466632843018,0.910316467285156,0.922584116458893,0.960284769535065,0.868876099586487,0.9107745885849,0.952788770198822,0.813074290752411,0,0,0.481334120035172,0,0,0,0,0,0,0,0.467036843299866,0.423787415027618,0.351162731647491,0.466063231229782,0.326028436422348,0,0,0,0,0,0,0,0,0,0,0,0,0.207321733236313,0,0,0,0,0,0,0,0,0,0,0,0,0,0.360089421272278,0.198973909020424,0,0,0,0,0,0,0,0,0,0,0,0,0,0,0,0,0,0,0,0,0,0,0,0,0,0,0,0,0,0,0,0,0,0,0,0,0,0,0,0,0,0,0,288
Nürnberger Land,0,0,0,0,0,0,0,0,0,0,0,0,0,0,0,0,0,0,0,0,0,0,0,0,0,0,0,0,0,0,0,0,0,0,0,0,0,0,0,0,0,0,0,0,0,0,0,0,0,0,0,0,0,0,0,0,0,0,0,0,0,0,0,0,0,0,0,0,0,0,0,0,0,0,0,0,0,0,0,0,0,0,0,0,0,0,0,0,0,0,0,0,0,0,0,0,0,0,0,0,0,0,0,0,0,0,0,0,0,0,0,0,0,0,0,0,0,0,0,0,0,0,0,0,0,0,0,0,0,0,0,0,0,0,0,0,0,0,0,0,0,0,0,0,0,0,0,0,0.0267564784735441,0.0193213056772947,0,0,0,0,0,0,0,0,0,0,0,0,0,0,0,0,0,0,0,0,0,0,0,0.0490242764353752,0,0,0,0,0,0,0,0.0654598474502563,0,0,0,0.13717220723629,0.182511314749718,0.232423484325409,0.242583632469177,0.258459597826004,0.305749952793121,0.0964398384094238,0.199552372097969,0,0.201770514249802,0.236076518893242,0.272899240255356,0.194956317543983,0.278514087200165,0.428153902292252,0.416034549474716,0.202278599143028,0.352134644985199,0.471524149179459,0.542164921760559,0.392048984766006,0.379673600196838,0.41463041305542,0.512564778327942,0.59212327003479,0.663485169410706,0.743524551391602,0.669697165489197,0.506130933761597,0.617372810840607,0.758410930633545,0.72709858417511,0.521877408027649,0.42016726732254,0.461353093385696,0.528546035289764,0.72784811258316,0.35961902141571,0,0,0,0,0.41546618938446,0.267877846956253,0.382503062486649,0.458958327770233,0.381143152713776,0.525551855564117,0.630234181880951,0.599540591239929,0.826972007751465,0.731220245361328,0.732055723667145,0.868639945983887,0.972042918205261,1.01937127113342,0.993114173412323,0.788906455039978,0.698883473873138,0.650148987770081,0.786565244197845,0.605208516120911,0.612284183502197,0.622026085853577,0.515918493270874,0.695948600769043,0.751180410385132,0.830244183540344,0.578828513622284,0.698138296604156,0.928657293319702,0.832711040973663,0.825065076351166,0.480959087610245,0.282038807868958,0,0,0.506604850292206,0.579376816749573,0.971879541873932,0.744492471218109,0.343904763460159,0,0.502093195915222,0.656058013439178,0.848614990711212,0.950466632843018,0.910316526889801,0.922584176063538,0.960284769535065,0.868876039981842,0.9107745885849,0.952788770198822,0.813074290752411,0,0,0.481334149837494,0,0,0,0,0,0,0,0.467036813497543,0.423787415027618,0.351162731647491,0.46606320142746,0.326028436422348,0,0,0,0,0,0,0,0,0,0,0,0,0.207321718335152,0,0,0,0,0,0,0,0,0,0,0,0,0,0.360089421272278,0.198973909020424,0,0,0,0,0,0,0,0,0,0,0,0,0,0,0,0,0,0,0,0,0,0,0,0,0,0,0,0,0,0,0,0,0,0,0,0,0,0,0,0,0,0,0,289
Neustadt a.d.Aisch-Bad Windsheim,0,0,0,0,0,0,0,0,0,0,0,0,0,0,0,0,0,0,0,0,0,0,0,0,0,0,0,0,0,0,0,0,0,0,0,0,0,0,0,0,0,0,0,0,0,0,0,0,0,0,0,0,0,0,0,0,0,0,0,0,0,0,0,0,0,0,0,0,0,0,0,0,0,0,0,0,0,0,0,0,0,0,0,0,0,0,0,0,0,0,0,0,0,0,0,0,0,0,0,0,0,0,0,0,0,0,0,0,0,0,0,0,0,0,0,0,0,0,0,0,0,0,0,0,0,0,0,0,0,0,0,0,0,0,0,0,0,0,0,0,0,0,0,0.00106227374635637,0.00156466430053115,0.00163733516819775,0.0028177157510072,0.00298979738727212,0.0272048246115446,0.0166732240468264,0,0,0,0,0,0,0,0,0,0,0,0,0,0,0,0,0,0,0,0,0,0,0,0.0532727874815464,0,0,0,0,0.0119373900815845,0,0.0106126600876451,0.0564882457256317,0,0,0,0.147576481103897,0.19621379673481,0.248229205608368,0.253137797117233,0.27392116189003,0.324123203754425,0.0832222774624825,0.195283710956573,0,0.209511741995811,0.244526460766792,0.275879919528961,0.168236568570137,0.286175101995468,0.43335372209549,0.423996567726135,0.218700170516968,0.369458049535751,0.492041021585464,0.562671065330505,0.408519923686981,0.394697219133377,0.421510964632034,0.531467199325562,0.614782094955444,0.687639951705933,0.769846022129059,0.689764082431793,0.52475118637085,0.641167521476746,0.787533104419708,0.746913313865662,0.53591650724411,0.437828600406647,0.479264616966248,0.55594140291214,0.756129443645477,0.380194902420044,0,0,0.055594477802515,0.0392203591763973,0.429286122322083,0.292034775018692,0.378507047891617,0.462704598903656,0.400071978569031,0.547477304935455,0.656290531158447,0.629148662090302,0.857600450515747,0.762183964252472,0.763214588165283,0.904949545860291,1.0104296207428,1.05904829502106,1.0326189994812,0.818771004676819,0.716980218887329,0.674261510372162,0.821580529212952,0.645631492137909,0.639600276947021,0.653211534023285,0.551596462726593,0.736753106117249,0.796286046504974,0.863655090332031,0.610787510871887,0.737887322902679,0.967278897762299,0.875122904777527,0.846944808959961,0.506579160690308,0.301954120397568,0.0632763653993607,0.0764162242412567,0.543085098266602,0.609540522098541,1.00928497314453,0.778720080852509,0.34811469912529,0.0660405084490776,0.54058164358139,0.700548112392426,0.88998281955719,0.999948143959045,0.970204293727875,0.980300188064575,1.01073718070984,0.921795129776001,0.954785704612732,1.00372636318207,0.845012307167053,0.0462340302765369,0.0542045123875141,0.524663627147675,0.0667491406202316,0,0,0,0,0,0,0.514808356761932,0.459735989570618,0.388348639011383,0.49896028637886,0.360419124364853,0,0,0,0,0,0.0480283871293068,0,0,0,0,0,0,0.22722102701664,0,0,0,0,0,0,0,0,0,0,0,0,0,0.385193169116974,0.22919873893261,0,0,0,0,0,0,0,0,0,0,0,0,0,0,0,0,0,0,0,0,0,0,0,0,0,0,0,0,0,0,0,0,0,0,0,0,0,0,0,0,0,0,0,290
Roth,0,0,0,0,0,0,0,0,0,0,0,0,0,0,0,0,0,0,0,0,0,0,0,0,0,0,0,0,0,0,0,0,0,0,0,0,0,0,0,0,0,0,0,0,0,0,0,0,0,0,0,0,0,0,0,0,0,0,0,0,0,0,0,0,0,0,0,0,0,0,0,0,0,0,0,0,0,0,0,0,0,0,0,0,0,0,0,0,0,0,0,0,0,0,0,0,0,0,0,0,0,0,0,0,0,0,0,0,0,0,0,0,0,0,0,0,0,0,0,0,0,0,0,0,0,0,0,0,0,0,0,0,0,0,0,0,0,0,0,0,0,0,0,0,0,0,0,0,0.0267555546015501,0.0193196553736925,0,0,0,0,0,0,0,0,0,0,0,0,0,0,0,0,0,0,0,0,0,0,0,0.0490200854837894,0,0,0,0,0,0,0,0.0654542520642281,0,0,0,0.13716048002243,0.182505533099174,0.232417181134224,0.242577686905861,0.258453339338303,0.305742263793945,0.096437968313694,0.199549183249474,8.05929721536813e-06,0.201765477657318,0.236069560050964,0.272889286279678,0.194939658045769,0.278509110212326,0.428146570920944,0.416027516126633,0.202273517847061,0.352127015590668,0.471515506505966,0.542154610157013,0.392041176557541,0.37966525554657,0.414617747068405,0.512549102306366,0.592111170291901,0.663474321365356,0.743512690067291,0.669690668582916,0.506127655506134,0.617362499237061,0.758398413658142,0.727084517478943,0.521872758865356,0.420165121555328,0.461349338293076,0.528544485569,0.727837204933167,0.359621226787567,0,0,0,0,0.415449529886246,0.267854928970337,0.382493138313293,0.4589464366436,0.381143718957901,0.525548934936523,0.630224823951721,0.599539041519165,0.826959311962128,0.731207132339478,0.732048094272614,0.868626058101654,0.972027063369751,1.01935410499573,0.99309766292572,0.788892388343811,0.698863208293915,0.650128304958344,0.786552131175995,0.605192303657532,0.612274706363678,0.622016310691833,0.515906929969788,0.695934355258942,0.751171290874481,0.830231666564941,0.578821778297424,0.698128223419189,0.928646743297577,0.832693636417389,0.825052857398987,0.48091796040535,0.282014697790146,0,0,0.506595134735107,0.579370260238647,0.971868693828583,0.744478166103363,0.343899309635162,0,0.502050280570984,0.656039357185364,0.848597884178162,0.950440287590027,0.910295188426971,0.922565579414368,0.960264563560486,0.868854880332947,0.910753071308136,0.952766358852386,0.813056826591492,0,0,0.481317937374115,0,0,0,0,0,0,0,0.467027872800827,0.423786967992783,0.351166754961014,0.466059654951096,0.326042294502258,1.79641883732984e-05,0,0,0,0,0,0,0,0,0,1.65962119353935e-05,0,0.207304000854492,0,0,0,0,0,0,0,0,0,0,0,0,0,0.360058665275574,0.198956906795502,0,0,0,0,0,0,0,0,0,0,0,0,0,0,0,0,0,0,0,0,0,0,0,0,0,0,0,0,0,0,0,0,0,0,0,0,0,0,0,0,0,0,0,291
Weißenburg-Gunzenhausen,0,0,0,0,0,0,0,0,0,0,0,0,0,0,0,0,0,0,0,0,0,0,0,0,0,0,0,0,0,0,0,0,0,0,0,0,0,0,0,0,0,0,0,0,0,0,0,0,0,0,0,0,0,0,0,0,0,0,0,0,0,0,0,0,0,0,0,0,0,0,0,0,0,0,0,0,0,0,0,0,0,0,0,0,0,0,0,0,0,0,0,0,0,0,0,0,0,0,0,0,0,0,0,0,0,0,0,0,0,0,0,0,0,0,0,0,0,0,0,0,0,0,0,0,0,0,0,0,0,0,0,0,0,0,0,0,0,0,0,0,0,0,0,0,0,0,0,0,0.0228761117905378,0.0123785566538572,0,0,0,0,0,0,0,0,0,0,0,0,0,0,0,0,0,0,0,0,0,0,0,0.0314083211123943,0,0,0,0,0,0,0,0.0419380776584148,0,0,0,0.087881937623024,0.15819476544857,0.205876246094704,0.217543914914131,0.232099786400795,0.273321837186813,0.0885721445083618,0.186153262853622,0.0338795445859432,0.180559381842613,0.206784442067146,0.230970874428749,0.124902412295341,0.257664948701859,0.397137612104416,0.386490523815155,0.180967852473259,0.320026397705078,0.435226142406464,0.49886354804039,0.359152466058731,0.344383716583252,0.361236900091171,0.446554362773895,0.541103720664978,0.617656826972961,0.693834722042084,0.64219331741333,0.492388665676117,0.574030995368958,0.706071317195892,0.667568564414978,0.502341747283936,0.411064296960831,0.445617616176605,0.52177107334137,0.68180787563324,0.368966996669769,0,0,0,0,0.345432758331299,0.171620965003967,0.340714931488037,0.408945977687836,0.383388072252274,0.513335824012756,0.590546727180481,0.593054354190826,0.7735795378685,0.675810217857361,0.700010061264038,0.810214579105377,0.90545779466629,0.947440922260284,0.923627018928528,0.729730308055878,0.613743662834167,0.563086271286011,0.731301844120026,0.536981761455536,0.572577476501465,0.581005990505219,0.467127770185471,0.635812938213348,0.712925493717194,0.77765566110611,0.550586760044098,0.655706584453583,0.884040057659149,0.759458839893341,0.7738898396492,0.308135449886322,0.180693447589874,0,0,0.465811431407928,0.551674604415894,0.926487922668457,0.684221804141998,0.321016430854797,0,0.321675419807434,0.577890038490295,0.777076900005341,0.839684903621674,0.820528864860535,0.844277322292328,0.875337183475494,0.779732584953308,0.820132076740265,0.858835101127625,0.73950058221817,0,0,0.413101047277451,0,0,0,0,0,0,0,0.429423958063126,0.421863287687302,0.367944240570068,0.450988084077835,0.384174764156342,0.0755175724625587,0,0,0,0,0,0,0,0,0,0.0697668865323067,0,0.132824540138245,0,0,0,0,0,0,0,0,0,0,0,0,0,0.23069803416729,0.127476364374161,0,0,0,0,0,0,0,0,0,0,0,0,0,0,0,0,0,0,0,0,0,0,0,0,0,0,0,0,0,0,0,0,0,0,0,0,0,0,0,0,0,0,0,292
Aschaffenburg,0,0,0,0,0,0,0,0,0,0,0,0,0,0,0,0,0,0,0,0,0,0,0,0,0,0,0,0,0,0,0,0,0,0,0,0,0,0,0,0,0,0,0,0,0,0,0,0,0,0,0,0,0,0,0,0,0,0,0,0,0,0,0,0,0,0,0,0,0,0,0,0,0,0,0,0,0,0,0,0,0,0,0,0,0,0,0,0,0,0,0,0,0,0,0,0,0,0,0,0,0,0,0,0,0,0,0,0,0,0,0,0,0,0,0,0,0,0,0,0,0,0,0,0,0,0,0,0,0,0,0,0,0,0,0,0,0,0,0,0,0,0,0,0.00775071419775486,0.0114163281396031,0.0119465589523315,0.0205590203404427,0.0218145903199911,0.030027786269784,0,0,0,0,0,0,0,0,0,0,0,0,0,0,0,0,0,0,0,0,0,0,0,0,0.080022893846035,0,0,0,0,0.0870992988348007,0,0.0774336084723473,0,0,0,0,0.21308545768261,0.282489359378815,0.347747564315796,0.319590419530869,0.371272504329681,0.439807534217834,0,0.168406799435616,0,0.258253276348114,0.297730326652527,0.294647455215454,0,0.334411710500717,0.466093599796295,0.474128395318985,0.322096228599548,0.478532195091248,0.621222376823425,0.691785156726837,0.512226581573486,0.489290952682495,0.464833348989487,0.65048360824585,0.757449984550476,0.839727103710175,0.935575664043427,0.816112399101257,0.641990959644318,0.790987193584442,0.970897018909454,0.87167352437973,0.624311804771423,0.549030423164368,0.592041969299316,0.728432059288025,0.934198498725891,0.509748041629791,0,0,0.405636370182037,0.286165207624435,0.516301095485687,0.444135129451752,0.353346735239029,0.48629230260849,0.519254326820374,0.685527503490448,0.820350468158722,0.815571069717407,1.05044782161713,0.957142353057861,0.959401667118073,1.13356792926788,1.25212585926056,1.30886888504028,1.28135550022125,1.00680816173553,0.830923855304718,0.826082527637482,1.04204952716827,0.900148689746857,0.811592042446136,0.849566161632538,0.776237189769745,0.993672311306,1.08028721809387,1.07402169704437,0.812012255191803,0.988160908222198,1.21045410633087,1.14216268062592,0.984707534313202,0.667892336845398,0.427347809076309,0.461686074733734,0.557559013366699,0.772777438163757,0.799461483955383,1.24480330944061,0.994229257106781,0.374622046947479,0.481854259967804,0.782917857170105,0.980673432350159,1.15044987201691,1.31150078773499,1.34727823734283,1.34370040893555,1.32840311527252,1.25499188899994,1.23189473152161,1.32444775104523,1.04610526561737,0.337339341640472,0.395494729280472,0.797480940818787,0.487024664878845,0,0,0,0,0,0,0.815594255924225,0.686080694198608,0.622483909130096,0.706091642379761,0.576954662799835,0,0,0,0,0,0.350431591272354,0,0,0,0,0,0,0.352513998746872,0,0,0,0,0,0,0,0,0,0,0,0,0,0.543254971504211,0.419504702091217,0,0,0,0,0,0,0,0,0,0,0,0,0,0,0,0,0,0,0,0,0,0,0,0,0,0,0,0,0,0,0,0,0,0,0,0,0,0,0,0,0,0,0,293
Schweinfurt,0,0,0,0,0,0,0,0,0,0,0,0,0,0,0,0,0,0,0,0,0,0,0,0,0,0,0,0,0,0,0,0,0,0,0,0,0,0,0,0,0,0,0,0,0,0,0,0,0,0,0,0,0,0,0,0,0,0,0,0,0,0,0,0,0,0,0,0,0,0,0,0,0,0,0,0,0,0,0,0,0,0,0,0,0,0,0,0,0,0,0,0,0,0,0,0,0,0,0,0,0,0,0,0,0,0,0,0,0,0,0,0,0,0,0,0,0,0,0,0,0,0,0,0,0,0,0,0,0,0,0,0,0,0,0,0,0,0,0,0,0,0,0,0.00672240741550922,0.00990169495344162,0.010361579246819,0.0178314056247473,0.0189203936606646,0.0295937713235617,0.00256340461783111,0,0,0,0,0,0,0,0,0,0,0,0,0,0,0,0,0,0,0,0,0,0,0,0.0759102255105972,0,0,0,0,0.0755436196923256,0,0.0671603009104729,0.00868471711874008,0,0,0,0.203013867139816,0.269225001335144,0.332447230815887,0.309373736381531,0.356305301189423,0.422021776437759,0.0127949062734842,0.172538951039314,0,0.250759571790695,0.289550542831421,0.291762053966522,0.025865325704217,0.326995611190796,0.461060017347336,0.466420918703079,0.306199699640274,0.461762696504593,0.601361572742462,0.67193466424942,0.496282309293747,0.474747747182846,0.458172768354416,0.632185518741608,0.735515654087067,0.816344618797302,0.910095691680908,0.796687066555023,0.623966097831726,0.767953276634216,0.942705929279327,0.852492392063141,0.610721588134766,0.531933784484863,0.574703097343445,0.701912641525269,0.906821429729462,0.489830046892166,0,0,0.351819574832916,0.248198971152306,0.50292307138443,0.420750588178635,0.357214957475662,0.482665807008743,0.500930726528168,0.664303064346313,0.795127272605896,0.786909699440002,1.0207986831665,0.927168667316437,0.929239094257355,1.09841918945313,1.21496641635895,1.27046048641205,1.24311375617981,0.977898597717285,0.813405632972717,0.802740931510925,1.00815367698669,0.861018180847168,0.785149276256561,0.819377720355988,0.741700053215027,0.954172551631927,1.03662383556366,1.04167914390564,0.781075179576874,0.949682831764221,1.17306733131409,1.10110700130463,0.963527321815491,0.643091440200806,0.408069252967834,0.400433003902435,0.48358628153801,0.737463593482971,0.77026230096817,1.20859372615814,0.961095988750458,0.370546698570251,0.417925447225571,0.745660126209259,0.937605857849121,1.11040461063385,1.26360154151917,1.28930532932281,1.28782975673676,1.27956390380859,1.20376491546631,1.18929088115692,1.27513873577118,1.01518845558167,0.292583703994751,0.34302344918251,0.75553697347641,0.422409892082214,0,0,0,0,0,0,0.769350290298462,0.651281535625458,0.586486995220184,0.674246430397034,0.543663680553436,0,0,0,0,0,0.303938984870911,0,0,0,0,0,0,0.333250969648361,0,0,0,0,0,0,0,0,0,0,0,0,0,0.518953919410706,0.390246331691742,0,0,0,0,0,0,0,0,0,0,0,0,0,0,0,0,0,0,0,0,0,0,0,0,0,0,0,0,0,0,0,0,0,0,0,0,0,0,0,0,0,0,0,294
Würzburg,0,0,0,0,0,0,0,0,0,0,0,0,0,0,0,0,0,0,0,0,0,0,0,0,0,0,0,0,0,0,0,0,0,0,0,0,0,0,0,0,0,0,0,0,0,0,0,0,0,0,0,0,0,0,0,0,0,0,0,0,0,0,0,0,0,0,0,0,0,0,0,0,0,0,0,0,0,0,0,0,0,0,0,0,0,0,0,0,0,0,0,0,0,0,0,0,0,0,0,0,0,0,0,0,0,0,0,0,0,0,0,0,0,0,0,0,0,0,0,0,0,0,0,0,0,0,0,0,0,0,0,0,0,0,0,0,0,0,0,0,0,0,0,0.00775071419775486,0.0114163272082806,0.0119465589523315,0.0205590203404427,0.021814588457346,0.030027786269784,0,0,0,0,0,0,0,0,0,0,0,0,0,0,0,0,0,0,0,0,0,0,0,0,0.080022893846035,0,0,0,0,0.0870992988348007,0,0.0774336159229279,0,0,0,0,0.213085472583771,0.282489359378815,0.347747564315796,0.319590419530869,0.371272504329681,0.439807534217834,0,0.168406814336777,0,0.258253276348114,0.297730326652527,0.294647455215454,0,0.334411710500717,0.466093599796295,0.474128395318985,0.322096228599548,0.478532165288925,0.62122243642807,0.691785156726837,0.512226581573486,0.489290982484818,0.464833348989487,0.65048360824585,0.757449984550476,0.839727103710175,0.935575664043427,0.816112399101257,0.641991019248962,0.790987133979797,0.970897078514099,0.87167352437973,0.624311864376068,0.549030423164368,0.592041969299316,0.728432059288025,0.934198498725891,0.509748041629791,0,0,0.405636370182037,0.286165207624435,0.516301095485687,0.444135099649429,0.353346765041351,0.48629230260849,0.519254326820374,0.685527503490448,0.820350468158722,0.815571069717407,1.05044770240784,0.957142353057861,0.959401667118073,1.13356781005859,1.25212585926056,1.30886900424957,1.28135550022125,1.00680828094482,0.830923855304718,0.826082527637482,1.04204952716827,0.900148749351501,0.811592042446136,0.849566161632538,0.776237189769745,0.993672311306,1.08028721809387,1.07402181625366,0.812012314796448,0.988160848617554,1.21045410633087,1.14216279983521,0.984707474708557,0.667892396450043,0.427347809076309,0.461686044931412,0.557559072971344,0.772777378559113,0.799461483955383,1.24480330944061,0.994229257106781,0.374622076749802,0.481854259967804,0.78291791677475,0.980673432350159,1.15044975280762,1.31150078773499,1.34727835655212,1.34370028972626,1.32840311527252,1.25499188899994,1.23189473152161,1.32444763183594,1.04610526561737,0.337339371442795,0.395494729280472,0.797480940818787,0.487024664878845,0,0,0,0,0,0,0.815594255924225,0.686080694198608,0.622483849525452,0.706091642379761,0.576954662799835,0,0,0,0,0,0.350431591272354,0,0,0,0,0,0,0.352513998746872,0,0,0,0,0,0,0,0,0,0,0,0,0,0.543254971504211,0.419504702091217,0,0,0,0,0,0,0,0,0,0,0,0,0,0,0,0,0,0,0,0,0,0,0,0,0,0,0,0,0,0,0,0,0,0,0,0,0,0,0,0,0,0,0,295
Aschaffenburg,0,0,0,0,0,0,0,0,0,0,0,0,0,0,0,0,0,0,0,0,0,0,0,0,0,0,0,0,0,0,0,0,0,0,0,0,0,0,0,0,0,0,0,0,0,0,0,0,0,0,0,0,0,0,0,0,0,0,0,0,0,0,0,0,0,0,0,0,0,0,0,0,0,0,0,0,0,0,0,0,0,0,0,0,0,0,0,0,0,0,0,0,0,0,0,0,0,0,0,0,0,0,0,0,0,0,0,0,0,0,0,0,0,0,0,0,0,0,0,0,0,0,0,0,0,0,0,0,0,0,0,0,0,0,0,0,0,0,0,0,0,0,0,0.00775071419775486,0.0114163281396031,0.0119465589523315,0.0205590222030878,0.0218145903199911,0.030027786269784,0,0,0,0,0,0,0,0,0,0,0,0,0,0,0,0,0,0,0,0,0,0,0,0,0.080022893846035,0,0,0,0,0.0870992988348007,0,0.0774336159229279,0,0,0,0,0.21308545768261,0.282489329576492,0.347747564315796,0.319590419530869,0.371272504329681,0.439807564020157,0,0.168406814336777,0,0.258253276348114,0.297730326652527,0.294647455215454,0,0.334411710500717,0.466093599796295,0.474128425121307,0.322096228599548,0.47853222489357,0.62122243642807,0.691785156726837,0.512226521968842,0.489290952682495,0.464833348989487,0.65048360824585,0.757449984550476,0.839727163314819,0.935575664043427,0.816112399101257,0.641991019248962,0.790987133979797,0.970897018909454,0.87167352437973,0.624311864376068,0.549030423164368,0.592041969299316,0.728432059288025,0.934198498725891,0.509748041629791,0,0,0.405636370182037,0.286165207624435,0.516301155090332,0.444135099649429,0.353346735239029,0.48629230260849,0.519254386425018,0.685527503490448,0.820350468158722,0.815571010112762,1.05044782161713,0.957142353057861,0.959401667118073,1.13356792926788,1.25212585926056,1.30886888504028,1.28135550022125,1.00680828094482,0.830923855304718,0.826082527637482,1.04204952716827,0.900148689746857,0.811591982841492,0.849566042423248,0.776237189769745,0.993672370910645,1.08028721809387,1.07402181625366,0.812012255191803,0.988160848617554,1.21045410633087,1.14216279983521,0.984707474708557,0.667892336845398,0.427347779273987,0.461686074733734,0.557559013366699,0.772777378559113,0.799461543560028,1.24480330944061,0.994229316711426,0.374622076749802,0.481854259967804,0.782917857170105,0.980673432350159,1.15044975280762,1.31150078773499,1.34727823734283,1.34370028972626,1.32840323448181,1.25499188899994,1.23189473152161,1.32444763183594,1.04610526561737,0.337339341640472,0.395494729280472,0.797480940818787,0.487024635076523,0,0,0,0,0,0,0.815594255924225,0.686080753803253,0.622483849525452,0.706091642379761,0.576954662799835,0,0,0,0,0,0.350431621074677,0,0,0,0,0,0,0.352513998746872,0,0,0,0,0,0,0,0,0,0,0,0,0,0.543254971504211,0.419504702091217,0,0,0,0,0,0,0,0,0,0,0,0,0,0,0,0,0,0,0,0,0,0,0,0,0,0,0,0,0,0,0,0,0,0,0,0,0,0,0,0,0,0,0,296
Bad Kissingen,0,0,0,0,0,0,0,0,0,0,0,0,0,0,0,0,0,0,0,0,0,0,0,0,0,0,0,0,0,0,0,0,0,0,0,0,0,0,0,0,0,0,0,0,0,0,0,0,0,0,0,0,0,0,0,0,0,0,0,0,0,0,0,0,0,0,0,0,0,0,0,0,0,0,0,0,0,0,0,0,0,0,0,0,0,0,0,0,0,0,0,0,0,0,0,0,0,0,0,0,0,0,0,0,0,0,0,0,0,0,0,0,0,0,0,0,0,0,0,0,0,0,0,0,0,0,0,0,0,0,0,0,0,0,0,0,0,0,0,0,0,0,0,0.00707374094054103,0.010419188067317,0.0109031070023775,0.0187633261084557,0.0199092291295528,0.0297420583665371,0.00168758735526353,0,0,0,0,0,0,0,0,0,0,0,0,0,0,0,0,0,0,0,0,0,0,0,0.0773153677582741,0,0,0,0,0.0794917568564415,0,0.0706703066825867,0.00571748148649931,0,0,0,0.206454947590828,0.273756921291351,0.337674766778946,0.312864392995834,0.361419051885605,0.428098499774933,0.00842337682843208,0.171127170324326,0,0.2533198595047,0.292345255613327,0.292747884988785,0.017028134316206,0.329529404640198,0.462779819965363,0.469054281711578,0.311630964279175,0.46749222278595,0.608147263526917,0.678716838359833,0.501729846000671,0.479716628789902,0.460448443889618,0.638437271118164,0.743009805679321,0.824333488941193,0.918801248073578,0.803323984146118,0.630124568939209,0.77582311630249,0.952337741851807,0.85904586315155,0.615364909172058,0.537775039672852,0.580627143383026,0.71097332239151,0.916175186634064,0.496635288000107,0,0,0.370206713676453,0.261170595884323,0.507493853569031,0.428740203380585,0.355893343687057,0.483904838562012,0.507191240787506,0.671554684638977,0.803745090961456,0.796702146530151,1.03092873096466,0.937409579753876,0.939544439315796,1.11042809486389,1.22766244411469,1.28358328342438,1.25617957115173,0.987775981426239,0.819391012191772,0.810715854167938,1.01973462104797,0.874387562274933,0.794183790683746,0.8296919465065,0.753500044345856,0.967668116092682,1.05154204368591,1.05272936820984,0.791645228862762,0.962829291820526,1.18584096431732,1.11513423919678,0.970763802528381,0.651564955711365,0.414656013250351,0.421360850334167,0.508859932422638,0.749529004096985,0.780238568782806,1.22096514701843,0.972416341304779,0.371939092874527,0.439767479896545,0.758389711380005,0.952320396900177,1.12408649921417,1.27996683120728,1.30911242961884,1.30691850185394,1.29625046253204,1.22126722335815,1.20384705066681,1.29198575019836,1.02575159072876,0.307875007390976,0.360950887203217,0.769867599010468,0.444486290216446,0,0,0,0,0,0,0.785150110721588,0.663171112537384,0.598785758018494,0.685126781463623,0.555037915706635,0,0,0,0,0,0.319823741912842,0,0,0,0,0,0,0.33983239531517,0,0,0,0,0,0,0,0,0,0,0,0,0,0.527256667613983,0.400242805480957,0,0,0,0,0,0,0,0,0,0,0,0,0,0,0,0,0,0,0,0,0,0,0,0,0,0,0,0,0,0,0,0,0,0,0,0,0,0,0,0,0,0,0,297
Rhön-Grabfeld,0,0,0,0,0,0,0,0,0,0,0,0,0,0,0,0,0,0,0,0,0,0,0,0,0,0,0,0,0,0,0,0,0,0,0,0,0,0,0,0,0,0,0,0,0,0,0,0,0,0,0,0,0,0,0,0,0,0,0,0,0,0,0,0,0,0,0,0,0,0,0,0,0,0,0,0,0,0,0,0,0,0,0,0,0,0,0,0,0,0,0,0,0,0,0,0,0,0,0,0,0,0,0,0,0,0,0,0,0,0,0,0,0,0,0,0,0,0,0,0,0,0,0,0,0,0,0,0,0,0,0,0,0,0,0,0,0,0,0,0,0,0,0,0.00355758774094284,0.00524010928347707,0.00548348622396588,0.00943661760538816,0.0100129246711731,0.0279633700847626,0.00912691559642553,0,0,0,0,0,0,0,0,0,0,0,0,0,0,0,0,0,0,0,0,0,0,0,0.0624986961483955,0,0,0,0,0.0431272871792316,0,0.0355421304702759,0.0308520682156086,0,0,0,0.171176806092262,0.226958826184273,0.284255534410477,0.274144262075424,0.307143241167068,0.36566150188446,0.0456897579133511,0.171582162380219,0,0.224144250154495,0.265537977218628,0.278095304965973,0.0921888798475266,0.298096835613251,0.438343048095703,0.437244117259979,0.25581568479538,0.408637791872025,0.537734150886536,0.60643994808197,0.444007128477097,0.423749834299088,0.432906925678253,0.573192477226257,0.664039671421051,0.740423917770386,0.825805008411407,0.719721257686615,0.556352257728577,0.691402733325958,0.851967096328735,0.779931128025055,0.548658907413483,0.450035929679871,0.489610224962234,0.617653608322144,0.807449817657471,0.403468072414398,0,0,0.18654690682888,0.13193067908287,0.452722132205963,0.330656886100769,0.342465251684189,0.439521759748459,0.41797611117363,0.562943279743195,0.706166863441467,0.690127909183502,0.912580192089081,0.821259140968323,0.82478654384613,0.980177044868469,1.09046649932861,1.14161598682404,1.11248409748077,0.884218692779541,0.754442632198334,0.721430838108063,0.896113455295563,0.737697899341583,0.69484931230545,0.718950390815735,0.632703602313995,0.823051631450653,0.89747953414917,0.929195165634155,0.687189996242523,0.822184264659882,1.04178512096405,0.96756786108017,0.883167922496796,0.561260223388672,0.32961231470108,0.211914509534836,0.278970092535019,0.624462604522705,0.67924165725708,1.0730664730072,0.83980393409729,0.334809482097626,0.221860140562057,0.628462851047516,0.801710903644562,0.977202892303467,1.10883414745331,1.10835826396942,1.10776829719543,1.11969745159149,1.03566300868988,1.04400312900543,1.11357963085175,0.895879745483398,0.15483920276165,0.181996896862984,0.625035464763641,0.223544955253601,0,0,0,0,0,0,0.62519896030426,0.539538741111755,0.451228439807892,0.560608685016632,0.41848435997963,0,0,0,0,0,0.176690861582756,0,0.000458370108390227,0,0,0,0,0.259517788887024,0,0,0,0,0,0,0,0,0,0,0,0,0.0144443269819021,0.446300536394119,0.307601690292358,0.0153433373197913,0,0,0,0,0,0,0,0,0,0,0,0,0,0,0,0,0,0,0,0,0,0,0,0,0,0,0,0,0,0,0,0,0,0,0,0,0,0,0,0,0,0,298
Haßberge,0,0,0,0,0,0,0,0,0,0,0,0,0,0,0,0,0,0,0,0,0,0,0,0,0,0,0,0,0,0,0,0,0,0,0,0,0,0,0,0,0,0,0,0,0,0,0,0,0,0,0,0,0,0,0,0,0,0,0,0,0,0,0,0,0,0,0,0,0,0,0,0,0,0,0,0,0,0,0,0,0,0,0,0,0,0,0,0,0,0,0,0,0,0,0,0,0,0,0,0,0,0,0,0,0,0,0,0,0,0,0,0,0,0,0,0,0,0,0,0,0,0,0,0,0,0,0,0,0,0,0,0,0,0,0,0,0,0,0,0,0,0,0,0,0,0,0,0,0.0267564784735441,0.0193213056772947,0,0,0,0,0,0,0,0,0,0,0,0,0,0,0,0,0,0,0,0,0,0,0,0.0490242764353752,0,0,0,0,0,0,0,0.0654598474502563,0,0,0,0.13717220723629,0.182511299848557,0.232423484325409,0.242583632469177,0.258459597826004,0.305749982595444,0.0964398384094238,0.19955238699913,0,0.20177049934864,0.236076518893242,0.272899240255356,0.194956302642822,0.278514087200165,0.428153932094574,0.416034519672394,0.202278584241867,0.352134615182877,0.471524149179459,0.542164862155914,0.392049014568329,0.379673629999161,0.414630442857742,0.512564778327942,0.592123329639435,0.663485169410706,0.743524491786957,0.669697105884552,0.506130874156952,0.617372751235962,0.7584108710289,0.727098643779755,0.521877408027649,0.420167297124863,0.461353063583374,0.528546094894409,0.72784811258316,0.359618991613388,0,0,0,0,0.415466219186783,0.267877817153931,0.382503062486649,0.458958327770233,0.381143152713776,0.525551855564117,0.630234181880951,0.599540591239929,0.826972007751465,0.731220245361328,0.732055723667145,0.868639945983887,0.972042858600616,1.01937127113342,0.993114233016968,0.788906514644623,0.698883473873138,0.650148987770081,0.786565184593201,0.605208516120911,0.612284183502197,0.622026085853577,0.515918493270874,0.695948600769043,0.751180410385132,0.830244183540344,0.578828513622284,0.698138356208801,0.928657352924347,0.832711040973663,0.825065016746521,0.480959057807922,0.282038807868958,0,0,0.506604850292206,0.579376876354218,0.971879541873932,0.744492411613464,0.343904763460159,0,0.502093195915222,0.656057953834534,0.848614990711212,0.950466632843018,0.910316526889801,0.922584176063538,0.960284769535065,0.868876099586487,0.9107745885849,0.952788710594177,0.813074290752411,0,0,0.481334120035172,0,0,0,0,0,0,0,0.467036813497543,0.423787415027618,0.351162731647491,0.466063231229782,0.326028436422348,0,0,0,0,0,0,0,0,0,0,0,0,0.207321718335152,0,0,0,0,0,0,0,0,0,0,0,0,0,0.360089421272278,0.198973909020424,0,0,0,0,0,0,0,0,0,0,0,0,0,0,0,0,0,0,0,0,0,0,0,0,0,0,0,0,0,0,0,0,0,0,0,0,0,0,0,0,0,0,0,299
Kitzingen,0,0,0,0,0,0,0,0,0,0,0,0,0,0,0,0,0,0,0,0,0,0,0,0,0,0,0,0,0,0,0,0,0,0,0,0,0,0,0,0,0,0,0,0,0,0,0,0,0,0,0,0,0,0,0,0,0,0,0,0,0,0,0,0,0,0,0,0,0,0,0,0,0,0,0,0,0,0,0,0,0,0,0,0,0,0,0,0,0,0,0,0,0,0,0,0,0,0,0,0,0,0,0,0,0,0,0,0,0,0,0,0,0,0,0,0,0,0,0,0,0,0,0,0,0,0,0,0,0,0,0,0,0,0,0,0,0,0,0,0,0,0,0,0.00393217895179987,0.00579185876995325,0.00606086198240519,0.0104302326217294,0.011067220941186,0.0284161139279604,0.00951900612562895,0,0,0,0,0,0,0,0,0,0,0,0,0,0,0,0,0,0,0,0,0,0,0,0.0647508427500725,0,0,0,0,0.0441881902515888,0,0.039284486323595,0.03225002810359,0,0,0,0.175685375928879,0.233233273029327,0.290930986404419,0.281651586294174,0.315693110227585,0.373761564493179,0.0475129038095474,0.183751255273819,0,0.230425983667374,0.267355412244797,0.28393280506134,0.0960488989949226,0.306872695684433,0.447401911020279,0.445507377386093,0.263065814971924,0.416260093450546,0.54747074842453,0.618071913719177,0.453018814325333,0.435285925865173,0.44009992480278,0.582535326480865,0.675998687744141,0.752898156642914,0.840958058834076,0.743978202342987,0.575056970119476,0.705452740192413,0.866211771965027,0.800445973873138,0.573845565319061,0.485543549060822,0.527655601501465,0.62995445728302,0.832536041736603,0.435784131288528,0,0,0.205791965126991,0.145180523395538,0.466622889041901,0.357298642396927,0.367711156606674,0.472825706005096,0.451211273670197,0.606712460517883,0.726686120033264,0.70913952589035,0.940348207950592,0.845837593078613,0.847395420074463,1.00304615497589,1.11413764953613,1.16624248027802,1.13934791088104,0.899454832077026,0.765871644020081,0.739405512809753,0.916180312633514,0.754840850830078,0.713399231433868,0.737464249134064,0.64798629283905,0.846993088722229,0.91814649105072,0.953920125961304,0.697129845619202,0.84527587890625,1.07162153720856,0.989705562591553,0.906056702136993,0.575796127319336,0.35575857758522,0.23422771692276,0.282867074012756,0.641642451286316,0.691032648086548,1.11034214496613,0.871191680431366,0.359488606452942,0.244459673762321,0.64456433057785,0.820745527744293,1.00174522399902,1.1336305141449,1.13200080394745,1.13622951507568,1.14704263210297,1.0647646188736,1.07368886470795,1.14134287834167,0.931298136711121,0.171142756938934,0.200646802783012,0.641725242137909,0.247082784771919,0,0,0,0,0,0,0.643870890140533,0.556856989860535,0.488812446594238,0.587837159633636,0.453331142663956,0,0,0,0,0,0.177784860134125,0,0,0,0,0,0,0.280982285737991,0,0,0,0,0,0,0,0,0,0,0,0,0,0.453014999628067,0.31085604429245,0,0,0,0,0,0,0,0,0,0,0,0,0,0,0,0,0,0,0,0,0,0,0,0,0,0,0,0,0,0,0,0,0,0,0,0,0,0,0,0,0,0,0,300
Miltenberg,0,0,0,0,0,0,0,0,0,0,0,0,0,0,0,0,0,0,0,0,0,0,0,0,0,0,0,0,0,0,0,0,0,0,0,0,0,0,0,0,0,0,0,0,0,0,0,0,0,0,0,0,0,0,0,0,0,0,0,0,0,0,0,0,0,0,0,0,0,0,0,0,0,0,0,0,0,0,0,0,0,0,0,0,0,0,0,0,0,0,0,0,0,0,0,0,0,0,0,0,0,0,0,0,0,0,0,0,0,0,0,0,0,0,0,0,0,0,0,0,0,0,0,0,0,0,0,0,0,0,0,0,0,0,0,0,0,0,0,0,0,0,0,0.00775071419775486,0.0114163272082806,0.0119465589523315,0.0205590203404427,0.0218145903199911,0.0300277844071388,0,0,0,0,0,0,0,0,0,0,0,0,0,0,0,0,0,0,0,0,0,0,0,0,0.080022893846035,0,0,0,0,0.0870992988348007,0,0.0774336159229279,0,0,0,0,0.21308545768261,0.282489359378815,0.347747564315796,0.319590419530869,0.371272504329681,0.439807534217834,0,0.168406799435616,0,0.258253306150436,0.297730326652527,0.294647455215454,0,0.334411710500717,0.466093599796295,0.474128395318985,0.322096228599548,0.478532195091248,0.621222376823425,0.691785156726837,0.512226521968842,0.489290952682495,0.464833319187164,0.650483548641205,0.757449984550476,0.839727103710175,0.935575664043427,0.816112458705902,0.641990959644318,0.790987133979797,0.970897018909454,0.87167352437973,0.624311864376068,0.549030363559723,0.592041969299316,0.728432059288025,0.934198498725891,0.509748041629791,0,0,0.405636370182037,0.286165237426758,0.516301095485687,0.444135099649429,0.353346735239029,0.48629230260849,0.519254326820374,0.685527503490448,0.820350468158722,0.815571069717407,1.05044782161713,0.957142412662506,0.959401667118073,1.13356792926788,1.25212585926056,1.30886900424957,1.28135550022125,1.00680828094482,0.830923855304718,0.826082527637482,1.04204952716827,0.900148689746857,0.811592042446136,0.849566102027893,0.776237189769745,0.993672370910645,1.08028721809387,1.07402181625366,0.812012314796448,0.988160908222198,1.21045410633087,1.14216279983521,0.984707534313202,0.667892396450043,0.427347809076309,0.461686074733734,0.557559013366699,0.772777438163757,0.799461483955383,1.24480330944061,0.994229257106781,0.374622076749802,0.481854230165482,0.78291791677475,0.980673432350159,1.15044987201691,1.31150078773499,1.34727823734283,1.34370028972626,1.32840311527252,1.25499188899994,1.23189473152161,1.32444775104523,1.04610514640808,0.337339371442795,0.395494759082794,0.797480881214142,0.487024694681168,0,0,0,0,0,0,0.81559431552887,0.686080694198608,0.622483849525452,0.706091642379761,0.576954662799835,0,0,0,0,0,0.350431591272354,0,0,0,0,0,0,0.352513998746872,0,0,0,0,0,0,0,0,0,0,0,0,0,0.543254971504211,0.419504731893539,0,0,0,0,0,0,0,0,0,0,0,0,0,0,0,0,0,0,0,0,0,0,0,0,0,0,0,0,0,0,0,0,0,0,0,0,0,0,0,0,0,0,0,301
Main-Spessart,0,0,0,0,0,0,0,0,0,0,0,0,0,0,0,0,0,0,0,0,0,0,0,0,0,0,0,0,0,0,0,0,0,0,0,0,0,0,0,0,0,0,0,0,0,0,0,0,0,0,0,0,0,0,0,0,0,0,0,0,0,0,0,0,0,0,0,0,0,0,0,0,0,0,0,0,0,0,0,0,0,0,0,0,0,0,0,0,0,0,0,0,0,0,0,0,0,0,0,0,0,0,0,0,0,0,0,0,0,0,0,0,0,0,0,0,0,0,0,0,0,0,0,0,0,0,0,0,0,0,0,0,0,0,0,0,0,0,0,0,0,0,0,0.00775071419775486,0.0114163281396031,0.0119465589523315,0.0205590222030878,0.021814588457346,0.030027786269784,0,0,0,0,0,0,0,0,0,0,0,0,0,0,0,0,0,0,0,0,0,0,0,0,0.0800228863954544,0,0,0,0,0.0870992988348007,0,0.0774336159229279,0,0,0,0,0.213085472583771,0.282489359378815,0.347747564315796,0.319590449333191,0.371272504329681,0.439807564020157,0,0.168406814336777,0,0.258253306150436,0.297730326652527,0.294647455215454,0,0.334411710500717,0.466093599796295,0.474128425121307,0.322096228599548,0.478532195091248,0.62122243642807,0.691785156726837,0.512226521968842,0.489290982484818,0.464833348989487,0.65048360824585,0.757449984550476,0.839727103710175,0.935575664043427,0.816112458705902,0.641991019248962,0.790987193584442,0.970897078514099,0.871673464775085,0.624311804771423,0.549030423164368,0.592041969299316,0.728432059288025,0.934198558330536,0.509748041629791,0,0,0.405636370182037,0.286165207624435,0.516301095485687,0.444135129451752,0.353346735239029,0.486292272806168,0.519254386425018,0.685527503490448,0.820350468158722,0.815571010112762,1.05044782161713,0.957142412662506,0.959401667118073,1.13356792926788,1.25212585926056,1.30886888504028,1.28135550022125,1.00680816173553,0.830923795700073,0.826082527637482,1.04204940795898,0.900148689746857,0.811592042446136,0.849566102027893,0.776237189769745,0.993672311306,1.08028733730316,1.07402169704437,0.812012314796448,0.988160908222198,1.21045410633087,1.14216279983521,0.984707534313202,0.667892336845398,0.427347809076309,0.461686044931412,0.557559013366699,0.772777378559113,0.799461483955383,1.24480330944061,0.994229197502136,0.374622076749802,0.481854259967804,0.782917857170105,0.980673491954803,1.15044987201691,1.31150090694427,1.34727823734283,1.34370028972626,1.32840311527252,1.25499188899994,1.23189473152161,1.32444775104523,1.04610514640808,0.337339371442795,0.395494729280472,0.797480940818787,0.487024664878845,0,0,0,0,0,0,0.815594255924225,0.686080694198608,0.622483849525452,0.706091642379761,0.576954662799835,0,0,0,0,0,0.350431621074677,0,0,0,0,0,0,0.35251396894455,0,0,0,0,0,0,0,0,0,0,0,0,0,0.543254971504211,0.419504702091217,0,0,0,0,0,0,0,0,0,0,0,0,0,0,0,0,0,0,0,0,0,0,0,0,0,0,0,0,0,0,0,0,0,0,0,0,0,0,0,0,0,0,0,302
Schweinfurt,0,0,0,0,0,0,0,0,0,0,0,0,0,0,0,0,0,0,0,0,0,0,0,0,0,0,0,0,0,0,0,0,0,0,0,0,0,0,0,0,0,0,0,0,0,0,0,0,0,0,0,0,0,0,0,0,0,0,0,0,0,0,0,0,0,0,0,0,0,0,0,0,0,0,0,0,0,0,0,0,0,0,0,0,0,0,0,0,0,0,0,0,0,0,0,0,0,0,0,0,0,0,0,0,0,0,0,0,0,0,0,0,0,0,0,0,0,0,0,0,0,0,0,0,0,0,0,0,0,0,0,0,0,0,0,0,0,0,0,0,0,0,0,0.00336134457029402,0.00495105516165495,0.0051810066215694,0.00891607627272606,0.00946059357374907,0.0281751826405525,0.0109420036897063,0,0,0,0,0,0,0,0,0,0,0,0,0,0,0,0,0,0,0,0,0,0,0,0.0624678134918213,0,0,0,0,0.0377733930945396,0,0.0335815586149693,0.0370710901916027,0,0,0,0.170094415545464,0.225869983434677,0.282437443733215,0.275980085134506,0.307384490966797,0.363888293504715,0.0546156167984009,0.186045095324516,0,0.226266041398048,0.26281464099884,0.282331049442291,0.110407270491123,0.302755862474442,0.444607675075531,0.441228777170181,0.254241347312927,0.406950980424881,0.536445558071136,0.607052505016327,0.444167822599411,0.427212685346603,0.436402499675751,0.572377681732178,0.66382247209549,0.739918053150177,0.826813578605652,0.733194828033447,0.565050959587097,0.692666232585907,0.850562274456024,0.789798140525818,0.566301345825195,0.476052850484848,0.5180304646492,0.61523300409317,0.817338526248932,0.424727261066437,0,0,0.175917163491249,0.124104686081409,0.459196448326111,0.344317436218262,0.369858473539352,0.47081258893013,0.441039472818375,0.594930350780487,0.712684214115143,0.693229079246521,0.923889398574829,0.82919853925705,0.830651521682739,0.983534336090088,1.09350967407227,1.14492118358612,1.11811912059784,0.883406519889832,0.756146967411041,0.726448118686676,0.89736407995224,0.733118712902069,0.698720335960388,0.720706045627594,0.628813982009888,0.825065970420837,0.893908083438873,0.935966074466705,0.679956078529358,0.823915839195251,1.05086743831635,0.966914594173431,0.8942990899086,0.562028646469116,0.345056682825089,0.200224906206131,0.241803258657455,0.622039020061493,0.674823522567749,1.09024155139923,0.852798759937286,0.35722628235817,0.208971485495567,0.623881757259369,0.796837747097015,0.979515194892883,1.10704064369202,1.09981882572174,1.10521459579468,1.11993098258972,1.03632748126984,1.0500385761261,1.11397051811218,0.914135575294495,0.146297976374626,0.171518921852112,0.61844128370285,0.211213797330856,0,0,0,0,0,0,0.618199825286865,0.537539303302765,0.468829810619354,0.570159196853638,0.434850573539734,0,0,0,0,0,0.151975855231285,0,0,0,0,0,0,0.270288974046707,0,0,0,0,0,0,0,0,0,0,0,0,0,0.439524978399277,0.294614136219025,0,0,0,0,0,0,0,0,0,0,0,0,0,0,0,0,0,0,0,0,0,0,0,0,0,0,0,0,0,0,0,0,0,0,0,0,0,0,0,0,0,0,0,303
Würzburg,0,0,0,0,0,0,0,0,0,0,0,0,0,0,0,0,0,0,0,0,0,0,0,0,0,0,0,0,0,0,0,0,0,0,0,0,0,0,0,0,0,0,0,0,0,0,0,0,0,0,0,0,0,0,0,0,0,0,0,0,0,0,0,0,0,0,0,0,0,0,0,0,0,0,0,0,0,0,0,0,0,0,0,0,0,0,0,0,0,0,0,0,0,0,0,0,0,0,0,0,0,0,0,0,0,0,0,0,0,0,0,0,0,0,0,0,0,0,0,0,0,0,0,0,0,0,0,0,0,0,0,0,0,0,0,0,0,0,0,0,0,0,0,0.00775071419775486,0.0114163272082806,0.0119465589523315,0.0205590203404427,0.021814588457346,0.030027786269784,0,0,0,0,0,0,0,0,0,0,0,0,0,0,0,0,0,0,0,0,0,0,0,0,0.080022893846035,0,0,0,0,0.0870992988348007,0,0.0774336159229279,0,0,0,0,0.213085472583771,0.282489359378815,0.347747564315796,0.319590419530869,0.371272504329681,0.439807534217834,0,0.168406799435616,0,0.258253276348114,0.297730296850204,0.294647425413132,0,0.334411710500717,0.466093599796295,0.474128395318985,0.322096228599548,0.478532195091248,0.62122243642807,0.691785156726837,0.512226581573486,0.489290952682495,0.464833319187164,0.65048360824585,0.757449924945831,0.839727103710175,0.935575664043427,0.816112399101257,0.641990959644318,0.790987133979797,0.970897018909454,0.87167352437973,0.624311804771423,0.549030363559723,0.592041969299316,0.728432059288025,0.934198498725891,0.509748041629791,0,0,0.40563639998436,0.286165207624435,0.516301095485687,0.444135099649429,0.353346765041351,0.48629230260849,0.519254326820374,0.685527503490448,0.820350468158722,0.815571069717407,1.05044770240784,0.957142353057861,0.959401667118073,1.13356792926788,1.25212585926056,1.30886900424957,1.28135550022125,1.00680828094482,0.830923795700073,0.826082527637482,1.04204952716827,0.900148689746857,0.811591982841492,0.849566102027893,0.776237189769745,0.993672311306,1.08028721809387,1.07402181625366,0.812012255191803,0.988160908222198,1.21045410633087,1.14216279983521,0.984707534313202,0.667892336845398,0.427347809076309,0.461686044931412,0.557559013366699,0.772777378559113,0.799461483955383,1.24480330944061,0.994229197502136,0.374622046947479,0.481854259967804,0.782917857170105,0.980673432350159,1.15044975280762,1.31150078773499,1.34727823734283,1.34370028972626,1.32840311527252,1.25499188899994,1.23189461231232,1.32444775104523,1.04610514640808,0.337339341640472,0.395494729280472,0.797481000423431,0.487024664878845,0,0,0,0,0,0,0.815594255924225,0.686080694198608,0.622483909130096,0.706091701984406,0.576954662799835,0,0,0,0,0,0.350431621074677,0,0,0,0,0,0,0.352513998746872,0,0,0,0,0,0,0,0,0,0,0,0,0,0.543254971504211,0.419504702091217,0,0,0,0,0,0,0,0,0,0,0,0,0,0,0,0,0,0,0,0,0,0,0,0,0,0,0,0,0,0,0,0,0,0,0,0,0,0,0,0,0,0,0,304
Augsburg,0,0,0,0,0,0,0,0,0,0,0,0,0,0,0,0,0,0,0,0,0,0,0,0,0,0,0,0,0,0,0,0,0,0,0,0,0,0,0,0,0,0,0,0,0,0,0,0,0,0,0,0,0,0,0,0,0,0,0,0,0,0,0,0,0,0,0,0,0,0,0,0,0,0,0,0,0,0,0,0,0,0,0,0,0,0,0,0,0,0,0,0,0,0,0,0,0,0,0,0,0,0,0,0,0,0,0,0,0,0,0,0,0,0,0,0,0,0,0,0,0,0,0,0,0,0,0,0,0,0,0,0,0,0,0,0,0,0,0,0,0,0,0,0,0,0,0,0,0.0159576274454594,0,0,0,0,0,0,0,0,0,0,0,0,0,0,0,0,0,0,0,0,0,0,0,0,0,0,0,0,0,0,0,0,0,0,0,0,0,0.114839643239975,0.158543899655342,0.17289936542511,0.185101628303528,0.21550415456295,0.0745444446802139,0.162263348698616,0.0942849814891815,0.142741054296494,0.154558226466179,0.156214758753777,0,0.220492050051689,0.341837108135223,0.333815038204193,0.142971903085709,0.262779057025909,0.370508670806885,0.42165943980217,0.300499677658081,0.28146368265152,0.266039073467255,0.328861206769943,0.450138479471207,0.535947263240814,0.605240345001221,0.59315550327301,0.467886865139008,0.496754795312881,0.612752437591553,0.561429679393768,0.467510670423508,0.394834101200104,0.417562127113342,0.509691596031189,0.599720537662506,0.38563397526741,0,0,0,0,0.220566809177399,0,0.26620888710022,0.319776564836502,0.387390643358231,0.491555333137512,0.519785940647125,0.581489682197571,0.678383350372314,0.577016949653625,0.642874240875244,0.706045210361481,0.786740124225616,0.819192945957184,0.799734950065613,0.624222159385681,0.461943864822388,0.407857954502106,0.632770180702209,0.415336936712265,0.501782596111298,0.507869243621826,0.380136370658875,0.528594195842743,0.644718885421753,0.683892965316772,0.500233113765717,0.580052971839905,0.80448991060257,0.628854155540466,0.682646989822388,0,0,0,0,0.39307889342308,0.502282857894897,0.845556974411011,0.576762437820435,0.280207753181458,0,0,0.438520640134811,0.64952826499939,0.642166972160339,0.660442233085632,0.704660296440125,0.723879933357239,0.620794475078583,0.658521234989166,0.691320776939392,0.608322560787201,0,0,0.291445076465607,0,0,0,0,0,0,0,0.362362176179886,0.418432682752609,0.397864788770676,0.424109846353531,0.487846612930298,0.210161402821541,0,0,0,0,0,0,0,0,0,0.19415757060051,0,0,0,0,0,0,0,0,0,0,0,0,0,0,0,0,0,0,0,0,0,0,0,0,0,0,0,0,0,0,0,0,0,0,0,0,0,0,0,0,0,0,0,0,0,0,0,0,0,0,0,0,0,0,0,0,0,0,0,0,305
Kaufbeuren,0,0,0,0,0,0,0,0,0,0,0,0,0,0,0,0,0,0,0,0,0,0,0,0,0,0,0,0,0,0,0,0,0,0,0,0,0,0,0,0,0,0,0,0,0,0,0,0,0,0,0,0,0,0,0,0,0,0,0,0,0,0,0,0,0,0,0,0,0,0,0,0,0,0,0,0,0,0,0,0,0,0,0,0,0,0,0,0,0,0,0,0,0,0,0,0,0,0,0,0,0,0,0,0,0,0,0,0,0,0,0,0,0,0,0,0,0,0,0,0,0,0,0,0,0,0,0,0,0,0,0,0,0,0,0,0,0,0,0,0,0,0,0,0,0,0,0,0,0.0159576255828142,0,0,0,0,0,0,0,0,0,0,0,0,0,0,0,0,0,0,0,0,0,0,0,0,0,0,0,0,0,0,0,0,0,0,0,0,0,0.114839643239975,0.158543899655342,0.17289936542511,0.185101628303528,0.21550415456295,0.0745444521307945,0.162263348698616,0.0942849814891815,0.142741069197655,0.154558226466179,0.156214758753777,0,0.220492035150528,0.341837108135223,0.333815068006516,0.142971903085709,0.262779027223587,0.370508670806885,0.42165943980217,0.300499677658081,0.281463652849197,0.266039073467255,0.328861236572266,0.450138449668884,0.535947263240814,0.605240345001221,0.59315550327301,0.46788689494133,0.496754795312881,0.612752437591553,0.561429679393768,0.467510640621185,0.394834131002426,0.417562127113342,0.509691596031189,0.599720537662506,0.385633945465088,0,0,0,0,0.220566809177399,0,0.266208916902542,0.319776564836502,0.387390673160553,0.491555333137512,0.519785940647125,0.581489682197571,0.678383350372314,0.577016949653625,0.642874240875244,0.706045210361481,0.786740124225616,0.819193005561829,0.799734950065613,0.624222159385681,0.461943864822388,0.407857954502106,0.632770180702209,0.415336936712265,0.501782596111298,0.507869243621826,0.380136370658875,0.528594195842743,0.644718885421753,0.683892965316772,0.500233113765717,0.580052971839905,0.80448991060257,0.628854155540466,0.682646989822388,0,0,0,0,0.39307889342308,0.502282857894897,0.845557034015656,0.57676237821579,0.280207723379135,0,0,0.438520640134811,0.649528324604034,0.642166912555695,0.660442292690277,0.704660296440125,0.723879933357239,0.620794415473938,0.658521234989166,0.691320776939392,0.608322501182556,0,0,0.291445076465607,0,0,0,0,0,0,0,0.362362176179886,0.418432652950287,0.397864758968353,0.424109846353531,0.487846583127975,0.210161402821541,0,0,0,0,0,0,0,0,0,0.194157555699348,0,0,0,0,0,0,0,0,0,0,0,0,0,0,0,0,0,0,0,0,0,0,0,0,0,0,0,0,0,0,0,0,0,0,0,0,0,0,0,0,0,0,0,0,0,0,0,0,0,0,0,0,0,0,0,0,0,0,0,0,306
Kempten (Allgäu),0,0,0,0,0,0,0,0,0,0,0,0,0,0,0,0,0,0,0,0,0,0,0,0,0,0,0,0,0,0,0,0,0,0,0,0,0,0,0,0,0,0,0,0,0,0,0,0,0,0,0,0,0,0,0,0,0,0,0,0,0,0,0,0,0,0,0,0,0,0,0,0,0,0,0,0,0,0,0,0,0,0,0,0,0,0,0,0,0,0,0,0,0,0,0,0,0,0,0,0,0,0,0,0,0,0,0,0,0,0,0,0,0,0,0,0,0,0,0,0,0,0,0,0,0,0,0,0,0,0,0,0,0,0,0,0,0,0,0,0,0,0,0,0,0,0,0,0,0.0156053649261594,0,0,0,0,0,0,0,0,0,0,0,0,0,0,0,0,0,0,0,0,0,0,0,0,0,0,0,0,0,0,0,0,0,0,0,0,0.00179447839036584,0.115027248859406,0.158550649881363,0.172596961259842,0.185330525040627,0.215774640440941,0.0728988945484161,0.16118249297142,0.0938667133450508,0.139590069651604,0.15114638209343,0.152766346931458,0,0.219992190599442,0.340797185897827,0.332762271165848,0.142596304416656,0.262621760368347,0.37006813287735,0.421134531497955,0.299931019544601,0.281439423561096,0.265605747699738,0.329220503568649,0.450231581926346,0.535797655582428,0.604916155338287,0.592770457267761,0.467815160751343,0.496978014707565,0.612718820571899,0.562320828437805,0.467473655939102,0.394996851682663,0.417698234319687,0.51008802652359,0.599278688430786,0.38622510433197,0.00430379621684551,0,0,0,0.215697839856148,0.00469942903146148,0.266124397516251,0.319303095340729,0.387193381786346,0.491790175437927,0.520120739936829,0.581678092479706,0.678638815879822,0.577733874320984,0.643167316913605,0.706604361534119,0.786947965621948,0.819548368453979,0.800068497657776,0.623941719532013,0.461022704839706,0.409672528505325,0.633516073226929,0.416549414396286,0.501687407493591,0.50854879617691,0.381534457206726,0.529617846012115,0.646389961242676,0.684485256671906,0.499634444713593,0.580410778522491,0.80484265089035,0.629332780838013,0.681230425834656,0,0,0,0,0.39386659860611,0.502196609973907,0.845230877399445,0.576359689235687,0.274022191762924,0,0.00613456638529897,0.438611626625061,0.648555219173431,0.643025100231171,0.661333858966827,0.705445349216461,0.72490382194519,0.621592044830322,0.659282803535461,0.692182958126068,0.607850015163422,0,0,0.292506814002991,0,0,0,0,0,0,0,0.363197565078735,0.417955994606018,0.398109644651413,0.424834191799164,0.488095998764038,0.205522119998932,0,0,0,0,0,0,0,0,0,0.189871564507484,0,0,0,0,0,0,0,0,0,0,0,0,0,0,0,0.00468385778367519,0,0,0,0,0,0,0,0,0,0,0,0,0,0,0,0,0,0,0,0,0,0,0,0,0,0,0,0,0,0,0,0,0,0,0,0,0,0,0,0,0,0,0,0,307
Memmingen,0,0,0,0,0,0,0,0,0,0,0,0,0,0,0,0,0,0,0,0,0,0,0,0,0,0,0,0,0,0,0,0,0,0,0,0,0,0,0,0,0,0,0,0,0,0,0,0,0,0,0,0,0,0,0,0,0,0,0,0,0,0,0,0,0,0,0,0,0,0,0,0,0,0,0,0,0,0,0,0,0,0,0,0,0,0,0,0,0,0,0,0,0,0,0,0,0,0,0,0,0,0,0,0,0,0,0,0,0,0,0,0,0,0,0,0,0,0,0,0,0,0,0,0,0,0,0,0,0,0,0,0,0,0,0,0,0,0,0,0,0,0,0,0,0,0,0,0,0,0,0,0,0,0,0,0,0,0,0,0,0,0,0,0,0,0,0,0,0,0,0,0,0,0,0,0,0,0,0,0,0,0,0,0,0,0.0812906473875046,0.123337969183922,0.158849686384201,0.159199967980385,0.195471182465553,0.227756887674332,0,0.113299787044525,0.0753372982144356,0,0,0,0,0.197848811745644,0.294729322195053,0.286123842000961,0.125956922769547,0.255654394626617,0.350552558898926,0.397880047559738,0.274738341569901,0.280364692211151,0.24640953540802,0.345136225223541,0.454355746507645,0.5291708111763,0.590552270412445,0.575710654258728,0.464637726545334,0.506867647171021,0.611230492591858,0.601800084114075,0.46583291888237,0.402204900979996,0.423728436231613,0.527649760246277,0.579704523086548,0.412413030862808,0.194963842630386,0,0,0,0,0.212886154651642,0.262380719184875,0.298329800367355,0.378454208374023,0.502192795276642,0.53495317697525,0.590024888515472,0.68995326757431,0.609494030475616,0.656150996685028,0.731377959251404,0.796155631542206,0.835291564464569,0.814844071865082,0.611516416072845,0.42021569609642,0.490058332681656,0.666559934616089,0.47026264667511,0.497472703456879,0.538654208183289,0.443470567464828,0.574966430664063,0.720417618751526,0.710724472999573,0.473113775253296,0.596262753009796,0.8204705119133,0.650538146495819,0.618474543094635,0,0,0,0,0.428762197494507,0.498374551534653,0.830782175064087,0.558519959449768,0,0,0.277898520231247,0.442641019821167,0.605445563793182,0.681040644645691,0.700832545757294,0.7402223944664,0.770262897014618,0.656926870346069,0.693024158477783,0.7303786277771,0.586918532848358,0,0,0.339542984962463,0,0,0,0,0,0,0,0.400205731391907,0.396839529275894,0.408958077430725,0.4569231569767,0.499143749475479,0,0,0,0,0,0,0,0,0,0,0,0,0,0,0,0,0,0,0,0,0,0,0,0,0,0,0.21218079328537,0,0,0,0,0,0,0,0,0,0,0,0,0,0,0,0,0,0,0,0,0,0,0,0,0,0,0,0,0,0,0,0,0,0,0,0,0,0,0,0,0,0,0,0,308
Aichach-Friedberg,0,0,0,0,0,0,0,0,0,0,0,0,0,0,0,0,0,0,0,0,0,0,0,0,0,0,0,0,0,0,0,0,0,0,0,0,0,0,0,0,0,0,0,0,0,0,0,0,0,0,0,0,0,0,0,0,0,0,0,0,0,0,0,0,0,0,0,0,0,0,0,0,0,0,0,0,0,0,0,0,0,0,0,0,0,0,0,0,0,0,0,0,0,0,0,0,0,0,0,0,0,0,0,0,0,0,0,0,0,0,0,0,0,0,0,0,0,0,0,0,0,0,0,0,0,0,0,0,0,0,0,0,0,0,0,0,0,0,0,0,0,0,0,0,0,0,0,0,0.0159576274454594,0,0,0,0,0,0,0,0,0,0,0,0,0,0,0,0,0,0,0,0,0,0,0,0,0,0,0,0,0,0,0,0,0,0,0,0,0,0.114839643239975,0.158543899655342,0.172899380326271,0.185101643204689,0.21550415456295,0.0745444446802139,0.162263348698616,0.0942849814891815,0.142741054296494,0.154558226466179,0.156214758753777,0,0.220492035150528,0.341837108135223,0.333815038204193,0.142971903085709,0.262779027223587,0.370508670806885,0.421659469604492,0.300499677658081,0.28146368265152,0.266039073467255,0.328861206769943,0.450138479471207,0.535947263240814,0.605240345001221,0.59315550327301,0.46788689494133,0.496754795312881,0.612752437591553,0.561429679393768,0.467510670423508,0.394834101200104,0.417562127113342,0.509691596031189,0.599720478057861,0.385633945465088,0,0,0,0,0.22056682407856,0,0.26620888710022,0.319776564836502,0.387390643358231,0.491555333137512,0.519785940647125,0.581489682197571,0.678383350372314,0.577016949653625,0.642874240875244,0.706045210361481,0.786740124225616,0.819193005561829,0.799734950065613,0.624222218990326,0.461943835020065,0.407857984304428,0.632770180702209,0.415336936712265,0.501782536506653,0.507869243621826,0.380136370658875,0.528594195842743,0.644718885421753,0.683892965316772,0.500233113765717,0.58005291223526,0.80448991060257,0.628854155540466,0.682646989822388,0,0,0,0,0.393078863620758,0.502282857894897,0.845557034015656,0.57676237821579,0.280207753181458,0,0,0.438520669937134,0.649528324604034,0.642166972160339,0.660442292690277,0.704660296440125,0.723879873752594,0.620794415473938,0.658521175384521,0.691320776939392,0.608322560787201,0,0,0.291445076465607,0,0,0,0,0,0,0,0.362362205982208,0.418432652950287,0.397864788770676,0.424109846353531,0.487846612930298,0.210161402821541,0,0,0,0,0,0,0,0,0,0.19415757060051,0,0,0,0,0,0,0,0,0,0,0,0,0,0,0,0,0,0,0,0,0,0,0,0,0,0,0,0,0,0,0,0,0,0,0,0,0,0,0,0,0,0,0,0,0,0,0,0,0,0,0,0,0,0,0,0,0,0,0,0,309
Augsburg,0,0,0,0,0,0,0,0,0,0,0,0,0,0,0,0,0,0,0,0,0,0,0,0,0,0,0,0,0,0,0,0,0,0,0,0,0,0,0,0,0,0,0,0,0,0,0,0,0,0,0,0,0,0,0,0,0,0,0,0,0,0,0,0,0,0,0,0,0,0,0,0,0,0,0,0,0,0,0,0,0,0,0,0,0,0,0,0,0,0,0,0,0,0,0,0,0,0,0,0,0,0,0,0,0,0,0,0,0,0,0,0,0,0,0,0,0,0,0,0,0,0,0,0,0,0,0,0,0,0,0,0,0,0,0,0,0,0,0,0,0,0,0,0,0,0,0,0,0.0159576255828142,0,0,0,0,0,0,0,0,0,0,0,0,0,0,0,0,0,0,0,0,0,0,0,0,0,0,0,0,0,0,0,0,0,0,0,0,0,0.114839643239975,0.158543899655342,0.17289936542511,0.185101628303528,0.215504169464111,0.0745444446802139,0.162263348698616,0.0942849814891815,0.142741054296494,0.154558226466179,0.156214758753777,0,0.220492050051689,0.341837108135223,0.333815068006516,0.142971903085709,0.262779057025909,0.370508670806885,0.421659469604492,0.300499677658081,0.28146368265152,0.266039073467255,0.328861206769943,0.450138479471207,0.535947263240814,0.605240345001221,0.59315550327301,0.46788689494133,0.496754795312881,0.612752437591553,0.561429679393768,0.467510670423508,0.394834131002426,0.417562156915665,0.509691596031189,0.599720537662506,0.38563397526741,0,0,0,0,0.220566794276237,0,0.266208916902542,0.31977653503418,0.387390643358231,0.491555333137512,0.519785940647125,0.581489682197571,0.678383409976959,0.577016949653625,0.642874240875244,0.706045210361481,0.786740124225616,0.819192945957184,0.799734950065613,0.624222159385681,0.461943864822388,0.407857954502106,0.632770180702209,0.415336936712265,0.501782536506653,0.507869184017181,0.380136340856552,0.528594136238098,0.644718885421753,0.683892905712128,0.500233113765717,0.58005291223526,0.80448991060257,0.628854155540466,0.682647049427032,0,0,0,0,0.39307889342308,0.502282857894897,0.845557034015656,0.57676237821579,0.280207723379135,0,0,0.438520669937134,0.649528324604034,0.642166912555695,0.660442233085632,0.704660296440125,0.723879933357239,0.620794415473938,0.658521175384521,0.691320717334747,0.608322560787201,0,0,0.291445076465607,0,0,0,0,0,0,0,0.362362176179886,0.418432682752609,0.397864788770676,0.424109816551208,0.487846612930298,0.210161402821541,0,0,0,0,0,0,0,0,0,0.19415757060051,0,0,0,0,0,0,0,0,0,0,0,0,0,0,0,0,0,0,0,0,0,0,0,0,0,0,0,0,0,0,0,0,0,0,0,0,0,0,0,0,0,0,0,0,0,0,0,0,0,0,0,0,0,0,0,0,0,0,0,0,310
Dillingen a.d.Donau,0,0,0,0,0,0,0,0,0,0,0,0,0,0,0,0,0,0,0,0,0,0,0,0,0,0,0,0,0,0,0,0,0,0,0,0,0,0,0,0,0,0,0,0,0,0,0,0,0,0,0,0,0,0,0,0,0,0,0,0,0,0,0,0,0,0,0,0,0,0,0,0,0,0,0,0,0,0,0,0,0,0,0,0,0,0,0,0,0,0,0,0,0,0,0,0,0,0,0,0,0,0,0,0,0,0,0,0,0,0,0,0,0,0,0,0,0,0,0,0,0,0,0,0,0,0,0,0,0,0,0,0,0,0,0,0,0,0,0,0,0,0,0,0,0,0,0,0,0.0159576255828142,0,0,0,0,0,0,0,0,0,0,0,0,0,0,0,0,0,0,0,0,0,0,0,0,0,0,0,0,0,0,0,0,0,0,0,0,0,0.114839650690556,0.158543899655342,0.172899380326271,0.185101628303528,0.215504169464111,0.0745444521307945,0.162263348698616,0.0942849740386009,0.142741054296494,0.154558226466179,0.156214758753777,0,0.220492035150528,0.341837108135223,0.333815038204193,0.142971903085709,0.262779057025909,0.370508641004562,0.42165943980217,0.300499677658081,0.28146368265152,0.266039073467255,0.328861236572266,0.450138449668884,0.535947263240814,0.605240345001221,0.59315550327301,0.46788689494133,0.496754795312881,0.612752437591553,0.561429679393768,0.46751070022583,0.394834131002426,0.417562127113342,0.509691596031189,0.599720537662506,0.385633945465088,0,0,0,0,0.220566809177399,0,0.266208916902542,0.31977653503418,0.387390643358231,0.491555333137512,0.519785940647125,0.581489682197571,0.678383350372314,0.577016949653625,0.642874240875244,0.706045150756836,0.786740124225616,0.819193005561829,0.799734950065613,0.624222159385681,0.461943864822388,0.407857954502106,0.632770180702209,0.415336936712265,0.501782596111298,0.507869243621826,0.380136370658875,0.528594136238098,0.644718945026398,0.683892965316772,0.500233113765717,0.58005291223526,0.80448991060257,0.628854155540466,0.682647049427032,0,0,0,0,0.39307889342308,0.502282917499542,0.845556974411011,0.57676237821579,0.280207753181458,0,0,0.438520669937134,0.649528324604034,0.642166972160339,0.660442233085632,0.704660296440125,0.723879873752594,0.620794415473938,0.658521175384521,0.691320776939392,0.608322560787201,0,0,0.291445076465607,0,0,0,0,0,0,0,0.362362176179886,0.418432682752609,0.397864788770676,0.424109846353531,0.487846612930298,0.210161417722702,0,0,0,0,0,0,0,0,0,0.19415757060051,0,0,0,0,0,0,0,0,0,0,0,0,0,0,0,0,0,0,0,0,0,0,0,0,0,0,0,0,0,0,0,0,0,0,0,0,0,0,0,0,0,0,0,0,0,0,0,0,0,0,0,0,0,0,0,0,0,0,0,0,311
Günzburg,0,0,0,0,0,0,0,0,0,0,0,0,0,0,0,0,0,0,0,0,0,0,0,0,0,0,0,0,0,0,0,0,0,0,0,0,0,0,0,0,0,0,0,0,0,0,0,0,0,0,0,0,0,0,0,0,0,0,0,0,0,0,0,0,0,0,0,0,0,0,0,0,0,0,0,0,0,0,0,0,0,0,0,0,0,0,0,0,0,0,0,0,0,0,0,0,0,0,0,0,0,0,0,0,0,0,0,0,0,0,0,0,0,0,0,0,0,0,0,0,0,0,0,0,0,0,0,0,0,0,0,0,0,0,0,0,0,0,0,0,0,0,0,0,0,0,0,0,0.0142359137535095,0,0,0,0,0,0,0,0,0,0,0,0,0,0,0,0,0,0,0,0,0,0,0,0,0,0,0,0,0,0,0,0,0,0,0,0,0.00877067912369967,0.115756556391716,0.158576890826225,0.171421304345131,0.186220437288284,0.216826155781746,0.0665016397833824,0.156980529427528,0.0922406613826752,0.127340316772461,0.137882500886917,0.139360308647156,0,0.218049004673958,0.336754500865936,0.328669518232346,0.141136109828949,0.262010365724564,0.368355542421341,0.419093817472458,0.297720223665237,0.281345129013062,0.263921201229095,0.330617189407349,0.450593501329422,0.535216152667999,0.603655636310577,0.591273367404938,0.467536300420761,0.49784591794014,0.612588226795197,0.565785348415375,0.467329651117325,0.395629376173019,0.418227434158325,0.511629164218903,0.597560942173004,0.38852322101593,0.0210352037101984,0,0,0,0.196769237518311,0.0229688957333565,0.265795886516571,0.317462593317032,0.386426508426666,0.492703050374985,0.521422386169434,0.582410573959351,0.67963171005249,0.580521047115326,0.644306719303131,0.708778440952301,0.787755966186523,0.820929944515228,0.80136513710022,0.622851312160492,0.457441687583923,0.416726797819138,0.636415839195251,0.421263039112091,0.50131756067276,0.511190712451935,0.386969685554504,0.533597409725189,0.652886271476746,0.686787903308868,0.497307121753693,0.581801891326904,0.806214094161987,0.631193697452545,0.675723254680634,0,0,0,0,0.396928876638412,0.501861214637756,0.843962967395782,0.574794173240662,0.249975338578224,0,0.0299832634627819,0.438965231180191,0.644772112369537,0.646361172199249,0.664800047874451,0.708497226238251,0.728884279727936,0.624692857265472,0.662243843078613,0.695534825325012,0.606013178825378,0,0,0.296634495258331,0,0,0,0,0,0,0,0.36644521355629,0.416102945804596,0.399061679840088,0.427650153636932,0.489065498113632,0.187486499547958,0,0,0,0,0,0,0,0,0,0.173209354281425,0,0,0,0,0,0,0,0,0,0,0,0,0,0,0,0.0228927917778492,0,0,0,0,0,0,0,0,0,0,0,0,0,0,0,0,0,0,0,0,0,0,0,0,0,0,0,0,0,0,0,0,0,0,0,0,0,0,0,0,0,0,0,0,312
Neu-Ulm,0,0,0,0,0,0,0,0,0,0,0,0,0,0,0,0,0,0,0,0,0,0,0,0,0,0,0,0,0,0,0,0,0,0,0,0,0,0,0,0,0,0,0,0,0,0,0,0,0,0,0,0,0,0,0,0,0,0,0,0,0,0,0,0,0,0,0,0,0,0,0,0,0,0,0,0,0,0,0,0,0,0,0,0,0,0,0,0,0,0,0,0,0,0,0,0,0,0,0,0,0,0,0,0,0,0,0,0,0,0,0,0,0,0,0,0,0,0,0,0,0,0,0,0,0,0,0,0,0,0,0,0,0,0,0,0,0,0,0,0,0,0,0,0,0,0,0,0,0.00106440740637481,0,0,0,0,0,0,0,0,0,0,0,0,0,0,0,0,0,0,0,0,0,0,0,0,0,0,0,0,0,0,0,0,0,0,0,0,0.0758683905005455,0.122771106660366,0.158829286694527,0.160113751888275,0.194779500365257,0.226939603686333,0.00497227255254984,0.116565763950348,0.076601155102253,0.00952113047242165,0.0103093609213829,0.0104198548942804,0,0.19935916364193,0.297871500253677,0.289304971694946,0.127091869711876,0.256129622459412,0.35188364982605,0.399466186761856,0.276456654071808,0.280438005924225,0.247718870639801,0.344050645828247,0.454074442386627,0.529622852802277,0.591532051563263,0.576874315738678,0.464854419231415,0.506193101406097,0.61133199930191,0.599107265472412,0.465944826602936,0.401713252067566,0.423317134380341,0.526451885700226,0.581039667129517,0.410626798868179,0.181959331035614,0,0,0,0.0147122722119093,0.198686197400093,0.262636065483093,0.299760341644287,0.3790502846241,0.501483261585236,0.533941507339478,0.589455544948578,0.689181506633759,0.6073277592659,0.655265390872955,0.729688167572021,0.795527637004852,0.83421778678894,0.813836216926575,0.612363874912262,0.422999054193497,0.484575420618057,0.664306104183197,0.466598987579346,0.497760206460953,0.536600828170776,0.439246028661728,0.571873366832733,0.715368390083313,0.708934724330902,0.474922716617584,0.595181584358215,0.819404602050781,0.649091839790344,0.62275493144989,0,0,0,0,0.426382064819336,0.4986352622509,0.831767678260803,0.559736728668213,0.0186904482543468,0,0.259362071752548,0.44236621260643,0.608385980129242,0.678447663784027,0.698138475418091,0.737850308418274,0.767168998718262,0.654516756534576,0.690722763538361,0.727773368358612,0.588346242904663,0,0,0.336334764957428,0,0,0,0,0,0,0,0.397681504487991,0.398279875516891,0.408218145370483,0.454734414815903,0.498390197753906,0.0140182096511126,0,0,0,0,0,0,0,0,0,0.0129507193341851,0,0,0,0,0,0,0,0,0,0,0,0,0,0,0,0.198027893900871,0,0,0,0,0,0,0,0,0,0,0,0,0,0,0,0,0,0,0,0,0,0,0,0,0,0,0,0,0,0,0,0,0,0,0,0,0,0,0,0,0,0,0,0,313
Lindau (Bodensee),0,0,0,0,0,0,0,0,0,0,0,0,0,0,0,0,0,0,0,0,0,0,0,0,0,0,0,0,0,0,0,0,0,0,0,0,0,0,0,0,0,0,0,0,0,0,0,0,0,0,0,0,0,0,0,0,0,0,0,0,0,0,0,0,0,0,0,0,0,0,0,0,0,0,0,0,0,0,0,0,0,0,0,0,0,0,0,0,0,0,0,0,0,0,0,0,0,0,0,0,0,0,0,0,0,0,0,0,0,0,0,0,0,0,0,0,0,0,0,0,0,0,0,0,0,0,0,0,0,0,0,0,0,0,0,0,0,0,0,0,0,0,0,0,0,0,0,0,0,0,0,0,0,0,0,0,0,0,0,0,0,0,0,0,0,0,0,0,0,0,0,0,0,0,0,0,0,0,0,0,0,0,0,0,0,0.0812906473875046,0.123337961733341,0.158849686384201,0.159199967980385,0.195471167564392,0.227756887674332,0,0.113299787044525,0.0753373056650162,0,0,0,0,0.197848826646805,0.294729322195053,0.286123871803284,0.125956922769547,0.255654394626617,0.350552529096603,0.397880047559738,0.274738341569901,0.280364692211151,0.246409550309181,0.345136225223541,0.454355746507645,0.5291708111763,0.590552270412445,0.575710713863373,0.464637756347656,0.506867647171021,0.611230492591858,0.601800084114075,0.46583291888237,0.402204871177673,0.423728436231613,0.527649760246277,0.579704523086548,0.412413030862808,0.194963827729225,0,0,0,0,0.212886154651642,0.262380719184875,0.298329800367355,0.378454208374023,0.502192795276642,0.53495317697525,0.590024828910828,0.68995326757431,0.609494030475616,0.656150996685028,0.731377959251404,0.796155631542206,0.835291564464569,0.814844071865082,0.611516416072845,0.420215725898743,0.490058332681656,0.666559934616089,0.47026264667511,0.497472733259201,0.538654208183289,0.443470567464828,0.574966490268707,0.720417618751526,0.710724472999573,0.473113775253296,0.596262753009796,0.8204705119133,0.650538206100464,0.61847448348999,0,0,0,0,0.428762197494507,0.498374551534653,0.830782175064087,0.558519959449768,0,0,0.277898490428925,0.442641019821167,0.605445563793182,0.681040644645691,0.700832545757294,0.7402223944664,0.770262837409973,0.656926870346069,0.693024158477783,0.7303786277771,0.586918532848358,0,0,0.339542984962463,0,0,0,0,0,0,0,0.400205701589584,0.396839559078217,0.408958107233047,0.4569231569767,0.499143749475479,0,0,0,0,0,0,0,0,0,0,0,0,0,0,0,0,0,0,0,0,0,0,0,0,0,0,0.21218079328537,0,0,0,0,0,0,0,0,0,0,0,0,0,0,0,0,0,0,0,0,0,0,0,0,0,0,0,0,0,0,0,0,0,0,0,0,0,0,0,0,0,0,0,0,314
Ostallgäu,0,0,0,0,0,0,0,0,0,0,0,0,0,0,0,0,0,0,0,0,0,0,0,0,0,0,0,0,0,0,0,0,0,0,0,0,0,0,0,0,0,0,0,0,0,0,0,0,0,0,0,0,0,0,0,0,0,0,0,0,0,0,0,0,0,0,0,0,0,0,0,0,0,0,0,0,0,0,0,0,0,0,0,0,0,0,0,0,0,0,0,0,0,0,0,0,0,0,0,0,0,0,0,0,0,0,0,0,0,0,0,0,0,0,0,0,0,0,0,0,0,0,0,0,0,0,0,0,0,0,0,0,0,0,0,0,0,0,0,0,0,0,0,0,0,0,0,0,0.0159576274454594,0,0,0,0,0,0,0,0,0,0,0,0,0,0,0,0,0,0,0,0,0,0,0,0,0,0,0,0,0,0,0,0,0,0,0,0,0,0.114839643239975,0.158543899655342,0.172899380326271,0.185101628303528,0.21550415456295,0.0745444521307945,0.162263348698616,0.0942849814891815,0.142741054296494,0.154558226466179,0.156214758753777,0,0.220492035150528,0.341837108135223,0.333815038204193,0.142971888184547,0.262779057025909,0.370508670806885,0.421659469604492,0.300499677658081,0.28146368265152,0.266039073467255,0.328861236572266,0.450138479471207,0.535947263240814,0.605240345001221,0.59315550327301,0.46788689494133,0.496754795312881,0.612752437591553,0.561429679393768,0.467510670423508,0.394834131002426,0.417562156915665,0.509691596031189,0.599720537662506,0.38563397526741,0,0,0,0,0.220566809177399,0,0.266208916902542,0.319776564836502,0.387390643358231,0.491555362939835,0.519785940647125,0.581489682197571,0.678383350372314,0.577016949653625,0.642874240875244,0.706045150756836,0.786740124225616,0.819193005561829,0.799734950065613,0.624222159385681,0.46194389462471,0.407857954502106,0.632770180702209,0.415336936712265,0.501782536506653,0.507869243621826,0.380136370658875,0.528594136238098,0.644718945026398,0.683892965316772,0.500233054161072,0.580052971839905,0.80448991060257,0.628854095935822,0.682647049427032,0,0,0,0,0.39307889342308,0.502282917499542,0.845557034015656,0.57676237821579,0.280207753181458,0,0,0.438520640134811,0.649528324604034,0.642166972160339,0.660442233085632,0.704660296440125,0.723879933357239,0.620794415473938,0.658521175384521,0.691320776939392,0.608322560787201,0,0,0.291445076465607,0,0,0,0,0,0,0,0.362362176179886,0.418432652950287,0.397864788770676,0.424109816551208,0.487846612930298,0.210161402821541,0,0,0,0,0,0,0,0,0,0.19415757060051,0,0,0,0,0,0,0,0,0,0,0,0,0,0,0,0,0,0,0,0,0,0,0,0,0,0,0,0,0,0,0,0,0,0,0,0,0,0,0,0,0,0,0,0,0,0,0,0,0,0,0,0,0,0,0,0,0,0,0,0,315
Unterallgäu,0,0,0,0,0,0,0,0,0,0,0,0,0,0,0,0,0,0,0,0,0,0,0,0,0,0,0,0,0,0,0,0,0,0,0,0,0,0,0,0,0,0,0,0,0,0,0,0,0,0,0,0,0,0,0,0,0,0,0,0,0,0,0,0,0,0,0,0,0,0,0,0,0,0,0,0,0,0,0,0,0,0,0,0,0,0,0,0,0,0,0,0,0,0,0,0,0,0,0,0,0,0,0,0,0,0,0,0,0,0,0,0,0,0,0,0,0,0,0,0,0,0,0,0,0,0,0,0,0,0,0,0,0,0,0,0,0,0,0,0,0,0,0,0,0,0,0,0,0.0124752419069409,0,0,0,0,0,0,0,0,0,0,0,0,0,0,0,0,0,0,0,0,0,0,0,0,0,0,0,0,0,0,0,0,0,0,0,0,0.0177398100495338,0.116694204509258,0.158610627055168,0.169909790158272,0.187364533543587,0.218178033828735,0.0582768358290195,0.151578187942505,0.0901500806212425,0.11159110814333,0.120829455554485,0.12212448567152,0,0.215550661087036,0.331556916236877,0.323407530784607,0.13925875723362,0.261224240064621,0.366153657436371,0.416470110416412,0.294877856969833,0.281223833560944,0.261755377054214,0.332412868738174,0.451058775186539,0.534468412399292,0.602034986019135,0.589348554611206,0.46717780828476,0.498961687088013,0.612420260906219,0.570239543914795,0.467144519090652,0.396442621946335,0.418907791376114,0.513610541820526,0.595352470874786,0.391477882862091,0.0425463616847992,0,0,0,0.172433167695999,0.0464574955403805,0.265373468399048,0.315096259117126,0.385440468788147,0.493876695632935,0.523095786571503,0.583352267742157,0.680908203125,0.584104299545288,0.645771563053131,0.711573421955109,0.788794815540314,0.82270610332489,0.803032100200653,0.621449410915375,0.452837646007538,0.425796270370483,0.640143990516663,0.427323192358017,0.500842034816742,0.514587342739105,0.393957585096359,0.538713812828064,0.661238372325897,0.689748287200928,0.494314908981323,0.58359032869339,0.807977259159088,0.633586168289185,0.668642818927765,0,0,0,0,0.400865942239761,0.501429915428162,0.842332720756531,0.572781383991241,0.219058856368065,0,0.060644943267107,0.439419806003571,0.639908194541931,0.650650203227997,0.669256508350372,0.712420880794525,0.734001874923706,0.62867945432663,0.666050612926483,0.699844181537628,0.603651583194733,0,0,0.301941335201263,0,0,0,0,0,0,0,0.370620667934418,0.413720458745956,0.400285631418228,0.431270569562912,0.490311950445175,0.164298519492149,0,0,0,0,0,0,0,0,0,0.151787146925926,0,0,0,0,0,0,0,0,0,0,0,0,0,0,0,0.0463035702705383,0,0,0,0,0,0,0,0,0,0,0,0,0,0,0,0,0,0,0,0,0,0,0,0,0,0,0,0,0,0,0,0,0,0,0,0,0,0,0,0,0,0,0,0,316
Donau-Ries,0,0,0,0,0,0,0,0,0,0,0,0,0,0,0,0,0,0,0,0,0,0,0,0,0,0,0,0,0,0,0,0,0,0,0,0,0,0,0,0,0,0,0,0,0,0,0,0,0,0,0,0,0,0,0,0,0,0,0,0,0,0,0,0,0,0,0,0,0,0,0,0,0,0,0,0,0,0,0,0,0,0,0,0,0,0,0,0,0,0,0,0,0,0,0,0,0,0,0,0,0,0,0,0,0,0,0,0,0,0,0,0,0,0,0,0,0,0,0,0,0,0,0,0,0,0,0,0,0,0,0,0,0,0,0,0,0,0,0,0,0,0,0,0,0,0,0,0,0.0162058472633362,0.000444118020823225,0,0,0,0,0,0,0,0,0,0,0,0,0,0,0,0,0,0,0,0,0,0,0,0.00112686806824058,0,0,0,0,0,0,0,0.00150465476326644,0,0,0,0.0031530293636024,0.116395138204098,0.160242080688477,0.174501121044159,0.186787813901901,0.217578530311584,0.0750477313995361,0.163120463490486,0.0921177566051483,0.144097909331322,0.15643198788166,0.15889684855938,0.00448124995455146,0.221825733780861,0.343821167945862,0.335704922676086,0.144335106015205,0.264832943677902,0.37283056974411,0.424429357051849,0.302604019641876,0.283721119165421,0.269454568624496,0.333083808422089,0.453402101993561,0.538878798484802,0.608418941497803,0.594914853572845,0.468765944242477,0.499527275562286,0.616100490093231,0.565237700939178,0.468760281801224,0.395416408777237,0.418568670749664,0.510124981403351,0.602665603160858,0.385035991668701,0,0,0,0,0.225046738982201,0.00615741871297359,0.268882036209106,0.322975754737854,0.387247055768967,0.492336750030518,0.522324681282043,0.581904590129852,0.681798815727234,0.580561399459839,0.644924104213715,0.709782540798187,0.790999412536621,0.82379424571991,0.804179906845093,0.628007590770721,0.467390120029449,0.413427203893661,0.636305272579193,0.419701278209686,0.504322528839111,0.510493218898773,0.383257418870926,0.532440900802612,0.647166013717651,0.687256932258606,0.502039670944214,0.582767248153687,0.80734395980835,0.633539915084839,0.685920596122742,0.0110552869737148,0.00648292154073715,0,0,0.395688354969025,0.50405490398407,0.848460614681244,0.580617785453796,0.281671851873398,0,0.01154107414186,0.443520933389664,0.654104471206665,0.649253487586975,0.666185796260834,0.709669470787048,0.729313850402832,0.6264967918396,0.664319455623627,0.697330832481384,0.613028883934021,0,0,0.295809835195541,0,0,0,0,0,0,0,0.364768207073212,0.418555736541748,0.396791279315948,0.425074130296707,0.484127044677734,0.205330640077591,0,0,0,0,0,0,0,0,0,0.189694657921791,0,0.00476548029109836,0,0,0,0,0,0,0,0,0,0,0,0,0,0.00827698688954115,0.00457359850406647,0,0,0,0,0,0,0,0,0,0,0,0,0,0,0,0,0,0,0,0,0,0,0,0,0,0,0,0,0,0,0,0,0,0,0,0,0,0,0,0,0,0,0,317
Oberallgäu,0,0,0,0,0,0,0,0,0,0,0,0,0,0,0,0,0,0,0,0,0,0,0,0,0,0,0,0,0,0,0,0,0,0,0,0,0,0,0,0,0,0,0,0,0,0,0,0,0,0,0,0,0,0,0,0,0,0,0,0,0,0,0,0,0,0,0,0,0,0,0,0,0,0,0,0,0,0,0,0,0,0,0,0,0,0,0,0,0,0,0,0,0,0,0,0,0,0,0,0,0,0,0,0,0,0,0,0,0,0,0,0,0,0,0,0,0,0,0,0,0,0,0,0,0,0,0,0,0,0,0,0,0,0,0,0,0,0,0,0,0,0,0,0,0,0,0,0,0.00542938522994518,0,0,0,0,0,0,0,0,0,0,0,0,0,0,0,0,0,0,0,0,0,0,0,0,0,0,0,0,0,0,0,0,0,0,0,0,0.026693532243371,0.0795734375715256,0.106104306876659,0.111258789896965,0.127412125468254,0.148826688528061,0.0253628268837929,0.0924125239253044,0.056817926466465,0.0485658794641495,0.0525865219533443,0.0531501397490501,0,0.139987602829933,0.2160305082798,0.210486978292465,0.0900050848722458,0.173356935381889,0.242800831794739,0.281378597021103,0.192457541823387,0.187828317284584,0.171430379152298,0.225223869085312,0.312973231077194,0.371623694896698,0.418578952550888,0.410501658916473,0.329202890396118,0.351501375436783,0.432140976190567,0.410009473562241,0.327728807926178,0.270332813262939,0.293174833059311,0.365054070949554,0.413534104824066,0.266631871461868,0.0640205666422844,0,0,0,0.0750451311469078,0.0699057430028915,0.176732644438744,0.20676301419735,0.256078451871872,0.33215144276619,0.352514117956161,0.398533940315247,0.480294644832611,0.414768218994141,0.459015995264053,0.510210514068604,0.565278708934784,0.590413808822632,0.573980271816254,0.429514497518539,0.295157551765442,0.299689829349518,0.458256721496582,0.295734107494354,0.334081172943115,0.349674910306931,0.274959772825241,0.36865022778511,0.476290285587311,0.466067761182785,0.325555205345154,0.393151521682739,0.572801947593689,0.451356291770935,0.462429642677307,0.014431300573051,0,0,0,0.27453351020813,0.33454754948616,0.590246558189392,0.394380986690521,0.0953372195363045,0,0.0912539511919022,0.294551908969879,0.419805020093918,0.448995590209961,0.462858110666275,0.500199437141418,0.516155123710632,0.426933705806732,0.457861483097076,0.493275761604309,0.405441254377365,0,0,0.210656821727753,0,0,0,0,0,0,0,0.254705399274826,0.272677332162857,0.269658744335175,0.299834251403809,0.335381537675858,0.0715048164129257,0,0,0,0,0,0,0,0,0,0.0660597085952759,0,0,0,0,0,0,0,0,0,0,0,0,0,0,0,0.069674126803875,0,0,0,0,0,0,0,0,0,0,0,0,0,0,0,0,0,0,0,0,0,0,0,0,0,0,0,0,0,0,0,0,0,0,0,0,0,0,0,0,0,0,0,0,318
Regionalverband Saarbrücken,0,0,0,0,0,0,0,0,0,0,0,0,0,0,0,0,0,0,0,0,0,0,0,0,0,0,0,0,0,0,0,0,0,0,0,0,0,0,0,0,0,0,0,0,0,0,0,0,0,0,0,0,0,0,0,0,0,0,0,0,0,0,0,0,0,0,0,0,0,0,0,0,0,0,0,0,0,0,0,0,0,0,0,0,0,0,0,0,0,0,0,0,0,0,0,0,0,0,0,0,0,0,0,0,0,0,0,0,0,0,0,0,0,0,0,0,0,0,0,0,0,0,0,0,0,0,0,0,0,0,0,0,0,0,0,0,0,0,0,0,0,0,0,0.00287794671021402,0.00449631595984101,0.00778000103309751,0.0128490328788757,0,0,0,0,0,0,0,0,0,0,0,0,0,0,0,0,0,0,0,0,0,0,0,0,0,0,0,0,0,0,0,0.0607995986938477,0,0,0,0,0,0,0.112601637840271,0.171681270003319,0.22602653503418,0.205061972141266,0.23225137591362,0.246168181300163,0,0,0,0,0.152382120490074,0,0,0,0.263016134500504,0.270665615797043,0.219647973775864,0.314753532409668,0.416442275047302,0.412766546010971,0.249394834041595,0.22869747877121,0.317479580640793,0.44063276052475,0.551363289356232,0.619970679283142,0.638591289520264,0.554655075073242,0.498553574085236,0.606363415718079,0.677941024303436,0.503306090831757,0.380060166120529,0.37454742193222,0.443044155836105,0.577403843402863,0.609888970851898,0.270503312349319,0,0,0.433462411165237,0.330129414796829,0.416305661201477,0.322387754917145,0,0,0.253315359354019,0.454470992088318,0.576533198356628,0.547207057476044,0.721831381320953,0.644869387149811,0.699503421783447,0.861670553684235,0.96032726764679,0.999881625175476,0.907686293125153,0.606223046779633,0.420957386493683,0.561454176902771,0.67445296049118,0.524390041828156,0.500577807426453,0.637047588825226,0.566065549850464,0.74965113401413,0.818517625331879,0.628373801708221,0.533328175544739,0.652633428573608,0.765969097614288,0.694565653800964,0.368440359830856,0,0,0.299304336309433,0.37006664276123,0.401124030351639,0.45178347826004,0.63388729095459,0.439493089914322,0,0.331059485673904,0.542720139026642,0.692408084869385,0.763217568397522,0.851612865924835,0.913536906242371,0.928205132484436,0.869653403759003,0.764104962348938,0.674229502677917,0.841713488101959,0.388011246919632,0,0,0.390350520610809,0,0,0,0,0,0,0,0.482942372560501,0.417590230703354,0.339301973581314,0.453950226306915,0.354961812496185,0,0,0,0,0,0.418583989143372,0,0,0,0,0,0,0,0,0,0,0,0,0,0,0,0,0,0,0,0,0.352923989295959,0.288712561130524,0,0,0,0,0,0,0,0,0,0,0,0,0,0,0,0,0,0,0,0,0,0,0,0,0,0,0,0,0,0,0,0,0,0,0,0,0,0,0,0,0,0,0,319
Merzig-Wadern,0,0,0,0,0,0,0,0,0,0,0,0,0,0,0,0,0,0,0,0,0,0,0,0,0,0,0,0,0,0,0,0,0,0,0,0,0,0,0,0,0,0,0,0,0,0,0,0,0,0,0,0,0,0,0,0,0,0,0,0,0,0,0,0,0,0,0,0,0,0,0,0,0,0,0,0,0,0,0,0,0,0,0,0,0,0,0,0,0,0,0,0,0,0,0,0,0,0,0,0,0,0,0,0,0,0,0,0,0,0,0,0,0,0,0,0,0,0,0,0,0,0,0,0,0,0,0,0,0,0,0,0,0,0,0,0,0,0,0,0,0,0,0,0.00287794694304466,0.00449631595984101,0.00778000103309751,0.0128490319475532,0,0,0,0,0,0,0,0,0,0,0,0,0,0,0,0,0,0,0,0,0,0,0,0,0,0,0,0,0,0,0,0.0607995949685574,0,0,0,0,0,0,0.112601637840271,0.171681270003319,0.22602653503418,0.205061972141266,0.23225137591362,0.246168181300163,0,0,0,0,0.152382120490074,0,0,0,0.263016134500504,0.270665615797043,0.219647973775864,0.314753532409668,0.416442275047302,0.412766575813293,0.249394819140434,0.228697493672371,0.317479610443115,0.44063276052475,0.551363289356232,0.619970679283142,0.638591289520264,0.554655075073242,0.498553574085236,0.606363415718079,0.677941024303436,0.503306090831757,0.380060195922852,0.37454742193222,0.443044126033783,0.577403843402863,0.609888970851898,0.270503312349319,0,0,0.43346244096756,0.330129444599152,0.416305661201477,0.322387754917145,0,0,0.253315359354019,0.454470992088318,0.576533138751984,0.547207057476044,0.721831321716309,0.644869387149811,0.699503421783447,0.861670553684235,0.96032726764679,0.999881684780121,0.907686293125153,0.606223046779633,0.42095735669136,0.561454176902771,0.67445296049118,0.524390041828156,0.500577807426453,0.637047588825226,0.566065609455109,0.74965113401413,0.818517565727234,0.628373801708221,0.533328175544739,0.652633428573608,0.765969097614288,0.694565653800964,0.368440359830856,0,0,0.299304366111755,0.370066672563553,0.401124030351639,0.451783508062363,0.63388729095459,0.439493119716644,0,0.331059485673904,0.542720139026642,0.69240802526474,0.763217568397522,0.851612865924835,0.913536906242371,0.928205192089081,0.869653344154358,0.764104962348938,0.674229562282562,0.841713488101959,0.388011246919632,0,0,0.390350490808487,0,0,0,0,0,0,0,0.482942342758179,0.417590230703354,0.339301973581314,0.453950226306915,0.354961812496185,0,0,0,0,0,0.418583989143372,0,0,0,0,0,0,0,0,0,0,0,0,0,0,0,0,0,0,0,0,0.352923989295959,0.288712561130524,0,0,0,0,0,0,0,0,0,0,0,0,0,0,0,0,0,0,0,0,0,0,0,0,0,0,0,0,0,0,0,0,0,0,0,0,0,0,0,0,0,0,0,320
Neunkirchen,0,0,0,0,0,0,0,0,0,0,0,0,0,0,0,0,0,0,0,0,0,0,0,0,0,0,0,0,0,0,0,0,0,0,0,0,0,0,0,0,0,0,0,0,0,0,0,0,0,0,0,0,0,0,0,0,0,0,0,0,0,0,0,0,0,0,0,0,0,0,0,0,0,0,0,0,0,0,0,0,0,0,0,0,0,0,0,0,0,0,0,0,0,0,0,0,0,0,0,0,0,0,0,0,0,0,0,0,0,0,0,0,0,0,0,0,0,0,0,0,0,0,0,0,0,0,0,0,0,0,0,0,0,0,0,0,0,0,0,0,0,0,0,0.00322044757194817,0.00494536478072405,0.0082778874784708,0.0134972911328077,0.0007718337001279,0,0,0,0,0,0,0,0,0,0,0,0,0,0,0,0,0,0,0,0,0,0,0,0,0,0.00312071200460196,0,0,0,0,0.0643308758735657,0.00467271916568279,0.0049322028644383,0,0,0,0,0.119105905294418,0.178496032953262,0.233889997005463,0.211984932422638,0.24065837264061,0.255864053964615,0,0,0,0.0118505964055657,0.160921186208725,0.0113027822226286,0.00800943840295076,0.0135257821530104,0.270634323358536,0.280935227870941,0.229155451059341,0.324830234050751,0.428706228733063,0.427487343549728,0.261965930461884,0.240951001644135,0.327656179666519,0.452296376228333,0.564722418785095,0.634249448776245,0.655107617378235,0.570096969604492,0.510500311851501,0.619687080383301,0.695545732975006,0.520752549171448,0.393608897924423,0.387553632259369,0.455676704645157,0.592167377471924,0.628227949142456,0.283955603837967,0.0109042907133698,0,0.442988902330399,0.340515911579132,0.424920171499252,0.335189580917358,0.0187442172318697,0.019472872838378,0.265730530023575,0.468977808952332,0.592658877372742,0.564323902130127,0.740625321865082,0.664205014705658,0.717923939228058,0.88110476732254,0.98115348815918,1.02178359031677,0.93128103017807,0.626282632350922,0.440188765525818,0.581600785255432,0.697031140327454,0.546272814273834,0.520741403102875,0.655170083045959,0.586003422737122,0.770013570785522,0.842619478702545,0.652943551540375,0.552255213260651,0.67582243680954,0.791177749633789,0.720241367816925,0.393415749073029,0.0261446461081505,0.0226712785661221,0.317807137966156,0.391140103340149,0.42493861913681,0.473388284444809,0.664176225662231,0.467991530895233,0.0235081911087036,0.349436551332474,0.563414037227631,0.715708076953888,0.789328753948212,0.880506038665771,0.942404329776764,0.958081185817719,0.901166796684265,0.795354783535004,0.704902350902557,0.873121440410614,0.415936231613159,0.0212488193064928,0.0295549929141998,0.416127413511276,0.0175552051514387,0,0,0,0,0,0,0.506527483463287,0.438177853822708,0.35823318362236,0.473780304193497,0.374719023704529,0.0177765600383282,0,0,0,0,0.42833212018013,0.0147171393036842,0,0,0.0156480707228184,0,0,0.0158701855689287,0,0,0,0,0,0,0,0,0,0,0,0,0.0106041459366679,0.365862846374512,0.300711929798126,0,0,0,0,0,0,0,0,0,0,0,0,0,0,0,0,0,0,0,0,0,0,0,0,0,0,0,0,0,0,0,0,0,0,0,0,0,0,0,0,0,0,0,321
Saarlouis,0,0,0,0,0,0,0,0,0,0,0,0,0,0,0,0,0,0,0,0,0,0,0,0,0,0,0,0,0,0,0,0,0,0,0,0,0,0,0,0,0,0,0,0,0,0,0,0,0,0,0,0,0,0,0,0,0,0,0,0,0,0,0,0,0,0,0,0,0,0,0,0,0,0,0,0,0,0,0,0,0,0,0,0,0,0,0,0,0,0,0,0,0,0,0,0,0,0,0,0,0,0,0,0,0,0,0,0,0,0,0,0,0,0,0,0,0,0,0,0,0,0,0,0,0,0,0,0,0,0,0,0,0,0,0,0,0,0,0,0,0,0,0,0.00287794694304466,0.00449631595984101,0.00778000056743622,0.0128490319475532,0,0,0,0,0,0,0,0,0,0,0,0,0,0,0,0,0,0,0,0,0,0,0,0,0,0,0,0,0,0,0,0.0607995986938477,0,0,0,0,0,0,0.112601637840271,0.171681255102158,0.226026520133018,0.205061987042427,0.23225137591362,0.246168196201324,0,0,0,0,0.152382120490074,0,0,0,0.263016134500504,0.270665615797043,0.219647973775864,0.314753532409668,0.416442275047302,0.412766546010971,0.249394819140434,0.22869747877121,0.317479610443115,0.44063276052475,0.551363229751587,0.619970679283142,0.638591289520264,0.554655075073242,0.498553574085236,0.606363415718079,0.677940964698792,0.503306090831757,0.380060166120529,0.37454742193222,0.443044126033783,0.577403843402863,0.609888970851898,0.270503312349319,0,0,0.433462411165237,0.330129444599152,0.416305661201477,0.322387754917145,0,0,0.253315359354019,0.454470992088318,0.576533198356628,0.547207057476044,0.721831321716309,0.644869327545166,0.699503421783447,0.861670553684235,0.96032726764679,0.999881625175476,0.907686293125153,0.606223046779633,0.420957386493683,0.561454176902771,0.67445296049118,0.524390041828156,0.500577867031097,0.637047648429871,0.566065609455109,0.74965113401413,0.818517565727234,0.628373742103577,0.533328175544739,0.652633428573608,0.765969157218933,0.694565653800964,0.368440389633179,0,0,0.299304336309433,0.370066672563553,0.401124030351639,0.451783508062363,0.63388729095459,0.439493089914322,0,0.331059485673904,0.542720139026642,0.69240802526474,0.763217508792877,0.851612865924835,0.913536906242371,0.928205132484436,0.869653344154358,0.764105021953583,0.674229562282562,0.841713488101959,0.388011246919632,0,0,0.390350520610809,0,0,0,0,0,0,0,0.482942372560501,0.417590230703354,0.339301973581314,0.453950226306915,0.354961782693863,0,0,0,0,0,0.418583989143372,0,0,0,0,0,0,0,0,0,0,0,0,0,0,0,0,0,0,0,0,0.352924019098282,0.288712590932846,0,0,0,0,0,0,0,0,0,0,0,0,0,0,0,0,0,0,0,0,0,0,0,0,0,0,0,0,0,0,0,0,0,0,0,0,0,0,0,0,0,0,0,322
Saarpfalz-Kreis,0,0,0,0,0,0,0,0,0,0,0,0,0,0,0,0,0,0,0,0,0,0,0,0,0,0,0,0,0,0,0,0,0,0,0,0,0,0,0,0,0,0,0,0,0,0,0,0,0,0,0,0,0,0,0,0,0,0,0,0,0,0,0,0,0,0,0,0,0,0,0,0,0,0,0,0,0,0,0,0,0,0,0,0,0,0,0,0,0,0,0,0,0,0,0,0,0,0,0,0,0,0,0,0,0,0,0,0,0,0,0,0,0,0,0,0,0,0,0,0,0,0,0,0,0,0,0,0,0,0,0,0,0,0,0,0,0,0,0,0,0,0,0,0.00746070221066475,0.0105047123506665,0.0144418720155954,0.0215229298919439,0.0103273540735245,0,0,0,0,0,0,0,0,0,0,0,0,0,0,0,0,0,0,0,0,0,0,0,0,0,0.0417560152709484,0,0,0,0,0.108049117028713,0.0625223219394684,0.0659942850470543,0,0,0,0,0.199630588293076,0.262864917516708,0.331241875886917,0.297693014144897,0.344739556312561,0.375901788473129,0,0,0,0.158564358949661,0.266637325286865,0.151234447956085,0.107168570160866,0.180978819727898,0.364949434995651,0.408075749874115,0.346860766410828,0.449582487344742,0.580537378787994,0.609734535217285,0.417599767446518,0.392652988433838,0.453645199537277,0.596695184707642,0.730112195014954,0.81102454662323,0.859584212303162,0.761271357536316,0.658404171466827,0.784638524055481,0.913497149944305,0.73674476146698,0.561345815658569,0.548574447631836,0.612071692943573,0.774944722652435,0.855269074440002,0.450498789548874,0.145902499556541,0,0.560929477214813,0.469103783369064,0.531569957733154,0.493680149316788,0.250802963972092,0.260552555322647,0.419433772563934,0.648576021194458,0.792299628257751,0.776235461235046,0.973299980163574,0.903585493564606,0.945975661277771,1.12170624732971,1.23898732662201,1.29293656349182,1.22339105606079,0.874626338481903,0.678278863430023,0.831021726131439,0.976555705070496,0.817187368869781,0.770372450351715,0.87953120470047,0.832840204238892,1.02210581302643,1.14100801944733,0.957124173641205,0.786577105522156,0.96290910243988,1.10326755046844,1.03811407089233,0.702617943286896,0.349822789430618,0.303348153829575,0.546876847743988,0.652035355567932,0.719769835472107,0.740861535072327,1.03916192054749,0.82081013917923,0.314546287059784,0.576949894428253,0.819610297679901,1.00416934490204,1.1125922203064,1.2382116317749,1.29979145526886,1.32795429229736,1.29131150245667,1.18223631381989,1.08464026451111,1.26196014881134,0.761655390262604,0.284315258264542,0.395454198122025,0.735252499580383,0.234893620014191,0,0,0,0,0,0,0.798518061637878,0.693058609962463,0.592607140541077,0.719282388687134,0.619319081306458,0.237855419516563,0,0,0,0,0.549016535282135,0.196919515728951,0,0,0.209375649690628,0,0,0.212347596883774,0,0,0,0,0,0,0,0,0,0,0,0,0.141886502504349,0.526049494743347,0.44926717877388,0,0,0,0,0,0,0,0,0,0,0,0,0,0,0,0,0,0,0,0,0,0,0,0,0,0,0,0,0,0,0,0,0,0,0,0,0,0,0,0,0,0,0,323
St. Wendel,0,0,0,0,0,0,0,0,0,0,0,0,0,0,0,0,0,0,0,0,0,0,0,0,0,0,0,0,0,0,0,0,0,0,0,0,0,0,0,0,0,0,0,0,0,0,0,0,0,0,0,0,0,0,0,0,0,0,0,0,0,0,0,0,0,0,0,0,0,0,0,0,0,0,0,0,0,0,0,0,0,0,0,0,0,0,0,0,0,0,0,0,0,0,0,0,0,0,0,0,0,0,0,0,0,0,0,0,0,0,0,0,0,0,0,0,0,0,0,0,0,0,0,0,0,0,0,0,0,0,0,0,0,0,0,0,0,0,0,0,0,0,0,0.00357918883673847,0.00541570596396923,0.00879938341677189,0.0141762895509601,0.00158026616554707,0,0,0,0,0,0,0,0,0,0,0,0,0,0,0,0,0,0,0,0,0,0,0,0,0,0.00638940185308456,0,0,0,0,0.0680296048521996,0.00956701021641493,0.0100982803851366,0,0,0,0,0.125918596982956,0.185633957386017,0.242126330733299,0.219236135482788,0.249464020133018,0.266019701957703,0,0,0,0.0242631249129772,0.169865161180496,0.0231415200978518,0.0163986682891846,0.0276929289102554,0.278613716363907,0.291691780090332,0.239113748073578,0.335384726524353,0.441551685333252,0.442906111478806,0.275133103132248,0.25378555059433,0.338315308094025,0.464513033628464,0.578714966773987,0.649205267429352,0.672407031059265,0.586270987987518,0.523013472557068,0.633642613887787,0.7139852643013,0.539026260375977,0.407800048589706,0.401176601648331,0.468908339738846,0.607631027698517,0.647436439990997,0.298045784235001,0.0223256386816502,0,0.452967137098312,0.351394921541214,0.433943122625351,0.348598480224609,0.0383772440254688,0.0398691073060036,0.278734385967255,0.484172463417053,0.609549224376678,0.582252383232117,0.760310471057892,0.68445748090744,0.737218022346497,0.901460528373718,1.00296711921692,1.04472410678864,0.955994606018066,0.647293448448181,0.460332065820694,0.602702677249908,0.720679938793182,0.569193184375763,0.541861116886139,0.674151837825775,0.606886744499207,0.791341483592987,0.86786425113678,0.678678333759308,0.572079718112946,0.700110971927643,0.817581653594971,0.747134566307068,0.419575393199921,0.0535290166735649,0.0464175827801228,0.337187260389328,0.413212805986404,0.449882417917252,0.496017515659332,0.695901393890381,0.497841268777847,0.0481310933828354,0.368685007095337,0.585089206695557,0.740112960338593,0.816677987575531,0.91076922416687,0.972640573978424,0.989373803138733,0.934174418449402,0.828086376190186,0.737029552459717,0.906018614768982,0.445185333490372,0.04350521042943,0.0605114214122295,0.443126559257507,0.0359428413212299,0,0,0,0,0,0,0.531230986118317,0.459741741418839,0.378062069416046,0.494550675153732,0.395413100719452,0.0363960452377796,0,0,0,0,0.438542425632477,0.030132133513689,0,0,0.0320381410419941,0,0,0.0324929021298885,0,0,0,0,0,0,0,0,0,0,0,0,0.0217111203819513,0.379415214061737,0.31328022480011,0,0,0,0,0,0,0,0,0,0,0,0,0,0,0,0,0,0,0,0,0,0,0,0,0,0,0,0,0,0,0,0,0,0,0,0,0,0,0,0,0,0,0,324
Berlin,0,0,0,0,0,0,0,0,0,0,0,0,0,0,0,0,0,0,0,0,0,0,0,0,0,0,0,0,0,0,0,0,0,0,0,0,0,0,0,0,0,0,0,0,0,0,0,0,0,0,0,0,0,0,0,0,0,0,0,0,0,0,0,0,0,0,0,0,0,0,0,0,0,0,0,0,0,0,0,0,0,0,0,0,0,0,0,0,0,0,0,0,0,0,0,0,0,0,0,0,0,0,0,0,0,0,0,0,0,0,0,0,0,0,0,0,0,0,0,0,0,0,0,0,0,0,0,0,0,0,0,0,0,0,0,0,0,0,0,0,0,0,0,0,0,0,0,0,0.0619142316281796,0.0895177274942398,0.107078619301319,0,0,0,0,0,0,0,0,0,0,0,0,0,0,0,0,0,0,0,0,0,0.266330301761627,0.302599966526031,0.272228121757507,0.313246369361877,0,0,0.296437472105026,0,0.222417056560516,0.424611508846283,0,0,0.223573759198189,0.608834505081177,0.765718698501587,0.887450635433197,1.0735992193222,0.986943542957306,1.19109690189362,0.98040771484375,0.833418011665344,0.7610102891922,0.907786428928375,1.18041515350342,1.40512096881866,1.40995299816132,1.15731573104858,1.5357757806778,1.77865302562714,1.16363179683685,1.42213809490204,1.74805426597595,1.94544184207916,1.6814923286438,1.47830665111542,1.46029734611511,1.63380670547485,1.89793562889099,2.33345913887024,2.58959269523621,1.5638861656189,1.41293931007385,2.04587268829346,2.73381853103638,2.09055662155151,1.26252746582031,0,1.15589809417725,1.41574192047119,1.39762759208679,0,0,0,1.12579190731049,1.71817183494568,1.53764045238495,1.87206935882568,1.4511239528656,0.948366045951843,1.247967004776,1.45277202129364,2.01322603225708,2.06801247596741,2.43062877655029,2.17755246162415,1.88852512836456,2.54628491401672,2.71550631523132,2.78476119041443,2.63210201263428,2.50047039985657,2.8105456829071,2.96314835548401,2.61574077606201,2.14026188850403,1.93298649787903,1.86719250679016,2.1242847442627,2.1882050037384,2.46570301055908,2.73095846176147,2.54542851448059,2.5225465297699,2.80227446556091,3.31272315979004,3.14192628860474,2.68518686294556,1.94637298583984,1.31741154193878,1.97458636760712,2.14064526557922,2.70892667770386,2.7977921962738,2.36896538734436,2.40498805046082,2.08485269546509,2.43928909301758,2.96202540397644,3.20717167854309,3.65395140647888,3.61761021614075,3.83512592315674,3.88725161552429,3.53954076766968,3.54350900650024,4.0045690536499,3.55887126922607,1.66472637653351,0.727027297019958,2.66486525535583,1.98555636405945,0,0,0,0,0,1.35016858577728,2.19892954826355,1.78149104118347,0,1.42250859737396,0,0,0,0,0,0,1.12181520462036,1.25061392784119,0.219737470149994,0,0,0,0,0,0,0,0,0,0,0,0,0,0,0,0,0,1.04127287864685,1.67985618114471,1.56000959873199,0.149750277400017,0,0,0,0,0,0,0,0,0,0,0,0,0,0,0,0,0,0,0,0,0,0,0,0,0,0,0,0,0,0,0,0,0,0,0,0,0,0,0,0,0,0,325
Brandenburg an der Havel,0,0,0,0,0,0,0,0,0,0,0,0,0,0,0,0,0,0,0,0,0,0,0,0,0,0,0,0,0,0,0,0,0,0,0,0,0,0,0,0,0,0,0,0,0,0,0,0,0,0,0,0,0,0,0,0,0,0,0,0,0,0,0,0,0,0,0,0,0,0,0,0,0,0,0,0,0,0,0,0,0,0,0,0,0,0,0,0,0,0,0,0,0,0,0,0,0,0,0,0,0,0,0,0,0,0,0,0,0,0,0,0,0,0,0,0,0,0,0,0,0,0,0,0,0,0,0,0,0,0,0,0,0,0,0,0,0,0,0,0,0,0,0,0,0,0,0,0,0.0752378553152084,0.0963566303253174,0.0961854159832001,0,0,0,0,0,0,0,0,0,0,0,0,0,0,0,0,0,0,0,0,0,0.274994850158691,0.354500859975815,0.318424105644226,0.318742543458939,0,0,0.352529913187027,0,0.272131592035294,0.440582036972046,0,0,0.269543766975403,0.647761344909668,0.805423438549042,0.984676599502563,1.10431313514709,1.01944136619568,1.26896965503693,0.971012055873871,0.88524979352951,0.756556689739227,0.94004237651825,1.2128632068634,1.39609825611115,1.3075098991394,1.20493674278259,1.56087017059326,1.77197241783142,1.12363398075104,1.52771532535553,1.84852421283722,2.05008459091187,1.64227855205536,1.42928338050842,1.48046231269836,1.74358975887299,1.97900998592377,2.38440036773682,2.55949306488037,1.46510601043701,1.29944789409637,2.12621831893921,2.75957989692688,2.07012939453125,1.21917796134949,0,1.17222464084625,1.51489102840424,1.32502591609955,0,0,0,1.09799861907959,1.7462831735611,1.64680850505829,1.90695440769196,1.30963540077209,0.773778021335602,1.29553997516632,1.40697264671326,2.07164907455444,2.14083957672119,2.38233160972595,2.2041482925415,1.88874912261963,2.63332986831665,2.84679937362671,2.94931077957153,2.69672107696533,2.59333205223083,2.84169268608093,2.87407946586609,2.53106236457825,2.0838520526886,2.05229735374451,1.95538222789764,2.2596287727356,2.15404963493347,2.43738698959351,2.71355485916138,2.53704833984375,2.4578230381012,2.84197783470154,3.32005596160889,3.1162576675415,2.67781186103821,1.74462258815765,1.41487991809845,1.76984739303589,2.04815101623535,2.77348852157593,2.75656342506409,2.27010297775269,2.28057408332825,1.95144009590149,2.47220063209534,3.03590393066406,3.20787739753723,3.72396445274353,3.71888375282288,3.72926068305969,3.75986838340759,3.398277759552,3.43069767951965,3.96667313575745,3.26166892051697,1.21149301528931,0,2.61619114875793,1.64018571376801,0,0,0,0,0,1.31886947154999,2.23433303833008,1.86530661582947,0,1.34616017341614,0,0,0,0,0,0,1.17800736427307,1.2446426153183,1.07593333721161,0,0,0,0,0,0,0,0,0,0,0,0,0,0,0,0,0,0.878148436546326,1.5585606098175,1.46922850608826,0.733244657516479,0,0,0,0,0,0,0,0,0,0,0,0,0,0,0,0,0,0,0,0,0,0,0,0,0,0,0,0,0,0,0,0,0,0,0,0,0,0,0,0,0,0,326
Cottbus,0,0,0,0,0,0,0,0,0,0,0,0,0,0,0,0,0,0,0,0,0,0,0,0,0,0,0,0,0,0,0,0,0,0,0,0,0,0,0,0,0,0,0,0,0,0,0,0,0,0,0,0,0,0,0,0,0,0,0,0,0,0,0,0,0,0,0,0,0,0,0,0,0,0,0,0,0,0,0,0,0,0,0,0,0,0,0,0,0,0,0,0,0,0,0,0,0,0,0,0,0,0,0,0,0,0,0,0,0,0,0,0,0,0,0,0,0,0,0,0,0,0,0,0,0,0,0,0,0,0,0,0,0,0,0,0,0,0,0,0,0,0,0,0,0,0,0,0,0.0452507510781288,0.0859263762831688,0.0797149613499641,0,0,0,0,0,0,0,0,0,0,0,0,0,0,0,0,0,0,0,0,0,0,0.25233057141304,0.104485563933849,0.203638926148415,0,0,0,0,0.20265120267868,0.337364166975021,0,0,0,0.435945183038712,0.568552315235138,0.677911341190338,0.792852997779846,0.765471935272217,0.867115318775177,0.714647173881531,0.604414641857147,0.533804833889008,0.729695737361908,1.05340611934662,1.08214402198792,1.15622198581696,0.854775965213776,1.24695777893066,1.4706894159317,0.872336864471436,1.07367491722107,1.32427358627319,1.55125832557678,1.35327923297882,1.20702981948853,1.30574250221252,1.37590348720551,1.53505539894104,1.9048216342926,2.2325394153595,1.53875839710236,1.07485151290894,1.60254049301147,2.21438336372375,1.91029620170593,1.21989524364471,0,0.898319661617279,1.39227938652039,1.73453617095947,0,0,0,0.799515783786774,1.37108314037323,1.26884973049164,1.04527044296265,1.15473628044128,0.781728506088257,0.772824645042419,1.09847640991211,1.64958834648132,1.63759899139404,2.09267377853394,1.81136584281921,1.87096989154816,2.19898271560669,2.32105278968811,2.45024704933167,2.23249483108521,2.131427526474,2.22617316246033,2.36856961250305,2.27615642547607,1.78406012058258,1.64260196685791,1.64006471633911,1.59656584262848,1.78083145618439,1.96093249320984,2.4459969997406,2.05632162094116,2.19894313812256,2.60936522483826,2.49786686897278,2.60645437240601,1.90715706348419,1.79149889945984,0.838371276855469,1.50023949146271,1.7063502073288,2.1702446937561,2.7616081237793,2.02090072631836,2.00540971755981,1.55381417274475,1.7246105670929,2.10578584671021,2.53333210945129,3.00159192085266,2.85679054260254,2.98829460144043,3.08149075508118,2.83759117126465,2.8711359500885,3.12936782836914,2.87317299842834,1.20902156829834,0.863540172576904,2.18343615531921,1.51709973812103,0,0,0,0,0,0,1.40737104415894,1.72946405410767,0,1.19276142120361,0,0,0,0,0,0,0,0,0.822619259357452,0,0,0.83286714553833,0,1.0675493478775,0,0,0,0,0,0,0,0,0,0,0,0,1.07999122142792,1.52003705501556,1.23170948028564,0,0,0,0,0,0,0,0,0,0,0,0,0,0,0,0,0,0,0,0,0,0,0,0,0,0,0,0,0,0,0,0,0,0,0,0,0,0,0,0,0,0,0,327
Frankfurt (Oder),0,0,0,0,0,0,0,0,0,0,0,0,0,0,0,0,0,0,0,0,0,0,0,0,0,0,0,0,0,0,0,0,0,0,0,0,0,0,0,0,0,0,0,0,0,0,0,0,0,0,0,0,0,0,0,0,0,0,0,0,0,0,0,0,0,0,0,0,0,0,0,0,0,0,0,0,0,0,0,0,0,0,0,0,0,0,0,0,0,0,0,0,0,0,0,0,0,0,0,0,0,0,0,0,0,0,0,0,0,0,0,0,0,0,0,0,0,0,0,0,0,0,0,0,0,0,0,0,0,0,0,0,0,0,0,0,0,0,0,0,0,0,0,0,0,0,0,0,0.0584947988390923,0.0877625644207001,0.109874300658703,0,0,0,0,0,0,0,0,0,0,0,0,0,0,0,0,0,0,0,0,0,0.264106601476669,0.289279937744141,0.260372221469879,0.311835825443268,0,0,0.282041668891907,0,0.20965813100338,0.420512795448303,0,0,0.211775854229927,0.598844170570374,0.755528688430786,0.862498223781586,1.06571674346924,0.978603065013885,1.17111134529114,0.982819080352783,0.820115625858307,0.762153267860413,0.8995081782341,1.17208766937256,1.40743660926819,1.43624436855316,1.14509403705597,1.5293356180191,1.78036749362946,1.17389702796936,1.3950423002243,1.72226917743683,1.918585896492,1.69155621528625,1.4908881187439,1.45512223243713,1.60563147068024,1.87712836265564,2.32038497924805,2.5973174571991,1.58923757076263,1.44206619262695,2.02525234222412,2.72720718383789,2.09579920768738,1.27365291118622,0,1.15170788764954,1.39029586315155,1.41626024246216,0,0,0,1.13292491436005,1.71095716953278,1.5096230506897,1.86311638355255,1.48743605613708,0.993172943592072,1.23575758934021,1.46452605724335,1.99823224544525,2.04932188987732,2.4430239200592,2.17072677612305,1.88846778869629,2.52394533157349,2.6818106174469,2.74253034591675,2.61551785469055,2.47663760185242,2.80255222320557,2.98600745201111,2.63747310638428,2.15473914146423,1.90236616134644,1.84455919265747,2.08954954147339,2.19697070121765,2.47297048568726,2.73542475700378,2.54757928848267,2.53915739059448,2.79208493232727,3.31084132194519,3.14851403236389,2.68707966804504,1.99815094470978,1.29239702224731,2.0271315574646,2.16438317298889,2.69235730171204,2.80837321281433,2.39433789253235,2.43691825866699,2.11909222602844,2.43084263801575,2.94306516647339,3.20699048042297,3.63598322868347,3.59161901473999,3.86229586601257,3.91994380950928,3.57579493522644,3.57246136665344,4.01429462432861,3.6351466178894,1.78104591369629,0.913614451885223,2.67735719680786,2.07419347763062,0,0,0,0,0,1.35820126533508,2.18984317779541,1.75998020172119,0,1.44210290908813,0,0,0,0,0,0,1.10739374160767,1.25214648246765,0,0,0,0,0,0,0,0,0,0,0,0,0,0,0,0,0,0,1.08313775062561,1.71098613739014,1.58330810070038,0,0,0,0,0,0,0,0,0,0,0,0,0,0,0,0,0,0,0,0,0,0,0,0,0,0,0,0,0,0,0,0,0,0,0,0,0,0,0,0,0,0,0,328
Potsdam,0,0,0,0,0,0,0,0,0,0,0,0,0,0,0,0,0,0,0,0,0,0,0,0,0,0,0,0,0,0,0,0,0,0,0,0,0,0,0,0,0,0,0,0,0,0,0,0,0,0,0,0,0,0,0,0,0,0,0,0,0,0,0,0,0,0,0,0,0,0,0,0,0,0,0,0,0,0,0,0,0,0,0,0,0,0,0,0,0,0,0,0,0,0,0,0,0,0,0,0,0,0,0,0,0,0,0,0,0,0,0,0,0,0,0,0,0,0,0,0,0,0,0,0,0,0,0,0,0,0,0,0,0,0,0,0,0,0,0,0,0,0,0,0,0,0,0,0,0.0752378553152084,0.0963566303253174,0.0961854159832001,0,0,0,0,0,0,0,0,0,0,0,0,0,0,0,0,0,0,0,0,0,0.274994850158691,0.354500830173492,0.318424075841904,0.318742543458939,0,0,0.352529942989349,0,0.272131562232971,0.440582066774368,0,0,0.26954373717308,0.647761344909668,0.805423438549042,0.984676599502563,1.10431301593781,1.01944136619568,1.26896965503693,0.971011996269226,0.885249853134155,0.756556749343872,0.94004237651825,1.2128632068634,1.39609825611115,1.3075098991394,1.20493674278259,1.56087005138397,1.77197241783142,1.12363398075104,1.52771544456482,1.84852421283722,2.05008459091187,1.64227855205536,1.42928326129913,1.48046231269836,1.74358975887299,1.97900998592377,2.3844006061554,2.55949306488037,1.46510577201843,1.29944789409637,2.12621831893921,2.7595796585083,2.07012939453125,1.21917796134949,0,1.17222464084625,1.51489102840424,1.32502591609955,0,0,0,1.0979984998703,1.7462831735611,1.64680850505829,1.90695440769196,1.30963540077209,0.773778080940247,1.29554009437561,1.40697264671326,2.07164931297302,2.14083957672119,2.38233160972595,2.2041482925415,1.88874900341034,2.63332986831665,2.84679937362671,2.94931077957153,2.69672083854675,2.59333205223083,2.84169244766235,2.87407922744751,2.53106236457825,2.0838520526886,2.05229735374451,1.95538222789764,2.2596287727356,2.15404963493347,2.43738698959351,2.71355485916138,2.53704833984375,2.4578230381012,2.84197807312012,3.32005596160889,3.1162576675415,2.67781186103821,1.74462246894836,1.41487991809845,1.7698472738266,2.04815101623535,2.77348852157593,2.75656342506409,2.27010297775269,2.28057432174683,1.95144021511078,2.47220063209534,3.03590416908264,3.20787715911865,3.72396445274353,3.7188835144043,3.72926068305969,3.75986814498901,3.398277759552,3.43069767951965,3.96667313575745,3.26166868209839,1.21149301528931,0,2.61619138717651,1.64018583297729,0,0,0,0,0,1.3188693523407,2.23433303833008,1.86530661582947,0,1.34616017341614,0,0,0,0,0,0,1.17800736427307,1.2446426153183,1.0759334564209,0,0,0,0,0,0,0,0,0,0,0,0,0,0,0,0,0,0.878148376941681,1.55856072902679,1.46922838687897,0.733244657516479,0,0,0,0,0,0,0,0,0,0,0,0,0,0,0,0,0,0,0,0,0,0,0,0,0,0,0,0,0,0,0,0,0,0,0,0,0,0,0,0,0,0,329
Barnim,0,0,0,0,0,0,0,0,0,0,0,0,0,0,0,0,0,0,0,0,0,0,0,0,0,0,0,0,0,0,0,0,0,0,0,0,0,0,0,0,0,0,0,0,0,0,0,0,0,0,0,0,0,0,0,0,0,0,0,0,0,0,0,0,0,0,0,0,0,0,0,0,0,0,0,0,0,0,0,0,0,0,0,0,0,0,0,0,0,0,0,0,0,0,0,0,0,0,0,0,0,0,0,0,0,0,0,0,0,0,0,0,0,0,0,0,0,0,0,0,0,0,0,0,0,0,0,0,0,0,0,0,0,0,0,0,0,0,0,0,0,0,0,0,0,0,0,0,0.0584947988390923,0.0877625644207001,0.109874300658703,0,0,0,0,0,0,0,0,0,0,0,0,0,0,0,0,0,0,0,0,0,0.264106601476669,0.289279937744141,0.260372191667557,0.311835825443268,0,0,0.282041668891907,0,0.209658145904541,0.420512795448303,0,0,0.211775869131088,0.598844170570374,0.755528688430786,0.862498164176941,1.06571674346924,0.97860312461853,1.17111134529114,0.982819139957428,0.820115625858307,0.762153327465057,0.8995081782341,1.17208755016327,1.40743660926819,1.43624448776245,1.14509403705597,1.52933549880981,1.78036749362946,1.17389690876007,1.3950423002243,1.72226917743683,1.918585896492,1.69155633449554,1.4908881187439,1.45512223243713,1.60563135147095,1.87712836265564,2.32038521766663,2.5973174571991,1.58923757076263,1.44206631183624,2.0252525806427,2.72720718383789,2.09579920768738,1.27365291118622,0,1.15170788764954,1.39029598236084,1.41626036167145,0,0,0,1.13292491436005,1.71095716953278,1.5096230506897,1.86311638355255,1.48743605613708,0.993173003196716,1.23575758934021,1.46452605724335,1.99823212623596,2.04932188987732,2.44302415847778,2.17072677612305,1.88846778869629,2.52394533157349,2.6818106174469,2.74253058433533,2.61551785469055,2.476637840271,2.80255222320557,2.98600721359253,2.6374728679657,2.15473890304565,1.90236604213715,1.84455907344818,2.08954954147339,2.19697070121765,2.47297048568726,2.73542499542236,2.54757952690125,2.53915739059448,2.79208493232727,3.31084132194519,3.14851403236389,2.68707966804504,1.99815106391907,1.29239702224731,2.0271315574646,2.16438341140747,2.69235706329346,2.80837321281433,2.39433789253235,2.43691802024841,2.11909222602844,2.43084263801575,2.94306492805481,3.20699024200439,3.63598322868347,3.59161901473999,3.86229586601257,3.91994380950928,3.57579493522644,3.57246112823486,4.01429462432861,3.63514637947083,1.78104591369629,0.913614392280579,2.67735719680786,2.07419371604919,0,0,0,0,0,1.35820126533508,2.18984317779541,1.75998020172119,0,1.44210290908813,0,0,0,0,0,0,1.10739386081696,1.25214648246765,0,0,0,0,0,0,0,0,0,0,0,0,0,0,0,0,0,0,1.08313775062561,1.71098601818085,1.58330810070038,0,0,0,0,0,0,0,0,0,0,0,0,0,0,0,0,0,0,0,0,0,0,0,0,0,0,0,0,0,0,0,0,0,0,0,0,0,0,0,0,0,0,0,330
Dahme-Spreewald,0,0,0,0,0,0,0,0,0,0,0,0,0,0,0,0,0,0,0,0,0,0,0,0,0,0,0,0,0,0,0,0,0,0,0,0,0,0,0,0,0,0,0,0,0,0,0,0,0,0,0,0,0,0,0,0,0,0,0,0,0,0,0,0,0,0,0,0,0,0,0,0,0,0,0,0,0,0,0,0,0,0,0,0,0,0,0,0,0,0,0,0,0,0,0,0,0,0,0,0,0,0,0,0,0,0,0,0,0,0,0,0,0,0,0,0,0,0,0,0,0,0,0,0,0,0,0,0,0,0,0,0,0,0,0,0,0,0,0,0,0,0,0,0,0,0,0,0,0.0523835644125938,0.0869152843952179,0.0959577932953835,0,0,0,0,0,0,0,0,0,0,0,0,0,0,0,0,0,0,0,0,0,0.142239198088646,0.272230327129364,0.188441023230553,0.261910229921341,0,0,0.151898443698883,0,0.206424906849861,0.382145315408707,0,0,0.114055566489697,0.523677289485931,0.669251680374146,0.777323782444,0.939808547496796,0.880257427692413,1.03083777427673,0.859075844287872,0.720584213733673,0.656785905361176,0.821151196956635,1.11732399463654,1.25733602046967,1.3070330619812,1.01113188266754,1.39903724193573,1.63747191429138,1.03474736213684,1.24675297737122,1.53862106800079,1.74908912181854,1.5354642868042,1.3599066734314,1.38619363307953,1.49962759017944,1.71928477287292,2.12863063812256,2.42899703979492,1.56594491004944,1.27262139320374,1.83019948005676,2.49057340621948,2.01020216941833,1.24884736537933,0,1.03478634357452,1.39121115207672,1.56312322616577,0,0,0,0.979079127311707,1.55412828922272,1.39852237701416,1.48573565483093,1.33391761779785,0.895605623722076,1.02214527130127,1.295618891716,1.83735656738281,1.85933947563171,2.28136110305786,2.00490617752075,1.88039374351501,2.37399697303772,2.51534533500671,2.607661485672,2.43877863883972,2.31734657287598,2.53659224510193,2.70110154151917,2.4707498550415,1.98369574546814,1.78250253200531,1.75019872188568,1.8620707988739,2.00495052337646,2.23669958114624,2.60187339782715,2.32089710235596,2.38217163085938,2.70777225494385,2.93570852279663,2.89839005470276,2.32719802856445,1.90279507637024,1.08289468288422,1.78400635719299,1.95303189754486,2.45143723487854,2.78679442405701,2.22202181816101,2.23780608177185,1.85825455188751,2.10496401786804,2.55671691894531,2.89614272117615,3.34325432777405,3.25254511833191,3.45900321006775,3.53305435180664,3.23516368865967,3.24884700775146,3.60596060752869,3.28354716300964,1.51709520816803,0.890508592128754,2.44944596290588,1.81713235378265,0,0,0,0,0,0.731482863426208,1.82878506183624,1.74589908123016,0,1.32704865932465,0,0,0,0,0,0,0.596406161785126,0.674365222454071,0.379583388566971,0,0,0.384312123060226,0,0.49260213971138,0,0,0,0,0,0,0,0,0,0,0,0,1.08168578147888,1.62287592887878,1.42106902599335,0,0,0,0,0,0,0,0,0,0,0,0,0,0,0,0,0,0,0,0,0,0,0,0,0,0,0,0,0,0,0,0,0,0,0,0,0,0,0,0,0,0,0,331
Elbe-Elster,0,0,0,0,0,0,0,0,0,0,0,0,0,0,0,0,0,0,0,0,0,0,0,0,0,0,0,0,0,0,0,0,0,0,0,0,0,0,0,0,0,0,0,0,0,0,0,0,0,0,0,0,0,0,0,0,0,0,0,0,0,0,0,0,0,0,0,0,0,0,0,0,0,0,0,0,0,0,0,0,0,0,0,0,0,0,0,0,0,0,0,0,0,0,0,0,0,0,0,0,0,0,0,0,0,0,0,0,0,0,0,0,0,0,0,0,0,0,0,0,0,0,0,0,0,0,0,0,0,0,0,0,0,0,0,0,0,0,0,0,0,0,0,0,0,0,0,0,0.0466123893857002,0.0833081230521202,0.0656845793128014,0,0,0,0,0,0,0,0,0,0,0,0,0,0,0,0,0,0,0,0,0,0,0.244214758276939,0.110065154731274,0.193258136510849,0,0,0.029744915664196,0,0.198515504598618,0.323163956403732,0,0,0,0.431090831756592,0.560690999031067,0.672115862369537,0.779620945453644,0.753688097000122,0.860560774803162,0.690328657627106,0.592725813388824,0.516743421554565,0.718219697475433,1.02481329441071,1.05064308643341,1.10408854484558,0.847210347652435,1.22824716567993,1.44041574001312,0.851220428943634,1.07344710826874,1.31501805782318,1.53289914131165,1.32760560512543,1.17632663249969,1.2795262336731,1.36457335948944,1.52141129970551,1.87895810604095,2.18987631797791,1.50329732894897,1.04742825031281,1.58917450904846,2.19488549232483,1.87811553478241,1.19767332077026,0.108918309211731,0.895098626613617,1.39276993274689,1.71120655536652,0.0854564160108566,0,0,0.789123177528381,1.34522116184235,1.25743079185486,1.05230724811554,1.07712268829346,0.776815474033356,0.750620782375336,1.0848171710968,1.6354775428772,1.61868560314178,2.06573605537415,1.79936301708221,1.85221517086029,2.17861890792847,2.31250262260437,2.43594121932983,2.21712136268616,2.1124312877655,2.20197749137878,2.31990003585815,2.24706244468689,1.735027551651,1.64071953296661,1.64202392101288,1.57464230060577,1.77626872062683,1.95428621768951,2.41136598587036,2.0242338180542,2.17611074447632,2.58660960197449,2.47467923164368,2.57909059524536,1.89595329761505,1.73476600646973,0.860719680786133,1.46007096767426,1.6926361322403,2.14867115020752,2.70825457572937,2.02121210098267,1.94509363174438,1.53399288654327,1.7308657169342,2.10636639595032,2.50552368164063,2.97693943977356,2.83820843696594,2.9500629901886,3.02689790725708,2.78473925590515,2.82698178291321,3.09582448005676,2.80327272415161,1.17167484760284,0.89445972442627,2.14959335327148,1.49395036697388,0,0,0,0,0,0,1.44443929195404,1.71929657459259,0,1.23647391796112,0,0,0,0,0,0,0.1242750659585,0,0.860838055610657,0,0.128458216786385,0.802046418190002,0,1.04187047481537,0,0,0,0,0,0,0,0,0,0,0,0,1.07101333141327,1.50870776176453,1.24021637439728,0.097865417599678,0,0,0,0,0,0,0,0,0,0,0,0,0,0,0,0,0,0,0,0,0,0,0,0,0,0,0,0,0,0,0,0,0,0,0,0,0,0,0,0,0,0,332
Havelland,0,0,0,0,0,0,0,0,0,0,0,0,0,0,0,0,0,0,0,0,0,0,0,0,0,0,0,0,0,0,0,0,0,0,0,0,0,0,0,0,0,0,0,0,0,0,0,0,0,0,0,0,0,0,0,0,0,0,0,0,0,0,0,0,0,0,0,0,0,0,0,0,0,0,0,0,0,0,0,0,0,0,0,0,0,0,0,0,0,0,0,0,0,0,0,0,0,0,0,0,0,0,0,0,0,0,0,0,0,0,0,0,0,0,0,0,0,0,0,0,0,0,0,0,0,0,0,0,0,0,0,0,0,0,0,0,0,0,0,0,0,0,0,0,0,0,0,0,0.0752378553152084,0.096356637775898,0.0961854085326195,0,0,0,0,0,0,0,0,0,0,0,0,0,0,0,0,0,0,0,0,0,0.274994850158691,0.354500830173492,0.318424075841904,0.318742513656616,0,0,0.352529942989349,0,0.272131562232971,0.440582036972046,0,0,0.269543766975403,0.647761285305023,0.805423438549042,0.984676599502563,1.10431313514709,1.01944136619568,1.26896965503693,0.971012055873871,0.88524979352951,0.756556749343872,0.94004237651825,1.2128632068634,1.39609825611115,1.3075098991394,1.20493674278259,1.56087005138397,1.77197241783142,1.12363398075104,1.52771544456482,1.84852421283722,2.05008459091187,1.64227867126465,1.42928338050842,1.48046231269836,1.74358975887299,1.97901010513306,2.3844006061554,2.55949306488037,1.46510589122772,1.29944789409637,2.12621831893921,2.75957989692688,2.07012939453125,1.21917796134949,0,1.17222464084625,1.51489102840424,1.32502603530884,0,0,0,1.0979984998703,1.7462831735611,1.64680862426758,1.90695440769196,1.30963528156281,0.773778080940247,1.29553997516632,1.40697264671326,2.07164907455444,2.14083957672119,2.38233160972595,2.20414805412292,1.88874900341034,2.63333010673523,2.84679961204529,2.94931054115295,2.69672107696533,2.59333205223083,2.84169244766235,2.87407922744751,2.53106236457825,2.0838520526886,2.05229735374451,1.95538222789764,2.2596287727356,2.15404963493347,2.43738698959351,2.71355509757996,2.53704833984375,2.4578230381012,2.84197783470154,3.32005596160889,3.1162576675415,2.67781186103821,1.74462258815765,1.41487991809845,1.7698472738266,2.04815101623535,2.77348852157593,2.75656342506409,2.27010297775269,2.28057408332825,1.95144009590149,2.47220063209534,3.03590393066406,3.20787739753723,3.72396469116211,3.71888375282288,3.72926068305969,3.75986838340759,3.398277759552,3.43069767951965,3.96667313575745,3.26166868209839,1.21149301528931,0,2.61619138717651,1.64018583297729,0,0,0,0,0,1.31886947154999,2.23433303833008,1.86530661582947,0,1.34616029262543,0,0,0,0,0,0,1.17800736427307,1.2446426153183,1.0759334564209,0,0,0,0,0,0,0,0,0,0,0,0,0,0,0,0,0,0.878148436546326,1.55856072902679,1.46922838687897,0.733244657516479,0,0,0,0,0,0,0,0,0,0,0,0,0,0,0,0,0,0,0,0,0,0,0,0,0,0,0,0,0,0,0,0,0,0,0,0,0,0,0,0,0,0,333
Märkisch-Oderland,0,0,0,0,0,0,0,0,0,0,0,0,0,0,0,0,0,0,0,0,0,0,0,0,0,0,0,0,0,0,0,0,0,0,0,0,0,0,0,0,0,0,0,0,0,0,0,0,0,0,0,0,0,0,0,0,0,0,0,0,0,0,0,0,0,0,0,0,0,0,0,0,0,0,0,0,0,0,0,0,0,0,0,0,0,0,0,0,0,0,0,0,0,0,0,0,0,0,0,0,0,0,0,0,0,0,0,0,0,0,0,0,0,0,0,0,0,0,0,0,0,0,0,0,0,0,0,0,0,0,0,0,0,0,0,0,0,0,0,0,0,0,0,0,0,0,0,0,0.0584948025643826,0.0877625569701195,0.109874293208122,0,0,0,0,0,0,0,0,0,0,0,0,0,0,0,0,0,0,0,0,0,0.264106601476669,0.289279937744141,0.260372191667557,0.311835825443268,0,0,0.282041698694229,0,0.20965813100338,0.420512795448303,0,0,0.211775854229927,0.598844170570374,0.755528688430786,0.862498223781586,1.06571674346924,0.97860312461853,1.17111134529114,0.982819080352783,0.820115625858307,0.762153267860413,0.8995081782341,1.17208766937256,1.40743660926819,1.43624448776245,1.14509403705597,1.52933549880981,1.78036761283875,1.17389702796936,1.3950423002243,1.72226917743683,1.918585896492,1.69155621528625,1.4908881187439,1.45512223243713,1.60563147068024,1.87712824344635,2.32038497924805,2.5973174571991,1.58923745155334,1.44206631183624,2.0252525806427,2.72720718383789,2.09579920768738,1.27365291118622,0,1.15170788764954,1.39029598236084,1.41626036167145,0,0,0,1.13292491436005,1.71095728874207,1.5096230506897,1.86311626434326,1.48743617534637,0.993172943592072,1.23575758934021,1.46452605724335,1.99823212623596,2.04932188987732,2.4430239200592,2.17072677612305,1.888467669487,2.52394533157349,2.6818106174469,2.74253058433533,2.61551809310913,2.476637840271,2.80255198478699,2.98600745201111,2.63747310638428,2.15473890304565,1.90236604213715,1.84455919265747,2.08954954147339,2.19697070121765,2.47297024726868,2.73542499542236,2.54757928848267,2.53915739059448,2.79208493232727,3.31084132194519,3.14851427078247,2.68707942962646,1.99815106391907,1.29239702224731,2.0271315574646,2.16438341140747,2.69235706329346,2.80837321281433,2.39433789253235,2.43691802024841,2.11909222602844,2.43084239959717,2.94306516647339,3.20699024200439,3.63598322868347,3.59161901473999,3.86229562759399,3.9199435710907,3.57579493522644,3.57246112823486,4.01429462432861,3.63514637947083,1.78104591369629,0.913614451885223,2.67735719680786,2.07419347763062,0,0,0,0,0,1.35820126533508,2.18984317779541,1.75998020172119,0,1.44210290908813,0,0,0,0,0,0,1.10739374160767,1.25214648246765,0,0,0,0,0,0,0,0,0,0,0,0,0,0,0,0,0,0,1.08313775062561,1.71098601818085,1.58330798149109,0,0,0,0,0,0,0,0,0,0,0,0,0,0,0,0,0,0,0,0,0,0,0,0,0,0,0,0,0,0,0,0,0,0,0,0,0,0,0,0,0,0,0,334
Oberhavel,0,0,0,0,0,0,0,0,0,0,0,0,0,0,0,0,0,0,0,0,0,0,0,0,0,0,0,0,0,0,0,0,0,0,0,0,0,0,0,0,0,0,0,0,0,0,0,0,0,0,0,0,0,0,0,0,0,0,0,0,0,0,0,0,0,0,0,0,0,0,0,0,0,0,0,0,0,0,0,0,0,0,0,0,0,0,0,0,0,0,0,0,0,0,0,0,0,0,0,0,0,0,0,0,0,0,0,0,0,0,0,0,0,0,0,0,0,0,0,0,0,0,0,0,0,0,0,0,0,0,0,0,0,0,0,0,0,0,0,0,0,0,0,0,0,0,0,0,0.068911649286747,0.0931094363331795,0.101357623934746,0,0,0,0,0,0,0,0,0,0,0,0,0,0,0,0,0,0,0,0,0,0.270880818367004,0.329857736825943,0.296489715576172,0.31613290309906,0,0,0.325896590948105,0,0.248526573181152,0.432999044656754,0,0,0.247716695070267,0.629278421401978,0.786571145057678,0.938512623310089,1.08972978591919,1.00401091575623,1.23199474811554,0.97547322511673,0.860639452934265,0.758671283721924,0.924726843833923,1.19745647907257,1.40038228034973,1.3561509847641,1.18232572078705,1.54895508289337,1.77514445781708,1.14262533187866,1.47758615016937,1.8008199930191,2.00039911270142,1.66089761257172,1.45256006717682,1.47088778018951,1.69146347045898,1.94051492214203,2.36021280288696,2.57378458976746,1.51200783252716,1.35333490371704,2.08806920051575,2.74734807014465,2.07982850074768,1.23976075649261,0,1.16447257995605,1.46781396865845,1.35949790477753,0,0,0,1.11119508743286,1.73293566703796,1.59497427940369,1.89039051532745,1.37681555747986,0.856674313545227,1.27295172214508,1.42871868610382,2.04390907287598,2.10626029968262,2.40526366233826,2.19152021408081,1.88864266872406,2.59200000762939,2.78445982933044,2.87118053436279,2.66603922843933,2.54924011230469,2.82690358161926,2.91637015342712,2.5712685585022,2.11063599586487,1.99564719200134,1.91350877285004,2.19536590576172,2.17026686668396,2.45083165168762,2.72181820869446,2.54102730751038,2.48855447769165,2.82312631607056,3.31657409667969,3.12844514846802,2.68131351470947,1.84041583538055,1.3686009645462,1.8670597076416,2.09206819534302,2.74283361434937,2.7761390209198,2.31704378128052,2.33964705467224,2.01478576660156,2.4565737247467,3.00082564353943,3.20754194259644,3.69072127342224,3.67079782485962,3.77952671051025,3.82035112380981,3.46535086631775,3.48426151275635,3.98466634750366,3.40278363227844,1.42669320106506,0.345200508832932,2.63930225372314,1.80417144298553,0,0,0,0,0,1.33373045921326,2.21752309799194,1.82550990581512,0,1.38241124153137,0,0,0,0,0,0,1.15132665634155,1.24747776985168,0.669402122497559,0,0,0,0,0,0,0,0,0,0,0,0,0,0,0,0,0,0.955601692199707,1.61615312099457,1.51233232021332,0.456195056438446,0,0,0,0,0,0,0,0,0,0,0,0,0,0,0,0,0,0,0,0,0,0,0,0,0,0,0,0,0,0,0,0,0,0,0,0,0,0,0,0,0,0,335
Oberspreewald-Lausitz,0,0,0,0,0,0,0,0,0,0,0,0,0,0,0,0,0,0,0,0,0,0,0,0,0,0,0,0,0,0,0,0,0,0,0,0,0,0,0,0,0,0,0,0,0,0,0,0,0,0,0,0,0,0,0,0,0,0,0,0,0,0,0,0,0,0,0,0,0,0,0,0,0,0,0,0,0,0,0,0,0,0,0,0,0,0,0,0,0,0,0,0,0,0,0,0,0,0,0,0,0,0,0,0,0,0,0,0,0,0,0,0,0,0,0,0,0,0,0,0,0,0,0,0,0,0,0,0,0,0,0,0,0,0,0,0,0,0,0,0,0,0,0,0,0,0,0,0,0.0452507510781288,0.0859263688325882,0.0797149613499641,0,0,0,0,0,0,0,0,0,0,0,0,0,0,0,0,0,0,0,0,0,0,0.25233057141304,0.104485556483269,0.203638926148415,0,0,0,0,0.20265120267868,0.337364196777344,0,0,0,0.435945183038712,0.568552315235138,0.677911341190338,0.792852997779846,0.765471875667572,0.867115259170532,0.714647173881531,0.604414701461792,0.533804833889008,0.729695677757263,1.05340611934662,1.08214402198792,1.15622198581696,0.854775965213776,1.24695777893066,1.4706894159317,0.872336864471436,1.07367491722107,1.32427358627319,1.55125844478607,1.35327935218811,1.20702981948853,1.30574262142181,1.37590348720551,1.53505539894104,1.9048216342926,2.23253965377808,1.53875839710236,1.07485151290894,1.60254061222076,2.21438336372375,1.91029632091522,1.21989524364471,0,0.898319661617279,1.39227938652039,1.73453617095947,0,0,0,0.799515783786774,1.37108314037323,1.26884973049164,1.04527032375336,1.15473616123199,0.781728506088257,0.772824585437775,1.09847640991211,1.64958834648132,1.63759899139404,2.09267377853394,1.8113659620285,1.87096977233887,2.19898247718811,2.32105278968811,2.45024728775024,2.23249483108521,2.13142776489258,2.22617292404175,2.36856961250305,2.27615642547607,1.78406012058258,1.64260196685791,1.64006459712982,1.59656596183777,1.78083145618439,1.96093249320984,2.4459969997406,2.05632162094116,2.19894313812256,2.60936522483826,2.49786686897278,2.60645437240601,1.90715706348419,1.79149889945984,0.838371336460114,1.50023949146271,1.70635008811951,2.1702446937561,2.7616081237793,2.02090072631836,2.00540971755981,1.55381417274475,1.72461044788361,2.10578584671021,2.53333210945129,3.00159192085266,2.85679054260254,2.98829460144043,3.08149075508118,2.83759117126465,2.8711359500885,3.12936782836914,2.87317299842834,1.20902168750763,0.86354011297226,2.18343615531921,1.51709973812103,0,0,0,0,0,0,1.40737092494965,1.72946405410767,0,1.19276142120361,0,0,0,0,0,0,0,0,0.822619259357452,0,0,0.832867205142975,0,1.06754946708679,0,0,0,0,0,0,0,0,0,0,0,0,1.07999122142792,1.52003693580627,1.23170948028564,0,0,0,0,0,0,0,0,0,0,0,0,0,0,0,0,0,0,0,0,0,0,0,0,0,0,0,0,0,0,0,0,0,0,0,0,0,0,0,0,0,0,0,336
Oder-Spree,0,0,0,0,0,0,0,0,0,0,0,0,0,0,0,0,0,0,0,0,0,0,0,0,0,0,0,0,0,0,0,0,0,0,0,0,0,0,0,0,0,0,0,0,0,0,0,0,0,0,0,0,0,0,0,0,0,0,0,0,0,0,0,0,0,0,0,0,0,0,0,0,0,0,0,0,0,0,0,0,0,0,0,0,0,0,0,0,0,0,0,0,0,0,0,0,0,0,0,0,0,0,0,0,0,0,0,0,0,0,0,0,0,0,0,0,0,0,0,0,0,0,0,0,0,0,0,0,0,0,0,0,0,0,0,0,0,0,0,0,0,0,0,0,0,0,0,0,0.0584777183830738,0.0877369269728661,0.109842211008072,0,0,0,0,0,0,0,0,0,0,0,0,0,0,0,0,0,0,0,0,0,0.264029443264008,0.289195448160172,0.260296136140823,0.311744749546051,0,0,0.28195932507515,0,0.209596902132034,0.420389980077744,0,0,0.211713999509811,0.598669290542603,0.755308032035828,0.862246334552765,1.06540548801422,0.978317320346832,1.17076933383942,0.982532024383545,0.819876134395599,0.761930704116821,0.89924544095993,1.17174530029297,1.40702545642853,1.43582499027252,1.14475965499878,1.52888882160187,1.77984762191772,1.17355418205261,1.39463484287262,1.72176611423492,1.91802561283112,1.69106221199036,1.49045264720917,1.45469725131989,1.60516250133514,1.876580119133,2.31970739364624,2.5965588092804,1.58877336978912,1.44164514541626,2.02466082572937,2.72641062736511,2.09518718719482,1.27328097820282,0,1.15137159824371,1.38988983631134,1.41584670543671,0,0,0,1.13259410858154,1.71045756340027,1.50918221473694,1.86257219314575,1.48700165748596,0.99288284778595,1.23539662361145,1.46409833431244,1.99764859676361,2.0487232208252,2.44231057167053,2.17009282112122,1.88791608810425,2.5232081413269,2.68102741241455,2.74172925949097,2.61475419998169,2.475914478302,2.80173373222351,2.98513531684875,2.6367027759552,2.15410995483398,1.90181040763855,1.84402048587799,2.08893918991089,2.19632911682129,2.47224831581116,2.73462581634521,2.54683542251587,2.53841590881348,2.79126954078674,3.30987429618835,3.1475944519043,2.68629479408264,1.99756741523743,1.2920196056366,2.02653932571411,2.16375136375427,2.69157075881958,2.80755281448364,2.39363861083984,2.43620634078979,2.11847329139709,2.4301323890686,2.94220566749573,3.20605373382568,3.63492107391357,3.59057021141052,3.86116766929626,3.91879892349243,3.5747504234314,3.57141780853271,4.01312208175659,3.63408470153809,1.78052568435669,0.913347601890564,2.67657518386841,2.0735878944397,0,0,0,0,0,1.35780465602875,2.18920350074768,1.75946629047394,0,1.44168174266815,0,0,0,0,0,0,1.10707032680511,1.2517808675766,0,0,0,0,0,0,0,0,0,0,0,0,0,0,0,0,0,0,1.08282148838043,1.71048629283905,1.58284556865692,0,0,0,0,0,0,0,0,0,0,0,0,0,0,0,0,0,0,0,0,0,0,0,0,0,0,0,0,0,0,0,0,0,0,0,0,0,0,0,0,0,0,0,337
Ostprignitz-Ruppin,0,0,0,0,0,0,0,0,0,0,0,0,0,0,0,0,0,0,0,0,0,0,0,0,0,0,0,0,0,0,0,0,0,0,0,0,0,0,0,0,0,0,0,0,0,0,0,0,0,0,0,0,0,0,0,0,0,0,0,0,0,0,0,0,0,0,0,0,0,0,0,0,0,0,0,0,0,0,0,0,0,0,0,0,0,0,0,0,0,0,0,0,0,0,0,0,0,0,0,0,0,0,0,0,0,0,0,0,0,0,0,0,0,0,0,0,0,0,0,0,0,0,0,0,0,0,0,0,0,0,0,0,0,0,0,0,0,0,0,0,0,0,0,0,0,0,0,0,0.075237862765789,0.0963566303253174,0.0961854159832001,0,0,0,0,0,0,0,0,0,0,0,0,0,0,0,0,0,0,0,0,0,0.274994850158691,0.354500830173492,0.318424075841904,0.318742543458939,0,0,0.352529913187027,0,0.272131592035294,0.440582066774368,0,0,0.26954373717308,0.647761285305023,0.805423438549042,0.984676599502563,1.10431301593781,1.01944136619568,1.26896977424622,0.971012055873871,0.88524979352951,0.756556749343872,0.940042316913605,1.2128632068634,1.39609825611115,1.3075098991394,1.20493686199188,1.56087005138397,1.77197241783142,1.12363398075104,1.52771544456482,1.84852433204651,2.05008459091187,1.64227855205536,1.42928338050842,1.48046231269836,1.74358975887299,1.97901010513306,2.3844006061554,2.55949306488037,1.46510589122772,1.29944789409637,2.12621831893921,2.75957989692688,2.07012939453125,1.2191778421402,0,1.17222464084625,1.51489102840424,1.32502603530884,0,0,0,1.0979984998703,1.74628329277039,1.64680850505829,1.90695428848267,1.30963540077209,0.773778080940247,1.29554009437561,1.40697264671326,2.07164907455444,2.14083957672119,2.38233160972595,2.20414805412292,1.88874900341034,2.63332986831665,2.84679937362671,2.94931054115295,2.69672107696533,2.59333205223083,2.84169244766235,2.87407946586609,2.53106236457825,2.0838520526886,2.05229735374451,1.95538234710693,2.25962901115417,2.15404963493347,2.43738698959351,2.71355485916138,2.53704833984375,2.4578230381012,2.84197807312012,3.32005596160889,3.1162576675415,2.67781186103821,1.74462258815765,1.41488003730774,1.7698472738266,2.04815101623535,2.77348852157593,2.75656342506409,2.27010297775269,2.28057408332825,1.95144009590149,2.47220063209534,3.03590393066406,3.20787715911865,3.72396445274353,3.71888399124146,3.72926092147827,3.75986814498901,3.39827752113342,3.43069767951965,3.96667313575745,3.26166868209839,1.21149301528931,0,2.61619138717651,1.64018571376801,0,0,0,0,0,1.31886947154999,2.23433303833008,1.86530661582947,0,1.34616029262543,0,0,0,0,0,0,1.17800724506378,1.24464249610901,1.07593333721161,0,0,0,0,0,0,0,0,0,0,0,0,0,0,0,0,0,0.878148436546326,1.55856072902679,1.46922850608826,0.733244657516479,0,0,0,0,0,0,0,0,0,0,0,0,0,0,0,0,0,0,0,0,0,0,0,0,0,0,0,0,0,0,0,0,0,0,0,0,0,0,0,0,0,0,338
Potsdam-Mittelmark,0,0,0,0,0,0,0,0,0,0,0,0,0,0,0,0,0,0,0,0,0,0,0,0,0,0,0,0,0,0,0,0,0,0,0,0,0,0,0,0,0,0,0,0,0,0,0,0,0,0,0,0,0,0,0,0,0,0,0,0,0,0,0,0,0,0,0,0,0,0,0,0,0,0,0,0,0,0,0,0,0,0,0,0,0,0,0,0,0,0,0,0,0,0,0,0,0,0,0,0,0,0,0,0,0,0,0,0,0,0,0,0,0,0,0,0,0,0,0,0,0,0,0,0,0,0,0,0,0,0,0,0,0,0,0,0,0,0,0,0,0,0,0,0,0,0,0,0,0.0749129429459572,0.0960653722286224,0.09542565792799,0,0,0,0,0,0,0,0,0,0,0,0,0,0,0,0,0,0,0,0,0,0.272447943687439,0.352682858705521,0.316355407238007,0.317130118608475,0,0,0.350356489419937,0,0.270829975605011,0.438783019781113,0,0,0.266694486141205,0.645248651504517,0.802525639533997,0.980715930461884,1.10055756568909,1.01625823974609,1.26430010795593,0.967563450336456,0.881648778915405,0.753732621669769,0.937268376350403,1.20967173576355,1.39176404476166,1.30446255207062,1.20096385478973,1.5568665266037,1.76779222488403,1.12068200111389,1.52263939380646,1.84240698814392,2.04369211196899,1.63874924182892,1.42618846893311,1.47737073898315,1.73868274688721,1.97357165813446,2.37830424308777,2.55467200279236,1.46488988399506,1.29710602760315,2.12008619308472,2.75345635414124,2.06724953651428,1.21846055984497,0.00554786855354905,1.16945123672485,1.51288342475891,1.3281923532486,0.0043528126552701,0,0,1.09505486488342,1.7413375377655,1.64181077480316,1.89925920963287,1.30562543869019,0.775242745876312,1.28927505016327,1.40394246578217,2.0665967464447,2.13467907905579,2.37881731987,2.19976496696472,1.88763213157654,2.62757921218872,2.84041452407837,2.9425585269928,2.6911678314209,2.58734917640686,2.83464860916138,2.86790680885315,2.52809238433838,2.07919788360596,2.04740524291992,1.95182490348816,2.25129342079163,2.15079283714294,2.43304347991943,2.70955610275269,2.53118324279785,2.45494866371155,2.83835959434509,3.31143474578857,3.11053490638733,2.67040157318115,1.74405241012573,1.40993225574493,1.76731181144714,2.04525899887085,2.76637363433838,2.75427913665771,2.26881527900696,2.27620625495911,1.94812190532684,2.46550703048706,3.02689957618713,3.20040655136108,3.71557331085205,3.70925498008728,3.72166705131531,3.75220513343811,3.39188885688782,3.42449426651001,3.95781469345093,3.25742340087891,1.21383547782898,0.016161160543561,2.61104583740234,1.64115452766418,0,0,0,0,0,1.30734026432037,2.22847414016724,1.86278176307678,0,1.3477303981781,0,0,0,0,0,0,1.17324733734131,1.23354041576385,1.06754851341248,0,0.00654315436258912,0.00589684071019292,0,0.00826269388198853,0,0,0,0,0,0,0,0,0,0,0,0,0.881036341190338,1.55878019332886,1.46838700771332,0.726162612438202,0,0,0,0,0,0,0,0,0,0,0,0,0,0,0,0,0,0,0,0,0,0,0,0,0,0,0,0,0,0,0,0,0,0,0,0,0,0,0,0,0,0,339
Prignitz,0,0,0,0,0,0,0,0,0,0,0,0,0,0,0,0,0,0,0,0,0,0,0,0,0,0,0,0,0,0,0,0,0,0,0,0,0,0,0,0,0,0,0,0,0,0,0,0,0,0,0,0,0,0,0,0,0,0,0,0,0,0,0,0,0,0,0,0,0,0,0,0,0,0,0,0,0,0,0,0,0,0,0,0,0,0,0,0,0,0,0,0,0,0,0,0,0,0,0,0,0,0,0,0,0,0,0,0,0,0,0,0,0,0,0,0,0,0,0,0,0,0,0,0,0,0,0,0,0,0,0,0,0,0,0,0,0,0,0,0,0,0,0,0,0,0,0,0,0.0706751421093941,0.088822990655899,0.0762877836823463,0,0,0,0,0,0,0,0,0,0,0,0,0,0,0,0,0,0,0,0,0,0.248983964323997,0.324387550354004,0.29194238781929,0.283482134342194,0,0,0.32044917345047,0,0.24662047624588,0.401648581027985,0,0,0.213783919811249,0.602759718894958,0.741545736789703,0.916946172714233,1.00738906860352,0.935064435005188,1.17423224449158,0.883236229419708,0.81660670042038,0.685521423816681,0.860218346118927,1.12997782230377,1.27345192432404,1.17704021930695,1.11145663261414,1.44815039634705,1.62163305282593,1.02534341812134,1.41365361213684,1.72406077384949,1.90073370933533,1.51486241817474,1.31489825248718,1.35813736915588,1.63060283660889,1.85428905487061,2.22540783882141,2.36837792396545,1.33090579509735,1.21400427818298,1.98164248466492,2.5640869140625,1.91705024242401,1.11905455589294,0,1.06499755382538,1.4217973947525,1.21462166309357,0,0,0,0.989433884620667,1.61684834957123,1.53606808185577,1.74062955379486,1.15389609336853,0.613708555698395,1.16864621639252,1.30472660064697,1.9330712556839,2.0092921257019,2.20931887626648,2.0473268032074,1.77938604354858,2.47754669189453,2.69454789161682,2.79867172241211,2.54107761383057,2.43889737129211,2.65469288825989,2.64107251167297,2.36928915977478,1.97488284111023,1.93729269504547,1.85335195064545,2.10996031761169,2.00327372550964,2.28305673599243,2.53402733802795,2.37354683876038,2.2940731048584,2.6505012512207,3.10407638549805,2.90730714797974,2.50507020950317,1.5462030172348,1.30379223823547,1.63661015033722,1.92632174491882,2.5976037979126,2.54960608482361,2.11646628379822,2.09126329421997,1.77841007709503,2.30789828300476,2.83080196380615,3.01423168182373,3.49890398979187,3.52427887916565,3.48899149894714,3.515221118927,3.14118337631226,3.17073106765747,3.70015072822571,2.97396111488342,0.960874557495117,0.135900735855103,2.42222285270691,1.30088460445404,0,0,0,0,0,1.04603826999664,2.10323190689087,1.76526069641113,0,1.06768345832825,0,0,0,0,0,0,1.14195168018341,0.987166464328766,1.0813764333725,0,0,0.149974077939987,0.119631841778755,0,0,0,0,0,0,0,0,0,0,0,0,0,0.795817315578461,1.46525573730469,1.36319613456726,0.74046379327774,0,0,0,0,0,0,0,0,0,0,0.0968886390328407,0,0,0,0,0,0,0,0,0,0,0,0,0,0,0,0,0,0,0,0,0,0,0,0,0,0,0,0,0,0,0,340
Spree-Neiße,0,0,0,0,0,0,0,0,0,0,0,0,0,0,0,0,0,0,0,0,0,0,0,0,0,0,0,0,0,0,0,0,0,0,0,0,0,0,0,0,0,0,0,0,0,0,0,0,0,0,0,0,0,0,0,0,0,0,0,0,0,0,0,0,0,0,0,0,0,0,0,0,0,0,0,0,0,0,0,0,0,0,0,0,0,0,0,0,0,0,0,0,0,0,0,0,0,0,0,0,0,0,0,0,0,0,0,0,0,0,0,0,0,0,0,0,0,0,0,0,0,0,0,0,0,0,0,0,0,0,0,0,0,0,0,0,0,0,0,0,0,0,0,0,0,0,0,0,0.0455944463610649,0.0858820155262947,0.0805381760001183,0,0,0,0,0,0,0,0,0,0,0,0,0,0,0,0,0,0,0,0,0,0.00806234311312437,0.253131866455078,0.109067618846893,0.2066600471735,0,0,0.00850279070436954,0.000130822925711982,0.202607050538063,0.339490383863449,0,0,0.00638446724042296,0.440306425094604,0.573497533798218,0.682641744613647,0.800096452236176,0.770951211452484,0.875180065631866,0.72187477350235,0.610130369663239,0.540054261684418,0.733897984027863,1.05571258068085,1.09069359302521,1.16331338882446,0.862449049949646,1.25389695167542,1.47815203666687,0.880410611629486,1.08202004432678,1.33457732200623,1.56041765213013,1.36186504364014,1.21414589881897,1.30864644050598,1.38109409809113,1.54346036911011,1.91499578952789,2.24080634117126,1.53846061229706,1.08467864990234,1.61333382129669,2.22713017463684,1.9136209487915,1.22009742259979,0.000386320403777063,0.904892325401306,1.39047455787659,1.72285711765289,0.000577364582568407,0,0,0.808658480644226,1.37973368167877,1.27450180053711,1.06856775283813,1.16343438625336,0.787310779094696,0.785824596881866,1.10825860500336,1.65808606147766,1.64809572696686,2.1007285118103,1.82003223896027,1.86926579475403,2.20615673065186,2.32910943031311,2.45608139038086,2.24133038520813,2.13921928405762,2.24083185195923,2.38432908058167,2.28434705734253,1.79320752620697,1.64850246906281,1.64426827430725,1.60953986644745,1.79129731655121,1.97405123710632,2.45184683799744,2.06881237030029,2.20659565925598,2.61178088188171,2.51939535140991,2.61966347694397,1.92822670936584,1.79567885398865,0.851359248161316,1.51451647281647,1.71807551383972,2.18340969085693,2.75988292694092,2.02970790863037,2.01602602005005,1.56907975673676,1.74381113052368,2.12848281860352,2.55059814453125,3.01705932617188,2.87550473213196,3.01114344596863,3.10321402549744,2.85658478736877,2.88896059989929,3.15234351158142,2.89291834831238,1.22500503063202,0.864210546016693,2.19576263427734,1.53224730491638,0,0,0,0,0,0.040946077555418,1.42917096614838,1.7284129858017,0,1.1989837884903,0,0,0,0,0,0,0.0340429842472076,0.0377488173544407,0.796747624874115,0,0,0.806895077228546,0,1.03413164615631,0,0,0,0,0,0,0,0,0,0,0,0,1.07879912853241,1.52396821975708,1.24092781543732,0.000649720255751163,0,0,0.000414644338889048,0,0,0.000498914101626724,0,0,0,0,0,0,0,0,0,0,0,0,0,0,0,0,0,0,0,0,0,0,0,0,0,0,0,0,0,0,0,0,0,0,0,0,341
Teltow-Fläming,0,0,0,0,0,0,0,0,0,0,0,0,0,0,0,0,0,0,0,0,0,0,0,0,0,0,0,0,0,0,0,0,0,0,0,0,0,0,0,0,0,0,0,0,0,0,0,0,0,0,0,0,0,0,0,0,0,0,0,0,0,0,0,0,0,0,0,0,0,0,0,0,0,0,0,0,0,0,0,0,0,0,0,0,0,0,0,0,0,0,0,0,0,0,0,0,0,0,0,0,0,0,0,0,0,0,0,0,0,0,0,0,0,0,0,0,0,0,0,0,0,0,0,0,0,0,0,0,0,0,0,0,0,0,0,0,0,0,0,0,0,0,0,0,0,0,0,0,0.0595016777515411,0.0869609266519547,0.0833489969372749,0,0,0,0,0,0,0,0,0,0,0,0,0,0,0,0,0,0,0,0,0,0.176823392510414,0.286015540361404,0.227139130234718,0.267283201217651,0,0,0.230901762843132,0,0.219514131546021,0.384407043457031,0,0,0.154345393180847,0.551410377025604,0.697404682636261,0.825575649738312,0.970533430576324,0.905679702758789,1.0865478515625,0.866265654563904,0.752624154090881,0.667358458042145,0.841559767723083,1.11610376834869,1.26500380039215,1.26045989990234,1.05454206466675,1.42412674427032,1.64512741565704,1.03901445865631,1.31921255588531,1.61046886444092,1.81032502651215,1.54026794433594,1.35043728351593,1.3868727684021,1.55233180522919,1.77417492866516,2.17158055305481,2.42450451850891,1.50804769992828,1.2554167509079,1.89481556415558,2.54290628433228,1.99675333499908,1.22119975090027,0.0988544747233391,1.06762254238129,1.42332589626312,1.48026704788208,0.0775604248046875,0,0,1.00084125995636,1.58062016963959,1.45227777957916,1.60180938243866,1.25799477100372,0.860415935516357,1.07303535938263,1.31255102157593,1.8853245973587,1.91517806053162,2.28354740142822,2.0458345413208,1.86555027961731,2.42264986038208,2.59326958656311,2.68282079696655,2.49173331260681,2.3715500831604,2.59404611587524,2.70259761810303,2.46059131622314,1.96566557884216,1.8504638671875,1.80497741699219,1.94507968425751,2.03991627693176,2.283198595047,2.59968543052673,2.34821939468384,2.38157749176025,2.72189402580261,3.01489663124084,2.9305522441864,2.40855073928833,1.81125497817993,1.18920576572418,1.7450920343399,1.96596086025238,2.5154914855957,2.73073220252991,2.2354462146759,2.19497299194336,1.86538314819336,2.20625591278076,2.68181943893433,2.95223188400269,3.41978526115417,3.35673761367798,3.49545502662659,3.54345178604126,3.2306056022644,3.25689959526062,3.66985678672791,3.21619296073914,1.40620458126068,0.690625905990601,2.46252870559692,1.75204217433929,0,0,0,0,0,0.884923756122589,1.96802353858948,1.76731848716736,0,1.37216973304749,0,0,0,0,0,0,0.860601305961609,0.823189198970795,0.590778768062592,0,0.116588942706585,0.256070286035538,0,0.340773701667786,0,0,0,0,0,0,0,0,0,0,0,0,1.02141916751862,1.59654605388641,1.44190323352814,0.276604413986206,0,0,0,0,0,0,0,0,0,0,0,0,0,0,0,0,0,0,0,0,0,0,0,0,0,0,0,0,0,0,0,0,0,0,0,0,0,0,0,0,0,0,342
Uckermark,0,0,0,0,0,0,0,0,0,0,0,0,0,0,0,0,0,0,0,0,0,0,0,0,0,0,0,0,0,0,0,0,0,0,0,0,0,0,0,0,0,0,0,0,0,0,0,0,0,0,0,0,0,0,0,0,0,0,0,0,0,0,0,0,0,0,0,0,0,0,0,0,0,0,0,0,0,0,0,0,0,0,0,0,0,0,0,0,0,0,0,0,0,0,0,0,0,0,0,0,0,0,0,0,0,0,0,0,0,0,0,0,0,0,0,0,0,0,0,0,0,0,0,0,0,0,0,0,0,0,0,0,0,0,0,0,0,0,0,0,0,0,0,0,0,0,0,0,0.0582667961716652,0.0873834639787674,0.109386116266251,0,0,0,0,0,0,0,0,0,0,0,0,0,0,0,0,0,0,0,0,0,0.263031810522079,0.287732124328613,0.258978754281998,0.310790121555328,0,0,0.281435638666153,0,0.208543345332146,0.419220924377441,0,0,0.210647329688072,0.597444474697113,0.75367259979248,0.86040872335434,1.06364619731903,0.97609281539917,1.16909325122833,0.981102705001831,0.818155288696289,0.7608442902565,0.897504508495331,1.16890013217926,1.40476167201996,1.43281126022339,1.14333665370941,1.52655172348022,1.77683293819427,1.17179346084595,1.39241826534271,1.71969711780548,1.91588914394379,1.68898689746857,1.48809087276459,1.45117008686066,1.60179078578949,1.87360513210297,2.31692361831665,2.59287619590759,1.5854743719101,1.43997037410736,2.02207112312317,2.7227258682251,2.09178972244263,1.26989459991455,0,1.14855134487152,1.38635313510895,1.41220343112946,0,0,0.00350862951017916,1.132856965065,1.7077819108963,1.50842893123627,1.86071074008942,1.48569488525391,0.991990208625793,1.23379480838776,1.46217715740204,1.99440586566925,2.04667568206787,2.43893766403198,2.16709494590759,1.88408613204956,2.51960062980652,2.67694354057312,2.73710751533508,2.610835313797,2.47258496284485,2.79756689071655,2.9810426235199,2.63278985023499,2.15061974525452,1.89841032028198,1.84157347679138,2.08625435829163,2.19338512420654,2.46922969818115,2.73040747642517,2.54261016845703,2.53381204605103,2.78620290756226,3.30481815338135,3.1425142288208,2.68241214752197,1.9930112361908,1.28540396690369,2.02291297912598,2.16021800041199,2.68694949150085,2.80298686027527,2.38959193229675,2.43218970298767,2.11481070518494,2.42658996582031,2.93841457366943,3.20031833648682,3.62874603271484,3.58460903167725,3.85543894767761,3.91295695304871,3.5686891078949,3.56436347961426,4.0071005821228,3.62740778923035,1.77644312381744,0.908209562301636,2.6708676815033,2.06887555122375,0,0.00397582398727536,0,0,0,1.35746538639069,2.18521189689636,1.75584673881531,0,1.43419253826141,0,0,0,0,0,0,1.10138595104218,1.24531304836273,0.000496291846502572,0,0.00323531706817448,0,0,0,0,0,0,0,0,0,0,0,0,0,0,0,1.07713508605957,1.70431053638458,1.57809364795685,0.000338221056153998,0,0,0,0,0,0,0,0,0,0,0,0,0,0,0,0,0,0,0,0,0,0,0,0,0,0,0,0,0,0,0,0,0,0,0,0,0,0,0,0,0,0,343
Rostock,0,0,0,0,0,0,0,0,0,0,0,0,0,0,0,0,0,0,0,0,0,0,0,0,0,0,0,0,0,0,0,0,0,0,0,0,0,0,0,0,0,0,0,0,0,0,0,0,0,0,0,0,0,0,0,0,0,0,0,0,0,0,0,0,0,0,0,0,0,0,0,0,0,0,0,0,0,0,0,0,0,0,0,0,0,0,0,0,0,0,0,0,0,0,0,0,0,0,0,0,0,0,0,0,0,0,0,0,0,0,0,0,0,0,0,0,0,0,0,0,0,0,0,0,0,0,0,0,0,0,0,0,0,0,0,0,0,0,0,0,0,0,0,0,0,0,0,0,0.0212966557592154,0.0242025181651115,0.0236993916332722,0,0,0,0,0,0,0,0,0,0,0,0,0,0,0,0,0,0,0,0,0,0.0977811515331268,0.0942785739898682,0.0729536339640617,0.0831086337566376,0,0,0.147952765226364,0,0,0.158396899700165,0,0,0,0.328910320997238,0.380563765764236,0.4972003698349,0.623842775821686,0.499501168727875,0.741667747497559,0.606386780738831,0.402398228645325,0.459066718816757,0.47132882475853,0.577557981014252,0.792298674583435,0.776554524898529,0.762938797473907,0.953992068767548,1.00869917869568,0.717983961105347,0.894601464271545,1.18288350105286,1.31799113750458,1.05409741401672,0.843913078308105,0.659288585186005,0.850222885608673,1.13254296779633,1.55295896530151,1.58467638492584,0.75403904914856,0.86323618888855,1.30332708358765,1.71244263648987,1.19041407108307,0.510940194129944,0,0.474131286144257,0.512905180454254,0.526847243309021,0,0,0,0.907245874404907,1.01871633529663,1.09291923046112,1.32048678398132,0.851388454437256,0.442421048879623,0.824820518493652,0.98716938495636,1.26591801643372,1.350741147995,1.46727633476257,1.28202259540558,0.884404957294464,1.5992283821106,1.71386635303497,1.73493683338165,1.64857304096222,1.60628283023834,1.78260922431946,1.78705370426178,1.4966641664505,1.25373601913452,1.16879689693451,1.16788744926453,1.42652761936188,1.33782589435577,1.60740435123444,1.62453961372375,1.40764510631561,1.3476310968399,1.54680597782135,1.92091715335846,1.78239679336548,1.65935468673706,0.733280599117279,0,0.951841294765472,1.2353675365448,1.53256392478943,1.50758302211761,1.31408500671387,1.31131827831268,0.995531499385834,1.49671304225922,1.78135025501251,1.83939182758331,2.12284564971924,2.21180438995361,2.26818919181824,2.32687163352966,1.9451367855072,1.80324399471283,2.32068943977356,1.88256442546844,0.556180596351624,0,1.24795937538147,0.660856962203979,0,0,0,0,0,0.919839084148407,1.12643802165985,0.835303008556366,0,0,0,0,0,0,0,0,0,0.700271964073181,0,0,0,0.515772104263306,0,0,0,0,0,0,0,0,0,0,0,0,0,0,0,0,0.424988329410553,0,0,0,0,0,0,0,0,0,0,0,0,0,0,0,0,0,0,0,0,0,0,0,0,0,0,0,0,0,0,0,0,0,0,0,0,0,0,0,0,0,0,0,344
Schwerin,0,0,0,0,0,0,0,0,0,0,0,0,0,0,0,0,0,0,0,0,0,0,0,0,0,0,0,0,0,0,0,0,0,0,0,0,0,0,0,0,0,0,0,0,0,0,0,0,0,0,0,0,0,0,0,0,0,0,0,0,0,0,0,0,0,0,0,0,0,0,0,0,0,0,0,0,0,0,0,0,0,0,0,0,0,0,0,0,0,0,0,0,0,0,0,0,0,0,0,0,0,0,0,0,0,0,0,0,0,0,0,0,0,0,0,0,0,0,0,0,0,0,0,0,0,0,0,0,0,0,0,0,0,0,0,0,0,0,0,0,0,0,0,0,0,0,0,0,0.0218351781368256,0.0307257752865553,0,0,0,0,0,0,0,0,0,0,0,0,0,0,0,0,0,0,0,0,0,0,0.103053696453571,0,0,0,0,0,0,0,0,0,0,0,0,0.346527248620987,0.38638910651207,0.514233529567719,0.537202715873718,0.407226890325546,0.676389276981354,0.509928703308105,0.35325500369072,0.365728080272675,0.430885553359985,0.540527760982513,0.631233930587769,0.595323443412781,0.665096759796143,0.859143912792206,0.793476164340973,0.706411421298981,0.899574339389801,1.17771708965302,1.18838083744049,0.89825713634491,0.705045104026794,0.535376071929932,0.906950831413269,1.15851652622223,1.52595615386963,1.43428421020508,0.575846970081329,0.761991024017334,1.24507069587708,1.54438197612762,1.047483086586,0,0,0,0.611822128295898,0.431536734104156,0,0,0,0.644364595413208,0.885951697826385,0.952420353889465,1.13023734092712,0,0,0.770591139793396,0.548694431781769,1.15249228477478,1.23517513275146,1.31749260425568,1.16516292095184,0.854959607124329,1.59817779064178,1.75242102146149,1.85611498355865,1.65962243080139,1.54529142379761,1.62967479228973,1.55548417568207,1.18781268596649,1.20227122306824,1.24192249774933,1.18916976451874,1.3137195110321,1.14002120494843,1.40630853176117,1.55245268344879,1.20654118061066,1.17158603668213,1.37263035774231,1.69357144832611,1.56670725345612,1.40098762512207,0,0,0.778870105743408,1.20919287204742,1.33287584781647,1.20599961280823,1.14936506748199,1.10233247280121,0.806670784950256,1.33109617233276,1.44926965236664,1.69916224479675,1.94232606887817,2.11044239997864,2.01602578163147,2.12000727653503,1.64739537239075,1.53574562072754,1.95436835289001,1.47336792945862,0,0.537201702594757,1.00639152526855,0,0,0,0,0,0,0,0.987724721431732,0.824385762214661,0,0,0,0,0,0,0,0,0.577714741230011,0.693602383136749,0.77236407995224,0,0,0.577766180038452,0.465705662965775,0,0,0,0,0,0,0,0,0,0,0,0,0,0,0,0,0,0,0,0,0,0,0,0,0,0,0,0.382862627506256,0,0,0,0,0,0,0,0,0,0,0,0,0,0,0,0,0,0,0,0,0,0,0,0,0,0,0,0,0,0,0,345
Mecklenburgische Seenplatte,0,0,0,0,0,0,0,0,0,0,0,0,0,0,0,0,0,0,0,0,0,0,0,0,0,0,0,0,0,0,0,0,0,0,0,0,0,0,0,0,0,0,0,0,0,0,0,0,0,0,0,0,0,0,0,0,0,0,0,0,0,0,0,0,0,0,0,0,0,0,0,0,0,0,0,0,0,0,0,0,0,0,0,0,0,0,0,0,0,0,0,0,0,0,0,0,0,0,0,0,0,0,0,0,0,0,0,0,0,0,0,0,0,0,0,0,0,0,0,0,0,0,0,0,0,0,0,0,0,0,0,0,0,0,0,0,0,0,0,0,0,0,0,0,0,0,0,0,0.0422415882349014,0.0538126938045025,0.0563832074403763,0,0,0,0,0,0,0,0,0,0,0,0,0,0,0,0,0,0,0,0,0,0.169128522276878,0.186627179384232,0.162922233343124,0.191055566072464,0,0,0.232947260141373,0,0.112626150250435,0.28334367275238,0,0,0.111965112388134,0.464735716581345,0.565932035446167,0.693513631820679,0.839109122753143,0.724939286708832,0.970250129699707,0.776671409606934,0.61508321762085,0.59953784942627,0.681017339229584,0.852024793624878,1.07687723636627,1.02775681018829,0.958640277385712,1.22569119930267,1.36243259906769,0.911870241165161,1.15916740894318,1.46999537944794,1.63955497741699,1.34268736839294,1.12760281562805,1.02627110481262,1.23287582397461,1.50622725486755,1.92971873283386,2.04586100578308,1.10143876075745,1.10042130947113,1.67309653759003,2.19646191596985,1.60427951812744,0.837993800640106,0,0.792234599590302,0.960716247558594,0.908635377883911,0,0,0.100990988314152,1.02798318862915,1.34978246688843,1.35038864612579,1.58763241767883,1.1213641166687,0.664358973503113,1.03167927265167,1.18435847759247,1.61437666416168,1.71899902820587,1.9093691110611,1.71598243713379,1.35455143451691,2.05864548683167,2.2019190788269,2.24406433105469,2.11421680450439,2.04419589042664,2.25738739967346,2.31980299949646,2.00477743148804,1.64719665050507,1.5390465259552,1.51961386203766,1.78042376041412,1.73085415363312,2.00215268135071,2.13264799118042,1.9380521774292,1.87492108345032,2.13305401802063,2.57581257820129,2.41040515899658,2.1322295665741,1.25428628921509,0.605747163295746,1.38558387756348,1.62945508956909,2.09182524681091,2.10813283920288,1.77866816520691,1.79293954372406,1.48514544963837,1.94235062599182,2.36733317375183,2.45965981483459,2.84146595001221,2.87051939964294,2.9742693901062,3.01984548568726,2.6513614654541,2.57475781440735,3.10379910469055,2.57951831817627,0.966575503349304,0.0911017209291458,1.89008498191833,1.20645880699158,0,0.114438533782959,0,0,0,1.14620566368103,1.63894784450531,1.29946541786194,0,0.597513675689697,0,0,0,0,0,0,0.507463216781616,0.8288334608078,0.362635374069214,0,0.0931240767240524,0.209526270627975,0,0,0,0,0,0,0,0,0,0,0,0,0,0,0.403979301452637,0.774422585964203,0.925731003284454,0.247134685516357,0,0,0,0,0,0,0,0,0,0,0,0,0,0,0,0,0,0,0,0,0,0,0,0,0,0,0,0,0,0,0,0,0,0,0,0,0,0,0,0,0,0,346
Rostock,0,0,0,0,0,0,0,0,0,0,0,0,0,0,0,0,0,0,0,0,0,0,0,0,0,0,0,0,0,0,0,0,0,0,0,0,0,0,0,0,0,0,0,0,0,0,0,0,0,0,0,0,0,0,0,0,0,0,0,0,0,0,0,0,0,0,0,0,0,0,0,0,0,0,0,0,0,0,0,0,0,0,0,0,0,0,0,0,0,0,0,0,0,0,0,0,0,0,0,0,0,0,0,0,0,0,0,0,0,0,0,0,0,0,0,0,0,0,0,0,0,0,0,0,0,0,0,0,0,0,0,0,0,0,0,0,0,0,0,0,0,0,0,0,0,0,0,0,0.0213297475129366,0.0246033538132906,0.0222431365400553,0,0,0,0,0,0,0,0,0,0,0,0,0,0,0,0,0,0,0,0,0,0.0981051325798035,0.0884854421019554,0.0684708505868912,0.0780018642544746,0,0,0.138861522078514,0,0,0.148663878440857,0,0,0,0.329992860555649,0.380921751260757,0.498246997594833,0.618519008159637,0.493831217288971,0.737656593322754,0.60045975446701,0.399378508329391,0.453331351280212,0.468843698501587,0.575282573699951,0.782401740550995,0.765418350696564,0.756926774978638,0.948163986206055,0.995474278926849,0.717272818088531,0.894907057285309,1.18256616592407,1.31002700328827,1.04452157020569,0.835380077362061,0.651674568653107,0.853708624839783,1.13413894176483,1.55129981040955,1.57543528079987,0.74308967590332,0.857015013694763,1.29974746704102,1.70211589336395,1.1816314458847,0.479544430971146,0,0.444997370243073,0.518983364105225,0.52099072933197,0,0,0,0.891092598438263,1.01055836677551,1.08428597450256,1.30879652500153,0.799073219299316,0.415235638618469,0.821488320827484,0.960226476192474,1.25894844532013,1.34363996982574,1.45807266235352,1.2748419046402,0.882595658302307,1.59916377067566,1.71623539924622,1.74238300323486,1.6492520570755,1.60253512859344,1.77321183681488,1.77282428741455,1.4776862859726,1.25057351589203,1.17329025268555,1.1691951751709,1.41959583759308,1.32567143440247,1.59504783153534,1.62011015415192,1.39528799057007,1.3368136882782,1.53610348701477,1.90694749355316,1.7691433429718,1.64347887039185,0.688222765922546,0,0.941212773323059,1.23375928401947,1.52029371261597,1.48905169963837,1.30396342277527,1.2984766960144,0.983926594257355,1.48653638362885,1.76094484329224,1.830775141716,2.11175346374512,2.20557594299316,2.25269460678101,2.31416058540344,1.92684137821198,1.7868070602417,2.298180103302,1.8574206829071,0.522004961967468,0.0330094322562218,1.23311579227448,0.620249330997467,0,0,0,0,0,0.863317728042603,1.11791455745697,0.834632217884064,0,0,0,0,0,0,0,0,0.0354988351464272,0.699862122535706,0.0474594533443451,0,0,0.519581437110901,0.0286162123084068,0,0,0,0,0,0,0,0,0,0,0,0,0,0,0,0.39887410402298,0,0,0,0,0,0,0,0,0,0,0,0.023525757715106,0,0,0,0,0,0,0,0,0,0,0,0,0,0,0,0,0,0,0,0,0,0,0,0,0,0,0,0,0,0,0,347
Vorpommern-Rügen,0,0,0,0,0,0,0,0,0,0,0,0,0,0,0,0,0,0,0,0,0,0,0,0,0,0,0,0,0,0,0,0,0,0,0,0,0,0,0,0,0,0,0,0,0,0,0,0,0,0,0,0,0,0,0,0,0,0,0,0,0,0,0,0,0,0,0,0,0,0,0,0,0,0,0,0,0,0,0,0,0,0,0,0,0,0,0,0,0,0,0,0,0,0,0,0,0,0,0,0,0,0,0,0,0,0,0,0,0,0,0,0,0,0,0,0,0,0,0,0,0,0,0,0,0,0,0,0,0,0,0,0,0,0,0,0,0,0,0,0,0,0,0,0,0,0,0,0,0.0196979027241468,0.0224311966449022,0.0231239628046751,0,0,0,0,0,0,0,0,0,0,0,0,0,0,0,0,0,0,0,0,0,0.0893770307302475,0.0692309066653252,0.0535715147852898,0.0927888154983521,0,0,0.152475088834763,0,0,0.164660140872002,0,0,0,0.331351071596146,0.388656705617905,0.489732891321182,0.639521658420563,0.503599882125854,0.75526750087738,0.623061716556549,0.41642701625824,0.475957691669464,0.486585199832916,0.579348206520081,0.825691103935242,0.787496566772461,0.77752947807312,0.970549285411835,1.04174780845642,0.737787961959839,0.896763622760773,1.19807457923889,1.34325230121613,1.09941911697388,0.880940198898315,0.677656829357147,0.860755205154419,1.1564736366272,1.58680939674377,1.63823986053467,0.795425295829773,0.918138206005096,1.33790266513824,1.7630410194397,1.23624277114868,0.531741917133331,0,0.499938696622849,0.551164388656616,0.567593812942505,0,0,0.17089419066906,0.964681208133698,1.04717481136322,1.14238679409027,1.3464994430542,0.939555644989014,0.536062240600586,0.837053716182709,1.00087177753448,1.27246606349945,1.40540087223053,1.52884209156036,1.34048116207123,0.937740325927734,1.63082444667816,1.73025786876678,1.73385214805603,1.67556929588318,1.6374990940094,1.80988311767578,1.86628258228302,1.57403087615967,1.2940639257431,1.1676527261734,1.19975507259369,1.4383590221405,1.39240837097168,1.6559671163559,1.67579734325409,1.4686998128891,1.40566229820251,1.59003388881683,1.99660623073578,1.85383546352386,1.70526504516602,0.824679672718048,0,1.03783118724823,1.28191471099854,1.5754896402359,1.59199023246765,1.37271225452423,1.38357520103455,1.08926999568939,1.53683316707611,1.86139607429504,1.87773489952087,2.17038106918335,2.2341001033783,2.36071586608887,2.41340684890747,2.03626370429993,1.88205468654633,2.4213125705719,1.97965633869171,0.670213341712952,0,1.31300592422485,0.787083625793457,0,0.193649753928185,0,0,0,1.00134205818176,1.18238770961761,0.87727302312851,0,0,0,0,0,0,0,0,0,0.514225661754608,0,0,0.157582014799118,0.378743201494217,0,0,0,0,0,0,0,0,0,0,0,0,0,0,0,0.132850840687752,0.481314986944199,0,0,0,0,0,0,0,0,0,0,0,0,0,0,0,0,0,0,0,0,0,0,0,0,0,0,0,0,0,0,0,0,0,0,0,0,0,0,0,0,0,0,0,348
Nordwestmecklenburg,0,0,0,0,0,0,0,0,0,0,0,0,0,0,0,0,0,0,0,0,0,0,0,0,0,0,0,0,0,0,0,0,0,0,0,0,0,0,0,0,0,0,0,0,0,0,0,0,0,0,0,0,0,0,0,0,0,0,0,0,0,0,0,0,0,0,0,0,0,0,0,0,0,0,0,0,0,0,0,0,0,0,0,0,0,0,0,0,0,0,0,0,0,0,0,0,0,0,0,0,0,0,0,0,0,0,0,0,0,0,0,0,0,0,0,0,0,0,0,0,0,0,0,0,0,0,0,0,0,0,0,0,0,0,0,0,0,0,0,0,0,0,0,0,0,0,0,0,0.0218204911798239,0.0305478759109974,0.000646316795609891,0,0,0,0,0,0,0,0,0,0,0,0,0,0,0,0,0,0,0,0,0,0.102909907698631,0.0025711131747812,0.001989551121369,0.00226649292744696,0,0,0.00403488660231233,0,0,0.00431971298530698,0,0,0,0.346046805381775,0.386230260133743,0.513768970966339,0.539565563201904,0.409743338823318,0.678169548511505,0.512559294700623,0.354595214128494,0.368273556232452,0.431988477706909,0.541537702083588,0.635626494884491,0.600265920162201,0.667765080928802,0.861730635166168,0.799345672130585,0.706726968288422,0.899438738822937,1.17785799503326,1.19191551208496,0.902507126331329,0.708832204341888,0.538755357265472,0.905403792858124,1.15780830383301,1.52669274806976,1.43838560581207,0.580706477165222,0.764752149581909,1.24665951728821,1.54896521568298,1.05138099193573,0.0139340786263347,0,0.0129302479326725,0.609124481678009,0.434135973453522,0,0,0,0.651533782482147,0.889572381973267,0.956251978874207,1.13542568683624,0.0232185982167721,0.0120654636994004,0.772070050239563,0.560652315616608,1.15558564662933,1.23832678794861,1.32157742977142,1.16834986209869,0.855762600898743,1.59820652008057,1.75136947631836,1.85281026363373,1.65932106971741,1.546954870224,1.63384556770325,1.56179940700531,1.19623553752899,1.20367479324341,1.23992824554443,1.1885894536972,1.31679606437683,1.14541566371918,1.41179263591766,1.55441856384277,1.21202564239502,1.1763870716095,1.37738025188446,1.69977152347565,1.57258951663971,1.40803360939026,0.0199976246803999,0,0.783587276935577,1.20990681648254,1.33832168579102,1.2142242193222,1.15385723114014,1.10803198814392,0.811821281909943,1.33561277389526,1.45832586288452,1.70298659801483,1.94724905490875,2.11320686340332,2.02290272712708,2.12564873695374,1.6555153131485,1.54304075241089,1.96435868740082,1.48452734947205,0.0151678519323468,0.522551476955414,1.012979388237,0.0180225279182196,0,0,0,0,0,0.0250853430479765,0.991507589817047,0.824683487415314,0,0,0,0,0,0,0,0,0.561959683895111,0.693784356117249,0.751300573348999,0,0,0.576075494289398,0.453005194664001,0,0,0,0,0,0,0,0,0,0,0,0,0,0,0,0.0115900477394462,0,0,0,0,0,0,0,0,0,0,0,0.372421443462372,0,0,0,0,0,0,0,0,0,0,0,0,0,0,0,0,0,0,0,0,0,0,0,0,0,0,0,0,0,0,0,349
Vorpommern-Greifswald,0,0,0,0,0,0,0,0,0,0,0,0,0,0,0,0,0,0,0,0,0,0,0,0,0,0,0,0,0,0,0,0,0,0,0,0,0,0,0,0,0,0,0,0,0,0,0,0,0,0,0,0,0,0,0,0,0,0,0,0,0,0,0,0,0,0,0,0,0,0,0,0,0,0,0,0,0,0,0,0,0,0,0,0,0,0,0,0,0,0,0,0,0,0,0,0,0,0,0,0,0,0,0,0,0,0,0,0,0,0,0,0,0,0,0,0,0,0,0,0,0,0,0,0,0,0,0,0,0,0,0,0,0,0,0,0,0,0,0,0,0,0,0,0,0,0,0,0,0.0210026279091835,0.0266700107604265,0.0326915979385376,0,0,0,0,0,0,0,0,0,0,0,0,0,0,0,0,0,0,0,0,0,0.0925839990377426,0.0412006378173828,0.036446887999773,0.141631752252579,0,0,0.178697273135185,0,0.0262065026909113,0.210527613759041,0,0,0.0264712106436491,0.370198339223862,0.452457934617996,0.519770324230194,0.72755765914917,0.572061061859131,0.83739972114563,0.705001652240753,0.497991234064102,0.549181640148163,0.57202535867691,0.657407701015472,0.972444593906403,0.892848372459412,0.855823993682861,1.07710611820221,1.20734822750092,0.836209177970886,0.963840484619141,1.29727840423584,1.47117590904236,1.27392089366913,1.03927767276764,0.815563082695007,0.977214276790619,1.29961180686951,1.75355648994446,1.87688136100769,0.98641049861908,1.1053558588028,1.50047993659973,1.99574446678162,1.4452953338623,0.670599639415741,0,0.638627409934998,0.740880906581879,0.764017045497894,0,0,0.528438925743103,1.11305630207062,1.19324338436127,1.29796946048737,1.46874988079071,1.20352244377136,0.800820171833038,0.914013624191284,1.08920753002167,1.37770235538483,1.6070796251297,1.77961480617523,1.57387256622314,1.17483270168304,1.81251633167267,1.88554179668427,1.85752773284912,1.85291528701782,1.81160092353821,1.99443447589874,2.18191027641296,1.8784943819046,1.49106025695801,1.2569522857666,1.35100996494293,1.54598808288574,1.6139954328537,1.86576223373413,1.92189514636993,1.73892605304718,1.67601156234741,1.8361302614212,2.32869791984558,2.17405891418457,1.92978000640869,1.17400896549225,0.161544919013977,1.35214638710022,1.49542415142059,1.81026840209961,1.9311808347702,1.63039994239807,1.67544722557068,1.42583072185516,1.7375351190567,2.17407774925232,2.12890076637268,2.45897126197815,2.45321869850159,2.75355696678162,2.79358410835266,2.43074536323547,2.26808786392212,2.84353113174438,2.40185809135437,1.06189632415771,0.114198476076126,1.62776565551758,1.2278368473053,0,0.598803699016571,0,0,0,1.22665631771088,1.43236708641052,1.08066380023956,0,0.180257603526115,0,0,0,0,0,0,0.138420179486275,0.193961918354034,0,0,0.487275034189224,0.0275817420333624,0,0,0,0,0,0,0,0,0,0,0,0,0,0,0.135388284921646,0.62466835975647,0.743947267532349,0,0,0,0,0,0,0,0,0,0,0,0,0,0,0,0,0,0,0,0,0,0,0,0,0,0,0,0,0,0,0,0,0,0,0,0,0,0,0,0,0,0,0,350
Ludwigslust-Parchim,0,0,0,0,0,0,0,0,0,0,0,0,0,0,0,0,0,0,0,0,0,0,0,0,0,0,0,0,0,0,0,0,0,0,0,0,0,0,0,0,0,0,0,0,0,0,0,0,0,0,0,0,0,0,0,0,0,0,0,0,0,0,0,0,0,0,0,0,0,0,0,0,0,0,0,0,0,0,0,0,0,0,0,0,0,0,0,0,0,0,0,0,0,0,0,0,0,0,0,0,0,0,0,0,0,0,0,0,0,0,0,0,0,0,0,0,0,0,0,0,0,0,0,0,0,0,0,0,0,0,0,0,0,0,0,0,0,0,0,0,0,0,0,0,0,0,0,0,0.0453038029372692,0.0543296188116074,0.0201886873692274,0,0,0,0,0,0,0,0,0,0,0,0,0,0,0,0,0,0,0,0,0,0.152798965573311,0.171919643878937,0.153801828622818,0.136056959629059,0,0,0.174919247627258,0,0.114992789924145,0.216933056712151,0,0,0.0458939485251904,0.433598965406418,0.507665753364563,0.657586872577667,0.69317889213562,0.620582759380341,0.849894285202026,0.620915591716766,0.544094979763031,0.469173818826675,0.580963790416718,0.786300122737885,0.866720914840698,0.783331871032715,0.813329935073853,1.06623995304108,1.11084914207458,0.752590298652649,1.04114282131195,1.32466721534729,1.42041766643524,1.10910058021545,0.929726302623749,0.879441201686859,1.17428922653198,1.39443254470825,1.71792709827423,1.7429575920105,0.866893351078033,0.927190363407135,1.48856317996979,1.90297472476959,1.3750057220459,0.628957152366638,0,0.577535629272461,0.958703696727753,0.76499742269516,0,0,0,0.731046915054321,1.16204810142517,1.16663777828217,1.28048837184906,0.616808235645294,0.202903538942337,0.827881217002869,0.933301746845245,1.44224345684052,1.53242814540863,1.62831008434296,1.49046635627747,1.2687691450119,1.90474987030029,2.09791016578674,2.19116449356079,1.96578979492188,1.87265276908875,2.00276827812195,1.90593349933624,1.72513818740845,1.52435874938965,1.4855340719223,1.44216156005859,1.59553349018097,1.47606301307678,1.74572193622589,1.89704775810242,1.71463358402252,1.64713096618652,1.90169584751129,2.275794506073,2.11413717269897,1.86377251148224,0.777379930019379,0.645941317081451,1.13547432422638,1.47160863876343,1.88266980648041,1.77233016490936,1.54110765457153,1.45795166492462,1.17422199249268,1.71205997467041,2.04742646217346,2.24279761314392,2.59476661682129,2.70867848396301,2.60286211967468,2.64344716072083,2.22781705856323,2.19589781761169,2.68991780281067,2.02707266807556,0.295727521181107,0.414582550525665,1.6294549703598,0.385554432868958,0,0,0,0,0,0.372498333454132,1.50505137443542,1.26050019264221,0,0.229204371571541,0,0,0,0,0,0,0.783555328845978,0.46848401427269,0.852030098438263,0,0,0.537341833114624,0.363460838794708,0,0,0,0,0,0,0,0,0,0,0,0,0,0.371053695678711,0.776357471942902,0.759897530078888,0.479251235723495,0,0,0,0,0,0,0,0,0,0,0.295544534921646,0,0,0,0,0,0,0,0,0,0,0,0,0,0,0,0,0,0,0,0,0,0,0,0,0,0,0,0,0,0,0,351
Chemnitz,0,0,0,0,0,0,0,0,0,0,0,0,0,0,0,0,0,0,0,0,0,0,0,0,0,0,0,0,0,0,0,0,0,0,0,0,0,0,0,0,0,0,0,0,0,0,0,0,0,0,0,0,0,0,0,0,0,0,0,0,0,0,0,0,0,0,0,0,0,0,0,0,0,0,0,0,0,0,0,0,0,0,0,0,0,0,0,0,0,0,0,0,0,0,0,0,0,0,0,0,0,0,0,0,0,0,0,0,0,0,0,0,0,0,0,0,0,0,0,0,0,0,0,0,0,0,0,0,0,0,0,0,0,0,0,0,0,0,0,0,0,0,0,0,0,0,0,0,0.052987027913332,0.0710505321621895,0,0,0,0,0,0,0,0,0,0,0,0,0,0,0,0,0,0,0,0,0,0,0,0.206219658255577,0.136186569929123,0.144659459590912,0,0,0.168998643755913,0,0.179153800010681,0.256684094667435,0,0,0,0.408364742994308,0.523887574672699,0.644983649253845,0.717673361301422,0.69852077960968,0.82987505197525,0.576478958129883,0.538003027439117,0.436868786811829,0.664493262767792,0.890952944755554,0.903168022632599,0.860020756721497,0.811791062355042,1.14065170288086,1.29868543148041,0.752361476421356,1.07238006591797,1.27168762683868,1.44694817066193,1.20741152763367,1.0325870513916,1.15679109096527,1.31153047084808,1.45753502845764,1.75787472724915,1.99014353752136,1.33728241920471,0.919043600559235,1.52660012245178,2.10360288619995,1.7274581193924,1.09363925457001,0.618830025196075,0.880018770694733,1.39506602287292,1.60198593139648,0.485529005527496,0,0,0.740468919277191,1.22414565086365,1.20397174358368,1.08525121212006,0.713767170906067,0.753814458847046,0.646671056747437,1.02086937427521,1.56941628456116,1.53014016151428,1.93962323665619,1.74317038059235,1.76441276073456,2.08328366279602,2.27247285842896,2.36896705627441,2.14514803886414,2.02349710464478,2.08870410919189,2.09204840660095,2.11085629463196,1.50547635555267,1.63190722465515,1.65119624137878,1.47200417518616,1.75490689277649,1.92317128181458,2.24923753738403,1.87401127815247,2.0692183971405,2.48007726669312,2.36612296104431,2.45098376274109,1.84350168704987,1.46916472911835,0.965345621109009,1.27201795578003,1.62843251228333,2.04767227172852,2.45847392082214,2.02266931533813,1.66271734237671,1.44119715690613,1.76015019416809,2.10908341407776,2.37533450126648,2.86152482032776,2.75121378898621,2.77107763290405,2.77131533622742,2.53730821609497,2.62026977539063,2.93878650665283,2.47602844238281,0.996832668781281,1.03921246528625,1.99115431308746,1.38557362556458,0,0,0,0,0,0,1.61797785758972,1.67169582843781,0,1.44111800193787,0,0,0,0,0,0,0.706080913543701,0,1.03976309299469,0,0.729847967624664,0.657755672931671,0,0.921651840209961,0,0,0,0,0,0,0,0,0,0,0,0,1.02898252010345,1.45566856861115,1.28004169464111,0.556031942367554,0,0,0,0,0,0,0,0,0,0,0,0,0,0,0,0,0,0,0,0,0,0,0,0,0,0,0,0,0,0,0,0,0,0,0,0,0,0,0,0,0,0,352
Erzgebirgskreis,0,0,0,0,0,0,0,0,0,0,0,0,0,0,0,0,0,0,0,0,0,0,0,0,0,0,0,0,0,0,0,0,0,0,0,0,0,0,0,0,0,0,0,0,0,0,0,0,0,0,0,0,0,0,0,0,0,0,0,0,0,0,0,0,0,0,0,0,0,0,0,0,0,0,0,0,0,0,0,0,0,0,0,0,0,0,0,0,0,0,0,0,0,0,0,0,0,0,0,0,0,0,0,0,0,0,0,0,0,0,0,0,0,0,0,0,0,0,0,0,0,0,0,0,0,0,0,0,0,0,0,0,0,0,0,0,0,0,0,0,0,0,0,0,0,0,0,0,0.0452956259250641,0.0631513223052025,0.00878517143428326,0,0,0,0,0,0,0,0,0,0,0,0,0,0,0,0,0,0,0,0,0,0,0.182377606630325,0.110597513616085,0.127689376473427,0,0,0.122954837977886,0,0.152676850557327,0.231745347380638,0,0,0,0.355359613895416,0.462827950716019,0.567840158939362,0.636081874370575,0.620352685451508,0.731174170970917,0.517817795276642,0.481532663106918,0.376672744750977,0.591244995594025,0.797653675079346,0.812210977077484,0.78945654630661,0.71940004825592,1.02077901363373,1.16343295574188,0.672468185424805,0.943800270557404,1.12875914573669,1.28782045841217,1.07741212844849,0.932102620601654,1.03457593917847,1.16234982013702,1.30136108398438,1.57308304309845,1.78992605209351,1.22694134712219,0.850374460220337,1.36507380008698,1.8713790178299,1.5609712600708,1.00064706802368,0.504132509231567,0.800777971744537,1.23446977138519,1.44834661483765,0.391304403543472,0,0,0.626840114593506,1.04172968864441,1.06062829494476,0.904770135879517,0.646561145782471,0.689453780651093,0.60314267873764,0.929447174072266,1.40443205833435,1.37158679962158,1.74958264827728,1.55587208271027,1.58332145214081,1.86731684207916,2.03041076660156,2.12089467048645,1.93138575553894,1.80302619934082,1.85850918292999,1.87618041038513,1.88769328594208,1.36065471172333,1.45231735706329,1.46546614170074,1.30485570430756,1.55400669574738,1.7044962644577,2.00795459747314,1.66212224960327,1.83152008056641,2.21187376976013,2.0930597782135,2.1803572177887,1.59091055393219,1.31065189838409,0.794731080532074,1.09079313278198,1.42627310752869,1.79957044124603,2.21807289123535,1.78322184085846,1.49346661567688,1.21978354454041,1.5286340713501,1.84897351264954,2.11712288856506,2.53355193138123,2.42573642730713,2.4604275226593,2.4742693901062,2.26821064949036,2.33614063262939,2.6027615070343,2.22604012489319,0.858487904071808,0.851246654987335,1.73899257183075,1.17526853084564,0,0,0,0,0,0,1.33226108551025,1.45947396755219,0.0346437990665436,1.23440802097321,0.0321261622011662,0,0,0,0,0,0.513708651065826,0,0.84713751077652,0,0.531000316143036,0.57033771276474,0,0.788198828697205,0,0,0,0,0,0,0,0,0,0,0,0,0.867658317089081,1.25282764434814,1.06703674793243,0.404540657997131,0,0,0,0,0,0,0,0,0,0,0,0,0,0,0,0,0,0,0,0,0,0,0,0,0,0,0,0,0,0,0,0,0,0,0,0,0,0,0,0,0,0,353
Mittelsachsen,0,0,0,0,0,0,0,0,0,0,0,0,0,0,0,0,0,0,0,0,0,0,0,0,0,0,0,0,0,0,0,0,0,0,0,0,0,0,0,0,0,0,0,0,0,0,0,0,0,0,0,0,0,0,0,0,0,0,0,0,0,0,0,0,0,0,0,0,0,0,0,0,0,0,0,0,0,0,0,0,0,0,0,0,0,0,0,0,0,0,0,0,0,0,0,0,0,0,0,0,0,0,0,0,0,0,0,0,0,0,0,0,0,0,0,0,0,0,0,0,0,0,0,0,0,0,0,0,0,0,0,0,0,0,0,0,0,0,0,0,0,0,0,0,0,0,0,0,0.0504713766276836,0.0758877918124199,0.0259213671088219,0,0,0,0,0,0,0,0,0,0,0,0,0,0,0,0,0,0,0,0,0,0,0.221213802695274,0.125878170132637,0.163838133215904,0,0,0.114044383168221,0,0.186794579029083,0.28291928768158,0,0,0,0.417333215475082,0.538411438465118,0.655690908432007,0.742119967937469,0.720291674137115,0.841984629631042,0.621407866477966,0.559598445892334,0.468390017747879,0.68569552898407,0.94377875328064,0.961366653442383,0.956338226795197,0.825768649578094,1.17521977424622,1.35461688041687,0.791374504566193,1.07280099391937,1.28878724575043,1.48086726665497,1.2548440694809,1.08931159973145,1.2052264213562,1.33246302604675,1.48274266719818,1.80565822124481,2.06896471977234,1.40279746055603,0.969708502292633,1.55129420757294,2.13962602615356,1.78691256046295,1.13469469547272,0.417601495981216,0.885969758033752,1.39415979385376,1.6450879573822,0.327646762132645,0,0,0.759669542312622,1.27192616462708,1.22506844997406,1.07225036621094,0.857159614562988,0.762891411781311,0.687693059444427,1.04610526561737,1.59548616409302,1.56508314609528,1.98939156532288,1.76534581184387,1.79906260967255,2.12090611457825,2.28826999664307,2.3953971862793,2.1735508441925,2.05859351158142,2.1334056854248,2.18196654319763,2.16460776329041,1.59606492519379,1.63538479804993,1.64757645130157,1.51250863075256,1.76333689689636,1.93545019626617,2.31321883201599,1.93329417705536,2.11140179634094,2.52211856842041,2.40896272659302,2.5015389919281,1.86420071125031,1.57397997379303,0.924056589603424,1.34623003005981,1.65376937389374,2.08752965927124,2.55704593658447,2.02209424972534,1.77415263652802,1.4778174161911,1.74859344959259,2.10801100730896,2.42671155929565,2.907071352005,2.78554463386536,2.8417112827301,2.87217664718628,2.63495302200317,2.70184516906738,3.00075888633728,2.60517001152039,1.0658313035965,0.982088088989258,2.05367946624756,1.42834270000458,0,0,0,0,0,0,1.54949343204498,1.69048070907593,0,1.36035847663879,0,0,0,0,0,0,0.476480513811111,0,0.969153165817261,0,0.492519080638885,0.714697659015656,0,0.969094097614288,0,0,0,0,0,0,0,0,0,0,0,0,1.04556930065155,1.47659957408905,1.26432514190674,0.375223845243454,0,0,0,0,0,0,0,0,0,0,0,0,0,0,0,0,0,0,0,0,0,0,0,0,0,0,0,0,0,0,0,0,0,0,0,0,0,0,0,0,0,0,354
Vogtlandkreis,0,0,0,0,0,0,0,0,0,0,0,0,0,0,0,0,0,0,0,0,0,0,0,0,0,0,0,0,0,0,0,0,0,0,0,0,0,0,0,0,0,0,0,0,0,0,0,0,0,0,0,0,0,0,0,0,0,0,0,0,0,0,0,0,0,0,0,0,0,0,0,0,0,0,0,0,0,0,0,0,0,0,0,0,0,0,0,0,0,0,0,0,0,0,0,0,0,0,0,0,0,0,0,0,0,0,0,0,0,0,0,0,0,0,0,0,0,0,0,0,0,0,0,0,0,0,0,0,0,0,0,0,0,0,0,0,0,0,0,0,0,0,0,0,0,0,0,0,0.0263527054339647,0.0339015014469624,0,0,0,0,0,0,0,0,0,0,0,0,0,0,0,0,0,0,0,0,0,0,0,0.0935733839869499,0.0501342378556728,0.0532533526420593,0,0,0.0622133165597916,0,0.0659517273306847,0.12492910027504,0,0,0,0.190093785524368,0.266914963722229,0.330408602952957,0.367640227079391,0.365352153778076,0.429492026567459,0.288714498281479,0.289569616317749,0.160824090242386,0.351236015558243,0.457864254713058,0.472109466791153,0.458069145679474,0.43351674079895,0.628169357776642,0.698106467723846,0.389715492725372,0.571059286594391,0.692469716072083,0.782440721988678,0.638509929180145,0.566369116306305,0.616881966590881,0.702903807163239,0.81602954864502,0.975116312503815,1.10634064674377,0.821073770523071,0.584731161594391,0.864927232265472,1.15163838863373,1.00058460235596,0.677282273769379,0.437739938497543,0.56355357170105,0.770806431770325,0.946732342243195,0.326958000659943,0,0,0.272588133811951,0.450643628835678,0.617861926555634,0.399512499570847,0.262758433818817,0.491175144910812,0.42299947142601,0.631507933139801,0.892459988594055,0.866518080234528,1.13380253314972,0.984450876712799,1.01340126991272,1.19252288341522,1.3088903427124,1.36794197559357,1.27514207363129,1.11852920055389,1.1331866979599,1.13264524936676,1.17078018188477,0.821885049343109,0.927888453006744,0.932632505893707,0.767566680908203,0.961356461048126,1.05531477928162,1.22508919239044,0.970541656017303,1.08780264854431,1.38004422187805,1.24610877037048,1.33027517795563,0.832442879676819,0.71347314119339,0.35537177324295,0.468266844749451,0.80766236782074,1.02880930900574,1.39210247993469,1.09087932109833,0.856467843055725,0.530546545982361,0.873745024204254,1.09747838973999,1.30189251899719,1.52408754825592,1.43830013275146,1.46799123287201,1.48131346702576,1.36039972305298,1.40603029727936,1.5483078956604,1.33196818828583,0.366963088512421,0.382564336061478,0.926559388637543,0.510069906711578,0,0,0,0,0,0,0.595624685287476,0.820384681224823,0.134923249483109,0.742665588855743,0.125118091702461,0,0,0,0,0,0.259928911924362,0,0.382767021656036,0,0.268678247928619,0.242138996720314,0,0.339286834001541,0,0,0,0,0,0,0,0,0,0,0,0,0.378798365592957,0.638059496879578,0.471220552921295,0.204691544175148,0,0,0,0,0,0,0,0,0,0,0,0,0,0,0,0,0,0,0,0,0,0,0,0,0,0,0,0,0,0,0,0,0,0,0,0,0,0,0,0,0,0,355
Zwickau,0,0,0,0,0,0,0,0,0,0,0,0,0,0,0,0,0,0,0,0,0,0,0,0,0,0,0,0,0,0,0,0,0,0,0,0,0,0,0,0,0,0,0,0,0,0,0,0,0,0,0,0,0,0,0,0,0,0,0,0,0,0,0,0,0,0,0,0,0,0,0,0,0,0,0,0,0,0,0,0,0,0,0,0,0,0,0,0,0,0,0,0,0,0,0,0,0,0,0,0,0,0,0,0,0,0,0,0,0,0,0,0,0,0,0,0,0,0,0,0,0,0,0,0,0,0,0,0,0,0,0,0,0,0,0,0,0,0,0,0,0,0,0,0,0,0,0,0,0.052987027913332,0.0710505321621895,0,0,0,0,0,0,0,0,0,0,0,0,0,0,0,0,0,0,0,0,0,0,0,0.206219658255577,0.136186569929123,0.144659444689751,0,0,0.168998643755913,0,0.179153814911842,0.256684124469757,0,0,0,0.408364742994308,0.523887574672699,0.64498370885849,0.717673420906067,0.698520720005035,0.829874992370605,0.576478958129883,0.538003087043762,0.436868757009506,0.664493262767792,0.890952944755554,0.903167963027954,0.860020816326141,0.811791062355042,1.14065170288086,1.2986855506897,0.752361416816711,1.07238006591797,1.27168774604797,1.44694805145264,1.20741140842438,1.0325870513916,1.15679109096527,1.31153047084808,1.45753502845764,1.75787460803986,1.99014353752136,1.33728241920471,0.919043600559235,1.52660012245178,2.10360312461853,1.7274581193924,1.09363925457001,0.618829965591431,0.880018770694733,1.39506590366364,1.60198605060577,0.485529035329819,0,0,0.740468919277191,1.22414577007294,1.20397174358368,1.08525109291077,0.713767111301422,0.753814458847046,0.646671056747437,1.02086937427521,1.56941628456116,1.53014016151428,1.93962335586548,1.74317026138306,1.76441276073456,2.08328366279602,2.27247285842896,2.36896681785583,2.14514803886414,2.02349710464478,2.08870410919189,2.09204840660095,2.11085653305054,1.50547635555267,1.63190722465515,1.65119624137878,1.47200429439545,1.75490701198578,1.92317128181458,2.24923753738403,1.87401127815247,2.0692183971405,2.48007726669312,2.36612296104431,2.45098400115967,1.84350168704987,1.46916484832764,0.965345561504364,1.27201807498932,1.62843251228333,2.04767203330994,2.45847392082214,2.02266931533813,1.662717461586,1.44119715690613,1.7601500749588,2.10908341407776,2.37533450126648,2.86152482032776,2.75121378898621,2.77107787132263,2.77131509780884,2.53730821609497,2.62026953697205,2.93878650665283,2.47602820396423,0.996832668781281,1.03921246528625,1.99115419387817,1.38557350635529,0,0,0,0,0,0,1.61797785758972,1.67169570922852,0,1.44111812114716,0,0,0,0,0,0,0.706080913543701,0,1.03976309299469,0,0.72984790802002,0.657755672931671,0,0.921651780605316,0,0,0,0,0,0,0,0,0,0,0,0,1.02898240089417,1.45566856861115,1.28004157543182,0.556031942367554,0,0,0,0,0,0,0,0,0,0,0,0,0,0,0,0,0,0,0,0,0,0,0,0,0,0,0,0,0,0,0,0,0,0,0,0,0,0,0,0,0,0,356
Dresden,0,0,0,0,0,0,0,0,0,0,0,0,0,0,0,0,0,0,0,0,0,0,0,0,0,0,0,0,0,0,0,0,0,0,0,0,0,0,0,0,0,0,0,0,0,0,0,0,0,0,0,0,0,0,0,0,0,0,0,0,0,0,0,0,0,0,0,0,0,0,0,0,0,0,0,0,0,0,0,0,0,0,0,0,0,0,0,0,0,0,0,0,0,0,0,0,0,0,0,0,0,0,0,0,0,0,0,0,0,0,0,0,0,0,0,0,0,0,0,0,0,0,0,0,0,0,0,0,0,0,0,0,0,0,0,0,0,0,0,0,0,0,0,0,0,0,0,0,0.0452507473528385,0.0859263688325882,0.0797149538993835,0,0,0,0,0,0,0,0,0,0,0,0,0,0,0,0,0,0,0,0,0,0,0.252330601215363,0.104485549032688,0.203638926148415,0,0,0,0,0.20265120267868,0.337364166975021,0,0,0,0.435945153236389,0.568552255630493,0.677911341190338,0.792853057384491,0.765471875667572,0.867115318775177,0.714647173881531,0.604414641857147,0.533804833889008,0.729695737361908,1.05340611934662,1.08214402198792,1.15622198581696,0.854775965213776,1.24695777893066,1.47068953514099,0.872336864471436,1.07367491722107,1.32427358627319,1.55125844478607,1.35327923297882,1.20702970027924,1.30574250221252,1.37590348720551,1.53505539894104,1.90482175350189,2.2325394153595,1.53875839710236,1.07485139369965,1.60254049301147,2.21438336372375,1.91029620170593,1.21989524364471,0,0.898319721221924,1.39227938652039,1.73453617095947,0,0,0,0.799515783786774,1.37108314037323,1.26884973049164,1.04527044296265,1.15473616123199,0.781728506088257,0.772824645042419,1.0984765291214,1.64958822727203,1.63759899139404,2.09267377853394,1.81136584281921,1.87096989154816,2.19898271560669,2.32105302810669,2.45024704933167,2.23249483108521,2.131427526474,2.22617292404175,2.36856961250305,2.27615642547607,1.78406012058258,1.64260184764862,1.64006459712982,1.59656584262848,1.78083157539368,1.96093249320984,2.4459969997406,2.05632162094116,2.19894313812256,2.60936498641968,2.49786686897278,2.60645437240601,1.9071569442749,1.79149889945984,0.838371336460114,1.50023949146271,1.70634996891022,2.1702446937561,2.7616081237793,2.02090072631836,2.00540971755981,1.55381417274475,1.7246105670929,2.10578584671021,2.53333210945129,3.00159192085266,2.85679054260254,2.98829460144043,3.08149075508118,2.83759140968323,2.8711359500885,3.12936782836914,2.87317299842834,1.20902156829834,0.86354011297226,2.18343615531921,1.51709973812103,0,0,0,0,0,0,1.40737104415894,1.72946417331696,0,1.19276142120361,0,0,0,0,0,0,0,0,0.822619259357452,0,0,0.832867205142975,0,1.0675493478775,0,0,0,0,0,0,0,0,0,0,0,0,1.07999122142792,1.52003693580627,1.23170948028564,0,0,0,0,0,0,0,0,0,0,0,0,0,0,0,0,0,0,0,0,0,0,0,0,0,0,0,0,0,0,0,0,0,0,0,0,0,0,0,0,0,0,0,357
Bautzen,0,0,0,0,0,0,0,0,0,0,0,0,0,0,0,0,0,0,0,0,0,0,0,0,0,0,0,0,0,0,0,0,0,0,0,0,0,0,0,0,0,0,0,0,0,0,0,0,0,0,0,0,0,0,0,0,0,0,0,0,0,0,0,0,0,0,0,0,0,0,0,0,0,0,0,0,0,0,0,0,0,0,0,0,0,0,0,0,0,0,0,0,0,0,0,0,0,0,0,0,0,0,0,0,0,0,0,0,0,0,0,0,0,0,0,0,0,0,0,0,0,0,0,0,0,0,0,0,0,0,0,0,0,0,0,0,0,0,0,0,0,0,0,0,0,0,0,0,0.0452507510781288,0.0859263762831688,0.0797149613499641,0,0,0,0,0,0,0,0,0,0,0,0,0,0,0,0,0,0,0,0,0,0,0.25233057141304,0.104485556483269,0.203638926148415,0,0,0,0,0.20265120267868,0.337364166975021,0,0,0,0.435945183038712,0.568552255630493,0.677911341190338,0.792853057384491,0.765471875667572,0.867115259170532,0.714647173881531,0.604414641857147,0.533804833889008,0.729695737361908,1.05340611934662,1.08214402198792,1.15622198581696,0.854775965213776,1.24695777893066,1.4706894159317,0.872336864471436,1.07367491722107,1.32427358627319,1.55125844478607,1.35327923297882,1.20702970027924,1.30574262142181,1.37590348720551,1.53505539894104,1.90482175350189,2.2325394153595,1.53875839710236,1.07485151290894,1.60254061222076,2.21438336372375,1.91029632091522,1.21989524364471,0,0.898319721221924,1.39227938652039,1.73453629016876,0,0,0,0.799515783786774,1.37108314037323,1.26884961128235,1.04527044296265,1.15473628044128,0.781728506088257,0.772824645042419,1.09847640991211,1.64958822727203,1.63759899139404,2.09267377853394,1.81136584281921,1.87096989154816,2.19898271560669,2.32105278968811,2.45024704933167,2.23249483108521,2.131427526474,2.22617292404175,2.36856961250305,2.27615642547607,1.78406012058258,1.64260196685791,1.64006459712982,1.59656584262848,1.78083145618439,1.96093237400055,2.4459969997406,2.05632162094116,2.19894313812256,2.60936522483826,2.4978666305542,2.60645437240601,1.9071569442749,1.79149889945984,0.838371336460114,1.50023937225342,1.70635008811951,2.1702446937561,2.7616081237793,2.02090072631836,2.00540971755981,1.55381417274475,1.72461044788361,2.10578584671021,2.53333210945129,3.00159215927124,2.85679054260254,2.98829460144043,3.08149075508118,2.83759117126465,2.87113571166992,3.12936806678772,2.87317299842834,1.20902168750763,0.86354011297226,2.18343615531921,1.51709973812103,0,0,0,0,0,0,1.40737104415894,1.72946417331696,0,1.1927615404129,0,0,0,0,0,0,0,0,0.822619259357452,0,0,0.83286714553833,0,1.0675493478775,0,0,0,0,0,0,0,0,0,0,0,0,1.07999122142792,1.52003693580627,1.23170948028564,0,0,0,0,0,0,0,0,0,0,0,0,0,0,0,0,0,0,0,0,0,0,0,0,0,0,0,0,0,0,0,0,0,0,0,0,0,0,0,0,0,0,0,358
Görlitz,0,0,0,0,0,0,0,0,0,0,0,0,0,0,0,0,0,0,0,0,0,0,0,0,0,0,0,0,0,0,0,0,0,0,0,0,0,0,0,0,0,0,0,0,0,0,0,0,0,0,0,0,0,0,0,0,0,0,0,0,0,0,0,0,0,0,0,0,0,0,0,0,0,0,0,0,0,0,0,0,0,0,0,0,0,0,0,0,0,0,0,0,0,0,0,0,0,0,0,0,0,0,0,0,0,0,0,0,0,0,0,0,0,0,0,0,0,0,0,0,0,0,0,0,0,0,0,0,0,0,0,0,0,0,0,0,0,0,0,0,0,0,0,0,0,0,0,0,0.0310295913368464,0.0604109540581703,0.0577070526778698,0,0,0,0,0,0,0,0,0,0,0,0,0,0,0,0,0,0,0,0,0,0.0256524085998535,0.172326311469078,0.0744204670190811,0.142042815685272,0,0,0,0.0334768444299698,0.137299835681915,0.240001484751701,0,0,0,0.295284062623978,0.391580641269684,0.464411169290543,0.5413938164711,0.523413836956024,0.585671246051788,0.495339423418045,0.402999818325043,0.371404141187668,0.495024651288986,0.728053450584412,0.76045161485672,0.81063848733902,0.578603982925415,0.844292998313904,0.991300463676453,0.611985683441162,0.72996312379837,0.890599608421326,1.06130111217499,0.94069504737854,0.838200688362122,0.896444201469421,0.931911826133728,1.04692685604095,1.30245864391327,1.53393006324768,1.07314431667328,0.756702840328217,1.10344612598419,1.52005362510681,1.33001053333282,0.856919586658478,0.098857194185257,0.625466287136078,0.945771515369415,1.20127630233765,0.147744312882423,0,0,0.566989243030548,0.962735295295715,0.857754826545715,0.697647929191589,0.813944637775421,0.579021096229553,0.528147637844086,0.777794539928436,1.13453853130341,1.1474347114563,1.45106482505798,1.25678503513336,1.29996812343597,1.52783346176147,1.59966421127319,1.68837678432465,1.53860521316528,1.46211230754852,1.53081727027893,1.6381139755249,1.58469295501709,1.26523554325104,1.14859819412231,1.13818764686584,1.11344528198242,1.24868178367615,1.36787807941437,1.71017801761627,1.46284830570221,1.53259897232056,1.81798470020294,1.73520624637604,1.80481767654419,1.28204667568207,1.26692175865173,0.659320592880249,1.08896267414093,1.17333269119263,1.51128613948822,1.95936143398285,1.39372396469116,1.39317154884338,1.09932792186737,1.18975102901459,1.45465171337128,1.75472259521484,2.06556439399719,1.97679424285889,2.09266304969788,2.17212724685669,2.00304079055786,2.02197670936584,2.18192076683044,2.04768562316895,0.886201977729797,0.648805797100067,1.52735447883606,1.09555625915527,0,0,0,0,0,0,0.949467360973358,1.2250953912735,0,0.861467838287354,0,0,0,0,0,0,0.168395683169365,0,0.548328638076782,0,0,0.611923694610596,0,0.75177413225174,0,0,0,0,0,0,0,0,0,0,0,0,0.750681161880493,1.05296432971954,0.878201127052307,0.166259720921516,0,0,0.106105133891106,0,0,0.127669289708138,0,0,0,0,0,0,0,0,0,0,0,0,0,0,0,0,0,0,0,0,0,0,0,0,0,0,0,0,0,0,0,0,0,0,0,0,359
Meißen,0,0,0,0,0,0,0,0,0,0,0,0,0,0,0,0,0,0,0,0,0,0,0,0,0,0,0,0,0,0,0,0,0,0,0,0,0,0,0,0,0,0,0,0,0,0,0,0,0,0,0,0,0,0,0,0,0,0,0,0,0,0,0,0,0,0,0,0,0,0,0,0,0,0,0,0,0,0,0,0,0,0,0,0,0,0,0,0,0,0,0,0,0,0,0,0,0,0,0,0,0,0,0,0,0,0,0,0,0,0,0,0,0,0,0,0,0,0,0,0,0,0,0,0,0,0,0,0,0,0,0,0,0,0,0,0,0,0,0,0,0,0,0,0,0,0,0,0,0.0456997714936733,0.0850629583001137,0.0750881880521774,0,0,0,0,0,0,0,0,0,0,0,0,0,0,0,0,0,0,0,0,0,0,0.249654248356819,0.106325522065163,0.200215667486191,0,0,0.00980890914797783,0,0.201287373900414,0.332681387662888,0,0,0,0.434344351291656,0.565959870815277,0.676000118255615,0.788489460945129,0.761585891246796,0.864953815937042,0.706627726554871,0.600560009479523,0.528178513050079,0.725911259651184,1.04397702217102,1.07175600528717,1.13902997970581,0.852281033992767,1.24078750610352,1.46070611476898,0.865373313426971,1.07359969615936,1.32122135162354,1.54520404338837,1.34481287002563,1.19690477848053,1.29709720611572,1.37216711044312,1.53055608272552,1.89629256725311,2.21847057342529,1.52706444263458,1.06580805778503,1.59813284873962,2.20795345306396,1.89968395233154,1.21256721019745,0.0359177254140377,0.897257387638092,1.39244103431702,1.72684264183044,0.0281807575374842,0,0,0.796088635921478,1.36255466938019,1.26508402824402,1.04759085178375,1.12914180755615,0.780108332633972,0.765502512454987,1.09397196769714,1.64493501186371,1.63136196136475,2.08379054069519,1.80740773677826,1.86478507518768,2.19226717948914,2.31823301315308,2.44552946090698,2.22742509841919,2.12516307830811,2.21819400787354,2.35251975059509,2.26656222343445,1.7678906917572,1.64198124408722,1.64071071147919,1.58933615684509,1.77932667732239,1.95874071121216,2.43457674980164,2.04574012756348,2.19141387939453,2.60186123847961,2.49022006988525,2.59743070602417,1.90346217155457,1.77279007434845,0.845741093158722,1.4869931936264,1.70182764530182,2.16313028335571,2.74401378631592,2.02100324630737,1.98551940917969,1.54727780818939,1.7266731262207,2.10597705841064,2.52416157722473,2.99346232414246,2.85066246986389,2.97568678855896,3.06348752975464,2.82016229629517,2.85657525062561,3.11830615997314,2.85012221336365,1.19670581817627,0.873736381530762,2.17227578163147,1.50946569442749,0,0,0,0,0,0,1.41959488391876,1.72611117362976,0,1.20717644691467,0,0,0,0,0,0,0.0409818887710571,0,0.835222542285919,0,0.042361356317997,0.822703421115875,0,1.05908131599426,0,0,0,0,0,0,0,0,0,0,0,0,1.07703053951263,1.51630091667175,1.23451471328735,0.0322728455066681,0,0,0,0,0,0,0,0,0,0,0,0,0,0,0,0,0,0,0,0,0,0,0,0,0,0,0,0,0,0,0,0,0,0,0,0,0,0,0,0,0,0,360
Sächsische Schweiz-Osterzgebirge,0,0,0,0,0,0,0,0,0,0,0,0,0,0,0,0,0,0,0,0,0,0,0,0,0,0,0,0,0,0,0,0,0,0,0,0,0,0,0,0,0,0,0,0,0,0,0,0,0,0,0,0,0,0,0,0,0,0,0,0,0,0,0,0,0,0,0,0,0,0,0,0,0,0,0,0,0,0,0,0,0,0,0,0,0,0,0,0,0,0,0,0,0,0,0,0,0,0,0,0,0,0,0,0,0,0,0,0,0,0,0,0,0,0,0,0,0,0,0,0,0,0,0,0,0,0,0,0,0,0,0,0,0,0,0,0,0,0,0,0,0,0,0,0,0,0,0,0,0.0452507510781288,0.0859263688325882,0.0797149613499641,0,0,0,0,0,0,0,0,0,0,0,0,0,0,0,0,0,0,0,0,0,0,0.252330601215363,0.104485556483269,0.203638926148415,0,0,0,0,0.20265120267868,0.337364166975021,0,0,0,0.435945183038712,0.568552255630493,0.677911341190338,0.792852997779846,0.765471935272217,0.867115318775177,0.714647173881531,0.604414641857147,0.533804833889008,0.729695737361908,1.05340611934662,1.08214402198792,1.15622198581696,0.85477602481842,1.24695777893066,1.47068953514099,0.872336804866791,1.07367491722107,1.32427358627319,1.55125844478607,1.35327923297882,1.20702970027924,1.30574262142181,1.37590348720551,1.53505539894104,1.9048216342926,2.2325394153595,1.53875827789307,1.07485139369965,1.60254049301147,2.21438336372375,1.91029620170593,1.21989524364471,0,0.898319721221924,1.39227938652039,1.73453617095947,0,0,0,0.799515724182129,1.37108325958252,1.26884973049164,1.04527032375336,1.15473628044128,0.781728506088257,0.772824585437775,1.09847640991211,1.64958822727203,1.63759911060333,2.09267377853394,1.8113659620285,1.87096989154816,2.19898271560669,2.32105278968811,2.45024728775024,2.23249506950378,2.13142776489258,2.22617292404175,2.36856961250305,2.27615642547607,1.78406023979187,1.64260196685791,1.64006459712982,1.59656584262848,1.78083145618439,1.96093249320984,2.4459969997406,2.05632162094116,2.19894313812256,2.60936522483826,2.49786686897278,2.60645437240601,1.90715706348419,1.79149889945984,0.838371276855469,1.50023937225342,1.70635008811951,2.1702446937561,2.7616081237793,2.02090072631836,2.00540971755981,1.55381417274475,1.72461044788361,2.10578584671021,2.53333210945129,3.00159192085266,2.85679054260254,2.98829460144043,3.08149075508118,2.83759140968323,2.87113571166992,3.12936806678772,2.87317299842834,1.20902156829834,0.86354011297226,2.18343615531921,1.51709973812103,0,0,0,0,0,0,1.40737104415894,1.72946417331696,0,1.1927615404129,0,0,0,0,0,0,0,0,0.822619259357452,0,0,0.832867205142975,0,1.0675493478775,0,0,0,0,0,0,0,0,0,0,0,0,1.07999122142792,1.52003693580627,1.23170948028564,0,0,0,0,0,0,0,0,0,0,0,0,0,0,0,0,0,0,0,0,0,0,0,0,0,0,0,0,0,0,0,0,0,0,0,0,0,0,0,0,0,0,0,361
Leipzig,0,0,0,0,0,0,0,0,0,0,0,0,0,0,0,0,0,0,0,0,0,0,0,0,0,0,0,0,0,0,0,0,0,0,0,0,0,0,0,0,0,0,0,0,0,0,0,0,0,0,0,0,0,0,0,0,0,0,0,0,0,0,0,0,0,0,0,0,0,0,0,0,0,0,0,0,0,0,0,0,0,0,0,0,0,0,0,0,0,0,0,0,0,0,0,0,0,0,0,0,0,0,0,0,0,0,0,0,0,0,0,0,0,0,0,0,0,0,0,0,0,0,0,0,0,0,0,0,0,0,0,0,0,0,0,0,0,0,0,0,0,0,0,0,0,0,0,0,0.052987027913332,0.0710505321621895,0,0,0,0,0,0,0,0,0,0,0,0,0,0,0,0,0,0,0,0,0,0,0,0.206219658255577,0.136186569929123,0.144659459590912,0,0,0.168998643755913,0,0.179153800010681,0.256684124469757,0,0,0,0.408364742994308,0.523887574672699,0.644983649253845,0.717673420906067,0.69852077960968,0.829874992370605,0.576478958129883,0.538003087043762,0.436868757009506,0.664493262767792,0.890952944755554,0.903167963027954,0.860020756721497,0.811791062355042,1.14065170288086,1.29868543148041,0.752361476421356,1.07238006591797,1.27168774604797,1.44694817066193,1.20741152763367,1.0325870513916,1.15679097175598,1.31153059005737,1.45753502845764,1.75787472724915,1.99014353752136,1.33728241920471,0.919043660163879,1.52660012245178,2.10360288619995,1.7274581193924,1.0936393737793,0.618829965591431,0.880018770694733,1.39506602287292,1.60198605060577,0.485529005527496,0,0,0.740468978881836,1.22414565086365,1.20397174358368,1.08525109291077,0.713767111301422,0.753814458847046,0.646671056747437,1.02086937427521,1.56941628456116,1.53014016151428,1.93962323665619,1.74317038059235,1.76441276073456,2.08328366279602,2.27247285842896,2.36896681785583,2.14514803886414,2.02349710464478,2.08870434761047,2.09204864501953,2.11085629463196,1.50547635555267,1.63190722465515,1.65119624137878,1.47200429439545,1.75490689277649,1.92317128181458,2.24923753738403,1.87401127815247,2.0692183971405,2.48007726669312,2.36612296104431,2.45098376274109,1.84350168704987,1.46916472911835,0.965345501899719,1.27201807498932,1.62843263149261,2.04767203330994,2.45847415924072,2.02266931533813,1.662717461586,1.44119715690613,1.7601500749588,2.10908341407776,2.37533473968506,2.86152482032776,2.75121378898621,2.77107787132263,2.77131533622742,2.53730845451355,2.62026977539063,2.93878650665283,2.47602820396423,0.996832609176636,1.03921246528625,1.99115419387817,1.38557350635529,0,0,0,0,0,0,1.61797785758972,1.67169582843781,0,1.44111800193787,0,0,0,0,0,0,0.706080913543701,0,1.03976309299469,0,0.72984790802002,0.657755672931671,0,0.921651840209961,0,0,0,0,0,0,0,0,0,0,0,0,1.02898252010345,1.45566868782043,1.28004157543182,0.556031942367554,0,0,0,0,0,0,0,0,0,0,0,0,0,0,0,0,0,0,0,0,0,0,0,0,0,0,0,0,0,0,0,0,0,0,0,0,0,0,0,0,0,0,362
Leipzig,0,0,0,0,0,0,0,0,0,0,0,0,0,0,0,0,0,0,0,0,0,0,0,0,0,0,0,0,0,0,0,0,0,0,0,0,0,0,0,0,0,0,0,0,0,0,0,0,0,0,0,0,0,0,0,0,0,0,0,0,0,0,0,0,0,0,0,0,0,0,0,0,0,0,0,0,0,0,0,0,0,0,0,0,0,0,0,0,0,0,0,0,0,0,0,0,0,0,0,0,0,0,0,0,0,0,0,0,0,0,0,0,0,0,0,0,0,0,0,0,0,0,0,0,0,0,0,0,0,0,0,0,0,0,0,0,0,0,0,0,0,0,0,0,0,0,0,0,0.052987027913332,0.0710505321621895,0,0,0,0,0,0,0,0,0,0,0,0,0,0,0,0,0,0,0,0,0,0,0,0.206219673156738,0.136186569929123,0.144659459590912,0,0,0.168998658657074,0,0.179153800010681,0.256684094667435,0,0,0,0.408364742994308,0.523887574672699,0.644983649253845,0.717673420906067,0.69852077960968,0.829874992370605,0.576478958129883,0.538003027439117,0.436868786811829,0.664493322372437,0.890952944755554,0.903167963027954,0.860020816326141,0.811791062355042,1.14065170288086,1.29868543148041,0.752361416816711,1.07238006591797,1.27168762683868,1.44694817066193,1.20741152763367,1.0325870513916,1.15679109096527,1.31153047084808,1.45753502845764,1.75787460803986,1.99014341831207,1.33728241920471,0.919043600559235,1.52660012245178,2.10360288619995,1.7274581193924,1.0936393737793,0.618829965591431,0.880018770694733,1.39506602287292,1.60198593139648,0.485529005527496,0,0,0.740468978881836,1.22414565086365,1.20397174358368,1.08525109291077,0.713767111301422,0.753814458847046,0.646671056747437,1.02086937427521,1.56941616535187,1.53014016151428,1.93962323665619,1.74317026138306,1.76441276073456,2.08328366279602,2.27247285842896,2.36896705627441,2.14514803886414,2.02349710464478,2.08870410919189,2.09204840660095,2.11085629463196,1.50547623634338,1.63190722465515,1.65119624137878,1.47200429439545,1.75490689277649,1.92317128181458,2.24923753738403,1.87401127815247,2.0692183971405,2.48007726669312,2.36612296104431,2.45098400115967,1.84350168704987,1.46916484832764,0.965345621109009,1.27201807498932,1.62843251228333,2.04767203330994,2.45847392082214,2.02266955375671,1.662717461586,1.44119715690613,1.76015019416809,2.10908341407776,2.37533473968506,2.86152482032776,2.75121378898621,2.77107763290405,2.77131533622742,2.53730845451355,2.62026977539063,2.93878674507141,2.47602820396423,0.996832668781281,1.03921246528625,1.99115419387817,1.38557350635529,0,0,0,0,0,0,1.61797785758972,1.67169582843781,0,1.44111800193787,0,0,0,0,0,0,0.706080913543701,0,1.03976309299469,0,0.729847967624664,0.657755672931671,0,0.921651780605316,0,0,0,0,0,0,0,0,0,0,0,0,1.02898240089417,1.45566856861115,1.28004157543182,0.556032001972198,0,0,0,0,0,0,0,0,0,0,0,0,0,0,0,0,0,0,0,0,0,0,0,0,0,0,0,0,0,0,0,0,0,0,0,0,0,0,0,0,0,0,363
Nordsachsen,0,0,0,0,0,0,0,0,0,0,0,0,0,0,0,0,0,0,0,0,0,0,0,0,0,0,0,0,0,0,0,0,0,0,0,0,0,0,0,0,0,0,0,0,0,0,0,0,0,0,0,0,0,0,0,0,0,0,0,0,0,0,0,0,0,0,0,0,0,0,0,0,0,0,0,0,0,0,0,0,0,0,0,0,0,0,0,0,0,0,0,0,0,0,0,0,0,0,0,0,0,0,0,0,0,0,0,0,0,0,0,0,0,0,0,0,0,0,0,0,0,0,0,0,0,0,0,0,0,0,0,0,0,0,0,0,0,0,0,0,0,0,0,0,0,0,0,0,0.052987027913332,0.0710505321621895,0,0,0,0,0,0,0,0,0,0,0,0,0,0,0,0,0,0,0,0,0,0,0,0.206219673156738,0.136186569929123,0.144659459590912,0,0,0.168998643755913,0,0.179153800010681,0.256684094667435,0,0,0,0.408364742994308,0.523887574672699,0.644983649253845,0.717673420906067,0.69852077960968,0.829874992370605,0.576478958129883,0.538003027439117,0.436868757009506,0.664493262767792,0.890952944755554,0.903167963027954,0.860020816326141,0.811791062355042,1.14065158367157,1.2986855506897,0.752361476421356,1.07238006591797,1.27168774604797,1.44694805145264,1.20741152763367,1.0325870513916,1.15679109096527,1.31153047084808,1.45753502845764,1.75787472724915,1.99014341831207,1.33728241920471,0.919043600559235,1.52660012245178,2.10360312461853,1.7274581193924,1.09363925457001,0.618829965591431,0.880018770694733,1.39506602287292,1.60198593139648,0.485529005527496,0,0,0.740468978881836,1.22414565086365,1.20397174358368,1.08525121212006,0.713767170906067,0.753814518451691,0.646670997142792,1.02086937427521,1.56941628456116,1.53014004230499,1.93962323665619,1.74317026138306,1.76441287994385,2.08328366279602,2.27247285842896,2.36896705627441,2.14514803886414,2.02349710464478,2.08870410919189,2.09204840660095,2.11085629463196,1.50547635555267,1.63190722465515,1.65119624137878,1.47200429439545,1.75490701198578,1.92317140102386,2.24923777580261,1.87401127815247,2.0692183971405,2.48007726669312,2.36612296104431,2.45098400115967,1.84350168704987,1.46916472911835,0.965345561504364,1.27201807498932,1.62843251228333,2.04767203330994,2.45847392082214,2.02266955375671,1.662717461586,1.44119715690613,1.76015019416809,2.10908341407776,2.37533450126648,2.86152482032776,2.75121378898621,2.77107763290405,2.77131533622742,2.53730845451355,2.62026953697205,2.93878650665283,2.47602820396423,0.996832668781281,1.03921246528625,1.99115419387817,1.38557362556458,0,0,0,0,0,0,1.61797773838043,1.67169582843781,0,1.44111812114716,0,0,0,0,0,0,0.706080913543701,0,1.03976309299469,0,0.729847967624664,0.657755672931671,0,0.921651780605316,0,0,0,0,0,0,0,0,0,0,0,0,1.02898252010345,1.45566856861115,1.28004157543182,0.556031942367554,0,0,0,0,0,0,0,0,0,0,0,0,0,0,0,0,0,0,0,0,0,0,0,0,0,0,0,0,0,0,0,0,0,0,0,0,0,0,0,0,0,0,364
Dessau-Roßlau,0,0,0,0,0,0,0,0,0,0,0,0,0,0,0,0,0,0,0,0,0,0,0,0,0,0,0,0,0,0,0,0,0,0,0,0,0,0,0,0,0,0,0,0,0,0,0,0,0,0,0,0,0,0,0,0,0,0,0,0,0,0,0,0,0,0,0,0,0,0,0,0,0,0,0,0,0,0,0,0,0,0,0,0,0,0,0,0,0,0,0,0,0,0,0,0,0,0,0,0,0,0,0,0,0,0,0,0,0,0,0,0,0,0,0,0,0,0,0,0,0,0,0,0,0,0,0,0,0,0,0,0,0,0,0,0,0,0,0,0,0,0,0,0,0,0,0,0,0.052987027913332,0.0710505321621895,0,0,0,0,0,0,0,0,0,0,0,0,0,0,0,0,0,0,0,0,0,0,0,0.206219673156738,0.136186569929123,0.144659459590912,0,0,0.168998643755913,0,0.179153800010681,0.256684124469757,0,0,0,0.408364742994308,0.523887574672699,0.644983649253845,0.717673361301422,0.69852077960968,0.82987505197525,0.576478898525238,0.538003087043762,0.436868757009506,0.664493262767792,0.890952944755554,0.903167963027954,0.860020756721497,0.811791062355042,1.14065170288086,1.2986855506897,0.752361416816711,1.07238006591797,1.27168774604797,1.44694817066193,1.20741152763367,1.0325870513916,1.15679109096527,1.31153059005737,1.45753514766693,1.75787460803986,1.99014341831207,1.33728241920471,0.919043600559235,1.52660012245178,2.10360288619995,1.7274581193924,1.0936393737793,0.618829965591431,0.880018770694733,1.39506590366364,1.60198605060577,0.485529005527496,0,0,0.740468919277191,1.22414565086365,1.20397174358368,1.08525121212006,0.713767111301422,0.753814518451691,0.646671056747437,1.02086937427521,1.56941640377045,1.53014016151428,1.93962323665619,1.74317038059235,1.76441287994385,2.08328366279602,2.27247285842896,2.36896681785583,2.14514780044556,2.02349710464478,2.08870410919189,2.09204840660095,2.11085629463196,1.50547635555267,1.63190722465515,1.65119624137878,1.47200429439545,1.75490701198578,1.92317128181458,2.24923753738403,1.87401127815247,2.0692183971405,2.48007726669312,2.36612296104431,2.45098376274109,1.84350156784058,1.46916484832764,0.965345561504364,1.27201807498932,1.62843251228333,2.04767203330994,2.45847415924072,2.02266931533813,1.662717461586,1.44119703769684,1.7601500749588,2.10908341407776,2.37533473968506,2.86152482032776,2.75121355056763,2.77107787132263,2.77131533622742,2.53730845451355,2.62026977539063,2.93878650665283,2.47602844238281,0.996832668781281,1.03921246528625,1.99115419387817,1.38557362556458,0,0,0,0,0,0,1.61797773838043,1.67169582843781,0,1.44111800193787,0,0,0,0,0,0,0.706080913543701,0,1.03976309299469,0,0.72984790802002,0.657755672931671,0,0.921651780605316,0,0,0,0,0,0,0,0,0,0,0,0,1.02898252010345,1.45566868782043,1.28004157543182,0.556031942367554,0,0,0,0,0,0,0,0,0,0,0,0,0,0,0,0,0,0,0,0,0,0,0,0,0,0,0,0,0,0,0,0,0,0,0,0,0,0,0,0,0,0,365
Halle (Saale),0,0,0,0,0,0,0,0,0,0,0,0,0,0,0,0,0,0,0,0,0,0,0,0,0,0,0,0,0,0,0,0,0,0,0,0,0,0,0,0,0,0,0,0,0,0,0,0,0,0,0,0,0,0,0,0,0,0,0,0,0,0,0,0,0,0,0,0,0,0,0,0,0,0,0,0,0,0,0,0,0,0,0,0,0,0,0,0,0,0,0,0,0,0,0,0,0,0,0,0,0,0,0,0,0,0,0,0,0,0,0,0,0,0,0,0,0,0,0,0,0,0,0,0,0,0,0,0,0,0,0,0,0,0,0,0,0,0,0,0,0,0,0,0,0,0,0,0,0.052987027913332,0.0710505321621895,0,0,0,0,0,0,0,0,0,0,0,0,0,0,0,0,0,0,0,0,0,0,0,0.206219658255577,0.136186569929123,0.144659459590912,0,0,0.168998643755913,0,0.179153800010681,0.256684094667435,0,0,0,0.408364742994308,0.523887515068054,0.644983649253845,0.717673420906067,0.69852077960968,0.829874992370605,0.576478958129883,0.538003027439117,0.436868757009506,0.664493262767792,0.890952944755554,0.903167963027954,0.860020816326141,0.811791062355042,1.14065170288086,1.29868543148041,0.752361476421356,1.07238006591797,1.27168774604797,1.44694805145264,1.20741152763367,1.0325870513916,1.15679109096527,1.31153047084808,1.45753502845764,1.75787472724915,1.99014353752136,1.337282538414,0.919043600559235,1.52660024166107,2.10360312461853,1.7274581193924,1.09363925457001,0.618829965591431,0.880018830299377,1.39506602287292,1.60198605060577,0.485529005527496,0,0,0.740468919277191,1.22414565086365,1.20397174358368,1.08525109291077,0.713767170906067,0.753814458847046,0.646671056747437,1.02086937427521,1.56941628456116,1.53014016151428,1.93962323665619,1.74317038059235,1.76441276073456,2.08328342437744,2.27247285842896,2.36896705627441,2.14514803886414,2.02349710464478,2.08870410919189,2.09204840660095,2.11085629463196,1.50547635555267,1.63190722465515,1.65119624137878,1.47200441360474,1.75490689277649,1.92317128181458,2.24923753738403,1.87401139736176,2.06921863555908,2.48007750511169,2.36612296104431,2.45098376274109,1.84350156784058,1.46916472911835,0.965345561504364,1.27201807498932,1.62843263149261,2.04767203330994,2.45847415924072,2.02266931533813,1.662717461586,1.44119703769684,1.7601500749588,2.10908341407776,2.37533450126648,2.86152505874634,2.75121378898621,2.77107787132263,2.77131533622742,2.53730845451355,2.62026977539063,2.93878650665283,2.47602820396423,0.996832668781281,1.03921246528625,1.99115419387817,1.38557350635529,0,0,0,0,0,0,1.61797785758972,1.67169582843781,0,1.44111812114716,0,0,0,0,0,0,0.706080913543701,0,1.03976309299469,0,0.72984790802002,0.657755672931671,0,0.921651780605316,0,0,0,0,0,0,0,0,0,0,0,0,1.02898252010345,1.45566856861115,1.28004157543182,0.556031942367554,0,0,0,0,0,0,0,0,0,0,0,0,0,0,0,0,0,0,0,0,0,0,0,0,0,0,0,0,0,0,0,0,0,0,0,0,0,0,0,0,0,0,366
Magdeburg,0,0,0,0,0,0,0,0,0,0,0,0,0,0,0,0,0,0,0,0,0,0,0,0,0,0,0,0,0,0,0,0,0,0,0,0,0,0,0,0,0,0,0,0,0,0,0,0,0,0,0,0,0,0,0,0,0,0,0,0,0,0,0,0,0,0,0,0,0,0,0,0,0,0,0,0,0,0,0,0,0,0,0,0,0,0,0,0,0,0,0,0,0,0,0,0,0,0,0,0,0,0,0,0,0,0,0,0,0,0,0,0,0,0,0,0,0,0,0,0,0,0,0,0,0,0,0,0,0,0,0,0,0,0,0,0,0,0,0,0,0,0,0,0,0,0,0,0,0.0532280541956425,0.0600155629217625,0.000202461262233555,0,0,0,0,0,0,0,0,0,0,0,0,0,0,0,0,0,0,0,0,0,0.149522513151169,0.209239169955254,0.190680712461472,0.148652136325836,0,0,0.197777524590492,0,0.149070248007774,0.252773433923721,0,0,0.00056736427359283,0.430680692195892,0.497287839651108,0.657956123352051,0.636767983436584,0.612420916557312,0.811971664428711,0.547595798969269,0.554126620292664,0.413893908262253,0.554984331130981,0.813037395477295,0.804471671581268,0.678145349025726,0.754003643989563,1.01712846755981,1.04675948619843,0.649496495723724,0.977499723434448,1.24813282489777,1.32964015007019,1.02764368057251,0.877508342266083,0.890386819839478,1.19855892658234,1.37737643718719,1.61744523048401,1.63758444786072,0.817746102809906,0.887281894683838,1.42880845069885,1.81655430793762,1.33170056343079,0.736199200153351,0,0.654978573322296,1.06582248210907,0.792453587055206,0,0,0,0.574300587177277,1.12191033363342,1.11261427402496,1.10463047027588,0.558373868465424,0.00162873009685427,0.683425068855286,0.913753807544708,1.40317213535309,1.50627636909485,1.5477466583252,1.44766712188721,1.36119961738586,1.88185751438141,2.11236333847046,2.22265315055847,1.94592308998108,1.84836494922638,1.93963658809662,1.75009250640869,1.75069534778595,1.55820226669312,1.49753367900848,1.46320509910583,1.53765189647675,1.42673146724701,1.69292330741882,1.84754288196564,1.74834382534027,1.66791963577271,1.9183247089386,2.27820634841919,2.10831379890442,1.84453344345093,0.787479281425476,0.879011034965515,1.12713253498077,1.46046626567841,1.92504990100861,1.75823533535004,1.52898454666138,1.3673689365387,1.1167711019516,1.67963361740112,2.0465247631073,2.27376317977905,2.63830924034119,2.78014159202576,2.57024121284485,2.57972979545593,2.15809750556946,2.17666101455688,2.68101167678833,1.87381374835968,0.00255007902160287,0.655563116073608,1.68051934242249,0.00345243676565588,0,0,0,0,0,0.00277609610930085,1.60192239284515,1.38270163536072,0,0.00283354078419507,0,0,0,0,0,0,1.0040807723999,0.00261985557153821,1.1021900177002,0,0,0.723450601100922,0.57708466053009,0,0,0,0,0,0,0,0,0,0,0,0,0,0.480996489524841,1.1084725856781,0.957745850086212,0.768068552017212,0,0,0,0,0,0,0,0,0,0,0.467375069856644,0,0,0,0,0,0,0,0,0,0,0,0,0,0,0,0,0,0,0,0,0,0,0,0,0,0,0,0,0,0,0,367
Altmarkkreis Salzwedel,0,0,0,0,0,0,0,0,0,0,0,0,0,0,0,0,0,0,0,0,0,0,0,0,0,0,0,0,0,0,0,0,0,0,0,0,0,0,0,0,0,0,0,0,0,0,0,0,0,0,0,0,0,0,0,0,0,0,0,0,0,0,0,0,0,0,0,0,0,0,0,0,0,0,0,0,0,0,0,0,0,0,0,0,0,0,0,0,0,0,0,0,0,0,0,0,0,0,0,0,0,0,0,0,0,0,0,0,0,0,0,0,0,0,0,0,0,0,0,0,0,0,0,0,0,0,0,0,0,0,0,0,0,0,0,0,0,0,0,0,0,0,0,0,0,0,0,0,0.0531816259026527,0.059938907623291,0,0,0,0,0,0,0,0,0,0,0,0,0,0,0,0,0,0,0,0,0,0,0.149257853627205,0.208932757377625,0.190411239862442,0.148293346166611,0,0,0.197451084852219,0,0.148810669779778,0.252377271652222,0,0,0,0.430222779512405,0.496637880802155,0.657266974449158,0.635781764984131,0.611562371253967,0.811007738113403,0.54670262336731,0.553428173065186,0.413171142339706,0.554172098636627,0.812193989753723,0.803223729133606,0.676817774772644,0.753052473068237,1.01598155498505,1.04522979259491,0.648496329784393,0.976339042186737,1.24686646461487,1.328120470047,1.02634716033936,0.876344442367554,0.889142155647278,1.19740927219391,1.37610733509064,1.61582732200623,1.63563990592957,0.816380560398102,0.886412441730499,1.4273374080658,1.81456506252289,1.33014297485352,0.735180377960205,0,0.653887450695038,1.0648752450943,0.791330218315125,0,0,0,0.573195934295654,1.12059330940247,1.11148750782013,1.10293817520142,0.556789219379425,0,0.682133972644806,0.912713468074799,1.40176212787628,1.50493776798248,1.54598617553711,1.44607138633728,1.36008679866791,1.88027226924896,2.11081433296204,2.22112035751343,1.94433927536011,1.84679353237152,1.93773376941681,1.74772167205811,1.74904930591583,1.557093501091,1.49636352062225,1.46216678619385,1.53612899780273,1.42519724369049,1.69135296344757,1.84571611881256,1.74668025970459,1.66625356674194,1.91637647151947,2.27600860595703,2.10618758201599,1.84277594089508,0.785460293292999,0.877880692481995,1.12577676773071,1.45922672748566,1.92326009273529,1.75612950325012,1.52742123603821,1.36544275283813,1.11501049995422,1.67796182632446,2.04443788528442,2.27179288864136,2.63601899147034,2.77816152572632,2.56779646873474,2.57724046707153,2.15548133850098,2.17401576042175,2.67829966545105,1.8708860874176,0,0.656945943832397,1.67854571342468,0,0,0,0,0,0,0,1.60058844089508,1.38168370723724,0,0,0,0,0,0,0,0,1.00371396541595,0,1.10224556922913,0,0,0.724976658821106,0.578301906585693,0,0,0,0,0,0,0,0,0,0,0,0,0,0.480158746242523,1.10752308368683,0.956666946411133,0.768141984939575,0,0,0,0,0,0,0,0,0,0,0.468360960483551,0,0,0,0,0,0,0,0,0,0,0,0,0,0,0,0,0,0,0,0,0,0,0,0,0,0,0,0,0,0,0,368
Anhalt-Bitterfeld,0,0,0,0,0,0,0,0,0,0,0,0,0,0,0,0,0,0,0,0,0,0,0,0,0,0,0,0,0,0,0,0,0,0,0,0,0,0,0,0,0,0,0,0,0,0,0,0,0,0,0,0,0,0,0,0,0,0,0,0,0,0,0,0,0,0,0,0,0,0,0,0,0,0,0,0,0,0,0,0,0,0,0,0,0,0,0,0,0,0,0,0,0,0,0,0,0,0,0,0,0,0,0,0,0,0,0,0,0,0,0,0,0,0,0,0,0,0,0,0,0,0,0,0,0,0,0,0,0,0,0,0,0,0,0,0,0,0,0,0,0,0,0,0,0,0,0,0,0.0563819669187069,0.0749116316437721,0.0146755678579211,0,0,0,0,0,0,0,0,0,0,0,0,0,0,0,0,0,0,0,0,0,0.0419575683772564,0.228843778371811,0.163991615176201,0.171220317482948,0,0,0.197001069784164,0,0.193339943885803,0.284742474555969,0,0,0.0411258600652218,0.444890856742859,0.566843092441559,0.696812570095062,0.776665210723877,0.747485458850861,0.896870195865631,0.636675119400024,0.590984523296356,0.48564538359642,0.706535339355469,0.940068662166595,0.978377163410187,0.928296744823456,0.871775567531586,1.20476675033569,1.3708975315094,0.809008657932281,1.14185321331024,1.359699010849,1.53897213935852,1.27376163005829,1.09311330318451,1.20617544651031,1.37745225429535,1.53709936141968,1.85346734523773,2.07701230049133,1.35678517818451,0.977084040641785,1.61808729171753,2.20368909835815,1.77974140644073,1.11279332637787,0.524411499500275,0.924602270126343,1.4133483171463,1.55972850322723,0.411449015140533,0,0,0.795019268989563,1.30381119251251,1.27153789997101,1.21062314510345,0.804682195186615,0.756860435009003,0.745672702789307,1.0797792673111,1.64604485034943,1.62331807613373,2.00716972351074,1.81350445747375,1.78338348865509,2.16720747947693,2.36010122299194,2.45751333236694,2.22930455207825,2.11044001579285,2.20359182357788,2.21136736869812,2.17496943473816,1.59372246265411,1.69604849815369,1.69760763645172,1.59217667579651,1.81580638885498,2.00162816047668,2.32008099555969,1.97517478466034,2.12850999832153,2.53529453277588,2.51166987419128,2.55248856544495,1.97079706192017,1.51119303703308,1.03393352031708,1.34797465801239,1.69247138500214,2.1584141254425,2.50395512580872,2.06042170524597,1.75698733329773,1.51904785633087,1.86879169940948,2.25049376487732,2.50236058235168,2.99311208724976,2.89885663986206,2.91727328300476,2.92214441299438,2.66867136955261,2.74392127990723,3.09561705589294,2.59589791297913,1.02958464622498,0.880653738975525,2.08651971817017,1.42442119121552,0,0,0,0,0,0.201227575540543,1.71201860904694,1.70123600959778,0,1.42662966251373,0,0,0,0,0,0,0.778085470199585,0.189902365207672,1.04528176784515,0,0.618490755558014,0.557398021221161,0,0.781029939651489,0,0,0,0,0,0,0,0,0,0,0,0,1.00596880912781,1.47136735916138,1.30890691280365,0.583070337772369,0,0,0,0,0,0,0,0,0,0,0,0,0,0,0,0,0,0,0,0,0,0,0,0,0,0,0,0,0,0,0,0,0,0,0,0,0,0,0,0,0,0,369
Börde,0,0,0,0,0,0,0,0,0,0,0,0,0,0,0,0,0,0,0,0,0,0,0,0,0,0,0,0,0,0,0,0,0,0,0,0,0,0,0,0,0,0,0,0,0,0,0,0,0,0,0,0,0,0,0,0,0,0,0,0,0,0,0,0,0,0,0,0,0,0,0,0,0,0,0,0,0,0,0,0,0,0,0,0,0,0,0,0,0,0,0,0,0,0,0,0,0,0,0,0,0,0,0,0,0,0,0,0,0,0,0,0,0,0,0,0,0,0,0,0,0,0,0,0,0,0,0,0,0,0,0,0,0,0,0,0,0,0,0,0,0,0,0,0,0,0,0,0,0.0505879297852516,0.0570923537015915,0.00229235203005373,0,0,0,0,0,0,0,0,0,0,0,0,0,0,0,0,0,0,0,0,0,0.141241610050201,0.198545202612877,0.179412767291069,0.141413882374763,0,0,0.188801288604736,0,0.140769839286804,0.238241210579872,0,0,0.00642393808811903,0.410994499921799,0.47664937376976,0.628748714923859,0.612690925598145,0.589097797870636,0.778718888759613,0.524629056453705,0.528488457202911,0.390869379043579,0.533334732055664,0.777859687805176,0.77352911233902,0.652374088764191,0.722772240638733,0.976572692394257,1.01003515720367,0.623327136039734,0.938830256462097,1.19694018363953,1.27863955497742,0.98875617980957,0.845412194728851,0.860840499401093,1.15154564380646,1.32191836833954,1.5542688369751,1.58074235916138,0.799961984157562,0.851507127285004,1.37401127815247,1.7508202791214,1.28724992275238,0.71092814207077,0,0.632495880126953,1.02887952327728,0.780672609806061,0,0,0,0.555798888206482,1.072838306427,1.06609904766083,1.05947852134705,0.533649206161499,0.0184411723166704,0.646422207355499,0.877352356910706,1.34811806678772,1.44240283966064,1.49544537067413,1.39655137062073,1.31138896942139,1.80947434902191,2.02880239486694,2.13314199447632,1.87176859378815,1.77628886699677,1.86370372772217,1.68694865703583,1.68626260757446,1.4930659532547,1.43518018722534,1.40227556228638,1.47391533851624,1.37638425827026,1.62876486778259,1.77827954292297,1.67819285392761,1.60636818408966,1.85052096843719,2.18584012985229,2.02581977844238,1.76455163955688,0.768660426139832,0.825905025005341,1.07907688617706,1.39883375167847,1.84478342533112,1.70176064968109,1.47286510467529,1.31308031082153,1.07641172409058,1.60925018787384,1.96410763263702,2.17929339408875,2.53036642074585,2.65912365913391,2.46461367607117,2.4770724773407,2.08066964149475,2.09996771812439,2.57537364959717,1.8119113445282,0.0288730729371309,0.608825981616974,1.61710476875305,0.0390899516642094,0,0,0,0,0,0.0314321368932724,1.53213703632355,1.32262587547302,0,0.0598821751773357,0,0,0,0,0,0,0.951331615447998,0.0296631138771772,1.03609502315521,0,0,0.654206573963165,0.521849870681763,0,0,0,0,0,0,0,0,0,0,0,0,0,0.472955346107483,1.06910061836243,0.924491047859192,0.728243708610535,0,0,0,0,0,0,0,0,0,0,0.422640979290009,0,0,0,0,0,0,0,0,0,0,0,0,0,0,0,0,0,0,0,0,0,0,0,0,0,0,0,0,0,0,0,370
Burgenlandkreis,0,0,0,0,0,0,0,0,0,0,0,0,0,0,0,0,0,0,0,0,0,0,0,0,0,0,0,0,0,0,0,0,0,0,0,0,0,0,0,0,0,0,0,0,0,0,0,0,0,0,0,0,0,0,0,0,0,0,0,0,0,0,0,0,0,0,0,0,0,0,0,0,0,0,0,0,0,0,0,0,0,0,0,0,0,0,0,0,0,0,0,0,0,0,0,0,0,0,0,0,0,0,0,0,0,0,0,0,0,0,0,0,0,0,0,0,0,0,0,0,0,0,0,0,0,0,0,0,0,0,0,0,0,0,0,0,0,0,0,0,0,0,0,0,0,0,0,0,0.0396738685667515,0.0516088157892227,0,0,0,0,0,0,0,0,0,0,0,0,0,0,0,0,0,0,0,0,0,0,0,0.147664681077003,0.0931023582816124,0.0988947525620461,0,0,0.125065609812737,0,0.122476406395435,0.175479099154472,0,0,0,0.310606181621552,0.398009568452835,0.493136644363403,0.544882893562317,0.533010601997375,0.638665378093719,0.429056614637375,0.402042359113693,0.298660218715668,0.500817835330963,0.677880227565765,0.683645784854889,0.632808327674866,0.617200970649719,0.876558899879456,0.99333667755127,0.563033282756805,0.824828445911407,0.988287746906281,1.12342393398285,0.926012873649597,0.794028341770172,0.890344738960266,1.02296805381775,1.13782298564911,1.37045705318451,1.54820585250854,1.03580105304718,0.716851830482483,1.19513750076294,1.64227950572968,1.34223616123199,0.826793551445007,0.423055946826935,0.663792848587036,1.09028363227844,1.24529314041138,0.331926256418228,0,0,0.559330105781555,0.922692060470581,0.925400853157043,0.822347342967987,0.487958610057831,0.515336513519287,0.442089110612869,0.784530580043793,1.21791672706604,1.18905830383301,1.51292705535889,1.35939002037048,1.37367844581604,1.63854992389679,1.79448413848877,1.87056279182434,1.69357824325562,1.58900928497314,1.63115549087524,1.60744524002075,1.64727592468262,1.19345104694366,1.26988458633423,1.28420126438141,1.15160858631134,1.36682724952698,1.50524258613586,1.74375295639038,1.4593141078949,1.60408091545105,1.9247955083847,1.84431529045105,1.89409911632538,1.42254447937012,1.08282196521759,0.659947276115417,0.959704339504242,1.25577831268311,1.58495080471039,1.9009336233139,1.55618178844452,1.25064587593079,1.08703422546387,1.35837745666504,1.64288973808289,1.85031867027283,2.22600865364075,2.15321779251099,2.14567017555237,2.15958452224731,1.96874928474426,2.03318381309509,2.28341341018677,1.88960230350494,0.681473016738892,0.779087066650391,1.53300499916077,0.947231233119965,0,0,0,0,0,0,1.25422048568726,1.27730822563171,0,1.10439872741699,0,0,0,0,0,0,0.557833313941956,0,0.778588950634003,0,0.498952031135559,0.449667006731033,0,0.63007652759552,0,0,0,0,0,0,0,0,0,0,0,0,0.783801019191742,1.13469660282135,0.987402558326721,0.45563143491745,0,0,0,0,0,0,0,0,0,0,0,0,0,0,0,0,0,0,0,0,0,0,0,0,0,0,0,0,0,0,0,0,0,0,0,0,0,0,0,0,0,0,371
Harz,0,0,0,0,0,0,0,0,0,0,0,0,0,0,0,0,0,0,0,0,0,0,0,0,0,0,0,0,0,0,0,0,0,0,0,0,0,0,0,0,0,0,0,0,0,0,0,0,0,0,0,0,0,0,0,0,0,0,0,0,0,0,0,0,0,0,0,0,0,0,0,0,0,0,0,0,0,0,0,0,0,0,0,0,0,0,0,0,0,0,0,0,0,0,0,0,0,0,0,0,0,0,0,0,0,0,0,0,0,0,0,0,0,0,0,0,0,0,0,0,0,0,0,0,0,0,0,0,0,0,0,0,0,0,0,0,0,0,0,0,0,0,0,0,0,0,0,0,0.014375664293766,0.0137293366715312,0,0,0,0,0,0,0,0,0,0,0,0,0,0,0,0,0,0,0,0,0,0,0.0122534101828933,0.0365486219525337,0.0156319234520197,0.012174230068922,0,0,0.043865367770195,0,0.0122166993096471,0.0207190588116646,0,0,0,0.126518547534943,0.156423017382622,0.205416992306709,0.20960907638073,0.211164072155952,0.273542881011963,0.146297320723534,0.144787520170212,0.0339195281267166,0.180542007088661,0.266269534826279,0.258032590150833,0.185737177729607,0.242377296090126,0.364167481660843,0.391926437616348,0.194510236382484,0.346239328384399,0.447382003068924,0.498506873846054,0.376085638999939,0.327596396207809,0.361740350723267,0.464914977550507,0.523224651813507,0.622144162654877,0.678784668445587,0.41978845000267,0.329717487096786,0.556731998920441,0.741371870040894,0.57714182138443,0.289974510669708,0,0.234087809920311,0.483650863170624,0.500511527061462,0,0,0,0.201173067092896,0.34099480509758,0.38812255859375,0.32390359044075,0.0457099378108978,0,0.0560001842677593,0.326267242431641,0.535797715187073,0.538442611694336,0.669274032115936,0.60526430606842,0.597526848316193,0.776249170303345,0.872346103191376,0.910739123821259,0.818459928035736,0.748350024223328,0.748759925365448,0.65773332118988,0.736102640628815,0.60439121723175,0.570392787456512,0.570863902568817,0.547659397125244,0.601849377155304,0.691544771194458,0.749476850032806,0.660338699817657,0.686567902565002,0.822682976722717,0.844730973243713,0.806909739971161,0.622059881687164,0.292085021734238,0.0720701366662979,0.353852719068527,0.533307552337646,0.694900393486023,0.783144235610962,0.628525972366333,0.442711412906647,0.38683608174324,0.587683618068695,0.751143157482147,0.843531787395477,0.999099254608154,1.0183767080307,0.939806282520294,0.980482459068298,0.856321930885315,0.88023966550827,1.01587617397308,0.724868953227997,0,0.253091603517532,0.636197924613953,0,0,0,0,0,0,0,0.561130106449127,0.503594934940338,0,0.34583768248558,0,0,0,0,0,0,0.300383687019348,0,0.287111401557922,0,0,0.0595173798501492,0.0474760346114635,0,0,0,0,0,0,0,0,0,0,0,0,0,0.272547125816345,0.495806217193604,0.404419213533401,0.282139152288437,0,0,0,0,0,0,0,0,0,0,0.038450364023447,0,0,0,0,0,0,0,0,0,0,0,0,0,0,0,0,0,0,0,0,0,0,0,0,0,0,0,0,0,0,0,372
Jerichower Land,0,0,0,0,0,0,0,0,0,0,0,0,0,0,0,0,0,0,0,0,0,0,0,0,0,0,0,0,0,0,0,0,0,0,0,0,0,0,0,0,0,0,0,0,0,0,0,0,0,0,0,0,0,0,0,0,0,0,0,0,0,0,0,0,0,0,0,0,0,0,0,0,0,0,0,0,0,0,0,0,0,0,0,0,0,0,0,0,0,0,0,0,0,0,0,0,0,0,0,0,0,0,0,0,0,0,0,0,0,0,0,0,0,0,0,0,0,0,0,0,0,0,0,0,0,0,0,0,0,0,0,0,0,0,0,0,0,0,0,0,0,0,0,0,0,0,0,0,0.0745486170053482,0.0952186062932014,0.0931797027587891,0,0,0,0,0,0,0,0,0,0,0,0,0,0,0,0,0,0,0,0,0,0.271065682172775,0.349951952695847,0.314423799514771,0.313416123390198,0,0,0.347683846950531,0,0.268277883529663,0.434700787067413,0,0,0.261120736598969,0.64096337556839,0.795774102210999,0.974445283412933,1.08967185020447,1.00669550895691,1.25465869903564,0.957752764225006,0.874880611896515,0.745826244354248,0.927984237670898,1.20034265518188,1.3775714635849,1.28780126571655,1.19081568717957,1.54384279251099,1.74926233291626,1.1087863445282,1.51048529148102,1.82972288131714,2.02752375602722,1.62303113937378,1.41200435161591,1.46198403835297,1.72652196884155,1.96016979217529,2.36038327217102,2.53062319755554,1.44483375549316,1.28654086589813,2.10437870025635,2.7300488948822,2.04700541496277,1.20405340194702,0,1.15602707862854,1.50082838535309,1.3083484172821,0,0,0,1.0815988779068,1.72673094272614,1.63008010387421,1.88182950019836,1.28610956668854,0.749598145484924,1.27637159824371,1.3915274143219,2.05071568489075,2.12096810340881,2.35619640350342,2.18045878410339,1.87222874164581,2.60979747772217,2.82380056381226,2.92655515670776,2.67320966720581,2.57000327110291,2.8134446144104,2.83888173103333,2.5066249370575,2.06739115715027,2.03492498397827,1.93996965885162,2.23702001571655,2.1312735080719,2.4140739440918,2.68643546104431,2.51234984397888,2.43308711051941,2.81305360794067,3.28743028640747,3.08469390869141,2.65171766281128,1.71464943885803,1.39809918403625,1.74972057342529,2.02974772453308,2.74691939353943,2.72530055046082,2.24689483642578,2.25197696685791,1.92530250549316,2.44738125801086,3.00492143630981,3.1786253452301,3.68996715545654,3.68948698043823,3.69296598434448,3.72291231155396,3.35944104194641,3.39142751693726,3.92641258239746,3.21820783615112,1.17363488674164,0.0205290243029594,2.58689069747925,1.58893120288849,0,0,0,0,0,1.27765583992004,2.21452903747559,1.85019373893738,0,1.30409383773804,0,0,0,0,0,0,1.1725606918335,1.20574855804443,1.07675564289093,0,0,0.0226549282670021,0.0180714633315802,0,0,0,0,0,0,0,0,0,0,0,0,0,0.865711569786072,1.54446601867676,1.45321130752563,0.734335124492645,0,0,0,0,0,0,0,0,0,0,0.0146358981728554,0,0,0,0,0,0,0,0,0,0,0,0,0,0,0,0,0,0,0,0,0,0,0,0,0,0,0,0,0,0,0,373
Mansfeld-Südharz,0,0,0,0,0,0,0,0,0,0,0,0,0,0,0,0,0,0,0,0,0,0,0,0,0,0,0,0,0,0,0,0,0,0,0,0,0,0,0,0,0,0,0,0,0,0,0,0,0,0,0,0,0,0,0,0,0,0,0,0,0,0,0,0,0,0,0,0,0,0,0,0,0,0,0,0,0,0,0,0,0,0,0,0,0,0,0,0,0,0,0,0,0,0,0,0,0,0,0,0,0,0,0,0,0,0,0,0,0,0,0,0,0,0,0,0,0,0,0,0,0,0,0,0,0,0,0,0,0,0,0,0,0,0,0,0,0,0,0,0,0,0,0,0,0,0,0,0,0.0110737131908536,0.00984291732311249,0,0,0,0,0,0,0,0,0,0,0,0,0,0,0,0,0,0,0,0,0,0,0,0.0218732543289661,0.000546204159036279,0.00058018637355417,0,0,0.0306859239935875,0,0.000718533061444759,0.00102948420681059,0,0,0,0.10059516876936,0.127590700984001,0.166929468512535,0.17368358373642,0.177451506257057,0.227897152304649,0.112354822456837,0.109963148832321,0.00175215164199471,0.149200275540352,0.220144361257553,0.212054759263992,0.144696399569511,0.199170455336571,0.309218555688858,0.337367355823517,0.156306833028793,0.293022781610489,0.379470497369766,0.428409367799759,0.321494966745377,0.281541794538498,0.317948460578918,0.403060376644135,0.450997680425644,0.538182616233826,0.598808109760284,0.388140112161636,0.282491087913513,0.483068853616714,0.651235997676849,0.514678537845612,0.253539115190506,0.00248194462619722,0.199282974004745,0.435531228780746,0.479023337364197,0.00194731366354972,0,0,0.17019647359848,0.275090724229813,0.326957821846008,0.257561236619949,0.00286270934157073,0.00302332756109536,0.0025936069432646,0.276812851428986,0.462803721427917,0.45632529258728,0.596272110939026,0.534929573535919,0.534278571605682,0.683145642280579,0.767639696598053,0.799859821796417,0.723488330841064,0.655615568161011,0.648221075534821,0.566390514373779,0.651383757591248,0.523139119148254,0.492165327072144,0.495800137519836,0.46331450343132,0.533130645751953,0.607422232627869,0.65783965587616,0.568435788154602,0.604843556880951,0.731904864311218,0.723335564136505,0.697764754295349,0.518218219280243,0.252856403589249,0.00387171632610261,0.288772732019424,0.45521953701973,0.590904474258423,0.703190624713898,0.554044425487518,0.365408211946487,0.326199531555176,0.495264828205109,0.641383588314056,0.722446858882904,0.860753178596497,0.86856609582901,0.802130699157715,0.845426857471466,0.747335612773895,0.771969735622406,0.875500798225403,0.62980592250824,0.00399800157174468,0.220269426703453,0.548780620098114,0.0055571268312633,0,0,0,0,0,0,0.472774565219879,0.430060267448425,0,0.381037563085556,0,0,0,0,0,0,0.239358603954315,0,0.217518463730812,0,0.00292720459401608,0.00263806409202516,0,0.00369647354818881,0,0,0,0,0,0,0,0,0,0,0,0,0.257087081670761,0.44516459107399,0.358737230300903,0.239944845438004,0,0,0,0,0,0,0,0,0,0,0,0,0,0,0,0,0,0,0,0,0,0,0,0,0,0,0,0,0,0,0,0,0,0,0,0,0,0,0,0,0,0,374
Saalekreis,0,0,0,0,0,0,0,0,0,0,0,0,0,0,0,0,0,0,0,0,0,0,0,0,0,0,0,0,0,0,0,0,0,0,0,0,0,0,0,0,0,0,0,0,0,0,0,0,0,0,0,0,0,0,0,0,0,0,0,0,0,0,0,0,0,0,0,0,0,0,0,0,0,0,0,0,0,0,0,0,0,0,0,0,0,0,0,0,0,0,0,0,0,0,0,0,0,0,0,0,0,0,0,0,0,0,0,0,0,0,0,0,0,0,0,0,0,0,0,0,0,0,0,0,0,0,0,0,0,0,0,0,0,0,0,0,0,0,0,0,0,0,0,0,0,0,0,0,0.0421488247811794,0.0552230887115002,0,0,0,0,0,0,0,0,0,0,0,0,0,0,0,0,0,0,0,0,0,0,0,0.158550232648849,0.101111844182014,0.107402555644512,0,0,0.133232891559601,0,0.133012920618057,0.19057534635067,0,0,0,0.32877978682518,0.4214106798172,0.521365463733673,0.57700514793396,0.563779473304749,0.674211859703064,0.456462860107422,0.42731785774231,0.324353635311127,0.531245589256287,0.717491149902344,0.724455654621124,0.675047755241394,0.653375864028931,0.925654530525208,1.05010187625885,0.598229944705963,0.870849013328552,1.04097259044647,1.18356812000275,0.978325664997101,0.838377118110657,0.939877927303314,1.07661271095276,1.19725847244263,1.44247925281525,1.63036346435547,1.09184741973877,0.754439949989319,1.25675737857819,1.7280410528183,1.41385006904602,0.876401007175446,0.459450900554657,0.703989923000336,1.14694356918335,1.311603307724,0.360481470823288,0,0,0.59300434589386,0.97873318195343,0.977188110351563,0.871221959590912,0.529937088489532,0.559670269489288,0.480121523141861,0.828466594219208,1.28326165676117,1.25246644020081,1.59225118160248,1.4307359457016,1.44631707668304,1.72122728824615,1.88334381580353,1.96321749687195,1.77752637863159,1.66978192329407,1.71621513366699,1.69753444194794,1.73345696926117,1.25145757198334,1.33718574047089,1.35242676734924,1.21117103099823,1.43897247314453,1.58293676376343,1.8377240896225,1.53640747070313,1.69055140018463,2.02802395820618,1.94132089614868,1.99762558937073,1.50080168247223,1.15464425086975,0.716721773147583,1.01776444911957,1.32505583763123,1.67097210884094,2.00458192825317,1.64290332794189,1.32725119590759,1.15287411212921,1.43306827545166,1.72955656051636,1.94792068004608,2.34415292739868,2.2643871307373,2.26193523406982,2.27330708503723,2.07444620132446,2.14232492446899,2.40524935722351,1.9986207485199,0.740099370479584,0.827445149421692,1.61817634105682,1.02872037887573,0,0,0,0,0,0,1.32184410095215,1.35062599182129,0,1.16699588298798,0,0,0,0,0,0,0.585392951965332,0,0.827142059803009,0,0.541876256465912,0.488351345062256,0,0.684281229972839,0,0,0,0,0,0,0,0,0,0,0,0,0.829380989074707,1.19436621665955,1.04180502891541,0.47429621219635,0,0,0,0,0,0,0,0,0,0,0,0,0,0,0,0,0,0,0,0,0,0,0,0,0,0,0,0,0,0,0,0,0,0,0,0,0,0,0,0,0,0,375
Salzlandkreis,0,0,0,0,0,0,0,0,0,0,0,0,0,0,0,0,0,0,0,0,0,0,0,0,0,0,0,0,0,0,0,0,0,0,0,0,0,0,0,0,0,0,0,0,0,0,0,0,0,0,0,0,0,0,0,0,0,0,0,0,0,0,0,0,0,0,0,0,0,0,0,0,0,0,0,0,0,0,0,0,0,0,0,0,0,0,0,0,0,0,0,0,0,0,0,0,0,0,0,0,0,0,0,0,0,0,0,0,0,0,0,0,0,0,0,0,0,0,0,0,0,0,0,0,0,0,0,0,0,0,0,0,0,0,0,0,0,0,0,0,0,0,0,0,0,0,0,0,0.0261864922940731,0.0312686040997505,0.00383541453629732,0,0,0,0,0,0,0,0,0,0,0,0,0,0,0,0,0,0,0,0,0,0.0156474951654673,0.090412050485611,0.0555309653282166,0.0565157867968082,0,0,0.0858204513788223,0,0.0640097707509995,0.0949601680040359,0,0,0.01074811629951,0.21524004638195,0.272408992052078,0.343043684959412,0.371084868907928,0.364297300577164,0.449039936065674,0.284610569477081,0.26950940489769,0.161373093724251,0.331544369459152,0.458087027072906,0.463040858507156,0.399472624063492,0.420840948820114,0.604134261608124,0.674423813819885,0.370069444179535,0.572569668292999,0.704384982585907,0.794279217720032,0.633709669113159,0.547256946563721,0.607042968273163,0.72491455078125,0.810712873935699,0.97249960899353,1.08241200447083,0.698900997638702,0.512591540813446,0.857891082763672,1.16105318069458,0.927324235439301,0.532311141490936,0.167494967579842,0.434786200523376,0.75548130273819,0.823524057865143,0.131415188312531,0,0,0.372675269842148,0.614637017250061,0.639248669147491,0.57168185710907,0.262878745794296,0.234884962439537,0.248088091611862,0.541243016719818,0.85299813747406,0.84418648481369,1.05731964111328,0.953896582126617,0.943885922431946,1.17371833324432,1.29599630832672,1.35069513320923,1.22149240970612,1.13685929775238,1.16220593452454,1.1043643951416,1.15192759037018,0.881086647510529,0.891342878341675,0.893977105617523,0.838938534259796,0.953201055526733,1.06703293323517,1.2035905122757,1.03380692005157,1.10449934005737,1.32173418998718,1.31587553024292,1.30827009677887,1.00107645988464,0.655035495758057,0.3452408015728,0.637609958648682,0.864669740200043,1.11016368865967,1.288538813591,1.04661798477173,0.820842504501343,0.71458512544632,0.95020192861557,1.17424142360687,1.31315171718597,1.5668466091156,1.54670023918152,1.50194239616394,1.53213036060333,1.37695169448853,1.41733741760254,1.60830247402191,1.26849627494812,0.318115204572678,0.4446721971035,1.05323445796967,0.440427541732788,0,0,0,0,0,0.0525902062654495,0.88532543182373,0.849917709827423,0,0.691685676574707,0,0,0,0,0,0,0.42585226893425,0.0496303960680962,0.499873608350754,0,0.197543516755104,0.200772255659103,0.0181405358016491,0.249457895755768,0,0,0,0,0,0,0,0,0,0,0,0,0.49572816491127,0.7811678647995,0.668696880340576,0.360899865627289,0,0,0,0,0,0,0,0,0,0,0.0146918399259448,0,0,0,0,0,0,0,0,0,0,0,0,0,0,0,0,0,0,0,0,0,0,0,0,0,0,0,0,0,0,0,376
Stendal,0,0,0,0,0,0,0,0,0,0,0,0,0,0,0,0,0,0,0,0,0,0,0,0,0,0,0,0,0,0,0,0,0,0,0,0,0,0,0,0,0,0,0,0,0,0,0,0,0,0,0,0,0,0,0,0,0,0,0,0,0,0,0,0,0,0,0,0,0,0,0,0,0,0,0,0,0,0,0,0,0,0,0,0,0,0,0,0,0,0,0,0,0,0,0,0,0,0,0,0,0,0,0,0,0,0,0,0,0,0,0,0,0,0,0,0,0,0,0,0,0,0,0,0,0,0,0,0,0,0,0,0,0,0,0,0,0,0,0,0,0,0,0,0,0,0,0,0,0.0672285258769989,0.0831321775913239,0.0612573884427547,0,0,0,0,0,0,0,0,0,0,0,0,0,0,0,0,0,0,0,0,0,0.229335695505142,0.30164036154747,0.271938502788544,0.256846934556961,0,0,0.296215772628784,0,0.227349773049355,0.37223881483078,0,0,0.171663716435432,0.568766057491302,0.693293392658234,0.865783631801605,0.934174180030823,0.871327340602875,1.10266888141632,0.81693160533905,0.764754712581635,0.631862342357635,0.799920380115509,1.06736719608307,1.18080639839172,1.07848525047302,1.04084300994873,1.36300349235535,1.50806879997253,0.951096177101135,1.3274929523468,1.63004291057587,1.78791606426239,1.41861402988434,1.22849345207214,1.26573491096497,1.54525399208069,1.76007652282715,2.10530686378479,2.22401213645935,1.22953271865845,1.14946138858795,1.87243211269379,2.41641426086426,1.80141639709473,1.0434228181839,0,0.983999669551849,1.35147571563721,1.13122379779816,0,0,0,0.907425761222839,1.51907503604889,1.45241618156433,1.61499011516571,1.036252617836,0.492794275283813,1.07279253005981,1.22749125957489,1.82839155197144,1.90992319583893,2.07862758636475,1.92886590957642,1.69677472114563,2.35987043380737,2.57953953742981,2.68488121032715,2.42350697517395,2.32223987579346,2.51343607902527,2.46506261825562,2.24708819389343,1.89256906509399,1.85041987895966,1.77627992630005,1.99690270423889,1.88937985897064,2.16647791862488,2.39841461181641,2.25004029273987,2.17037844657898,2.50586223602295,2.94092869758606,2.74946856498718,2.37458348274231,1.39631974697113,1.21987819671631,1.53596460819244,1.83429360389709,2.46474313735962,2.39327359199524,2.00041103363037,1.9482604265213,1.64770555496216,2.18378686904907,2.67587065696716,2.86795473098755,3.32889628410339,3.377277135849,3.30749559402466,3.3304181098938,2.94697833061218,2.97435617446899,3.49882316589355,2.75663089752197,0.771560788154602,0.238558277487755,2.27570176124573,1.04458129405975,0,0,0,0,0,0.839945375919342,2.00419998168945,1.68968749046326,0,0.857326030731201,0,0,0,0,0,0,1.11471581459045,0.792672693729401,1.08548820018768,0,0,0.263262420892715,0.210000097751617,0,0,0,0,0,0,0,0,0,0,0,0,0,0.733625531196594,1.39477443695068,1.28310084342957,0.745916962623596,0,0,0,0,0,0,0,0,0,0,0.170076966285706,0,0,0,0,0,0,0,0,0,0,0,0,0,0,0,0,0,0,0,0,0,0,0,0,0,0,0,0,0,0,0,377
Wittenberg,0,0,0,0,0,0,0,0,0,0,0,0,0,0,0,0,0,0,0,0,0,0,0,0,0,0,0,0,0,0,0,0,0,0,0,0,0,0,0,0,0,0,0,0,0,0,0,0,0,0,0,0,0,0,0,0,0,0,0,0,0,0,0,0,0,0,0,0,0,0,0,0,0,0,0,0,0,0,0,0,0,0,0,0,0,0,0,0,0,0,0,0,0,0,0,0,0,0,0,0,0,0,0,0,0,0,0,0,0,0,0,0,0,0,0,0,0,0,0,0,0,0,0,0,0,0,0,0,0,0,0,0,0,0,0,0,0,0,0,0,0,0,0,0,0,0,0,0,0.0534471236169338,0.0715738087892532,0.00198889384046197,0,0,0,0,0,0,0,0,0,0,0,0,0,0,0,0,0,0,0,0,0,0.0056862635537982,0.209285780787468,0.139954835176468,0.148259088397026,0,0,0.172793656587601,0,0.181076377630234,0.26048669219017,0,0,0.00557354697957635,0.413314908742905,0.529709100723267,0.652007699012756,0.725668251514435,0.705156683921814,0.838954508304596,0.584636986255646,0.54518336057663,0.443479180335999,0.670190989971161,0.897609353065491,0.913360714912415,0.869273900985718,0.819920480251312,1.14934086799622,1.30847203731537,0.760038554668427,1.08179533481598,1.28361535072327,1.45941960811615,1.21640360355377,1.04078984260559,1.16348385810852,1.32046449184418,1.46831798553467,1.77082979679108,2.00191640853882,1.33992564678192,0.926909446716309,1.53899896144867,2.11716723442078,1.73454391956329,1.09623515605927,0.60603404045105,0.886060953140259,1.39754378795624,1.59625911712646,0.475489377975464,0,0,0.747861862182617,1.23494231700897,1.21312868595123,1.10224211215973,0.726088345050812,0.754227340221405,0.660088181495667,1.028853058815,1.57980144023895,1.54276812076569,1.94877755641937,1.75270247459412,1.76698386669159,2.09465742111206,2.28434872627258,2.38096714019775,2.15655326843262,2.03527998924255,2.1042742729187,2.10821914672852,2.11954522132874,1.51743578910828,1.64059996604919,1.65748608112335,1.48829054832458,1.76316034793854,1.93380415439606,2.25883865356445,1.8877215385437,2.07725405693054,2.48756074905396,2.3858482837677,2.46474051475525,1.86075329780579,1.47486066818237,0.974640965461731,1.28231203556061,1.63711142539978,2.06268048286438,2.46463775634766,2.02778577804565,1.67549335956573,1.45174777507782,1.77487373352051,2.1282479763031,2.39254975318909,2.87935829162598,2.77122282981873,2.79089093208313,2.79175639152527,2.55511140823364,2.63702750205994,2.96004104614258,2.49227356910706,1.00127136707306,1.01772403717041,2.00407862663269,1.3908383846283,0,0,0,0,0,0.0272711962461472,1.63072264194489,1.67569923400879,0,1.43915450572968,0,0,0,0,0,0,0.715839326381683,0.0257363542914391,1.04051101207733,0,0.714756309986115,0.644154846668243,0,0.902594149112701,0,0,0,0,0,0,0,0,0,0,0,0,1.02586364746094,1.45779621601105,1.28395354747772,0.559696316719055,0,0,0,0,0,0,0,0,0,0,0,0,0,0,0,0,0,0,0,0,0,0,0,0,0,0,0,0,0,0,0,0,0,0,0,0,0,0,0,0,0,0,378
Erfurt,0,0,0,0,0,0,0,0,0,0,0,0,0,0,0,0,0,0,0,0,0,0,0,0,0,0,0,0,0,0,0,0,0,0,0,0,0,0,0,0,0,0,0,0,0,0,0,0,0,0,0,0,0,0,0,0,0,0,0,0,0,0,0,0,0,0,0,0,0,0,0,0,0,0,0,0,0,0,0,0,0,0,0,0,0,0,0,0,0,0,0,0,0,0,0,0,0,0,0,0,0,0,0,0,0,0,0,0,0,0,0,0,0,0,0,0,0,0,0,0,0,0,0,0,0,0,0,0,0,0,0,0,0,0,0,0,0,0,0,0,0,0,0,0,0,0,0,0,0.0109049342572689,0.0095964428037405,0,0,0,0,0,0,0,0,0,0,0,0,0,0,0,0,0,0,0,0,0,0,0,0.0211309175938368,0,0,0,0,0.0301289577037096,0,0,0,0,0,0,0.0993558242917061,0.125994861125946,0.165004402399063,0.171493008732796,0.175353243947029,0.225473076105118,0.110485851764679,0.108239494264126,0,0.147125259041786,0.217443093657494,0.209271728992462,0.141815885901451,0.196703508496284,0.30587050318718,0.333496242761612,0.153906598687172,0.289884388446808,0.375877648591995,0.424307823181152,0.31792750954628,0.278517425060272,0.314570546150208,0.3994020819664,0.446944504976273,0.533271074295044,0.593205332756042,0.384318023920059,0.279927790164948,0.478866696357727,0.645387530326843,0.50979483127594,0.250156164169312,0,0.196541741490364,0.431667298078537,0.474501311779022,0,0,0,0.167900055646896,0.271269023418427,0.323426216840744,0.254228234291077,0,0,0,0.273816615343094,0.458347499370575,0.452001214027405,0.590862631797791,0.530064105987549,0.529325008392334,0.67750746011734,0.761579871177673,0.793541193008423,0.717763543128967,0.650107324123383,0.642420411109924,0.56024694442749,0.645506680011749,0.519183337688446,0.487575739622116,0.491147488355637,0.459252595901489,0.528210699558258,0.602123916149139,0.651431322097778,0.563178420066833,0.598946690559387,0.724865198135376,0.716720283031464,0.690704762935638,0.512881457805634,0.247958481311798,0,0.284813344478607,0.450495153665543,0.585038304328918,0.696122348308563,0.548130512237549,0.360184133052826,0.32170957326889,0.490171283483505,0.635473310947418,0.715790867805481,0.852696359157562,0.860984921455383,0.794201970100403,0.83767157793045,0.740127623081207,0.764526903629303,0.867192268371582,0.622371435165405,0,0.216971650719643,0.542972385883331,0,0,0,0,0,0,0,0.46816298365593,0.425060391426086,0,0.376768708229065,0,0,0,0,0,0,0.237479194998741,0,0.214207395911217,0,0,0,0,0,0,0,0,0,0,0,0,0,0,0,0,0,0.253978759050369,0.441095441579819,0.355027288198471,0.238672003149986,0,0,0,0,0,0,0,0,0,0,0,0,0,0,0,0,0,0,0,0,0,0,0,0,0,0,0,0,0,0,0,0,0,0,0,0,0,0,0,0,0,0,379
Gera,0,0,0,0,0,0,0,0,0,0,0,0,0,0,0,0,0,0,0,0,0,0,0,0,0,0,0,0,0,0,0,0,0,0,0,0,0,0,0,0,0,0,0,0,0,0,0,0,0,0,0,0,0,0,0,0,0,0,0,0,0,0,0,0,0,0,0,0,0,0,0,0,0,0,0,0,0,0,0,0,0,0,0,0,0,0,0,0,0,0,0,0,0,0,0,0,0,0,0,0,0,0,0,0,0,0,0,0,0,0,0,0,0,0,0,0,0,0,0,0,0,0,0,0,0,0,0,0,0,0,0,0,0,0,0,0,0,0,0,0,0,0,0,0,0,0,0,0,0.052987027913332,0.0710505247116089,0,0,0,0,0,0,0,0,0,0,0,0,0,0,0,0,0,0,0,0,0,0,0,0.206219658255577,0.136186584830284,0.144659444689751,0,0,0.168998643755913,0,0.179153800010681,0.256684124469757,0,0,0,0.408364742994308,0.523887574672699,0.644983649253845,0.717673420906067,0.69852077960968,0.829874992370605,0.576478958129883,0.538003087043762,0.436868757009506,0.664493262767792,0.890952944755554,0.903167963027954,0.860020816326141,0.811791062355042,1.14065170288086,1.2986855506897,0.752361476421356,1.07238006591797,1.27168774604797,1.44694805145264,1.20741152763367,1.0325870513916,1.15679109096527,1.31153047084808,1.45753502845764,1.75787460803986,1.99014341831207,1.33728241920471,0.919043600559235,1.52660012245178,2.10360288619995,1.7274581193924,1.0936393737793,0.618830025196075,0.880018770694733,1.39506602287292,1.60198605060577,0.485529035329819,0,0,0.740468919277191,1.22414565086365,1.20397174358368,1.08525109291077,0.713767111301422,0.753814518451691,0.646671056747437,1.02086937427521,1.56941628456116,1.53014016151428,1.93962323665619,1.74317038059235,1.76441276073456,2.08328366279602,2.27247285842896,2.36896705627441,2.14514780044556,2.02349710464478,2.08870434761047,2.09204864501953,2.11085629463196,1.50547635555267,1.63190722465515,1.65119624137878,1.47200429439545,1.75490689277649,1.92317128181458,2.24923777580261,1.87401139736176,2.0692183971405,2.48007726669312,2.36612296104431,2.45098376274109,1.84350168704987,1.46916484832764,0.965345621109009,1.27201807498932,1.62843251228333,2.04767203330994,2.45847415924072,2.02266955375671,1.662717461586,1.44119703769684,1.76015019416809,2.10908341407776,2.37533473968506,2.86152482032776,2.75121378898621,2.77107787132263,2.77131533622742,2.53730821609497,2.62026977539063,2.93878650665283,2.47602820396423,0.996832668781281,1.03921246528625,1.99115431308746,1.38557350635529,0,0,0,0,0,0,1.61797773838043,1.67169582843781,0,1.44111800193787,0,0,0,0,0,0,0.706080853939056,0,1.03976309299469,0,0.72984790802002,0.657755672931671,0,0.921651721000671,0,0,0,0,0,0,0,0,0,0,0,0,1.02898252010345,1.45566868782043,1.28004157543182,0.556031942367554,0,0,0,0,0,0,0,0,0,0,0,0,0,0,0,0,0,0,0,0,0,0,0,0,0,0,0,0,0,0,0,0,0,0,0,0,0,0,0,0,0,0,380
Jena,0,0,0,0,0,0,0,0,0,0,0,0,0,0,0,0,0,0,0,0,0,0,0,0,0,0,0,0,0,0,0,0,0,0,0,0,0,0,0,0,0,0,0,0,0,0,0,0,0,0,0,0,0,0,0,0,0,0,0,0,0,0,0,0,0,0,0,0,0,0,0,0,0,0,0,0,0,0,0,0,0,0,0,0,0,0,0,0,0,0,0,0,0,0,0,0,0,0,0,0,0,0,0,0,0,0,0,0,0,0,0,0,0,0,0,0,0,0,0,0,0,0,0,0,0,0,0,0,0,0,0,0,0,0,0,0,0,0,0,0,0,0,0,0,0,0,0,0,0.0109049333259463,0.0095964428037405,0,0,0,0,0,0,0,0,0,0,0,0,0,0,0,0,0,0,0,0,0,0,0,0.0211309175938368,0,0,0,0,0.0301289577037096,0,0,0,0,0,0,0.0993558242917061,0.125994876027107,0.165004402399063,0.171493023633957,0.175353243947029,0.225473076105118,0.11048585921526,0.108239494264126,0,0.147125244140625,0.217443093657494,0.209271728992462,0.141815885901451,0.196703508496284,0.30587050318718,0.333496272563934,0.153906598687172,0.28988441824913,0.375877648591995,0.424307823181152,0.31792750954628,0.278517425060272,0.31457057595253,0.399402111768723,0.44694447517395,0.533271074295044,0.593205392360687,0.384318023920059,0.279927790164948,0.478866696357727,0.645387530326843,0.50979483127594,0.250156164169312,0,0.196541741490364,0.431667298078537,0.474501311779022,0,0,0,0.167900055646896,0.271269023418427,0.323426216840744,0.254228234291077,0,0,0,0.273816615343094,0.458347529172897,0.452001184225082,0.590862631797791,0.530064165592194,0.529325008392334,0.67750746011734,0.761579871177673,0.793541193008423,0.717763483524323,0.650107324123383,0.642420411109924,0.56024694442749,0.645506620407104,0.519183337688446,0.487575739622116,0.491147488355637,0.459252625703812,0.528210699558258,0.602123916149139,0.651431322097778,0.563178420066833,0.598946690559387,0.724865198135376,0.716720283031464,0.690704762935638,0.512881517410278,0.247958481311798,0,0.284813344478607,0.450495183467865,0.585038304328918,0.696122288703918,0.548130512237549,0.360184103250504,0.321709543466568,0.490171283483505,0.635473310947418,0.715790867805481,0.852696359157562,0.860984921455383,0.794201970100403,0.83767157793045,0.740127623081207,0.764526844024658,0.867192268371582,0.622371435165405,0,0.216971650719643,0.542972385883331,0,0,0,0,0,0,0,0.46816298365593,0.425060391426086,0,0.376768708229065,0,0,0,0,0,0,0.237479194998741,0,0.214207395911217,0,0,0,0,0,0,0,0,0,0,0,0,0,0,0,0,0,0.253978759050369,0.441095411777496,0.355027258396149,0.238672003149986,0,0,0,0,0,0,0,0,0,0,0,0,0,0,0,0,0,0,0,0,0,0,0,0,0,0,0,0,0,0,0,0,0,0,0,0,0,0,0,0,0,0,381
Suhl,0,0,0,0,0,0,0,0,0,0,0,0,0,0,0,0,0,0,0,0,0,0,0,0,0,0,0,0,0,0,0,0,0,0,0,0,0,0,0,0,0,0,0,0,0,0,0,0,0,0,0,0,0,0,0,0,0,0,0,0,0,0,0,0,0,0,0,0,0,0,0,0,0,0,0,0,0,0,0,0,0,0,0,0,0,0,0,0,0,0,0,0,0,0,0,0,0,0,0,0,0,0,0,0,0,0,0,0,0,0,0,0,0,0,0,0,0,0,0,0,0,0,0,0,0,0,0,0,0,0,0,0,0,0,0,0,0,0,0,0,0,0,0,0,0,0,0,0,0.0109049333259463,0.0095964428037405,0,0,0,0,0,0,0,0,0,0,0,0,0,0,0,0,0,0,0,0,0,0,0,0.0211309175938368,0,0,0,0,0.0301289577037096,0,0,0,0,0,0,0.0993558168411255,0.125994861125946,0.165004417300224,0.171493008732796,0.175353229045868,0.225473061203957,0.11048585921526,0.108239494264126,0,0.147125259041786,0.217443093657494,0.209271728992462,0.141815885901451,0.196703508496284,0.30587050318718,0.333496242761612,0.153906598687172,0.28988441824913,0.375877648591995,0.424307823181152,0.31792750954628,0.278517425060272,0.314570546150208,0.3994020819664,0.44694447517395,0.533271133899689,0.593205392360687,0.384318023920059,0.279927790164948,0.478866696357727,0.645387530326843,0.50979483127594,0.250156164169312,0,0.196541756391525,0.431667298078537,0.4745012819767,0,0,0,0.167900055646896,0.271268993616104,0.323426187038422,0.254228234291077,0,0,0,0.273816615343094,0.458347499370575,0.452001184225082,0.590862572193146,0.530064105987549,0.529325008392334,0.67750746011734,0.761579930782318,0.793541193008423,0.717763483524323,0.650107324123383,0.642420411109924,0.56024694442749,0.645506620407104,0.519183337688446,0.487575709819794,0.491147518157959,0.459252625703812,0.528210759162903,0.602123916149139,0.651431322097778,0.563178420066833,0.598946690559387,0.724865198135376,0.716720283031464,0.690704822540283,0.512881457805634,0.247958481311798,0,0.284813314676285,0.450495153665543,0.585038304328918,0.696122348308563,0.548130452632904,0.360184133052826,0.321709543466568,0.490171283483505,0.635473310947418,0.715790867805481,0.852696359157562,0.860984921455383,0.794201970100403,0.837671637535095,0.740127623081207,0.764526844024658,0.867192268371582,0.622371435165405,0,0.216971650719643,0.542972385883331,0,0,0,0,0,0,0,0.468163013458252,0.425060391426086,0,0.376768738031387,0,0,0,0,0,0,0.23747918009758,0,0.214207395911217,0,0,0,0,0,0,0,0,0,0,0,0,0,0,0,0,0,0.253978759050369,0.441095441579819,0.355027258396149,0.238671988248825,0,0,0,0,0,0,0,0,0,0,0,0,0,0,0,0,0,0,0,0,0,0,0,0,0,0,0,0,0,0,0,0,0,0,0,0,0,0,0,0,0,0,382
Weimar,0,0,0,0,0,0,0,0,0,0,0,0,0,0,0,0,0,0,0,0,0,0,0,0,0,0,0,0,0,0,0,0,0,0,0,0,0,0,0,0,0,0,0,0,0,0,0,0,0,0,0,0,0,0,0,0,0,0,0,0,0,0,0,0,0,0,0,0,0,0,0,0,0,0,0,0,0,0,0,0,0,0,0,0,0,0,0,0,0,0,0,0,0,0,0,0,0,0,0,0,0,0,0,0,0,0,0,0,0,0,0,0,0,0,0,0,0,0,0,0,0,0,0,0,0,0,0,0,0,0,0,0,0,0,0,0,0,0,0,0,0,0,0,0,0,0,0,0,0.0109049333259463,0.00959644187241793,0,0,0,0,0,0,0,0,0,0,0,0,0,0,0,0,0,0,0,0,0,0,0,0.0211309157311916,0,0,0,0,0.0301289558410645,0,0,0,0,0,0,0.0993558168411255,0.125994861125946,0.165004402399063,0.171493023633957,0.175353229045868,0.225473061203957,0.110485851764679,0.108239501714706,0,0.147125259041786,0.217443093657494,0.209271743893623,0.141815885901451,0.196703508496284,0.30587050318718,0.333496242761612,0.153906598687172,0.28988441824913,0.375877648591995,0.424307823181152,0.31792750954628,0.278517425060272,0.31457057595253,0.399402111768723,0.446944504976273,0.533271074295044,0.593205392360687,0.384318023920059,0.279927790164948,0.478866696357727,0.645387530326843,0.509794890880585,0.250156164169312,0,0.196541756391525,0.431667268276215,0.4745012819767,0,0,0,0.167900055646896,0.271269023418427,0.323426216840744,0.254228234291077,0,0,0,0.273816615343094,0.458347499370575,0.45200115442276,0.590862572193146,0.530064165592194,0.529325008392334,0.67750746011734,0.761579871177673,0.793541193008423,0.717763543128967,0.650107324123383,0.642420411109924,0.56024694442749,0.645506680011749,0.519183337688446,0.487575709819794,0.491147488355637,0.459252595901489,0.528210699558258,0.602123856544495,0.651431322097778,0.563178420066833,0.598946690559387,0.724865198135376,0.716720283031464,0.690704822540283,0.512881457805634,0.247958466410637,0,0.284813344478607,0.450495153665543,0.585038244724274,0.696122288703918,0.548130512237549,0.360184133052826,0.32170957326889,0.490171283483505,0.635473310947418,0.715790867805481,0.852696299552917,0.860984861850739,0.794201970100403,0.83767157793045,0.740127623081207,0.764526844024658,0.867192268371582,0.622371435165405,0,0.216971635818481,0.542972385883331,0,0,0,0,0,0,0,0.46816298365593,0.425060391426086,0,0.376768738031387,0,0,0,0,0,0,0.237479194998741,0,0.214207410812378,0,0,0,0,0,0,0,0,0,0,0,0,0,0,0,0,0,0.253978729248047,0.441095411777496,0.355027258396149,0.238672003149986,0,0,0,0,0,0,0,0,0,0,0,0,0,0,0,0,0,0,0,0,0,0,0,0,0,0,0,0,0,0,0,0,0,0,0,0,0,0,0,0,0,0,383
Eichsfeld,0,0,0,0,0,0,0,0,0,0,0,0,0,0,0,0,0,0,0,0,0,0,0,0,0,0,0,0,0,0,0,0,0,0,0,0,0,0,0,0,0,0,0,0,0,0,0,0,0,0,0,0,0,0,0,0,0,0,0,0,0,0,0,0,0,0,0,0,0,0,0,0,0,0,0,0,0,0,0,0,0,0,0,0,0,0,0,0,0,0,0,0,0,0,0,0,0,0,0,0,0,0,0,0,0,0,0,0,0,0,0,0,0,0,0,0,0,0,0,0,0,0,0,0,0,0,0,0,0,0,0,0,0,0,0,0,0,0,0,0,0,0,0,0,0,0,0,0,0.0163344237953424,0.00525142205879092,0,0,0,0,0,0,0,0,0,0,0,0,0,0,0,0,0,0,0,0,0,0,0,0.0291063077747822,0,0,0,0,0.0371608547866344,0,0,0,0,0,0,0.111391946673393,0.142725139856339,0.18911100924015,0.179325193166733,0.193409577012062,0.252105534076691,0.0604607276618481,0.0592314600944519,0,0.148841723799706,0.233938217163086,0.206909313797951,0.0776053294539452,0.194201305508614,0.314559131860733,0.335481464862823,0.166719600558281,0.308817356824875,0.403786420822144,0.4498610496521,0.331077247858047,0.28395277261734,0.32935830950737,0.434316664934158,0.488156646490097,0.567574977874756,0.624066174030304,0.402458190917969,0.304224014282227,0.50562983751297,0.671535968780518,0.52062326669693,0.241435825824738,0,0.107552744448185,0.459222078323364,0.491535931825638,0,0,0,0.0918792635202408,0.148445442318916,0.305907130241394,0.139120295643806,0,0,0,0.14983956515789,0.462685137987137,0.463466793298721,0.58741694688797,0.53246408700943,0.546124637126923,0.699319779872894,0.791955173015594,0.827741086483002,0.759691417217255,0.683404624462128,0.63496059179306,0.538750052452087,0.659653127193451,0.540005087852478,0.486053943634033,0.50189596414566,0.467613339424133,0.542531669139862,0.639834880828857,0.648196697235107,0.579403221607208,0.584450840950012,0.711352646350861,0.722759604454041,0.651757776737213,0.461092382669449,0.135689318180084,0,0.306279063224792,0.447775661945343,0.574656069278717,0.663484632968903,0.510362029075623,0.197102084755898,0.176047831773758,0.478786021471024,0.622660279273987,0.711107015609741,0.849113881587982,0.867107331752777,0.7998166680336,0.830903112888336,0.730282127857208,0.737884223461151,0.841477453708649,0.549529433250427,0,0.118732519447803,0.504725337028503,0,0,0,0,0,0,0,0.455395698547363,0.393352031707764,0,0.313722759485245,0,0,0,0,0,0,0.232742518186569,0,0.117219842970371,0,0,0,0,0,0,0,0,0,0,0,0,0,0,0,0,0,0.232163950800896,0.417586833238602,0.331761509180069,0.230033487081528,0,0,0,0,0,0,0,0,0,0,0,0,0,0,0,0,0,0,0,0,0,0,0,0,0,0,0,0,0,0,0,0,0,0,0,0,0,0,0,0,0,0,384
Nordhausen,0,0,0,0,0,0,0,0,0,0,0,0,0,0,0,0,0,0,0,0,0,0,0,0,0,0,0,0,0,0,0,0,0,0,0,0,0,0,0,0,0,0,0,0,0,0,0,0,0,0,0,0,0,0,0,0,0,0,0,0,0,0,0,0,0,0,0,0,0,0,0,0,0,0,0,0,0,0,0,0,0,0,0,0,0,0,0,0,0,0,0,0,0,0,0,0,0,0,0,0,0,0,0,0,0,0,0,0,0,0,0,0,0,0,0,0,0,0,0,0,0,0,0,0,0,0,0,0,0,0,0,0,0,0,0,0,0,0,0,0,0,0,0,0,0,0,0,0,0.0109049333259463,0.00959644187241793,0,0,0,0,0,0,0,0,0,0,0,0,0,0,0,0,0,0,0,0,0,0,0,0.0211309157311916,0,0,0,0,0.0301289577037096,0,0,0,0,0,0,0.0993558168411255,0.125994876027107,0.165004402399063,0.171493008732796,0.175353243947029,0.225473076105118,0.110485851764679,0.108239494264126,0,0.147125244140625,0.217443108558655,0.209271743893623,0.141815885901451,0.196703493595123,0.30587050318718,0.333496242761612,0.153906598687172,0.28988441824913,0.375877648591995,0.424307852983475,0.31792750954628,0.278517425060272,0.314570546150208,0.399402111768723,0.446944504976273,0.533271133899689,0.593205392360687,0.384318023920059,0.279927790164948,0.478866696357727,0.645387530326843,0.50979483127594,0.250156164169312,0,0.196541756391525,0.431667268276215,0.474501311779022,0,0,0,0.167900055646896,0.271269023418427,0.323426187038422,0.254228234291077,0,0,0,0.273816615343094,0.458347499370575,0.452001184225082,0.590862572193146,0.530064105987549,0.529325008392334,0.67750746011734,0.761579871177673,0.793541133403778,0.717763483524323,0.650107324123383,0.642420411109924,0.56024694442749,0.645506680011749,0.519183397293091,0.487575739622116,0.491147518157959,0.459252625703812,0.528210699558258,0.602123916149139,0.651431322097778,0.563178420066833,0.598946750164032,0.724865198135376,0.716720283031464,0.690704822540283,0.512881517410278,0.247958496212959,0,0.284813314676285,0.450495183467865,0.585038244724274,0.696122348308563,0.548130452632904,0.360184103250504,0.32170957326889,0.490171283483505,0.635473310947418,0.715790867805481,0.852696299552917,0.860984921455383,0.794202029705048,0.837671637535095,0.740127623081207,0.764526903629303,0.867192268371582,0.62237137556076,0,0.216971650719643,0.542972385883331,0,0,0,0,0,0,0,0.46816298365593,0.425060391426086,0,0.376768738031387,0,0,0,0,0,0,0.23747918009758,0,0.214207410812378,0,0,0,0,0,0,0,0,0,0,0,0,0,0,0,0,0,0.253978759050369,0.441095441579819,0.355027258396149,0.238672003149986,0,0,0,0,0,0,0,0,0,0,0,0,0,0,0,0,0,0,0,0,0,0,0,0,0,0,0,0,0,0,0,0,0,0,0,0,0,0,0,0,0,0,385
Wartburgkreis,0,0,0,0,0,0,0,0,0,0,0,0,0,0,0,0,0,0,0,0,0,0,0,0,0,0,0,0,0,0,0,0,0,0,0,0,0,0,0,0,0,0,0,0,0,0,0,0,0,0,0,0,0,0,0,0,0,0,0,0,0,0,0,0,0,0,0,0,0,0,0,0,0,0,0,0,0,0,0,0,0,0,0,0,0,0,0,0,0,0,0,0,0,0,0,0,0,0,0,0,0,0,0,0,0,0,0,0,0,0,0,0,0,0,0,0,0,0,0,0,0,0,0,0,0,0,0,0,0,0,0,0,0,0,0,0,0,0,0,0,0,0,0,0,0,0,0,0,0.0177797768265009,0.00409475713968277,0,0,0,0,0,0,0,0,0,0,0,0,0,0,0,0,0,0,0,0,0,0,0,0.0312293898314238,0,0,0,0,0.0390327759087086,0,0,0,0,0,0,0.114596016705036,0.147178798913956,0.195528283715248,0.181410133838654,0.198216259479523,0.2591952085495,0.0471438020467758,0.0461852885782719,0,0.149298653006554,0.238329261541367,0.206280380487442,0.0605121776461601,0.193535223603249,0.31687206029892,0.336009919643402,0.170130461454391,0.313857346773148,0.411215871572495,0.456663399934769,0.334577739238739,0.28539964556694,0.333294868469238,0.443610996007919,0.499127447605133,0.576706767082214,0.632281422615051,0.407287150621414,0.310691773891449,0.512754261493683,0.678496837615967,0.523505806922913,0.239114418625832,0,0.0838634446263313,0.466557264328003,0.496070593595505,0,0,0,0.0716421753168106,0.115749225020409,0.301243424415588,0.108478002250195,0,0,0,0.11683627218008,0.463839799165726,0.466518998146057,0.586499631404877,0.533102929592133,0.55059677362442,0.705126225948334,0.800041139125824,0.83684515953064,0.770852744579315,0.692268431186676,0.632974624633789,0.533027410507202,0.66341894865036,0.545547902584076,0.485648840665817,0.504757225513458,0.469838917255402,0.546343922615051,0.649873673915863,0.647335588932037,0.583722293376923,0.580591917037964,0.707755446434021,0.724367260932922,0.641389846801758,0.447305828332901,0.105802729725838,0,0.311993300914764,0.447051644325256,0.571892261505127,0.654796302318573,0.500307857990265,0.15368889272213,0.137271970510483,0.475755125284195,0.619249284267426,0.709860146045685,0.848160088062286,0.868737041950226,0.801311254501343,0.829101264476776,0.7276611328125,0.730791866779327,0.83463191986084,0.530138552188873,0,0.0925807952880859,0.494543761014938,0,0,0,0,0,0,0,0.451996982097626,0.384911090135574,0,0.296939611434937,0,0,0,0,0,0,0.231481581926346,0,0.0914013013243675,0,0,0,0,0,0,0,0,0,0,0,0,0,0,0,0,0,0.226356714963913,0.411328703165054,0.325568020343781,0.227733865380287,0,0,0,0,0,0,0,0,0,0,0,0,0,0,0,0,0,0,0,0,0,0,0,0,0,0,0,0,0,0,0,0,0,0,0,0,0,0,0,0,0,0,386
Unstrut-Hainich-Kreis,0,0,0,0,0,0,0,0,0,0,0,0,0,0,0,0,0,0,0,0,0,0,0,0,0,0,0,0,0,0,0,0,0,0,0,0,0,0,0,0,0,0,0,0,0,0,0,0,0,0,0,0,0,0,0,0,0,0,0,0,0,0,0,0,0,0,0,0,0,0,0,0,0,0,0,0,0,0,0,0,0,0,0,0,0,0,0,0,0,0,0,0,0,0,0,0,0,0,0,0,0,0,0,0,0,0,0,0,0,0,0,0,0,0,0,0,0,0,0,0,0,0,0,0,0,0,0,0,0,0,0,0,0,0,0,0,0,0,0,0,0,0,0,0,0,0,0,0,0.0112620312720537,0.00931067019701004,0,0,0,0,0,0,0,0,0,0,0,0,0,0,0,0,0,0,0,0,0,0,0,0.0216554589569569,0,0,0,0,0.0305914469063282,0,0,0,0,0,0,0.100147433578968,0.127095207571983,0.16658990085125,0.172008141875267,0.176540806889534,0.227224692702293,0.1071957051754,0.105016238987446,0,0.147238150238991,0.218527987599373,0.209116369485855,0.137592762708664,0.19653894007206,0.306441992521286,0.333626836538315,0.154749304056168,0.291129618883133,0.377713203430176,0.425988465547562,0.318792343139648,0.278874903917313,0.31554314494133,0.401698440313339,0.449655026197433,0.535527229309082,0.595235168933868,0.385511100292206,0.281525731086731,0.480626940727234,0.647107362747192,0.510507047176361,0.249582648277283,0,0.190688952803612,0.433479577302933,0.475621670484543,0,0,0,0.162900179624557,0.263190925121307,0.322273969650269,0.246657609939575,0,0,0,0.265662670135498,0.458632797002792,0.452755302190781,0.590636014938354,0.530221998691559,0.530429899692535,0.678942084312439,0.763577699661255,0.795790553092957,0.720521152019501,0.652297258377075,0.641929745674133,0.558833122253418,0.646437108516693,0.520552814006805,0.487475663423538,0.491854429244995,0.459802538156509,0.529152631759644,0.604604184627533,0.651218593120575,0.564245522022247,0.597993314266205,0.723976492881775,0.717117488384247,0.688143253326416,0.509475350379944,0.240574553608894,0,0.286225140094757,0.450316309928894,0.584355473518372,0.693975746631622,0.545646488666534,0.349458247423172,0.312129408121109,0.489422500133514,0.634630680084229,0.715482890605927,0.852460741996765,0.861387610435486,0.794571340084076,0.837226450443268,0.739480137825012,0.762774586677551,0.865501046180725,0.617580652236938,0,0.210510477423668,0.540456831455231,0,0,0,0,0,0,0,0.467323303222656,0.422974944114685,0,0.372622191905975,0,0,0,0,0,0,0.237167656421661,0,0.207828536629677,0,0,0,0,0,0,0,0,0,0,0,0,0,0,0,0,0,0.252544015645981,0.439549267292023,0.353497087955475,0.238103866577148,0,0,0,0,0,0,0,0,0,0,0,0,0,0,0,0,0,0,0,0,0,0,0,0,0,0,0,0,0,0,0,0,0,0,0,0,0,0,0,0,0,0,387
Kyffhäuserkreis,0,0,0,0,0,0,0,0,0,0,0,0,0,0,0,0,0,0,0,0,0,0,0,0,0,0,0,0,0,0,0,0,0,0,0,0,0,0,0,0,0,0,0,0,0,0,0,0,0,0,0,0,0,0,0,0,0,0,0,0,0,0,0,0,0,0,0,0,0,0,0,0,0,0,0,0,0,0,0,0,0,0,0,0,0,0,0,0,0,0,0,0,0,0,0,0,0,0,0,0,0,0,0,0,0,0,0,0,0,0,0,0,0,0,0,0,0,0,0,0,0,0,0,0,0,0,0,0,0,0,0,0,0,0,0,0,0,0,0,0,0,0,0,0,0,0,0,0,0.0109049333259463,0.00959644187241793,0,0,0,0,0,0,0,0,0,0,0,0,0,0,0,0,0,0,0,0,0,0,0,0.0211309175938368,0,0,0,0,0.0301289577037096,0,0,0,0,0,0,0.0993558168411255,0.125994861125946,0.165004402399063,0.171493023633957,0.175353243947029,0.225473076105118,0.110485851764679,0.108239494264126,0,0.147125259041786,0.217443093657494,0.209271743893623,0.141815885901451,0.196703508496284,0.30587050318718,0.333496242761612,0.153906598687172,0.28988441824913,0.375877648591995,0.424307852983475,0.31792750954628,0.278517454862595,0.314570546150208,0.399402111768723,0.446944504976273,0.533271133899689,0.593205392360687,0.384318023920059,0.279927790164948,0.478866696357727,0.645387530326843,0.50979483127594,0.250156164169312,0,0.196541741490364,0.431667298078537,0.474501311779022,0,0,0,0.167900055646896,0.271269023418427,0.323426187038422,0.254228234291077,0,0,0,0.273816645145416,0.458347499370575,0.452001184225082,0.590862572193146,0.530064165592194,0.529325008392334,0.677507400512695,0.761579930782318,0.793541133403778,0.717763483524323,0.650107324123383,0.642420411109924,0.56024694442749,0.645506620407104,0.519183337688446,0.487575709819794,0.491147488355637,0.459252625703812,0.528210759162903,0.602123916149139,0.651431262493134,0.563178420066833,0.598946750164032,0.724865198135376,0.716720283031464,0.690704822540283,0.512881457805634,0.247958481311798,0,0.284813344478607,0.450495153665543,0.585038304328918,0.696122348308563,0.548130512237549,0.360184133052826,0.32170957326889,0.490171313285828,0.635473370552063,0.715790867805481,0.852696299552917,0.860984921455383,0.794202029705048,0.83767157793045,0.740127623081207,0.764526844024658,0.867192268371582,0.62237137556076,0,0.216971650719643,0.542972326278687,0,0,0,0,0,0,0,0.46816298365593,0.425060391426086,0,0.376768738031387,0,0,0,0,0,0,0.237479194998741,0,0.214207395911217,0,0,0,0,0,0,0,0,0,0,0,0,0,0,0,0,0,0.253978759050369,0.441095441579819,0.355027258396149,0.238672003149986,0,0,0,0,0,0,0,0,0,0,0,0,0,0,0,0,0,0,0,0,0,0,0,0,0,0,0,0,0,0,0,0,0,0,0,0,0,0,0,0,0,0,388
Schmalkalden-Meiningen,0,0,0,0,0,0,0,0,0,0,0,0,0,0,0,0,0,0,0,0,0,0,0,0,0,0,0,0,0,0,0,0,0,0,0,0,0,0,0,0,0,0,0,0,0,0,0,0,0,0,0,0,0,0,0,0,0,0,0,0,0,0,0,0,0,0,0,0,0,0,0,0,0,0,0,0,0,0,0,0,0,0,0,0,0,0,0,0,0,0,0,0,0,0,0,0,0,0,0,0,0,0,0,0,0,0,0,0,0,0,0,0,0,0,0,0,0,0,0,0,0,0,0,0,0,0,0,0,0,0,0,0,0,0,0,0,0,0,0,0,0,0,0,0,0,0,0,0,0.0147691173478961,0.00892224442213774,0,0,0,0,0,0,0,0,0,0,0,0,0,0,0,0,0,0,0,0,0,0,0,0.0273043569177389,0,0,0,0,0.0296672806143761,0,0,0.00706340232864022,0,0,0,0.108210787177086,0.138729691505432,0.181841671466827,0.18227082490921,0.191483244299889,0.244699716567993,0.0891265943646431,0.0986523702740669,0,0.153702601790428,0.225996896624565,0.215200319886208,0.122079350054264,0.20453867316246,0.322511970996857,0.343190014362335,0.164208725094795,0.304111689329147,0.397269010543823,0.44716140627861,0.331141710281372,0.291588693857193,0.331233352422714,0.425462543964386,0.478957712650299,0.560929179191589,0.621667146682739,0.422307431697845,0.313973784446716,0.504428327083588,0.667955636978149,0.537538230419159,0.2760169506073,0.0453378781676292,0.189816489815712,0.453051209449768,0.508595705032349,0.0388044528663158,0,0,0.119627490639687,0.193277075886726,0.326408386230469,0.210040837526321,0.0412737466394901,0.0495236031711102,0.0411270074546337,0.251801550388336,0.478615492582321,0.472469449043274,0.614973068237305,0.552721798419952,0.557864546775818,0.706783890724182,0.796338856220245,0.831475436687469,0.764106750488281,0.678292512893677,0.645553946495056,0.561420500278473,0.666339039802551,0.536725282669067,0.500428676605225,0.509533524513245,0.468683630228043,0.551991105079651,0.6331667304039,0.66944295167923,0.571303129196167,0.603899836540222,0.741495192050934,0.731631815433502,0.689753592014313,0.488893568515778,0.207101717591286,0,0.262595623731613,0.45547091960907,0.58030903339386,0.712931275367737,0.554337084293365,0.293737232685089,0.22921559214592,0.486941516399384,0.632611930370331,0.728265225887299,0.861825168132782,0.868736624717712,0.810282230377197,0.848217248916626,0.750114738941193,0.769739270210266,0.866228103637695,0.614054679870605,0,0.154590621590614,0.521149754524231,0,0,0,0,0,0,0,0.462977051734924,0.412345200777054,0.0378919914364815,0.361395359039307,0.0351798869669437,0,0,0,0,0,0.209975257515907,0,0.152621120214462,0,0,0,0,0.0223709158599377,0,0,0,0,0,0,0,0,0,0,0,0,0.217920005321503,0.423029333353043,0.328959554433823,0.209491595625877,0,0,0,0,0,0,0,0,0,0,0,0,0,0,0,0,0,0,0,0,0,0,0,0,0,0,0,0,0,0,0,0,0,0,0,0,0,0,0,0,0,0,389
Gotha,0,0,0,0,0,0,0,0,0,0,0,0,0,0,0,0,0,0,0,0,0,0,0,0,0,0,0,0,0,0,0,0,0,0,0,0,0,0,0,0,0,0,0,0,0,0,0,0,0,0,0,0,0,0,0,0,0,0,0,0,0,0,0,0,0,0,0,0,0,0,0,0,0,0,0,0,0,0,0,0,0,0,0,0,0,0,0,0,0,0,0,0,0,0,0,0,0,0,0,0,0,0,0,0,0,0,0,0,0,0,0,0,0,0,0,0,0,0,0,0,0,0,0,0,0,0,0,0,0,0,0,0,0,0,0,0,0,0,0,0,0,0,0,0,0,0,0,0,0.0109049333259463,0.0095964428037405,0,0,0,0,0,0,0,0,0,0,0,0,0,0,0,0,0,0,0,0,0,0,0,0.0211309175938368,0,0,0,0,0.0301289577037096,0,0,0,0,0,0,0.0993558242917061,0.125994861125946,0.165004402399063,0.171493023633957,0.175353229045868,0.225473076105118,0.11048585921526,0.108239486813545,0,0.147125259041786,0.217443108558655,0.209271743893623,0.141815885901451,0.196703493595123,0.30587050318718,0.333496242761612,0.153906598687172,0.28988441824913,0.375877648591995,0.424307823181152,0.31792750954628,0.278517425060272,0.314570546150208,0.3994020819664,0.446944504976273,0.533271074295044,0.593205392360687,0.384318023920059,0.279927790164948,0.478866696357727,0.645387530326843,0.50979483127594,0.250156164169312,0,0.196541741490364,0.431667268276215,0.4745012819767,0,0,0,0.167900055646896,0.271269023418427,0.323426187038422,0.254228234291077,0,0,0,0.273816615343094,0.458347499370575,0.452001184225082,0.590862631797791,0.530064105987549,0.529325008392334,0.67750746011734,0.761579930782318,0.793541193008423,0.717763483524323,0.650107324123383,0.642420411109924,0.56024694442749,0.645506680011749,0.519183337688446,0.487575739622116,0.491147488355637,0.459252625703812,0.528210699558258,0.602123916149139,0.651431262493134,0.563178420066833,0.598946690559387,0.724865198135376,0.716720223426819,0.690704822540283,0.512881457805634,0.247958481311798,0,0.284813314676285,0.450495153665543,0.585038304328918,0.696122288703918,0.548130512237549,0.360184133052826,0.32170957326889,0.490171283483505,0.635473370552063,0.715790867805481,0.852696359157562,0.860984861850739,0.794201970100403,0.83767157793045,0.740127623081207,0.764526844024658,0.867192208766937,0.622371435165405,0,0.216971650719643,0.542972385883331,0,0,0,0,0,0,0,0.46816298365593,0.425060391426086,0,0.376768708229065,0,0,0,0,0,0,0.23747918009758,0,0.214207410812378,0,0,0,0,0,0,0,0,0,0,0,0,0,0,0,0,0,0.253978759050369,0.441095441579819,0.355027258396149,0.238672003149986,0,0,0,0,0,0,0,0,0,0,0,0,0,0,0,0,0,0,0,0,0,0,0,0,0,0,0,0,0,0,0,0,0,0,0,0,0,0,0,0,0,0,390
Sömmerda,0,0,0,0,0,0,0,0,0,0,0,0,0,0,0,0,0,0,0,0,0,0,0,0,0,0,0,0,0,0,0,0,0,0,0,0,0,0,0,0,0,0,0,0,0,0,0,0,0,0,0,0,0,0,0,0,0,0,0,0,0,0,0,0,0,0,0,0,0,0,0,0,0,0,0,0,0,0,0,0,0,0,0,0,0,0,0,0,0,0,0,0,0,0,0,0,0,0,0,0,0,0,0,0,0,0,0,0,0,0,0,0,0,0,0,0,0,0,0,0,0,0,0,0,0,0,0,0,0,0,0,0,0,0,0,0,0,0,0,0,0,0,0,0,0,0,0,0,0.0109049333259463,0.00959644187241793,0,0,0,0,0,0,0,0,0,0,0,0,0,0,0,0,0,0,0,0,0,0,0,0.0211309175938368,0,0,0,0,0.0301289577037096,0,0,0,0,0,0,0.0993558168411255,0.125994861125946,0.165004402399063,0.171493008732796,0.175353229045868,0.225473061203957,0.11048585921526,0.108239494264126,0,0.147125244140625,0.217443093657494,0.209271743893623,0.141815885901451,0.196703508496284,0.30587050318718,0.333496242761612,0.153906598687172,0.289884388446808,0.375877648591995,0.424307823181152,0.31792750954628,0.278517425060272,0.314570546150208,0.3994020819664,0.446944504976273,0.533271074295044,0.593205392360687,0.384318023920059,0.279927790164948,0.478866696357727,0.645387530326843,0.509794890880585,0.250156164169312,0,0.196541741490364,0.431667298078537,0.4745012819767,0,0,0,0.167900055646896,0.271269023418427,0.323426187038422,0.254228234291077,0,0,0,0.273816615343094,0.458347529172897,0.452001214027405,0.590862631797791,0.530064165592194,0.529325008392334,0.67750746011734,0.761579930782318,0.793541193008423,0.717763483524323,0.650107324123383,0.642420411109924,0.56024694442749,0.645506680011749,0.519183337688446,0.487575739622116,0.491147518157959,0.459252625703812,0.528210759162903,0.602123916149139,0.651431322097778,0.563178420066833,0.598946690559387,0.724865198135376,0.716720283031464,0.690704822540283,0.512881457805634,0.247958496212959,0,0.284813314676285,0.450495153665543,0.585038304328918,0.696122348308563,0.548130512237549,0.360184133052826,0.321709543466568,0.490171283483505,0.635473310947418,0.715790867805481,0.852696359157562,0.860984921455383,0.794201970100403,0.83767157793045,0.740127623081207,0.764526903629303,0.867192208766937,0.622371435165405,0,0.216971665620804,0.542972326278687,0,0,0,0,0,0,0,0.46816298365593,0.425060421228409,0,0.376768738031387,0,0,0,0,0,0,0.237479194998741,0,0.214207410812378,0,0,0,0,0,0,0,0,0,0,0,0,0,0,0,0,0,0.253978759050369,0.441095441579819,0.355027258396149,0.238671988248825,0,0,0,0,0,0,0,0,0,0,0,0,0,0,0,0,0,0,0,0,0,0,0,0,0,0,0,0,0,0,0,0,0,0,0,0,0,0,0,0,0,0,391
Hildburghausen,0,0,0,0,0,0,0,0,0,0,0,0,0,0,0,0,0,0,0,0,0,0,0,0,0,0,0,0,0,0,0,0,0,0,0,0,0,0,0,0,0,0,0,0,0,0,0,0,0,0,0,0,0,0,0,0,0,0,0,0,0,0,0,0,0,0,0,0,0,0,0,0,0,0,0,0,0,0,0,0,0,0,0,0,0,0,0,0,0,0,0,0,0,0,0,0,0,0,0,0,0,0,0,0,0,0,0,0,0,0,0,0,0,0,0,0,0,0,0,0,0,0,0,0,0,0,0,0,0,0,0,0,0,0,0,0,0,0,0,0,0,0,0,0,0,0,0,0,0.0222899224609137,0.01658109202981,0,0,0,0,0,0,0,0,0,0,0,0,0,0,0,0,0,0,0,0,0,0,0,0.0411646477878094,0,0,0,0,0.00848956126719713,0,0,0.0470149517059326,0,0,0,0.126516535878181,0.166586443781853,0.213426545262337,0.222552135586739,0.235042378306389,0.283130019903183,0.100397646427155,0.173822775483131,0,0.186372891068459,0.230826109647751,0.254970669746399,0.179982706904411,0.255461990833282,0.393697619438171,0.392777383327484,0.188648611307144,0.334594160318375,0.444573432207108,0.508955776691437,0.371163487434387,0.351170420646667,0.386436134576797,0.480678468942642,0.551215708255768,0.626794219017029,0.701168477535248,0.589284658432007,0.442392736673355,0.578345358371735,0.726563811302185,0.665868103504181,0.445313364267349,0.301774978637695,0.386736065149307,0.501248180866241,0.656461596488953,0.258287668228149,0,0,0.047309897840023,0.0764365941286087,0.38953173160553,0.264031738042831,0.274723589420319,0.329635739326477,0.273746877908707,0.454619377851486,0.581800997257233,0.557967841625214,0.760442435741425,0.674539685249329,0.674931466579437,0.814783811569214,0.912739872932434,0.955738186836243,0.915527522563934,0.749796450138092,0.682973623275757,0.62481689453125,0.746818542480469,0.580968856811523,0.57714456319809,0.585147857666016,0.499951541423798,0.648684442043304,0.709180116653442,0.779859304428101,0.574418723583221,0.670188724994659,0.871233999729156,0.800027847290039,0.787205874919891,0.489953994750977,0.272435873746872,0,0.0802530348300934,0.490794599056244,0.580972075462341,0.89417827129364,0.689162790775299,0.348491847515106,0.0906494408845901,0.498733907938004,0.65025782585144,0.811188578605652,0.922917485237122,0.896416127681732,0.886409401893616,0.925735533237457,0.832598090171814,0.869565784931183,0.928669929504395,0.759339153766632,0,0.0611370019614697,0.498702198266983,0,0,0,0,0,0,0,0.467354148626328,0.424146115779877,0.252214163541794,0.440902352333069,0.234162047505379,0,0,0,0,0,0.0669154971837997,0,0.0603581070899963,0,0,0,0,0.1489038169384,0,0,0,0,0,0,0,0,0,0,0,0,0.071564644575119,0.382914841175079,0.242945700883865,0.0672516003251076,0,0,0,0,0,0,0,0,0,0,0,0,0,0,0,0,0,0,0,0,0,0,0,0,0,0,0,0,0,0,0,0,0,0,0,0,0,0,0,0,0,0,392
Ilm-Kreis,0,0,0,0,0,0,0,0,0,0,0,0,0,0,0,0,0,0,0,0,0,0,0,0,0,0,0,0,0,0,0,0,0,0,0,0,0,0,0,0,0,0,0,0,0,0,0,0,0,0,0,0,0,0,0,0,0,0,0,0,0,0,0,0,0,0,0,0,0,0,0,0,0,0,0,0,0,0,0,0,0,0,0,0,0,0,0,0,0,0,0,0,0,0,0,0,0,0,0,0,0,0,0,0,0,0,0,0,0,0,0,0,0,0,0,0,0,0,0,0,0,0,0,0,0,0,0,0,0,0,0,0,0,0,0,0,0,0,0,0,0,0,0,0,0,0,0,0,0.0109049333259463,0.0095964428037405,0,0,0,0,0,0,0,0,0,0,0,0,0,0,0,0,0,0,0,0,0,0,0,0.0211309157311916,0,0,0,0,0.0301289577037096,0,0,0,0,0,0,0.0993558242917061,0.125994861125946,0.165004402399063,0.171493008732796,0.175353243947029,0.225473061203957,0.11048585921526,0.108239486813545,0,0.147125259041786,0.217443108558655,0.209271728992462,0.141815885901451,0.196703493595123,0.30587050318718,0.333496272563934,0.153906598687172,0.28988441824913,0.375877678394318,0.424307852983475,0.31792750954628,0.278517425060272,0.314570546150208,0.399402111768723,0.44694447517395,0.533271074295044,0.593205392360687,0.384318053722382,0.279927790164948,0.478866696357727,0.645387530326843,0.50979483127594,0.250156164169312,0,0.196541756391525,0.431667268276215,0.4745012819767,0,0,0,0.167900070548058,0.271268993616104,0.323426187038422,0.254228234291077,0,0,0,0.273816615343094,0.458347529172897,0.452001184225082,0.590862572193146,0.530064165592194,0.529325008392334,0.67750746011734,0.761579871177673,0.793541193008423,0.717763543128967,0.650107324123383,0.642420411109924,0.560246884822845,0.645506620407104,0.519183337688446,0.487575739622116,0.491147518157959,0.459252625703812,0.528210699558258,0.602123916149139,0.651431322097778,0.563178420066833,0.598946750164032,0.724865198135376,0.716720283031464,0.690704822540283,0.512881457805634,0.247958481311798,0,0.284813314676285,0.450495183467865,0.585038304328918,0.696122348308563,0.548130512237549,0.360184133052826,0.32170957326889,0.490171283483505,0.635473370552063,0.715790927410126,0.852696359157562,0.860984921455383,0.794201970100403,0.837671637535095,0.740127623081207,0.764526844024658,0.867192268371582,0.62237137556076,0,0.216971635818481,0.542972326278687,0,0,0,0,0,0,0,0.46816298365593,0.425060391426086,0,0.376768738031387,0,0,0,0,0,0,0.23747918009758,0,0.214207410812378,0,0,0,0,0,0,0,0,0,0,0,0,0,0,0,0,0,0.253978759050369,0.441095441579819,0.355027288198471,0.238672003149986,0,0,0,0,0,0,0,0,0,0,0,0,0,0,0,0,0,0,0,0,0,0,0,0,0,0,0,0,0,0,0,0,0,0,0,0,0,0,0,0,0,0,393
Weimarer Land,0,0,0,0,0,0,0,0,0,0,0,0,0,0,0,0,0,0,0,0,0,0,0,0,0,0,0,0,0,0,0,0,0,0,0,0,0,0,0,0,0,0,0,0,0,0,0,0,0,0,0,0,0,0,0,0,0,0,0,0,0,0,0,0,0,0,0,0,0,0,0,0,0,0,0,0,0,0,0,0,0,0,0,0,0,0,0,0,0,0,0,0,0,0,0,0,0,0,0,0,0,0,0,0,0,0,0,0,0,0,0,0,0,0,0,0,0,0,0,0,0,0,0,0,0,0,0,0,0,0,0,0,0,0,0,0,0,0,0,0,0,0,0,0,0,0,0,0,0.0109049333259463,0.00959644187241793,0,0,0,0,0,0,0,0,0,0,0,0,0,0,0,0,0,0,0,0,0,0,0,0.0211309175938368,0,0,0,0,0.0301289577037096,0,0,0,0,0,0,0.0993558242917061,0.125994861125946,0.165004402399063,0.171493008732796,0.175353229045868,0.225473076105118,0.11048585921526,0.108239501714706,0,0.147125244140625,0.217443093657494,0.209271728992462,0.141815885901451,0.196703508496284,0.30587050318718,0.333496242761612,0.153906598687172,0.28988441824913,0.375877648591995,0.424307823181152,0.31792750954628,0.278517425060272,0.314570546150208,0.3994020819664,0.446944504976273,0.533271074295044,0.593205392360687,0.384318023920059,0.279927790164948,0.478866696357727,0.645387530326843,0.50979483127594,0.250156164169312,0,0.196541741490364,0.431667298078537,0.4745012819767,0,0,0,0.167900055646896,0.271269023418427,0.323426216840744,0.254228234291077,0,0,0,0.273816615343094,0.458347499370575,0.452001184225082,0.590862631797791,0.530064105987549,0.529325008392334,0.67750746011734,0.761579871177673,0.793541193008423,0.717763483524323,0.650107324123383,0.642420411109924,0.56024694442749,0.645506620407104,0.519183337688446,0.487575709819794,0.491147488355637,0.459252595901489,0.528210759162903,0.602123916149139,0.651431322097778,0.563178420066833,0.598946690559387,0.724865198135376,0.716720223426819,0.690704762935638,0.512881457805634,0.247958481311798,0,0.284813344478607,0.450495153665543,0.585038304328918,0.696122348308563,0.548130512237549,0.360184103250504,0.32170957326889,0.490171313285828,0.635473370552063,0.715790867805481,0.852696299552917,0.860984921455383,0.794202029705048,0.83767157793045,0.740127623081207,0.764526844024658,0.867192268371582,0.622371435165405,0,0.216971635818481,0.542972326278687,0,0,0,0,0,0,0,0.46816298365593,0.425060391426086,0,0.376768738031387,0,0,0,0,0,0,0.237479194998741,0,0.214207410812378,0,0,0,0,0,0,0,0,0,0,0,0,0,0,0,0,0,0.253978759050369,0.441095411777496,0.355027258396149,0.238671988248825,0,0,0,0,0,0,0,0,0,0,0,0,0,0,0,0,0,0,0,0,0,0,0,0,0,0,0,0,0,0,0,0,0,0,0,0,0,0,0,0,0,0,394
Sonneberg,0,0,0,0,0,0,0,0,0,0,0,0,0,0,0,0,0,0,0,0,0,0,0,0,0,0,0,0,0,0,0,0,0,0,0,0,0,0,0,0,0,0,0,0,0,0,0,0,0,0,0,0,0,0,0,0,0,0,0,0,0,0,0,0,0,0,0,0,0,0,0,0,0,0,0,0,0,0,0,0,0,0,0,0,0,0,0,0,0,0,0,0,0,0,0,0,0,0,0,0,0,0,0,0,0,0,0,0,0,0,0,0,0,0,0,0,0,0,0,0,0,0,0,0,0,0,0,0,0,0,0,0,0,0,0,0,0,0,0,0,0,0,0,0,0,0,0,0,0.0244616754353046,0.0179134532809258,0,0,0,0,0,0,0,0,0,0,0,0,0,0,0,0,0,0,0,0,0,0,0,0.0449861995875835,0,0,0,0,0.00436172122135758,0,0,0.0559833310544491,0,0,0,0.131697595119476,0.174329519271851,0.222663342952728,0.232291981577873,0.246428415179253,0.29412841796875,0.0984732583165169,0.186333149671555,0,0.193859606981277,0.233378991484642,0.263687998056412,0.187263265252113,0.266670495271683,0.410451173782349,0.404085606336594,0.195275858044624,0.343122750520706,0.4576775431633,0.525102913379669,0.38131856918335,0.365029394626617,0.400144934654236,0.496182411909103,0.571106016635895,0.644634306430817,0.721763074398041,0.628383278846741,0.473383873701096,0.597321510314941,0.742048680782318,0.695639908313751,0.482540756464005,0.359340339899063,0.423016756772995,0.51452112197876,0.691171526908875,0.30755752325058,0,0,0.0243066232651472,0.0392711833119392,0.402141749858856,0.265901803970337,0.327128738164902,0.392515659332275,0.325965702533722,0.48910853266716,0.605350494384766,0.578181564807892,0.79279088973999,0.70209926366806,0.702706754207611,0.840970039367676,0.941574573516846,0.986678183078766,0.953252136707306,0.768812775611877,0.690709352493286,0.63713401556015,0.766144454479218,0.592754781246185,0.5942302942276,0.60307902097702,0.507715106010437,0.671665489673615,0.729601740837097,0.804357707500458,0.576562881469727,0.683778524398804,0.899154722690582,0.81591922044754,0.805613994598389,0.485580414533615,0.277105063199997,0,0.0412319712340832,0.498481929302216,0.580196440219879,0.931958615779877,0.716065466403961,0.346261501312256,0.046573381870985,0.500367283821106,0.653078019618988,0.829386234283447,0.936312615871429,0.903174877166748,0.903998553752899,0.942534267902374,0.850237429141998,0.889602541923523,0.940397083759308,0.785466551780701,0,0.03141063824296,0.490257412195206,0,0,0,0,0,0,0,0.467199862003326,0.423971712589264,0.300325483083725,0.453136205673218,0.278829842805862,0,0,0,0,0,0.0343794822692871,0,0.0310104638338089,0,0,0,0,0.177308097481728,0,0,0,0,0,0,0,0,0,0,0,0,0.0367680974304676,0.371816545724869,0.221565514802933,0.034552164375782,0,0,0,0,0,0,0,0,0,0,0,0,0,0,0,0,0,0,0,0,0,0,0,0,0,0,0,0,0,0,0,0,0,0,0,0,0,0,0,0,0,0,395
Saalfeld-Rudolstadt,0,0,0,0,0,0,0,0,0,0,0,0,0,0,0,0,0,0,0,0,0,0,0,0,0,0,0,0,0,0,0,0,0,0,0,0,0,0,0,0,0,0,0,0,0,0,0,0,0,0,0,0,0,0,0,0,0,0,0,0,0,0,0,0,0,0,0,0,0,0,0,0,0,0,0,0,0,0,0,0,0,0,0,0,0,0,0,0,0,0,0,0,0,0,0,0,0,0,0,0,0,0,0,0,0,0,0,0,0,0,0,0,0,0,0,0,0,0,0,0,0,0,0,0,0,0,0,0,0,0,0,0,0,0,0,0,0,0,0,0,0,0,0,0,0,0,0,0,0.0115197896957397,0.00997365452349186,0,0,0,0,0,0,0,0,0,0,0,0,0,0,0,0,0,0,0,0,0,0,0,0.0222128573805094,0,0,0,0,0.0289603043347597,0,0,0.00253908312879503,0,0,0,0.100822657346725,0.128187045454979,0.167619481682777,0.17425049841404,0.178576797246933,0.228586882352829,0.109941028058529,0.111781373620033,0,0.149244844913483,0.21816585958004,0.211739733815193,0.143877118825912,0.199876800179482,0.310613691806793,0.336697787046432,0.155782863497734,0.292299002408981,0.37958762049675,0.42887932062149,0.320802569389343,0.282441109418869,0.318451702594757,0.403791487216949,0.452575743198395,0.538321852684021,0.599036037921906,0.395387440919876,0.288701832294464,0.484239131212234,0.649771511554718,0.518223702907562,0.260695785284042,0.0162976197898388,0.206813350319862,0.435425072908401,0.484328180551529,0.0139490477740765,0,0,0.161387488245964,0.26074692606926,0.326996266841888,0.254757672548294,0.0148366848006845,0.0178022626787424,0.0147839365527034,0.283581018447876,0.465014725923538,0.45772397518158,0.600020945072174,0.537866652011871,0.537188589572906,0.684921205043793,0.769743382930756,0.802300810813904,0.728443920612335,0.65549111366272,0.644610524177551,0.56373405456543,0.650978088378906,0.522520124912262,0.492412954568863,0.496224045753479,0.461450606584549,0.53471702337265,0.607905566692352,0.658367156982422,0.563785433769226,0.602794170379639,0.732769966125488,0.7212193608284,0.695916473865509,0.51164323091507,0.249280393123627,0,0.273765861988068,0.452671557664871,0.584818720817566,0.706818461418152,0.555747032165527,0.359552651643753,0.309230953454971,0.490633726119995,0.636271774768829,0.720942914485931,0.856488645076752,0.862898349761963,0.799181699752808,0.842427492141724,0.745121598243713,0.770199596881866,0.870512366294861,0.629768490791321,0,0.208555668592453,0.540581524372101,0,0,0,0,0,0,0,0.468119293451309,0.42501100897789,0.0136210434138775,0.380232304334641,0.0126461237668991,0,0,0,0,0,0.22826774418354,0,0.205898627638817,0,0,0,0,0.0080416789278388,0,0,0,0,0,0,0,0,0,0,0,0,0.244127318263054,0.437953352928162,0.348974198102951,0.229414284229279,0,0,0,0,0,0,0,0,0,0,0,0,0,0,0,0,0,0,0,0,0,0,0,0,0,0,0,0,0,0,0,0,0,0,0,0,0,0,0,0,0,0,396
Saale-Holzland-Kreis,0,0,0,0,0,0,0,0,0,0,0,0,0,0,0,0,0,0,0,0,0,0,0,0,0,0,0,0,0,0,0,0,0,0,0,0,0,0,0,0,0,0,0,0,0,0,0,0,0,0,0,0,0,0,0,0,0,0,0,0,0,0,0,0,0,0,0,0,0,0,0,0,0,0,0,0,0,0,0,0,0,0,0,0,0,0,0,0,0,0,0,0,0,0,0,0,0,0,0,0,0,0,0,0,0,0,0,0,0,0,0,0,0,0,0,0,0,0,0,0,0,0,0,0,0,0,0,0,0,0,0,0,0,0,0,0,0,0,0,0,0,0,0,0,0,0,0,0,0.0305879153311253,0.0383402481675148,0,0,0,0,0,0,0,0,0,0,0,0,0,0,0,0,0,0,0,0,0,0,0,0.107702136039734,0.0636982917785645,0.0676613003015518,0,0,0.0950822234153748,0,0.0837952718138695,0.120058387517929,0,0,0,0.243888005614281,0.312100499868393,0.389504194259644,0.426956951618195,0.420053392648697,0.508168876171112,0.328443944454193,0.309252023696899,0.204335823655128,0.389112830162048,0.532462656497955,0.533826529979706,0.477740526199341,0.484397292137146,0.696321189403534,0.784942448139191,0.433820754289627,0.65587967634201,0.794873237609863,0.902625501155853,0.733964145183563,0.631217002868652,0.708500742912292,0.826030194759369,0.919626116752625,1.10605263710022,1.24659264087677,0.83004629611969,0.578860223293304,0.96892112493515,1.3274359703064,1.07933020591736,0.644676983356476,0.289444208145142,0.516223192214966,0.882275998592377,1.00185763835907,0.22709558904171,0,0,0.43570664525032,0.716956257820129,0.735282123088837,0.642921030521393,0.333848983049393,0.35258024930954,0.3024662733078,0.623234212398529,0.978025615215302,0.956277132034302,1.22171592712402,1.09746813774109,1.10701036453247,1.33502852916718,1.46826708316803,1.53041219711304,1.38539147377014,1.29248034954071,1.31888806819916,1.27671360969543,1.33089196681976,0.980500340461731,1.02281177043915,1.03373491764069,0.932945072650909,1.10197103023529,1.22001492977142,1.39877033233643,1.17629182338715,1.28663420677185,1.54582726955414,1.48819231987,1.5140368938446,1.13524997234344,0.819151043891907,0.451519280672073,0.746556758880615,1.00144958496094,1.26915323734283,1.52042376995087,1.23781383037567,0.969415605068207,0.845325410366058,1.08417618274689,1.32472229003906,1.49200630187988,1.7922819852829,1.74509811401367,1.7188423871994,1.74209117889404,1.58071959018707,1.63251006603241,1.83613526821136,1.48937892913818,0.466246694326401,0.601556837558746,1.2203277349472,0.648071706295013,0,0,0,0,0,0,1.00596380233765,1.00814688205719,0,0.874594867229462,0,0,0,0,0,0,0.456657379865646,0,0.60034304857254,0,0.341370433568954,0.307650864124298,0,0.431082487106323,0,0,0,0,0,0,0,0,0,0,0,0,0.61646980047226,0.915639817714691,0.787682473659515,0.38711017370224,0,0,0,0,0,0,0,0,0,0,0,0,0,0,0,0,0,0,0,0,0,0,0,0,0,0,0,0,0,0,0,0,0,0,0,0,0,0,0,0,0,0,397
Saale-Orla-Kreis,0,0,0,0,0,0,0,0,0,0,0,0,0,0,0,0,0,0,0,0,0,0,0,0,0,0,0,0,0,0,0,0,0,0,0,0,0,0,0,0,0,0,0,0,0,0,0,0,0,0,0,0,0,0,0,0,0,0,0,0,0,0,0,0,0,0,0,0,0,0,0,0,0,0,0,0,0,0,0,0,0,0,0,0,0,0,0,0,0,0,0,0,0,0,0,0,0,0,0,0,0,0,0,0,0,0,0,0,0,0,0,0,0,0,0,0,0,0,0,0,0,0,0,0,0,0,0,0,0,0,0,0,0,0,0,0,0,0,0,0,0,0,0,0,0,0,0,0,0.0263235848397017,0.0298634339123964,0,0,0,0,0,0,0,0,0,0,0,0,0,0,0,0,0,0,0,0,0,0,0,0.081771582365036,0.0401509664952755,0.0426489673554897,0,0,0.0619770959019661,0,0.0528187043964863,0.0935090854763985,0,0,0,0.193606823682785,0.253089904785156,0.317366898059845,0.345195412635803,0.344969213008881,0.415700852870941,0.246373355388641,0.256412357091904,0.128799065947533,0.312472552061081,0.418234378099442,0.427271962165833,0.372820466756821,0.395459234714508,0.577919125556946,0.635417401790619,0.342290729284286,0.531227469444275,0.655880510807037,0.745026886463165,0.59307849407196,0.521911442279816,0.580574512481689,0.684187650680542,0.77202707529068,0.91753751039505,1.03349280357361,0.734780073165894,0.523694932460785,0.814210593700409,1.09144854545593,0.917679488658905,0.571143746376038,0.299475133419037,0.468826055526733,0.731420278549194,0.865244507789612,0.237767279148102,0,0,0.286029130220413,0.470321625471115,0.595327794551849,0.473527759313583,0.283299207687378,0.347320735454559,0.295846223831177,0.556587398052216,0.82308155298233,0.801072001457214,1.04166543483734,0.927410483360291,0.937257528305054,1.12793326377869,1.24555087089539,1.30005276203156,1.19666588306427,1.07490646839142,1.0722348690033,1.03048062324524,1.10190057754517,0.815713107585907,0.852064192295074,0.860632121562958,0.757262945175171,0.918573498725891,1.01415681838989,1.15400195121765,0.939374327659607,1.04208016395569,1.28275537490845,1.21138834953308,1.23378360271454,0.869094252586365,0.617301523685455,0.28460630774498,0.489898532629013,0.794993281364441,0.998497486114502,1.27655243873596,1.02025163173676,0.744057357311249,0.554658353328705,0.852070510387421,1.05966913700104,1.22599077224731,1.45156764984131,1.4067794084549,1.39197945594788,1.41909646987915,1.28722274303436,1.33216321468353,1.47989153862,1.20999491214752,0.293889433145523,0.39389842748642,0.931840300559998,0.408499270677567,0,0,0,0,0,0,0.754815816879272,0.781148612499237,0.0906681194901466,0.703006148338318,0.0841524973511696,0,0,0,0,0,0.303955137729645,0,0.392945826053619,0,0.21517613530159,0.19392167031765,0,0.311217665672302,0,0,0,0,0,0,0,0,0,0,0,0,0.405809015035629,0.693678617477417,0.558487594127655,0.260198324918747,0,0,0,0,0,0,0,0,0,0,0,0,0,0,0,0,0,0,0,0,0,0,0,0,0,0,0,0,0,0,0,0,0,0,0,0,0,0,0,0,0,0,398
Greiz,0,0,0,0,0,0,0,0,0,0,0,0,0,0,0,0,0,0,0,0,0,0,0,0,0,0,0,0,0,0,0,0,0,0,0,0,0,0,0,0,0,0,0,0,0,0,0,0,0,0,0,0,0,0,0,0,0,0,0,0,0,0,0,0,0,0,0,0,0,0,0,0,0,0,0,0,0,0,0,0,0,0,0,0,0,0,0,0,0,0,0,0,0,0,0,0,0,0,0,0,0,0,0,0,0,0,0,0,0,0,0,0,0,0,0,0,0,0,0,0,0,0,0,0,0,0,0,0,0,0,0,0,0,0,0,0,0,0,0,0,0,0,0,0,0,0,0,0,0.052987027913332,0.0710505321621895,0,0,0,0,0,0,0,0,0,0,0,0,0,0,0,0,0,0,0,0,0,0,0,0.206219658255577,0.136186569929123,0.144659459590912,0,0,0.168998643755913,0,0.179153814911842,0.256684094667435,0,0,0,0.408364742994308,0.523887574672699,0.644983649253845,0.717673361301422,0.69852077960968,0.82987505197525,0.576478958129883,0.538003087043762,0.436868757009506,0.664493203163147,0.890952944755554,0.903167963027954,0.860020816326141,0.811791062355042,1.14065170288086,1.29868543148041,0.752361476421356,1.07238006591797,1.27168774604797,1.44694817066193,1.20741152763367,1.0325870513916,1.15679109096527,1.31153047084808,1.45753502845764,1.75787460803986,1.99014341831207,1.337282538414,0.919043600559235,1.52660012245178,2.10360288619995,1.7274581193924,1.0936393737793,0.618829965591431,0.880018770694733,1.39506602287292,1.60198593139648,0.485529005527496,0,0,0.740468919277191,1.22414565086365,1.20397174358368,1.08525121212006,0.713767170906067,0.753814518451691,0.646671056747437,1.02086937427521,1.56941640377045,1.53014016151428,1.93962323665619,1.74317026138306,1.76441287994385,2.08328366279602,2.27247285842896,2.36896705627441,2.14514780044556,2.02349710464478,2.08870410919189,2.09204840660095,2.11085629463196,1.50547635555267,1.63190722465515,1.65119624137878,1.47200429439545,1.75490701198578,1.92317128181458,2.24923753738403,1.87401127815247,2.0692183971405,2.48007726669312,2.36612319946289,2.45098400115967,1.84350168704987,1.46916472911835,0.965345621109009,1.27201807498932,1.62843263149261,2.04767203330994,2.45847392082214,2.02266955375671,1.66271734237671,1.44119715690613,1.76015019416809,2.10908341407776,2.37533473968506,2.86152482032776,2.75121355056763,2.77107763290405,2.771315574646,2.53730821609497,2.62026977539063,2.93878650665283,2.47602820396423,0.996832668781281,1.03921246528625,1.99115419387817,1.38557350635529,0,0,0,0,0,0,1.61797773838043,1.67169582843781,0,1.44111812114716,0,0,0,0,0,0,0.706080913543701,0,1.03976309299469,0,0.72984790802002,0.657755672931671,0,0.921651780605316,0,0,0,0,0,0,0,0,0,0,0,0,1.02898240089417,1.45566868782043,1.28004157543182,0.556031942367554,0,0,0,0,0,0,0,0,0,0,0,0,0,0,0,0,0,0,0,0,0,0,0,0,0,0,0,0,0,0,0,0,0,0,0,0,0,0,0,0,0,0,399
Altenburger Land,0,0,0,0,0,0,0,0,0,0,0,0,0,0,0,0,0,0,0,0,0,0,0,0,0,0,0,0,0,0,0,0,0,0,0,0,0,0,0,0,0,0,0,0,0,0,0,0,0,0,0,0,0,0,0,0,0,0,0,0,0,0,0,0,0,0,0,0,0,0,0,0,0,0,0,0,0,0,0,0,0,0,0,0,0,0,0,0,0,0,0,0,0,0,0,0,0,0,0,0,0,0,0,0,0,0,0,0,0,0,0,0,0,0,0,0,0,0,0,0,0,0,0,0,0,0,0,0,0,0,0,0,0,0,0,0,0,0,0,0,0,0,0,0,0,0,0,0,0.052987027913332,0.0710505247116089,0,0,0,0,0,0,0,0,0,0,0,0,0,0,0,0,0,0,0,0,0,0,0,0.206219673156738,0.136186584830284,0.144659459590912,0,0,0.168998643755913,0,0.179153800010681,0.256684094667435,0,0,0,0.408364742994308,0.523887574672699,0.644983649253845,0.717673420906067,0.69852077960968,0.82987505197525,0.576478958129883,0.538003027439117,0.436868786811829,0.664493262767792,0.890952944755554,0.903167963027954,0.860020756721497,0.811791062355042,1.14065158367157,1.29868543148041,0.752361476421356,1.07238006591797,1.27168774604797,1.44694817066193,1.20741140842438,1.0325870513916,1.15679097175598,1.31153047084808,1.45753502845764,1.75787460803986,1.99014329910278,1.33728241920471,0.91904354095459,1.52660012245178,2.10360312461853,1.7274581193924,1.0936393737793,0.618830025196075,0.880018830299377,1.39506602287292,1.60198593139648,0.485529005527496,0,0,0.740468919277191,1.22414577007294,1.20397174358368,1.08525109291077,0.713767111301422,0.753814518451691,0.646671056747437,1.02086937427521,1.56941628456116,1.53014016151428,1.93962323665619,1.74317038059235,1.76441276073456,2.08328366279602,2.27247285842896,2.36896705627441,2.14514803886414,2.02349710464478,2.08870410919189,2.09204840660095,2.11085629463196,1.50547635555267,1.63190722465515,1.65119624137878,1.47200429439545,1.75490701198578,1.92317140102386,2.24923753738403,1.87401127815247,2.0692183971405,2.48007750511169,2.36612296104431,2.45098400115967,1.84350156784058,1.46916484832764,0.965345561504364,1.27201795578003,1.62843251228333,2.04767227172852,2.45847392082214,2.02266955375671,1.662717461586,1.44119703769684,1.7601500749588,2.10908341407776,2.37533473968506,2.86152482032776,2.75121378898621,2.77107787132263,2.77131533622742,2.53730845451355,2.62026977539063,2.93878650665283,2.47602820396423,0.996832728385925,1.03921246528625,1.99115419387817,1.38557350635529,0,0,0,0,0,0,1.61797773838043,1.67169582843781,0,1.44111800193787,0,0,0,0,0,0,0.706080913543701,0,1.03976309299469,0,0.72984790802002,0.657755732536316,0,0.921651780605316,0,0,0,0,0,0,0,0,0,0,0,0,1.02898240089417,1.45566868782043,1.28004157543182,0.556032001972198,0,0,0,0,0,0,0,0,0,0,0,0,0,0,0,0,0,0,0,0,0,0,0,0,0,0,0,0,0,0,0,0,0,0,0,0,0,0,0,0,0,0,400
